weight logl Mphi g si norm
0.000000000000000000e+00 -1.474457867868919720e+03 6.437858623491388155e-01 5.228038166719528590e-01 9.195075055739302394e-01 9.695032192029222617e-01
0.000000000000000000e+00 -1.350163034029744722e+03 1.108780716768333896e-01 2.883418681895287827e-01 9.068992009323836312e-01 8.882496314934104076e-01
0.000000000000000000e+00 -1.267488496594031176e+03 6.479971492147000856e-01 1.411534290791254254e-01 9.184296794370833128e-01 7.832279929833751986e-01
0.000000000000000000e+00 -1.219496541224615385e+03 6.854298213470393364e-01 3.060325147697634529e-01 8.341474003388650305e-01 9.944312529738617012e-01
0.000000000000000000e+00 -1.119264878885100416e+03 8.822420334842187017e-01 2.351843053025252095e-01 8.926919459046283034e-01 7.301332464424880042e-01
0.000000000000000000e+00 -1.101154326781901318e+03 7.383080937090278351e-01 4.718638258481921977e-01 7.996977842045469576e-01 9.854891951865288879e-01
0.000000000000000000e+00 -1.088469129299514861e+03 8.971120990841447984e-01 5.384171565680859750e-01 9.643788247405312708e-01 5.456827996208122311e-01
0.000000000000000000e+00 -1.056115796331883303e+03 1.262809527838154589e-01 2.499809790229469142e-01 8.178105810904368056e-01 8.841488329986872952e-01
0.000000000000000000e+00 -1.051953180195964023e+03 8.128138651644836177e-01 8.457009956692062014e-01 8.329045313798021377e-01 8.753091670216830433e-01
0.000000000000000000e+00 -1.031142191781721976e+03 6.898523496598130134e-02 3.734667810704374036e-01 8.034408252132539952e-01 9.083717757285847405e-01
0.000000000000000000e+00 -1.013493265926927165e+03 3.804223632834735636e-02 3.213575325776648617e-01 8.175544069093776400e-01 8.455823887262507998e-01
0.000000000000000000e+00 -1.010850397731443081e+03 9.090022233365276927e-01 5.211979995054812909e-01 8.786262775098270250e-01 6.802303227996938650e-01
0.000000000000000000e+00 -9.935331220191570765e+02 1.221834153255973998e-02 1.721844139390017459e-01 8.022390934223041503e-01 8.714149194349166683e-01
0.000000000000000000e+00 -9.735613385194023977e+02 8.312286385129961097e-01 6.866164491548787385e-02 9.101054753685564602e-01 5.817964702453900516e-01
0.000000000000000000e+00 -9.621315017816256159e+02 8.664206783333491257e-01 9.014055044815664219e-01 8.142805338382322899e-01 8.593024490849442421e-01
0.000000000000000000e+00 -9.159772460883590384e+02 3.254222066350856979e-01 2.697878468882819458e-01 9.260819444645244092e-01 8.788555923918652812e-01
0.000000000000000000e+00 -8.931005879912867158e+02 8.306231288217313935e-01 3.914069984798513868e-01 8.484678064516842921e-01 6.611122578041885856e-01
0.000000000000000000e+00 -8.849932656468425876e+02 5.219259350396281416e-01 3.023345472244642895e-02 8.177505543309064873e-01 7.510870659395080251e-01
0.000000000000000000e+00 -8.754858895374087524e+02 9.763103062142294286e-01 6.636027260097520086e-01 8.294055355084920533e-01 6.931205609006140245e-01
0.000000000000000000e+00 -8.715435530471492029e+02 5.731407764205245225e-01 2.696448221882591367e-01 7.885412348453684217e-01 8.029042699765256419e-01
0.000000000000000000e+00 -8.591965357514036441e+02 6.781912669314664743e-01 5.479488791967813688e-01 9.667561711728331897e-01 4.072865854235815375e-01
0.000000000000000000e+00 -8.240340395196243435e+02 8.941663514605026064e-01 7.923052555289203935e-01 9.287596174033790897e-01 4.509600647877909374e-01
0.000000000000000000e+00 -8.054465469183564892e+02 5.121800881673945760e-01 5.393701172711061753e-01 8.482600323650520968e-01 6.683876557054307943e-01
0.000000000000000000e+00 -8.041749650207593731e+02 4.554691716485498310e-01 5.154196397214849679e-02 7.795183853291219878e-01 9.086263809678808423e-01
0.000000000000000000e+00 -7.911827131900946597e+02 8.955790038349368265e-01 1.509069562968000655e-01 7.354877503994503574e-01 8.706195091074881987e-01
0.000000000000000000e+00 -7.841028818249925507e+02 8.430142685906526490e-01 4.831973512712713914e-01 8.901260036447071755e-01 4.954627665367175027e-01
0.000000000000000000e+00 -7.600657779795454871e+02 4.700051188222014176e-01 3.833186830530430633e-01 7.998642026080844403e-01 9.241462855325068837e-01
0.000000000000000000e+00 -7.565444966524993333e+02 6.393023700650686258e-01 7.982265248688791281e-02 8.997635565957796677e-01 4.603647323408079917e-01
6.276254280752301784e-310 -7.206536879340110318e+02 1.286001482316633249e-01 9.609280174743772829e-02 8.099227199350660378e-01 6.138077244267741150e-01
6.450266675149015833e-303 -7.045057441585375955e+02 2.126459700554186316e-01 4.751080250401784610e-01 7.568962856268065531e-01 8.944773141454174237e-01
7.189328882237378473e-294 -6.836715019695919864e+02 9.823389732857878975e-01 2.625405328816882156e-01 6.909734543246968119e-01 8.882375784412357422e-01
7.841150009346677424e-288 -6.697667037300934680e+02 9.748867600478099416e-01 3.884846275846058905e-01 8.527468614045934370e-01 4.887534852500992066e-01
1.883897376745790777e-282 -6.573747359768711931e+02 5.490628002851336564e-01 5.153946542857257285e-01 7.544233528199604244e-01 7.048458074168845178e-01
1.054453262154248779e-278 -6.487422159109507902e+02 5.985325210499498061e-01 1.072598580794091871e-01 8.326159570267982479e-01 5.119310859589136786e-01
6.228380749425971824e-274 -6.377532815494408851e+02 5.595521064916153531e-02 1.265006105116728286e-02 9.399380155953696026e-01 3.297852055985354136e-01
1.186117087065158781e-271 -6.325014576376246396e+02 3.715540946398774302e-01 2.610497172933465837e-01 9.982663464387293573e-01 4.159387856338683243e-01
2.017234921350476615e-267 -6.227575745628249706e+02 6.539753341809617648e-01 7.565873617799899753e-01 7.889894521461869870e-01 7.105139903423175474e-01
3.403393258195217192e-266 -6.199294442416448874e+02 5.970019215089946707e-01 4.158711958832757016e-01 8.813228613473683692e-01 4.033712834274867376e-01
7.753435819784279683e-261 -6.075906556510171868e+02 4.067892918283244619e-01 3.963237013278674281e-01 8.837322579379908172e-01 5.231150329456498715e-01
9.955385829196476971e-259 -6.027330078476442168e+02 9.611735230057543156e-01 4.632750295464114210e-01 7.794012453815361008e-01 5.842960843886462197e-01
8.539430823479785721e-258 -6.005813420914680592e+02 6.735788728488598665e-01 6.630951462635101823e-01 6.700585924130254556e-01 8.677170965381103551e-01
1.019540351616507811e-242 -5.658628230707788589e+02 9.636627605010292807e-01 3.834415188257777052e-01 7.917250380826645895e-01 5.288949197529044799e-01
4.884821430415893444e-240 -5.596883720446978714e+02 7.914058252523756831e-01 4.862124853003703118e-01 8.918511640354059855e-01 3.540412845950932086e-01
1.855256778667424943e-237 -5.537462263842307948e+02 6.705804874734256904e-01 7.850741154578428915e-01 7.484461250483328554e-01 8.249601539985776943e-01
9.234596922496054139e-237 -5.521387925298940900e+02 3.169730129805931051e-01 4.338387922894004767e-01 8.814928782510351724e-01 6.493807341101328623e-01
4.070281156947354872e-236 -5.506529523254743026e+02 6.561579462178039890e-01 2.650660770910860942e-01 6.754365318721855527e-01 7.877376006610472547e-01
1.067041462845594987e-235 -5.496866894790409788e+02 9.028989114883313460e-01 4.532987745804155644e-01 6.293584840354283783e-01 9.134711996495828989e-01
2.070890947033800064e-235 -5.490211003860069923e+02 9.211827636062538405e-01 3.799333864150679085e-01 8.404362145433010856e-01 4.276194676323381572e-01
4.388841650314824401e-235 -5.482675139785862939e+02 3.372855043673442799e-01 5.060875614492639230e-01 9.201856348318837586e-01 7.233023864891128252e-01
6.695184910693636487e-204 -4.764625528290803800e+02 9.936720044006749353e-01 1.660191557652399563e-01 8.329896174357465100e-01 3.897031921171002500e-01
3.243327658286342692e-202 -4.725796713833056515e+02 9.226159433620290118e-01 4.098746314237260435e-01 7.413558934921582466e-01 5.507785520901085086e-01
5.760715726362846882e-202 -4.720027095160388626e+02 7.508215364244227308e-01 7.596077339307957255e-01 6.519609290422144765e-01 7.684481879831317475e-01
1.211638733415972006e-190 -4.459282763566731091e+02 5.372415910829101415e-01 2.864473294602901676e-01 6.650417804743044004e-01 7.170934348551288862e-01
2.915939733923922490e-188 -4.404423877926055297e+02 7.874476846239790717e-01 2.293267863190453504e-01 6.145239891949243471e-01 8.145942640362432430e-01
1.795458111953176976e-182 -4.271093091762443805e+02 9.658099567101019467e-01 5.343438030143108364e-01 5.853322084938958891e-01 8.769898182156795619e-01
3.315475390665014570e-182 -4.264934683619071052e+02 5.769860419162484710e-01 2.974542328070359787e-01 5.664596362328574441e-01 9.497327034392830658e-01
2.460028968082954548e-181 -4.244868111626829545e+02 3.368560253284127448e-01 1.901201605793377825e-01 9.064200279999533594e-01 4.154493115065824860e-01
3.977246170299397641e-175 -4.101883840674360044e+02 6.551315956592721479e-01 2.839952359358178802e-01 9.956212337424845682e-01 1.596494429533118486e-01
5.085469035819720556e-166 -3.892168206289446744e+02 7.431333522081001730e-01 5.465406057218372693e-01 5.534115247077371347e-01 9.105196670019976013e-01
2.075639872620947807e-165 -3.878078533218035204e+02 7.467003048633022999e-01 2.428735512072207614e-01 6.678759946219928745e-01 6.205411545670498352e-01
3.583748330854564697e-165 -3.872592135278351861e+02 2.269047958960650480e-01 6.018119120238640818e-02 5.972582781832403986e-01 8.437549773707627709e-01
1.236802277059791955e-163 -3.837154233743694931e+02 8.334275101750155956e-01 8.700760371104140356e-01 6.021370815886547545e-01 8.310949087593489937e-01
1.546370334819477102e-163 -3.834895421489616751e+02 7.864318434710894090e-01 2.169026193141483372e-01 5.885765669608282735e-01 8.064099854646621379e-01
3.400177366310681198e-159 -3.734887846455089289e+02 5.545074728123429164e-01 7.474221084758906342e-01 8.840601007003869860e-01 5.005578934720329443e-01
6.465448570030024602e-158 -3.705410547551394416e+02 8.430095035504647782e-01 8.987707104378115375e-01 9.208211904536882653e-01 2.211546575812792792e-01
6.900053273322371362e-158 -3.704734980169935739e+02 8.334209107010722706e-01 4.664115126182694082e-01 5.148062151513084217e-01 9.925815858697701888e-01
2.728753991653036777e-155 -3.644909267786615032e+02 7.590918452354745716e-01 8.840507724441372117e-01 6.974929187556383470e-01 8.688034894050213897e-01
2.417047069324234873e-152 -3.577019700155667010e+02 8.506689415018894307e-01 4.939967944799529276e-01 6.224901886002764950e-01 6.872127601528211782e-01
1.940807960480356147e-146 -3.441034016725615743e+02 2.717951312503542605e-01 3.111106856148447841e-01 8.289986881922649653e-01 4.225846763848963850e-01
2.878006266898706112e-144 -3.391017380614402441e+02 3.041915277895723690e-02 2.862238663231788660e-01 7.553469263254640742e-01 4.070627482713979894e-01
6.598058225960873507e-138 -3.244540498919005245e+02 4.405944539801280868e-01 4.593478714582481803e-01 8.830332531915547900e-01 2.865858254243198733e-01
2.009384219701486016e-135 -3.187327416936990971e+02 5.137173397600290903e-01 7.287534636552308598e-01 9.887527515150514867e-01 2.438761960437654253e-01
3.514976238434453228e-133 -3.135658670592945327e+02 7.939264342514397166e-01 8.099471284373862545e-01 5.149031915721756780e-01 9.361878728892405466e-01
3.806216820043233480e-130 -3.065760088102970258e+02 5.252455846869208411e-01 4.488428004782311076e-01 5.238545602842371585e-01 9.298014514105961137e-01
8.715627567017937259e-126 -2.965346864871646630e+02 5.043782973860690966e-01 7.351967995859042260e-01 8.287704348763702544e-01 8.126475243327834219e-01
3.040370065745672949e-125 -2.952827398403723009e+02 4.182494082805211510e-01 2.178029849335926249e-01 6.994592809077752049e-01 5.777432352963599582e-01
5.591825350919135031e-125 -2.946709133080440211e+02 3.981204656104829764e-01 4.715157645140362064e-01 7.519992161683497489e-01 5.297673195417104131e-01
3.921564804486646769e-122 -2.881154730425853927e+02 5.457322648879053828e-01 6.634448290331808051e-01 6.545966893984985768e-01 6.389280279689589781e-01
1.577993466165326392e-121 -2.867207246267232108e+02 6.752790441677740674e-01 4.516606461002709016e-01 4.934712267092402627e-01 9.204275275752447083e-01
2.329210053775320450e-118 -2.794210942521979746e+02 4.338008629258015558e-01 1.553036618073795339e-01 9.010672152329584073e-01 2.157489680922776154e-01
1.590815537779045074e-114 -2.705895362560228818e+02 7.345792567499918047e-01 6.679949632674954119e-01 4.757088297482957584e-01 9.222906086068829445e-01
1.401626032830854633e-110 -2.615033096709444749e+02 7.936032460076315465e-01 9.867357706143272678e-01 8.768064124703556228e-01 5.073539197662101374e-01
3.942004159004457540e-110 -2.604667534218448282e+02 1.777136063468676141e-02 9.734514346014712105e-01 5.444873351077699208e-01 5.718005043719931457e-02
3.932333089430904195e-110 -2.604667097744573994e+02 1.497479843815483491e-01 9.627460301242221075e-01 3.867192708841464821e-01 1.880119691260939696e-02
3.924879785374388960e-110 -2.604661069627888992e+02 4.194768874723131535e-02 9.728556838514407223e-01 7.581757665712851590e-02 2.517845983389841447e-01
3.915142353777212897e-110 -2.604660909957243575e+02 3.022547670135106168e-01 9.994099242916173464e-01 6.775168568885920894e-01 9.257499613008361994e-01
3.906406652547756020e-110 -2.604658247488734446e+02 4.170019363399171120e-01 9.637731985873621010e-01 3.788908927530248993e-01 2.416654111116184334e-01
3.898208345048547441e-110 -2.604654256367499556e+02 2.194571525422738256e-01 9.669844739801648492e-01 2.690435213866017028e-01 4.917711208983649440e-01
3.888496932969602365e-110 -2.604654199952154272e+02 3.631496302849630542e-01 9.736485665368245224e-01 3.321238321493877876e-01 4.692558391596312051e-01
3.880173449326086424e-110 -2.604650628295535739e+02 7.293989334469430652e-02 9.376554266403006599e-01 3.691669859810394749e-01 3.013691469558039682e-01
3.871348661049317425e-110 -2.604648397480642075e+02 3.452398671473089209e-01 9.318625465833594301e-01 6.855384935579795780e-01 1.436531757945410659e-01
3.861947198460846103e-110 -2.604647711737825375e+02 3.796523006948048229e-01 9.909806639106087944e-01 2.484464200011715640e-02 6.826043619957177233e-01
3.853558512385443200e-110 -2.604644456752851625e+02 3.899370348765033301e-01 9.932112259677056132e-01 3.665658865149878931e-02 8.918821609104469195e-01
3.845550440480978844e-110 -2.604640259354403042e+02 2.539933714380271379e-02 9.408714328110547864e-01 6.185209130411003509e-01 7.574133465028385359e-01
3.836978167821708371e-110 -2.604637575642838669e+02 3.178905725259234538e-01 9.684212891533306999e-01 3.566686636175651071e-01 9.869880722135493389e-01
3.827969275725430713e-110 -2.604636082382606901e+02 4.843459208424486517e-01 9.936461149340871657e-01 9.762481077208107205e-01 2.843620556845926073e-01
3.818716262062849735e-110 -2.604635283765371128e+02 6.561020023219787944e-02 9.420994483003725106e-01 2.039776812874262157e-01 5.309464152001365234e-01
3.814163293929131482e-110 -2.604622213650129083e+02 2.010673969711450626e-01 9.465713092634238102e-01 2.683529446680809061e-01 8.075897547126038578e-01
3.805871245044993754e-110 -2.604618977467903846e+02 2.541006181027524180e-01 9.249845907544067547e-01 5.601204009405580386e-01 4.123643088902025911e-01
3.797827826531109390e-110 -2.604615134069285318e+02 4.256718981170571903e-01 9.514896402252949192e-01 2.605107832165687309e-01 7.415773963562585225e-01
3.793049768541398062e-110 -2.604602723018483630e+02 4.348605427480999319e-01 9.391349882771512503e-01 9.490574552245015783e-01 4.133694944805766935e-01
3.784766685644353426e-110 -2.604599584424723844e+02 4.337341595863521970e-01 9.370148672361993114e-01 8.909242247420848804e-01 4.868453372793443146e-01
3.775555200454414018e-110 -2.604598952407692991e+02 1.822876790680413306e-01 9.308514793371167606e-01 5.937701185723920361e-01 9.560788054678396319e-01
3.768081395135307194e-110 -2.604593767274620291e+02 2.113048054195033609e-01 9.206508513967991414e-01 1.635290930972259638e-01 3.707459744976744354e-01
3.767986931760082118e-110 -2.604569017971326161e+02 3.398676533053160975e-01 8.767765186215208395e-01 7.106088159963488415e-01 7.411295624557412420e-02
3.763705514324604561e-110 -2.604555387043888004e+02 4.535739670768120790e-01 9.160415547872249320e-01 8.996410599604698355e-01 1.936620396861127302e-01
3.756013348477212581e-110 -2.604550845703767550e+02 5.353965826448988663e-01 9.800261358230821784e-01 3.407802500990814165e-01 9.239097396652995453e-01
3.749632378841331755e-110 -2.604542848827562693e+02 4.323194837646977540e-01 8.668779022126772427e-01 5.062365792875997972e-01 5.906023262919235517e-02
3.750800959441662207e-110 -2.604514732792642917e+02 2.658482321052896280e-01 9.193142746671921772e-01 2.675700654543917700e-01 8.274033646082977755e-01
3.743681822122198719e-110 -2.604508731140276154e+02 1.674500430207698232e-01 9.072240190297439222e-01 3.806246238120607472e-01 8.211627728792797454e-01
3.736266474150900129e-110 -2.604503558417436011e+02 2.599499734301217169e-01 9.143118790629102266e-01 1.225994035919524272e-01 5.450153856190910195e-01
3.728824460275091059e-110 -2.604498496597443591e+02 5.526166689484363070e-01 9.926451981276419589e-01 6.156703163475503171e-01 5.512009432618193427e-01
3.719745791573341827e-110 -2.604497873552726332e+02 4.166711944645775656e-01 9.152528059416615847e-01 3.990535279528585333e-01 7.718512575737640491e-01
3.721379030457782043e-110 -2.604468483789216862e+02 2.047805408659252313e-01 8.688378014788618042e-01 4.363211441927321577e-01 2.044327986252294505e-01
3.717243829152625957e-110 -2.604454601980874600e+02 5.428200279972680287e-01 9.382038750399804838e-01 1.715238173747234418e-01 3.266138216779977954e-01
3.708463874236194344e-110 -2.604453249448183101e+02 5.680445610939323098e-01 9.255966382926610336e-01 7.103605819788694209e-02 8.712929970154070780e-02
3.720730470273502795e-110 -2.604395226736390327e+02 3.545869947787141374e-01 8.687500046838314560e-01 6.061730598451776642e-01 2.011182865957695798e-01
3.711450069908851974e-110 -2.604395200309456300e+02 1.994659172524053670e-01 8.884534009125006904e-01 5.540575375286396209e-01 7.311991236092445501e-01
3.718596442332467830e-110 -2.604350963889830837e+02 1.197912775983142053e-01 8.893853890214777902e-01 9.765113869141059944e-01 9.810289047620766034e-01
3.769898214515304378e-110 -2.604188946833310183e+02 5.037115345431137925e-01 8.800680632618484989e-01 2.297559378374314232e-01 1.916513420954931712e-01
3.769635965134754824e-110 -2.604164642497987643e+02 5.669263277215920160e-01 9.030036304728682461e-01 4.816731322109304436e-01 8.877705693674631249e-03
3.760589927375141826e-110 -2.604163668449506872e+02 1.992118844587598137e-02 8.543044415498193267e-01 7.021035754039994803e-01 5.508622706247526812e-01
3.751581489999444721e-110 -2.604162652038787087e+02 4.128827212108626687e-01 8.427264368448678100e-01 2.769470071789537080e-01 8.614493419225266457e-02
3.787751784796289375e-110 -2.604041700391642280e+02 6.216035976126638163e-01 9.778936553853222469e-01 3.597976863212837273e-01 1.681937083277014189e-01
3.916293690163473621e-110 -2.603682969662799565e+02 4.323519617278679394e-01 8.600769805036699855e-01 5.712509426712741867e-01 6.353727685724932517e-01
3.908997408888087085e-110 -2.603676617616715703e+02 5.113116551013187072e-01 9.045033700069901039e-01 3.868008263436227834e-01 9.170308963415653158e-01
3.934513556839512735e-110 -2.603586554310051042e+02 1.155023723505118616e-01 8.063814712552381803e-01 4.567861752634611028e-01 1.191419826713260299e-01
3.945877079379405315e-110 -2.603532714291984007e+02 8.910602785968613215e-02 8.616716448762462566e-01 2.902262837504510085e-02 5.592667767575386639e-01
3.938329762720047217e-110 -2.603526859702843694e+02 2.723296130546642990e-01 7.954341371659893190e-01 4.347354802645214678e-01 2.763857504001221432e-02
3.958621147754940755e-110 -2.603450469160031275e+02 3.835987682652195474e-01 8.791020478449016462e-01 3.137455622682838730e-02 6.489215903173363165e-01
3.981276037579741970e-110 -2.603368403052557483e+02 6.478064136304118037e-02 8.424522243416313616e-01 1.657046112895347312e-01 4.766058329743635413e-01
4.097830546204809837e-110 -2.603054849870272278e+02 3.978098043100446457e-01 8.131465416073350161e-01 5.870898411046621135e-02 3.503495947059387383e-02
4.135589165303816421e-110 -2.602938128847579264e+02 2.021839744032571939e-02 8.326198455479379978e-01 7.781567509498504842e-01 8.700121482468191614e-01
4.305917999896110615e-110 -2.602509523300829528e+02 3.933102039724438725e-01 8.293434012977568548e-01 6.505782610435092428e-01 4.522387286687620245e-01
4.310243809369828165e-110 -2.602474482148091397e+02 1.825218948600255686e-01 8.507824796668379541e-01 1.286390350598203280e-01 8.697570912627637929e-01
4.430376065049158884e-110 -2.602174582146398052e+02 8.692001865595555543e-02 8.264601990154497591e-01 7.006516379910550096e-01 9.039536292304345411e-01
4.578130367746992647e-110 -2.601821519874902719e+02 5.958956497031593358e-01 9.751171259077835440e-01 9.139741793436982897e-01 3.130377170085203442e-01
4.717080233873485119e-110 -2.601497526719535358e+02 4.809970306987843003e-01 8.036785283459738638e-01 5.271377021814940278e-01 7.634018042231671686e-02
4.783324160056095521e-110 -2.601333069498467694e+02 6.588302488373354304e-01 9.702970924522770213e-01 7.967755446204117797e-01 1.207575452908715707e-02
5.021744954459088096e-110 -2.600821652118297038e+02 3.778784008600785116e-01 7.968256852964039627e-01 3.317246136758811303e-02 5.606852561179631600e-02
5.127649384283038439e-110 -2.600587953411430249e+02 4.759566923505429425e-01 7.800836310785608241e-01 1.854949263607793553e-01 2.077846669457406037e-02
5.248667620934253058e-110 -2.600329684277185720e+02 2.114433316437213106e-01 7.863846709230831733e-01 9.303984535496985231e-01 2.029922441843337033e-01
5.879021058432275069e-110 -2.599170524242352371e+02 2.428091055828761613e-01 8.158257445003661568e-01 2.709971820269075904e-01 6.962329561976616787e-01
6.334298237264618803e-110 -2.598399636534780939e+02 1.915043459081807731e-01 7.848395462216184448e-01 3.073872946200099099e-01 2.748713211178528404e-01
6.410127220677878425e-110 -2.598255635676688939e+02 3.362968389091222088e-01 8.052805669192605320e-01 8.943424389217692339e-01 5.099015048840623843e-01
6.620955724999353821e-110 -2.597907029567602422e+02 8.760973355645063076e-02 7.898326405951345830e-01 9.826525443521646475e-01 5.481182963612861725e-01
6.660797173706652243e-110 -2.597822035124830791e+02 3.450174378095407501e-01 8.109727319320531036e-01 4.093708123248751551e-01 6.327795179702087047e-01
6.718322198875819810e-110 -2.597711042350488810e+02 1.975129225379762543e-01 7.763285642228905381e-01 3.157663611287514493e-01 2.128671257865977218e-01
6.793731098857095115e-110 -2.597574423958776038e+02 2.101824458007270913e-01 8.123129050644802840e-01 2.685071993320198303e-02 4.691784378229180152e-01
6.928880517227858238e-110 -2.597352444269971556e+02 1.456462666456511679e-01 8.142964832136533326e-01 1.741985984031746426e-04 5.389898222111504378e-01
7.097967618863548427e-110 -2.597086341934187885e+02 6.523504917581078866e-01 9.959492206952594850e-01 5.492700928866003363e-01 9.787035354829256573e-01
7.635009923934331653e-110 -2.596331984471594865e+02 1.275165754432348031e-01 7.828242586124436464e-01 5.282505846906001556e-01 5.195650584860552756e-01
7.731365991921170169e-110 -2.596181571255809786e+02 4.086801920250685560e-01 7.867760869399567092e-01 4.853801050549494400e-01 3.407844486155519048e-01
8.172450692811215253e-110 -2.595601738593315986e+02 4.522962849822542708e-01 8.030217902424350296e-01 8.884437070446672413e-01 2.952725862728526884e-01
8.240462076208850900e-110 -2.595493862660652553e+02 4.943227337621712847e-01 8.273192594326611582e-01 1.720511801760649107e-01 6.772041991939468097e-01
8.692076761900971785e-110 -2.594935307919411684e+02 4.406667813100617614e-03 7.597784260752976637e-01 6.186661040808107970e-01 3.113072319798327880e-01
9.550183549860662883e-110 -2.593968823114354905e+02 3.255518874384875083e-01 7.830557319775882652e-01 2.811616279336152102e-01 2.952667371782283778e-01
9.575419566116389677e-110 -2.593917433326018909e+02 6.092854602666641917e-01 9.377220764393743302e-01 6.486766840621813746e-01 5.348799704411839606e-01
9.996437960249345429e-110 -2.593462138600608569e+02 6.374989162124522490e-02 7.755563953438842084e-01 3.933479276073201802e-01 5.370056685539151831e-01
1.221147545033805605e-109 -2.591435665652984994e+02 2.429728983265067033e-01 7.861838230795469284e-01 6.015991742125846864e-01 7.289198078603589259e-01
1.261096268001375240e-109 -2.591088761959749149e+02 2.896963867286548311e-01 7.957847822566135321e-01 4.980657403071118150e-01 8.995355439108552176e-01
1.479351757019991417e-109 -2.589467536028184895e+02 5.999376682224277779e-02 7.579203328680924612e-01 5.544800536770221333e-01 4.258452576307403259e-01
1.717581336964791192e-109 -2.587949404908700899e+02 2.199513755780957425e-01 7.625826062736541511e-01 2.815289951423491921e-01 2.976960750989088300e-01
2.199096896038087064e-109 -2.585453108183456266e+02 6.260860347411532079e-01 9.431472382736076909e-01 9.932109368777464198e-01 1.650271589700611496e-01
2.445800571620682010e-109 -2.584364850911417761e+02 2.010168697213762234e-01 7.395993321963246769e-01 6.238173121300706336e-01 1.949779561862720056e-01
2.445880790623536235e-109 -2.584339522930108615e+02 3.183104159410042877e-01 7.842333030514274661e-01 6.954346748451061266e-01 8.324671700135491959e-01
2.584920204750321050e-109 -2.583761629537146973e+02 7.050398767627663599e-01 9.915235354587750294e-01 3.113381634609603266e-01 6.884774527409333045e-01
2.604756617394865547e-109 -2.583660183508126238e+02 2.456271125616096285e-01 7.391312340073173948e-01 2.597096516263269761e-01 1.165697088110917434e-01
2.963353194301239619e-109 -2.582345361295559769e+02 2.969610360338862387e-01 7.548000696837195989e-01 5.188945483478643039e-01 2.907029773209927059e-01
5.355048540318835407e-109 -2.576403178242861713e+02 7.080465236320508948e-01 2.811671831416928669e-02 4.769344488189076747e-01 8.895426521374893980e-01
7.438969050607077539e-109 -2.573091253218534007e+02 8.490281864834429149e-01 5.982949915783741801e-04 7.789081514960014552e-01 3.014589593979999371e-01
2.052691696086406504e-108 -2.562916205452647773e+02 1.337801903763927713e-01 6.859759114238265232e-01 5.963292991078318339e-01 3.374719434560291553e-02
2.317990513062409860e-108 -2.561675718474523364e+02 5.220852900568383470e-01 7.817428912708671573e-01 4.738684027075368288e-01 2.618599783699913086e-01
3.085541151957676491e-108 -2.558790454437372262e+02 9.532191274253409841e-02 7.479208799457340850e-01 7.422969782487841561e-01 9.196240200920351437e-01
3.128251457525287282e-108 -2.558627982909495984e+02 9.307600111453554481e-01 8.288596698229733217e-02 4.702117215797196881e-01 9.028843547631810740e-01
4.300377335422851573e-108 -2.555420697283626623e+02 4.951350492126317393e-01 7.842651450622729614e-01 5.914017364381859432e-01 6.191217737881916650e-01
4.328454530684381283e-108 -2.555330619426532621e+02 3.542078648144062480e-01 7.211035929450532178e-01 7.941066124858461306e-01 1.561628700197903452e-01
6.663087855503809864e-108 -2.550991894805649736e+02 3.312916437283239812e-01 7.716413688990878539e-01 1.612373126139073909e-01 9.331435964287440044e-01
2.475514574290746704e-107 -2.537842391234270849e+02 2.727067015218306301e-01 7.445573118327325490e-01 4.159559952140799988e-01 6.887235186916170759e-01
4.407390005522263772e-107 -2.532049047278694900e+02 3.209072452111561002e-02 7.198105881440560738e-01 6.183116752657447091e-02 2.728393582859522937e-01
5.750528905606457499e-107 -2.529363955724792561e+02 7.194901384800435062e-01 1.495271822741774947e-01 9.563527301747806186e-01 1.149076228099131791e-01
1.228090930532267644e-106 -2.521751414389997024e+02 5.901596361531479262e-01 8.254824749018696561e-01 3.136941031677852321e-01 4.120544196776247947e-01
2.093821933137593322e-106 -2.516391112415214479e+02 4.707933998799875841e-01 7.530242677230244430e-01 2.881441839365250779e-01 7.644951297384565692e-01
2.201834940617695570e-106 -2.515863112370045656e+02 4.521568100402918455e-01 7.318128253584074150e-01 7.943106996060788072e-01 3.824670694097762613e-01
2.751664836273100674e-106 -2.513608961901387318e+02 3.314417480932995153e-01 7.254218981761205720e-01 1.770616251555223730e-01 2.805927525045023296e-01
3.185990569959420404e-106 -2.512118390620014736e+02 5.904009676214273528e-01 8.187932229641283755e-01 1.232147135180295949e-01 5.590961352616198310e-01
6.594480785221184538e-106 -2.504818692591266540e+02 6.798288931537951330e-01 9.217304879237070425e-01 3.325974341742066187e-01 5.856069530738625684e-01
7.872722792328841487e-106 -2.503021983399818282e+02 3.310285934859090728e-01 7.093310908889293165e-01 2.326626554508460787e-01 1.744168706770045096e-01
8.505442514888892750e-106 -2.502223960591843479e+02 7.056198062289719131e-01 9.500247786138301676e-01 6.881642425028352550e-01 2.957656450926596792e-01
1.127624783617432209e-105 -2.499379037615515813e+02 6.252681439461863500e-01 8.281407485910383670e-01 7.280536440528319053e-01 8.484871933672842870e-01
1.245365436098210766e-105 -2.498360882108362659e+02 4.184856900557112347e-01 7.388364436682108849e-01 7.429646474657111144e-01 8.756800342341376497e-01
1.782427597190452353e-105 -2.494750409668595523e+02 1.730905675701883695e-01 6.721112347048491253e-01 7.084802537599613759e-01 7.737349047267871871e-02
2.200610435977608768e-105 -2.492617824278786713e+02 1.758204486810434064e-01 7.244876111047644507e-01 8.394971971486796525e-01 7.711110266857367224e-01
9.054837470062368939e-105 -2.478447180786720878e+02 3.145538761891627511e-01 6.913829272213081190e-01 1.473982994819926784e-01 9.185621597909310321e-02
1.115277471417414085e-104 -2.476338289004174840e+02 7.849418768971067051e-01 9.745541345267288991e-01 9.988946129610565272e-02 2.371854021682171521e-01
7.822086489257931643e-104 -2.456834807942082080e+02 6.920274438768940772e-01 3.139027374638292400e-02 6.512644337875225231e-01 4.885118613796636255e-01
7.920078831690235486e-104 -2.456685309683868468e+02 8.421211987030039481e-01 1.831183086611443134e-02 6.274868429794469016e-01 5.324670157669177950e-01
7.933337325301722501e-104 -2.456643583324614042e+02 4.232337330597230052e-01 7.124106749103292779e-01 6.775476994165853251e-01 4.605269002418304058e-01
9.888324018994321240e-104 -2.454415774585702081e+02 2.118362818860530794e-02 6.973789169854857084e-01 8.668212024935109117e-01 5.135788377059777865e-01
5.409005749245244844e-102 -2.414371966458795100e+02 6.669937790207813855e-02 6.972706980067114868e-01 8.348015026932046334e-01 6.269945166083648047e-01
9.577835544680530700e-102 -2.408633103100093820e+02 8.216613775649885820e-01 9.879081474373814231e-01 7.629816076112116985e-01 6.845258267191390855e-01
2.039261327181528744e-101 -2.401050892009125164e+02 9.932906106253560630e-01 5.581893473550343376e-01 9.153775896976860116e-01 1.408693439044116369e-01
2.534335134635240617e-101 -2.398852455203401348e+02 7.638335476647175604e-01 7.975431152450556116e-01 4.886335125054492856e-01 8.875760208908498594e-01
3.031931896330172611e-101 -2.397034768427824076e+02 7.908343774206435528e-01 9.868056905941164914e-01 1.521928570714047302e-01 5.147277944897117319e-01
9.532220874477754397e-100 -2.362529140248233261e+02 7.660098867536540013e-01 9.557104366228902359e-01 5.406433960908818559e-01 1.931308362405501633e-01
2.733080925456342984e-99 -2.351970771456967952e+02 1.891481985374906527e-01 6.979716969937227455e-01 9.812420845793801139e-01 5.878785388229422759e-01
2.734386656108184256e-99 -2.351940995093296181e+02 1.606819246456671069e-01 5.007917052212820241e-01 6.557296986668775807e-01 6.555499030129485760e-01
2.912672413247183057e-99 -2.351284356478685140e+02 4.680169592879284135e-01 7.159069414071184134e-01 1.427752901303865896e-01 8.536131207389173747e-01
8.454821679506099142e-99 -2.340602697710989446e+02 1.772811572059898033e-01 6.987944108606162219e-01 2.275982829373390803e-02 7.816697855491192559e-01
5.428603517544543192e-98 -2.321982396479153863e+02 3.055723512621048021e-01 6.957980867482602694e-01 1.484564243777887205e-01 4.439285508382371237e-01
9.368903748380662740e-98 -2.316500254761937185e+02 7.756802795470827405e-01 9.540328968724731684e-01 2.443412473518313810e-02 4.322425241685047270e-01
1.021214214891816926e-97 -2.315613441506210393e+02 7.136407995409286276e-01 6.549576927576509222e-01 6.090135168285308875e-01 5.464360901164018181e-01
6.588195403804311515e-97 -2.296945570042607017e+02 5.905510142985197497e-01 8.050268439856784752e-01 5.220938251875979486e-01 6.141983128517222168e-01
1.036595793247451989e-96 -2.292388093151639055e+02 1.841837355027161616e-01 6.914442132968565691e-01 5.005693209583949033e-01 7.218650355645275241e-01
1.949240508158397562e-96 -2.286048115699957464e+02 8.246939013744822855e-01 5.123858975522985748e-01 6.546541473470031125e-01 4.612084090116892465e-01
5.944530186588630448e-96 -2.274872798833336844e+02 2.792234553054800950e-01 6.933425718192167686e-01 8.707742010177155212e-02 5.960426344813652966e-01
1.371141070796015315e-95 -2.266490229991495653e+02 6.197509085504606663e-01 2.941956748496158403e-01 7.600142273262232573e-01 2.916132000013588188e-01
1.540950808507406821e-95 -2.265297666566842167e+02 2.858301899242956523e-01 6.832602018112666764e-01 3.478514975821331845e-01 4.006796345167492612e-01
8.026298115926531110e-95 -2.248769428757850051e+02 1.473123965460930718e-01 6.835754680017144258e-01 1.788952120645604937e-01 6.719545674368883059e-01
2.345641452538273459e-94 -2.238020222926985241e+02 9.718401874685494990e-01 6.997747096540301026e-01 7.262062765073759030e-01 3.426920065703519258e-01
7.873226275288156942e-94 -2.225886132732609610e+02 1.520440225679856594e-01 5.421337836067414706e-01 9.174458512664781518e-01 4.873803946052165381e-01
8.221664280633409648e-94 -2.225428085419147237e+02 7.479200607470204432e-01 9.986858389185260254e-02 4.322593808780946789e-01 9.271451616659835970e-01
1.270200595757443998e-92 -2.198027361743182269e+02 6.212822814178246000e-01 7.492738022730042191e-01 8.184598751762820479e-01 1.675496471996721359e-01
1.391971617236653412e-92 -2.197086898399431902e+02 2.528846692079083081e-01 6.460037126708555455e-01 9.988552786219246915e-01 8.971262788714573500e-02
1.482013670275762953e-92 -2.196435092606923263e+02 8.018824489797800048e-01 9.700037288762145549e-01 7.121991997106332795e-01 7.085816281125499883e-01
4.159110664804169673e-92 -2.186091097428118815e+02 9.500472456941939647e-01 9.858347109284856247e-01 8.351101762957165997e-01 2.094005934587368500e-01
1.475781262897662744e-91 -2.173401383994098808e+02 9.290965756578465351e-01 6.917017507678868693e-01 5.795790048231345137e-01 5.854013422273800504e-01
1.625411737675136941e-91 -2.172410647580192631e+02 6.072617884329667426e-03 6.472277086273005020e-01 7.225701028420015160e-01 2.751195326272850572e-01
2.317816312395964418e-91 -2.168837004209648853e+02 3.464957471454485072e-01 6.809299183712858028e-01 2.701539674413555581e-01 4.368200060052909173e-01
6.607722741505754935e-91 -2.158335868414034451e+02 2.759040078943097996e-01 6.834657927284069068e-01 7.057336605282076292e-01 5.908857499582828021e-01
8.428195245939825428e-91 -2.155877432567205574e+02 3.140256795816731561e-01 6.821588149902503284e-01 6.039915875257295674e-02 5.817481189074407144e-01
8.076313093687118920e-90 -2.133253053576331411e+02 3.938784977852048952e-01 6.663670374064757373e-01 7.707379453183194062e-02 3.258197177760104868e-01
3.964513163847183949e-89 -2.117317726685937771e+02 7.924022844084346318e-01 9.422396555209077151e-01 7.041551630386562177e-01 9.418738714233942932e-02
2.908669662975283161e-88 -2.097363748235910634e+02 6.967380901646171854e-01 5.974600574246655693e-01 6.046565912006938159e-01 5.254838549004838821e-01
3.633892763030818320e-88 -2.095112661795641884e+02 6.242155951169578998e-01 4.807358798691760970e-01 4.700449237840164107e-01 8.154692676703402254e-01
4.881704297016554251e-88 -2.092135762396686971e+02 7.188709046080792309e-01 4.796075320420533084e-01 6.021689344654526099e-01 5.277060804218108858e-01
4.201340976360881165e-87 -2.070585817923449099e+02 6.046068840831708702e-01 5.828655672674432076e-02 8.223540186451373524e-01 2.053734436903165150e-01
9.978161760027466927e-87 -2.061910866657852353e+02 3.315418102964592384e-01 6.369894167819097897e-01 5.771732544852375968e-01 1.064338419514526679e-01
3.024805124520807431e-86 -2.050795537860054196e+02 3.985058887047496778e-01 6.836373127176571529e-01 7.550488996379687290e-01 8.354919218895291433e-01
3.157549030410801378e-86 -2.050341043504073184e+02 8.375323659638314044e-01 9.989663790828401391e-01 4.426259733501198834e-01 3.607300556127203128e-01
3.414679035240731236e-86 -2.049533169519136777e+02 4.509746217956482894e-01 6.105673848467676468e-01 8.426877618020774952e-01 3.196227229910005851e-01
5.609602713238259995e-86 -2.044544205543447219e+02 2.218783564496619176e-01 6.224129183580759950e-01 8.069115898238458096e-01 7.011462822615210921e-02
6.282476186554470072e-85 -2.020360511607855756e+02 3.725865803668483300e-01 2.829165499660868388e-02 6.852309487890947404e-01 5.372559813589166122e-01
6.365790137798114367e-85 -2.020203769985579640e+02 8.533549614425975927e-01 2.703742665411554835e-01 9.144125480857233645e-01 1.159767307587696861e-01
1.073009850524794702e-84 -2.014957626238139312e+02 7.568031659319217619e-01 7.032786128640425849e-01 4.215326539185982879e-01 9.118346413867270961e-01
1.215758504467291512e-84 -2.013683621022581747e+02 7.275440293258502722e-01 3.750911884689224207e-01 4.236857980838961701e-01 8.989553804624412781e-01
3.143635932761064926e-84 -2.004158501973849127e+02 3.099198853082001381e-01 2.553688806797870248e-01 6.527656417492664342e-01 6.569008377171751123e-01
9.795756056093263042e-83 -1.969741959384047050e+02 8.508818768190795634e-02 6.498772380186206288e-01 3.390178497726173967e-01 4.975927385236628142e-01
3.874589122196748522e-82 -1.955966204575889549e+02 4.864520390469537769e-01 4.383728736800771575e-01 5.628064321583391427e-01 7.239993532231897566e-01
1.242839420689783890e-81 -1.944285763715083988e+02 4.113252810846297347e-01 6.483774852565321600e-01 2.613774239310387992e-01 3.404103384373287078e-01
6.680840300097362159e-81 -1.927442312157318725e+02 6.610266450548902828e-01 7.750625078226777154e-01 8.318095798271980534e-01 1.391932604221334246e-01
6.102820343149986589e-80 -1.905296388801388900e+02 6.929580533637214046e-01 3.819999980792105898e-01 4.129446334458396484e-01 9.103997029776980110e-01
6.153578319952153681e-80 -1.905188561425453599e+02 4.291550527648645419e-01 6.516894699095310273e-01 1.167214805596117344e-03 8.266283138562604549e-01
6.894586993182409557e-79 -1.881000681928234428e+02 4.592166385467707501e-01 6.236072239984622456e-01 7.473663268772111623e-01 4.637859764769139970e-01
7.903755964384702290e-79 -1.879609667177911376e+02 1.167855454868808041e-01 6.634575751591142989e-01 8.505928502229035404e-01 7.684598706857278527e-01
5.635905312017611518e-78 -1.859940619164840427e+02 3.851248186849203226e-01 3.177134323002985816e-01 6.395632053199434841e-01 6.002384202278224778e-01
5.915637643364273871e-78 -1.859431204171185072e+02 7.518350895507797116e-01 9.318882423905731072e-01 5.838641407989494381e-01 8.356200968520040018e-01
2.497894677085709788e-77 -1.845001863689021775e+02 6.737260876863057080e-01 8.519329752817639267e-01 3.707498531863351321e-01 6.105139196701856452e-01
6.108184531942635232e-77 -1.836035050184041495e+02 9.372037053988666599e-01 8.682615198308242244e-01 4.795487167056118327e-01 7.373270144938667281e-01
5.100279375541417788e-76 -1.814787542060787473e+02 1.572851722213683967e-01 5.757610599436854271e-01 4.253177537832004695e-01 2.402198683831158199e-02
1.795228829379324096e-75 -1.802178319354690359e+02 7.890809070940457692e-01 4.178893665955600856e-01 7.790420534414185250e-01 2.305824745062968750e-01
2.824994294925164206e-75 -1.797619580857317203e+02 4.005476584409797258e-01 6.016184726885335232e-01 8.054580054251621046e-01 9.051487972556937489e-01
2.600670944403560477e-74 -1.775396098705618613e+02 9.368336068993111665e-01 2.385772326261008658e-01 3.995545452782076623e-01 8.946217987365789881e-01
1.350144133319362315e-73 -1.758900828926713871e+02 3.826253223954259042e-01 6.290044895303209538e-01 6.044217362605884825e-01 2.038365817474502295e-01
6.838133130697544485e-73 -1.742652794845718347e+02 4.358347381870762982e-01 5.500099018206330292e-01 9.540867493212742412e-01 4.905923274653656296e-02
2.130905025389041112e-72 -1.731261623678223600e+02 3.593467733395359076e-01 6.176047667247982487e-01 2.485980968249418277e-01 1.295614761559324979e-01
7.032710962984412997e-72 -1.719296368926270588e+02 7.669446628436951130e-01 6.390339511726002009e-01 4.939739490723823456e-01 6.783622931509704079e-01
1.788082343964044424e-71 -1.709939803294943204e+02 9.686548788535314092e-01 4.633798067220036287e-01 7.006510824274131410e-01 3.200372155345259095e-01
9.220103630982090474e-71 -1.693512377815482068e+02 3.926739805774626113e-01 6.493796129797236860e-01 7.534115966721519619e-01 5.061525021833436222e-01
1.202058491136588694e-70 -1.690835034694219416e+02 8.189446523066894468e-01 2.378018562402762770e-01 3.678570487074219741e-01 9.411108266103291875e-01
1.591921945736755182e-70 -1.688000969087019314e+02 1.084206071661200088e-01 6.210371470286786266e-01 6.208841209077109458e-01 2.618755412332924859e-01
1.687651898520064957e-70 -1.687392008122109814e+02 8.622507354817092740e-01 9.793884102338611397e-01 4.059774520921000107e-02 3.135970336337400299e-01
2.464701800809760445e-70 -1.683579681389878715e+02 9.085391261863026147e-01 7.025382395027368609e-03 4.993803997161130326e-01 6.603931634385529215e-01
1.397636521555372343e-69 -1.666201712617496753e+02 2.394216439581775546e-02 5.876851626902729331e-01 3.169095763238546359e-01 1.011819810167178257e-01
1.585649620798772117e-68 -1.641888746011192382e+02 3.917290834328235327e-01 2.829169769045074556e-01 5.498916640281086288e-01 7.378280005974483524e-01
5.884939286952659621e-68 -1.628749723557908169e+02 2.019262573856550613e-01 6.417628437643910777e-01 5.941077708198763130e-01 4.978954162481005197e-01
6.814886344670157223e-68 -1.627257593920958811e+02 5.555765507390025837e-01 4.035630809508516936e-01 1.404581544005354399e-01 6.697340780332572407e-03
8.259270411793343198e-68 -1.625310325241125327e+02 4.645187509286863303e-02 1.279276029101169554e-01 5.874633484008501272e-01 4.844902332881935170e-01
1.681801822638130103e-66 -1.595148328617275695e+02 6.130815244420954047e-01 6.927114078512620621e-01 2.526767812980135197e-02 1.224715067047353889e-01
3.043234785961375202e-66 -1.589192775698644198e+02 6.683458963071020609e-02 1.454192729353548375e-01 8.932239303765621141e-01 9.812438492541208923e-02
5.375322569755987525e-65 -1.560452949157012199e+02 6.939935635251341939e-01 6.284012703964482194e-01 4.363334120673557637e-01 7.778218181060502223e-01
6.202279463006435448e-65 -1.558996966210860933e+02 1.929844026045640648e-01 6.698178251850062104e-02 1.063712516473045433e-01 2.124611137445109321e-04
1.569077856086161454e-64 -1.549690403139084367e+02 8.697898345540853171e-01 1.352255019207604381e-02 3.616282905512308021e-01 9.135413643279370888e-01
1.878145268884310930e-64 -1.547867436771300333e+02 4.392091481167683664e-01 3.428744446192666384e-01 7.751627195739762000e-01 2.466827666755248005e-01
2.280836805857747620e-64 -1.545899860121540712e+02 3.639793794865853194e-02 6.240434567127634002e-01 7.025274570182366007e-01 4.062323997798304998e-01
1.325684773964737095e-63 -1.528275141784269806e+02 2.126418300233505754e-01 6.567617384052981677e-02 3.605930291841534796e-01 9.273922002685178745e-01
1.439302372274073702e-63 -1.527427847824051241e+02 7.516508131318219155e-01 2.137663518622030523e-01 5.567199189072259413e-01 5.215433530043949162e-01
1.824301969016912156e-63 -1.525032458837652030e+02 9.117548746269956705e-01 1.990122574723451887e-02 4.125460697325922244e-01 8.020957777848957138e-01
8.005295538775180008e-63 -1.510218400498644939e+02 2.731757351384008770e-01 5.388710160649260450e-01 2.512266841253785188e-01 1.643113262375195394e-02
8.647870089336287662e-63 -1.509421302567270686e+02 2.991314800221459569e-01 6.452124503248695131e-01 1.628731970802416162e-01 7.779806123706153320e-01
1.040691970008589629e-62 -1.507544723742302040e+02 4.381776219768436231e-01 4.431829147801832347e-01 7.121749330659989941e-01 1.432984704401973897e-02
3.637204722798742436e-62 -1.495006427685701738e+02 6.931209392601096475e-01 1.711028409412573836e-02 3.907556046571351027e-01 8.395490992578474865e-01
6.688623558430936543e-62 -1.488889501150623857e+02 8.489377548576778620e-01 1.420334767714226398e-02 1.040250377142419858e-01 5.842958987631097223e-03
1.731053504178430431e-61 -1.479355429437954683e+02 9.664206316542977016e-01 5.813580032206341341e-01 9.618964823423709065e-01 2.877998698518569043e-02
3.952117810702626129e-61 -1.471075215390741562e+02 6.507686004325411444e-01 2.484764543354799349e-01 2.630387995807289547e-01 6.156165262825363804e-03
1.765960005734292419e-60 -1.456079935808061236e+02 8.248579638527595570e-01 5.061830542512050224e-01 8.477757832199747101e-01 1.248101317540397659e-01
7.563881447936841904e-60 -1.441508035584456309e+02 4.201464987564164089e-01 2.971840853824403439e-03 3.344027652895311675e-01 1.770637449440526368e-02
3.455104348888956975e-59 -1.426292502838809355e+02 4.872217998941167361e-01 3.717369683424691651e-01 6.319989847132994054e-01 2.073893028501905267e-02
4.979564998644974833e-59 -1.422612604053761629e+02 7.586079502199025715e-01 1.372510375723458020e-01 4.086413464446549959e-01 7.832289612717741045e-01
2.304712430600911837e-58 -1.407265619402266168e+02 8.594598474980091884e-01 8.823996911883099648e-01 8.657942734402974683e-01 9.080210192817239623e-03
1.150307266335758447e-57 -1.391164036621349283e+02 3.591791452245657323e-01 6.264686150522319474e-01 7.993267247978852463e-02 8.078856270570783371e-01
3.661718682912345467e-57 -1.379560001342520650e+02 2.032533002755309015e-01 1.954823168432684444e-01 2.859395861341026412e-01 1.128260176727446940e-02
8.481382637279274253e-57 -1.371135592735776356e+02 3.114824274956882189e-01 6.593230974100424691e-01 7.102479511540723545e-01 9.355734023045263470e-01
2.516204215026994588e-56 -1.360235961618564033e+02 7.006846750325872453e-01 7.574340912350626676e-01 8.609330015147340642e-01 4.347273703133958112e-02
5.649242711860824418e-56 -1.352123261610695693e+02 8.283811728187067125e-01 7.665837311280743194e-02 5.113752454078538401e-01 5.696420050071603347e-01
2.787954929356600596e-55 -1.336134542441249948e+02 9.185220506151077213e-01 7.811065077050234340e-01 4.578982598648702051e-01 6.658209986169247863e-01
7.195147433309834217e-55 -1.326628557397437476e+02 4.054977051855727099e-01 6.171326732398704218e-01 7.393934676950106866e-01 4.593271376248266868e-01
7.517502736546645982e-55 -1.326165285710476667e+02 8.185125185885925303e-01 2.072795931772559719e-01 8.800969410153006711e-01 3.333591828977855442e-03
9.274479152700739175e-55 -1.324039961200780056e+02 9.287360879610168096e-01 1.691333021578589335e-01 7.431705037328095731e-01 2.187828833898033398e-01
1.359757984146587264e-54 -1.320188707468785196e+02 2.476206216034381180e-01 3.045887432433048714e-01 5.159349447312806536e-01 6.189614620709240622e-01
1.227887785447773740e-53 -1.298157969393425333e+02 7.124441499553616497e-01 9.310601229187975836e-02 2.597296409676149720e-01 1.865972294933793130e-02
1.304258377926073228e-53 -1.297529577985054061e+02 6.501978395198976246e-01 2.627374348007343041e-01 5.977967746278995964e-01 4.145738297973828868e-01
3.002026227371848472e-53 -1.289168049151575985e+02 6.679132332535986372e-02 6.102933585528244054e-01 3.138626487748379379e-01 5.005903181952637837e-01
1.345006059041131506e-52 -1.274146087740625717e+02 6.270530192546641679e-01 7.414795103061679882e-01 4.232670623464214188e-01 9.570838288114815740e-01
8.744910845307119480e-52 -1.255400353784843617e+02 1.232206549357856007e-01 6.059225092285472902e-01 4.150278989533781049e-01 3.551489295298330129e-01
1.020295770448621372e-51 -1.253833296426846857e+02 8.248330772505525488e-01 8.426751045865715772e-01 1.026356430531936148e-01 4.788045158371889709e-02
1.260356346606285227e-51 -1.251695277032297327e+02 1.097891036409494037e-01 4.797014973873434673e-01 6.534613217597450285e-01 4.081862449732622800e-01
2.432912513148795338e-51 -1.245093330942468981e+02 4.661532649712678555e-01 5.506928928269214651e-01 8.205846166521424401e-03 1.869187896550792427e-01
8.940294196669912571e-51 -1.232053537024265779e+02 7.574936401354052107e-01 4.713154529250500602e-01 4.895966303431498190e-01 1.659075245860597292e-02
9.044073213529094207e-51 -1.231913125493327641e+02 8.427493484805582691e-01 5.293339215303010103e-01 7.315360553526494281e-01 2.201165522765073934e-01
1.501117238709944901e-50 -1.226821274493117073e+02 3.337734690517967229e-01 2.654816239824597801e-01 8.850831259378717508e-01 1.482930056943988495e-01
1.909897615509941269e-50 -1.224387874698047085e+02 9.574773189889901337e-01 3.460518589205352491e-02 7.753515576302966172e-01 1.697818703627561598e-01
5.772939961343503585e-50 -1.213301556298625599e+02 3.505286698548704116e-01 1.889209010211810869e-01 5.199579618337243359e-01 7.814701321512335097e-01
1.549826010233695920e-49 -1.203401093398190227e+02 7.548381499313008280e-01 6.602195757411186694e-01 8.773701458128218000e-01 2.060736805256480064e-02
2.658111817362681451e-49 -1.197981359853483951e+02 7.247837414062432426e-01 5.080330934568666468e-01 3.516213285414520051e-01 8.272268616994075119e-01
4.659160768937412860e-49 -1.192344166735711184e+02 2.285799964261492345e-02 6.078032873059194818e-01 2.081789867145967809e-01 7.868531771964619725e-01
8.336128467225496823e-49 -1.186501531169596149e+02 9.843597124135028409e-02 3.392693797779465781e-01 8.286817741958235617e-01 1.355496333441386092e-02
8.826142998586236696e-49 -1.185905339003013808e+02 4.198550822100522995e-01 5.973862084821633944e-01 2.385790243867487170e-01 9.006174313053710856e-01
1.509218564323609089e-48 -1.180515749101899559e+02 1.234952253538749156e-01 1.070425914245362042e-01 4.947647134100940924e-01 5.620653174867871193e-01
1.688174095949098171e-48 -1.179370193917272616e+02 3.123248642089837546e-01 3.195621032690455499e-01 4.749041632820898418e-01 2.381061133357742499e-02
1.704339371446918695e-48 -1.179249893497689925e+02 1.036159475289301080e-01 5.904376913690223549e-01 4.390764346279382169e-01 2.402594249435804352e-01
1.952193347693658317e-48 -1.177867133858350854e+02 1.434201323325903221e-01 4.600676681682388525e-01 3.777272410264767011e-01 8.280829140150688383e-01
2.158689911481360521e-47 -1.153810803117746957e+02 8.853492623912107007e-01 6.265406409616423034e-01 5.497292361893071355e-01 1.984236584494436517e-02
3.211453693252757652e-47 -1.149813581284276154e+02 3.522384258810328239e-01 9.941148186625214933e-02 5.623959725085319050e-01 6.489366002568316416e-01
7.328965351055012148e-47 -1.141537474737164928e+02 9.755635808687727062e-01 1.053097670846927514e-01 4.419477174369185191e-01 6.464276910778128382e-01
7.863077363570720054e-47 -1.140809037751001540e+02 4.094307073760061755e-02 3.754366033135069225e-01 1.663137726082494217e-01 3.767620999592768971e-02
3.222422129412179210e-46 -1.126678634431169996e+02 2.368581873105615188e-01 1.904486152538131805e-02 8.316692882739361581e-01 1.335759431803207331e-01
9.633077624932138685e-46 -1.115702939720319478e+02 6.304215378871178554e-01 4.563036626631685744e-01 8.249973113820684434e-01 8.283250534451902514e-02
1.012699254315803753e-45 -1.115177923459881271e+02 3.871392072515226213e-01 1.599422722163512667e-02 4.044999673973891374e-01 8.756718283770423827e-01
1.811119760344014292e-45 -1.109339663348960272e+02 2.856861636581345953e-01 1.348700071392863187e-01 3.812394491737747249e-01 8.535629317619634060e-01
2.763194506756743070e-45 -1.105090242006034913e+02 4.787973721958078688e-01 1.257116307172496672e-01 4.999673629648904161e-02 1.022456297278947490e-01
8.124712560394434507e-45 -1.094280012906034045e+02 1.627713603029946610e-01 3.394071282196123862e-01 1.348076069392822873e-01 4.491607815105258528e-02
1.329297899678637748e-44 -1.089331756401475673e+02 1.491036804618308675e-01 1.915817114335659488e-01 4.920861035941443973e-01 5.457283227257000435e-01
1.710840939709434145e-44 -1.086783415207776926e+02 1.845608657588153623e-01 6.055063444341528545e-01 1.324999283953195439e-01 7.882877652723159212e-01
1.850220317069308573e-44 -1.085975218257098618e+02 1.553555883889419231e-01 3.703174474921162584e-01 7.398104370755441694e-01 2.026170187991371829e-02
2.015436072975055195e-44 -1.085094909626453727e+02 9.470746090360071534e-02 5.196158625251789953e-01 1.724334502564484062e-03 9.330294448807063823e-02
2.985073258761897515e-44 -1.081142022591749452e+02 6.449372935917493388e-01 2.334743957360058131e-01 7.222073068855253686e-01 2.067441605203017563e-01
4.119647850923707217e-44 -1.077895588613855153e+02 6.071713118880168736e-01 2.514641622681983435e-01 2.337875885123793518e-01 5.680124194276570115e-02
5.285396403257667431e-44 -1.075378789261609427e+02 9.000442042678896692e-01 1.782199459274228515e-01 4.522544121993692379e-01 6.110632758175699175e-01
5.545158078942741604e-44 -1.074874014192455576e+02 2.098855165442914394e-02 6.236171689691279996e-01 8.568780339821097103e-01 6.725243793576304308e-01
7.756350561207376973e-44 -1.071493146129465401e+02 7.332200831266079133e-01 4.702557091039978321e-01 7.077261206282470241e-02 5.240548668812872180e-02
8.752091774893580240e-44 -1.070260338162300684e+02 6.406094857078757920e-01 6.482857456343636970e-01 1.084126847936410787e-01 6.953649902986047682e-02
1.192861806111031517e-43 -1.067138861559086536e+02 1.068785285409612484e-02 2.816997668035050584e-01 7.546712645841107125e-01 2.230092101617542344e-02
2.795213250215518023e-43 -1.058598330542905472e+02 9.920187942318459129e-01 3.372740677761983941e-01 3.892027943583058480e-01 7.160732745915577846e-01
3.860783269274840641e-43 -1.055343713726304884e+02 3.225369048595472243e-02 1.783188229810742653e-01 2.638292753535704804e-01 9.106637348697976808e-01
4.944962665154727345e-43 -1.052843720399961995e+02 8.363977031907978699e-01 1.631251839519770597e-01 2.603342458087821720e-01 4.235583193327219220e-02
5.564028033607742282e-43 -1.051639191425835520e+02 8.254310386401164656e-02 4.973297510008932720e-01 8.352807346111381648e-01 1.945821323894243449e-01
1.105903164153186458e-42 -1.044744940177772747e+02 4.684419267821522403e-01 1.569101857042415338e-01 4.656309850093935943e-01 7.270446495485232141e-01
1.187900709414868301e-42 -1.044004687225150434e+02 7.810626335979568013e-01 7.852272385336221960e-01 2.869162205727764370e-01 9.693281189778300000e-01
1.353880266522496555e-42 -1.042671816209007147e+02 5.544683161302299546e-02 3.012922744693289356e-01 2.448909129808625185e-01 9.293490406047258956e-01
1.781273127621587600e-42 -1.039903280131506165e+02 2.769642832459758841e-01 9.107252295691159460e-02 2.382662145347939076e-01 9.992336943394457549e-01
2.280368060636701714e-42 -1.037408195019873318e+02 3.505992425089206055e-01 2.346404200564512488e-01 7.118377211908500923e-01 3.478803578532457808e-01
2.379553166327459015e-42 -1.036957436372125869e+02 9.875256010127939632e-01 2.890350796585443582e-01 7.201467659741515037e-01 2.047353941073114525e-01
2.849468644119692173e-42 -1.035130238257904693e+02 2.258884622263296338e-01 6.241252758034327996e-01 5.675766638637361750e-01 5.985954078619764029e-01
4.061230897831482117e-42 -1.031561702575584292e+02 4.936598710179789240e-01 7.074890372770759051e-02 7.984470075745936368e-01 7.275948827185463319e-02
5.233339130724038269e-42 -1.029001068305618531e+02 7.307531277827113980e-01 3.505544239933467976e-01 2.640332499671375066e-01 9.035841532107267149e-01
6.139473724851951218e-42 -1.027379173361083673e+02 2.953130472091199943e-01 3.112837437988276168e-01 8.301611432785815925e-01 1.924675781779403572e-01
7.499869946176818586e-42 -1.025352706821469013e+02 8.976622185588146730e-01 8.859068062173460767e-01 2.753776054115665284e-01 9.746128073884456899e-01
7.800157723269223556e-42 -1.024935124076060049e+02 9.613450414515083420e-01 1.990783505594083680e-01 1.195595621049763135e-01 5.524584270581756051e-02
8.215340080207858862e-42 -1.024391532139276677e+02 6.266075854300823256e-02 3.307246454431747029e-01 5.986433058679767605e-01 3.632843959520772881e-01
9.254875541215215569e-42 -1.023175058638287283e+02 6.052946911430302501e-01 3.569667978972120848e-01 2.478931060748618131e-01 9.457092857920255113e-01
1.118354034298157127e-41 -1.021257132769010241e+02 5.768211295480241141e-01 2.942783281250477279e-01 3.956918031106405609e-01 7.253748373982479292e-01
1.347020670560175494e-41 -1.019371760260970774e+02 9.735370671741486737e-01 2.140486098676281923e-01 4.604852226230228274e-01 5.824277828593376061e-01
3.255549473034552569e-41 -1.010522101987011183e+02 5.463415337416901441e-01 4.200677159031568353e-01 6.726986072278845485e-01 5.524639566019162729e-02
7.451727790168246016e-41 -1.002216253453890147e+02 1.869316552784855423e-01 1.080110369586936292e-01 1.158887067621505729e-01 5.884712222603349918e-02
8.451800044243213513e-41 -1.000931918273647341e+02 3.406203927066019377e-01 2.843471326851542136e-01 4.457415553258498031e-01 4.623199586307391584e-02
1.044929704788559579e-40 -9.987853656103170863e+01 6.142564817089557483e-02 1.293960796639801458e-01 2.179867541032413092e-01 5.116489111620825536e-02
1.278535618586341818e-40 -9.967427080101130343e+01 2.259199511201148702e-01 5.413936565597003980e-01 8.850849243666510935e-01 3.387831233380659279e-01
1.636240504560886693e-40 -9.942508494098717620e+01 7.896650982650693651e-01 2.123963913401053505e-01 6.992679618834507504e-01 2.900125431376443519e-02
3.127913532368419746e-40 -9.877461999684470584e+01 9.570388630124433416e-01 9.932669606796871165e-01 5.520083058634368545e-01 4.787758299448611199e-01
5.805773906716925949e-40 -9.815363325251317406e+01 1.722047677793259179e-02 5.626845327527414398e-01 4.575907853568816908e-02 3.693523081175772438e-01
6.335201498493834675e-40 -9.806386455559234605e+01 3.942902766458880048e-01 4.967817174647255474e-01 3.825293179160816903e-01 9.888341316764801547e-01
7.671802650971779703e-40 -9.786993456207380859e+01 1.105340052787333605e-01 2.398190179864458926e-01 1.580391934355351857e-01 9.737830692661187948e-01
9.249882060766281370e-40 -9.768037537478534205e+01 7.939865274784848603e-01 6.000155856102237228e-01 1.053158162842828816e-01 9.800918164011710454e-01
1.324581930828455634e-39 -9.731880419729992582e+01 8.565821852407461412e-01 8.472755234888849074e-01 3.212197961992678819e-01 8.566879599162955383e-01
1.594874218534499411e-39 -9.713060620977269366e+01 5.433651802078847126e-01 1.065174311797714157e-01 3.343184471463503948e-01 6.158670052191694833e-02
2.754398694805113990e-39 -9.658170192386300812e+01 8.795023736093372513e-01 9.646387383528514103e-01 2.250490171635449732e-01 2.804416917751174632e-01
1.101677092390879441e-38 -9.519298234186979357e+01 7.473257962241030006e-01 8.622661616702845810e-01 4.808658175567679383e-01 3.755439541590183117e-01
1.566845098673390127e-38 -9.483825188372000525e+01 4.052478368833857258e-01 2.912425111607380712e-01 4.157314344314724242e-01 9.297659039715167051e-02
2.850518463767307944e-38 -9.423731509520588645e+01 9.748346710043119812e-01 5.649788859529211171e-01 7.594890500401947353e-01 1.421797364036287981e-01
3.041906808444662479e-38 -9.416983143164733860e+01 3.797119735958259801e-01 5.606408682003153343e-01 7.537586208123043807e-01 1.509651742180060374e-01
3.948222892203555638e-38 -9.390655041308349382e+01 6.224387713469827776e-01 4.272450749689138405e-01 6.238885828622953156e-02 9.639618008252144321e-01
4.156564471068937098e-38 -9.385262710528101593e+01 5.700463158747319792e-01 6.992201204265054981e-01 1.946202781271085813e-01 9.255294444034658508e-01
5.014589369593124516e-38 -9.366246445243142205e+01 9.844102364750229039e-02 2.031087560995538110e-01 7.578201335452039444e-01 1.429851046628725086e-01
6.402027469534374073e-38 -9.341570125774053679e+01 7.047343870540514477e-01 7.591696558939874384e-01 7.012393569636294899e-01 1.650915993919407354e-01
1.278335648847555018e-37 -9.272167193955533548e+01 6.811186757112770440e-01 2.013271382743886395e-01 7.715888639158102746e-01 4.205524388182846351e-02
2.796619681332939355e-37 -9.193631946586585002e+01 9.349523816916595065e-01 4.996376073469044332e-02 5.332755913434948924e-01 4.135092803957918228e-02
3.252798877303116676e-37 -9.178271507831478004e+01 7.347334562110056089e-01 3.049868247072606842e-01 3.541810918678061082e-01 7.295447043005699461e-01
5.286772581383497276e-37 -9.129452293541130814e+01 8.116374099232134265e-01 8.914692808928936785e-02 4.870364407872354029e-01 4.440152643604233784e-02
5.414617213137562699e-37 -9.126812870919917486e+01 8.758644516993613349e-01 2.648607245820788769e-01 3.152501025967642256e-01 7.844195390849003635e-01
7.306449340540501803e-37 -9.096597346762864333e+01 2.769897466249613416e-01 3.236012064113075182e-01 2.963641962611526237e-01 5.773569234897169000e-02
1.297840085665856689e-36 -9.038894439393828861e+01 6.419064258859785710e-02 3.368458435826116038e-01 5.243993596907698951e-01 4.504412223269709248e-01
2.403604095459980509e-36 -8.977017648670276628e+01 5.575471299895214949e-01 1.210600682005273931e-01 3.916066225069739781e-01 6.964551204422212427e-01
2.399090701406433365e-36 -8.976955601291591336e+01 1.503424538936591892e-01 6.322339466463881008e-01 9.766531369201069124e-01 7.448773288931713754e-01
4.868154697216825633e-36 -8.905943085105148782e+01 8.147966215850457328e-01 6.979968132560649963e-01 1.276536646113590745e-01 9.343768832138128477e-01
4.978283814700789865e-36 -8.903456058794373007e+01 9.027627076263339267e-01 6.119069829308211306e-01 2.237325632896933758e-01 8.824086103408693704e-01
5.312989254721594176e-36 -8.896699117904832121e+01 9.269042794782897943e-01 8.759984911211369241e-01 2.420382901959752253e-01 9.092508376985597440e-01
7.684106313896546150e-36 -8.859549172350502033e+01 3.004931854209358377e-03 6.135894733462621264e-01 6.032990306760138699e-01 8.340268745732035693e-01
7.681884286236250398e-36 -8.859328093722818664e+01 5.974599631128804100e-01 3.964786534388343719e-01 4.093638542008906089e-01 6.459205777572407658e-01
8.675366813661430870e-36 -8.846915819513024815e+01 2.720961518608346896e-01 3.687853857235110500e-01 3.931539369022785113e-01 5.397409573604394772e-02
1.110178784272716251e-35 -8.822003964180402136e+01 4.487852020486291504e-01 2.294256142278187083e-01 5.038423157017546394e-02 1.900064340927758444e-01
1.179685980656938402e-35 -8.815681242609620938e+01 7.660905065317287210e-01 3.228263785216967108e-01 5.575148355927456167e-01 4.442362955318035489e-02
1.534292529943953160e-35 -8.789149132881985338e+01 6.487576534244262616e-01 6.742529017223758414e-01 7.053412031369830082e-01 7.571832555535784604e-02
1.845203889620994138e-35 -8.770447093040428399e+01 3.494218269756104167e-01 1.428546329485839150e-01 3.511728244882650340e-02 8.975210015630761262e-01
2.191035772756916550e-35 -8.753018632345380468e+01 3.888854194954902699e-01 3.169476377190764138e-01 4.393696396609465538e-01 7.574125466283050390e-01
3.866822217669937915e-35 -8.695962767372793678e+01 3.478259651813053743e-02 9.143050158927346072e-02 5.644690535256868813e-02 9.075258082906489943e-02
3.902529344175733248e-35 -8.694793581836401586e+01 4.670890928696709299e-01 5.903027538369621796e-01 1.284644384372903847e-01 5.988820718643201868e-01
3.903457230794971553e-35 -8.694519808118251092e+01 1.722034788304014352e-01 2.402168630459720067e-01 1.477490752189799528e-01 9.174251863880706903e-01
4.343981834934156866e-35 -8.683576931009284294e+01 4.072347566001051078e-01 7.891911914883298351e-02 5.631553769665177400e-01 4.654163742079504562e-01
5.310809811380510002e-35 -8.663231638059356499e+01 8.062294816214733428e-01 6.961686277066927442e-01 5.836717828910522599e-01 3.524754994192984547e-01
5.379233151342939055e-35 -8.661701488398149706e+01 7.926870503133244261e-01 3.647041125535294137e-01 5.838821316585145471e-01 4.460635120373201978e-02
5.383077894794140678e-35 -8.661380040107940204e+01 8.637441611139263786e-01 4.832293695476327366e-01 5.162001624773615571e-02 9.101450503161360173e-01
6.354455223873821924e-35 -8.644540453412054148e+01 1.964751816744768620e-01 4.917765813515142526e-01 3.628121576086259514e-01 8.251213117484725856e-01
1.091512554513697278e-34 -8.590191121906104854e+01 9.781014217265303623e-01 3.601037872318582078e-01 1.445901071081518996e-01 7.818102638700064055e-02
1.212854943834738079e-34 -8.579399857990307510e+01 8.070600821520793611e-01 9.695618133984451603e-03 2.574803139313127653e-01 8.343001703981401951e-01
1.475097434404629163e-34 -8.559575157324312045e+01 6.879819399831481608e-01 6.478754232049005468e-01 4.077680527308443770e-01 6.484480184491523413e-01
1.899961333673081143e-34 -8.534014208280976277e+01 6.903473531299573196e-01 1.946435280733260775e-02 3.790467185227353042e-05 8.490504433077790125e-01
2.080549667010553471e-34 -8.524684349628893187e+01 4.741616427187790306e-01 1.586697402079592090e-01 1.581112628368157580e-01 1.497370217332545383e-01
2.184528885180710641e-34 -8.519557542596660937e+01 8.837194465554546463e-01 7.578599969138130055e-01 3.536020415227446589e-01 7.080643336218668260e-01
2.202552389397154494e-34 -8.518485875319896650e+01 1.924606554705177164e-01 6.113771505688371244e-01 7.607932902798335562e-01 4.384822209499695811e-01
3.523572410064184883e-34 -8.471250025389579719e+01 2.079312533813172381e-01 2.275239803040866038e-01 2.217643050541681093e-01 8.689026677176533431e-01
3.903329572413436068e-34 -8.460764569265056423e+01 2.369653139353700144e-02 4.284453859113457330e-01 1.208132891416836552e-01 9.204302601445293330e-01
3.893870738464966947e-34 -8.460757190673029982e+01 4.060133580593674463e-01 4.055153068156510665e-01 6.607865059496013105e-01 2.746670994917302933e-01
6.772564555006971145e-34 -8.405159579121337288e+01 2.808870234634163188e-01 2.808817706250126278e-01 1.284409862387977386e-01 9.278918672876247387e-01
8.096092699684433744e-34 -8.387059405553729619e+01 2.066566591701692879e-01 6.048883212533027187e-01 4.068282357803781890e-01 5.470513132876239082e-01
1.123333926641945510e-33 -8.354058954121872205e+01 9.140879447216849751e-01 4.432609732303622874e-01 3.865543565912232804e-02 8.645829827540438828e-01
1.421806687501830022e-33 -8.330246214703437602e+01 9.450666720861001791e-01 2.565077634390673378e-01 7.373096758239212622e-01 5.231223049313293849e-02
1.694088644205864563e-33 -8.312474560188310591e+01 8.957628024482512386e-01 1.124630422252995698e-01 3.822115957981593315e-01 6.553655205517732174e-01
1.691382401407445107e-33 -8.312384434151985602e+01 3.711586688511191445e-01 3.048856810386174621e-01 5.876399227247626200e-01 4.924447704717096475e-01
1.800768632121750340e-33 -8.305867693348128000e+01 6.201056584767882240e-01 5.622539152639688398e-01 9.000014539808143255e-03 1.404691578994372581e-01
1.825019166340840255e-33 -8.304280003599876636e+01 3.717783665246030544e-01 2.334140498293281185e-01 2.791150848418572084e-01 1.077931922107746576e-01
1.857998251761089513e-33 -8.302239082561658279e+01 1.554635804089571360e-01 5.623477521841070415e-01 7.029151223920337976e-01 1.236737081260558258e-01
2.115716288087513313e-33 -8.288999709942976324e+01 9.896126317417075491e-01 3.297970022967630088e-01 5.848839462241206544e-02 8.756582789789472132e-01
2.356592486578571769e-33 -8.277967381103701427e+01 9.886362577330987111e-02 1.969667662738178171e-01 6.745019008143732231e-01 2.225382827671629205e-01
3.580243211322579636e-33 -8.235895979085397300e+01 1.108294692757016975e-02 5.515599711955863071e-01 4.910443091481497824e-02 7.609037838895217343e-01
4.236502093518951764e-33 -8.218815257426399512e+01 3.983827045117998011e-01 1.393126093649745822e-01 2.907365884575714432e-01 9.439325323640714860e-01
4.242375551226439406e-33 -8.218426714121659415e+01 1.674364099554734864e-01 3.088133991886909957e-01 5.973374217600738723e-01 3.239419331078742248e-01
4.859782324507410625e-33 -8.204589687736931580e+01 7.155623294554332992e-01 3.291449045415691943e-01 3.207479146177565354e-01 7.474296237425039902e-01
6.194558844283764837e-33 -8.180071922411367780e+01 3.511149111564798586e-01 5.775305298422658273e-01 6.228241093139910145e-01 2.153186772493324019e-01
6.783716951753265990e-33 -8.170736535037720216e+01 1.286966139775198581e-01 3.503251855928996017e-01 2.526999344534657244e-01 7.275408464559052213e-02
7.050140519911698141e-33 -8.166634297655474484e+01 2.713578683157802374e-01 1.204636823949741808e-01 5.704588841054641923e-01 4.634595659093074804e-01
7.142084503419163393e-33 -8.165088584408188410e+01 6.895190856651968181e-01 8.890874923818570252e-03 8.545101147931011276e-02 8.869655180388918980e-01
8.403112744960071140e-33 -8.148578832299938313e+01 1.953990658514709322e-01 5.326915394363864742e-01 1.834447463010058232e-02 8.698869166293942135e-01
9.161232232267172972e-33 -8.139690983227076515e+01 7.597446455964551593e-01 4.105918701865250986e-01 4.237728506063276335e-01 5.850488299216948240e-01
9.285923085631490779e-33 -8.138089091835020383e+01 6.700075819648415587e-01 7.812360560090831907e-01 8.580040492647189598e-02 4.427027432762558057e-01
1.030038411186143669e-32 -8.127470933812867315e+01 8.349251722536875642e-01 8.066974372218312928e-01 2.417327106586156793e-01 8.127809117861695132e-02
1.153241684745128316e-32 -8.115922859893834129e+01 5.007257663486318622e-01 3.449520945142404704e-01 4.827401714061290150e-01 5.627907706119301690e-01
1.954768029760653326e-32 -8.062903390054520969e+01 7.321085081372861181e-01 5.656864706256917730e-01 1.971248259081992416e-02 8.135662745969335363e-01
2.456392560792804458e-32 -8.039811159711999267e+01 2.605566899860384256e-01 6.013822501588751424e-01 9.827855371918788885e-01 2.126945000420409349e-01
2.560504068649912933e-32 -8.035410129116337430e+01 5.478639555032406294e-01 2.229607717374479936e-01 6.785234110814167829e-01 9.562741837404398204e-02
3.513736972451064167e-32 -8.003512529644817164e+01 6.668840807412667049e-01 5.461869556827405603e-01 3.261606792531227539e-01 6.772541997215075771e-02
5.494190830582935448e-32 -7.958561411065709024e+01 3.576774349036138112e-01 3.908062949760231497e-01 1.284376554699681039e-01 9.602773396951667095e-01
7.011171455673292075e-32 -7.933930063292484647e+01 8.865692357165836368e-01 2.696666534535873128e-01 3.994136267095510506e-01 6.164925510386319862e-01
8.122058500416350023e-32 -7.918972180013973627e+01 3.053209044090189339e-01 1.728209330927155118e-02 5.413559818832469617e-02 8.678690085968752133e-01
1.400230277099340529e-31 -7.864258363235690297e+01 8.031170431348129135e-01 8.597842617849253966e-01 3.963382516067369687e-01 7.492410250271364092e-01
1.763083186218140205e-31 -7.840965625232337288e+01 5.894181641109904612e-01 1.714437848548953092e-01 4.231647958140098975e-01 5.912014440984694197e-01
2.154851230628690154e-31 -7.820649865243288446e+01 4.610787684922977858e-01 2.344135325345045873e-01 3.141402764257975599e-01 9.078707074043564917e-01
2.218285162079015589e-31 -7.817498589121717600e+01 5.564669956892794866e-01 5.334326142383857272e-01 3.554577382225564408e-01 7.517332520732588064e-01
2.359799427681860040e-31 -7.811064371193914724e+01 5.293616889104929557e-01 3.977479928607176030e-01 5.793183289889571874e-01 3.131680688267711732e-01
2.822559014327187610e-31 -7.792907641374101502e+01 1.786246617002551496e-02 2.192245696660610754e-02 2.225167359610993323e-01 8.297360571457369494e-01
2.826076843930317161e-31 -7.792533086343605930e+01 1.380106663828012392e-01 4.539251796834823383e-01 2.275259049574729353e-02 8.147790177319592653e-01
3.074473536324463559e-31 -7.783858666019314398e+01 4.836122568272966937e-01 8.170961124988618263e-02 6.024692428364256669e-01 3.512297930762201537e-01
3.387326144341381435e-31 -7.773917947690944175e+01 8.341632216666237110e-01 8.207631716723411408e-01 6.943649727353964352e-01 1.775101265776060089e-01
3.493155995062356271e-31 -7.770591471493057156e+01 9.348043409119070057e-01 1.192160188759725514e-01 9.919434909316282578e-02 8.594844943839402562e-01
4.355098742983768657e-31 -7.748287305557209947e+01 4.570035747843942397e-01 5.733720094906813447e-01 5.772289202041503975e-01 4.540957969047092480e-01
4.600657976247266927e-31 -7.742552100751389332e+01 4.307704778328017570e-01 3.605146797417122517e-01 3.181461884156435715e-01 1.687072635123374464e-01
5.101076783273740751e-31 -7.731976868767468147e+01 3.498361290592290063e-01 5.291385246278760279e-01 4.524298645551483311e-02 6.333471534604451225e-01
5.291779038660133142e-31 -7.728056584755708514e+01 7.064830146639128339e-01 1.477424649402112600e-01 1.375504924619297409e-01 8.781796464714077821e-01
8.951179867440210319e-31 -7.675243498673216891e+01 5.850307463560461274e-01 4.883465940566751318e-01 5.348157669014661497e-01 3.936672314367574144e-01
9.371409273884226764e-31 -7.670405685139112961e+01 8.024921528322697117e-01 9.080284369016804469e-01 3.761788262037576436e-01 4.354163471588201606e-01
1.103251001058205813e-30 -7.653837396956136274e+01 2.867140599013943136e-01 2.433484096493625515e-01 1.401291193512158584e-01 9.785453948283662218e-02
1.303834571364416753e-30 -7.636882565309437609e+01 1.348852523710935003e-01 1.228942765066056708e-01 5.817342301887185041e-02 8.277642032291943064e-01
1.440901397872140101e-30 -7.626636635760603156e+01 3.737616683828139941e-01 2.587642307343293036e-01 2.054730981583364757e-01 9.458745308582109379e-01
1.496514857776224941e-30 -7.622599626948888840e+01 6.770135108124464285e-02 5.704553453848995037e-01 1.508842840044912759e-01 9.774328849580742329e-01
1.510951239102021994e-30 -7.621389583394476119e+01 9.484995105178666286e-01 7.096648235249609638e-01 9.567081636177710013e-02 1.061871636132539765e-01
1.534328587800591674e-30 -7.619604236283385035e+01 3.355493874543611366e-01 1.695389244555000063e-01 4.512180346778271733e-02 8.077183965546503863e-01
1.533547863062994873e-30 -7.619405133036690358e+01 6.569193743779671024e-01 2.082794677785396731e-01 4.574806408090656973e-01 5.266917982395726838e-01
1.882015290030918620e-30 -7.598679208061808765e+01 9.916283510875283369e-01 9.711993341644906685e-01 3.304904104413127763e-01 8.905270577259694065e-02
1.971844413613230739e-30 -7.593766589079471885e+01 4.243876807891057146e-01 4.036923209886559283e-01 4.486027118423401294e-01 1.641917339721168378e-01
3.424485518053908061e-30 -7.538318399937642766e+01 9.183693828645864699e-01 3.718279446109253872e-01 1.484269301394425256e-01 8.491121641091552430e-01
5.283300355821929687e-30 -7.494708427626507330e+01 8.067065042905841032e-01 5.484895234587510160e-01 7.743966441387972743e-02 1.143263082652928864e-01
5.392801992174468443e-30 -7.492407014612973626e+01 9.027194692599039838e-01 5.483282977214863907e-01 2.561203679678454304e-01 7.861092530639203213e-01
6.794581696753804884e-30 -7.469050976084062654e+01 5.577184886174210154e-01 4.134583078940917700e-01 4.692917455119611780e-01 5.023128764501465504e-01
7.400343859053335312e-30 -7.460260877953032832e+01 6.572817431978802416e-01 1.909559989269227209e-03 1.244047934887815288e-01 8.500822478628400347e-01
7.443275468824522811e-30 -7.459432424295154362e+01 8.350581849078201335e-01 3.661428112374742749e-01 6.254841818622776106e-01 2.684789919285156534e-01
8.592206450632223517e-30 -7.444827968038336508e+01 2.731529288814555922e-01 1.149339364315706824e-01 1.333638820197539099e-01 1.031656419011190984e-01
1.068641140789829932e-29 -7.422766227359629454e+01 8.542448122297741087e-02 2.465682202941038570e-01 5.860187408142495391e-01 3.216525056601938770e-01
1.077060885740532292e-29 -7.421731422380911170e+01 3.794572511958355099e-01 5.760397292548449233e-01 6.259735010421245693e-01 8.231236229861286224e-01
1.155028577531794504e-29 -7.414492506698702812e+01 9.387986640574874642e-02 4.584659141264337823e-01 1.833998154878294651e-01 9.852703010980079501e-02
1.247361722148830679e-29 -7.406551945457545116e+01 1.414100178374788630e-02 4.324584698779787573e-01 2.445927277800745703e-01 8.147313067775240336e-01
1.872998333575154325e-29 -7.365650961935385510e+01 7.616793625793583100e-01 6.596380606517866507e-01 5.266717702892934616e-01 4.025053806894649533e-01
2.001832641882357772e-29 -7.358748707117109689e+01 1.195426835025940049e-01 1.063019082266239979e-01 7.402443108409350048e-01 9.270034007277627719e-02
2.191575796668579802e-29 -7.349442932616639723e+01 6.654508305972539617e-02 3.536529172455931125e-01 5.238891167315462560e-03 7.466894749438880430e-01
2.640141839457144612e-29 -7.330571751032438499e+01 2.889461813809913737e-01 6.250416584351190519e-01 8.839329944757269297e-01 5.432214866879395698e-01
3.390125472095712049e-29 -7.305318321998143460e+01 4.322587963301931513e-01 4.569195840859138213e-01 1.393606512808920339e-01 8.449925007737065785e-01
3.512398534665597727e-29 -7.301525100579178229e+01 7.437394561103142232e-01 6.693121897020584132e-01 5.119209853299769852e-01 6.682232480998784308e-02
3.875813413127934085e-29 -7.291429459926455081e+01 5.811013551930613863e-01 3.026076723822429537e-01 9.076703177649136922e-02 1.581898475051694009e-01
1.003337519063384412e-28 -7.196063309820448239e+01 2.547572973518191786e-01 8.370818197865559362e-02 5.859559381182410931e-02 1.287076565862615984e-01
1.004522293616674604e-28 -7.195695296134103103e+01 5.695274470073253825e-01 4.539990019730133497e-02 1.357529462772120166e-01 1.171676012380330478e-01
1.106207100957961715e-28 -7.185802792231939407e+01 3.326145070835244688e-01 3.173255613036363165e-01 2.481444868405997539e-01 9.491779871918011313e-01
1.357619747839886312e-28 -7.165073207914016962e+01 9.188148889653040552e-01 1.787000657776299795e-01 5.032946259032908820e-01 4.347756683858954307e-01
1.413293343627019044e-28 -7.160804237454048859e+01 4.626380693560243618e-01 7.256299758315831738e-02 5.954111960076616805e-01 1.026576696078360662e-01
1.651466308467175186e-28 -7.144980149503663824e+01 3.195756507794539347e-01 5.424775253099548555e-01 1.639412605013896851e-01 9.897884460427969211e-01
2.578870210256531796e-28 -7.100161366008775587e+01 5.166264247862509817e-01 3.423127058732579053e-01 4.691232073647834122e-01 4.929270617861072346e-01
2.745011847534567001e-28 -7.093667966911850442e+01 9.069041793477030655e-01 8.627194466108150106e-01 2.482441268804146395e-01 8.208927035544154593e-01
3.139116694050386506e-28 -7.080002360739393907e+01 8.194313968707078732e-01 7.019101866982512261e-01 1.043534250096033178e-01 8.178065886354694003e-01
4.385867152185285346e-28 -7.046307769963487999e+01 4.501505134339633951e-01 2.569672448258233377e-01 4.544084528745284679e-01 1.374027818539079737e-01
4.675347416604795220e-28 -7.039666158642063465e+01 7.301590882622385204e-01 2.957039933950462718e-01 4.680570466376823280e-01 4.833101430274686638e-01
4.741625979331472541e-28 -7.038008494961377437e+01 7.846941996008238718e-01 1.174024684229796334e-01 7.291647840887183207e-02 7.932473598243602320e-01
5.161577448441911370e-28 -7.029272282027544350e+01 7.040564506265659661e-01 1.809767537506374868e-01 2.777192676590947151e-01 8.771838803869524970e-02
6.515281716740350192e-28 -7.005731460922100950e+01 1.575874497330699286e-01 4.836322839828445241e-01 1.380541728564299575e-02 7.347039075139009112e-01
1.337296341205973704e-27 -6.933573004718155630e+01 3.924157099140961336e-01 2.749715423373352285e-01 6.802816241722753343e-02 3.252925592300413005e-01
1.364612585855066680e-27 -6.931300939865232635e+01 7.366163864378800774e-01 2.903483305597460706e-01 2.848087192020487546e-02 7.308156939883582170e-01
1.563335330464667017e-27 -6.917455839584637545e+01 9.612816696989147092e-01 7.684355563794775801e-01 1.885830948965472320e-02 1.548738569265344367e-01
2.382520793760093583e-27 -6.875072088290400529e+01 6.986225172610935896e-01 8.395960549406900064e-02 8.379381857363910058e-02 8.024607176542774001e-01
2.682504093061002887e-27 -6.862962924575860768e+01 3.937083369051146420e-01 1.350872167573524685e-02 2.662583371111090225e-01 8.544011498854785502e-01
3.432618505814251364e-27 -6.838055658441800233e+01 9.629171137742731368e-02 8.760720292448376245e-02 5.680462433226270980e-01 3.324692595409582951e-01
5.121538623202969125e-27 -6.797792506086742037e+01 4.749813135461999902e-01 5.109418310163710286e-01 4.453654708056364875e-03 4.840141635733705705e-01
1.351199491372515124e-26 -6.700530216403944905e+01 6.824322995986182860e-01 1.779589119477514858e-01 2.385266393900065118e-02 8.182011664446900978e-01
1.592691566695744613e-26 -6.683836947983621712e+01 6.384292151642044777e-01 1.221117946471339533e-02 8.805915659064378342e-02 7.818896719939839590e-01
1.601913735270808967e-26 -6.683009587507358162e+01 3.256491262284186838e-01 3.459014418120697210e-01 5.188654482614282193e-01 6.167965265645595219e-01
1.763985074410295080e-26 -6.673121937779417578e+01 5.880355549330540388e-02 2.793929685510049277e-01 4.593690211121297384e-01 4.860817156138007578e-01
1.975045874879738185e-26 -6.661570324825379430e+01 7.554345639533081025e-01 2.186887885420641942e-01 1.754174329552193878e-02 6.958822577982456403e-01
1.977365741673222770e-26 -6.661202934872866877e+01 8.558415582783387432e-01 3.624243702641127829e-01 3.506188761188923086e-01 6.421463439085661751e-01
2.615575093150249773e-26 -6.632981087988774505e+01 3.473726124993917752e-01 3.622406316231797652e-01 2.314971595467727461e-01 9.267985608019456700e-01
3.924104687350370257e-26 -6.592165665404354513e+01 8.858869009559650065e-01 2.668932673167456748e-01 5.366026575227431650e-01 3.705700989661501188e-01
7.101415127264109643e-26 -6.532600079623821898e+01 9.257076200318729020e-01 1.123665572753903552e-01 6.590461816869855882e-01 2.005522621813495832e-01
1.166469431070653412e-25 -6.482722817467741550e+01 7.966055386174980546e-01 6.382114233898635858e-01 6.689920134438487320e-02 7.364887597050703283e-01
1.308997887287980170e-25 -6.470944790819314107e+01 8.296763326037929209e-01 3.606439364408328130e-01 3.432290681964333956e-01 6.435789497425291605e-01
1.424665677932456904e-25 -6.462227260691258834e+01 9.575794024244641545e-01 8.782703181633448875e-01 2.803718978856752919e-01 7.311663435985870096e-01
1.506726106036225681e-25 -6.456377062582342319e+01 4.237714868799244972e-01 1.305610642367449614e-01 4.830768958898234988e-01 1.717445540179470820e-01
1.569518823768652305e-25 -6.452044069042118224e+01 3.493742190365857203e-01 5.688456957261698310e-01 3.327797519037625218e-01 3.517241253562495285e-01
1.696146249392004266e-25 -6.444035101552549349e+01 4.843245449140252123e-01 3.210024796914141554e-01 4.616485410677763079e-01 5.877136172131633973e-01
2.003192735675360628e-25 -6.427146750557335508e+01 5.181947201460549435e-01 3.170751424717207501e-01 2.679603901230329654e-01 8.556204325067723326e-01
2.508707607620735706e-25 -6.404394205795401263e+01 2.989120557056658134e-01 4.461439847013700666e-01 4.093822258018742222e-02 1.751710169134644834e-01
2.902011711265027799e-25 -6.389580559109233349e+01 9.860681923981670094e-01 6.014831448313323614e-01 3.351007058415103046e-01 9.170841717297961715e-02
3.767602556922549699e-25 -6.363227090850315903e+01 1.464763042256721493e-01 3.642739364000171509e-01 7.040530683500085818e-01 1.125635034246881272e-01
4.951021207476317474e-25 -6.335661592128686692e+01 3.437871257433670058e-01 9.409782357157225885e-02 2.218325322034248037e-01 8.947823547209287076e-01
5.140810811993269260e-25 -6.331649896857973658e+01 9.025461321221776023e-01 7.405122318992966024e-01 2.659615017602390274e-02 1.733560403742786526e-01
5.239308968529554508e-25 -6.329502016772858042e+01 5.643342239248511083e-01 1.116972726357922108e-01 4.131181277797876250e-01 1.040331812270751666e-01
6.408400482935803434e-25 -6.309110007598005865e+01 3.165702837326063168e-01 1.943616128512656305e-01 2.423246761679596073e-01 8.792382089312013038e-01
6.641575449227234268e-25 -6.305286057933528809e+01 1.220537942350113925e-01 5.509051601914879415e-01 6.800656589577147582e-01 8.259755991912827167e-01
7.549997972686057159e-25 -6.292216248638779064e+01 8.468478268981202151e-01 8.966002497447574937e-01 2.889770335447879868e-01 9.562713300756222612e-01
1.121869487033747514e-24 -6.252362820951843503e+01 8.632755834157677111e-01 1.726393864764446118e-01 1.510645861047080762e-01 7.689386912965844312e-01
1.139501213637584597e-24 -6.250553405337169721e+01 1.617184065935505233e-01 8.221478712547081180e-03 2.901514039913992704e-01 9.969513392278273045e-02
1.198886029856184178e-24 -6.245223187094060080e+01 4.595193442391103389e-01 4.198821389807979587e-01 5.205460768575664865e-02 3.508154024252320147e-01
1.340198741353928418e-24 -6.233830677072769078e+01 3.189216873273731379e-01 1.462399717176841030e-01 6.289572970485897141e-01 4.028048900271493649e-01
1.470444934410821817e-24 -6.224305965667292639e+01 8.940447304978726972e-01 3.087145156056371187e-01 4.493213671775586615e-02 6.996826134566443978e-01
1.934887700280906547e-24 -6.196607539936918840e+01 4.394432690060057212e-02 1.464966506694174164e-01 1.406155500585900553e-01 7.635976791212433223e-01
2.174990912469679184e-24 -6.184660020177918227e+01 8.359700050769499624e-01 3.891418478291114313e-01 6.268424003211481299e-02 7.199788018920275645e-01
2.495764900618056439e-24 -6.170652943252275691e+01 5.865623602935012837e-01 1.257082424250857144e-01 4.021262196686736790e-01 5.662296376193515224e-01
2.909854493805379335e-24 -6.155052161033172098e+01 2.165910469234736402e-01 4.190142831480142549e-01 6.233274351297050098e-01 7.551214947301077007e-02
3.215051479472341157e-24 -6.144828131829729045e+01 8.839499352236382945e-01 7.861987769108940149e-01 1.173034529172622964e-02 6.751643175289830934e-01
3.679014133324920449e-24 -6.131097987039964181e+01 9.881773227326470233e-01 1.144470181154423338e-01 3.992991884901129218e-01 5.549653832159591182e-01
4.259186729786369880e-24 -6.116204645458115863e+01 6.356340108649054521e-01 7.424629314911013189e-02 3.587488000672353072e-01 6.133148748740870904e-01
4.676833297089179254e-24 -6.106600345315596456e+01 1.412128681360451665e-01 5.540634821789950371e-01 1.424160296020001715e-01 8.560114487329552047e-01
5.171063021367437438e-24 -6.096304640733414715e+01 5.353519915993775191e-01 5.058095778428417510e-03 4.152907705450602505e-01 5.432927079309045615e-01
5.432390796997071298e-24 -6.091124535698512688e+01 5.527547876734528742e-01 3.210986175801235909e-01 3.559367632358385602e-01 6.702279475695442912e-01
5.426839951975509078e-24 -6.090976768455755064e+01 2.473234066369742745e-01 3.528952617348672938e-01 7.411290318463679139e-01 1.488776205214239479e-01
5.468885471531786684e-24 -6.089954984538202609e+01 7.992779072279085906e-01 8.487241713356454831e-01 3.199693657068682917e-01 8.357310186794132401e-01
6.033384966507401149e-24 -6.079881648058454147e+01 8.658292069201948271e-01 2.121850543209372608e-01 5.813427371166590696e-02 7.024303876371992272e-01
6.069580310182921102e-24 -6.079033522710548709e+01 6.469587076478785503e-01 1.328677946370878660e-01 2.126883987842331791e-01 1.159891628968870991e-01
7.455772231779712843e-24 -6.058213615953236086e+01 3.677946612824616324e-01 1.230402380803833351e-01 3.211641697796936423e-01 8.261675240916829255e-01
7.699710366408934238e-24 -6.054744197473613099e+01 7.673880602247418192e-02 3.234877722353978191e-01 5.897562659077013603e-01 7.981056500109484642e-02
7.768221750851261558e-24 -6.053608341084363076e+01 9.295492923802457508e-01 2.601113651391904202e-01 4.339032097755930462e-01 5.032238923930140162e-01
8.403382125248474315e-24 -6.045499042936411627e+01 6.545596368920516550e-01 4.468085912081767308e-01 2.862523315234691834e-01 1.036280288471617128e-01
8.388419864155828749e-24 -6.045427252101358562e+01 1.088556670893325862e-02 3.666985573967249668e-01 4.216635661597811779e-02 6.785033597212115630e-01
9.720367558002374231e-24 -6.030440125576954102e+01 3.206542441185589176e-02 5.725503323611190742e-01 4.920411098006403083e-01 3.628462317473732934e-01
1.089584604772933718e-23 -6.018774306807547703e+01 1.610622159310398649e-01 5.228055201525548812e-01 1.128529961946356241e-01 8.277930560242680036e-01
1.260006954424410525e-23 -6.003992235480958328e+01 3.239056612325889040e-01 6.039055021869620399e-01 9.516168789337673406e-01 4.057251243109898375e-01
1.288600615425848512e-23 -6.001498275982728359e+01 4.892055094095671963e-01 8.312240591724173733e-02 2.781987004773297523e-01 8.139975716525107430e-01
1.320667356405027271e-23 -5.998790241326879169e+01 7.959931092162525479e-01 3.300880484778612178e-02 1.656667597539005499e-01 1.282366976460789232e-01
1.402744839214441465e-23 -5.992510867854871037e+01 9.670608017791111344e-01 8.425530418218625250e-01 4.781575099647101812e-01 4.376653506186969356e-01
2.180229542966615716e-23 -5.948160942894550374e+01 4.195374927771192697e-01 5.245900346104231948e-01 4.190510011226108444e-01 5.227677165999611297e-01
2.403136536439198059e-23 -5.938176482084296026e+01 1.022068388360364288e-01 1.135690324174313259e-01 4.942235179682830104e-02 6.778613470049495993e-01
3.616091574348449140e-23 -5.897064582816842204e+01 7.810496442417936835e-01 8.137627157595931360e-01 4.558751243782961371e-01 4.931250524093793164e-01
3.709982725204024853e-23 -5.894251237481292804e+01 3.129977746565789642e-01 6.000291575287027834e-01 3.690490129168707556e-01 6.657768026314050402e-01
3.858843672234822294e-23 -5.890067202332308227e+01 8.514762343007007406e-01 8.519355160191199872e-01 6.525489824957226848e-01 1.413092096652441843e-01
4.120310776474632025e-23 -5.883261100344238770e+01 7.392319676442380416e-01 5.908104624407717331e-01 6.482664787184154731e-01 1.903823989975695907e-01
4.415820192051352839e-23 -5.876084600437604877e+01 2.522562782877234566e-01 4.794758892821533447e-01 7.734580006894420379e-02 7.185571997979451897e-01
5.110049698438276060e-23 -5.861233046525209289e+01 1.981521447621137355e-01 1.078087998767267575e-01 1.318802004771935099e-01 1.422337264925191969e-01
5.160108318909070279e-23 -5.860008202383240672e+01 2.105120266894457970e-01 6.180312170390446225e-01 7.374005182257273860e-01 7.422010233374155552e-01
5.207238671047732810e-23 -5.858848988543656588e+01 8.005816337256592696e-01 2.108652833716050390e-01 3.174822884179039351e-01 1.032614241760417828e-01
5.283123071987328770e-23 -5.857152218137913025e+01 3.459540419809282730e-01 5.758599695347201841e-01 7.531371866718075125e-01 7.548210256525986761e-01
5.641290281781399145e-23 -5.850342678243136874e+01 1.839231393047039420e-01 2.442712583846249341e-01 2.027254794413494432e-01 7.359589570503808353e-01
5.655366426919798520e-23 -5.849843469069371338e+01 3.822331037539089538e-01 3.124181532788125049e-01 5.618726709244383777e-01 4.010844042009846788e-01
6.518556652846860869e-23 -5.835388661597283289e+01 5.666541178003327017e-01 6.263177723354581561e-01 3.737436039265186194e-01 4.216943473958972843e-01
6.595016319540394298e-23 -5.833972533444369901e+01 9.847504656832551939e-01 5.228568910443336382e-01 6.470844267610575962e-01 1.950139434380758763e-01
7.454712338761022583e-23 -5.821469323401993279e+01 9.762361736956991498e-01 7.649785082112393608e-01 6.175479877080182201e-01 2.365414047937317576e-01
8.446139114861752258e-23 -5.808733016767186541e+01 6.277634394307056720e-01 2.846101086146339831e-01 9.256820963084222420e-02 7.595235079654634180e-01
9.318378733400966794e-23 -5.798655093722040732e+01 6.362036420810834869e-01 3.356631523241386805e-01 3.586449689700376142e-01 1.063148600748397010e-01
9.992259545422779409e-23 -5.791422884733373166e+01 1.748975054138859342e-01 5.070085522630278785e-01 7.829842799643332851e-01 1.382145542545536454e-01
1.242292111015254585e-22 -5.769399635223650336e+01 6.694127165260589374e-01 1.509626597644433410e-01 5.048948669757193919e-01 8.689821974660760784e-02
1.487756324285209351e-22 -5.751118533970849001e+01 2.857317322213470678e-01 5.315401396958661095e-01 9.777451817685964830e-01 1.294329061431285233e-01
1.854468474388924910e-22 -5.728835638386580342e+01 2.576235052994186869e-01 2.777356107725849066e-01 2.366507864782761983e-01 7.436363360787902055e-01
1.934645953554789284e-22 -5.724353016214653422e+01 4.601891913469846607e-02 2.085734430362025105e-01 7.779881318284287417e-02 6.913919114652190556e-01
2.104378047438281755e-22 -5.715693454307187693e+01 1.469018462425275562e-01 5.731866396481773984e-01 7.897070673877969460e-01 2.173585935848479922e-01
2.147044018625097077e-22 -5.713436248107457516e+01 3.426791889770333110e-01 2.780390912891299582e-01 6.833248692332379859e-01 2.640673490811733526e-01
2.175917173894652717e-22 -5.711850423734642135e+01 9.999630756683502986e-01 2.176580063321856828e-01 6.669051586319508784e-01 1.572534374960218306e-01
2.249018247267719865e-22 -5.708296071570111963e+01 8.339819643440273822e-01 1.932953410254404369e-01 6.687431544162638630e-01 1.533057377343053362e-01
2.263090507715785029e-22 -5.707422314172480071e+01 8.042165249829462681e-01 3.509616476178748501e-01 1.803237219972009253e-02 2.181824934807906624e-01
2.642558442246910346e-22 -5.691670694735915959e+01 6.209174401834693935e-01 5.842824730489289964e-01 2.367500659889649750e-01 7.570632550624789570e-01
3.325127685304500847e-22 -5.668444642718230853e+01 4.594586655040577838e-02 4.500090335563557975e-01 3.034412201397982400e-01 6.919567668523867177e-01
3.911770671672474524e-22 -5.651946437345451102e+01 6.149047866438230869e-01 4.323384766268412172e-02 3.339481202667710091e-01 1.076185504944501270e-01
4.545639565752937556e-22 -5.636678606588112928e+01 8.029661209415300815e-01 5.437033938155577673e-02 5.377593525341254344e-01 8.766948641928296038e-02
6.176223440687889993e-22 -5.605774751121225563e+01 8.277509663088691294e-01 8.880002411789860162e-01 2.538445159275015683e-02 3.043116310049372997e-01
6.613455589565765189e-22 -5.598684820280492858e+01 6.973436454186073830e-01 8.520971165506718847e-02 5.989313930567174982e-01 2.554271973582725730e-01
6.608369056268972678e-22 -5.598511761756937943e+01 5.615092802858800969e-01 2.081016183633066507e-01 3.627463414534691788e-01 6.254889693482809099e-01
6.899445193457355074e-22 -5.593951350052304150e+01 8.202904368205852226e-01 4.580352926680977266e-01 5.393728853258716871e-01 3.380362395999214620e-01
7.425787679877212397e-22 -5.586349573825403780e+01 6.854016587610316513e-01 1.998524116195737887e-01 3.175300182016665973e-01 6.577929918633688144e-01
7.619369498416354968e-22 -5.583526087886296096e+01 2.824826179512835989e-01 1.247133449014119488e-01 1.554658810345858067e-01 7.440073683026364737e-01
7.710910171516373654e-22 -5.582081827076002156e+01 1.068876289575648730e-01 4.768097758951824749e-01 3.302742029104808186e-01 7.025195358335778462e-01
8.521428926818694618e-22 -5.571837046095407686e+01 8.922889230966392082e-01 1.887260477113764656e-01 1.911042237228314233e-01 1.327439326384524110e-01
9.222982724396567471e-22 -5.563675601099654955e+01 2.115130680977757027e-01 1.015117063821184828e-01 2.333460100607515075e-01 7.105315805878549273e-01
9.635350193681525412e-22 -5.559051585494527359e+01 6.839493480982276052e-01 1.042197025436021329e-01 3.089651398785880909e-01 6.522697809586781581e-01
9.701343307617798216e-22 -5.558119014090559773e+01 8.807591403415462317e-01 8.570401578277840882e-01 2.599328300335719266e-01 7.503727914766226137e-01
1.343238079859046950e-21 -5.525328623267124328e+01 5.636689011154886186e-01 4.841100651006114974e-01 1.166038027901797891e-01 2.320272372437175434e-01
1.394637622348084681e-21 -5.521323479655266908e+01 4.694140961608112006e-01 5.567513824738242745e-01 2.139679183506073556e-01 8.493760318829458589e-01
1.531038127823840989e-21 -5.511742338891939141e+01 3.524205875236479102e-01 3.057929794614032692e-01 4.113001524037674939e-01 7.184574446005110859e-01
1.584215435954352329e-21 -5.508078011746312086e+01 5.901519739181600999e-01 3.934744017510616310e-01 1.773648567556086464e-01 8.040671179211890118e-01
1.598449265518871764e-21 -5.506933545894586501e+01 9.488230841398359594e-01 4.656400770738631234e-01 6.657173821510335987e-01 1.447881593665715227e-01
2.204876355585098891e-21 -5.474519797639211305e+01 8.860047761843159453e-01 4.131382208474680962e-01 3.406889362145900657e-01 6.055000116538969968e-01
2.582846286265853100e-21 -5.458447740658049696e+01 9.403693447447906140e-01 3.587736998287210932e-01 6.897164252099530213e-02 6.565674663008161938e-01
2.663380330719401530e-21 -5.455127329212234599e+01 6.528735173604460762e-01 4.417673689202404885e-01 1.195259889880092574e-01 8.925411627935305736e-01
3.198297992563240168e-21 -5.436575061816932930e+01 7.299033774946427355e-01 5.376210797033165179e-02 4.245256757500787126e-01 4.949259014585037919e-01
4.634875227283233577e-21 -5.399226013017862158e+01 3.571987740601395567e-01 5.361471263392174613e-01 6.387748943876185859e-01 5.283326932075500526e-01
4.699634856642484425e-21 -5.397588459353218582e+01 7.131410210400999095e-01 3.105714365744633998e-01 8.896026589204131252e-02 7.000910258502908157e-01
6.448133726388463920e-21 -5.365707866496066458e+01 1.589695784925441169e-01 2.025927521626998962e-01 7.344550630680579673e-02 1.891184500182278017e-01
9.485417253783570392e-21 -5.326861381582446597e+01 9.265691397978190746e-01 4.235933668127785934e-01 5.111142993732219475e-01 9.426411998805028780e-02
1.015062106080491963e-20 -5.319833451728158735e+01 8.636288546204510252e-01 3.039802059853925487e-01 2.239923919084341186e-02 5.689754343388603308e-01
1.185112887765256617e-20 -5.304094628217335838e+01 4.034827130163839426e-01 4.360849554317890453e-01 2.112933398870243673e-01 3.334634770267516091e-01
1.219051709857366165e-20 -5.301021104666122596e+01 9.687274252365100091e-01 7.328408847948235660e-01 2.840595554101955633e-01 1.196069367481599199e-01
1.342721756362983297e-20 -5.291108560075175404e+01 1.146610384407025229e-01 2.156748110738226920e-02 8.596241676768634488e-02 1.844753460802428524e-01
1.424345186016089027e-20 -5.284957212663566395e+01 7.032139587209694787e-01 6.422790851401850576e-01 5.699150679303478517e-01 2.754073194171544614e-01
1.439781838634453363e-20 -5.283629271499787450e+01 8.757736024378970363e-02 2.766089187368236946e-02 2.751694167208829089e-02 2.365763869583764611e-01
1.442292687462274202e-20 -5.283205032461878403e+01 5.534412860135021761e-01 3.078866821652905816e-01 5.544994537109381172e-01 2.595258944307193838e-01
1.450346796124985149e-20 -5.282398161858272800e+01 5.351985037678962387e-01 3.836036020037436600e-02 1.859788061729403807e-01 7.627960739138432977e-01
1.900816839907419111e-20 -5.255100060663421147e+01 1.158585867622206056e-01 4.018213087274747908e-01 9.098052219814989350e-02 1.843714743367342868e-01
2.007347757601550728e-20 -5.249396998900822098e+01 8.622885333970031763e-01 4.505613981638628696e-01 1.391383701184364385e-01 7.103742399851370459e-01
2.135876999747159433e-20 -5.242940698110818687e+01 8.956995326888016473e-01 9.111705258888108672e-01 5.107031553701982807e-01 3.707055840759047038e-01
2.503880408070329066e-20 -5.226794262441806893e+01 6.860699475142580939e-01 1.684447885063466988e-01 3.494137662001910449e-01 5.955799798348950791e-01
2.605906164314962452e-20 -5.222550384565943205e+01 4.050999763397061804e-01 4.433696652693012163e-01 1.786727739064548626e-01 5.996332980118895817e-01
2.734056662593296290e-20 -5.217499785291091996e+01 6.945502522330083695e-01 2.754935145272694452e-01 5.057392193176059036e-01 9.822650454428560884e-02
2.891510415697778603e-20 -5.211650531537237896e+01 9.427663443044133063e-01 4.389068796286684782e-01 1.955017117488397904e-01 6.979265931301020798e-01
4.223772007243581947e-20 -5.173505574677069774e+01 2.238028633514543841e-01 7.312338202313817259e-02 1.049231241434522843e-04 4.684625460877009928e-01
4.475987564465006256e-20 -5.167455730398389591e+01 1.337058279276270856e-01 4.472648087817561180e-01 3.091719371592377419e-01 1.215837170740911022e-01
4.981283902350355176e-20 -5.156509664663428794e+01 4.714545613198286578e-01 2.083688288428435786e-01 8.281796156297704936e-02 5.952118164437777414e-01
5.321074244096090351e-20 -5.149660910760876220e+01 9.583339965764073876e-01 3.607086205494153264e-01 2.140217209767536488e-03 4.736135929416381840e-01
5.559399470292508180e-20 -5.145029422267115393e+01 8.538390490973715163e-01 5.700474295335294928e-01 6.052838853113496898e-01 2.303703372213135037e-01
5.566538733129481065e-20 -5.144651086774209858e+01 3.329962391680567624e-01 4.998424327565180736e-01 1.195355466726309990e-01 6.372434841458947119e-01
6.274229186119186665e-20 -5.132433367755299258e+01 1.123667080419075148e-01 5.432589947316740497e-01 6.109157456601452818e-01 7.929409965462158594e-01
6.647663749075363106e-20 -5.126401883914671487e+01 9.905309818175369596e-01 5.893718806937782162e-01 3.957855406744946736e-01 5.217940693331389879e-01
8.210252837452922158e-20 -5.105040059689063270e+01 1.022018723251876260e-01 3.145134733571628427e-01 8.161288173548875147e-02 1.965295293673221533e-01
8.462073366820178277e-20 -5.101769009374848451e+01 6.158011770979451294e-01 4.081050283060068118e-01 1.720417096757611564e-01 1.763761396325023156e-01
9.537277584871674810e-20 -5.089557623988727642e+01 4.362024628962015704e-01 1.146212021825421257e-01 2.089241119375725431e-01 2.907731062697312963e-01
9.823417956046196063e-20 -5.086351519365558715e+01 9.842806745087496756e-01 4.958137185750771669e-01 1.325771243973331570e-01 1.680631814685977776e-01
9.884459044470571507e-20 -5.085482058592410937e+01 2.185153923653644359e-01 1.596412993478154574e-01 5.923650393164470174e-02 2.166544447754020775e-01
1.001809163825246282e-19 -5.083889169390647567e+01 2.907556324854596586e-01 8.052306623326044299e-02 5.892867075492269624e-02 6.007481150507477663e-01
1.101066319641204163e-19 -5.074192013141649937e+01 4.284801953265159336e-01 3.080660932096402904e-01 3.135159832720412210e-01 6.046634118459329743e-01
1.121397759027424862e-19 -5.072112331683098319e+01 7.314827187220801497e-01 3.489277375684100013e-01 8.384104890378774044e-03 4.917405211893262074e-01
1.185859015006669489e-19 -5.066273180401859833e+01 4.987656676816474288e-01 5.169326949971875251e-02 8.780987832372566526e-02 2.301623415158701169e-01
1.236011684412969296e-19 -5.061880941076664442e+01 9.844533981724603589e-01 8.767172942239349620e-01 1.205921740460773606e-01 6.878262285392217068e-01
1.341413540049644727e-19 -5.053447528456473492e+01 2.729346273932214961e-01 3.097441250928676393e-01 3.120774821944916066e-02 5.382379168189070917e-01
1.380692039171096831e-19 -5.050311437203458809e+01 6.628595008531943389e-01 4.494670771506886764e-01 1.835790578035682019e-01 8.547292181187523541e-01
1.447121148699346887e-19 -5.045362305497202726e+01 4.116280537414431784e-01 3.207804393124316089e-01 2.993828232825760383e-01 2.811298791955502141e-01
1.549412534339018453e-19 -5.038282337418119994e+01 3.390149265480232321e-01 1.471103683083058167e-01 1.050663922232111247e-01 6.404306081945740914e-01
1.730184804051833474e-19 -5.026997099721016582e+01 5.119118154863581127e-01 4.349114181755736608e-01 3.092218552421008848e-01 2.068111078905162659e-01
1.743190246699545495e-19 -5.025998231358872914e+01 5.654411146737352567e-01 3.052302716266794835e-01 2.663586093078040840e-02 3.255298446680818802e-01
3.584661020692762122e-19 -4.953653530848244202e+01 1.983485539369868045e-01 4.153017254764118649e-01 6.432824806817261099e-01 1.854132059690736245e-01
4.174224513201907610e-19 -4.938177062745685930e+01 4.667838070688172802e-01 4.214443166520984718e-01 1.765856917163525219e-01 3.139629499060339057e-01
4.888585373544616674e-19 -4.922129625119523411e+01 4.934260752105117387e-01 6.450085317110110239e-02 1.592722318033437112e-01 7.769561140441567648e-01
4.878361288038254650e-19 -4.922088986132645516e+01 6.548684860337011804e-01 5.673011596118463506e-01 6.132027012072844840e-01 1.149801594040094077e-01
5.192991188684673398e-19 -4.915588935507309998e+01 9.025798377504830050e-01 2.573757934224685240e-02 7.600360244106374452e-03 4.368731250677113653e-01
6.236158910677564329e-19 -4.897033478950530849e+01 2.572908172253323134e-01 2.214745200705190431e-01 5.573009912104558428e-01 3.689044132607295357e-01
6.357652240909829530e-19 -4.894854005847562206e+01 4.438943733748346165e-02 1.116338923751435397e-01 8.143067621049659977e-03 4.327052251399624572e-01
6.975134355703332060e-19 -4.885334763317767681e+01 9.702773921112681776e-01 1.968007956110460199e-01 5.372030676972994190e-02 2.358436374092146570e-01
7.388174757680414970e-19 -4.879331850684776128e+01 9.004432436387420635e-01 9.532095475305413235e-02 4.440900428054864735e-01 4.475382603642352741e-01
7.984442553041191992e-19 -4.871320425570290524e+01 1.488813145983419739e-01 4.220981207069419705e-01 2.380244580914003816e-02 2.932402237523477062e-01
7.997573175503294173e-19 -4.870906108056911421e+01 2.910488718403203556e-01 4.877427506262611567e-01 7.521116368894308346e-01 2.524933553485236848e-01
8.006555003049940827e-19 -4.870543864160968894e+01 6.772310524276383692e-01 2.851825822764845197e-01 2.872878608481781448e-01 6.812278758290758462e-01
8.337968873839128225e-19 -4.866237957676317905e+01 1.019201223837795656e-01 4.000183506321738358e-01 2.809296473114775150e-01 6.403439148728118369e-01
8.400550567205473609e-19 -4.865240197574970438e+01 7.748911226568004906e-01 3.310803776854523983e-01 7.209102397020972219e-02 6.047175131352325872e-01
8.520422827389052274e-19 -4.863573325592837904e+01 8.729781502582599773e-01 4.412094601422988926e-02 5.172736240393993601e-02 5.654849300519620980e-01
9.212750779892509441e-19 -4.855511074432309471e+01 7.912492254025469407e-01 4.537802641129062842e-02 9.072006904186080689e-03 3.434099430337337333e-01
9.367084238804969450e-19 -4.853599735583277663e+01 9.758798124468611723e-01 9.376120338278323141e-01 3.762769107328413076e-01 5.567263756292225585e-01
1.624340358350572740e-18 -4.798301233012622902e+01 2.541192998347157062e-01 9.279022985586793393e-02 6.317389228162966219e-01 2.620491923965924119e-01
1.643260121509268507e-18 -4.796893198258361934e+01 1.397236785644143664e-01 4.377990008973171587e-01 1.339510871009955695e-01 1.831155810980930054e-01
1.828384670889247019e-18 -4.785968124662509382e+01 4.552489227036458086e-01 4.736348014732724154e-01 5.343250665985894710e-01 2.550418240855002461e-01
1.980331617279900898e-18 -4.777734981601462039e+01 1.227456023966880805e-01 1.765611427981266246e-01 3.283728233377183336e-01 5.871670959308512572e-01
2.096131213097829222e-18 -4.771802076400376791e+01 8.334498940377844667e-01 3.603767744406374263e-01 4.865523856628635180e-01 3.846600750472989327e-01
2.141111106214541215e-18 -4.769428922736884147e+01 7.722204349010862723e-01 2.546926654048889960e-01 4.453166254798113233e-02 2.508928863224586525e-01
2.175824852067442935e-18 -4.767570629519565983e+01 8.559650049595216581e-01 6.726120894119912430e-01 3.243700539485208090e-01 5.924713611881816666e-01
2.194610570694041707e-18 -4.766460951592531359e+01 9.742106603495154227e-01 3.413980297037342293e-01 7.569345544876782128e-02 5.951640066901221493e-01
2.234442208028275369e-18 -4.764412250460654974e+01 5.381638966489155074e-02 2.543574499018063095e-01 4.552391753069069402e-01 4.280683911913725215e-01
2.339015435372964941e-18 -4.759588404345832657e+01 9.024530381892732489e-01 2.649947399199931164e-01 9.724307407381160839e-02 2.029732069539030848e-01
2.436638701876409606e-18 -4.755249462180236009e+01 5.503680786026773353e-01 2.230009073802269315e-01 3.823614989090120542e-01 5.590585865559903889e-01
2.861258808664469418e-18 -4.738935245928499995e+01 5.130814457973893461e-01 3.887180926465159114e-01 3.183836407092235365e-01 6.824696111234670459e-01
3.040035102497656777e-18 -4.732624506794627450e+01 7.189971113604387565e-01 8.126909027996533919e-01 3.496590219050236259e-01 4.363474983122843653e-01
3.106838499595609010e-18 -4.730200848064355057e+01 1.311883633276642591e-01 1.689419962597846769e-01 4.206522728154187263e-01 1.126269941225894744e-01
3.223701326929267699e-18 -4.726258395034961524e+01 8.455889859239457129e-01 4.563951220315580759e-01 5.856828561410428735e-01 1.095431643771558328e-01
3.299430724445918283e-18 -4.723686418432436795e+01 6.837893268805452784e-01 2.696866519504673709e-01 3.426498552757615279e-01 5.927707955183501021e-01
3.807485205589442767e-18 -4.709114520998933529e+01 9.176428156453574347e-01 2.781027762834242800e-01 1.497430827428947175e-02 3.738799807668229391e-01
3.821458615431358750e-18 -4.708498194393413883e+01 6.503717815510888789e-01 6.920807539727612534e-01 3.815512260482641915e-01 1.760800568070660654e-01
4.078389262225079956e-18 -4.701741200837578560e+01 1.939745189957875482e-02 4.453868301258034901e-01 6.135299475508404488e-02 5.601405909452988885e-01
4.562310062098349795e-18 -4.690278504235494239e+01 1.058356448598655186e-01 7.385691177851727574e-02 3.328736173131341403e-02 4.926088110630421069e-01
5.272769501257728202e-18 -4.675555838359677097e+01 2.818313405274397443e-01 3.783485747900651175e-01 8.234127223585918642e-02 2.274547907051153173e-01
5.491006671586566271e-18 -4.671250252687204352e+01 2.492490302963451532e-01 2.090193597702824091e-01 6.532897325786022336e-01 2.156873651264085145e-01
5.664550810529857752e-18 -4.667888653088699868e+01 4.925289042257642302e-01 2.009130563936122327e-01 1.743932798621180558e-01 8.401974075039043699e-01
6.788629575021805763e-18 -4.649536503886545802e+01 1.703611200953709659e-01 1.469216559087727081e-01 1.917827414808814801e-02 3.599137499969480292e-01
7.018187436827002671e-18 -4.645960914535577047e+01 9.080250633823437889e-01 9.321701432647915286e-01 1.323870781281583087e-01 2.278999863649476820e-01
7.085723495658965519e-18 -4.644753214570666700e+01 9.503162658967946319e-01 3.145117538950530367e-01 6.107845879033737546e-01 2.009450336266453974e-01
9.106849586103264597e-18 -4.619408729801748592e+01 7.175489314573871846e-01 2.205054969966276923e-01 5.644554926857993093e-01 2.682073997203568982e-01
9.141049589693089564e-18 -4.618783891654037177e+01 5.004253490518506542e-02 1.692794331781233286e-01 1.519240558462899848e-01 6.517170192641077442e-01
1.008377141527423979e-17 -4.608718678916408606e+01 4.090850622026495076e-01 1.009377891787222037e-01 4.985844235551264436e-01 2.159549060976738710e-01
1.015475434184873811e-17 -4.607767212628907316e+01 1.740433962167240445e-01 3.963329372478595625e-01 3.633878756989372683e-02 4.846702225045281809e-01
1.025606944001623774e-17 -4.606524445934416434e+01 9.107422151805979471e-01 3.304288696198538489e-01 3.824910404867143399e-02 4.925018274719320521e-01
1.034561196409916070e-17 -4.605405166518042392e+01 2.931023337631731840e-01 3.998969043393462153e-01 9.524966772518017599e-02 6.089077610769013660e-01
1.032716953929672725e-17 -4.605333588852666082e+01 3.231335264310377653e-01 5.388575900773308058e-01 1.915077362482422441e-01 3.208455988343943410e-01
1.134199875516453410e-17 -4.595710159033463071e+01 3.294605179481253643e-01 6.092702589303391481e-01 5.386508207064427678e-01 9.715924325329375888e-01
1.239765277152002790e-17 -4.586560696809844018e+01 4.429992492952028460e-02 1.358405775184068354e-02 7.971013469738963408e-02 2.290116213114699040e-01
1.291973528485088027e-17 -4.582185812081604581e+01 9.590438720020000307e-01 4.152793547839728205e-01 5.797456113438033132e-01 2.469359736888758761e-01
1.468121531390871651e-17 -4.569154532336126096e+01 7.371066437315162423e-01 8.007861752628833152e-01 1.463133762744992517e-01 2.940587851388248852e-01
1.526564488367964098e-17 -4.565000925897640371e+01 2.185957824537898553e-01 4.319903981912313062e-01 7.407324807464121807e-02 5.680935507818303254e-01
1.643372555834060394e-17 -4.557377847042876340e+01 6.582678931423792124e-01 7.323855451526498639e-01 3.459646091222767783e-02 3.398982100962290032e-01
1.755404622880936117e-17 -4.550532965248555684e+01 9.850696414623890673e-01 9.506520714783263104e-01 2.515756462918707914e-01 1.553266652649332169e-01
1.872039537911636857e-17 -4.543850053866626837e+01 5.111567055336457832e-01 3.473241517875671480e-01 1.547459986253052477e-03 6.017542863166823741e-01
2.141809045711571322e-17 -4.530137821678658838e+01 6.242837684180582158e-01 4.239912067543700758e-01 1.229176152493755003e-01 6.636374348661868705e-01
2.209319298173247821e-17 -4.526784457896940950e+01 4.848195205487947357e-01 2.319629430753387123e-01 1.391805904301672836e-01 7.789778350038281118e-01
2.248908289681769215e-17 -4.524758414329730982e+01 2.515906578485673784e-01 3.593148457392724149e-01 2.785705236448643429e-02 3.719740961722799444e-01
2.395954636075096241e-17 -4.518174729029465198e+01 4.835582805311665622e-01 2.670958304344456247e-01 4.620097080588225769e-02 5.217887218494864365e-01
2.848530317396853138e-17 -4.500622585401141862e+01 5.096018298425811777e-01 3.420559296812849537e-01 4.916996532982028656e-01 2.299812995818615313e-01
3.107798888871036443e-17 -4.491661431433660567e+01 7.979389079392668060e-01 4.272048849750268440e-01 5.322207175167855686e-01 3.113937261895463049e-01
3.233247520808393405e-17 -4.487454198064505562e+01 1.474447081885819077e-01 6.411228413368386114e-03 3.678568031515105918e-02 4.607433337998017020e-01
3.352769264670872939e-17 -4.483574238665431011e+01 9.629211231574524854e-01 4.954488410527745357e-01 2.926832556562042331e-02 4.042249075804893454e-01
3.679774752806452191e-17 -4.474017749534690580e+01 7.873179086405754923e-01 6.255747895823418059e-01 3.462160350424281496e-02 3.209803356956175691e-01
3.963454373921511076e-17 -4.466341307551174111e+01 9.812346974583016079e-01 3.664197091763700120e-01 7.218674858582019294e-02 5.532171861520365219e-01
4.265295440454603791e-17 -4.458751758771790463e+01 4.984099129370426207e-01 4.190131632353182312e-01 3.766413967481870850e-01 6.224060332392168382e-01
4.520007437493862787e-17 -4.452701539787189944e+01 9.433339219699120592e-01 2.653112558997361425e-03 2.999174528175752030e-02 3.695389370300562470e-01
4.698507074951473008e-17 -4.448578422254868059e+01 9.990266388690673960e-01 5.348434420965745284e-01 3.045129349223074655e-02 3.695944612700280407e-01
4.992709659644667900e-17 -4.442255025683054015e+01 7.635957433527360561e-01 7.852495300142839918e-01 5.332434541165131936e-01 2.854519780753870251e-01
5.012808114379335844e-17 -4.441603277723153553e+01 8.039019249857773941e-01 7.955673082539158614e-01 1.833560731223939921e-01 7.705209495504284911e-01
5.493514844196011815e-17 -4.432196075988461104e+01 2.459538384907501429e-01 5.607574237566465003e-01 6.776434005559501816e-01 7.841542865697456177e-01
6.047331742475651785e-17 -4.422341189672095396e+01 7.349948886611092913e-01 4.869242720933637525e-01 1.619930725730335253e-01 6.518169267286316737e-01
6.357027828154343382e-17 -4.417096809167238547e+01 9.332537834513610076e-02 5.519240185852722913e-01 7.253695492995381189e-01 1.899062307897710911e-01
8.807519066062038217e-17 -4.384242324119401957e+01 9.501534764445783710e-01 7.130728184383063883e-01 3.008081130338770004e-01 5.935303018842184031e-01
1.000099809022572945e-16 -4.371284414014189679e+01 9.481513354488702028e-02 7.316649708916755923e-02 6.627042561181817337e-02 2.640156277711674937e-01
1.074055681259577764e-16 -4.363900210469289220e+01 9.120569401764908601e-01 6.994683450549706860e-01 3.846716917445024420e-01 5.040989789998207016e-01
1.110547893489075139e-16 -4.360309045290102858e+01 9.947342590463701395e-01 9.922218543341845276e-01 2.862545272864502888e-01 7.426119008161490287e-01
1.111978040382077565e-16 -4.359930349640832503e+01 1.431679811431886273e-01 5.264547893376909649e-01 4.758606611006258591e-01 7.210507219025176218e-01
1.125689334648233736e-16 -4.358454835426763196e+01 4.475108053049244861e-01 1.895909100818727877e-01 3.356558604707913229e-01 6.640717581493592592e-01
1.132175241318662116e-16 -4.357630316956562666e+01 2.707956974203885592e-01 1.714874965837486220e-01 2.444691516913447549e-01 1.543816929363956980e-01
1.316176711027215496e-16 -4.342321284139929816e+01 7.177920193831296425e-01 4.343874606098679925e-01 1.416949109246412597e-01 6.482577660118729046e-01
1.354966247071878226e-16 -4.339166740007252798e+01 3.003992246335152050e-01 4.575124764924642928e-02 5.196331856885694211e-02 4.431742697414610133e-01
1.370662888035711786e-16 -4.337764946148621448e+01 5.556878102675655295e-02 3.294290653523521684e-01 6.140032048911183704e-01 1.710464742151002193e-01
1.543831333091792347e-16 -4.325617673877396641e+01 2.084591685940586636e-01 5.797995223969955036e-01 2.955861794132997877e-01 8.324273688068219990e-01
1.827865558594869438e-16 -4.308479501948297496e+01 5.651327349092734043e-01 4.962638422664318316e-01 3.084000647059227385e-01 2.210788403408791014e-01
2.002588737434579318e-16 -4.299100323187968087e+01 6.987291799739897558e-01 1.091462284013902106e-01 5.119165604555724336e-01 1.164196071602996430e-01
2.122493081285515001e-16 -4.293035256468640881e+01 6.658447394453521628e-01 9.271082439049993518e-02 1.767721918218295718e-01 1.755595017637436861e-01
2.512968311402882227e-16 -4.275897929556946764e+01 4.384389807614298418e-01 3.841887315877031694e-01 4.153755803457549467e-01 2.565600329998996010e-01
3.807175718700027093e-16 -4.234105631111111734e+01 1.853254950381969524e-01 6.456255124277254787e-02 5.887461211761165769e-01 1.277079579052431413e-01
4.109690239194735309e-16 -4.226209628610854452e+01 9.990673653636615859e-01 7.926316615268930166e-01 2.391544390644970708e-01 6.237289752242743957e-01
4.261385366700625408e-16 -4.222334963331893221e+01 7.979767748655008930e-01 6.645376736651312788e-01 1.627962971918835988e-01 6.230134823158981483e-01
4.429143739870505662e-16 -4.218223766552006992e+01 3.811539008209791080e-01 2.810965483426550726e-01 5.410044326722083241e-01 2.311787688694773024e-01
4.529655275609239831e-16 -4.215729810568404901e+01 7.585135184942760622e-01 3.979004984481585572e-01 9.651677197857500001e-02 5.892149394343849655e-01
4.653927807022953006e-16 -4.212773239145182202e+01 2.987179044139631756e-01 4.426631036068685576e-01 2.472035263349582346e-01 1.659807275265500204e-01
5.149297788514044286e-16 -4.202408359054982867e+01 4.607364456649946094e-01 7.295889060921711966e-02 1.595697420569335279e-01 2.899561810416454444e-01
5.221701875325462597e-16 -4.200762056566964731e+01 9.898069851282897957e-01 1.057580957409612887e-01 4.955829171797299093e-02 3.325511859144690829e-01
5.994594614776467000e-16 -4.186708577854516022e+01 1.010288756718601411e-01 3.266809180049129457e-01 4.862481065043781081e-01 3.640556349479022735e-01
6.274560363657428233e-16 -4.181894052318899924e+01 5.508156478279303547e-01 2.021127432294751447e-01 2.186009748560688859e-01 7.620045782518136690e-01
6.272297838187769144e-16 -4.181680117530729035e+01 9.870493836362640439e-01 5.235681294011549358e-01 5.555525580950188003e-01 1.215557239651412491e-01
6.611879001800246505e-16 -4.176157606418077251e+01 3.534717323912360820e-01 7.774432900505579003e-02 2.998763790105700711e-01 7.144349552733326725e-01
7.264786793174736641e-16 -4.166490499471206022e+01 2.965076688202831212e-01 1.352252988973314807e-01 4.991836894247333456e-01 4.763578072796522678e-01
7.432346352840493895e-16 -4.163960234084643020e+01 2.886055858974709842e-01 2.616414483769191612e-02 6.872129570075443672e-01 1.924336338511107858e-01
7.677205446265087553e-16 -4.160468833742680772e+01 8.718044981813383165e-01 4.933756217810080225e-01 5.845622927625322429e-01 1.297413836453540359e-01
7.736978638101772875e-16 -4.159443268962570528e+01 7.916394854447053042e-01 7.568450208270808277e-01 2.909320262684866876e-03 3.820451403138120927e-01
8.204482988801747309e-16 -4.153326323335149795e+01 9.800472266692026313e-01 4.540300405716013454e-02 1.820790972753567605e-01 6.244843656841851942e-01
9.536467786441254132e-16 -4.138032078027783456e+01 9.218481359822561227e-01 4.925370315068503535e-01 1.889867107580817107e-01 1.793334336814444985e-01
9.793562470572455927e-16 -4.135121866511253330e+01 8.392822532652837175e-01 3.476502604117454043e-01 1.195872321012311223e-01 2.193170854501587108e-01
1.020451513883527497e-15 -4.130761366116886535e+01 6.241557265747074146e-01 6.334622962317486561e-01 6.483116267464228422e-03 6.972529669367553140e-01
1.525858974570767071e-15 -4.090280133768935400e+01 3.688905293233322169e-01 9.822970664741981217e-02 4.062256865799231953e-01 5.907075794524521140e-01
2.476067501141855332e-15 -4.041618723456548423e+01 3.085610727732749359e-01 7.378698428483276839e-02 3.005493314907560221e-01 6.922743985197346017e-01
2.581695823681796551e-15 -4.037191237218002016e+01 1.706579808521755393e-01 7.710772889948003250e-02 5.090392579119970007e-01 1.230237203374239252e-01
2.584065202058289047e-15 -4.036849503259313821e+01 8.691098797247005514e-01 2.945897793339737891e-01 7.006719991150212046e-02 2.923941320460798909e-01
2.639085711939171604e-15 -4.034492631524982187e+01 7.023250775595404338e-01 2.898476912742298239e-02 2.047549295060021590e-01 1.761356593634834100e-01
2.839495070659982522e-15 -4.026923260684473149e+01 8.081436108888320202e-01 1.353365997088945560e-01 6.660020092891516530e-02 4.668013742018296552e-01
2.937413079226832671e-15 -4.023282956220779738e+01 4.391829162929796748e-01 2.083526531437679408e-01 3.375413150709699606e-01 2.748306271776974619e-01
3.003871889955127711e-15 -4.020795676468364377e+01 6.773045878362120575e-01 4.992403620687544397e-01 2.040535715531499594e-02 2.841175218758217325e-01
3.184849974199960223e-15 -4.014695366713699798e+01 9.310109991431255727e-01 4.070765609286434161e-01 5.650094115558290664e-02 3.859590454395479542e-01
3.180245836653955669e-15 -4.014590035026191117e+01 2.202207921262879786e-01 1.599400804111226204e-01 1.374820319862855023e-01 5.904465162200837058e-01
3.352787680799276847e-15 -4.009056670787015264e+01 8.636580056921400184e-01 9.238732690518992596e-01 1.079525078919872927e-01 3.745235814608146585e-01
3.381946806709821543e-15 -4.007940732919023930e+01 8.815594055490182379e-01 8.936006475217121992e-01 4.583057723200917311e-01 4.053787781298326953e-01
3.772309293736618835e-15 -3.996767149250116091e+01 4.377129717436462064e-01 2.448190171849521368e-01 2.350791446797596551e-01 3.967737805623950953e-01
3.851617679396467451e-15 -3.994436561467294666e+01 9.324746456655759186e-01 4.939109411069906308e-01 3.092028193925207002e-01 5.654424920657965536e-01
4.168259750127849560e-15 -3.986286022859233213e+01 2.218422435049979269e-01 3.103632583110865761e-01 1.955279157452267658e-01 6.170373422584425338e-01
4.316756892884639630e-15 -3.982535445010428532e+01 8.883195563823385044e-01 8.707345994249662269e-01 5.568183910631347988e-01 2.388110827392482260e-01
4.464136053551269490e-15 -3.978928314862920246e+01 7.460081761813428525e-01 3.221313717296077073e-01 1.378963890642571632e-01 2.086791391145327301e-01
4.711283533906627409e-15 -3.973289846777958445e+01 3.811919918403328111e-02 1.244621778041421489e-02 6.635047693304463312e-02 3.207920379081222739e-01
5.110064850770694194e-15 -3.964914675610158667e+01 6.361926663656904957e-01 7.366374391046988102e-01 2.647982107013853170e-01 8.927853850679603465e-01
5.109385056626150855e-15 -3.964677979538485175e+01 4.541629654999953525e-01 5.594165026432545984e-01 3.550243917009843209e-01 6.262957754668798671e-01
5.356682357399929122e-15 -3.959701403091556671e+01 5.725229474549484721e-01 5.986019367675515790e-01 2.753527071474920485e-01 6.215456984434204468e-01
5.418837631847608427e-15 -3.958297751780662566e+01 7.078705654007990677e-01 7.314318159944929176e-01 4.251942004260417241e-01 1.815805119498249409e-01
5.862240523089021812e-15 -3.950182697885085759e+01 8.112545657201930549e-02 5.142635172349252493e-01 1.306624722443328057e-01 5.165095437713768112e-01
6.528884534202925941e-15 -3.939162274420790055e+01 5.828391439862876666e-01 6.265861798529661630e-01 1.101528587553256555e-01 4.005744677358120676e-01
6.561793376942274018e-15 -3.938409490496407273e+01 3.426341715824081646e-01 5.008510440716683609e-01 1.754475366817288551e-01 3.529452057439710355e-01
6.629984258151458029e-15 -3.937125642133101877e+01 8.618996622529734308e-01 9.600583217626650345e-01 2.503114561395707316e-01 8.372121401699411658e-01
6.920524549454364494e-15 -3.932586728248881514e+01 8.536417155225938247e-01 3.895965726585014499e-01 7.751987176252328471e-02 2.787812716205351204e-01
7.487237616373986838e-15 -3.924465893125056937e+01 7.716478638054847794e-01 4.424485042545002189e-01 1.067108620515347939e-01 2.374408413180769672e-01
9.401656089939968993e-15 -3.901447299765086996e+01 9.441986589182760348e-02 4.588322533028524886e-01 7.254956875736096045e-02 3.953415340250052701e-01
9.794550221438694278e-15 -3.897103272004737562e+01 9.065529307384772029e-01 5.803827676303408012e-01 2.166627912280087997e-01 1.770797157998177385e-01
9.808656059092215393e-15 -3.896709358403195012e+01 6.790680287878417820e-01 6.272972505685969757e-01 9.044223417363039808e-02 2.168468580969836745e-01
1.049903167478260357e-14 -3.889657581972829803e+01 7.494035568297465755e-01 8.141259938764909831e-01 3.546670684028657705e-01 6.204245939701004131e-01
1.092800616717370519e-14 -3.885402998401551145e+01 7.260941572772545705e-01 7.614599119136022942e-02 4.063499601763378433e-01 1.338866106064544592e-01
1.361228173154748879e-14 -3.863188639747271935e+01 8.837423638351620259e-01 4.523118207037470917e-01 6.938123387701233824e-02 4.523590243302734182e-01
1.426821061192213598e-14 -3.858232482266377872e+01 2.652131308074970883e-01 1.496962143606284101e-02 8.791678314733253341e-02 4.942394817622368652e-01
1.433717603596724752e-14 -3.857500296456297662e+01 6.027228116550643611e-01 1.569474556988897929e-01 2.136830658165821406e-01 6.401704238080110354e-01
1.578922703068895022e-14 -3.847603097721179211e+01 6.751988107229905944e-01 3.847767896592094727e-01 6.515095774334345169e-02 2.484295929983868501e-01
1.807303346484747957e-14 -3.833843788768932370e+01 5.049952318226463843e-01 5.295429996763015845e-01 4.373729630356176790e-01 2.883867652357460232e-01
2.573248791105989749e-14 -3.798260453656404678e+01 2.077747200630902791e-01 5.310817930059441583e-02 2.974548349648133971e-01 5.703670682468863218e-01
2.590950551887056659e-14 -3.797324894136487217e+01 8.027976276780989240e-01 1.410438308084699388e-01 2.907895472765645861e-01 1.571392737125265615e-01
2.689499286726541199e-14 -3.793341872067138354e+01 8.952566925492594363e-01 1.243077425605234598e-01 8.893435334153121374e-02 4.883537543164262473e-01
3.110382781851477370e-14 -3.778552795859731361e+01 6.884482555854849473e-01 1.646984865383994689e-01 5.571849295949017344e-01 1.376385173514663718e-01
3.118214673615933390e-14 -3.778051314014963680e+01 3.117124914479012521e-01 4.775246567290880595e-02 8.972614765310360507e-02 4.208350127687976450e-01
3.717916897665144364e-14 -3.760211022050052065e+01 5.538351334855124986e-01 4.178733091779285314e-02 1.715598632151176250e-01 6.412422050006247876e-01
3.856782982493466203e-14 -3.756294034643460122e+01 1.672597649835466660e-01 4.174023810570810511e-01 7.738813624838891680e-02 4.326250226112891006e-01
4.015802485512792722e-14 -3.752003655891006417e+01 8.833182174664588882e-01 4.942116268404822543e-01 3.012392643668923009e-01 1.562104433774021972e-01
4.658479708155713857e-14 -3.736908460617206629e+01 4.454029904071238333e-01 2.348925324961225192e-01 3.905973065432436497e-01 2.634771628997160109e-01
4.672362333508112047e-14 -3.736360896141589194e+01 8.311926260086044405e-02 1.823552232690367481e-01 1.309896191061209469e-01 5.540020297990223552e-01
4.949334261074785437e-14 -3.730352068337231941e+01 1.564780869454153178e-01 5.949209383690257091e-01 9.619785293300565643e-01 8.161762869928369524e-01
5.395778225015335271e-14 -3.721465692058087171e+01 3.690839136430673628e-01 6.371577960813090691e-02 5.637455424285178207e-01 2.087474021728210616e-01
5.408501265040653468e-14 -3.720980173420900172e+01 6.908365725447893624e-01 6.809138528240563648e-01 2.433386516517493936e-01 1.789757460288932123e-01
5.686352364835478170e-14 -3.715720477628639884e+01 9.563840428359527968e-01 8.720642296825342754e-02 4.482603602165096124e-01 3.951295943483195128e-01
5.771536332963624612e-14 -3.713983545090520977e+01 7.778506071350911322e-01 4.256546571544199686e-01 2.200263268814770523e-01 1.816946806993722241e-01
5.946440112635844240e-14 -3.710748101808869848e+01 1.631623808711465395e-01 2.702554399316817735e-01 7.460428454806378173e-02 3.918493474598931936e-01
6.074396668635440778e-14 -3.708369108770599354e+01 4.979199252876244097e-01 4.399971319735430653e-01 1.321989162712002841e-01 7.595719200983843677e-01
6.673634493994891332e-14 -3.698710914502484570e+01 1.901549107654587623e-01 4.102328639955409306e-01 9.646406249835060009e-02 2.916296038433785487e-01
7.037719521279514628e-14 -3.693148957213946204e+01 3.868916249320060174e-01 1.621336119178097279e-01 3.410715472626447697e-01 4.812397172138054291e-01
7.264315880322970331e-14 -3.689729963211500063e+01 5.286289456476893633e-01 5.741740768635510417e-01 3.278507869846448708e-01 4.377730826635165551e-01
7.639041348717508567e-14 -3.684450164080693213e+01 9.269647763345508773e-01 2.765576302379011420e-01 2.448718550571149510e-01 5.859869108740701771e-01
8.243223110520987820e-14 -3.676588233656583071e+01 5.626116886461669520e-01 1.836672192189111597e-01 1.775218190454758149e-01 7.470961335241295131e-01
8.479009667320227749e-14 -3.673518009972595166e+01 4.967906779998776390e-02 5.480266587597781847e-01 8.830711722037706268e-01 2.200790776147254491e-01
8.553074309574861850e-14 -3.672398297150500923e+01 5.764443313289746573e-02 4.425790307893859854e-01 1.494754270802414187e-01 2.342379816648351154e-01
8.597690048709301401e-14 -3.671628019000279153e+01 8.766485466687637951e-01 6.353633409939225540e-01 8.005112223068178157e-02 3.165231277723409287e-01
8.668960062761238809e-14 -3.670552492122251920e+01 4.353389523302708675e-01 2.796077470966644718e-01 3.097101170598830500e-01 5.165007951245605966e-01
8.802570013301622004e-14 -3.668773003238295871e+01 2.239873998957256918e-01 5.786038809903398805e-01 8.997291561643555591e-01 5.672130028783815003e-01
9.180112543450301217e-14 -3.664323429400343457e+01 6.913183148098143160e-01 7.519443500641296296e-01 3.035377324649126685e-01 6.872797231830886089e-01
9.458467641565884157e-14 -3.661086337117381362e+01 3.232655891238321866e-01 5.273192601128838808e-01 3.664360565833912897e-01 8.038449671419911624e-01
9.478657943681083392e-14 -3.660623101907268762e+01 6.028204514190819152e-01 3.170389335416090582e-01 2.715389277599079554e-01 6.101273008198261349e-01
9.883338402603920348e-14 -3.656192340850927991e+01 9.868822644469172900e-01 3.604888788971882807e-02 8.310024641801760925e-02 4.356448856666211844e-01
1.221990565907177944e-13 -3.634720752468903981e+01 9.347208722903178613e-01 6.705554132623353647e-01 1.794741750182713425e-01 5.792342815504614162e-01
1.322150737024082258e-13 -3.626592890831758353e+01 9.110752237648390706e-01 4.948396892529862701e-01 4.188275544734696432e-01 1.392142102284457117e-01
1.452279563028095143e-13 -3.616955423081119392e+01 9.902709781845809855e-01 2.852484419888290379e-02 1.733217582420991665e-01 5.764990382133297064e-01
1.559861100670296054e-13 -3.609559188593628676e+01 8.463535800859643965e-01 3.570501888208404973e-01 3.490032482601244102e-01 5.082732117257208193e-01
1.592859017145426050e-13 -3.607215813966840301e+01 6.386548262285944855e-01 2.015636154294785376e-01 3.828273068272188828e-01 1.490287034953083900e-01
1.703248090226632913e-13 -3.600265159578327001e+01 9.883572736468940745e-01 4.229770076784584720e-01 4.842509539214295833e-01 1.356958162966789283e-01
1.927192343062872092e-13 -3.587662446598012167e+01 3.733841347801925004e-01 2.334033132583918091e-01 4.905002308141007683e-01 2.582851627323290433e-01
2.052749548162463158e-13 -3.581100852770829590e+01 7.672812526448309356e-01 6.709498795130819371e-02 4.577773010852950186e-01 3.765116897568077103e-01
2.179726072128276501e-13 -3.574848945128302802e+01 7.565681083374431459e-02 2.274538851206653334e-03 1.111406225344792054e-01 5.025049526355780394e-01
2.186965470286728740e-13 -3.574267371225236900e+01 9.770462963605517359e-01 6.771611346349021288e-01 4.274144054434170226e-01 4.156177203411763887e-01
2.515585606093712923e-13 -3.560018304338903050e+01 3.934834999022475133e-01 3.240130562583233287e-01 3.184552260026490833e-01 3.483274028755792839e-01
2.513246775952978078e-13 -3.559861321171904081e+01 1.815040760768693584e-02 1.234859268342294314e-01 1.745260878621563982e-01 5.718643243301554380e-01
2.581626540390155426e-13 -3.556926902290161507e+01 6.148085932785118946e-01 2.104109710573672798e-01 8.128622926670459048e-02 5.069492820262260224e-01
2.700674721001792059e-13 -3.552168702674310907e+01 9.300305438027159921e-01 7.945330988274723616e-02 1.368869640195796711e-01 5.396739930543185126e-01
2.874597594596179729e-13 -3.545677596784572216e+01 6.179229078307335588e-02 2.675799626616972571e-01 2.038989292695343458e-01 5.800443027607464774e-01
2.980419038438643792e-13 -3.541812475764434964e+01 5.511416981580764540e-01 2.923381372272151335e-01 3.513839690548797856e-01 5.419642950504481860e-01
3.142836667465882435e-13 -3.536256287581718993e+01 4.584631332419659699e-01 3.492682138624733090e-01 1.732604047057839658e-01 5.043083414421412058e-01
3.214481988198064088e-13 -3.533752244391600073e+01 6.788315735080090452e-01 5.395071025334141623e-01 5.147295186438014536e-01 2.978102271606012375e-01
3.436413879807692780e-13 -3.526826021437340586e+01 5.692896678825031254e-01 5.881775480119201260e-01 1.444067037426333133e-01 7.173542915247145269e-01
3.847343315984916299e-13 -3.515280580289074663e+01 1.503431081603586739e-01 1.598925081069585419e-01 1.033523130101809961e-01 4.739896643317962344e-01
4.227052140257612326e-13 -3.505618380864287786e+01 7.599189135021424679e-01 6.346472387741047827e-01 4.538912068544241896e-01 3.737848745509870785e-01
4.257691468048950038e-13 -3.504646156071486729e+01 8.869391171094975768e-03 3.959518763241339778e-01 1.133344287390823935e-01 2.840383209275476606e-01
4.620754362846524427e-13 -3.496213069143574614e+01 3.640869141474477599e-01 4.503275414268234078e-01 3.287521287577330753e-01 6.036659546235398910e-01
4.731250896136963923e-13 -3.493599903759007219e+01 4.085128640064106254e-02 3.173073140042875773e-01 3.277766737091442062e-01 5.221592026247122709e-01
4.818303969365524608e-13 -3.491526667263688921e+01 3.200493400175132841e-01 7.903529941405129655e-02 6.678415137986448702e-01 1.504842533682581029e-01
5.048041181186203535e-13 -3.486618838207491677e+01 8.571811022538832203e-01 3.811924420186686424e-01 1.243902019859034480e-01 5.329210880501176195e-01
5.079867237978095715e-13 -3.485740353820914805e+01 4.454294264217147914e-01 3.140628315025819628e-01 4.400839862701422245e-01 4.350502946310391694e-01
5.174665629562882044e-13 -3.483641394078265563e+01 8.555575705168061429e-02 9.504954281212008027e-03 4.011926475135096926e-01 1.454592920761854646e-01
5.559988947634026987e-13 -3.476209254477684141e+01 5.108951645528650998e-01 2.295882990005936319e-01 4.127732494803761920e-01 4.100573870655429554e-01
5.640302764953293183e-13 -3.474525091940328991e+01 9.205426414813332459e-01 7.719969566073665579e-01 9.143332733004227997e-02 4.246727317668439472e-01
5.863409436743395738e-13 -3.470395741565771885e+01 6.299294009947954409e-01 5.508819709661505470e-01 1.161477576422925706e-01 2.487818188788110119e-01
6.223962356211410302e-13 -3.464178192651049670e+01 8.000285139048750604e-01 4.178547347342481677e-01 1.634311914959826195e-01 5.518187703205142958e-01
6.357472960381119775e-13 -3.461805770008091088e+01 1.824288565518288330e-01 1.642422362518717316e-01 5.663899943370137580e-01 1.646034076992838324e-01
7.025140009754961454e-13 -3.451569351996631241e+01 5.936493012871711938e-01 2.573198124124436159e-01 1.260118910394404379e-01 2.646514114377833682e-01
7.033606406002429549e-13 -3.451198908864355275e+01 8.022417369326577674e-01 7.396079969727588077e-01 1.830747599543263160e-01 2.090498076336486655e-01
7.077620247943289552e-13 -3.450325093717003000e+01 7.815211544794943288e-01 3.206951546326873848e-01 1.835446065698564944e-01 5.711748632359361366e-01
7.234468623532868344e-13 -3.447883175307706694e+01 4.664062625983119714e-01 8.540670072246825395e-02 2.101924667222884180e-01 6.341622671703037728e-01
7.385149114483230125e-13 -3.445571755788762403e+01 1.557104995533100666e-01 4.810637377109494572e-01 4.911194686936500853e-01 4.004994150195306801e-01
8.420111681563247720e-13 -3.432206557319186402e+01 9.394853279488318831e-01 6.956932793099683821e-01 5.257887021338162326e-01 2.740795227008885337e-01
8.568583831233153079e-13 -3.430208619347756382e+01 8.398810472219425671e-01 6.760891889384541553e-01 1.303308065174834107e-01 5.415303121424468458e-01
8.624840024562252472e-13 -3.429304225033318687e+01 5.286129697741437372e-02 1.587016453851375353e-02 2.221098280779643108e-01 5.716770212096330406e-01
8.682611337838496263e-13 -3.428386633640128878e+01 2.015284285490976934e-01 4.177867829068954153e-01 3.586168354815131298e-01 1.545049550637560554e-01
1.020233647570919985e-12 -3.412007190489719477e+01 9.156794354053768847e-01 7.702517167147872046e-01 3.464302617122244632e-01 5.006636637979967608e-01
1.081688692586301737e-12 -3.405908014798134786e+01 7.885249466684499664e-01 7.023542036327851124e-01 8.920265656651271691e-02 4.385422669447253119e-01
1.227850751108214309e-12 -3.392983828805461144e+01 5.839886973957792993e-01 6.251096867129979362e-02 3.132694808314602231e-01 1.766305562691189435e-01
1.240297820962933744e-12 -3.391725204323301313e+01 8.526272416404345744e-01 1.684566647615085566e-01 1.228465836480944207e-01 2.777504847161419432e-01
1.237865114717688652e-12 -3.391671535806727178e+01 8.275060753653052936e-01 8.316248866790513228e-01 6.489958905390302846e-02 2.900658268297071629e-01
1.259542407498876803e-12 -3.389685508585770890e+01 5.466659725814019266e-01 6.118415862049947362e-01 1.610297636915966057e-01 8.865546876678574995e-01
1.318419117628692709e-12 -3.384867019151121070e+01 1.463320819693419983e-01 1.202527720795153465e-01 3.656017136007574386e-01 1.538531848078873443e-01
1.344752551355466052e-12 -3.382639355276707960e+01 9.895510735996706497e-01 9.666811027868420503e-01 3.686584143601936425e-01 1.748975560830016152e-01
1.350680624292106479e-12 -3.381949494066411432e+01 5.445492948788566157e-02 4.595154769805160910e-01 5.993317072911110710e-01 1.737276738320712166e-01
1.387542517516029898e-12 -3.379006936278395301e+01 7.950377027546238207e-01 2.244610128010507966e-01 9.887834950932150591e-02 3.410895763026069449e-01
1.447608468678672487e-12 -3.374519070936631238e+01 7.105469626088340984e-01 4.893452999413894222e-02 3.567637194528251454e-01 1.557522529981990589e-01
1.452509819180896005e-12 -3.373931060229324430e+01 8.345214333225701164e-01 7.140680095078874023e-01 8.481065112309227327e-02 4.284723895783119074e-01
1.536569115639362549e-12 -3.368055148811269106e+01 6.904199390485384891e-01 4.407287352789140966e-01 8.784271205569993413e-02 2.758012025770685272e-01
1.548763461500859863e-12 -3.367014672643544770e+01 6.085261023099991506e-01 1.962689296859375654e-01 8.881793378284363882e-02 5.054572312900629250e-01
1.702695760806761672e-12 -3.357289083545521180e+01 8.384178452734452058e-01 7.945444681710021051e-01 3.166296228852373273e-01 5.367477105523154046e-01
1.728297738157456846e-12 -3.355546661449370305e+01 7.868780925524232472e-02 2.376460599549458097e-01 4.783557039903402197e-01 3.382844754575441426e-01
1.802698955724650430e-12 -3.351081861046606747e+01 7.990798051691007098e-01 7.798018038727421164e-01 3.525574703806155785e-02 3.579245233743166832e-01
1.902356280737043066e-12 -3.345451030662702863e+01 2.283318687194924035e-01 4.982359407931391537e-02 5.223201143856174289e-01 3.040890951574981571e-01
2.079546704274433271e-12 -3.336295363288210325e+01 1.278874577932412882e-01 1.390959953352181033e-01 5.472703899894743040e-01 1.566816184895606368e-01
2.110871661622225683e-12 -3.334550260025251589e+01 1.414970771462179533e-01 2.480286175018129313e-01 2.040878275002555586e-01 5.624343705668738425e-01
2.109240469025892275e-12 -3.334377565680981093e+01 5.896672659107140557e-01 4.548271674687613952e-01 2.483091910187182894e-01 6.272513352431526856e-01
2.227790911638320002e-12 -3.328659310031022756e+01 1.630387721065792439e-01 7.527207458942930529e-02 2.541605662137343957e-01 5.582365552672802211e-01
2.847011733918128008e-12 -3.303883364241762166e+01 1.345107480780302067e-01 5.830719460642275198e-01 4.305535221325205164e-01 8.825084889995674642e-01
2.896067960989022772e-12 -3.301924963076724850e+01 1.709789269771694320e-01 2.135590706218407631e-01 2.195271118923944886e-01 5.615630988229219911e-01
2.998097559449551493e-12 -3.298212563154590526e+01 4.378164465761926749e-01 4.211983681545674596e-01 3.881335188807186753e-01 4.046352615328597802e-01
3.029648236554365662e-12 -3.296915705297222132e+01 6.402788709507357678e-01 5.586349095614516758e-01 3.127909432888269503e-01 5.710711780376036550e-01
3.080242075397476234e-12 -3.295009538240245206e+01 3.330962703755113719e-02 9.682127687519015424e-02 1.415287942120184717e-01 2.615525845566109009e-01
3.179296389031830178e-12 -3.291594366120826010e+01 5.388818646460673545e-01 4.212800815709780711e-01 2.769927080180505374e-01 6.199824976999964710e-01
3.194631646937920991e-12 -3.290863178149793100e+01 1.285657035514720103e-01 3.250141670957317208e-01 1.200885953717916177e-01 2.964202053158562222e-01
3.387185052501884704e-12 -3.284760436375536585e+01 3.859445441552891154e-01 3.395787585610484660e-01 3.809824863625673741e-01 3.684780311989701573e-01
3.454515513758146095e-12 -3.282542135238725933e+01 6.719707656424287467e-01 6.728083348750512060e-01 2.565623380659354247e-01 7.056571597994235612e-01
3.621684986468915756e-12 -3.277566418879027310e+01 4.691781633373923732e-01 1.499989004865496245e-01 2.065137658538775955e-01 3.962144651420511643e-01
3.814343328679275113e-12 -3.272133505107370866e+01 9.067441693966645788e-01 3.236320733083737355e-01 1.335032767391596265e-01 2.745254783734248916e-01
3.883395561703696949e-12 -3.270089365651944036e+01 5.359625725546511843e-01 4.815442905386959627e-01 1.128751673960171065e-01 4.317720756114948877e-01
4.132540471568432293e-12 -3.263621122805963637e+01 4.511216881339497053e-02 4.712002236519255982e-01 1.683691368498660967e-01 5.566475186553706545e-01
4.139892541692566847e-12 -3.263193374082025855e+01 1.930267560734244547e-01 4.481321008847629628e-01 2.650321011967504692e-01 1.880196452317842715e-01
4.181070468896346893e-12 -3.261953626541986750e+01 4.641718769407908729e-01 1.944075354511564102e-01 4.462739732432697837e-01 2.990207035439754746e-01
4.185741662881478134e-12 -3.261591966464123971e+01 8.552545807682609968e-01 4.151310967005351626e-01 1.866795481108919352e-01 5.644299761381601499e-01
4.177488022909122757e-12 -3.261539345777189425e+01 1.428194251387092661e-01 2.719704926338185613e-01 4.898525226799448351e-01 1.471483795387203974e-01
4.182673229224997677e-12 -3.261165300155953872e+01 3.749531586920676896e-01 3.753587675373459831e-02 4.849920144406958400e-01 2.208539623461792667e-01
4.569690159924528110e-12 -3.252065816830363332e+01 9.397601535652718718e-01 5.066711560940367898e-01 4.818703608083038104e-01 1.471840344932364708e-01
4.620958834587768348e-12 -3.250700134869343572e+01 1.218252944603759325e-03 3.480783405811195275e-01 1.058148352337280329e-01 4.046395205030998143e-01
4.732924269711143716e-12 -3.248056032189520437e+01 9.373372002258986146e-01 6.227788427471181443e-03 5.554141109938659504e-01 1.751230850035766506e-01
4.731691104644240117e-12 -3.247832090619262857e+01 3.108793707361791059e-01 5.036319837063705229e-01 2.967468252519492866e-01 2.194846822808976805e-01
5.123786621535742544e-12 -3.239620983198805959e+01 4.522166246944433476e-01 6.768741437816083728e-02 2.152894340206308321e-01 5.962913337334391217e-01
5.245887623746020665e-12 -3.237015911231423360e+01 4.730904167612232092e-01 6.749489179541434680e-03 1.387810029983825855e-01 5.092581959570031680e-01
5.318854274203262041e-12 -3.235384565403974477e+01 3.212347439152715145e-01 2.583607110260508488e-01 6.641375986142563637e-01 1.694412306075395724e-01
5.710563740390817709e-12 -3.228028582479828401e+01 5.395930767954120189e-01 7.420517573731411076e-03 1.137697562526160944e-01 4.708326958116334504e-01
5.750088114958399268e-12 -3.227088839317527658e+01 4.389086324760634872e-01 1.444414053557718791e-01 2.759071772040240234e-01 4.376617426374740383e-01
5.864506721517489798e-12 -3.224868519909244924e+01 7.538094915277003816e-01 1.022814809674670311e-01 4.412494548763404856e-01 3.810755838504054083e-01
5.961297934860449373e-12 -3.222981534053438679e+01 9.195493564450922808e-01 2.530991837805238731e-01 1.063865125238858678e-01 3.749638620267060629e-01
6.318137506520893926e-12 -3.216917910581633322e+01 3.615222165183139547e-01 3.716142835358225982e-01 3.238585996106787546e-01 5.790436149726982951e-01
7.310627532678222960e-12 -3.202077445634694186e+01 6.040415564097424417e-01 3.467724527254500977e-02 2.970134920483796792e-01 5.359088105750313691e-01
7.379334323335122003e-12 -3.200892013775369094e+01 3.362125256899979320e-01 2.914179415349584801e-01 1.491848182009199997e-01 4.037033927649666953e-01
7.669623178239031680e-12 -3.196783608733933235e+01 7.527296951521322832e-03 2.521457397326040129e-01 1.133447959205345912e-01 3.341168166380935611e-01
7.664675783258029606e-12 -3.196598135911408178e+01 7.528453584031424839e-04 3.273561433151023214e-01 1.103812970746343991e-01 3.504500125546766709e-01
7.831368852238412659e-12 -3.194196625599810346e+01 5.591764361536334382e-01 2.592700315830976932e-01 4.434271163628620283e-01 2.533898798034448507e-01
7.818823675977354788e-12 -3.194106945403231279e+01 6.508610696995231759e-01 4.027703840335429275e-01 5.371257782381653190e-01 1.669249105651211540e-01
7.943262851517089887e-12 -3.192277944288253266e+01 9.482904426907935447e-01 5.552224411008876981e-01 3.080374478847460740e-01 5.198163314727962669e-01
7.981702103244426736e-12 -3.191545188734446725e+01 3.500845654591643319e-01 4.964905708575055865e-01 3.654573462374849369e-01 2.544000247531161829e-01
9.628910622087381116e-12 -3.172533347615202004e+01 9.834005028268228976e-01 6.833856315580251195e-01 3.061447172835842778e-01 5.201263786921623833e-01
9.764237258218266004e-12 -3.170887712068726927e+01 8.237533071810045904e-01 6.345465143518080886e-03 1.105665060052321014e-01 3.634455477544883406e-01
1.031384825128654810e-11 -3.165161608957388140e+01 9.537293605200752866e-01 3.170313057764583275e-01 5.465835485420313944e-01 2.164019188512362746e-01
1.037173272571354974e-11 -3.164351947369154772e+01 4.871831328667197702e-02 4.390844555034612018e-02 1.134011229735305548e-01 3.446749124326446978e-01
1.037298211990499769e-11 -3.164089901947443906e+01 7.459575612867033190e-01 5.467143506706960698e-01 3.731539696992614008e-01 4.585207523766491322e-01
1.054420289501898119e-11 -3.162202735193362457e+01 5.968603945731904004e-01 2.527503846739626026e-01 4.478068577665276218e-01 3.650347415773301796e-01
1.193177220224469012e-11 -3.149589879706793027e+01 2.829757931169604168e-01 4.685763869571066831e-01 4.321211314185496866e-01 1.541320270822604810e-01
1.305612937997109100e-11 -3.140334586441717235e+01 4.134251622621727407e-01 5.632489568658360923e-03 2.503621425339652706e-01 3.238879284935300973e-01
1.421827609656343659e-11 -3.131557538608438307e+01 8.571068515385579234e-01 3.466727206783438708e-01 3.702900013816198266e-01 4.600270122200775802e-01
1.467886995295265352e-11 -3.128119453066604905e+01 6.060573542773228795e-01 4.580107918343965245e-01 1.806777404317208013e-01 5.974758892775362540e-01
1.499899587835770003e-11 -3.125712031478900244e+01 2.846475731203084170e-01 5.506951124285481836e-01 7.492535931579952235e-01 5.263087731473078401e-01
1.548527117655564338e-11 -3.122271424672692675e+01 6.896108692936411266e-01 7.978023485749000665e-01 1.636617625188122593e-01 8.525197630783529767e-01
1.604075153303972093e-11 -3.118497111718615855e+01 1.709972929939722608e-01 1.685802159806647493e-01 5.168388789158755436e-01 2.693075855453667122e-01
1.692805452180583614e-11 -3.112863129573089438e+01 8.524242267080114344e-01 2.747408192956342088e-01 4.320075447496211085e-01 3.868807270739098580e-01
1.783963710823026014e-11 -3.107368078672964984e+01 7.062980189173957424e-01 6.936585765518632485e-01 1.826888473330900986e-03 3.729473640817962954e-01
1.912500906526826349e-11 -3.100160671849426919e+01 7.313352474384138269e-02 3.664768752831804033e-02 4.059334396025638947e-01 1.568833662031833276e-01
2.511300166989454057e-11 -3.072671786536645655e+01 6.556291319604132806e-01 5.216025303474092212e-01 1.457779067375483129e-01 6.940397344968964877e-01
2.683112603061039362e-11 -3.065804093956362664e+01 3.616400471140224226e-01 4.868486002228605836e-01 5.132211974749810723e-01 3.976831147026380631e-01
2.706546195909161560e-11 -3.064684512359929158e+01 5.887109806236970888e-01 1.904196640029307552e-01 2.726448915452639454e-01 2.183197874112253745e-01
2.734819535017018098e-11 -3.063395302905712470e+01 8.849386847226616837e-01 1.379082272317901925e-01 1.435174241926195915e-01 4.831957841383354157e-01
3.110201067342045930e-11 -3.050283110323389124e+01 2.727716943301458086e-01 4.779642463464846003e-01 1.776720268186054996e-01 5.395773492569604368e-01
3.628381824722577373e-11 -3.034623170863893549e+01 8.109797552398391174e-01 5.469259644929870268e-01 1.905829963515462966e-01 5.237663147335751557e-01
3.638133892642340773e-11 -3.034104759588010225e+01 6.717096054934144078e-01 5.466263372810971077e-01 4.811980859780011777e-01 1.550340713875069110e-01
3.796965175983562346e-11 -3.029581636946153367e+01 8.633470310119502056e-01 1.274877022067011367e-02 2.109799765098711033e-01 5.369496001342335401e-01
3.935442994128377648e-11 -3.025749502575737182e+01 9.146006337670099517e-01 3.038510340979738711e-02 1.291909464366405302e-01 4.414639460691057726e-01
4.001354753030404795e-11 -3.023838548717809616e+01 7.474127930555680699e-01 4.302019683384509241e-01 1.280861801628374597e-01 2.870484477564260173e-01
4.357317763338004983e-11 -3.015066180305585775e+01 5.056133117314970393e-01 3.011767539506255975e-01 4.257695384067928801e-01 3.684294645253353151e-01
4.411902179027885327e-11 -3.013571254963939694e+01 5.998245703188864741e-02 5.151903633838873509e-01 3.450622198024168030e-01 2.360928357236345976e-01
4.437667717897226819e-11 -3.012738952954389049e+01 2.184854086924712391e-01 4.780875305593124125e-02 5.515942197304155581e-01 1.649466322432611154e-01
4.428748810579185126e-11 -3.012690137058422124e+01 8.602984423517978652e-02 2.151188118821234507e-01 5.244645349532606193e-01 2.485815589351823007e-01
4.875037923594548134e-11 -3.002839059559522994e+01 9.076327735446091394e-01 6.753055956450427777e-01 2.883043593655234549e-01 1.860783515395600940e-01
5.056535710032721261e-11 -2.998933687267487613e+01 2.889918597962625180e-01 1.720668157127054343e-01 2.093776490247299948e-01 5.589930269933728324e-01
5.117077796404815800e-11 -2.997493494598765196e+01 9.649157240119876633e-01 9.740084068016255925e-01 1.996170193809494453e-01 2.637885149311131050e-01
5.486085109631150013e-11 -2.990280357285010382e+01 2.650527407249398948e-01 6.094167265290645341e-01 6.139292073391322546e-01 8.990220941277031752e-01
5.629295584845396602e-11 -2.987453416303468501e+01 6.281171869875348257e-01 7.151089974421472872e-01 2.388945585857630283e-01 6.643012699292718537e-01
6.002625216090961548e-11 -2.980782156966141727e+01 1.572397749452775217e-01 1.340646740060214004e-01 3.008467146221351918e-01 1.829897783352552043e-01
6.490731849381883964e-11 -2.972714318915695131e+01 4.536946853836254512e-01 3.042461342498268273e-01 4.142871304355182360e-01 4.427090689945627489e-01
6.594623324640751993e-11 -2.970876380996882204e+01 9.668462612935638800e-01 2.625092763824014019e-01 5.278291663647908250e-01 1.715013746166098585e-01
6.699891903275561965e-11 -2.969042708678636444e+01 7.641667832288916440e-01 5.696166238838235030e-01 3.768512729835058472e-01 4.442108177920570666e-01
6.787060813334832221e-11 -2.967500050126479039e+01 7.483954675951909330e-02 2.446034160381250766e-01 1.904504023552958669e-01 5.222514547011836150e-01
6.869494901461172351e-11 -2.966042789803148594e+01 7.365205230203571984e-01 4.412336829967367091e-01 1.121467235552768837e-01 4.140694507368127830e-01
7.451147101289295315e-11 -2.957665048534745011e+01 9.701714835382253543e-01 2.857411020261979573e-02 1.347852634396929927e-01 3.178542068381240426e-01
7.453506288431739081e-11 -2.957383391479723755e+01 3.435167997377096549e-01 1.957508383163448773e-01 1.828123249569014730e-01 4.179809166648975616e-01
7.661809362370769509e-11 -2.954377031416737509e+01 8.817085771492976232e-01 2.467020889916284876e-01 1.421115155290676446e-01 4.633503323216796588e-01
7.762878063011005434e-11 -2.952816532937052330e+01 6.316640782784421759e-01 6.272336590596547801e-01 3.251560934054378293e-01 5.545204325548488411e-01
7.869145159351677768e-11 -2.951206904284256893e+01 9.641490668708312395e-01 5.682352117543187919e-02 2.856035477144193147e-01 5.181744259806804198e-01
8.150252403936476223e-11 -2.947446958263229178e+01 7.126586594230462923e-01 4.225763957700834350e-02 1.446929722240561933e-01 4.695746584133732027e-01
8.143553976141102524e-11 -2.947279178807852418e+01 2.788971970289988445e-01 1.301936281908636639e-01 4.986104666967435817e-01 3.902076597894922338e-01
8.310606633946435264e-11 -2.944998587253580880e+01 3.362087602231242922e-01 1.061491196943392668e-01 1.869887084351271600e-01 3.028802678110305013e-01
8.581998199011034164e-11 -2.941535170250091014e+01 9.218389856907720503e-01 5.110200274935652320e-01 4.504223545478998059e-01 1.588412983317664118e-01
8.637939518586695010e-11 -2.940635440648403076e+01 4.446952730600641779e-01 4.889061323487420285e-02 3.067329692227049875e-01 2.775141651210358829e-01
9.211904749417510754e-11 -2.933952183714612261e+01 5.113737172898504824e-01 2.590285067476589820e-01 1.548038124174835328e-01 5.324621774087842097e-01
1.028674540754396665e-10 -2.922666226632175324e+01 9.931323843437034338e-01 2.153752169402064487e-01 4.996145412413820486e-01 2.836700519521880848e-01
1.047047114814963511e-10 -2.920645945552041312e+01 5.311756615908139745e-01 4.597215749185665778e-01 3.662795237047279384e-01 3.963151948709291439e-01
1.117438939939249714e-10 -2.913889398008224063e+01 7.167980914113759594e-01 3.572370267723076198e-01 1.254734235121427455e-01 4.642320606326592047e-01
1.120865565746040368e-10 -2.913333217283032894e+01 4.842490802434926689e-01 4.917690389824430630e-01 1.586178488912186602e-01 5.126094107078668083e-01
1.164024953583529613e-10 -2.909304959935361978e+01 2.384320400590589362e-02 2.434067220462489134e-01 2.961052834032449343e-01 1.874070950267568980e-01
1.211756018231451365e-10 -2.905036282392664759e+01 5.693280708838205362e-01 2.725633392805689725e-01 1.799493103527726179e-01 6.468742217131262517e-01
1.241874616095712242e-10 -2.902331136102852227e+01 8.234488533010784206e-01 6.086868169019310493e-01 4.644989867340330036e-01 1.607858528070705839e-01
1.243107785708753183e-10 -2.901981886328416849e+01 9.965359301877986242e-01 1.319508415769641285e-01 2.988673839363291673e-01 5.072381140262244292e-01
1.256107346848996699e-10 -2.900691585458926625e+01 7.454118500566712102e-01 2.600943848543831871e-01 3.430101046276133880e-01 4.749959972344185433e-01
1.434301671579032880e-10 -2.887175529547032937e+01 2.046077365138821991e-01 4.537555253084751827e-01 4.546574812259116527e-01 1.602752657193522445e-01
1.463041516066128248e-10 -2.884941588723215844e+01 3.982103758918753567e-01 5.284723514984535075e-02 2.916909832827626614e-01 4.065567806526757533e-01
1.498677300781518336e-10 -2.882285046660431149e+01 2.528689669908052995e-01 5.028269798903420851e-01 2.095946421283972905e-01 5.701001557372806783e-01
1.537374982823716412e-10 -2.879485698081165523e+01 1.354431026792904946e-01 4.307913191008508891e-01 1.490604576828480354e-01 3.066759683741028253e-01
1.667599925319552989e-10 -2.871104796397830583e+01 5.824360815398794688e-01 5.077547750809662253e-01 2.059800280562205099e-01 2.875632857862185920e-01
1.708495176011864252e-10 -2.868432041717286651e+01 2.836379139042948250e-01 6.110946104332750650e-01 8.105791263598001173e-01 6.872311581192881436e-01
1.791366196579139276e-10 -2.863445481917283075e+01 4.460307188378154208e-01 6.635623851604433021e-03 3.744762924316091812e-01 4.795298938004538547e-01
1.849638795011990700e-10 -2.859994301213182055e+01 8.802112652604567877e-01 3.536760870109127985e-01 3.230551382592096177e-01 1.817046696525896898e-01
1.908305746208096321e-10 -2.856621758168741465e+01 3.108970823109026282e-01 5.623053828174112700e-01 6.227660509202488370e-01 8.320141659915606391e-01
1.913639585689106521e-10 -2.856092641515799713e+01 8.873230565758186694e-01 1.812653240115583708e-01 1.555759184907218318e-01 2.886018555122684681e-01
1.967073878585796736e-10 -2.853088628850135322e+01 1.341200693715425274e-01 2.956511154626677573e-01 4.930995012013766887e-01 2.892031034836507475e-01
2.083363700549481730e-10 -2.847094963498189912e+01 1.130303417445611691e-01 2.302747628197425733e-01 2.039240896346189436e-01 5.167358084070051705e-01
2.139223403331731027e-10 -2.844199051868779549e+01 9.243719357782315127e-01 8.782166776931765728e-02 3.800130692364269702e-01 4.334418000464386189e-01
2.258262587102854731e-10 -2.838533763535678389e+01 5.655911878431766349e-01 5.175812018680870930e-01 2.301737162990855623e-01 6.234755231489185201e-01
2.257763525147082592e-10 -2.838305865354640645e+01 6.621893016619476713e-01 7.102325428944293861e-01 4.286800822325853577e-02 3.371288890202199795e-01
2.280320529722661875e-10 -2.837061736992247063e+01 8.076714237507992555e-01 8.017915334782255155e-01 1.789979147403036874e-01 2.483049742448939501e-01
2.320907069584948147e-10 -2.835047529868411686e+01 9.585861410879804589e-01 3.600051708366940328e-01 1.341336958222986153e-01 3.776899024133338889e-01
2.431381849436993789e-10 -2.830147362817455914e+01 8.600684360217847324e-01 4.701863801968561019e-01 2.740043918669176071e-01 1.998099351578519478e-01
2.624704334545164732e-10 -2.822246513097875820e+01 3.948484884770220305e-02 3.431925060223187662e-01 1.367696005419473115e-01 4.039174989873313137e-01
2.701050730889091503e-10 -2.819129252932373575e+01 6.559770835007083800e-02 5.703140804813287001e-01 4.480155974685121612e-01 6.817836141417153994e-01
2.699586721980769538e-10 -2.818933469085817123e+01 8.735685975820388638e-01 8.594203607151462698e-02 1.504406299800592484e-01 3.041356431864349341e-01
2.841377608971701865e-10 -2.813564437807508156e+01 1.303255679036756653e-01 4.895437202553146738e-01 4.807215695005830902e-01 1.703127121273455558e-01
2.904071499590244756e-10 -2.811131966848914843e+01 7.391751235615230398e-01 4.969979635827381781e-01 1.254498593635376968e-01 4.304427328782782780e-01
3.005391199423472556e-10 -2.807452564386907312e+01 2.068300203832479367e-01 3.903341240266344769e-01 3.281082274028440660e-01 4.893769842499520184e-01
3.088498628667234740e-10 -2.804474829407845604e+01 5.146412363926682332e-01 4.681330120631506109e-01 2.139981120625027433e-01 5.086792119929801625e-01
3.123187038900598791e-10 -2.803107941893377131e+01 8.733892550746699124e-01 6.412895451577250716e-01 2.519631512672988460e-01 2.096735856640135065e-01
3.164177681809063988e-10 -2.801554018055562878e+01 4.740142734132681834e-01 2.747885356837009851e-01 2.964005841189177870e-01 4.781672737426178044e-01
3.423484536160941671e-10 -2.793427448361858012e+01 5.415050653805364433e-01 5.805254268986085320e-01 2.289650803170686366e-01 4.151948859830059124e-01
3.518723865806129772e-10 -2.790433500046570714e+01 5.427653814639559204e-01 2.638127004982906421e-01 2.037045837607601717e-01 3.103542671974894862e-01
3.578999101535373744e-10 -2.788485020547366133e+01 1.331484544250869373e-01 3.351676538249760418e-01 2.529097868965165530e-01 5.175583686843852060e-01
3.596677739649244189e-10 -2.787742281694330160e+01 8.073203445241331488e-01 7.489431685014171780e-01 2.329306165006570506e-01 2.184989424704415484e-01
3.609000813537171679e-10 -2.787150243513999825e+01 5.002009382922631975e-01 3.406679055800115874e-01 1.342213171548992667e-01 4.737451687492542085e-01
3.607685716799353493e-10 -2.786936689513056109e+01 4.385417668949201930e-01 7.866161516417524702e-02 3.289700326234586969e-01 3.467545806351656212e-01
3.794104789432976060e-10 -2.781648489531147561e+01 8.192034158004891653e-01 8.759036929877499489e-01 2.099197505415046905e-01 3.634148519820916690e-01
3.974283886560720646e-10 -2.776758880866741208e+01 9.471135606058932455e-01 5.763297981503273659e-01 5.259836280260573593e-01 2.138944294940506863e-01
4.194571579344508922e-10 -2.771114217801285662e+01 6.568294069162619042e-01 5.237982547505355413e-01 8.004291941103303110e-02 6.237637588195031890e-01
4.434906124085902089e-10 -2.765292693774278376e+01 9.052875182126264297e-01 9.790892227379710544e-02 1.416295753081899811e-01 4.074977339783546482e-01
4.569022969496116418e-10 -2.762063399640312511e+01 3.566679594288930666e-01 1.801405446158635959e-01 3.778230773461971337e-01 5.352320284244170834e-01
4.639231383281010618e-10 -2.760288468385791560e+01 7.921232185639304202e-02 8.658577246650867032e-02 1.459209906568913473e-01 4.253771954005256539e-01
4.814085612908353960e-10 -2.756338726286475094e+01 8.461850217179959222e-01 7.839364946948177426e-01 3.655088914265086641e-01 4.427361477590484595e-01
4.921147840838511336e-10 -2.753889158194240849e+01 2.489857473679346622e-01 3.962582575283738473e-01 5.370596702900334307e-01 2.885594604874988089e-01
4.940860186851651384e-10 -2.753239394328507217e+01 6.970331938242766423e-01 6.753635782737028581e-01 4.166952010200504208e-01 1.904408184358188372e-01
5.102802221257523976e-10 -2.749764354223602325e+01 2.548655382854836393e-01 1.614274201425562882e-01 5.455230748696218157e-01 2.900700210141076152e-01
5.225639843105123596e-10 -2.747135613785556885e+01 8.180538593362193245e-01 3.259064430834290871e-01 2.072278462003818156e-01 2.408948973390442339e-01
5.214035448594066461e-10 -2.747107927199838429e+01 6.721927410357743105e-01 2.133749285883150826e-01 1.109664984048812642e-01 5.330821866826886968e-01
5.481052948348951756e-10 -2.741863615985766955e+01 3.888052496438043626e-01 4.565553728609639261e-02 3.310583653263651227e-01 4.485931501834501400e-01
5.630501808122644885e-10 -2.738923481693469952e+01 8.621592491470828623e-01 8.175121399908135134e-01 1.848284453296021868e-01 2.537676817259733042e-01
6.011475094102376040e-10 -2.732126322783748762e+01 6.040046877074977116e-01 5.328326330811904432e-01 2.101840648132378142e-01 2.530678745017725939e-01
6.026395743600888060e-10 -2.731628427498269573e+01 7.776299654403713291e-01 3.368665874623549827e-01 2.133273751754164449e-01 2.340034810983034896e-01
6.141135024114955021e-10 -2.729492380379687688e+01 6.959236678498834650e-01 7.039646634250010804e-01 4.495850215763617097e-01 3.052153456039576884e-01
6.752096188754152327e-10 -2.719758038306267167e+01 6.701463920310928302e-01 2.664961061717667778e-01 3.480750280186031276e-01 4.919772260065221614e-01
6.880177124997490158e-10 -2.717628898969334372e+01 5.267552477546457723e-01 3.707490268000968037e-02 4.752164034748881383e-01 2.216786927220887327e-01
6.883717091106834815e-10 -2.717327460530011152e+01 4.880955752551431326e-01 5.744669133424200602e-01 2.851777160922156495e-01 6.284413587995641981e-01
6.867025767501365499e-10 -2.717320230422153671e+01 7.000730257626804898e-01 1.271358637333794839e-01 2.676399163739043852e-01 2.052486877400574450e-01
6.937402377255725649e-10 -2.716050597899300456e+01 1.887078277541138771e-01 4.845282283660501399e-01 5.791150470163023423e-01 2.017973120413696364e-01
7.134869386128284533e-10 -2.712993944153710757e+01 8.204410430787126840e-01 3.315241462734463962e-02 2.920415881686276860e-01 4.976422121011332411e-01
7.940064108855769421e-10 -2.702051203682998448e+01 2.713198974823085585e-01 2.198991837191959231e-01 2.503140299425378190e-01 5.425669070685965600e-01
8.463744960709235560e-10 -2.695414164379901223e+01 1.480316815339272063e-01 3.587487531201537516e-01 2.676239540098043213e-01 5.069267680299857082e-01
8.485309738604708862e-10 -2.694909698394457465e+01 3.414441978772070341e-01 3.062540742453990772e-01 3.765887914673179404e-01 2.061843051997082066e-01
9.561596112831683242e-10 -2.682717871568298307e+01 5.852705175169997664e-01 3.125699102268862939e-01 3.371698871092637662e-01 4.868521860351271435e-01
1.009904102325995550e-09 -2.676999291507235768e+01 3.509355352316458898e-01 1.019886765646249582e-02 5.463503385116255107e-01 3.176368251774129847e-01
1.053583984248295135e-09 -2.672515062287340371e+01 2.830942472602349103e-01 3.863983603883678342e-01 1.684740313900194852e-01 3.049920751702790422e-01
1.062121531194247014e-09 -2.671457994080037679e+01 9.848011207272446832e-01 7.443169808376076668e-01 3.973180142463693665e-01 1.739039394374896075e-01
1.144508866190417354e-09 -2.663737268606448083e+01 9.662128499071827026e-01 4.716721053861369084e-01 1.487942923546204943e-01 3.973383145776920866e-01
1.153952338977781586e-09 -2.662665542670506724e+01 8.930801194995385828e-02 3.497413967001253843e-01 1.682448907616728162e-01 2.936034441657637828e-01
1.173891043629548015e-09 -2.660702438393787617e+01 5.074902921472752571e-01 2.525827060997386520e-01 2.417977642805507754e-01 3.518134846907220448e-01
1.207662409563040939e-09 -2.657616169505207182e+01 6.446623089937412177e-01 5.311388363735594087e-01 2.287295577907513255e-01 6.008032409252214157e-01
1.256554267441695972e-09 -2.653397502678806319e+01 9.893660617507894495e-01 1.927507655436052625e-01 4.695948951752136891e-01 1.722462698122680935e-01
1.328279429681685217e-09 -2.647596385038831102e+01 4.519267504532381574e-01 4.293849661139979013e-01 3.919377935079821906e-01 4.008996331704816063e-01
1.332644528977916587e-09 -2.647018295752580741e+01 6.737734359664566686e-01 4.825926231620703000e-02 2.105910822969487839e-01 5.091986503825680632e-01
1.350363599801453480e-09 -2.645447440385265025e+01 8.034442506354615432e-01 8.954167016271082913e-01 1.990375537544312179e-01 7.367384236940026643e-01
1.377537256845789281e-09 -2.643205098483439386e+01 8.867645082562934933e-01 4.697895901243246408e-01 3.236106209044877779e-01 1.907112149795688882e-01
1.376391463011418363e-09 -2.643038310070742014e+01 7.494376883347042551e-02 5.507136347525524167e-01 4.652074658403283491e-01 3.641197122783108586e-01
1.410823750803059664e-09 -2.640317453899811539e+01 5.570786517144988848e-01 5.002090538195196334e-01 2.310641620593196777e-01 6.335784463604975381e-01
1.451418219414171737e-09 -2.637230713244937519e+01 6.851084525693196259e-02 4.566064392325552834e-01 2.060179842820955010e-01 5.104987082337207882e-01
1.459943858936560946e-09 -2.636395031102783904e+01 4.976298621966250835e-01 3.668853473614807070e-01 4.270164198950293644e-01 3.570450282748200976e-01
1.508792519501203447e-09 -2.632853861825358877e+01 2.586542352006349077e-01 2.408750440056309783e-01 1.507272731416453571e-01 3.652264421665996075e-01
1.536536444761777086e-09 -2.630781747158117057e+01 8.599287046719243932e-01 4.121486095107684822e-01 5.125694317432796243e-01 2.263902924580425413e-01
1.596402622357324824e-09 -2.626709555636515248e+01 7.156829334138763432e-01 2.829815737898464523e-01 3.289929073139647997e-01 1.926761990755825327e-01
1.609109856936942371e-09 -2.625666715101596083e+01 6.416011220976278739e-01 2.629427093193349441e-01 5.076863552519016443e-01 2.216789879439859945e-01
1.606804373163331500e-09 -2.625560094806626665e+01 5.344094132152290566e-01 1.820391613047095403e-01 2.202260829002429254e-01 5.332595628162940526e-01
1.606577260334878739e-09 -2.625324230247401047e+01 3.218120948658437230e-01 4.944610088330351205e-01 5.539218304675326277e-01 4.743152831683626891e-01
1.617290450580228782e-09 -2.624409610564388728e+01 8.606252916467993508e-01 2.051553325044284115e-01 2.572197108782351416e-01 5.032215375785394906e-01
1.690101123445210778e-09 -2.619755992972260827e+01 6.698046475359008545e-01 6.334294184825163265e-01 3.459055502071870514e-01 1.842983276922960378e-01
1.711708869344548295e-09 -2.618235608291962180e+01 9.856265200243471414e-01 4.325719469182898180e-02 3.121448616461135472e-01 1.950257053575524813e-01
1.755522493174609673e-09 -2.615458176370802335e+01 8.953290706895077333e-01 8.919793550113912506e-01 4.987838679112466256e-02 6.058582431236032573e-01
1.876430924208497122e-09 -2.608547676528353776e+01 6.888902024588284823e-01 2.630621030341850908e-01 2.529433326626302492e-01 5.448290917732633298e-01
1.905567739790646305e-09 -2.606756830291105942e+01 5.901803687473505811e-01 4.132336777847939180e-01 2.332390529023411485e-01 5.698572004283928294e-01
1.905274284829123861e-09 -2.606522231347366159e+01 9.678123421671533944e-01 3.008990709215495496e-01 3.218621422506836582e-01 1.925882973980157509e-01
2.034495491786250960e-09 -2.599710042065132498e+01 9.381561269001204018e-02 4.704793506182572971e-01 3.628203698164573776e-01 1.924591224161277259e-01
2.042871534290946064e-09 -2.599049186028204161e+01 8.987975964059741196e-01 5.518294706948452255e-01 3.175639769531344303e-01 4.737986510124728712e-01
2.089073323453291295e-09 -2.596562771148097326e+01 7.511593516903343204e-01 6.144719119405982477e-01 2.231004861559154895e-01 2.352993854020956066e-01
2.146959399143077294e-09 -2.593579568501399635e+01 9.283521242783158156e-01 9.969833975862378850e-01 1.697493144102191209e-02 7.246589031576764484e-01
2.152061044431675751e-09 -2.593092228495676466e+01 7.739930710491522703e-01 9.214631690978558609e-02 4.697122543991565369e-01 1.756305667812645410e-01
2.275762885852730089e-09 -2.587253296259392954e+01 6.230659995840971410e-01 2.695775999360089381e-01 1.780175854562121573e-01 5.190075537779673676e-01
2.282390523099764897e-09 -2.586712492448153711e+01 4.494367742263937204e-01 7.346289206381462211e-02 2.336440203365552915e-01 4.537518979020149779e-01
2.302763973697475543e-09 -2.585573816409268133e+01 2.802512805544790098e-01 6.035185917585216275e-01 6.115089389857368829e-01 7.939317618807353316e-01
2.315878875825423394e-09 -2.584755903374886188e+01 8.716235236750659032e-01 6.071001158786215601e-02 2.318847681257716342e-01 4.989849531951034978e-01
2.385842635878996402e-09 -2.581529592483509106e+01 5.847935562508078666e-01 1.129300540435280720e-01 4.047800975398130330e-01 3.930753315345593135e-01
2.567674286852453659e-09 -2.573934775077997728e+01 1.094969839624861940e-01 5.434657066199120035e-01 3.293308315270999653e-01 7.678756421632341178e-01
2.615875966919350999e-09 -2.571824927401180361e+01 5.112626272048240716e-01 2.639174979699754342e-01 3.148331528040918537e-01 3.751893089339322085e-01
2.711791923461881219e-09 -2.567973865047810733e+01 2.905784035683500743e-01 8.130735635045605036e-02 1.683632299119510733e-01 4.461957847657668230e-01
2.740847935846035062e-09 -2.566658095506297599e+01 7.218300932951204896e-01 7.107408527933264386e-01 6.547826392750022428e-02 3.573969960512515254e-01
2.777717608086508424e-09 -2.565071870701705947e+01 1.853409261032423760e-01 6.015878265268705949e-01 6.280432411728231745e-01 9.366516642427780148e-01
3.023800011138812310e-09 -2.556333397097790439e+01 1.279080992277046303e-01 3.855456776809946806e-01 4.899696315046705442e-01 1.823717137922249432e-01
3.070143022096177953e-09 -2.554562414570960627e+01 6.355299329950135911e-01 5.634389877398423563e-01 1.143860223081001326e-01 3.170740977917581027e-01
3.071435263988355830e-09 -2.554270332817669598e+01 1.446748603612099116e-01 9.316939654405287374e-02 2.419901959370531763e-01 2.294241734119564224e-01
3.072282280654046216e-09 -2.553992759392788159e+01 6.809797192579210012e-01 6.937071247817306885e-01 4.460731838116127612e-01 3.281355689190627034e-01
3.125564235051307175e-09 -2.552023347111893159e+01 9.634116378990738028e-01 5.853072480900766150e-01 5.016574101638512362e-01 1.910892127722957357e-01
3.158032120310423963e-09 -2.550739920635126268e+01 6.307006676610806828e-01 6.853412298919162593e-01 5.511159268949883394e-02 4.453673924674413920e-01
3.760992616568986696e-09 -2.533016537689564984e+01 8.305296820711455252e-01 1.176287640209330299e-01 1.573696168365663617e-01 3.682949108097048896e-01
3.886889271646183987e-09 -2.529473912860298768e+01 9.506946449265384347e-01 9.927322316753161013e-01 3.281509686736340248e-01 6.181350555133111602e-01
4.300500611172609805e-09 -2.519111685609955487e+01 5.715571281555154037e-01 1.840398403600206345e-01 3.624321211557749445e-01 4.140684923720256982e-01
4.308785456777291933e-09 -2.518669222539343622e+01 9.512624037386792075e-01 7.648281517302035759e-02 5.062970276223837107e-01 2.041201653648339054e-01
4.381073834975762234e-09 -2.516755443108325707e+01 6.469978099625114387e-01 6.359652982306016611e-01 3.659209724674108433e-01 4.771925676771058278e-01
4.447968861934085775e-09 -2.514990073676626636e+01 6.979792999911449414e-02 5.884515456966530333e-01 6.941727962476863523e-01 7.187993016766720533e-01
4.762501495927675804e-09 -2.507907523866726507e+01 5.976880975930163320e-01 2.946870952751412531e-01 2.917523733463418534e-01 5.206065179656330644e-01
4.857778481914079809e-09 -2.505676706230318018e+01 6.362627103136043738e-01 2.003169430073183932e-01 2.515963466026632789e-01 2.201695721212661994e-01
5.254543504191044382e-09 -2.497575516152040365e+01 8.531688828228469745e-01 8.673866247324814038e-01 1.429719218499897471e-01 7.251168661680948979e-01
5.562960313905759418e-09 -2.491621789609536108e+01 2.251882458854574942e-01 1.181623378272367297e-01 4.594302808986620024e-01 1.742911345396999101e-01
5.659990460029575838e-09 -2.489642608651905320e+01 1.487859568877932803e-01 5.045322214714074160e-01 5.876220634066574577e-01 1.966392474337006480e-01
5.711738293312229281e-09 -2.488482488623509070e+01 5.582308527024010258e-01 4.352687368098437926e-01 1.764609218636651322e-01 6.387157095768887238e-01
5.819195813774204354e-09 -2.486368621735692130e+01 9.056932789376899162e-01 3.893022144234999926e-01 1.708472160250730232e-01 4.278373811380717928e-01
6.732304373806559688e-09 -2.471543080493535882e+01 2.384097872100658932e-01 1.339187352233596195e-01 3.900046502225379408e-01 4.176762047551362267e-01
6.719945751126783809e-09 -2.471476821147209790e+01 3.303985375287179505e-01 5.944697114538133320e-02 4.465099558969441995e-01 4.979945851777350940e-01
7.020388763037311099e-09 -2.466852969737119494e+01 1.997996416044176549e-01 2.876410202378735237e-01 4.502042728865641719e-01 1.787046225969073365e-01
7.244796505728864496e-09 -2.463456480539345250e+01 1.564816317379235100e-01 1.072282904857908559e-01 1.648715507465445818e-01 3.483331689568898160e-01
7.255841908791895755e-09 -2.463054136830281493e+01 5.887920453141097799e-01 6.103926908432049103e-01 1.095462142629405333e-01 5.000513861891301426e-01
7.429781921686179381e-09 -2.460435178597832362e+01 6.224736232552846582e-01 6.821646995348465969e-01 3.516587977101626183e-02 5.944788711139729065e-01
7.667796230620293114e-09 -2.457031904238845854e+01 8.679200358166446749e-01 5.823290491310894046e-01 2.158848338577100678e-01 4.922419523242519412e-01
7.712000298686683621e-09 -2.456207069718722025e+01 7.186454507118844592e-02 5.326384217712092362e-01 5.181335791933847634e-01 6.668335668358414958e-01
7.883589241451634553e-09 -2.453756500556486841e+01 6.100045925995130069e-01 3.853272867068311403e-01 1.285030737646156718e-01 3.994594063988710086e-01
7.943266869056573967e-09 -2.452752365812103719e+01 1.526088480864634667e-01 4.152344076960101660e-01 2.916965596601202027e-01 2.121257042134473414e-01
8.039251656826974748e-09 -2.451301229187577135e+01 5.021758351903348183e-01 2.804178571557184307e-01 2.996034070007873584e-01 3.237193783280651882e-01
8.024815475732629950e-09 -2.451230961815204168e+01 1.516994441271357630e-01 3.028156666288221999e-01 2.301004261783471394e-01 2.447179906489027612e-01
8.195268605050091019e-09 -2.448879130486771416e+01 8.118148760824982491e-01 7.396870397731833968e-01 1.597394201115405199e-01 3.165210898575072651e-01
8.422284956415950240e-09 -2.445896712929025085e+01 3.018723419815962927e-01 4.225426734613587643e-01 2.222934038391173317e-01 5.309076582944846079e-01
8.401360698102417323e-09 -2.445895461262560033e+01 1.688788580665419037e-01 1.048336019644491302e-01 4.609537900971693025e-01 3.082435640480315486e-01
8.393944556549702397e-09 -2.445733773346469775e+01 4.863669272742972005e-01 2.773254896588353002e-01 3.762449335619018065e-01 4.966568958702848313e-01
8.545851685943787616e-09 -2.443690231094678822e+01 8.371552343785371164e-01 5.255194797021318642e-01 2.337800341764820766e-01 4.921358484393032473e-01
8.572033331587176755e-09 -2.443134332719587221e+01 1.897004109336382083e-01 5.837709512263855594e-02 1.667261778933167848e-01 3.471786510554055738e-01
8.928751364179908311e-09 -2.438807173295345621e+01 8.329988164918903371e-01 8.190082181702805775e-01 1.640188704288019217e-01 5.762970532985733918e-01
9.073710071829327906e-09 -2.436946706402289209e+01 5.963913824185596013e-02 5.650867094189755413e-01 4.755177509747300357e-01 5.779119615226987472e-01
9.804784056931845267e-09 -2.428947785759013911e+01 7.071282648046780528e-01 7.094433812050932042e-01 8.828052150346987759e-03 5.270613975368441118e-01
9.838957530913421291e-09 -2.428349852975401291e+01 7.926730783178388418e-01 6.183525034869530312e-02 3.694630402392570234e-01 4.179889543419205156e-01
1.010173708847117746e-08 -2.425464089520923139e+01 3.095833329500097264e-02 3.483593299167740964e-01 2.980599285435522328e-01 2.096724773629449201e-01
1.028726942006940799e-08 -2.423394114107558650e+01 9.884672186574947617e-01 7.720881062073809975e-01 3.567620580556458698e-01 4.297762650867789080e-01
1.059343659796263877e-08 -2.420211367275560477e+01 2.769897036768252940e-01 5.250233512251775148e-01 7.013496538366434940e-01 1.763922350657110005e-01
1.209666087015171715e-08 -2.406691883985165603e+01 9.459631585174961277e-01 8.527274329565470712e-02 3.999488740487289196e-01 1.853535208502894438e-01
1.218776895362329393e-08 -2.405691538915550964e+01 6.477335124804102229e-01 6.283061520668856703e-01 1.542826194663529105e-01 6.810237936988718932e-01
1.330655861123982899e-08 -2.396659125088120490e+01 2.130507781815016433e-01 2.019995749628776815e-01 1.735927387987054038e-01 3.340968454779618124e-01
1.518420101408974463e-08 -2.383209281289916248e+01 6.289543544289148969e-01 1.706640436926554205e-02 3.586196386841584705e-01 4.273985557746344810e-01
1.566478446020614475e-08 -2.379843312823902934e+01 2.385529878220465916e-01 1.799905048894403503e-01 3.906421698812989618e-01 4.110081446663641502e-01
1.580042012778158791e-08 -2.378731176318025575e+01 9.795558826121518736e-01 1.232606311163418900e-01 3.290740351701042510e-01 4.494713731563645398e-01
1.596426417611545236e-08 -2.377449555793526059e+01 3.100569899413072594e-01 4.891763565297113647e-01 6.346209931690129924e-01 3.324770454646125417e-01
1.624271189351028278e-08 -2.375470398391643911e+01 8.940691175896186005e-01 1.074537547617010480e-01 4.906168258476806265e-01 2.025916185994933727e-01
1.650477084127313052e-08 -2.373619881221717165e+01 8.144663597342416406e-02 1.771451182058743079e-01 1.709192300218355109e-01 3.631581451758554291e-01
1.724273225574506959e-08 -2.368995755703532780e+01 6.929144008505101482e-01 1.246865495885060016e-01 4.364968139463532015e-01 3.391925324917904883e-01
1.723834143828168867e-08 -2.368771223689397232e+01 5.544793555210827396e-01 1.727260427269946552e-01 2.310316846299167448e-01 3.052382092294088078e-01
1.743138800803753566e-08 -2.367407580358610275e+01 4.891688278086081532e-02 3.745453513404362056e-01 2.550506911610562755e-01 4.806563892201084487e-01
1.765351250237733253e-08 -2.365891352101259315e+01 8.013585433073485698e-01 8.221319467243757284e-01 2.348312127189456922e-01 6.495447036977169963e-01
1.854592096808347833e-08 -2.360709842225620747e+01 8.972429312785796807e-01 7.581571206744728286e-01 3.765811628680295620e-01 1.918663628595320692e-01
1.860542074554142151e-08 -2.360139531703387661e+01 8.983998380762523439e-01 8.577908482710964178e-01 1.534612710212784892e-01 5.162639277958591677e-01
1.971703523988933096e-08 -2.354086529815851137e+01 5.480588321828749887e-02 5.062998379551644224e-01 2.667471963133970503e-01 3.123140053694490881e-01
2.030836019148793888e-08 -2.350881565986440336e+01 5.605506081031644827e-01 2.015580695071004236e-01 1.346694529966201426e-01 4.669104047887272513e-01
2.044553980601015416e-08 -2.349958353692015578e+01 7.198358412031136133e-02 2.839279045451738037e-01 4.346643168836666904e-01 3.376736330951835008e-01
2.176487459742621734e-08 -2.343455087989993402e+01 4.941329470254866019e-01 5.080778704866690809e-01 3.041761790193585613e-01 5.826406622703285132e-01
2.529829003165541696e-08 -2.328161148745786591e+01 5.890413133805798562e-01 6.410743445250288719e-02 1.621680112341653546e-01 3.968026818544241330e-01
2.525046731257558667e-08 -2.328100363024674024e+01 7.152201141365059911e-01 4.103495429016906781e-01 1.627380706683001499e-01 4.347332737871755226e-01
2.600199125378638106e-08 -2.324917517145262380e+01 8.210119167225017334e-01 6.856682029016261115e-01 1.708804160496844027e-01 3.788406326634167209e-01
2.599567155865423852e-08 -2.324691824757648817e+01 9.288602729977559758e-01 7.056010946304821507e-01 4.169784043326996148e-01 1.879713612587816662e-01
2.631507833787140013e-08 -2.323220619749585580e+01 7.356329479604926114e-01 4.068355635206100107e-01 1.618552163285845724e-01 3.952119737216660544e-01
2.659847169225743478e-08 -2.321899453426683735e+01 1.261866256774065720e-01 5.343888982055318149e-01 2.958529585082922964e-01 6.333339286376177268e-01
2.699849121473162253e-08 -2.320156730971852355e+01 6.506421179438856006e-01 1.172408729914622416e-01 4.257047741045999478e-01 1.883418635280318387e-01
2.806394413201581658e-08 -2.316036266777269148e+01 9.382973770242379885e-01 6.036814238445232794e-01 4.744568100832423641e-01 1.962963550098612009e-01
2.866563612155112697e-08 -2.313664923553459118e+01 1.224742843418513694e-02 8.315120415905263851e-02 1.790617285207979359e-01 3.984670007774167022e-01
2.888893472250436062e-08 -2.312638965299930405e+01 2.573426032489577464e-01 1.285111695480546379e-01 1.883291798282477059e-01 4.383224653825562589e-01
3.144008931894734548e-08 -2.303926448473517752e+01 7.096661857797631479e-01 1.603799805327147388e-01 1.912746443956331310e-01 4.508576625674595162e-01
3.155338113647426980e-08 -2.303316754242178277e+01 1.863626555349768843e-01 8.278059021784556215e-02 1.787143656296990013e-01 3.912951937505619870e-01
3.155993636021400777e-08 -2.303045981371971607e+01 2.810666514748461076e-02 4.237089730062385540e-01 2.188871856805685301e-01 4.674017567493436998e-01
3.167904683011964160e-08 -2.302419281416509023e+01 8.253736483082372288e-01 3.864497552568713079e-01 2.329368549250634413e-01 2.544012552287446827e-01
3.269015254934133102e-08 -2.299027440595580529e+01 5.445539084643314931e-01 7.542379761193784837e-02 2.795433567068140723e-01 2.623339322904575388e-01
3.303560865595691866e-08 -2.297726226333477939e+01 4.841392640408659354e-01 2.083773589088354639e-01 4.216630323259135116e-01 3.167279755236892536e-01
3.397718973080957577e-08 -2.294665888402731113e+01 6.044499320124210318e-01 2.678431782574165476e-01 4.331240526567222693e-01 2.489583944810390692e-01
3.451556569890878171e-08 -2.292843789126070320e+01 7.864539523194518100e-01 8.568937088979761141e-01 2.710806106905008228e-01 7.081527622458441140e-01
3.554345054953480675e-08 -2.289659238602974867e+01 5.951660886274017237e-01 1.803484697213264543e-02 1.753692861837536920e-01 4.058930972843693974e-01
3.915022017944629941e-08 -2.279744224680851516e+01 9.768635058982977348e-01 2.990665465177119176e-01 2.620154930812604865e-01 2.356725129572470046e-01
3.926459245687168167e-08 -2.279202513575041777e+01 8.276412072146708265e-01 7.174285209510713468e-01 2.166808874732307766e-01 2.678541207581208727e-01
3.946280331884131409e-08 -2.278448975311593117e+01 2.852215187345727987e-01 5.757797381634948142e-01 8.696092429311470529e-01 5.955125534297901480e-01
4.012342843162132705e-08 -2.276538787935562169e+01 9.830423444455702597e-01 9.489883659178046660e-01 2.990529731105888711e-01 2.286910831842644543e-01
4.002555389123331383e-08 -2.276533019580687522e+01 6.140616998436714269e-01 4.058130752620184856e-01 1.677509005221247129e-01 3.342909653549849258e-01
4.039574156782649598e-08 -2.275362392055113148e+01 9.837648771745391985e-01 7.765530714933209788e-01 2.295961863753727128e-01 2.598426282133055043e-01
4.059717872429543135e-08 -2.274614971858178336e+01 3.150036740139572355e-01 3.205043281440758118e-01 2.060474890281603910e-01 3.369874816178816124e-01
4.055116775910816843e-08 -2.274478371507368379e+01 9.962678716348444263e-01 4.881966580554368829e-01 3.720247639719199695e-01 1.961720945639783276e-01
4.205072756345382679e-08 -2.270597160461496244e+01 6.139627988897431443e-01 5.036364714071905890e-02 4.794299338122571807e-01 2.482454944060247248e-01
4.218234632883904623e-08 -2.270034649314929709e+01 8.318704395959453102e-02 5.949684494076976637e-01 8.347522987436569730e-01 7.400973630565917949e-01
4.273524685297191630e-08 -2.268482426025897070e+01 4.979898464145698922e-01 1.975225686330431829e-01 1.852580053445840313e-01 4.538127108092592232e-01
4.347905401764583284e-08 -2.266506898793313596e+01 8.479912675046251680e-01 6.283478062109246753e-01 3.867184046628071581e-01 1.966156207504862197e-01
4.406679327174228150e-08 -2.264914178144523760e+01 7.921215406569386275e-01 7.337001544033441292e-01 2.221019979339710071e-01 4.958132554214182974e-01
4.396750681254067548e-08 -2.264889741365229625e+01 7.766885226172240975e-01 5.801359595722348494e-01 1.733217725631701622e-01 3.459510137866367296e-01
4.450955979911403811e-08 -2.263414430017901324e+01 6.145599465276055939e-01 6.242501036645617951e-01 3.160078896666393966e-01 4.004371090464665661e-01
4.499730192890596991e-08 -2.262074576238819290e+01 6.363683681245303481e-01 3.581938154344267433e-01 4.722929778861884031e-01 2.614495435907557841e-01
4.550150565547204276e-08 -2.260710287648713646e+01 6.889080977357195934e-01 4.809975579034182491e-01 4.350621064400663762e-01 1.944641869322907279e-01
4.601671597685827557e-08 -2.259334357194567033e+01 2.954377274496234884e-01 4.352363030735573179e-02 2.114322691151199196e-01 2.915405205029109048e-01
4.671017237918648944e-08 -2.257588632830548292e+01 9.704329588677107488e-02 3.439927440811800796e-01 2.455923355863609547e-01 4.673454656547073593e-01
4.715362849571779411e-08 -2.256393733067619678e+01 8.383665382419012158e-01 5.397079560339851367e-01 4.838031664221561501e-01 2.323252780510086657e-01
4.725337956101816229e-08 -2.255932411674272231e+01 6.999935688473468698e-01 7.444473646967350033e-01 9.143208675244285377e-02 9.130970293523158476e-01
4.776869272684769074e-08 -2.254597783218419238e+01 2.918040085700487341e-01 4.954693395695286551e-01 3.932299127027228947e-01 5.661178195650609091e-01
4.768169104495659844e-08 -2.254530080455050722e+01 7.794405220263707079e-01 6.227425536149635565e-01 1.846371547406155944e-01 4.258164809499289660e-01
4.761099081059229823e-08 -2.254428465925918346e+01 8.131614072439502516e-01 7.901232953028380912e-01 4.264525223904949147e-01 3.382483317152735758e-01
4.752193795019846664e-08 -2.254365683722248548e+01 7.147261779223939016e-01 2.582896585453258176e-01 2.539576227541407993e-01 4.813370980996067861e-01
4.812864259179757342e-08 -2.252847081326282819e+01 1.619636947263485283e-01 5.722013216891252974e-01 6.479891192887818896e-01 9.827772607151025186e-01
4.995952903119696867e-08 -2.248863503493024041e+01 8.699553610034557183e-01 2.714247625355954430e-01 2.221553495700079317e-01 4.588980772686200860e-01
5.036584662682435874e-08 -2.247803499414746042e+01 5.416599927066143572e-01 4.620537999616888269e-01 2.114353074283148448e-01 5.586832150119851459e-01
5.046333434047526324e-08 -2.247360127331201696e+01 7.817094533619002306e-01 2.595992770862505239e-01 4.698144738504121953e-01 2.742719094513325073e-01
5.073416957777144407e-08 -2.246574865346585526e+01 7.052247525304737863e-01 5.319862625344892182e-01 1.514525459130141583e-01 4.053493119089480734e-01
5.141539348716237413e-08 -2.244991068141486679e+01 8.150120002381624484e-01 8.413268974776102471e-01 2.100423492388932001e-01 6.892325062336639441e-01
5.190407304370415338e-08 -2.243795102744894976e+01 7.374107841408613639e-01 2.438289074032519155e-01 4.809898718647186433e-01 2.321991282788764543e-01
5.193703973249979876e-08 -2.243481608259865112e+01 7.114775616557483806e-01 2.282658936021891849e-01 4.525395673217113002e-01 3.017403565342042793e-01
5.581164971408200837e-08 -2.236036566939102244e+01 2.453928719539938408e-01 5.702035790635481272e-01 6.409117903407484107e-01 3.367206827994012608e-01
5.880658160791147706e-08 -2.230559451247760094e+01 8.103053986530820429e-01 8.238685702483777851e-01 3.213183116966384922e-01 2.501328272862491930e-01
6.221544199267493205e-08 -2.224674506074492086e+01 9.640144261400644954e-01 4.814337919345382799e-01 4.309872145551368883e-01 1.936459916750479238e-01
6.327429101653054755e-08 -2.222736919165321368e+01 1.465229176121507493e-01 4.648358121064390946e-01 1.948582440449070363e-01 3.552741033580394392e-01
6.318160668201592378e-08 -2.222633506794365132e+01 2.889101572173204957e-01 1.025470147905011009e-01 3.805571870827418879e-01 4.693480374333560690e-01
6.547425046677211836e-08 -2.218819135052204672e+01 2.674069802631253712e-01 1.402609918830667324e-01 4.869016421174633402e-01 3.521216460778481272e-01
6.713870868501628626e-08 -2.216058753502791134e+01 7.572896537658768690e-01 1.182519519939932984e-01 2.001752222095207756e-01 4.293939531215279493e-01
6.869261231263922603e-08 -2.213520663525796195e+01 9.888487920228928862e-01 1.905498345639015101e-01 2.390815375588000169e-01 4.601626226594761615e-01
6.908683215836899697e-08 -2.212698414271877212e+01 9.561632430601662014e-01 4.315683855942328284e-01 4.750825593925969148e-01 2.599054218641189129e-01
6.939267276671616425e-08 -2.212006701101707762e+01 6.310910461981102948e-01 3.538743390035251624e-01 3.511399239860653054e-01 4.429651728937824551e-01
6.965544414335155816e-08 -2.211378743175650285e+01 5.527894155338837212e-01 4.615631156472195240e-01 2.379347439056177516e-01 3.398709983865593198e-01
7.185299841804942614e-08 -2.208022594993525445e+01 1.320711731557794311e-01 3.609868496832080442e-02 2.398806697634957574e-01 4.597615346453459706e-01
7.316861070219494517e-08 -2.205958177976978263e+01 7.584086047040383693e-02 5.300878591043115540e-01 5.540617154653805221e-01 5.662995919881390616e-01
7.310116522770981628e-08 -2.205800398640935356e+01 5.900352236209127632e-01 1.370701928624390442e-01 3.607404509257448044e-01 4.212152970212772463e-01
7.343314860862886780e-08 -2.205097284363151999e+01 9.669691509131946860e-01 2.420101100344774769e-01 2.488839289302786639e-01 4.616113770195358068e-01
7.354075193153147830e-08 -2.204700859260827883e+01 9.209659324164368721e-01 2.865641831911764914e-01 4.119421817147144171e-01 1.950134205840123869e-01
7.446918500945483263e-08 -2.203196287744025739e+01 4.394977777917064010e-02 7.772721675925697848e-02 2.241925409409526448e-01 4.513757226339218942e-01
7.631566758702076840e-08 -2.200497003411427244e+01 2.524242488186453359e-01 9.184983252872636061e-02 1.951773797541858091e-01 3.194014312495292440e-01
7.786283892860026970e-08 -2.198239948974293156e+01 1.045710950133729167e-01 5.865077965260059312e-01 6.648937541257424755e-01 7.091563278938959325e-01
7.839049863748063149e-08 -2.197314556406189467e+01 3.306136288660084244e-01 5.392587571314980677e-01 6.282679504935519965e-01 4.597849126657435059e-01
8.072168870686658988e-08 -2.194134099684819006e+01 2.267221942512260835e-01 5.398903027918242614e-01 3.528600977986262599e-01 6.796357699459852908e-01
8.758023936998898173e-08 -2.185729289869794201e+01 5.346764818978321232e-01 5.409394049358584589e-03 4.534461801401883374e-01 2.430775370980250427e-01
9.138617616773254634e-08 -2.181225407163384844e+01 2.047048894767647953e-01 4.309095378591079051e-01 4.982452750202416292e-01 2.096023473130558257e-01
9.143853918033542977e-08 -2.180918124958476412e+01 1.643981770013771548e-01 6.039610773428140122e-01 8.554044572557619741e-01 8.321585080354433339e-01
9.422713883846332793e-08 -2.177664005506269618e+01 6.366172635447132633e-01 5.510573505691144236e-01 2.871184848959839053e-01 5.167687847481600150e-01
9.697134598149227686e-08 -2.174543276061470465e+01 6.832984437382646492e-01 4.701748586975091904e-01 1.198621788452379766e-01 3.910604232238885647e-01
1.042918204293151824e-07 -2.167015535779064805e+01 3.211868061336783375e-01 3.674919578125260822e-01 4.800355328500900409e-01 4.485764478484219886e-01
1.079524812931865421e-07 -2.163315715095055225e+01 3.384091384236479483e-01 2.572905081932789217e-01 2.338177763724064162e-01 4.099849466133868026e-01
1.173524151805885369e-07 -2.154716679013830927e+01 6.999907566643317480e-01 3.204202800516646743e-01 1.572349149138638769e-01 4.125670738883423505e-01
1.177365956692475383e-07 -2.154139840401285255e+01 9.670935632149636474e-01 6.039760037736473519e-01 1.915349283061799079e-01 3.597966339330567198e-01
1.183085766783527825e-07 -2.153405202547484620e+01 9.593585991076936104e-02 1.319925108693563720e-01 3.442886005691947471e-01 4.201803305503455377e-01
1.211119745676836959e-07 -2.150813276590609746e+01 6.369638409767284237e-01 5.115508821170869913e-01 3.002452804062519798e-01 5.003982251472987031e-01
1.219731736925027928e-07 -2.149854716043756397e+01 1.678849677929863393e-01 1.417373382130258097e-01 2.652712284296636636e-01 4.565837061146837961e-01
1.224095863946473435e-07 -2.149247560599652829e+01 7.195354666999056459e-01 7.140068368366654372e-01 9.827665480258152009e-02 3.625523913166155410e-01
1.251748900209567124e-07 -2.146763641361227215e+01 8.575774664495610100e-01 1.120486212773718071e-01 3.232929352730408157e-01 4.349285088370455910e-01
1.260360455254625887e-07 -2.145828035158702463e+01 9.104380521496011625e-01 1.762431728738211856e-01 4.763155871142381592e-01 2.339329716699127815e-01
1.268620767669388344e-07 -2.144924780661198582e+01 9.080860260039294030e-01 3.692295877805662485e-01 3.449104227241464038e-01 2.094875332929270195e-01
1.270732625184775357e-07 -2.144508450286843271e+01 7.193531931019938597e-01 6.894606884537657354e-01 1.271212621030788359e-01 3.570215181724513132e-01
1.290242565206731975e-07 -2.142734787149631615e+01 1.965045768921980240e-01 5.131995340423538554e-01 3.832161990099617332e-01 2.395154703460526946e-01
1.341895647387361512e-07 -2.138559483073721168e+01 5.301112339176995425e-01 5.828997417575676465e-02 3.837898698813625442e-01 2.591140527326313281e-01
1.393870501099704981e-07 -2.134509369656037236e+01 8.637421228573617382e-01 8.848199076107710059e-01 3.756855109951755534e-01 4.163374707539019282e-01
1.421670273987662474e-07 -2.132284567757644211e+01 8.870003082005997186e-01 1.353157566092775266e-01 3.856264221109545476e-01 3.797022659708145786e-01
1.448195200136006244e-07 -2.130186001563582465e+01 7.053377179163904387e-01 1.505289646937979509e-02 3.336228326170286307e-01 4.272093930523519489e-01
1.464058373488000003e-07 -2.128846581989217768e+01 8.953514713620542853e-01 2.947226633837051191e-01 2.907559022947715510e-01 4.498691288485547890e-01
1.498449278367233942e-07 -2.126274734830589708e+01 8.588067207335297049e-01 3.160764557309533318e-01 1.912385224027994823e-01 3.469907914168547380e-01
1.543436018136835172e-07 -2.123066699559086956e+01 2.900343852524071009e-01 2.099802868141875667e-01 2.795488654400697381e-01 5.053666358432608030e-01
1.557887665864874832e-07 -2.121884726388718079e+01 6.701479213163943349e-01 4.372854069364754404e-01 1.062707983645955201e-01 3.725307579267772562e-01
1.559838090588478499e-07 -2.121509607944672027e+01 9.568990190143834562e-01 5.399714449090019519e-01 2.127806855514353668e-01 2.989739889904161618e-01
1.567292903699718350e-07 -2.120782824129288002e+01 8.270188740515076464e-01 6.671174712233790549e-01 1.999813171851599902e-01 4.171160125900066351e-01
1.580895715952461704e-07 -2.119668651200005627e+01 2.192194831802618538e-02 5.545733490838603563e-01 6.894665112863721523e-01 7.473699751886820897e-01
1.596188393833003483e-07 -2.118455957392745503e+01 4.808731622692321572e-01 2.577527409208629772e-01 3.415376690347030619e-01 4.058563235217487186e-01
1.592840553312039376e-07 -2.118415917340197296e+01 1.963328707638944959e-01 4.839372833372198590e-01 3.113421703315579769e-01 4.948465690088889035e-01
1.606234804045825766e-07 -2.117328529813707760e+01 6.239775870342201269e-02 5.537032428832334707e-01 8.064423044002918539e-01 3.408708326137617206e-01
1.635559479747380188e-07 -2.115269317197380161e+01 6.590659307473051287e-01 5.715640394384757794e-01 1.766649274560334604e-01 2.697952709739798172e-01
1.658716691618564107e-07 -2.113613388118564984e+01 1.349245305601843858e-01 4.809771359133877544e-01 2.188318690627462093e-01 4.425937872427717634e-01
1.698029699220985905e-07 -2.111020952879401236e+01 7.530368418540447362e-01 9.531519784949549212e-02 4.421062046521031519e-01 2.033843896575096011e-01
1.723643214457682613e-07 -2.109273790858427233e+01 8.375186669340096701e-01 2.664358406722642236e-01 2.060800270312040938e-01 3.118341392151885438e-01
1.749039928603905110e-07 -2.107561108207116618e+01 4.957938265271298883e-01 3.577516414681599644e-01 3.855834872958611159e-01 4.054367580861643061e-01
1.760029131175229030e-07 -2.106684774652031322e+01 8.474656209414120900e-01 6.094424901836931197e-01 1.862031639223897805e-01 3.492473234455739650e-01
1.756560109764959292e-07 -2.106632069376996697e+01 9.352471466504729269e-01 3.407337742018956561e-02 3.325450983718218900e-01 2.153712637893772097e-01
1.815901685950244732e-07 -2.103059596621649519e+01 2.963124292155006057e-01 4.156702649289859552e-01 3.999366198680772699e-01 1.947629155441711335e-01
1.853940972937854965e-07 -2.100736447828251485e+01 2.428377891611881445e-01 4.597439909558874716e-01 3.025371575554482995e-01 4.804073738511663860e-01
1.866864923933134422e-07 -2.099791759455441920e+01 7.472647932644882474e-01 6.642055888691733578e-01 3.406275927135338222e-01 4.219970658267843122e-01
1.908429803683825074e-07 -2.097339729559429600e+01 5.916736513957625565e-01 4.238826891624539739e-01 1.514905365939011039e-01 4.372581770324960315e-01
2.013906816457145908e-07 -2.091710158190767643e+01 1.777224288313783429e-02 5.810174646940446941e-03 2.341464547526181939e-01 2.740125339951389183e-01
2.014329248398794001e-07 -2.091439184646199223e+01 7.768935533326991605e-01 5.792972091633049603e-01 1.877514374600949276e-01 3.699208531870888939e-01
2.025912570230922588e-07 -2.090615785622621203e+01 2.904068850582536276e-01 1.601250384625018119e-01 5.813910546468056273e-01 1.961770157603723863e-01
2.118495623473451371e-07 -2.085897188201616714e+01 1.825924500476282519e-01 5.210111550954255044e-01 2.963086915931704146e-01 3.275345950626659119e-01
2.208495023623741571e-07 -2.081486680846893478e+01 1.547346358764741803e-01 7.336675117121926881e-02 2.003425999304958571e-01 3.401601514309595675e-01
2.323170758564343338e-07 -2.076174514837449436e+01 4.939635805813979985e-01 9.395157793232777887e-02 3.214688024266281197e-01 5.007382761556000705e-01
2.322725204286717384e-07 -2.075943695390890653e+01 7.660931561623227637e-01 4.061383470954973429e-01 1.906366485353462314e-01 3.260165176719344027e-01
2.401269565609478764e-07 -2.072368052407658467e+01 9.644582724632616566e-01 8.704770576559776041e-01 2.448029111354207421e-01 2.611175999329489184e-01
2.417240900127773167e-07 -2.071455134141875121e+01 2.959428215443723476e-01 5.998251414348303445e-01 5.842271742855656980e-01 9.425707689333134853e-01
2.467911520622769311e-07 -2.069130585247608423e+01 8.985986794712357284e-01 2.281094556879936786e-02 2.319376263118829717e-01 4.368939292157222321e-01
2.487515301522453764e-07 -2.068089376584000050e+01 5.623773975127067670e-01 8.332410978470583540e-02 2.162066090280766462e-01 3.253755370113399215e-01
2.487696202876580747e-07 -2.067832104476912747e+01 6.606112802477002166e-01 2.114144044802945821e-01 1.370558398333193706e-01 4.196287357793803130e-01
2.489023855228169332e-07 -2.067528749963595303e+01 7.508953925577237509e-01 9.953837383971808617e-02 2.453054873360412946e-01 2.650694444640063763e-01
2.520818944566016927e-07 -2.066009428050569596e+01 3.180230784421461676e-01 2.331618670466257814e-01 3.963742647897483540e-01 5.176766163934181098e-01
2.589002862294425385e-07 -2.063090530090887142e+01 6.400791834634815825e-01 3.649699687444913909e-01 3.706439975927319219e-01 2.099587979583898978e-01
2.619844477504402800e-07 -2.061656315095750003e+01 9.565885311260279300e-01 4.329316987151896612e-01 4.077205896146965936e-01 3.488457690581316939e-01
2.618141818530707693e-07 -2.061471327065519787e+01 6.076338533372694917e-01 2.624478578657934991e-01 3.912429031976081273e-01 3.647259023520339483e-01
2.688109717707430304e-07 -2.058583986781012243e+01 3.514045120207447415e-01 4.906342934929974753e-03 2.958631392535298055e-01 4.937447217537498378e-01
2.801763911149485078e-07 -2.054192892013538341e+01 9.360269015155485706e-01 8.441145861003969131e-01 2.620903357596292560e-01 2.511105905512892589e-01
2.840938383936046142e-07 -2.052554369276113277e+01 7.365715754984014652e-03 1.617875116805944646e-01 3.031574101757393835e-01 2.300058550119126188e-01
2.866294296585570650e-07 -2.051415809762335130e+01 2.098003550708358311e-01 5.235380833923493071e-01 2.586233452487837203e-01 4.201200038003897186e-01
2.865963547879518114e-07 -2.051177349672625283e+01 4.515655978156565276e-01 3.097836852782431816e-02 3.771938816359582392e-01 4.065186610229760689e-01
2.858846888836825029e-07 -2.051175974942835012e+01 6.575365114935206590e-01 5.382667393015837520e-01 1.303903344183277024e-01 5.763795421219127801e-01
2.918891576593657182e-07 -2.048847416007948041e+01 7.065200468747393492e-01 8.024068031249399491e-01 1.069353569549585936e-01 8.587636188809378845e-01
3.127225477366698863e-07 -2.041703192475224071e+01 6.422089398641628311e-01 1.145448004366489414e-02 3.196768615465511720e-01 4.308466116412846825e-01
3.178360048784329377e-07 -2.039831275139794187e+01 9.099440111506900131e-01 2.977314404756791211e-01 3.404539297812377852e-01 4.136204695974714518e-01
3.256657702814373761e-07 -2.037147668231703079e+01 2.123169225709303776e-01 5.538399708634219598e-01 4.192544896487013784e-01 7.798448846633769804e-01
3.261802944781944961e-07 -2.036739801418836748e+01 9.245734796046217729e-01 6.456319579516678342e-01 4.033380505244943404e-01 2.058767854936892627e-01
3.305525570423839038e-07 -2.035158262375551175e+01 7.254487302481877897e-01 1.020282489583753671e-01 4.418372893662415590e-01 2.102702854573538227e-01
3.493958861556289608e-07 -2.029364266962005559e+01 2.135449402426332632e-01 4.314957784655379935e-01 2.163379834181107242e-01 3.150865694405423634e-01
3.549173988986836288e-07 -2.027546320998281359e+01 1.298094004993217698e-01 3.498054958485852239e-01 2.788579461904803214e-01 4.425715000630006113e-01
3.591605820285732684e-07 -2.026107870104703323e+01 2.137089109858291147e-01 5.432619960732373299e-01 5.554799138414149295e-01 5.589459325035319726e-01
3.594800627539441324e-07 -2.025768957586677033e+01 8.772133296003850056e-01 6.220236780105752317e-01 2.110961943453202316e-01 4.170738960187400091e-01
3.627967086156586076e-07 -2.024600564719870377e+01 5.968261131789722729e-01 3.400280906339127052e-01 1.646596224702590039e-01 4.555515791973628881e-01
3.786892408106425664e-07 -2.020063236957266284e+01 5.943247705578613704e-02 4.930225815173749915e-01 5.650884720494810942e-01 2.454946658499459478e-01
3.835572217458781078e-07 -2.018535947430277844e+01 8.556907106006874653e-01 2.972080039451947542e-01 2.363753590110591052e-01 2.787429530474456740e-01
3.906580341711634358e-07 -2.016451570883237920e+01 9.149544461935376072e-01 8.571220428038544004e-01 3.378379693894021374e-01 2.251201529779149890e-01
3.931936361757424985e-07 -2.015554608978411011e+01 7.746495732083362729e-01 8.074206361588117664e-01 5.764195645739134122e-02 7.554941629111433521e-01
4.038388232654948677e-07 -2.012633244718022496e+01 7.773047256277505479e-01 7.867915009555777051e-01 9.029377220650502966e-02 5.627465598275203096e-01
4.037014268466522917e-07 -2.012417273094973069e+01 9.049050964537516117e-01 3.239103789094237573e-01 2.292405928723366682e-01 2.898353176962839006e-01
4.083210702495145284e-07 -2.011029449140785275e+01 7.889879816868788920e-01 1.748754153359540764e-01 2.208481883381731015e-01 3.020535453115738012e-01
4.144630224999155341e-07 -2.009286453252132176e+01 1.254848124623199057e-01 5.998569164114097019e-01 7.827512099480004037e-01 8.925386491219092777e-01
4.199078253992038794e-07 -2.007731306936901206e+01 9.117354904392904746e-01 1.724944561516327246e-01 3.557345456276428397e-01 3.983618256872363261e-01
4.212816234329356742e-07 -2.007154674391272664e+01 6.690216117828133857e-01 6.541053224206938577e-02 2.086107379361147318e-01 4.208163176462601518e-01
4.251456179467681662e-07 -2.005991655252260486e+01 5.490747860016240711e-01 1.753771818281122385e-01 2.046267071070949628e-01 5.110177741005955676e-01
4.320700836718400776e-07 -2.004126048741761323e+01 8.772505466855373690e-02 1.339328443204402808e-01 4.607444090620074206e-01 2.306137631133161614e-01
4.370789685466877784e-07 -2.002723440839888625e+01 6.862053122796627491e-01 5.977910561999810746e-02 2.521726256999452520e-01 2.628106743038838289e-01
4.466029268004123747e-07 -2.000317840032463934e+01 2.063089029562306109e-01 5.198655048114442234e-01 2.554397429721301238e-01 4.536262479450270391e-01
4.589377682638885176e-07 -1.997343367348142706e+01 1.949529685571312898e-01 5.049012440687944414e-01 4.132443790127791061e-01 2.264268886949075688e-01
4.633285114748052241e-07 -1.996141196271202745e+01 1.624257615524612453e-01 4.886327459704211673e-01 3.440298508519026299e-01 4.818193467637428284e-01
4.623407394268138440e-07 -1.996104614275948919e+01 5.250047448471706346e-02 4.108317975666009314e-02 2.630709732040124038e-01 4.388114332789767591e-01
4.638116559868017383e-07 -1.995536973722620289e+01 7.242087083347883425e-01 7.697795286100937995e-01 3.138755566229567417e-02 9.216674671763899207e-01
4.726675993458137827e-07 -1.993395590157548014e+01 1.693891065038772847e-01 1.920840975917313953e-01 2.446250598195225390e-01 2.743854273727773796e-01
4.715400467313073957e-07 -1.993384426001587073e+01 7.564510675269087159e-01 3.160927408154753371e-01 4.329171901447536053e-01 2.172510452379337043e-01
4.744605127616170125e-07 -1.992516989726520293e+01 7.209952861149412362e-01 8.248455984808689134e-02 3.410302798573410232e-01 4.099954705223499696e-01
4.932622159043244020e-07 -1.988380738247785118e+01 3.429926917484621418e-01 4.671534936853529718e-01 3.104023673441875797e-01 5.018239848896894895e-01
4.945934619126602049e-07 -1.987861215716487351e+01 8.962421302691560010e-01 9.260132192641060689e-01 1.251399516137078338e-01 8.304648552186629784e-01
4.975226223924113124e-07 -1.987020726551522642e+01 7.000888472804669416e-01 5.929128821555141871e-01 1.945082769476387252e-01 4.745312018645847507e-01
4.965177092015486338e-07 -1.986972914229680498e+01 8.513478359994798295e-01 1.545492233566467810e-01 3.234836384415539223e-01 4.205020317836053456e-01
5.184907583867168388e-07 -1.982392608946275203e+01 7.911560931496431914e-01 4.757881607991565343e-02 2.324225316295930321e-01 2.900777035872728060e-01
5.176667673094381567e-07 -1.982301656432886716e+01 7.435565082881385734e-01 1.745969892602755591e-01 3.466603691015203159e-01 2.194160254375475683e-01
5.214568051540569920e-07 -1.981322185029946681e+01 6.677187933622141802e-02 4.484304919321657756e-01 2.129214165443773510e-01 3.725658033745717912e-01
5.229678421414095407e-07 -1.980782831835241353e+01 9.532604599996183925e-01 8.948773722907854555e-01 2.409397307587390902e-01 2.693770814211358111e-01
5.279995834181593468e-07 -1.979575279850040559e+01 1.868096433961727865e-01 4.552998700243462427e-01 2.200634954745103178e-01 3.290529548712513019e-01
5.338114598013343935e-07 -1.978230558814291129e+01 1.258817662810703952e-01 1.865559432037731113e-01 3.247296796951848474e-01 2.263971415983254687e-01
5.337436422363845450e-07 -1.977993264025462494e+01 4.937251421592996348e-01 1.757136509194038299e-01 2.221765544433199624e-01 5.174156192678758259e-01
5.371107888092430716e-07 -1.977114390936410615e+01 7.427735064129596942e-01 7.911074468618949362e-01 3.168206656479014560e-01 4.719464129792808604e-01
5.372414486370172923e-07 -1.976840067474539353e+01 8.316093832585786938e-01 5.986706852271348467e-01 2.071086079012197656e-01 3.892107999972707066e-01
5.841246768510591996e-07 -1.968223384542397625e+01 9.674535528193020095e-01 9.371468641891679274e-01 1.582651127259715462e-01 5.176011601888307334e-01
5.829514122260109449e-07 -1.968174445129839256e+01 2.645037625665889180e-01 1.630579930231833563e-01 5.228891734508143152e-01 1.915911378179289137e-01
5.845169257922399325e-07 -1.967656255500435947e+01 7.035818991901557906e-01 3.663416738377691662e-01 2.572756235763044019e-01 2.574985789182874241e-01
6.037853132409735946e-07 -1.964162960012915704e+01 1.261442948269508868e-01 1.884798114494878885e-02 3.232907380099068195e-01 2.279197894552333903e-01
6.083257707646336384e-07 -1.963163774757416746e+01 7.883853815223830219e-01 7.010888997144851809e-01 4.499666405662442470e-01 2.652217708527002671e-01
6.501240307258341345e-07 -1.956268513203778525e+01 8.827716243769057058e-02 4.071392875558382807e-01 2.633969761701143719e-01 2.633484516405859566e-01
6.555110329577367748e-07 -1.955193315880157101e+01 9.675990699039601628e-01 4.376407457222559749e-01 4.569939176189490304e-01 2.400403465854720197e-01
6.690332965834008721e-07 -1.952901446365815730e+01 1.213639303711459005e-01 4.785268906508660658e-01 5.035129064332943827e-01 2.801701020300375600e-01
6.725278261121393829e-07 -1.952130480548718694e+01 2.361482517618274102e-01 4.113515904051850969e-01 2.661017461702454012e-01 4.431205076122927133e-01
6.743768475002397966e-07 -1.951605921764291551e+01 8.464898080468977737e-01 1.645315249721951423e-01 2.918880348882995079e-01 2.431699348196196819e-01
6.849596515990098071e-07 -1.949798835947337494e+01 7.775552796349650686e-01 5.786409722373276887e-01 3.644738212797566934e-01 3.862195829547957482e-01
6.963183642667731579e-07 -1.947904131755225521e+01 9.989665989242524358e-01 6.729351300173971318e-01 2.567079870621084003e-01 2.680202133310491952e-01
6.946525731224226309e-07 -1.947893646743774099e+01 6.825609739737050763e-01 4.975665060122516081e-01 2.083197929708199281e-01 5.184359591809886147e-01
6.953637055691746886e-07 -1.947541326717786703e+01 7.474777433986015129e-01 2.229112110205556663e-01 3.656070626401893842e-01 3.846063026187070966e-01
7.044238985337123457e-07 -1.945996798967522068e+01 8.963547840498763408e-01 8.567130633807795714e-01 2.665357947536208805e-01 4.794184176279977505e-01
7.342929942838481531e-07 -1.941594016948650037e+01 1.418654472192576455e-01 1.704402032297701597e-01 3.782806938398789454e-01 2.150563035604349249e-01
8.212216298891483493e-07 -1.930155526905951291e+01 9.006198886862970543e-01 6.258360534474471937e-01 3.318266044876780896e-01 2.273287034683174612e-01
8.302148655710247597e-07 -1.928816375175513542e+01 9.954548971584081807e-01 5.337122328358475665e-01 3.446663009416530699e-01 2.233144176110178902e-01
8.294360221005279516e-07 -1.928660231483904397e+01 9.770019027019154478e-01 3.215616103572876971e-01 2.271832461223645128e-01 4.052930854214961132e-01
8.421278746907299061e-07 -1.926891642033536556e+01 2.119115789488869028e-01 4.837292530675852964e-01 4.671499933271698879e-01 3.501172141595580989e-01
8.523603223597872439e-07 -1.925433894223119324e+01 2.481789059637631301e-01 3.156976615207972570e-01 3.556467847200793786e-01 4.254051496733094462e-01
8.622413411182982271e-07 -1.924031308365298543e+01 9.832336641553550693e-01 1.942557078667320747e-01 3.774319453581674866e-01 2.164334320815101131e-01
8.697991366745401493e-07 -1.922908598561884119e+01 2.764829723653206006e-02 2.361400012749014232e-01 4.510954708011207792e-01 2.334454195930062426e-01
8.860543479084604805e-07 -1.920807000374731288e+01 5.795420497243662927e-01 2.161858615308311915e-01 2.064371522421056815e-01 4.515637178597600165e-01
9.348353703720912092e-07 -1.915197785390819263e+01 9.241432356609164955e-01 9.026459052934100447e-01 3.680730371748672791e-01 3.980942895501483614e-01
9.437838849129598031e-07 -1.913995108876338236e+01 9.687508600231002909e-01 3.974728236517787172e-01 3.013290306715583622e-01 4.239268442095862621e-01
9.480866163548740036e-07 -1.913290242768137972e+01 9.854184541435481171e-01 9.684927035639681048e-01 1.571061889737165318e-01 5.814991831748830275e-01
9.631279851077727850e-07 -1.911466198775794467e+01 1.256071331143703285e-01 5.729249573703181220e-01 5.577639474825076826e-01 5.927491186418596403e-01
9.665455470082767056e-07 -1.910861986996770057e+01 2.475560488700742079e-01 1.470740127740133296e-01 2.317659580012053633e-01 3.010152272854663691e-01
9.746495971252918195e-07 -1.909777027438673969e+01 9.334433551847780564e-01 9.035691080982547474e-01 1.703750804043966394e-01 3.373354350986617067e-01
1.018448812486344397e-06 -1.905131231656706703e+01 1.822007452714213827e-04 2.636859225091162662e-01 2.174344044919093166e-01 3.660206971505149953e-01
1.043217091931008511e-06 -1.902478371805110768e+01 7.854339829647096760e-01 1.534488906151419974e-01 4.103047265104949881e-01 3.304308880026360917e-01
1.044708102339442405e-06 -1.902085549575083334e+01 5.906870921123581475e-01 1.392954925125592380e-01 3.053791838613992837e-01 4.456275144466635973e-01
1.046169118713417768e-06 -1.901695798029937379e+01 7.579124438531881225e-01 5.806984637748059397e-01 3.957242035418077064e-01 2.250619483394212805e-01
1.049174747661426672e-06 -1.901158911370644944e+01 6.445020145739619455e-01 2.133959938553048330e-01 1.699516501771699550e-01 3.502203066356538441e-01
1.068101295837999263e-06 -1.899121043191282254e+01 2.652054150290099610e-01 5.695889960890783144e-01 4.736301864438471343e-01 9.042994100091324983e-01
1.067096072273553378e-06 -1.898965200635809225e+01 1.714355435068765088e-01 1.903353381449515158e-01 3.063124398956941219e-01 4.204601488409019927e-01
1.072509091558077343e-06 -1.898209216548212552e+01 1.310673674448150638e-01 5.766564385805222903e-01 7.315502045407878962e-01 9.273706258342387931e-01
1.074877878978296669e-06 -1.897738596006733403e+01 8.045351670218270357e-01 1.812711759285244861e-01 2.269030030250279717e-01 3.153177594339084955e-01
1.080983853335398878e-06 -1.896922141248295901e+01 8.301777038307776024e-01 7.115663404195065045e-01 4.039643318767113245e-01 3.339366550933368094e-01
1.093533943730064244e-06 -1.895517841222789457e+01 7.251216773788961012e-01 7.505566604932886188e-01 3.256703151773865379e-01 4.465253602564926982e-01
1.092887893428900183e-06 -1.895326937807811163e+01 3.285676543662604532e-01 2.993391488897260144e-01 4.532327990396748385e-01 4.588730047418326796e-01
1.095070980135911816e-06 -1.894877383103392887e+01 7.820979518096802252e-01 2.714094219413430986e-01 2.190267854374666756e-01 3.279544252403112647e-01
1.094033297106023119e-06 -1.894722187459530360e+01 5.437840867661352107e-01 1.375701633967479909e-01 2.430086605163531699e-01 4.329280244303764791e-01
1.115513845241506549e-06 -1.892527786773885978e+01 9.776995527508199890e-01 2.345521623211010986e-02 4.206520083305332891e-01 3.152453147008856815e-01
1.116803933868701977e-06 -1.892162203877678905e+01 8.111993673008844885e-01 7.951637108505800189e-01 1.447842533826256828e-01 4.080722765931489304e-01
1.159843633413821426e-06 -1.888130781699254968e+01 9.204705601660008174e-01 9.671341574792096107e-01 2.691905355342949502e-01 6.616304891303601554e-01
1.173807454549333294e-06 -1.886684031433831876e+01 9.124332714367583419e-01 2.258815124359725424e-02 3.594559139891873034e-01 3.840153062072706458e-01
1.210551909837587935e-06 -1.883351663479495031e+01 2.793745379557971420e-01 2.960365860809369698e-01 2.829356890249749013e-01 2.531988116584187321e-01
1.237029485376804821e-06 -1.880938008491928670e+01 8.602773856941267061e-01 3.270373673833637529e-02 2.322863028565009813e-01 4.013853195264573959e-01
1.248284925414212693e-06 -1.879782246473362761e+01 8.648257980798579325e-02 1.438931528973810270e-01 3.467757133011349913e-01 2.262812543226198070e-01
1.248583130832218976e-06 -1.879508360115517007e+01 8.950641852277213539e-01 8.859937858914651576e-01 2.439156929613889302e-01 2.844487757438973752e-01
1.261364219926529125e-06 -1.878239916476498550e+01 6.524003316592921209e-01 6.228232150854250415e-01 1.730816166292845626e-01 6.139089688495555919e-01
1.262600855042216990e-06 -1.877891925008477969e+01 2.629193754201197830e-01 3.753081938655127292e-01 3.048770836400910289e-01 2.387644954290474297e-01
1.260386880317630457e-06 -1.877817429253849113e+01 9.756343633294297657e-01 1.549739640627028070e-01 2.986431081299276702e-01 4.209161907136449443e-01
1.273611284844054600e-06 -1.876523661758738015e+01 1.971913167638655873e-01 3.792732910224450027e-01 3.040582043806628887e-01 2.428933030394523351e-01
1.318878720423441171e-06 -1.872781109286053436e+01 8.028926241961275023e-01 3.716513707864026461e-01 3.308187621195436412e-01 2.319569844271571757e-01
1.321635650772145405e-06 -1.872322291535953198e+01 6.001009515817860018e-01 5.691548735038480800e-01 1.853042253442641618e-01 4.826405942776378355e-01
1.338504590062379638e-06 -1.870804000101266595e+01 7.512789629900233912e-01 1.391702881740362052e-01 2.532498778841191234e-01 4.205434192174749564e-01
1.409588189467603751e-06 -1.865379541671981656e+01 9.027387973753172590e-01 6.693853800070308502e-01 2.341908133073520304e-01 3.999741243865110318e-01
1.483444519696565679e-06 -1.860022625244375760e+01 7.618372806439910327e-02 3.704431131417578182e-01 3.104103406985754265e-01 2.415949210497593258e-01
1.494712771035868155e-06 -1.859015895225686421e+01 3.423974056953608125e-01 2.985737113667171760e-01 4.601878524465923270e-01 4.088708397051450394e-01
1.495206718625987324e-06 -1.858732854363126918e+01 6.263408045204686969e-01 1.435873729737242588e-01 2.700315320241784001e-01 2.618304644363912415e-01
1.521897561499783885e-06 -1.856713506225974442e+01 6.807178956823036753e-01 7.046015988420650800e-02 2.137613085972163152e-01 3.544025609905735452e-01
1.527610741045743055e-06 -1.856088810657809773e+01 9.082185506509145023e-01 6.965922926859121622e-01 2.585480525330754453e-01 2.771949780600129198e-01
1.550169077873061162e-06 -1.854372900676262148e+01 1.911106976011037739e-01 4.031813999284185046e-01 2.242532143916496912e-01 3.695974931478505088e-01
1.592524251356754803e-06 -1.851427267741375360e+01 5.503419296351450551e-01 2.640525855025536162e-01 2.675737500875837727e-01 4.781072919794541187e-01
1.650933056754653623e-06 -1.847575239721738072e+01 2.139428617979176606e-01 6.066716880678227897e-01 8.686636800531909453e-01 8.291325637260101855e-01
1.667327762827631680e-06 -1.846337081142876002e+01 5.635546977427015047e-01 4.729577449606159334e-02 3.182533595119390046e-01 4.227506884028611189e-01
1.672845784128928745e-06 -1.845756677572907023e+01 8.446557579755825662e-01 2.365508858921512303e-01 3.263959517472924121e-01 4.047603973978238789e-01
1.673385339302279812e-06 -1.845474429042657505e+01 2.578348459047807850e-01 4.557782073908046572e-01 2.355993645313202434e-01 3.197161258651159965e-01
1.684724270994735051e-06 -1.844549110122104452e+01 5.028883325755041378e-01 1.189055192197483457e-01 2.468028395883197224e-01 4.131497613572510108e-01
1.689290734731998803e-06 -1.844028425699082163e+01 6.000891421276073334e-01 2.051631659050978662e-02 4.120174535245458847e-01 3.206525811223772671e-01
1.688718419266322861e-06 -1.843812310478255867e+01 9.349584154507103451e-01 5.713882583872865739e-01 2.654803679772881342e-01 4.175435451043109092e-01
1.691221183019336997e-06 -1.843414215275090129e+01 6.659730379233147479e-01 4.812889110504843249e-01 4.538309345986430987e-01 2.640593081135658160e-01
1.700723256227891624e-06 -1.842603940881735269e+01 5.612605709421125688e-01 2.414569304989884202e-01 2.678598099106247465e-01 4.357807009652979735e-01
1.720360108756833046e-06 -1.841205937977571239e+01 9.223197562237281932e-01 4.062043941165760508e-01 2.276089967153819282e-01 3.753494727702689771e-01
1.804818300201565636e-06 -1.836163309223392304e+01 8.316936309718718778e-01 3.230829724974104700e-01 4.405042463000391484e-01 2.406662023031715947e-01
1.873476537117702907e-06 -1.832179719862634926e+01 8.975865771245377100e-01 7.797763576940953678e-01 2.755516113204081741e-01 4.260624651805181573e-01
1.884053030291641457e-06 -1.831366769077224532e+01 5.540637116593029043e-01 1.878153335044808747e-01 2.460004067720011900e-01 3.657813688402974384e-01
1.900013318745293541e-06 -1.830273211822969515e+01 3.235353204343802691e-01 3.009851628962234571e-02 2.445290586205022265e-01 3.461213439036463502e-01
1.945680159687938968e-06 -1.827648140180496839e+01 1.183846275830923167e-01 4.126861001237379645e-01 2.797472691425862967e-01 2.640954100291752482e-01
1.943440028693739717e-06 -1.827513340078336412e+01 2.113447881906270753e-01 4.268613020446538897e-01 4.072909895616305676e-01 2.166931982427091619e-01
1.941318095610213170e-06 -1.827372584114987575e+01 1.502351367971449525e-01 4.336633269367670129e-01 2.447223808701971537e-01 4.097739478923632106e-01
1.938076954176180063e-06 -1.827289679352598739e+01 3.213653102596440991e-01 4.001048392424478850e-01 5.693305567132753708e-01 2.167872617010152547e-01
1.945761123081917163e-06 -1.826643979079860713e+01 1.544060295027992469e-01 5.792480827758699213e-01 8.207506418331933506e-01 5.316666470864260807e-01
1.984375265023555524e-06 -1.824428887758937634e+01 9.065443946369289296e-01 5.805077606937730783e-01 4.387438708032793677e-01 2.710720294704953570e-01
1.991861678964298355e-06 -1.823802329576293957e+01 4.925428028726043239e-01 1.724049528013400501e-01 2.481961317752714447e-01 4.381843064854454850e-01
1.999775607716483601e-06 -1.823155803611973624e+01 6.139832179945070578e-02 5.277111701582364311e-01 6.024497176433355472e-01 4.476073761967467313e-01
2.005286093443899839e-06 -1.822630627366722322e+01 2.631687330343733811e-01 6.662362959343681723e-02 3.948786317116022015e-01 4.088595034550185359e-01
2.055345004898526436e-06 -1.819914929479108778e+01 8.800962188435829114e-01 8.781043846744217563e-01 1.143154683839987529e-01 4.397697569200251788e-01
2.060842623463156724e-06 -1.819397807456014604e+01 2.429548927765150523e-01 4.025406285234435222e-01 2.545861099637681813e-01 4.242543546661938780e-01
2.062878820568265525e-06 -1.819049052130358746e+01 3.395852679745431368e-01 5.445194133107016388e-01 5.607020545496369524e-01 4.364427670065630371e-01
2.059272387754948415e-06 -1.818974030366295480e+01 7.694561348404425072e-01 5.006076020659137038e-01 4.274024802011689994e-01 2.858260233403846495e-01
2.063168051827486221e-06 -1.818535032354595771e+01 8.944303794568125854e-01 2.435759178749159481e-01 2.590699796367404995e-01 2.812635102301643819e-01
2.073207468540513211e-06 -1.817799610449491254e+01 6.956242134412503608e-01 7.504298624449267097e-01 2.180889915690000791e-01 4.371007329602687452e-01
2.072526453171292285e-06 -1.817582464240313911e+01 7.162362837305358276e-01 1.712011842157756814e-02 2.776765230613480462e-01 4.176376213356893796e-01
2.069689134471184981e-06 -1.817469459482778760e+01 9.463263600952589449e-01 2.894996490986079252e-02 2.385639536239744229e-01 3.106299282144728835e-01
2.092693706247398978e-06 -1.816114092346311892e+01 1.951651047648161885e-03 2.518090199264771956e-01 2.316202048468600783e-01 3.287853361409788233e-01
2.107780327022225152e-06 -1.815145759818699744e+01 4.437486241881005711e-02 1.845375589097388858e-01 2.562329608642344159e-01 2.850213255025021430e-01
2.109588626457332701e-06 -1.814810004952769162e+01 5.469199197907737009e-01 2.531191299426333030e-01 2.243350386981401989e-01 4.323073459503974370e-01
2.131218271587730668e-06 -1.813539923953615585e+01 5.886408648969159163e-01 3.110017813116512375e-01 2.247022153756248475e-01 4.665364483306022603e-01
2.143275355706879432e-06 -1.812725781524243018e+01 3.387253421142545351e-01 3.233044657616854778e-01 2.686017698851661528e-01 3.832486689509633226e-01
2.200150889405582840e-06 -1.809856707013766552e+01 7.651165101214568720e-01 6.008720674327459044e-01 3.427138516021803749e-01 3.916353231560496528e-01
2.214346076922524314e-06 -1.808963587919948068e+01 3.534350904969782992e-01 3.547455336798484016e-01 3.693835502048259389e-01 3.790405622793372453e-01
2.255182669080165046e-06 -1.806886203832567617e+01 3.262226892314533666e-01 1.159852801041008075e-01 2.500262063368700050e-01 4.032640158494453786e-01
2.265320109335628901e-06 -1.806187693666941740e+01 8.974649444479724236e-01 8.978012240252168930e-01 1.854032451470762899e-01 5.877321210047418143e-01
2.270224719713242268e-06 -1.805721419218149393e+01 9.325470224090098847e-01 1.917614903509538005e-01 2.424849696896032025e-01 3.966473898017414124e-01
2.316679598283292803e-06 -1.803445806135766460e+01 7.395204718501788843e-01 6.270046644561707572e-01 2.593119688714482507e-01 4.310484513474754920e-01
2.357686866638776660e-06 -1.801441201711324069e+01 6.302557943447550937e-01 3.141408124968514404e-01 2.247074324734875672e-01 4.717445500874273279e-01
2.359782140120512306e-06 -1.801102371297535854e+01 8.938326210497233859e-01 3.980241573076073180e-01 2.977690181963266181e-01 4.127875557967869424e-01
2.442722906667052639e-06 -1.797397965178716817e+01 8.184328181190256846e-01 8.830181090258337750e-01 1.439956852468642357e-01 5.276272173683002054e-01
2.465118745940683915e-06 -1.796235303511367576e+01 3.014074791661286445e-01 1.008130615928388707e-01 2.287226375399552536e-01 4.088138382706789642e-01
2.559839945093875381e-06 -1.792214827915424635e+01 2.603370459726435104e-01 6.551027096018513518e-02 2.382889580401820195e-01 3.098277751965474724e-01
2.579057880854263750e-06 -1.791216884445757529e+01 5.474868555738442444e-01 8.049568592002853684e-02 2.476051461171114854e-01 3.570102689871850199e-01
2.609066546855425899e-06 -1.789810050176202694e+01 9.030503474038531486e-02 2.769028701206044385e-01 2.648321261419407380e-01 2.794177404484120553e-01
2.668886722923719378e-06 -1.787293158648881430e+01 9.839453105758114715e-01 4.118332745188333366e-01 3.344501530468371175e-01 3.932926461600383394e-01
2.676312799407860820e-06 -1.786765298814802705e+01 6.392352947385434581e-01 1.937382451391636007e-01 1.925722200859362188e-01 4.181990352768760744e-01
2.679862248231937756e-06 -1.786382762095517762e+01 9.255386854998509660e-01 4.341241921656185943e-01 2.332044937577756327e-01 3.418048201773559169e-01
2.676150680885988969e-06 -1.786271356530937382e+01 7.772032063282852121e-02 2.563394396123245267e-01 3.284634248317411798e-01 3.969938660522224216e-01
2.679812647854153509e-06 -1.785884612968145291e+01 2.185791374355494643e-01 2.773035813146689232e-01 2.586975590966128502e-01 4.128734424263874603e-01
2.744718199708166774e-06 -1.783241460403882428e+01 2.519478954939322612e-01 4.535854018213308914e-01 2.407061254237748971e-01 3.213728968554367960e-01
2.749227520617731558e-06 -1.782827304361878262e+01 6.391232688309100851e-01 2.214723682557144802e-01 3.837129362184381609e-01 3.711574185732630093e-01
2.762420614132976589e-06 -1.782098568477794842e+01 2.211254847058241602e-01 3.139827269702220036e-01 2.359631065457716836e-01 3.835534313867424716e-01
2.779378793628747964e-06 -1.781236556704005380e+01 9.431970433309860846e-01 7.007536907607504473e-01 3.189973665177032736e-01 4.013674889087979203e-01
2.830365572143602244e-06 -1.779168713349510256e+01 8.928707004475077147e-01 4.739747445771095302e-01 3.155237998563404922e-01 2.460863729746586293e-01
2.894171071811963191e-06 -1.776689427519937325e+01 7.164938171841661596e-02 5.239878266491286851e-01 6.404089786797334538e-01 2.684444122750863082e-01
2.892678759389777441e-06 -1.776491003506831490e+01 1.365842083086693526e-01 8.028026411095556814e-02 2.489750834510897626e-01 3.011792071155747763e-01
2.901395066017697452e-06 -1.775940133567449664e+01 2.782737585612758968e-01 1.837152487270619083e-01 5.460209271440078505e-01 2.380749773956468696e-01
2.896780682793498309e-06 -1.775849300326040137e+01 2.802569216129235929e-01 5.072573930896450145e-01 4.723760911134462503e-01 4.665724625730762742e-01
2.954649407003504411e-06 -1.773621301441620446e+01 7.488420966079537555e-01 5.721224656691776822e-01 2.161964375486817858e-01 3.782199955942028291e-01
2.976486298076065952e-06 -1.772634950401044662e+01 7.121701560415075738e-01 2.724034056346408272e-01 2.537667082184489331e-01 2.837401591157955316e-01
3.025456841756523364e-06 -1.770753091209507346e+01 2.913872626055576953e-01 9.685866790614816590e-02 3.990013294416133727e-01 4.316642595675727057e-01
3.019153415435481164e-06 -1.770711654817010938e+01 9.460250041857886094e-01 2.568190480983389978e-01 4.318854896557599021e-01 2.744704304524209215e-01
3.059076925673013108e-06 -1.769147980206398074e+01 7.412710242057737320e-01 7.939195929283391351e-01 2.825821847586841296e-01 5.093507054367336639e-01
3.082285672634309752e-06 -1.768142159097450516e+01 8.068204162919950795e-01 3.383181016555725229e-01 2.842180461901677724e-01 4.085056394641788380e-01
3.079559304507770727e-06 -1.767980651044734586e+01 8.800018373501899971e-01 4.081906488625919316e-01 3.752593082723374440e-01 3.562313509128789413e-01
3.092911617319932565e-06 -1.767298009601510955e+01 2.355724220754152887e-01 1.303459520511178749e-01 4.245531844970134028e-01 2.205271593506358263e-01
3.090971092835035878e-06 -1.767110770318023327e+01 9.349959574587065614e-01 5.168356591869192052e-01 4.264982680760414091e-01 2.870220978375449539e-01
3.141571909850128617e-06 -1.765236973135327858e+01 6.671111170750966268e-01 2.489237087877599341e-01 1.538270771312821861e-01 3.834070350101933533e-01
3.165984994290339007e-06 -1.764212879243885368e+01 7.527567486268773589e-01 1.819775601436858237e-01 4.148091364987944729e-01 3.060498472588648600e-01
3.191425432818897038e-06 -1.763162535310797452e+01 1.501738216360271050e-02 3.692734888140778438e-01 2.622639517861358183e-01 2.864747815264162556e-01
3.191169396031099648e-06 -1.762920558279348526e+01 8.617396209116654493e-01 3.170891684866505855e-03 2.954029924299220733e-01 2.584112361882702213e-01
3.223503131290577361e-06 -1.761662431708077392e+01 8.194399100852214346e-01 6.377136916789479804e-01 3.231368674995388490e-01 2.449211224231697681e-01
3.224492552065796126e-06 -1.761381742457290756e+01 2.824806961544126249e-01 1.080234410091167607e-01 2.681554832076160633e-01 4.464736628551931874e-01
3.244667937829444398e-06 -1.760507999973047788e+01 3.439931309470595222e-01 4.008909261172906024e-01 5.046900073350556459e-01 2.717043618205851052e-01
3.370538577495551786e-06 -1.756452046736772132e+01 2.031620194744984120e-01 5.795455487874663358e-01 6.740400405026281128e-01 4.954479021399454952e-01
3.378477283489499704e-06 -1.755966791410103056e+01 6.102159177190276118e-01 3.704034687185123742e-01 3.582467103602464675e-01 3.610195250843331038e-01
3.397873591349572749e-06 -1.755144319258340957e+01 2.364005536962460186e-01 3.897628428937840450e-01 2.544241192658459605e-01 4.045417540599232087e-01
3.412619581401438491e-06 -1.754461281217743007e+01 2.479111877905608718e-01 5.547849677989554751e-01 4.014368725986504627e-01 4.270328845429661735e-01
3.487677587500385761e-06 -1.752035694724535730e+01 6.763392551309603817e-01 7.392004651834183093e-01 2.914135780298230394e-01 4.991360201459879020e-01
3.503287899214266540e-06 -1.751339108693242608e+01 8.601880090206878160e-01 6.359579971544127019e-01 2.379212324473830575e-01 3.191645903882734947e-01
3.522266999768133489e-06 -1.750548819790933663e+01 8.633165165459959489e-01 7.266286610737331397e-01 4.076376505547960605e-01 2.388570186423912833e-01
3.670100855074393686e-06 -1.746187387160788163e+01 1.026660316083602975e-01 4.537451993933917516e-01 2.459954502187861047e-01 3.314515512636792005e-01
3.682189991168216812e-06 -1.745608533277244589e+01 1.811171899877739300e-01 5.175141646789129801e-01 2.974991092432663908e-01 3.612227155266731771e-01
3.678449030468664166e-06 -1.745460181001325850e+01 3.044711023561214036e-01 5.979951630074531455e-02 3.880206279017229809e-01 4.746255906696263960e-01
3.746402512229644227e-06 -1.743379696478484320e+01 5.401504307754948497e-01 6.300638316562423569e-02 2.680224683888096093e-01 3.825282191584373770e-01
3.830504942614565955e-06 -1.740909638093812717e+01 6.467877819925028637e-01 1.572282307618955155e-02 2.328439326346255500e-01 3.497183038787476939e-01
3.871286430273436429e-06 -1.739600615151467977e+01 9.074966279534579794e-02 5.224946067398508198e-01 3.052729282615260775e-01 4.640252742332242608e-01
3.881335611713611824e-06 -1.739091369001868159e+01 9.897930976087946364e-01 6.443354146206661248e-01 3.157385207389153958e-01 2.496269281136203055e-01
3.899650721032127514e-06 -1.738370602382819996e+01 9.112700214393565368e-02 4.780374657341703859e-01 2.880131986950844603e-01 4.533994246100818692e-01
3.894278366640407528e-06 -1.738258462380829883e+01 2.212022252601214545e-01 1.091721694761697004e-01 2.367669235608668155e-01 3.567205844102059320e-01
3.899894176799584462e-06 -1.737864359562995631e+01 1.211633487990226854e-02 3.708915179109479876e-01 2.871558638177502676e-01 2.671659383246681729e-01
3.902926123474116039e-06 -1.737536645436296823e+01 9.867335897869580208e-01 9.992204881687293261e-01 3.345189919919953070e-01 4.779720674865581831e-01
3.928499080054118421e-06 -1.736633557478205603e+01 5.095644986242162666e-01 7.032375323139716805e-02 3.031857816041596543e-01 3.995625475042484664e-01
3.943883149882999889e-06 -1.735992720525359090e+01 7.706977505586000143e-01 5.775636045899439353e-01 4.187616280596894169e-01 2.481491719731881984e-01
3.944381546601703893e-06 -1.735730084115741789e+01 8.321991316895757107e-01 3.140139697883471692e-01 3.045954996062754105e-01 2.560435929455180393e-01
4.031838413622062258e-06 -1.733287056026405537e+01 9.750936668423015874e-01 5.982021718643807384e-01 4.200355143616978371e-01 2.928076982083944735e-01
4.041108657106835953e-06 -1.732807393984076327e+01 2.092537325378450719e-01 5.769657267268908374e-01 6.350114424144822634e-01 9.453845109404102054e-01
4.052416342805020681e-06 -1.732277968318356542e+01 1.692278749277928984e-01 2.526490449416662898e-02 4.112591312622224660e-01 2.346126020240137944e-01
4.066972010575017726e-06 -1.731669426942344714e+01 3.236006816721518353e-01 3.760916408425380997e-01 2.593710447280324072e-01 3.652153441051915195e-01
4.066558502067918257e-06 -1.731429594937824845e+01 9.017467629368568494e-01 5.454773681636048144e-01 2.405042876046589173e-01 3.386593618105719905e-01
4.211846181637952793e-06 -1.727669193971788530e+01 9.354392774045177106e-01 6.307273863887197241e-02 4.020486029249069615e-01 2.330218840886411069e-01
4.299280378908306718e-06 -1.725364535929140430e+01 2.495196668509720439e-01 1.336338923666486878e-01 2.350727532122695029e-01 3.490792785515027807e-01
4.348821453491475175e-06 -1.723968813608294681e+01 6.823138443247955820e-01 1.416665460548547362e-01 2.589757905190989140e-01 4.299794828206472408e-01
4.550515672602165023e-06 -1.719185245306465504e+01 7.273460039759389595e-01 4.239081848540166009e-01 3.635936415728482363e-01 2.440612329056639496e-01
4.610869993563772499e-06 -1.717617645626266665e+01 1.663706243167650811e-01 3.069255458039071849e-01 2.411395576738293300e-01 3.511645341056273129e-01
4.638882812388502330e-06 -1.716761945018795643e+01 5.896755526287884575e-01 1.479649273079657323e-01 2.202796170034804213e-01 4.174449678672458308e-01
4.717740687861019633e-06 -1.714826299707007351e+01 7.193475245100907633e-01 6.849552976790987957e-01 3.875582949533864507e-01 2.973304200958215571e-01
4.941702436007074838e-06 -1.709938311973889569e+01 8.715515119771221064e-01 5.979634052586164650e-01 2.383864554234036426e-01 3.726469237195497719e-01
4.965120739122424280e-06 -1.709215539899117076e+01 9.794097001859435325e-01 4.697062928152107020e-02 2.754163170715492326e-01 3.996385492865955902e-01
4.961997810887037029e-06 -1.709028457014948188e+01 7.065564113299125371e-01 6.887160391590582131e-01 1.526571235546524408e-01 3.745128330366267466e-01
5.025860254647050640e-06 -1.707499637999587705e+01 1.209148493083039844e-01 3.866870174640356650e-01 2.463104462625730351e-01 3.272950948298882778e-01
5.058162433857225833e-06 -1.706608975226515668e+01 7.792958669228764457e-01 2.500977139681731520e-01 3.599589581616797762e-01 3.652226863197480800e-01
5.132442408987174415e-06 -1.704901136524551220e+01 7.901049421193077071e-01 8.274155037563299953e-01 1.217097405627975970e-02 6.341939228164144016e-01
5.138920159446994542e-06 -1.704525004255819098e+01 7.070401183566221714e-01 6.338756776679629334e-01 3.903893793219517239e-01 3.107492194224694693e-01
5.158251806994860634e-06 -1.703899528924872087e+01 7.792710983146707848e-01 5.277700622195747870e-01 3.701118450923928105e-01 2.373655766658534505e-01
5.190783243321494547e-06 -1.703020841451725786e+01 1.102041199168423136e-01 2.699276204385336886e-01 2.697620979042271161e-01 2.870354173832072586e-01
5.237629331004138853e-06 -1.701872403602960659e+01 5.225531510504509702e-01 1.738389135855888945e-03 2.755708213565567499e-01 3.304093993687048370e-01
5.279433142995938754e-06 -1.700827428156979337e+01 8.386529708469355748e-01 2.468510551601186265e-01 3.125787408888969221e-01 3.947588045294668779e-01
5.457538609507596804e-06 -1.697259513024886957e+01 1.836358122304008189e-01 5.238625876647342583e-01 5.501028749795854322e-01 3.826945386171405339e-01
5.450796292401229417e-06 -1.697133130754367869e+01 1.136780133895081146e-01 4.060674329553118911e-01 2.543065761720657569e-01 3.856661662672109525e-01
5.456002355308774120e-06 -1.696787666201091227e+01 1.844100420291264752e-01 4.913755542740094739e-03 3.399203616399418815e-01 2.439067522678288746e-01
5.458876774547181775e-06 -1.696484996459710359e+01 2.638413940555593973e-01 5.543669874202163950e-01 5.505930127585452194e-01 6.665614412693878776e-01
5.665482410924081334e-06 -1.692520096700356191e+01 9.301436359006269861e-01 1.216292046951705785e-02 2.587742788543436756e-01 3.867983003757042848e-01
5.658132446424918573e-06 -1.692399913293801816e+01 1.367985891333352022e-01 5.311808136150464321e-01 4.366849345915578828e-01 3.095319796364737197e-01
5.665329457257045929e-06 -1.692022796483369262e+01 2.156726986833471527e-01 1.861582975480247093e-02 3.208452055099073608e-01 2.496696005264464890e-01
5.673310443300752855e-06 -1.691632021444533507e+01 4.388309519156341487e-02 3.590664043075070255e-01 3.586165929557297849e-01 3.651933014278339051e-01
5.698301061718348812e-06 -1.690942494317913969e+01 9.814577710997176574e-01 4.692506420895616870e-01 2.589225120686501347e-01 3.037155852180186688e-01
5.787627039495850345e-06 -1.689137064440319946e+01 3.264027059783887186e-01 9.252919204392950903e-02 3.827101311163669806e-01 4.915271158673497620e-01
5.804086105491368829e-06 -1.688603084378861041e+01 6.756335139579506821e-01 4.296336393360555839e-01 3.467133163509528160e-01 4.178403833765508280e-01
5.822021681586187133e-06 -1.688044544484827370e+01 7.718539164170806766e-01 1.224484408078407860e-01 2.552924488613079745e-01 3.091706482759518648e-01
5.867367268527520465e-06 -1.687018698722583210e+01 9.330504144386413401e-01 6.273395631624596458e-01 2.775044735922289618e-01 2.819625432410975963e-01
5.978272224385554195e-06 -1.684896141371603306e+01 2.825973733903220930e-01 4.725535727622492965e-01 2.560410990628075867e-01 4.187678986729925779e-01
6.057301868560575732e-06 -1.683332854952044499e+01 7.642609395433643815e-01 5.512989767548350795e-01 2.848392656765619257e-01 2.733152161293819216e-01
6.130961630381109960e-06 -1.681874140377950155e+01 1.767358708404047629e-01 2.298652499856754794e-01 3.041636858981781044e-01 3.947608930870520894e-01
6.377342266784876528e-06 -1.677684157628149464e+01 1.496591633906368957e-01 5.161797719272120943e-01 4.100206349196757749e-01 2.734342215439788948e-01
6.613537201131987246e-06 -1.673797437474591732e+01 3.707437559350490464e-02 3.393163729354267133e-01 3.310558235455364207e-01 2.494882788059125112e-01
6.622888645505395697e-06 -1.673406138818328515e+01 9.051743622915127130e-01 6.565957093679358758e-01 2.488902301892509383e-01 3.573229635862765763e-01
6.624505089873149505e-06 -1.673131734857699726e+01 3.169699636663670939e-01 1.279311934562653574e-01 4.553706933518554267e-01 2.131434275928856259e-01
6.630810597894106284e-06 -1.672786595539329468e+01 9.407263268715634341e-01 1.188516424545391637e-01 2.622366341237646337e-01 3.851080014480366964e-01
6.631922845083036069e-06 -1.672519823021110597e+01 7.857939852155724214e-01 6.494790077411586315e-01 3.461168477216250983e-01 3.733703335171321136e-01
6.978405464296067119e-06 -1.667177256707697452e+01 8.123252507921130405e-01 3.542073979328645983e-01 2.935185499415665644e-01 3.927607006672501067e-01
7.075598653493852978e-06 -1.665544095895902643e+01 7.857889630588021923e-02 3.660698113614838656e-01 4.068035698955457802e-01 3.056646278639221226e-01
7.136512141750191758e-06 -1.664436885279799583e+01 8.207157832425345800e-01 6.148083608550026780e-01 4.068535845057312805e-01 2.457812966333411397e-01
7.143994632840067507e-06 -1.664082092195173956e+01 1.940467632169184942e-01 5.220433769785702838e-01 5.772425405330864345e-01 3.057415371443699126e-01
7.163282819038572319e-06 -1.663562464406816943e+01 8.278457096966058693e-01 6.029261203473430530e-01 2.463241883621472006e-01 3.523348644925389239e-01
7.248569118340878602e-06 -1.662128892784298984e+01 1.706310012484869576e-01 1.822472803759788151e-01 3.002128560104830868e-01 3.927318397256152060e-01
7.369328908474018427e-06 -1.660226636938302391e+01 7.928294429665414533e-01 7.044027232198852850e-01 3.845514325606416151e-01 2.428607435183851582e-01
7.378947228771731287e-06 -1.659846203773479445e+01 1.671325178904827791e-01 1.459993496781294420e-01 4.105566891586094336e-01 2.952217799580839630e-01
7.435015470952785401e-06 -1.658839235350597363e+01 2.334975483522296891e-01 5.668849904348826074e-01 4.259267166577727082e-01 6.070768711765751613e-01
7.418358853079784275e-06 -1.658813516035804625e+01 9.818109740860481160e-02 4.150693696852254533e-01 2.806315248583656219e-01 2.848272396108488813e-01
7.404896658971062692e-06 -1.658745152219555763e+01 6.371227571213257113e-01 4.280408055114583998e-01 2.103342421328080469e-01 4.744793119168020379e-01
7.484347005466359197e-06 -1.657427924059620139e+01 3.435294973699778431e-01 1.578282908462328438e-01 3.908262172909386933e-01 4.582901859323600391e-01
7.541830204680304916e-06 -1.656412812896220643e+01 7.744594565340432446e-01 5.760886402921884253e-01 3.811338923903389020e-01 2.436673316912123521e-01
7.712483699402525843e-06 -1.653925273854385480e+01 1.928812298333757447e-01 5.638706618819772087e-01 4.495024093008841426e-01 5.598048927139339659e-01
7.845861219375562293e-06 -1.651960685468601397e+01 6.460110179576094014e-01 3.462589451336500757e-01 4.297166764261891592e-01 2.617590141750442134e-01
7.828077019196450897e-06 -1.651937612582134918e+01 7.647536671603567537e-01 8.295748594796789055e-01 2.014744586812809990e-01 5.029734325138338624e-01
7.976376242873495513e-06 -1.649810881082168024e+01 8.439593521161954381e-01 7.831441711147768547e-01 3.824486160616864527e-01 3.203248338824199459e-01
8.056434132777133458e-06 -1.648562197090765125e+01 8.752983192501705423e-01 4.363543524319579703e-01 4.088592100080506997e-01 2.511605852782131665e-01
8.106588418513690480e-06 -1.647691589818170144e+01 9.917759058963975249e-01 9.496186020198799094e-01 1.937855671282985304e-01 3.604759326915043527e-01
8.114452840708457520e-06 -1.647344624121760148e+01 7.796827339809492274e-01 3.604653336999787960e-01 3.617226592494040549e-01 2.441622217754811919e-01
8.164029803661380162e-06 -1.646485511868257134e+01 2.846897372026672146e-01 4.931061956128681700e-01 2.647104575650573999e-01 4.192703161985956717e-01
8.611752655428395555e-06 -1.640896515607480310e+01 3.639390182339541369e-02 2.606302717891010312e-01 2.542203965555062117e-01 3.324986683966494327e-01
8.600651811334667252e-06 -1.640775502184041912e+01 1.744672191636642555e-01 5.183188542806599353e-01 5.620861013797768813e-01 2.695322856652024868e-01
8.602407695931717254e-06 -1.640505088552357194e+01 2.343339273995339589e-01 4.473844171604532960e-01 3.634687643411315117e-01 3.891447993055539012e-01
8.701421078570134322e-06 -1.639110665955745816e+01 9.599576594771775939e-01 2.926797733063122298e-01 2.698152811908067772e-01 2.987900699731906862e-01
8.777186886548799080e-06 -1.637993705810082901e+01 3.442414799710580287e-01 3.406963108285073760e-01 4.506815048384714695e-01 3.871237547833047410e-01
8.953753269836342050e-06 -1.635752021010518220e+01 7.903270736782583850e-01 8.129425237554377404e-01 1.496837184409393062e-01 6.282734618933125681e-01
9.195320101006793036e-06 -1.632839834428558845e+01 7.181001001238422887e-01 1.416467339327771580e-01 3.658275223982002666e-01 2.437750006219288057e-01
9.250952578243711448e-06 -1.631986648658960348e+01 9.577849412375337712e-01 3.567336921473449607e-01 3.607166375276227299e-01 2.450973259534072746e-01
9.265079395445516812e-06 -1.631584058514776814e+01 9.341412734007872309e-01 1.237724623111394751e-01 4.149135182961101176e-01 2.663615556236706983e-01
9.245594010611956021e-06 -1.631544589937414003e+01 2.338234710872144628e-01 3.960854353204539269e-01 3.651418788203092403e-01 3.723519504204870767e-01
9.253036910917184665e-06 -1.631214120190885808e+01 2.601019421228822903e-01 4.243575888465510593e-01 3.616298510799680344e-01 2.319399554634020699e-01
9.250684332564087229e-06 -1.630989548355683638e+01 6.339137783665441672e-01 5.342945349761814011e-01 2.838573068887446649e-01 4.635239167014406636e-01
9.309675681059253525e-06 -1.630103875910806721e+01 9.260716427265217598e-01 9.625130796271896827e-01 1.691861521203961161e-01 4.409818272776537817e-01
9.335507530337212943e-06 -1.629576787018594786e+01 2.919114395452950816e-01 2.164913769184152459e-01 4.451781359637999591e-01 2.077485103262116661e-01
9.338609305748802559e-06 -1.629293566968968321e+01 7.610120730862310889e-01 1.203651400632474999e-01 4.141515828102717567e-01 2.689482965148922711e-01
9.479371858374134046e-06 -1.627547495983697701e+01 6.255357184755417910e-01 6.155404420113417263e-01 2.881091454369365534e-01 4.542051240885155439e-01
9.472588450573647112e-06 -1.627369081275979568e+01 6.606327106824494422e-01 1.146721974659949961e-01 2.983237920988003333e-01 4.124735672160428912e-01
9.519440174158273304e-06 -1.626625697240476143e+01 6.053701414802490355e-01 2.655613167528112495e-01 3.686330802528240413e-01 3.331554303721597776e-01
9.624469968291938626e-06 -1.625278420381533451e+01 2.712858457826649028e-01 5.479497258885520639e-01 4.766846574353723609e-01 6.538463639657952076e-01
9.636073170290199237e-06 -1.624907933608979960e+01 1.761041093091525456e-01 3.046580026218470572e-01 2.695746301851181803e-01 3.023030941221859225e-01
9.619663942037920236e-06 -1.624828368343612084e+01 7.346813092227502118e-01 4.948543315935756137e-01 2.931386015185865057e-01 2.770175568761314988e-01
9.650703864241004829e-06 -1.624256216225292349e+01 7.768519983742639967e-01 5.100201131355560635e-01 2.569543441979641463e-01 3.121245245481375497e-01
9.633246767086845730e-06 -1.624187269394911226e+01 2.433736194019047172e-01 3.010616422633215494e-01 3.875589794703462321e-01 3.606727727002110306e-01
9.633734206732182451e-06 -1.623932209550339678e+01 8.215132440513238654e-01 8.123793312236827768e-01 3.353097621782180626e-01 2.766410969087972349e-01
9.777279809783731099e-06 -1.622203170694321983e+01 9.082409488111734541e-01 7.663229167690297494e-01 3.815347261679140622e-01 2.455598788338392291e-01
9.810045876472890940e-06 -1.621618606417631980e+01 9.431991889398380069e-01 3.201573116392579799e-01 2.656866212589885645e-01 3.097210288860609007e-01
9.814617515176321899e-06 -1.621322015669093730e+01 9.825907501766278918e-01 2.981305177582057597e-01 2.898685679502734924e-01 2.801864676166185841e-01
9.864468525251182774e-06 -1.620565375100465033e+01 7.154221098367946619e-01 1.224091160007029222e-01 4.002428467083826158e-01 2.481624516814106007e-01
9.880638958276864549e-06 -1.620151583268444995e+01 2.502375052639068675e-01 2.941395250652252269e-01 3.724237782063498647e-01 3.900350537997665512e-01
9.902897571055433500e-06 -1.619676561598151210e+01 2.770277337743262125e-01 5.712377212877215449e-01 5.837621457048501883e-01 8.829547594272587618e-01
9.899753922034984998e-06 -1.619458311377194093e+01 8.804626635410461866e-01 7.498676695440245066e-01 2.570697841880875689e-01 3.182165547737786371e-01
9.921938175811742083e-06 -1.618984473140480063e+01 1.465226281088714000e-01 5.462601689883084255e-01 6.636199838814554886e-01 3.165444610976457795e-01
9.937419530067459654e-06 -1.618578563189906561e+01 7.597745737956215217e-01 1.149356715859054523e-01 3.715973949983401026e-01 3.419274071330435927e-01
9.917317231043678354e-06 -1.618531056994126516e+01 9.217580455013199003e-01 9.508820574699949901e-01 3.991857974405577103e-02 5.316565112561444373e-01
9.950370816221115904e-06 -1.617948319580546723e+01 9.286460739275909093e-01 1.786019426649934072e-01 4.018553603979739819e-01 2.497545517147291561e-01
9.960160348489517808e-06 -1.617599984353060449e+01 9.952270466717816344e-01 3.459762051379877690e-04 2.591256061416559175e-01 3.605844550284141858e-01
1.007957535014436974e-05 -1.616158188044951061e+01 8.824352359867406737e-01 3.044910398424141018e-01 2.588734978704241296e-01 3.638612746422503763e-01
1.007122476351918161e-05 -1.615991068993162472e+01 6.790592714549269493e-01 6.548697054238756809e-01 1.301222262771495330e-01 3.619889622812653140e-01
1.005723790509648700e-05 -1.615880044938858617e+01 7.289561250032555728e-01 1.586860414092617910e-01 3.960546666778173019e-01 2.486781075054733670e-01
1.032992109641436201e-05 -1.612954836943591275e+01 2.671123769091451328e-01 3.554734317322173487e-01 3.892383690321954415e-01 2.224784173679517085e-01
1.031898978090851271e-05 -1.612810714842837001e+01 1.557345015854552095e-01 4.292461508749679799e-01 2.640934703759661994e-01 3.196735943429903637e-01
1.043063491492006576e-05 -1.611484587316979855e+01 9.951141617054156674e-01 8.989361999521775504e-01 3.061949544692086356e-01 3.952076927460703715e-01
1.052526403475466361e-05 -1.610331454855217004e+01 1.756874728467144875e-01 6.754682047242988041e-02 4.113613746218907075e-01 2.710607717216148016e-01
1.051173262857590349e-05 -1.610210098770139098e+01 6.654151814796184228e-01 1.169102433461299828e-02 3.854052485293907315e-01 3.275408772765477927e-01
1.050771796367036076e-05 -1.609998298293354679e+01 6.927086395326800261e-01 2.101966619860569097e-01 3.444645057744484262e-01 3.843285188732527002e-01
1.069568422144842875e-05 -1.607975269793044504e+01 9.908560015071985472e-01 3.389131481914708921e-01 2.610919431087450615e-01 3.257491936801130139e-01
1.068163076613789394e-05 -1.607856749890925840e+01 6.740486887370213953e-01 6.994002917545157905e-01 1.514537049249023992e-01 7.371725447066574954e-01
1.082289568235713913e-05 -1.606292915349143158e+01 7.772781272633078054e-02 1.824108135511641748e-01 2.593115537049534014e-01 3.350161582829469520e-01
1.088776057628010225e-05 -1.605445373882378135e+01 1.914306663807132658e-01 4.899464307021657028e-01 3.516212790427344359e-01 4.359200487258688694e-01
1.089152326900584988e-05 -1.605160820930225185e+01 8.039834504749098221e-01 8.054676283408820359e-01 2.732843253460029986e-01 2.980370064726322044e-01
1.095758449246067919e-05 -1.604306115003735300e+01 8.604658012394389432e-01 2.244895061366768418e-01 2.684669265155984474e-01 3.735383959713171054e-01
1.097311486625248734e-05 -1.603914483620860665e+01 6.560417126998480120e-01 6.363432918244756875e-01 2.040333473249218432e-01 2.887258889873548506e-01
1.113695041333077215e-05 -1.602182456826847812e+01 7.375277147148422419e-01 5.214162342007029327e-01 3.688545115963255405e-01 3.366107684075473339e-01
1.111799484239996116e-05 -1.602102806160866777e+01 7.169492046595180579e-01 3.599405168584282055e-01 2.676363125875317328e-01 3.917892561985838462e-01
1.128845059152863202e-05 -1.600331288274258412e+01 6.708588758675276820e-01 4.971019720945420994e-01 1.697295926831102753e-01 3.446162117060923569e-01
1.140655108994180673e-05 -1.599040516688267211e+01 6.830126909041926986e-01 1.819776187548002300e-01 2.225291389530167363e-01 3.433585230823100742e-01
1.150425861883233665e-05 -1.597937573274272971e+01 9.680669709620211005e-01 1.003054124313584872e-01 3.457297673209159816e-01 2.527325898339631838e-01
1.164100500824971079e-05 -1.596505923475239719e+01 7.045882648241418300e-01 6.970758737775577529e-01 3.130242755945177313e-01 3.067007373839553130e-01
1.167614655296359336e-05 -1.595954500968906764e+01 1.578076946778365075e-01 5.557777698612608175e-01 4.725467576138233650e-01 4.587344082604348783e-01
1.166517082867819491e-05 -1.595798546432707532e+01 7.614030875771621298e-01 5.927426422716245424e-01 2.465632808476569959e-01 3.788917559663191881e-01
1.181227385814372223e-05 -1.594295386589096708e+01 7.133252670351308833e-01 2.562138322616606123e-01 2.830617762645075697e-01 2.832167374980306684e-01
1.178731978587727359e-05 -1.594256865497955289e+01 8.602587563922531322e-01 5.095169364429149583e-01 2.841798335854976987e-01 3.845868989835252716e-01
1.212100032672208647e-05 -1.591215350180002552e+01 7.493388556949598378e-02 4.485172489873058277e-01 4.369633140108907243e-01 2.740316995807374756e-01
1.233346687296084946e-05 -1.589227656278858092e+01 6.699555736327635902e-01 5.470439978266836700e-01 1.885217273847151764e-01 5.183645945858526005e-01
1.264508493381171140e-05 -1.586482441735390125e+01 8.911863225901254237e-01 1.677420248150164328e-01 3.441595898776762530e-01 2.546408298639410983e-01
1.265427820409316287e-05 -1.586159765829392576e+01 6.275034040558683524e-01 6.579829529104812558e-01 1.118533360757237860e-01 5.588868180724516632e-01
1.277352609733481760e-05 -1.584971825879529916e+01 4.275539919095217023e-02 5.747149196617178379e-01 8.297616193917273231e-01 5.538013787921391984e-01
1.292770131147289945e-05 -1.583522061673277292e+01 1.501179876429878934e-01 3.263539407057766129e-01 2.802632346601084956e-01 2.970831151188384478e-01
1.290559989191476284e-05 -1.583443169692159813e+01 3.253169225224797900e-01 5.959160579841471517e-03 2.599370936029272716e-01 3.805319482629945238e-01
1.289965358317543768e-05 -1.583239255725380268e+01 8.743788205531471958e-01 5.357851131628321717e-02 3.870833712775488822e-01 2.508202915871736716e-01
1.296517666704771774e-05 -1.582482596888613280e+01 3.032330704051342529e-01 2.729054466251280564e-01 5.608284478760208192e-01 2.482260153075317444e-01
1.314846077709501073e-05 -1.580828831364217280e+01 3.221869546319372501e-01 3.242305232307344243e-01 5.454486528170268134e-01 2.328006579856451985e-01
1.323026885761300048e-05 -1.579958571450802296e+01 6.673564008632987266e-01 9.418699773102046091e-02 3.177413156389742310e-01 2.586971464593652570e-01
1.328370622347416036e-05 -1.579305482603866473e+01 1.007042719083482973e-01 2.548840571730143223e-01 2.670393876682252143e-01 3.219621734039067595e-01
1.343104546738028021e-05 -1.577952416106571576e+01 6.897396878237398443e-01 1.474288825501414157e-01 3.430007044540617223e-01 2.495236587490690106e-01
1.344064520325903144e-05 -1.577630967410582841e+01 1.584639040613394778e-01 2.177800037602767302e-01 4.045621101708228862e-01 2.814256367426328787e-01
1.362837290854238592e-05 -1.575993915140975865e+01 7.699239910838421297e-01 8.063611092117890511e-01 2.236486969912283573e-01 6.082318427581310250e-01
1.367669807107033693e-05 -1.575389950025704522e+01 9.180812654676341333e-01 9.298932291512500559e-01 2.665611636948681529e-01 3.302849417598299198e-01
1.373130368884521264e-05 -1.574741484712522599e+01 5.772131138667361272e-01 1.074746933167584073e-01 3.147345564133920970e-01 3.795789521474862704e-01
1.394536853732663712e-05 -1.572944556559447271e+01 9.622599024965151626e-01 3.746167478759532266e-02 3.657842868648123469e-01 3.408284157590031338e-01
1.397831760673528493e-05 -1.572458562754541944e+01 2.005245421906747261e-01 3.649481080862552185e-01 3.043886165511114905e-01 2.743805547947459900e-01
1.403283971545940007e-05 -1.571819273751220791e+01 8.740512802319710950e-02 2.655910430347546702e-01 3.967380246827189039e-01 2.571714052520833738e-01
1.415092635484649932e-05 -1.570731292552344271e+01 8.582392411801664789e-02 1.250889916269252167e-01 3.662575578721709579e-01 3.399952991292145565e-01
1.417033428421082814e-05 -1.570344236983740061e+01 2.581541539564500276e-01 3.723963985317997327e-01 4.661910732239328281e-01 2.205487910884126324e-01
1.427740339720786551e-05 -1.569341490879539336e+01 2.968708319031729825e-01 1.646545318209098330e-01 3.907243946840115445e-01 4.390441635122253050e-01
1.447894248142533402e-05 -1.567689766300364695e+01 5.925020882276550438e-01 5.065182516626840492e-01 3.323435189938116485e-01 3.729255863984097807e-01
1.462992324217071073e-05 -1.566402404583003793e+01 9.361477635063680802e-01 8.781489947578102750e-01 3.776338881520426849e-01 3.287745420939587326e-01
1.474467145299820613e-05 -1.565371125415063958e+01 6.258484513062897436e-01 1.952047946241589615e-01 2.562555358058169475e-01 3.068601778993247375e-01
1.473366976217074857e-05 -1.565195767955212247e+01 8.886451162144187732e-01 9.005918644328092526e-02 3.835811841797195365e-01 3.188637475607313254e-01
1.471482264942995606e-05 -1.565073768499692797e+01 7.213732273394972694e-01 7.109879642731899985e-01 1.743997380035879896e-01 3.701948834753324702e-01
1.470812687845280955e-05 -1.564869282434904108e+01 7.931744821520206878e-01 2.548929879401550247e-01 3.294907010464370734e-01 2.626882647640279567e-01
1.506821576549571958e-05 -1.562200540506462687e+01 8.919149484254450533e-01 1.419077101622738812e-01 2.752644058220558021e-01 3.657789243559448344e-01
1.525329697855669375e-05 -1.560729733924166140e+01 6.356092542733756678e-01 3.057589217234493173e-01 2.201958741330088953e-01 4.437996903732956966e-01
1.535831183693525919e-05 -1.559793619901359030e+01 7.169792783592214835e-01 3.887201368826730397e-01 2.544867313516312457e-01 3.543060150058375823e-01
1.552313424920084392e-05 -1.558476157083087799e+01 1.535884396593469869e-01 8.184699423295249687e-02 3.768552558203170921e-01 3.261843467015435039e-01
1.550121827192126842e-05 -1.558367439521843778e+01 9.588138892683595316e-01 5.868718359522313577e-01 2.813520242495040069e-01 3.019687067865721719e-01
1.568257133851455769e-05 -1.556954302434013115e+01 6.741132315472651015e-01 2.352463877743954379e-01 2.088769560690927340e-01 4.369453932918331285e-01
1.566127919014024281e-05 -1.556840164182268715e+01 8.772708759152538782e-01 5.601625133193863793e-01 2.642725471356076605e-01 3.507866610411268793e-01
1.562376388707701244e-05 -1.556829993297749581e+01 3.014551706717210067e-01 5.528719888148330153e-01 6.742527151152784004e-01 5.503703599249393230e-01
1.602294184079812493e-05 -1.554057145395665174e+01 3.231230724346236816e-01 1.669314909352407339e-01 3.096730456908316498e-01 2.981334936463899687e-01
1.610942327671404753e-05 -1.553268861678199997e+01 6.449978278651835595e-01 3.640197589329080552e-01 3.697635580721289061e-01 3.759788086795986528e-01
1.609951144641861214e-05 -1.553080408765637443e+01 7.306637867874906656e-01 6.649901108699927121e-01 3.748684013703075246e-01 2.803093950083045405e-01
1.614635587774964029e-05 -1.552539863228041028e+01 2.405649946129138073e-01 1.522678711444119815e-01 2.654680765058893277e-01 3.594616875755650698e-01
1.626352755475609889e-05 -1.551566798686634741e+01 3.391650727518957797e-02 3.446013913032427434e-01 3.773243139136447377e-01 3.254123441233466307e-01
1.651808237864671358e-05 -1.549763733166267166e+01 2.620531655320432751e-01 2.235093135432205669e-01 4.878620977487753141e-01 2.824001604818161537e-01
1.699822186524576508e-05 -1.546648427181978747e+01 8.852087483845878513e-01 9.916623947057057187e-03 2.901988015434699975e-01 3.710331407031065565e-01
1.711996439710315073e-05 -1.545684772314045574e+01 3.005077779200959753e-01 3.862326324970434266e-01 4.074484844790828841e-01 2.225585268323924115e-01
1.716711652159998608e-05 -1.545159729044344843e+01 2.897614105241802518e-01 3.621649253654660727e-01 3.107928719625561165e-01 2.653328763928813894e-01
1.736877243792449952e-05 -1.543741910787955085e+01 6.119409699190488938e-01 3.402999501261179116e-01 2.996822892382222658e-01 3.953570058740024651e-01
1.736502036028371446e-05 -1.543513515555837223e+01 9.523598558617818455e-01 8.332392860724767703e-01 3.268256397054528639e-01 2.669354527596761173e-01
1.740168239160675421e-05 -1.543052612352424013e+01 3.447747656636486191e-01 2.795074954645532239e-01 4.109361629355211543e-01 4.058562245918169165e-01
1.739841635740383067e-05 -1.542821382610727099e+01 9.513777620764062304e-01 1.234183259019151491e-01 3.898421781947358777e-01 3.041530933538288961e-01
1.750829415678056047e-05 -1.541941829377761408e+01 7.963859685598996263e-01 7.014994680835897611e-01 2.809221608861509623e-01 2.982404246455501173e-01
1.762219003451513037e-05 -1.541043410892132215e+01 5.956392786466641054e-01 1.725074210761913251e-01 3.487219713146803013e-01 2.957967861076040705e-01
1.758460333511628924e-05 -1.541006930557409227e+01 9.045362442027125027e-01 7.206363607068514421e-01 3.928381576677852927e-01 2.969813275795009089e-01
1.794906075668681176e-05 -1.538705522621093280e+01 6.251585930971829130e-01 6.472085216038744315e-01 1.734962781899888062e-01 5.220381630157164832e-01
1.808214894544361577e-05 -1.537716780874042932e+01 2.347690643534020571e-01 2.420606619154468397e-01 2.807394002855618798e-01 3.037931807170203280e-01
1.809355936571467786e-05 -1.537403697544471015e+01 7.253615329944707035e-01 7.401112018167546047e-01 2.969069937772655932e-01 4.415841842770832359e-01
1.806049445363339199e-05 -1.537336608824434947e+01 8.163406796095482587e-01 4.666930475657021793e-01 3.881439172649108205e-01 3.036003147922895495e-01
1.813757077924411297e-05 -1.536660749367027456e+01 9.130878989950522717e-01 8.920932765687381583e-01 3.101240986868734062e-01 2.858807649191053013e-01
1.811704937284962940e-05 -1.536523956503111599e+01 9.774071806445250310e-02 5.589899804951693474e-01 4.689757877744497039e-01 7.979589603410689458e-01
1.878803971250144901e-05 -1.532637253236462982e+01 7.259250118336728619e-01 1.300460497552680117e-02 2.988248535925507321e-01 3.702512240336848226e-01
1.876238276684963639e-05 -1.532523906557253746e+01 7.016467171882567744e-02 5.006759022006731508e-01 5.328740962758736766e-01 2.772152612770116820e-01
1.874032452206294278e-05 -1.532391542050394939e+01 8.542329371154636641e-01 9.309021125291763177e-01 1.719072718711927017e-01 8.323050139310812501e-01
1.875474882668655839e-05 -1.532064602313800705e+01 8.572509876814397023e-01 5.270262478576115406e-02 2.894040075256729683e-01 3.669982288800794912e-01
1.875648054542702314e-05 -1.531805369245353354e+01 7.706240254282392677e-01 2.223136689239758601e-01 3.935488392664755475e-01 2.898812224362353751e-01
1.885173985178186911e-05 -1.531048780477949123e+01 7.068142921300846204e-02 2.884926329728343397e-01 2.884436967950806396e-01 3.662990571944374496e-01
1.884426144144957580e-05 -1.530838457951282017e+01 6.338622560831351782e-01 4.414412820216730982e-01 2.996377001674126461e-01 2.649505851221225505e-01
1.882902130375627711e-05 -1.530669364829654100e+01 7.134280329491271555e-01 2.312677548493266011e-01 2.635130246374066676e-01 3.185067816484183911e-01
1.921968052477569843e-05 -1.528365823285941438e+01 8.496635573449068390e-01 3.336626475495829691e-01 2.736932241468748028e-01 3.238412604989113763e-01
1.923311540374213533e-05 -1.528045946028963442e+01 3.053573332773443783e-01 7.917305388756845641e-02 5.183961382470930745e-01 3.237836514632577156e-01
1.923184039763101852e-05 -1.527802575471712210e+01 8.007358145972294228e-01 4.777252992083593774e-01 3.585678308121503788e-01 2.594669893173169317e-01
1.928064812007780057e-05 -1.527299110943942395e+01 8.002257190087583849e-01 7.912215286805241998e-01 3.544926778100478959e-01 3.594335055223421005e-01
1.932947609260124967e-05 -1.526796182472202545e+01 9.998998225435681286e-01 2.105901637452456399e-01 3.436888588749011930e-01 2.629254494648917140e-01
1.940818712319993189e-05 -1.526139802053832994e+01 2.841376716324953700e-01 2.431154751209584353e-01 2.965299622445588534e-01 4.252016824495330471e-01
1.937203366466137722e-05 -1.526076255190395337e+01 7.990741763113820006e-01 5.220790294065554837e-01 2.782301750663854767e-01 3.217364386972543233e-01
1.944130321588378318e-05 -1.525469317960395443e+01 8.946288255059606787e-01 4.487262725800744700e-02 3.635400991422093053e-01 2.590927352701193342e-01
1.958430674696391710e-05 -1.524486444489462755e+01 6.867060019011346217e-01 7.171293080569879352e-01 9.009320787423225063e-02 7.839439252884239373e-01
1.953828362016350284e-05 -1.524471721078250219e+01 6.481537422182140906e-01 6.466327279407153572e-01 3.874510409836576796e-01 3.442796119069571059e-01
1.952105930703879755e-05 -1.524309916695228573e+01 2.650774462072553739e-01 2.526683423628419689e-01 2.588878465309885080e-01 3.801296952940121932e-01
1.993319938060359047e-05 -1.521970636201412752e+01 2.280694494048498555e-01 5.119601687998499573e-01 3.039030198429240048e-01 3.563613264782100609e-01
2.018491803012246322e-05 -1.520465732087703081e+01 1.823823073759501812e-01 2.312173206639729361e-01 3.084453202862785792e-01 3.666908855350945462e-01
2.027402803674833057e-05 -1.519775235439236560e+01 7.782896438712163523e-01 6.054237729915905586e-01 3.047321301086882706e-01 3.735376797268123994e-01
2.035346992739168741e-05 -1.519134160448785664e+01 2.871589864218841992e-01 5.893480073746665271e-01 6.088298490467420887e-01 6.723415781723289797e-01
2.044285472230074693e-05 -1.518445959514230026e+01 7.215859892163839495e-01 5.287636709970132687e-01 2.754376713763223572e-01 3.689885260463254824e-01
2.056810421079001183e-05 -1.517585147764592612e+01 7.437596710133509426e-01 1.700082873759671820e-01 3.650719363335576118e-01 2.609300280080076861e-01
2.066097283347135104e-05 -1.516884646388358604e+01 9.166138621365963468e-01 3.875308364014433682e-01 2.810107607887392112e-01 3.538878701286889417e-01
2.080115758897436729e-05 -1.515958437576865414e+01 2.124622732938452607e-01 4.702046059098550224e-01 2.932649573568154588e-01 3.057300966394441710e-01
2.087661854139958564e-05 -1.515346321159482379e+01 7.975129769765342269e-01 5.418399438740673091e-03 3.362440465278577761e-01 3.551605003476293598e-01
2.098288644346748801e-05 -1.514588584002043703e+01 1.690081329847572533e-01 5.542412238395940660e-01 4.321063003533077707e-01 7.036490842112436139e-01
2.100519831860296052e-05 -1.514232306817161344e+01 9.587079246535841204e-01 6.314303088650239371e-01 2.859773465803737702e-01 3.080277489320684126e-01
2.101318667163101696e-05 -1.513944283684543812e+01 2.562011438086797543e-01 1.101720476385532610e-01 3.984052369216155576e-01 3.673195526838493041e-01
2.098358522473363547e-05 -1.513835253813736514e+01 7.708302797128747663e-01 3.827556014180241162e-01 2.647483705257406283e-01 3.545586962788994656e-01
2.094032096757042629e-05 -1.513791648095428855e+01 2.562015580453538277e-01 5.251006838082628025e-01 4.111197815340409401e-01 5.264279570784642370e-01
2.105458857331763897e-05 -1.512997449338953615e+01 3.388492123559959657e-01 1.950562203721494248e-01 3.797064061810628832e-01 2.758298704435930837e-01
2.100656253976176672e-05 -1.512975812344511439e+01 9.446798646781708886e-01 6.711289709101634360e-01 2.884546345446181714e-01 3.595952963068277386e-01
2.114670331104522664e-05 -1.512060899271858894e+01 9.128232603910596543e-01 3.085850306277582167e-01 2.806606914632033822e-01 3.190807317708044266e-01
2.114828723171542052e-05 -1.511803409398232922e+01 8.457447954385477473e-01 1.901730005113377864e-01 3.739383508965207215e-01 3.200112026256630715e-01
2.126244420235648479e-05 -1.511015068075266754e+01 2.599764157727799674e-01 5.457776717938329636e-01 4.404784698677676191e-01 3.452565931007620659e-01
2.146115765505060498e-05 -1.509834833371247420e+01 6.936073067089677524e-01 1.723264241207962399e-01 3.171757517146579497e-01 3.841961954158824577e-01
2.155430758788747298e-05 -1.509151732959958636e+01 6.524969526428673339e-01 1.370557065809739905e-01 2.545496546120983306e-01 3.971168665270415898e-01
2.153830112885278596e-05 -1.508976021615240626e+01 8.241780888342895572e-01 2.713804949387846888e-01 3.038810487622202183e-01 2.882315491472863256e-01
2.178646551457189521e-05 -1.507580408520968085e+01 6.153959133324815589e-02 1.285848748469722302e-01 3.696029595272583013e-01 2.622264616574262464e-01
2.193735921049846054e-05 -1.506640193079296886e+01 6.277588839499366191e-01 2.598808652019045651e-01 3.165072761241594090e-01 2.786009546057270914e-01
2.203179902650659704e-05 -1.505960619418929625e+01 1.166788017047740711e-01 6.831533161255509690e-02 2.904681993775563020e-01 3.597134561831191180e-01
2.212826135806031825e-05 -1.505273742819858462e+01 1.020136590334885796e-02 1.112260184470993396e-01 2.799557762777460379e-01 3.442588534910331344e-01
2.216772878141838141e-05 -1.504845544144638581e+01 6.071238227575102009e-01 2.000962790301956673e-01 3.502175495232288105e-01 3.542626983723059508e-01
2.216123625771327651e-05 -1.504624836611745842e+01 8.542312520269388365e-01 3.649683239609990970e-01 2.857228150930863908e-01 3.611871975434354232e-01
2.215946261121359056e-05 -1.504382840305486546e+01 9.709494933721651844e-02 5.415681764925355246e-01 4.132924284118991709e-01 4.523869963581503839e-01
2.249558018706579037e-05 -1.502627416045954156e+01 3.232670647790831797e-01 2.220550914570577072e-01 4.596097661508447008e-01 2.296269052805678390e-01
2.267310572063546383e-05 -1.501591356216693995e+01 2.074974493973699152e-01 3.212692587166819935e-01 4.090535646280658577e-01 2.733926121951684163e-01
2.277712998166812118e-05 -1.500883605267483567e+01 5.819030823976611977e-03 5.071137884307523880e-01 3.507573080801753562e-01 3.310019516296014430e-01
2.287855853046248414e-05 -1.500189285100744740e+01 7.215761681258531235e-01 1.018573421086409470e-01 3.894389255627168644e-01 2.868092796486975127e-01
2.304278122479772666e-05 -1.499224047281908234e+01 6.508733170450750061e-01 6.155372058554658965e-01 2.594298814558074762e-01 5.150309195582848387e-01
2.335394500866678680e-05 -1.497632709327849554e+01 9.453179346554727580e-01 2.520030547160861945e-01 3.474537850238195169e-01 3.440394324398787784e-01
2.333698765940981460e-05 -1.497455345915013503e+01 6.896411410100051764e-01 7.492543619405398481e-01 6.792789495609541373e-02 9.686119429693286209e-01
2.385608209780637698e-05 -1.495005381483666440e+01 7.846807912218343173e-01 2.924900186235643851e-01 2.875486323489013785e-01 3.060571896476717013e-01
2.383081902308532824e-05 -1.494861335431147431e+01 2.546395569931091396e-01 4.670001761144795260e-01 4.873429687763203288e-01 3.123721805258475870e-01
2.381704721670167802e-05 -1.494669142035530740e+01 6.672714566440195449e-01 3.330533903142500751e-01 4.046920323012807019e-01 2.469596617284188778e-01
2.376650677247523356e-05 -1.494631570317972624e+01 6.616781095835012616e-01 2.760799675869480829e-01 2.724681888795253970e-01 4.678779363476275321e-01
2.390139879576548099e-05 -1.493815602999909586e+01 7.731063799633157707e-01 4.433220181174858388e-01 3.303590014636695882e-01 3.584773316871627813e-01
2.418265495957905748e-05 -1.492395737526714683e+01 9.776210896733019684e-01 2.504095359534509457e-01 3.788401649504063995e-01 3.079228600192444043e-01
2.425915702720176392e-05 -1.491829885876723694e+01 2.260925336404995267e-02 5.314240187550198780e-01 6.644585962875904084e-01 3.110237736134883191e-01
2.426752433643047181e-05 -1.491545400479921213e+01 3.224084458394065322e-01 5.647998444325819101e-02 3.257272714493547605e-01 4.737173986879869014e-01
2.424726243713775628e-05 -1.491378929242256390e+01 7.410706225746056530e-01 7.602255003109043008e-01 1.315950769173402923e-01 5.372343314932659375e-01
2.423795018579886630e-05 -1.491167341991008577e+01 7.861659781629463106e-01 2.688378035574729985e-01 3.849228553657495500e-01 2.763926444912103708e-01
2.431420868096025267e-05 -1.490603211539758099e+01 1.135000091555905533e-01 5.613158840464637089e-01 7.325916262731850814e-01 5.430843897550415855e-01
2.425420407167723911e-05 -1.490600304810516263e+01 1.796953169102044612e-02 1.349419193141696560e-01 2.943173909038460101e-01 3.027883930855023165e-01
2.421624102571266003e-05 -1.490506948941392018e+01 8.771223609123158793e-01 7.327279233843020378e-01 3.212711790254361155e-01 3.575496270099054463e-01
2.428274496407223718e-05 -1.489982699990882686e+01 3.715485233711124380e-02 4.170842706369808361e-01 3.991615788571936108e-01 2.751342846863548131e-01
2.425799749697266392e-05 -1.489834665754029253e+01 8.881265731234749827e-01 2.115770557641903915e-01 3.011033238492745179e-01 3.593556220087884556e-01
2.425065927664823076e-05 -1.489614921056354824e+01 6.618406022527874022e-01 1.149206944240990236e-01 3.305156128642636748e-01 2.617136161939856986e-01
2.453126990374517963e-05 -1.488214438789818139e+01 8.748166401263988146e-01 8.699891664948902203e-01 3.401637414161560180e-01 3.796959263109317417e-01
2.461871788725241122e-05 -1.487608597090920348e+01 8.467559847856380717e-01 7.308847655360745099e-01 3.228047899946666632e-01 2.938562480227850937e-01
2.456213335639213829e-05 -1.487588705169154757e+01 8.815201533500471864e-02 5.632095508894848779e-01 5.114283604468163880e-01 8.862783475580000569e-01
2.460851961573023351e-05 -1.487150030541933532e+01 9.727156396912034486e-01 8.927806416995153205e-01 2.589648542472534620e-01 3.640265128355169022e-01
2.475642385447692886e-05 -1.486300800923004850e+01 8.137231590451762253e-01 4.521757485922844877e-01 3.292305880038448596e-01 2.765632768372610073e-01
2.484023807832846757e-05 -1.485712817275027575e+01 6.551976708637037294e-01 5.955502282771927280e-01 3.842681558351075388e-01 2.468524621053250767e-01
2.484948369397135270e-05 -1.485425603881916068e+01 2.577131835843995411e-01 1.054739297907856255e-01 4.783630920020708333e-01 2.461674859279483485e-01
2.501403569205950831e-05 -1.484515591923436695e+01 8.578304801213806341e-01 9.086158673541101516e-01 2.393766002091445300e-01 6.401467861960874473e-01
2.540011024199886308e-05 -1.482733949999214218e+01 8.915844384339540740e-01 7.693080771383057348e-01 2.777148708152168410e-01 3.377527450948396570e-01
2.534606686025761994e-05 -1.482696944968525443e+01 2.495373170951402653e-01 2.533444356125140740e-01 2.739088572647767617e-01 3.723128500760635173e-01
2.534424845931008190e-05 -1.482454119518286362e+01 2.265857907844590624e-01 3.604958612103702498e-01 3.145967045589689315e-01 3.732136568661038600e-01
2.528545225867334781e-05 -1.482436379342990485e+01 9.260128854091894679e-01 9.399089390237727049e-01 1.678839763778811056e-01 6.340941855268003025e-01
2.536078794024499350e-05 -1.481888881495809862e+01 8.829826939069815861e-01 1.549088270092272568e-01 3.587731314664376336e-01 3.306922820792553841e-01
2.534528484693819711e-05 -1.481700030359990272e+01 7.248018844619993351e-01 2.523170916538464148e-01 2.749312754607257103e-01 3.518738395023496279e-01
2.531771946359503202e-05 -1.481558848960222541e+01 5.933566419209752585e-01 3.079615486665300272e-01 2.722304614618533680e-01 3.473200198625233659e-01
2.543764754969659713e-05 -1.480836275057792228e+01 2.112838187204792995e-01 2.696364179279610029e-01 3.014439798901732415e-01 3.683832788320237084e-01
2.539585941731153351e-05 -1.480750686857377296e+01 5.954899394799344492e-01 3.300559965612318569e-01 2.628266012015212372e-01 4.133173463893454747e-01
2.537420532454453834e-05 -1.480585989463116370e+01 3.192920806157757418e-01 8.600042669282770280e-02 3.935766254571705369e-01 4.626195366909439111e-01
2.539197814282127791e-05 -1.480265971124966740e+01 9.097423617014479547e-01 3.776490987653375875e-01 3.701102093207295773e-01 3.171979758246756820e-01
2.544595826947455201e-05 -1.479803609448828006e+01 8.049758770989964285e-01 1.124098897185549228e-01 3.495438585706043266e-01 3.387267561268569871e-01
2.539440643743576443e-05 -1.479756408346925234e+01 8.517280801020233882e-01 1.356981107780822482e-01 2.997171168422043674e-01 2.992185102232880478e-01
2.539544942367832962e-05 -1.479502301281744536e+01 6.830206266177585306e-01 5.437532670921773059e-01 2.564124560684017951e-01 4.548617585252332507e-01
2.541195645318669228e-05 -1.479187322447244490e+01 2.960599318627599175e-02 4.471259178052411354e-02 2.896841072754198221e-01 3.150866035723154379e-01
2.553735089277216775e-05 -1.478445089287255421e+01 8.565062598922688064e-01 8.987653613134779507e-01 1.191703662957988019e-02 7.650584760098324555e-01
2.583804736400827982e-05 -1.477024490459261763e+01 6.962787987638943132e-01 2.320495427763615837e-01 3.881761489051188674e-01 3.059906806964312054e-01
2.585342160989769782e-05 -1.476715005802903846e+01 2.588449608721762329e-01 2.866441937303310095e-01 2.739272650648618690e-01 3.137025391238780214e-01
2.582993048828818546e-05 -1.476555909826244140e+01 2.539947221815694878e-01 5.804817672540031337e-01 6.710723822517025150e-01 4.778229730408957154e-01
2.578173550058412877e-05 -1.476492669934792978e+01 2.722541962887325973e-01 4.653400054325450563e-01 4.665374784504983108e-01 3.591939998663657985e-01
2.575430278025292105e-05 -1.476349130283074729e+01 8.028481107122642513e-01 8.227348401157449365e-01 1.153828244556123206e-01 5.325287558376836650e-01
2.572321410152385754e-05 -1.476219915761442536e+01 8.332415940398389953e-01 5.780425862480970123e-01 3.679860389569814538e-01 3.115936539325704357e-01
2.585798266285641681e-05 -1.475447365388628462e+01 7.281224172224507463e-01 5.145031503125485628e-02 3.061069045089949148e-01 2.926984923555716600e-01
2.580613773116977155e-05 -1.475398065405174108e+01 9.382605251818619818e-01 9.590085011915207014e-01 2.597138028358967343e-01 5.631957822844714245e-01
2.579246213342786909e-05 -1.475201073037543864e+01 9.614833817594075072e-01 8.857659027560388365e-01 3.681936950647345386e-01 2.757725047180257238e-01
2.599121127397098350e-05 -1.474183456129041225e+01 7.944348765602619045e-01 1.201306356870885939e-01 3.760094678017928960e-01 2.725583647504900009e-01
2.629134151297991969e-05 -1.472785334930326506e+01 9.817728979318522953e-01 5.542487237537776501e-01 3.625845648834068458e-01 2.693068768922887157e-01
2.629437023633566836e-05 -1.472523815742857423e+01 2.128311016961406121e-01 8.209153815260328280e-02 3.785818395369576761e-01 3.283719615160292093e-01
2.632234561736646218e-05 -1.472167479255629097e+01 6.321747270392852336e-02 3.448124590700430980e-01 3.172889455443977935e-01 3.550556121549064414e-01
2.652417318312046154e-05 -1.471153650145931024e+01 3.866404375744547650e-02 3.064445591217401788e-01 3.638524722048361859e-01 2.696991544147072650e-01
2.647686029043937238e-05 -1.471082185929661179e+01 7.836693720523917328e-01 3.718301859069442772e-01 3.413547355898861602e-01 3.447275752115962488e-01
2.656047178045287609e-05 -1.470516892697464684e+01 9.208785388610341016e-01 3.272606305335071797e-01 3.685583319315176576e-01 2.706374629405108312e-01
2.655172014388240350e-05 -1.470299847980734498e+01 2.598743032697172772e-01 4.799720837047167787e-01 4.013169255606958696e-01 4.177191623473884841e-01
2.677711252243954502e-05 -1.469204550195790127e+01 6.881649514618859431e-02 5.186951331107297891e-01 3.896276889050770409e-01 5.433410691648943303e-01
2.688896237735074424e-05 -1.468537713238467468e+01 9.071209501099575245e-01 7.810816584188523537e-01 2.826149082545784674e-01 3.350437918824171746e-01
2.702122760482590405e-05 -1.467797024955219243e+01 7.345180966915927367e-01 7.848377503440828740e-02 2.972265901983123237e-01 3.524348916896381523e-01
2.699810884050625698e-05 -1.467632619363638291e+01 6.538458146357493117e-01 7.254176217702773544e-01 2.350525629133853878e-01 6.699963903778400898e-01
2.693119291762656911e-05 -1.467630781142261753e+01 7.134667125850144842e-01 8.686620337569062045e-04 3.713928407453445102e-01 2.718420616565470072e-01
2.721120283500795263e-05 -1.466346425680203502e+01 9.839638764470199916e-01 2.530885823355789599e-01 3.454576021093336280e-01 3.389327859729057701e-01
2.724829622420957409e-05 -1.465960201897103943e+01 7.204982364263593508e-01 3.624308663310971124e-01 3.272684055802691505e-01 3.484866803225004084e-01
2.735352256066894133e-05 -1.465324769803194194e+01 8.030899287650744567e-01 1.691877545472162403e-01 3.791333177840218172e-01 2.941568781358256945e-01
2.771684579469729044e-05 -1.463755263446611110e+01 2.334149220852775874e-01 4.886160804200720964e-01 4.724016482426824926e-01 3.069783338563326636e-01
2.766477977721675704e-05 -1.463693289826415977e+01 8.171447772606806881e-01 4.364040108492397430e-01 3.495190318536010032e-01 2.739075115010255468e-01
2.759592693883637941e-05 -1.463692482709032561e+01 8.510497969491981340e-01 5.427815737455421452e-01 3.454254536796311781e-01 3.295335882818717366e-01
2.786147965624235039e-05 -1.462484793688413376e+01 7.840660665983765210e-01 5.196541752387828783e-02 2.949673775761186834e-01 3.460081259073962689e-01
2.780295542443264972e-05 -1.462445068896592382e+01 2.191626091852061364e-02 4.408082099235585138e-01 3.864638946298059041e-01 3.326284352163316749e-01
2.853533221005809115e-05 -1.459594996812664114e+01 7.172788077614191682e-01 6.678984804964225308e-01 2.688671560932981430e-01 3.245231065852079988e-01
2.879264494372472935e-05 -1.458447304361594199e+01 7.321918229968416014e-01 4.559824768005164008e-01 2.868103349942253688e-01 3.510388422583679002e-01
2.920659728341553108e-05 -1.456769839612491602e+01 6.967600585328634910e-01 3.673147667984588693e-02 3.029910946026878049e-01 3.552969646989875274e-01
2.943116067906532545e-05 -1.455753901413940810e+01 1.172200883613918609e-01 3.085246955831759674e-01 3.319612082506819828e-01 2.802291191624836086e-01
2.958017631739413088e-05 -1.454998859628226704e+01 3.284708928713298004e-01 4.875517442768004805e-01 3.432534330495599084e-01 4.463274627705564601e-01
2.972263100343320457e-05 -1.454268427195156832e+01 6.967150300632269921e-01 2.525571381503254331e-01 2.485676984111814258e-01 3.417204777137756722e-01
2.967374661115788944e-05 -1.454183031183736752e+01 7.040631695930419376e-01 6.410361250768754626e-01 2.554984524659156264e-01 3.171678002769789950e-01
2.967908275102728796e-05 -1.453915050103673323e+01 1.036278092141935669e-01 5.813292712878708191e-01 7.586692982680363073e-01 9.675255184460537228e-01
2.960595335538189778e-05 -1.453911754626564168e+01 6.849365371419516846e-01 7.731717304891697617e-01 1.090262754271071888e-01 8.149164542156832614e-01
2.959392105032411676e-05 -1.453702404392612912e+01 7.232183153229509998e-02 1.730012480497904459e-01 2.938682746878639174e-01 3.220266088907579594e-01
2.962038321684636578e-05 -1.453363026771406652e+01 6.680029636343509658e-01 7.273275206740724697e-01 7.761411493064507283e-02 4.559072502867812515e-01
2.961525554391167449e-05 -1.453130339568414797e+01 7.462693377529350247e-01 8.127056689084927177e-01 1.076334659679538674e-01 9.078681008683316955e-01
2.954542175886473975e-05 -1.453116421441258055e+01 9.841301574221623660e-01 9.657816835836841030e-01 1.767800852517295018e-01 4.050458736685028649e-01
2.970370204549235442e-05 -1.452332132820625432e+01 5.860883562962666549e-01 2.187867768610529673e-02 3.014630640416178231e-01 3.517138823800675107e-01
2.968747539817203647e-05 -1.452136776114200423e+01 7.630176519448361727e-01 3.738981253667854610e-01 3.659512768315670295e-01 2.963238319517137453e-01
2.970418634229757870e-05 -1.451830502408172130e+01 3.308072999573564710e-01 3.465653178686746161e-01 3.184882364763650386e-01 4.429546033155666862e-01
2.970824861420709274e-05 -1.451566827587677722e+01 9.730709556739738364e-01 2.372941898476899070e-02 3.626097201807824133e-01 2.749150405489958482e-01
2.991140040826148440e-05 -1.450635332195997051e+01 8.789226187719436645e-01 8.231639675121736888e-01 2.852381439627252879e-01 3.716976937226543765e-01
3.009843928195476048e-05 -1.449761969493070168e+01 6.883417000279709042e-01 3.216345012024486305e-01 2.381149911843691847e-01 4.095574223831036642e-01
3.042266374105801391e-05 -1.448440516579358395e+01 9.589603985489918436e-01 3.748759508138416185e-01 3.606422922445043922e-01 3.198715801526671454e-01
3.055042851580738923e-05 -1.447771430202013043e+01 9.055610911206899427e-01 9.255270648756308560e-03 3.019032070824231306e-01 3.445662062182973662e-01
3.076851195290245558e-05 -1.446810118640047449e+01 8.483781144321401735e-01 5.515239971428327337e-01 3.080659642776113483e-01 3.076111342846736818e-01
3.074863994420001909e-05 -1.446624725042589787e+01 9.707342564019220132e-01 2.350661731090101236e-01 3.197486392607062911e-01 2.896797616386517227e-01
3.067327009003581554e-05 -1.446620142001949461e+01 6.282277192381935382e-01 2.566614261450240742e-01 2.389034423525616679e-01 3.804731148632360949e-01
3.074569391330042107e-05 -1.446134306513652312e+01 3.452085992460782737e-01 3.981047836579501009e-01 4.447816594074013308e-01 3.343160456208809084e-01
3.099972407562390079e-05 -1.445061471058415492e+01 3.246134447960610236e-01 3.871493103197909402e-02 3.060889193982788692e-01 4.524087219926585801e-01
3.094729672999450523e-05 -1.444980736206165695e+01 9.035727831137645438e-01 9.394554746437712156e-01 2.788797779542382393e-01 4.475713270400728527e-01
3.098416132009788486e-05 -1.444611686548308604e+01 9.518508279965568475e-01 4.136927780762178486e-01 3.586228312219390535e-01 3.210320597392045672e-01
3.091569711405149347e-05 -1.444582896210807377e+01 6.627954663965950344e-01 1.366619602339711470e-01 2.878897413726995147e-01 3.958524146181821024e-01
3.132946267732993170e-05 -1.443003405984669563e+01 2.087099462676555994e-01 5.187941817735350902e-01 4.745344121936748705e-01 2.676124822372061285e-01
3.133284132705724056e-05 -1.442742622309271106e+01 1.331096965500480067e-01 5.067496957735869723e-01 4.238845203255641181e-01 4.368613412636289661e-01
3.138626745245073733e-05 -1.442322255926981889e+01 1.324618563236820146e-01 4.813159419115867754e-01 3.290447989784544003e-01 2.952973551536731689e-01
3.163445242909229379e-05 -1.441284622081621514e+01 6.258162047646782522e-01 2.745269526190508014e-02 3.370279400939193426e-01 2.792945635467729559e-01
3.161024519283870641e-05 -1.441111173123355726e+01 6.459348085835115993e-01 6.624287172008375135e-01 2.227557564586248873e-01 3.146846867338222165e-01
3.157766258107654527e-05 -1.440964302395388330e+01 7.480824035052390242e-01 6.544504649591251777e-01 3.104218202442697860e-01 3.545371233320532278e-01
3.164027387000352745e-05 -1.440516221556583432e+01 1.666756778381456305e-01 2.217076253224573579e-01 3.289350071236829542e-01 3.423660909495145344e-01
3.160770150714872062e-05 -1.440369220476438805e+01 3.183480151121973467e-01 1.142399463961885075e-01 5.198967980519906273e-01 3.214651309857635697e-01
3.153390141279246306e-05 -1.440352981181107239e+01 6.500077549567495616e-02 3.205503149512111127e-01 3.176332919768319885e-01 2.929809548747485115e-01
3.155328663243309444e-05 -1.440041525849679793e+01 7.043834816841496593e-01 7.641338495916238926e-01 1.525568359730650192e-01 6.866761392302745959e-01
3.184300084047807087e-05 -1.438877541020574213e+01 2.750858678045824401e-01 3.473825697834042048e-01 4.962858431716157259e-01 2.343981289583630945e-01
3.177271967427929716e-05 -1.438848496451790204e+01 5.131456833419922869e-02 4.861061428264616957e-01 2.933735006330135953e-01 3.873775728175551381e-01
3.227022985134353939e-05 -1.437044788544862151e+01 2.868097731506885628e-01 3.977846552437831473e-01 4.109674259732580825e-01 2.297015626054415005e-01
3.239733580477689067e-05 -1.436401682307362826e+01 9.955890513896183958e-01 7.558439734096127349e-01 3.242362448075900572e-01 3.428152102545276581e-01
3.232882977226361483e-05 -1.436363361950310491e+01 7.385298057242849490e-01 7.309510500975295866e-01 3.178590009581322429e-01 3.302430858247976664e-01
3.229109850650833599e-05 -1.436230141002990202e+01 8.687732634680342958e-01 4.482065274673056043e-01 3.500174348793727575e-01 3.231641419688122685e-01
3.259659003311204755e-05 -1.435038533155296570e+01 7.954603023625924640e-01 4.665209078629445338e-01 3.321765902326303532e-01 2.855789884870918449e-01
3.266379180826662698e-05 -1.434582583398302447e+01 9.389426839845904649e-01 7.570715400688574626e-01 3.437140794038779923e-01 3.322371949214885101e-01
3.263093839289979371e-05 -1.434433214545833657e+01 7.130950172304344470e-01 7.663227446075352445e-01 7.309075419096644488e-03 8.759342599503776583e-01
3.255662427864359544e-05 -1.434411215542967888e+01 8.642081905086655969e-01 6.413613754752860441e-01 3.380236800957950871e-01 2.911919341324200605e-01
3.293746987661054786e-05 -1.432998210250430127e+01 9.177216874688094439e-01 3.006224311934345694e-01 3.694167206696464811e-01 2.906571650962129771e-01
3.314546031886183989e-05 -1.432118725061319431e+01 9.710823503865901873e-01 9.935518022846235864e-01 5.464369217581854787e-02 7.692479666722686904e-01
3.317424110629072604e-05 -1.431781930975649075e+01 3.341311477640557248e-01 3.109481173511032814e-01 5.177404427407772403e-01 2.649355165564456493e-01
3.313183120515229965e-05 -1.431659852613723061e+01 8.533505529987930327e-01 3.172750749029611406e-01 3.652764611685024310e-01 2.919918154715608338e-01
3.308693985411148298e-05 -1.431545437606315652e+01 6.676883454090577485e-01 8.635649992427307797e-02 3.682536227880937041e-01 3.230715270583670584e-01
3.315442962105850407e-05 -1.431091668297697339e+01 7.499146050408189712e-02 1.217680277146178103e-01 3.686262634841090957e-01 2.958029198692807560e-01
3.322920410561282603e-05 -1.430616388324364330e+01 1.753530459238276107e-01 4.383102243159986422e-02 3.099424060796903690e-01 3.408692133886456199e-01
3.318155826228250463e-05 -1.430509876668139491e+01 6.052736707178547615e-01 2.795729833104401152e-01 3.178411146682628141e-01 3.219090939546156438e-01
3.317883088251245057e-05 -1.430268096571026604e+01 7.293492945031322394e-01 1.201710799562774046e-01 2.967677785887224973e-01 3.293242391524492385e-01
3.318597150210221628e-05 -1.429996577273565350e+01 8.168658664617921561e-01 8.741988601196417630e-01 1.597084658171734617e-01 5.193011038127777201e-01
3.311633691603723696e-05 -1.429956629120415812e+01 6.840510192513571397e-02 5.815255090131358218e-01 6.420163738792039609e-01 8.481440853814611325e-01
3.320015330363816977e-05 -1.429453852075210563e+01 9.065531400415858254e-01 8.206640659827206807e-01 3.447115224568469971e-01 2.862344737088261537e-01
3.326637006932178808e-05 -1.429004603538563778e+01 1.792839370889611761e-01 4.828944696941184223e-01 3.191201566363455200e-01 3.051400296808679524e-01
3.348560419113242990e-05 -1.428097739340868699e+01 1.431337320904924049e-02 6.040092827868992487e-03 3.646329662261011961e-01 2.854669547542055819e-01
3.341332333392290905e-05 -1.428063829158777054e+01 2.483738684268272934e-01 5.050067042905544978e-01 3.439402782114068247e-01 4.623140798391390804e-01
3.361550632773316805e-05 -1.427210555588237106e+01 8.124938427852276268e-01 5.325914115100575108e-01 3.120844460375906682e-01 3.080972111833091276e-01
3.410229663499756412e-05 -1.425522828222185723e+01 6.782306070475564441e-01 6.733850348218748394e-01 2.711561674548553791e-01 2.752425667259349451e-01
3.420466409285541375e-05 -1.424973100248920943e+01 2.412810216579500677e-01 6.016376887042147459e-01 8.754922396069086954e-01 7.169655485132196970e-01
3.413183467177456333e-05 -1.424936249737030636e+01 6.304797640564419048e-02 1.172551341913619094e-02 3.493250997611009323e-01 3.241482489467991668e-01
3.410008777994501738e-05 -1.424779305576525346e+01 1.080024212399245398e-01 5.183219495688756728e-01 4.854334495152321516e-01 4.532780877704766231e-01
3.416027086877869890e-05 -1.424352971594051809e+01 8.446658990714700499e-01 6.123600803859016173e-01 3.205349203738269148e-01 3.077573983333870000e-01
3.409768361795969410e-05 -1.424286356135325349e+01 9.110665025241482251e-02 6.135487438210862621e-02 3.155962529521461057e-01 3.394478625127891336e-01
3.402883050668407451e-05 -1.424238489285989395e+01 2.511184363175612555e-01 1.258300184353213780e-01 4.145153803542444004e-01 2.417660086601621794e-01
3.406733477871849112e-05 -1.423875401343440217e+01 8.016496275722548859e-01 9.505206902733598362e-03 3.540837579774155364e-01 3.188185194303098102e-01
3.421464207189446681e-05 -1.423193933103945952e+01 2.109508748203671180e-01 5.598964107220339992e-01 5.296892346276627084e-01 7.137867700596806086e-01
3.425156012334709237e-05 -1.422836089952589944e+01 6.116287407853883140e-01 1.662240972050289534e-01 3.276293556871183732e-01 3.643637980644175434e-01
3.463165501666350235e-05 -1.421482486555708391e+01 7.320645523669644383e-01 1.425330060360785467e-02 3.055623692485881504e-01 3.326116063622922558e-01
3.463761345126669338e-05 -1.421215282867118113e+01 8.569222826873135190e-01 8.602884626384945665e-01 2.854390165126959866e-01 4.468018826032759128e-01
3.464132488170051043e-05 -1.420954568411825747e+01 7.457763360233422567e-01 4.157203326904544971e-01 3.276123945861437736e-01 2.984184151944626606e-01
3.465015007495664138e-05 -1.420679095744923082e+01 2.080736314963443911e-01 5.307311954907186768e-01 5.410786843968656834e-01 2.812925291560971486e-01
3.464833530448157900e-05 -1.420434333292224593e+01 7.964903722504439454e-01 7.934799307914882638e-01 2.622531499735886173e-01 4.520938879548997980e-01
3.461863268309105023e-05 -1.420270096027548412e+01 1.303084914741049483e-01 1.830859808129052801e-01 3.298833561793554914e-01 2.908198007528318696e-01
3.460977086054860458e-05 -1.420045697723202949e+01 7.808856906033243561e-01 1.946354611084669672e-01 3.220568912290617813e-01 2.947305583728025979e-01
3.468797653361249298e-05 -1.419569988492510682e+01 1.589778306364557636e-01 4.522126610336110186e-01 3.977319469238089766e-01 2.871175760609661065e-01
3.474304786774388314e-05 -1.419161352360737460e+01 8.584612338870573067e-01 1.824656380076955520e-01 3.054152180899923907e-01 3.252317077113484611e-01
3.474867474601195963e-05 -1.418895157976517929e+01 9.175580415383548516e-01 9.021589374244987081e-01 1.937074666261170419e-01 4.070059099914162815e-01
3.466533038454796769e-05 -1.418885295111259381e+01 1.526035853582028423e-01 5.620257924558574869e-01 4.644825650438556552e-01 6.818579110490973205e-01
3.470759650299929620e-05 -1.418513443185509004e+01 9.643175740902427684e-01 3.935356204355520138e-01 3.572360000651374490e-01 2.860439409532158361e-01
3.489249929450993613e-05 -1.417732112806163869e+01 9.693803927255787434e-01 9.453998215241939951e-01 3.516018664050788445e-01 3.168355576342710700e-01
3.502352280578167822e-05 -1.417107309833346918e+01 6.575151568322972206e-01 6.194543794011585502e-01 3.647349536428031724e-01 2.542902806457845166e-01
3.507022224419655812e-05 -1.416724061295146164e+01 8.744422756953450504e-01 5.669272591776356451e-01 3.494979481484086214e-01 3.156414428623024460e-01
3.521632991366178836e-05 -1.416058312121421636e+01 2.245463089240407051e-02 9.085521043550381926e-02 3.615442117755380824e-01 2.918010546846900866e-01
3.518439002433738509e-05 -1.415899049521675401e+01 1.594883073654452810e-01 5.430643387110118958e-01 5.177420164614183751e-01 3.408726295592235944e-01
3.544042543977096347e-05 -1.414923988407029931e+01 1.742726972724897294e-01 6.245524953050729522e-02 3.500425598923452286e-01 2.864755471453802604e-01
3.542673506426479617e-05 -1.414712625134053248e+01 7.684744198152581030e-01 2.255662730284921924e-01 3.125022017746648118e-01 3.416405815797631806e-01
3.558933586611703052e-05 -1.414004697558326384e+01 2.521547160980536217e-01 3.534269628336711433e-01 2.984728194553221137e-01 2.937441291343731997e-01
3.550886161749500924e-05 -1.413981072588458510e+01 2.179021829579952385e-01 5.974520395750549939e-01 6.899871834820777705e-01 8.498571295138729331e-01
3.549891929206937285e-05 -1.413759076070226506e+01 8.155289798635982912e-01 8.019201981170449578e-01 3.440328631199606191e-01 3.320623246200689049e-01
3.541438553284466606e-05 -1.413747490566561993e+01 6.940725134156097154e-01 5.854308821743405833e-01 3.782462415771339348e-01 2.884542507391042454e-01
3.570006568258494105e-05 -1.412694048561111693e+01 1.379135755659000040e-01 4.283617820309459923e-01 3.739532361068668154e-01 3.098652714141743036e-01
3.563505183112957131e-05 -1.412626325878994216e+01 6.327297599143739681e-01 2.512519229689612610e-01 2.445040670706020158e-01 3.259499433508004085e-01
3.601051790634243483e-05 -1.411328195439376820e+01 9.441703388262753238e-01 3.653087259989165059e-01 3.599088465511486312e-01 2.948174451335101587e-01
3.592166198603922468e-05 -1.411325250278062882e+01 5.547989585771262444e-02 3.595091312847638054e-01 3.311931371817583569e-01 2.924937619939338429e-01
3.618283235062125469e-05 -1.410350825235905603e+01 2.638976085519826320e-01 5.721725738775164105e-01 4.753765101361674406e-01 7.801918115199524273e-01
3.609364761843074680e-05 -1.410347613063683170e+01 8.071221025202907073e-01 7.712090503985955525e-01 2.557506989514287676e-01 3.488251906243797773e-01
3.613226179061481308e-05 -1.409990686958690986e+01 5.941022311810006951e-01 2.812312181814302647e-02 3.184348089888278110e-01 3.417924813897535996e-01
3.625369706211987168e-05 -1.409405165022251261e+01 3.755568145113996614e-02 4.418262371690656609e-01 3.678498534256502417e-01 3.410851944685224790e-01
3.622691402222812524e-05 -1.409229069037987969e+01 3.335483617232173348e-01 3.223909925741841320e-01 4.896245941096815102e-01 3.497721296985158990e-01
3.617205554117771435e-05 -1.409130613989193925e+01 1.494921244414161299e-01 2.525185393594978622e-01 3.386829132303560419e-01 3.267373805663585928e-01
3.618609686291593793e-05 -1.408841803374362200e+01 1.233189549236055615e-01 9.991406757734888622e-02 3.269955273755910108e-01 3.319651523942389604e-01
3.617718531310098096e-05 -1.408616433406588264e+01 9.462311123579735250e-01 2.595888220016047132e-01 3.561459082056799286e-01 2.918765097448097201e-01
3.613432030320143910e-05 -1.408484989961468514e+01 7.944926383849982843e-01 3.878521943421220364e-02 3.586461272391164856e-01 2.985648033369481258e-01
3.611709619357655524e-05 -1.408282668223809431e+01 9.912427884581478388e-01 7.627260387767477168e-01 3.142084386833171594e-01 3.297014539911264919e-01
3.607973326457314980e-05 -1.408136171196500541e+01 2.549223026829829930e-01 7.832407712119082710e-02 3.163630807291775149e-01 3.933591206211067837e-01
3.617114787042388939e-05 -1.407633123335507008e+01 8.246713036421556842e-01 5.931253147192350195e-01 3.475488603994667525e-01 3.105070782915162475e-01
3.628688407982547191e-05 -1.407063665837936739e+01 2.809582564724149023e-01 2.483387204112046387e-01 3.191881374855998210e-01 4.125397813026298044e-01
3.630064219001603024e-05 -1.406775758194399728e+01 6.830221203719899492e-02 4.336709310473836343e-01 3.306012557162096854e-01 2.893380213160444692e-01
3.657563569387890583e-05 -1.405771068693099757e+01 9.075610358628446450e-01 8.266114864564921838e-02 3.425115120759225640e-01 3.223807589542692087e-01
3.657113874319883423e-05 -1.405533364384113604e+01 9.080762648175004781e-01 1.796950818635947300e-01 3.457568732588889304e-01 3.193612228965482247e-01
3.656121730489695449e-05 -1.405310497212587606e+01 8.682269995537433838e-01 6.681388086825779116e-02 3.361134471351709951e-01 2.933510221889117364e-01
3.681769367827419475e-05 -1.404361447814399533e+01 9.162772201864808341e-01 8.339180654261808545e-01 3.089519584198101576e-01 3.063385451562316009e-01
3.708045761668025102e-05 -1.403400293228740736e+01 9.708162119618826136e-01 2.873340450204588947e-01 3.339869112414038943e-01 2.951581758226465846e-01
3.704264673505604124e-05 -1.403252315088819202e+01 8.838668581188460216e-01 8.288130904402613019e-03 3.144763142296854719e-01 3.236183092157820518e-01
3.701619377939521896e-05 -1.403073752763516779e+01 8.403834211627911888e-01 2.545315890156387706e-01 3.158436979084453533e-01 3.258320688559026568e-01
3.693442791455962387e-05 -1.403044889236160842e+01 9.094113300452252302e-01 5.500962316502820970e-01 3.166691971416334406e-01 3.252423905424408623e-01
3.705649383994183226e-05 -1.402464940552651740e+01 9.952085294650191427e-01 7.657910365761809723e-01 3.294072337330703482e-01 3.282768238977042952e-01
3.700531507493444742e-05 -1.402353146124196748e+01 3.197453590614406371e-01 2.185053009828840098e-01 3.884927706720002760e-01 2.534966190348972859e-01
3.696095111123543625e-05 -1.402223103427184370e+01 8.068539008269458579e-01 4.378923979695552582e-01 3.276310048471058334e-01 3.037020318910396144e-01
3.693231979159671853e-05 -1.402050597144059374e+01 7.939692655587852199e-01 5.589841197363223380e-01 3.461292495030795502e-01 2.929231202130945233e-01
3.698027646491319298e-05 -1.401670831224649483e+01 2.409946723936865487e-01 9.113209242333775162e-02 4.035824593562035156e-01 2.869549625374799851e-01
3.691155836636052592e-05 -1.401606827738391736e+01 6.042361394589971235e-01 5.055903430069166316e-01 2.803822300893454855e-01 3.849544324931924999e-01
3.693194599270539671e-05 -1.401301609267817483e+01 6.746986613814520695e-01 2.925792445536796738e-01 2.861263228597085151e-01 2.727279323839872927e-01
3.703277205298832015e-05 -1.400778976246562735e+01 7.835716479024267267e-01 8.153158845790198228e-01 1.511610802868729175e-01 4.235835234252486314e-01
3.694502946170865948e-05 -1.400766189655523775e+01 6.289097413820279314e-01 1.980209337859298868e-01 3.452831334829185028e-01 2.865353139087725154e-01
3.701763351064592792e-05 -1.400319863375911922e+01 7.128460527496175425e-01 7.760849109425025372e-01 1.629650110785181294e-01 6.049559269502229331e-01
3.698195581617694260e-05 -1.400166290119784485e+01 9.468863825225204423e-01 3.810047424365020641e-01 3.299579079164368656e-01 2.991109235874968020e-01
3.712804844541516767e-05 -1.399522030748373069e+01 1.227739564317134047e-01 1.906800297975264069e-02 3.334691344186857531e-01 2.973498915689477551e-01
3.713888431792643810e-05 -1.399242849867501626e+01 2.981852966133025085e-01 5.114344868912519271e-01 6.479378435075999754e-01 3.017576987504148045e-01
3.724357484407847519e-05 -1.398711357170270375e+01 7.166791788597146606e-01 7.845849722569947504e-01 1.554494249364634095e-01 7.232546401589043938e-01
3.719952559470889676e-05 -1.398579700587594310e+01 9.329781602250634132e-01 7.362967192895775170e-02 3.220967285899444255e-01 3.071610968562044075e-01
3.712570334953294753e-05 -1.398528347185795262e+01 3.158275257507517919e-01 6.104439017070439899e-02 4.451428884984254264e-01 2.309894883160198420e-01
3.708139803281540649e-05 -1.398397757110605077e+01 9.244385510181022392e-01 1.687168886479769592e-01 3.290944116786672646e-01 3.006691584297974673e-01
3.780426915065986153e-05 -1.396217097750142599e+01 8.321859107479585571e-01 1.933632880205882199e-02 3.493250733466580771e-01 3.074522654406336430e-01
3.771219199381314869e-05 -1.396210957700890987e+01 9.909193385310115509e-01 8.396291165862534989e-02 3.191320422217340802e-01 3.189953343206772818e-01
3.796287721862994993e-05 -1.395298424730890119e+01 3.338915668323090280e-01 2.846421274089960818e-02 3.620254354545837661e-01 4.518622983454116948e-01
3.792542332558977220e-05 -1.395147132689330505e+01 1.298170444844318761e-01 3.387419923124538323e-01 3.192143582333265561e-01 3.192633144328683725e-01
3.800343673702661799e-05 -1.394691641815835226e+01 9.298547607709339857e-01 5.315410560581607102e-01 3.310541773211272965e-01 3.019830511544965290e-01
3.793411724677144117e-05 -1.394624211587636253e+01 7.334112653936426529e-01 2.015833386627312596e-01 3.309699024799807043e-01 2.976623026231202118e-01
3.813816312692064906e-05 -1.393837757655961163e+01 9.541164394496719492e-01 2.364692125049061566e-01 3.477287092132085311e-01 3.009229972101564732e-01
3.815952726688263957e-05 -1.393531755592438159e+01 9.374720187500816815e-01 7.354898432882301940e-01 3.432502640558424689e-01 2.983211164470980226e-01
3.824048751606655145e-05 -1.393069817729026916e+01 6.246473788884187028e-01 5.198211773588398144e-01 3.104618123123530360e-01 3.626592222376031627e-01
3.834556511341043921e-05 -1.392545413553147959e+01 6.471743967371323958e-02 3.084417900571966298e-01 3.477035560369569067e-01 3.042203015431250712e-01
3.830398124582983139e-05 -1.392403917448175577e+01 5.973294664621773276e-01 1.838269477471725644e-01 2.869501929181912381e-01 3.445591129565382937e-01
3.821776377363051271e-05 -1.392379258646708884e+01 7.995135324704816249e-02 3.709623425945269837e-01 3.201020762156324695e-01 3.232548332447637840e-01
3.821223956378662031e-05 -1.392143714252131304e+01 2.859422896448474694e-01 3.850691434394504231e-01 3.202098389026677427e-01 4.114816013106533665e-01
3.823997129600427653e-05 -1.391821167668789805e+01 7.555562273832256981e-01 1.017121048038628350e-01 3.284310003905583919e-01 3.045383963645243997e-01
3.823532355948848992e-05 -1.391583322539275436e+01 7.073982195360377645e-01 1.070136826155281273e-01 3.210877156492550899e-01 2.997892275985855060e-01
3.831057822365184512e-05 -1.391136696236217851e+01 8.020776084587701860e-01 7.425777312039427702e-01 2.977053379356654483e-01 3.587807782155287839e-01
3.826585199437586152e-05 -1.391003510859815506e+01 6.695257061855023339e-01 3.243572300031902778e-01 2.438355752469931748e-01 4.689472093274598130e-01
3.843160951082200713e-05 -1.390321272891926618e+01 2.282980053619020344e-01 3.810220092820504334e-02 3.008957659139717133e-01 3.289820049411410485e-01
3.916149588803496013e-05 -1.388189899792255666e+01 9.629977274735728177e-01 9.260244164214752605e-01 2.673657874692931813e-01 3.249614184816459472e-01
3.914911570798218428e-05 -1.387971517934174592e+01 8.136976162327531625e-01 8.783602467757714027e-01 2.021708865370643871e-01 5.950121723477698188e-01
3.912020990652583424e-05 -1.387795380338235063e+01 9.712203344951230166e-01 3.940694963096049719e-01 3.308458176357238489e-01 3.100230781731029284e-01
3.918606978101601518e-05 -1.387377169333237426e+01 2.422281187780237488e-01 1.867810580279131161e-01 3.630396548490054665e-01 2.693121054225415811e-01
3.930453169410665873e-05 -1.386825319173320459e+01 9.667348838084225404e-01 9.922180318526422349e-01 2.852168701088548808e-01 4.592080819073370845e-01
3.923810751525150936e-05 -1.386744460916861676e+01 7.837841752018531727e-01 7.907324864758369376e-02 3.364536231617312190e-01 3.119788462739473411e-01
3.921902427363199196e-05 -1.386543107207034886e+01 6.999911979522442929e-01 6.858712393991314160e-01 1.677930570991739145e-01 4.893552747308046458e-01
3.915931870726574031e-05 -1.386445459440175654e+01 6.780932461520411403e-01 1.407333059844000367e-01 3.670819861769383241e-01 2.723912593229439461e-01
3.931795273290991535e-05 -1.385791178713294158e+01 9.591804395140357542e-01 9.826348856558120293e-01 8.220931496620054180e-02 7.612289103969692716e-01
3.954836793637610422e-05 -1.384956858671230329e+01 6.620949881547166793e-01 1.355879595996496434e-01 3.578301462341021422e-01 2.682937663230833270e-01
3.954535411250449835e-05 -1.384714479564001266e+01 2.651945853543080656e-02 5.436927243288317557e-01 6.829852274987018301e-01 3.440487036742067017e-01
3.962442231106711696e-05 -1.384264736105265214e+01 6.668615208560648711e-01 9.015615957472866704e-02 3.226173585878993055e-01 2.860345686345617811e-01
3.966038494496763542e-05 -1.383924018507249976e+01 2.763489243867726097e-01 2.543564188299969331e-01 2.806761018543232344e-01 3.790309934101704359e-01
3.965930515719217979e-05 -1.383676741129524679e+01 1.316291328452321441e-01 3.736433475098386303e-01 3.352614612071685984e-01 3.153578543483379626e-01
3.988485619656264994e-05 -1.382859630633831749e+01 7.126264987689332475e-01 2.200936681854686050e-01 3.019387017399085549e-01 3.161328236784962664e-01
4.033731464772148266e-05 -1.381481605191212658e+01 2.768623768695093190e-01 1.109066016144818478e-01 4.488958271020824231e-01 3.333924931203243736e-01
4.050479549296076646e-05 -1.380817263990679855e+01 6.616290352281199993e-01 4.562829437038390390e-01 1.781477743978487904e-01 3.698773244864038690e-01
4.049124538954915068e-05 -1.380600722671845482e+01 7.637466116589761711e-01 7.807170264684305527e-01 1.593066152652495848e-01 5.043840191759908498e-01
4.040905505180988422e-05 -1.380553911944489442e+01 6.650580954156609659e-01 5.828795400930553150e-02 2.989938793823090357e-01 3.224383457679914633e-01
4.034137679808804359e-05 -1.380471535245115966e+01 1.865587335144766046e-01 5.556350660453694967e-01 6.389433455530713069e-01 3.641654766202466753e-01
4.037526445850472909e-05 -1.380137568266609271e+01 4.566321786666427407e-02 5.830337897602355657e-01 8.426515038424412518e-01 7.703126534981694640e-01
4.107355872424563940e-05 -1.378172843981580264e+01 7.703922405849519262e-01 3.942885659316324176e-01 3.273933597893332603e-01 3.200129819547977705e-01
4.107480757975849833e-05 -1.377919803493816353e+01 2.744106330006794714e-01 4.736834024856768632e-01 2.852468594775586785e-01 3.670766685489997849e-01
4.119182605040463897e-05 -1.377385317440591628e+01 1.641699009652879404e-01 4.863989929819917402e-01 4.233787515177713789e-01 2.724380864955765480e-01
4.138578424603699167e-05 -1.376665556807855673e+01 6.104855482871802685e-01 3.708236401620579326e-02 3.261629624081822110e-01 3.077467541143602547e-01
4.128350994581532208e-05 -1.376662986892749529e+01 6.608494834843410271e-01 4.591071186726030096e-01 2.102483807846386998e-01 4.895043708793022086e-01
4.127097353366147820e-05 -1.376443358137827566e+01 8.271858466441263102e-01 9.037520272192409720e-01 1.456091926889818700e-01 9.745071510019019945e-01
4.141696894888041838e-05 -1.375840233939679003e+01 7.490856282304249047e-01 7.788719977125064808e-01 2.321073444197621072e-01 4.027829313093169716e-01
4.161707157819874279e-05 -1.375108255668072665e+01 2.652401109687523295e-01 3.530616406141385832e-01 3.687085572381751941e-01 3.877266664583782774e-01
4.179178522604975706e-05 -1.374439321971888361e+01 3.002224678678535597e-01 1.907858245564858501e-01 2.734268249348394964e-01 3.507471478327481851e-01
4.171261771873108887e-05 -1.374378934802460250e+01 9.821129905294073703e-01 9.682275070278091311e-01 3.308603002291732320e-01 3.784644658647969839e-01
4.183558869468814609e-05 -1.373834563277238985e+01 2.028336540832967883e-01 3.077859058680042503e-01 3.446068137154513211e-01 3.265040964571909177e-01
4.179491377352154374e-05 -1.373681836217550334e+01 6.931625624305378652e-01 5.220710796118438468e-01 2.611192612670386604e-01 3.933968777620332480e-01
4.174477825661915525e-05 -1.373551864246629606e+01 7.591265422930337792e-01 8.378051774594779122e-01 1.294721488875555382e-01 7.210748493264264036e-01
4.166825653718767355e-05 -1.373485340944455579e+01 1.216576828695149493e-01 5.633275396153050174e-01 7.307075289246175442e-01 4.561255560979984303e-01
4.158485221847729951e-05 -1.373435704265080304e+01 3.342954336816325034e-01 5.077483773419405599e-01 4.312465384791817069e-01 3.387218596674373972e-01
4.204919820780125638e-05 -1.372075269559706534e+01 6.858252828958317782e-01 2.294514964960514547e-02 3.270065133335745555e-01 3.160423393681125459e-01
4.196767330866306233e-05 -1.372019337544513462e+01 7.099339563561202215e-01 7.074034440557853687e-01 1.981947708676700115e-01 4.557513634274769077e-01
4.191332918449327285e-05 -1.371898911894266071e+01 6.907041192073101188e-01 5.964479064446499557e-01 3.457937221132313388e-01 2.707512630819486343e-01
4.209713921351847346e-05 -1.371211322803677213e+01 2.393010406579934024e-01 3.695792902056691531e-01 3.672347118144749789e-01 3.267257309636687479e-01
4.208076190425439218e-05 -1.371000233988806016e+01 1.550016925441498605e-01 4.320106310255157345e-01 3.202295340187638617e-01 3.267366976647129162e-01
4.247721964282522223e-05 -1.369812509042089488e+01 6.471619250388921385e-01 1.535426763935496819e-01 2.675372896928344124e-01 3.215856108048562589e-01
4.260380875042602965e-05 -1.369264935767756697e+01 2.023090798843532045e-01 4.810437395205411359e-01 4.038782478822566802e-01 2.678492085811220447e-01
4.354871904381970178e-05 -1.366821272483730354e+01 2.908678214859783395e-02 4.404453977350216709e-01 3.709768486793841857e-01 3.254940131248990065e-01
4.460767202056041010e-05 -1.364168715161252976e+01 6.503806771249471819e-01 2.617756990086713698e-01 2.057067873989908424e-01 3.777863581605007681e-01
4.452101671985137025e-05 -1.364113165072359912e+01 8.069256747935680263e-01 8.049704369298587014e-01 2.511055684960362688e-01 3.432157309361067998e-01
4.475615758360563888e-05 -1.363336397935474409e+01 6.623356009108588571e-01 5.978294673534286785e-01 1.765649516962525256e-01 5.162046342843851221e-01
4.560040470933159615e-05 -1.361217642255769711e+01 2.513035883553089711e-01 5.671146905464856669e-01 5.233747626638859396e-01 4.661664937369457418e-01
4.616383256402162223e-05 -1.359739636767330850e+01 2.965261697648778894e-01 2.303047646607685461e-01 2.813200586809987414e-01 4.042810443007204269e-01
4.634968448633458235e-05 -1.359087852945341979e+01 8.342487618424483387e-01 8.198519350688605600e-01 2.977228629301176266e-01 3.739986479792676288e-01
4.648452997522619783e-05 -1.358547344570795623e+01 2.978508693181879385e-01 1.951754612881738682e-01 3.200017965684598398e-01 2.790387631359727560e-01
4.663781888742699153e-05 -1.357968123814390005e+01 2.091570860748580563e-01 2.914464027701582083e-01 3.496407995115645706e-01 2.904826829018759549e-01
4.671899156461983642e-05 -1.357544226061766501e+01 1.139935474677400418e-02 4.533274909972023758e-01 3.440932054266275797e-01 3.629043230929878128e-01
4.687869663772803431e-05 -1.356952967145726419e+01 2.270197162103623212e-01 5.314555982279570712e-01 3.561428899338674459e-01 3.972253296051323490e-01
4.740912918471066467e-05 -1.355577820525347654e+01 9.975801755156032957e-02 5.939371617901869627e-01 7.853302219070654733e-01 9.435067685315795538e-01
4.734533451872176583e-05 -1.355462473127735912e+01 1.337343802182988650e-02 5.662586890504995862e-01 6.739683186664673364e-01 9.245037855837179297e-01
4.756982793171039088e-05 -1.354739432096539886e+01 6.676437652904350095e-01 6.159688270023532253e-01 1.625295385175460350e-01 5.089842309201770831e-01
4.766229561996578832e-05 -1.354295237713665756e+01 2.645114506373473784e-01 9.450025344625956336e-02 4.060207679405032355e-01 3.576800995448365939e-01
4.756147217363017896e-05 -1.354256998887054131e+01 2.219339277909255781e-01 2.247951273942171424e-01 3.259801630703046404e-01 3.372145060400845162e-01
4.748134251506592617e-05 -1.354175616952106864e+01 6.855378650368827431e-01 3.902233270079746852e-01 3.423823090288039550e-01 3.687967939758797220e-01
4.804606135754548935e-05 -1.352743285185275290e+01 6.799454796369369669e-01 6.335365080788064596e-01 3.896172408939331255e-01 3.080797930949555896e-01
4.808126833675857754e-05 -1.352420034464799770e+01 8.455630806678889888e-01 8.354444717354266858e-01 2.733591987441126303e-01 3.468281334936993421e-01
4.950348096333697778e-05 -1.349255002464949804e+01 1.008770946653458900e-01 4.625644761642674352e-01 3.121920167939510327e-01 3.518315239937298555e-01
4.943311439324936168e-05 -1.349147248277429512e+01 1.062057215262294241e-01 4.811424834773806447e-01 4.302742560163945740e-01 3.224995883218572112e-01
4.968297133866919602e-05 -1.348393076885204955e+01 2.230477171821751980e-01 1.779048403466687578e-02 3.235269067103905272e-01 3.328707831091267666e-01
4.996170440855284109e-05 -1.347583621410440102e+01 7.964524812129470943e-01 8.621489751059245865e-01 1.998951214618064354e-01 7.143787860366909159e-01
5.025045074513901652e-05 -1.346757349729181463e+01 6.470180864024935863e-01 6.523406745740935042e-01 3.616642101243681129e-01 3.669231953681405534e-01
5.046750494643280078e-05 -1.346076335148260306e+01 2.451644943599512461e-01 5.560520192855086252e-01 5.000959978208830981e-01 3.891204015437087493e-01
5.087764060123965097e-05 -1.345016946811760938e+01 3.221702598156054309e-01 6.467850182242751433e-02 5.198227223832039279e-01 2.964580670785108563e-01
5.160496160999009736e-05 -1.343347519114601951e+01 6.332368884594432590e-01 1.897277376020296558e-01 3.515697738661415217e-01 3.375230291089701407e-01
5.150953540990407933e-05 -1.343282607012203300e+01 9.969478575980705859e-01 9.840369368433855568e-01 3.006009113522264409e-01 4.306538077331291126e-01
5.154502966077316141e-05 -1.342963722626056722e+01 6.924750834188999615e-01 5.384135384914495726e-01 2.502548287989339038e-01 3.381350223601840010e-01
5.160844247306768450e-05 -1.342590774131990905e+01 6.706853912613747193e-01 5.829461955831042319e-01 2.729619419730970886e-01 4.648129783899334067e-01
5.179579383008009496e-05 -1.341978406846626370e+01 7.928629344751455532e-01 8.489229237366351377e-01 1.148329710815523264e-01 8.556411065008348027e-01
5.205079137774117515e-05 -1.341237301511458035e+01 2.298156502407919799e-01 3.678323144142440215e-01 3.608477125567874921e-01 2.859281385922031182e-01
5.254280982868500652e-05 -1.340046475161601514e+01 3.093297666121782585e-01 1.130972962480446542e-01 2.812660241339957068e-01 3.674389914007304414e-01
5.257185005953726194e-05 -1.339741220772495645e+01 1.928559582698968766e-01 4.552622216359993867e-01 3.787058175906113933e-01 3.092157716078179908e-01
5.249821822865134079e-05 -1.339631378372350667e+01 6.133042713730649798e-01 1.737207151969806240e-01 3.222428899643590139e-01 3.211418915851359523e-01
5.240515495045692894e-05 -1.339558805083785842e+01 8.157421544722626150e-01 8.285078115916106878e-01 3.100715087459483543e-01 3.611076809835978008e-01
5.243401065212267056e-05 -1.339253757521687227e+01 1.957012524017265331e-01 5.445388536205792995e-01 3.912193608856021632e-01 4.994827336171046017e-01
5.234131421067006858e-05 -1.339180700834932480e+01 8.601463429684911288e-01 9.082085706361783251e-01 2.235799691327711169e-02 6.580126196444786579e-01
5.250880515173768695e-05 -1.338611214153269735e+01 2.922277997640594371e-01 5.392912799830077430e-01 7.104166039279259381e-01 2.575068608426078764e-01
5.273524001639413189e-05 -1.337930909115700651e+01 2.613448560280663413e-01 5.003912158225304330e-01 3.294737257850408607e-01 3.154621218636953772e-01
5.304259456432189405e-05 -1.337099775243685151e+01 9.135776568620957994e-01 9.482899240416827746e-01 2.329994708490897848e-01 4.483102830323639765e-01
5.315946702935973531e-05 -1.336629680623179262e+01 2.251729323061125720e-01 2.450503645705406353e-01 3.318114946268114762e-01 3.295588043471698869e-01
5.310286710413757036e-05 -1.336486209302483097e+01 6.463149338451679160e-01 2.878355712194257121e-01 3.349107855022466218e-01 2.636727409581671733e-01
5.331357516070846459e-05 -1.335840202205366190e+01 3.138159335308741138e-01 4.664911924066195148e-02 3.059875018141646752e-01 4.375611690502025919e-01
5.335658040847689068e-05 -1.335509569998786716e+01 2.591235976813937025e-01 5.336723548939856787e-01 3.772436616907364204e-01 5.241151041194402893e-01
5.368378247847638935e-05 -1.334648206060333564e+01 2.878253017896829080e-01 5.529770190633255256e-01 7.617432981399104852e-01 3.889569258368062998e-01
5.378987826662771444e-05 -1.334200770108342837e+01 8.053295645741739284e-01 7.884028196029547741e-01 3.209906317954331900e-01 3.510092465272220963e-01
5.439480007402754526e-05 -1.332832445182458869e+01 7.425336563355457997e-01 8.246704990375680611e-01 1.620014721934615043e-02 8.347760603235081511e-01
5.499370646898020618e-05 -1.331487426339489488e+01 1.678889008520356718e-02 5.679748825375195986e-01 6.884411232666305391e-01 9.291769977820305559e-01
5.560681613307663624e-05 -1.330128722817904041e+01 7.668463891411088085e-01 7.584820567992078821e-01 2.754684122366160004e-01 3.928443623015986930e-01
5.619926380849452828e-05 -1.328818935692240899e+01 1.926022500159607631e-03 5.499830551277280488e-01 7.292917109257713859e-01 4.850125979187592806e-01
5.667797607138214594e-05 -1.327720730804383642e+01 2.751478293216624849e-01 4.372568280760962267e-01 4.194561594363747092e-01 3.693488971440636037e-01
5.670152188413581936e-05 -1.327429196287973134e+01 7.954557491133790181e-01 8.109509756292661020e-01 2.427132831643278310e-01 3.601803747288312429e-01
5.747699989614215844e-05 -1.325820814826825611e+01 6.730960926654525611e-01 6.518532536735346383e-01 2.367106728965019391e-01 5.258951737823093220e-01
5.760541858505618528e-05 -1.325347637830875769e+01 6.974881491122760790e-01 7.486924346161371036e-01 1.615675005959377186e-01 5.456635335311852408e-01
5.775583012035306386e-05 -1.324836871547194050e+01 1.128325303573436411e-01 4.909309115892329656e-01 3.889325846318393287e-01 2.845382163300684830e-01
6.081202451752195075e-05 -1.319430547315562130e+01 7.848405845658441571e-01 7.697659503957537952e-01 3.070899974131912069e-01 3.697616304702003864e-01
6.079081398539047643e-05 -1.319215432245236208e+01 6.613558046033136684e-01 5.119236017566588526e-01 3.911771868733430191e-01 2.761017640880698565e-01
6.199576888493043398e-05 -1.317002687531833871e+01 6.518033539931475939e-01 2.656439410577738913e-01 3.391625808548922594e-01 2.643158124755843330e-01
6.231300528371671286e-05 -1.316242285768802489e+01 2.653772140433702242e-01 5.631846363990016258e-01 7.710927701008907231e-01 4.082001686969615184e-01
6.226925772973797887e-05 -1.316062516562045204e+01 6.400056913876737141e-01 7.254657387808302049e-01 1.255346527195894124e-01 8.944393840314277533e-01
6.332460914658296627e-05 -1.314131899055645292e+01 1.851770727331755184e-01 5.673089064741532184e-01 6.603471569151800891e-01 4.500526638996201756e-01
6.391126385025417756e-05 -1.312959739530713499e+01 4.886648748790434205e-02 5.628699081337014132e-01 6.013757958292520467e-01 5.497915790920379076e-01
6.386475601929978644e-05 -1.312782535401262152e+01 2.757110357958250102e-01 1.356300592611223710e-01 3.517142286019387942e-01 3.934371418063756787e-01
6.376348735351224789e-05 -1.312691228625213036e+01 2.689101447168814607e-01 3.641988236369441134e-01 3.134601772562811695e-01 3.915720866273202372e-01
6.365176142978622436e-05 -1.312616601594191401e+01 8.490135856506519918e-01 8.410438815058450812e-01 2.586530934937247839e-01 3.843607260938380898e-01
6.416235081635167652e-05 -1.311567641145050445e+01 6.622099334864364195e-01 2.449907466037573034e-01 3.607342007061949962e-01 3.544853291755762914e-01
6.428392524734730660e-05 -1.311128341040717160e+01 9.929788943065532836e-01 9.759470573703147300e-01 3.164704446704537100e-01 3.405453616288433016e-01
6.461198467469282550e-05 -1.310369309938158189e+01 3.145310501531581870e-01 3.212172245173861018e-02 4.053521927697406602e-01 2.468231369866934477e-01
6.483582756061070842e-05 -1.309773466922099239e+01 3.034461631844368457e-01 3.701868331492593756e-01 5.070398803794586851e-01 2.286829150043215853e-01
6.548213852936715716e-05 -1.308531560299802265e+01 5.012778573715703789e-02 5.065092846144264582e-01 3.928702879791319269e-01 3.110891804215935030e-01
6.545108803606134492e-05 -1.308328989809793264e+01 2.467243729467517577e-01 4.878840821828218655e-01 3.739193559768245745e-01 2.731360218457397071e-01
6.548047873328268788e-05 -1.308034095062956936e+01 4.871103813672295058e-02 5.438538896947289203e-01 4.337670138007797549e-01 5.962217366935739227e-01
6.580730698969432810e-05 -1.307286213360182359e+01 6.396455325188078467e-01 3.528108772376344904e-01 3.779172360399386532e-01 3.009773627665784934e-01
6.654319723805225564e-05 -1.305924169494176645e+01 3.226894032226529374e-01 4.797261746795362658e-01 3.554111551595064977e-01 4.566281129732036037e-01
6.737783197941365511e-05 -1.304427695280784150e+01 2.070063289551307140e-01 5.731577538796117643e-01 6.646887172378879161e-01 7.329342152694057200e-01
6.775737743450240273e-05 -1.303615966838958506e+01 6.872052027354853543e-01 4.800806014784919640e-01 2.685884738976371811e-01 3.108079047582793519e-01
6.824261455328060769e-05 -1.302652379770704627e+01 2.210143204081964630e-01 4.934860520930722805e-01 3.454290880182981915e-01 3.096450057382690302e-01
6.852652904070035452e-05 -1.301987205868496567e+01 6.713319081034559987e-01 5.404260383090361275e-01 1.989396971584214135e-01 3.560267154598051320e-01
6.853295776090032000e-05 -1.301727824948788559e+01 1.000376242995464349e-01 4.667062100098103850e-01 3.249912095186804351e-01 3.366507908129812154e-01
7.024506821694845001e-05 -1.299010291181123655e+01 2.806623221456094885e-01 5.181231921642960314e-01 5.088406357000405666e-01 4.325920436280099590e-01
7.125558899292864286e-05 -1.297331975616490141e+01 6.571059212543186590e-01 3.003394724737903365e-01 2.010211406409629920e-01 3.801391253838501960e-01
7.127080942605698295e-05 -1.297060617561624341e+01 3.654714576925621738e-02 4.765567165683340933e-01 4.237352152046196530e-01 2.817610645912381750e-01
7.213934468479216437e-05 -1.295599342274602783e+01 9.471113319752071380e-01 9.872588946965373813e-01 2.404740221677248435e-01 5.901089868466558030e-01
7.212691677485152963e-05 -1.295366571403361711e+01 2.665268444936083059e-01 3.747575043657731531e-01 4.252408623804684318e-01 3.395779995797301165e-01
7.242226526574397358e-05 -1.294707923083484324e+01 6.271644831181287794e-01 3.843476094262975318e-01 2.731739570843764175e-01 3.709212572738893599e-01
7.233482002986156253e-05 -1.294578739617390362e+01 8.770413435829126358e-01 8.872466705291963684e-01 2.972505343466819161e-01 4.141985404488673916e-01
7.312857428262933986e-05 -1.293237383080708902e+01 6.700378070306358680e-01 4.176856990580261053e-01 3.220263939837413325e-01 4.069429318285622266e-01
7.294788666496104855e-05 -1.293234770933136524e+01 9.065922913206151401e-01 8.914982314090189597e-01 2.506585857605270196e-01 4.188922592767967412e-01
7.316221809553454035e-05 -1.292691387276118320e+01 6.360669949476400742e-01 1.888671383579714202e-01 2.781409804532442021e-01 3.275547853267288811e-01
7.334227625205682385e-05 -1.292195581510248559e+01 8.077532727789777933e-01 8.503548666100519959e-01 1.526094651570815142e-01 4.708405908819421892e-01
7.375573885781885463e-05 -1.291383420702948648e+01 2.751966219821998516e-01 5.708454323554228438e-01 6.081730760737014130e-01 4.264274458123586964e-01
7.374239396624726595e-05 -1.291151515700292407e+01 6.380977562789174051e-01 1.355798244056460877e-01 3.399152850965410089e-01 3.157920007975886234e-01
7.532717470372527412e-05 -1.288775205870140006e+01 5.250344548227081631e-02 5.250165989711459424e-01 5.854775837773719127e-01 3.862660918845445268e-01
7.564960732639752653e-05 -1.288098076468465969e+01 2.654267390122335701e-01 4.921289933807989625e-01 3.168462837741916616e-01 4.118422378595335553e-01
7.599839195992149645e-05 -1.287388083260285221e+01 1.492558291625691869e-01 5.554390704985703309e-01 4.980318200290125841e-01 7.096576673053537343e-01
7.636954780037316474e-05 -1.286650898652884223e+01 7.129438133459030658e-01 7.790176377952551245e-01 1.978891865706478015e-02 9.770420285523095938e-01
7.638054689340938088e-05 -1.286386497230643400e+01 6.801324675963482669e-01 7.458413786623032671e-01 1.892124359376855525e-01 5.219524862556489397e-01
7.641407495269702057e-05 -1.286092610790897339e+01 6.707149581053452048e-01 6.005865221684880684e-01 1.714433948174172162e-01 4.235496220419968649e-01
7.670589272871701861e-05 -1.285461448054586597e+01 8.457479385858499565e-01 8.725350994533273008e-01 2.775900026215355476e-01 4.100048007556773566e-01
7.677176939548581317e-05 -1.285125602766220254e+01 2.298304864282670890e-01 5.396313968228086955e-01 6.037597194831859637e-01 3.139556254793922641e-01
7.797670889026255805e-05 -1.283318283611570010e+01 8.862176445749871956e-01 9.593957287558598779e-01 1.334800976709094034e-01 8.836201031527216587e-01
7.946479444162161531e-05 -1.281177892787662920e+01 6.760325365129824515e-01 3.200908861061451116e-01 3.263954336631422759e-01 3.891669851939099090e-01
7.999146213964504753e-05 -1.280267310851914075e+01 6.947686856360851815e-01 4.020847147684486478e-01 3.117448463380154688e-01 3.064071384877868898e-01
8.116048499222354863e-05 -1.278566452354913707e+01 8.589548794123289532e-01 8.531064628392601712e-01 2.831358605034136611e-01 3.746240251032048052e-01
8.120236679460022611e-05 -1.278264861978365730e+01 6.400695355374129702e-01 3.212207409449570061e-01 3.689576538491798896e-01 2.906950924575322226e-01
8.133598975828446552e-05 -1.277850441718900498e+01 2.353649838993699950e-01 6.076418625197544943e-01 8.565637684217632941e-01 9.190494168401818209e-01
8.136625960741726224e-05 -1.277563232830148010e+01 2.856983384532142400e-01 6.801236552468359342e-02 3.826453185672900048e-01 3.771473052663799619e-01
8.173133033289136490e-05 -1.276865560568028890e+01 8.390253189642538079e-01 8.860382896811087594e-01 1.289627597457246866e-01 7.739533570784703498e-01
8.174868989169793178e-05 -1.276594323038393242e+01 3.129704086305469257e-01 4.677051711734270256e-03 3.745339122671659249e-01 4.326528721145397327e-01
8.179931246881280813e-05 -1.276282417569661121e+01 6.525703779529151705e-01 4.691825701132116277e-01 1.967916001855679609e-01 4.113546321561902808e-01
8.171676054670794318e-05 -1.276133388596662854e+01 8.059249841406195269e-01 8.935461594363437454e-01 6.546883716381246554e-02 9.722935876353030471e-01
8.151909233821619174e-05 -1.276125575961284753e+01 6.617228396031359372e-01 6.710666475549389443e-01 7.239561965551433165e-02 5.246773252764850293e-01
8.185423650118244063e-05 -1.275465295243530583e+01 2.498610866379014084e-01 3.852930471537476809e-01 3.292593437662266753e-01 3.610005351883247560e-01
8.215419183079772001e-05 -1.274849514451524968e+01 3.118314147611123133e-01 3.753522478252027117e-01 4.816365910877139500e-01 2.356589901448038482e-01
8.247932144871617714e-05 -1.274204540142682340e+01 7.181164719387990170e-01 7.199369418984724600e-01 2.088083560102275138e-01 4.104933123447134236e-01
8.340995141725593312e-05 -1.272832539044696709e+01 6.296856313695949892e-01 1.676988367371463617e-01 3.054179241318307758e-01 3.386448487309678956e-01
8.326285383420938013e-05 -1.272759049689029176e+01 1.354440374559986449e-01 5.685238889799831830e-01 5.685578154312269650e-01 6.073412439904973814e-01
8.471317019984981949e-05 -1.270782193234883373e+01 6.615038185129573645e-01 1.744165010853729880e-01 2.860299620092231487e-01 3.802532085042709120e-01
8.485500502670039640e-05 -1.270364903754131447e+01 2.336188597880630713e-01 5.562929980123109130e-01 5.534099610189252560e-01 6.186702309987940351e-01
8.469527727575010463e-05 -1.270303317239539531e+01 6.567839678656214319e-01 7.392165146823101995e-01 1.815575143539838177e-01 7.982655098340428745e-01
8.519753045062465938e-05 -1.269462056614936962e+01 2.467846010891693309e-01 2.775605638042785150e-01 3.323921015222885966e-01 3.034463843539277894e-01
8.587620370836433412e-05 -1.268418624681656226e+01 7.816576530670166223e-01 8.499186365164358437e-01 1.779848777695390849e-01 7.506192180022361882e-01
8.684896136780642694e-05 -1.267042248054754516e+01 6.941811676276805620e-01 6.277242137701223301e-01 2.832321321707463868e-01 4.005099778451542969e-01
8.845103472306529492e-05 -1.264964389531056455e+01 6.920179690772194636e-01 7.197812352031198735e-01 1.464666476313235544e-01 4.077429920088332382e-01
8.850111379919119246e-05 -1.264657787700696190e+01 3.294545757049276435e-01 1.215994437288198116e-01 3.409520475052629784e-01 3.150796760618806980e-01
8.841332668874919514e-05 -1.264507030156433487e+01 9.654418178741106527e-01 9.954735032647094028e-01 3.073419856778081272e-02 7.420358543381651018e-01
8.907858029482274963e-05 -1.263507410939887343e+01 2.691436892684346827e-01 3.585234354059381179e-01 3.256697628261698840e-01 2.878766483996741954e-01
8.911569907904487258e-05 -1.263215749911386254e+01 7.651125549257263847e-01 8.226990909787952333e-01 2.090177977234294326e-01 5.597303042858470246e-01
8.899056458394747802e-05 -1.263106266604189365e+01 6.956421798619812913e-01 7.471318567896579887e-01 1.650115012860201569e-01 5.782680360383948281e-01
8.879423123950034376e-05 -1.263077132987448081e+01 1.550982468715024210e-01 5.478915463502601613e-01 5.885627170793827911e-01 3.613797194386074718e-01
8.901992608104558526e-05 -1.262573278101932850e+01 6.384601225037526140e-01 3.926653006291794812e-01 2.579363646423989964e-01 4.162854218548452945e-01
8.881596583692485144e-05 -1.262552658494552027e+01 8.664552938763903089e-02 4.694459384044820105e-01 3.531142696377659318e-01 3.117546716186379019e-01
8.898660679802792640e-05 -1.262110714125058664e+01 3.114172671351811417e-01 4.018011378622444729e-01 5.204674416393048064e-01 2.440008403618090238e-01
9.228610094268295419e-05 -1.258219946974333681e+01 3.004845118047226871e-01 9.953170321672022425e-02 3.735060596086219320e-01 4.270707870439144349e-01
9.207897009098983275e-05 -1.258194643482928576e+01 2.841726938303911210e-01 5.028633153489983076e-01 3.698786134099233402e-01 4.564385618934260203e-01
9.218174793822267183e-05 -1.257833086490216346e+01 2.349711225788445601e-01 5.197747746869414431e-01 3.401592330058187397e-01 3.965139212584803952e-01
9.298812952148401731e-05 -1.256712116879054086e+01 7.200544319452353292e-01 7.779771117118906565e-01 1.252616457471179556e-01 5.740511920257943546e-01
9.299086900451555252e-05 -1.256459170865737107e+01 8.855029523858121143e-01 9.361440908464870869e-01 2.171760550797107170e-01 6.213112246242332715e-01
9.347160983535849471e-05 -1.255693526218049350e+01 6.598949279009789226e-01 6.989796889723262074e-01 5.041243772150150182e-02 7.762137436553341319e-01
9.329259357459930373e-05 -1.255635229244983364e+01 9.286940605041014152e-01 9.568083502026956122e-01 1.537922402789326792e-01 4.725351867530083183e-01
9.360682435790252190e-05 -1.255048972361083415e+01 3.199271030393772142e-01 3.494533408270572572e-02 3.663934131514680059e-01 4.408074291924146682e-01
9.470331179133617571e-05 -1.253634404326526486e+01 2.122550521053090389e-02 5.249308163153733053e-01 3.866432196667419774e-01 5.163707893136626481e-01
9.470549503570318021e-05 -1.253382099001442995e+01 6.767833882372147336e-01 3.284330114354013785e-01 2.542023743432111349e-01 3.172805947685171102e-01
9.703345214128710199e-05 -1.250703722775701188e+01 3.052749908937780754e-01 2.519621967571751275e-01 5.161386825108340570e-01 2.435191962846207092e-01
9.733298178348618354e-05 -1.250145511246308772e+01 7.851254278804203901e-01 8.137910701936195146e-01 1.891675683042279843e-01 5.626089401336326068e-01
9.718466437380986938e-05 -1.250048008915645603e+01 6.748885703227861521e-01 4.863099151658906161e-01 2.586264819720384134e-01 4.356044536834963177e-01
9.718973944923175242e-05 -1.249792786957071833e+01 3.051893385411738047e-01 5.482535196891052953e-01 6.931087519337302272e-01 3.457730964095706572e-01
9.733500084422435099e-05 -1.249393436882860620e+01 6.770952565963762604e-01 6.021155293157056665e-01 3.685934563333874703e-01 2.766708843506545668e-01
9.845760352024813655e-05 -1.247996697983718128e+01 2.798094276659081059e-01 4.964481777344181834e-01 3.451746195327605182e-01 3.102322080624385636e-01
9.831270273719194092e-05 -1.247893977125580989e+01 6.675494932767288558e-01 5.713848738813720463e-01 3.476939267294327784e-01 3.763373099814204537e-01
9.816556081030634884e-05 -1.247793756497341455e+01 9.591231930758661317e-01 9.464025413073540172e-01 2.147771799892447264e-01 4.155074693275275788e-01
9.835242752490074491e-05 -1.247353578720234424e+01 9.794003435897354892e-01 9.675286425135625201e-01 2.020180973447321948e-01 4.440386553256345792e-01
9.846745683768141726e-05 -1.246986690808985188e+01 8.773830348452812400e-01 9.182029794557823310e-01 2.072170005896847300e-01 6.426966563795504239e-01
9.861538042200034199e-05 -1.246586577674677443e+01 6.356189279447037599e-01 3.790441020243022763e-01 2.837596904326175062e-01 3.073924472153235499e-01
1.002677176761011449e-04 -1.244674922874862943e+01 2.830672621933915112e-01 5.335302265285082335e-01 6.604736444665542106e-01 3.437300634372931762e-01
1.005144322680606408e-04 -1.244179169239694716e+01 6.866471651314199898e-01 7.342244664186784453e-01 4.996703501147448101e-03 8.806528919627626406e-01
1.003853664329087915e-04 -1.244057657026882602e+01 2.578820548916176403e-01 5.748172684603664040e-01 6.494494095698786218e-01 7.832940874213053517e-01
1.010029742886686292e-04 -1.243194304943291151e+01 6.910554186854617198e-01 3.832593086717293041e-01 2.966521422331397373e-01 3.183477845993210043e-01
1.015325428636130062e-04 -1.242421364780284954e+01 2.578102442928923432e-01 5.447218259190922396e-02 3.778547466645794106e-01 2.654893155242423752e-01
1.019741500872281645e-04 -1.241737366359527250e+01 3.295181644310102298e-01 4.613108229723553722e-01 5.113783203346666806e-01 2.760653065202579581e-01
1.018171004930797232e-04 -1.241641494296611015e+01 3.364434709675178103e-01 3.559736294374657994e-01 4.779337683478175336e-01 3.085322855575499679e-01
1.023650033803899756e-04 -1.240854812391578044e+01 2.653138218851158747e-01 2.923875106181735850e-01 3.209616326260279484e-01 3.737667338788663862e-01
1.032272450455055539e-04 -1.239766019365933225e+01 2.535725079103322566e-01 1.921983863066645259e-02 3.261981443949496517e-01 3.047318499050694074e-01
1.033980565579136412e-04 -1.239350684772355038e+01 8.513952294942550569e-02 4.826122506699263015e-01 4.195276768718492200e-01 3.025015695829579299e-01
1.048133732432440248e-04 -1.237741164321454335e+01 3.308448654427175173e-01 3.907172094843486265e-01 3.353436637125417619e-01 3.972767617678998331e-01
1.063489637537951585e-04 -1.236036721637933766e+01 3.057535738072663101e-01 1.634660264441598621e-01 3.583009781714313613e-01 2.698619755863066461e-01
1.080602474180812812e-04 -1.234190409619379203e+01 7.283838688855522880e-01 7.322862319339209503e-01 2.296552284097512775e-01 4.279289921140183584e-01
1.085485113162191063e-04 -1.233489583228087128e+01 2.797150592177174433e-01 3.483557919855029272e-01 4.187206627112367574e-01 3.472737451073937276e-01
1.102501438206008108e-04 -1.231684119542187794e+01 7.534386443021771074e-01 8.011498932731331291e-01 1.014042961646842711e-01 6.811575896689686660e-01
1.105600572753097919e-04 -1.231153413617669834e+01 2.588759286562390960e-01 1.854587232916777850e-01 3.261612663670919732e-01 3.624046736296091531e-01
1.105365704786647417e-04 -1.230924659348074712e+01 3.207126524648286070e-01 2.113565903265373080e-01 3.499348255132023189e-01 4.380680754184714809e-01
1.105306373345523081e-04 -1.230680027076896010e+01 2.596629864408945831e-01 4.293949843579641934e-01 4.539308874713430253e-01 2.677891577863795725e-01
1.104042945238934282e-04 -1.230544398148385987e+01 6.325353303470857558e-01 4.341049526286602234e-01 2.672173712434439130e-01 3.920696730725937718e-01
1.119873193072001166e-04 -1.228870736982948308e+01 9.922532500506793252e-01 9.914896489348671293e-01 1.977162891613714057e-01 5.382711460020817018e-01
1.128169458377486297e-04 -1.227882645740446854e+01 7.931900713990894802e-01 8.246662275330366443e-01 2.376040555609436611e-01 4.112126046359857456e-01
1.134645304517195060e-04 -1.227060273319557382e+01 2.070817471371776408e-01 5.471013144879551815e-01 6.157508811112658575e-01 3.695649064998991484e-01
1.134436683944450343e-04 -1.226828661423151345e+01 3.254667945576377175e-01 1.231908587740457861e-01 5.071466499513950232e-01 2.846814588120712974e-01
1.133361187831514875e-04 -1.226673510810475420e+01 9.636364580397606128e-01 9.977806119654594186e-01 2.316238992691743714e-02 7.499566208225005859e-01
1.132152652660659687e-04 -1.226530200539214910e+01 2.875378126528458367e-01 3.656089125608893431e-01 3.888304107283978572e-01 2.566760363418154611e-01
1.132191725340229180e-04 -1.226276749414028089e+01 6.317150667818198784e-01 6.797010754273843380e-01 9.971895318236823069e-02 6.660012319978069195e-01
1.151441516902225649e-04 -1.224340817788791824e+01 8.973875258794966614e-01 9.446568342110384098e-01 1.252771140437878294e-01 8.490622873576610941e-01
1.152252406028390799e-04 -1.224020418752566997e+01 6.757217021141952440e-01 4.921011183832130209e-01 3.727327157455794238e-01 2.942360366220013734e-01
1.169760457171431376e-04 -1.222262383786735462e+01 6.045077244519037052e-02 5.235535152775405709e-01 4.561425035585434662e-01 5.159046917889386075e-01
1.166850272526632999e-04 -1.222261478435884818e+01 8.755956068186532271e-02 5.552171031797187295e-01 4.955242926130443148e-01 7.144792950107412555e-01
1.165670819764762499e-04 -1.222112609599610877e+01 7.318903496987058110e-01 7.979097009584418254e-01 1.351676684661077266e-01 7.357709431799859257e-01
1.165829897840742977e-04 -1.221848963618288586e+01 6.800901091330658899e-01 2.263823173916976739e-01 3.148234721790947876e-01 3.606879784513105092e-01
1.177919711221304895e-04 -1.220567290220649603e+01 6.808720693752871034e-01 6.897166266943879354e-01 8.537836784644747823e-02 5.254314873890369997e-01
1.189065295067399984e-04 -1.219375529610191400e+01 3.114822279657017967e-01 4.522574349633539104e-01 3.088872721201868510e-01 4.060542261065940295e-01
1.189463045051494171e-04 -1.219092084560906564e+01 7.704418147003788686e-01 8.436470078181617094e-01 1.018103206951638251e-01 9.743862617973555462e-01
1.187033912359319892e-04 -1.219046514323004615e+01 6.792477461033548103e-01 5.634900777568774277e-01 2.242609438189071547e-01 3.806183589920321131e-01
1.189456185859731960e-04 -1.218592661225441631e+01 2.123400560829893369e-01 5.263024245005646362e-01 5.026379024215257285e-01 3.026332970355454233e-01
1.192744040291797653e-04 -1.218066625946489268e+01 6.245282383170280838e-02 5.104715376908758317e-01 3.627520790146797625e-01 3.735382812057834734e-01
1.191546478188109152e-04 -1.217917080332824753e+01 8.100382322438570704e-02 5.797990432700951269e-01 7.904714333156659389e-01 7.530281210643351431e-01
1.191598479628185622e-04 -1.217662716230681852e+01 3.267774680853521296e-01 2.171033909066715228e-01 3.415109409540062479e-01 4.221649674416180220e-01
1.188726363623738571e-04 -1.217654037696231129e+01 6.762150105447436443e-01 7.220305870399248427e-01 2.473050746576234138e-01 5.871389120048609023e-01
1.186747049356575318e-04 -1.217570683613159410e+01 1.109843720106228337e-01 4.861787223527256341e-01 3.482119638778257142e-01 3.628512839025181957e-01
1.192949400839843989e-04 -1.216799409941699217e+01 3.208685245107142370e-01 2.666436859852298058e-01 3.156968484333545488e-01 3.876338026207768461e-01
1.195737874406492817e-04 -1.216315936530406638e+01 2.757622552627833068e-01 3.825170931135538632e-01 3.751193938054929733e-01 2.629768027835420741e-01
1.197095361585746387e-04 -1.215952473769653608e+01 6.978798847833826979e-01 7.596800876691049975e-01 2.747639061740470012e-03 7.762490932852588177e-01
1.196187832761747070e-04 -1.215778313425373724e+01 6.852879237237130550e-01 4.057657141506764154e-01 3.054243319648359822e-01 2.993114268611731799e-01
1.203336837379872365e-04 -1.214932443263265505e+01 3.074276020684733046e-01 5.161741683328576746e-01 5.292238030657565595e-01 2.603803299558528073e-01
1.211467173460106041e-04 -1.214009066312978113e+01 6.370094021770322801e-01 1.878806614569665800e-01 3.006943386563565301e-01 3.431348483941786265e-01
1.212390027416610606e-04 -1.213682918757687546e+01 6.897563593977319440e-01 7.308162513360574319e-01 2.219788160060642834e-01 4.407628675279476882e-01
1.209616569401201781e-04 -1.213661940365746439e+01 1.999883076729818132e-01 4.930302791829955789e-01 4.043394972518795649e-01 3.007714250646580378e-01
1.207199842685169447e-04 -1.213611933009743815e+01 8.209409970408562129e-01 8.641036032586445481e-01 1.946654639822061883e-01 6.293208540459270806e-01
1.230982258647944844e-04 -1.211411039330293171e+01 3.156115627883252506e-01 3.140484263134957210e-02 3.187495462257177170e-01 3.174040584462287651e-01
1.229115096734237345e-04 -1.211312835133669985e+01 6.568986783679967578e-01 1.918992378348020056e-01 2.854255170182041779e-01 3.165937087592471944e-01
1.236072537358256693e-04 -1.210498378375859296e+01 1.855889294810044721e-01 5.857548080511336686e-01 7.059807872167955800e-01 9.391283538189251212e-01
1.237913577203394555e-04 -1.210099546482734212e+01 2.536167275714583669e-01 1.939989299560254121e-01 3.840910631611498260e-01 2.759611865570329448e-01
1.238223121097617766e-04 -1.209824544317381267e+01 2.508590404940247431e-01 3.494646889448870253e-01 3.552133262037531214e-01 2.910214723928842284e-01
1.236325462701674046e-04 -1.209727918454414919e+01 2.653166266083304414e-01 1.642785919366824832e-01 4.455339383494228978e-01 2.727331468157859762e-01
1.245617272805612434e-04 -1.208729161975708521e+01 2.866657639811637237e-01 3.331358093865223191e-01 3.084807500342209297e-01 3.549006461508306121e-01
1.253325849169340054e-04 -1.207862213094669812e+01 2.670776973145931876e-01 5.183027063228530240e-01 3.635861317011219729e-01 4.556007078086237172e-01
1.256416711636923434e-04 -1.207365903845386867e+01 6.401686731698490451e-01 5.693775212542698805e-01 3.231459174864590445e-01 3.877285023138429265e-01
1.272514076524262113e-04 -1.205842829677217942e+01 6.422159890932501725e-01 3.988661841325605861e-01 3.281782935403438906e-01 3.772656432652990999e-01
1.273918838454928611e-04 -1.205482497921379803e+01 9.566327486928080104e-01 9.941309082578272394e-01 1.510035008863841455e-02 7.621545610918138980e-01
1.290301673028474143e-04 -1.203954678216053864e+01 7.870391290460081457e-01 8.558457203233509336e-01 1.598080015666003550e-01 7.968802315161935823e-01
1.290498854850831835e-04 -1.203689397544757256e+01 2.501315180813458161e-01 4.883900002057450784e-02 3.605341204756321583e-01 3.281442812658137420e-01
1.306524988262789842e-04 -1.202205189634943139e+01 2.401378451734083042e-01 4.959747430822063485e-01 3.866060727219373661e-01 3.867215037010507395e-01
1.312391646645056720e-04 -1.201507167111642005e+01 2.056829998790101754e-01 5.556467211094725522e-01 6.397171241701147260e-01 3.922893734955763545e-01
1.326022938223421369e-04 -1.200223863783004141e+01 2.521144485997067752e-01 3.523748096168077826e-01 4.071001077881317709e-01 2.810479055062161668e-01
1.325405521900852436e-04 -1.200020436137718960e+01 7.237454611722797804e-01 7.647289244644454032e-01 8.957809774871317021e-02 5.530571440575658970e-01
1.323050897085469480e-04 -1.199948247289821346e+01 9.115026716106084947e-01 9.395877862412679304e-01 8.498057201026210095e-02 6.434821833770758559e-01
1.325797518931878674e-04 -1.199490864880606722e+01 6.423033390233501283e-01 4.500418346369898792e-01 2.491841903854836726e-01 4.164128469906434038e-01
1.324505881392246261e-04 -1.199338335807273914e+01 1.695015755085487186e-01 5.419169855230597799e-01 5.354574986337260478e-01 3.513843061654500222e-01
1.342608000844677590e-04 -1.197730883653340861e+01 6.318363893543054166e-01 5.021304331867154636e-01 3.000104413301442063e-01 3.191209686648350807e-01
1.356613024822667199e-04 -1.196443165769317574e+01 7.954452626665836634e-01 8.421786573552058064e-01 2.280896443483378944e-01 4.925200149000331651e-01
1.355137534001554691e-04 -1.196301987796618072e+01 7.008099552299278390e-01 6.754449768093038209e-01 2.563956959962728765e-01 4.008045474277439624e-01
1.363459529401186705e-04 -1.195439758679938080e+01 6.736371729808497966e-01 2.593568831335570923e-01 2.997198535356327964e-01 2.951033545434879057e-01
1.392694682662580692e-04 -1.193068233719182558e+01 2.731832458343474990e-02 5.235308407190339963e-01 4.816508115743461937e-01 3.301958583747480747e-01
1.416528012439946060e-04 -1.191121401234862986e+01 3.013983779969865440e-01 7.964679257002726942e-03 3.009698865303056525e-01 3.355653754358588481e-01
1.431849178127930008e-04 -1.189795608779982672e+01 9.526347088092312898e-02 5.432402274669335673e-01 5.295598628689281995e-01 6.031902107195702412e-01
1.431456373407951699e-04 -1.189573045930183781e+01 2.651380688915239148e-03 4.832730497040117479e-01 3.846459799089542164e-01 3.755842829661324433e-01
1.428466643984624288e-04 -1.189532123621732751e+01 6.717967502622554932e-01 6.828269463909603099e-01 1.112694012716761716e-01 6.081962757293536415e-01
1.436964947112693333e-04 -1.188688961455755155e+01 6.409604918483423619e-01 6.998412249354747372e-01 2.086734545664226115e-01 6.476801656995969658e-01
1.433429455537098718e-04 -1.188685303446963282e+01 2.623212154410886621e-01 3.029401436569001405e-01 4.344296170792080192e-01 2.874464180613263142e-01
1.429961138411310183e-04 -1.188677556028871507e+01 8.291952240718835077e-01 9.113817026050549108e-01 9.818221620889711065e-02 9.667699495856290071e-01
1.437633014626175227e-04 -1.187892480693269448e+01 6.635148202790248639e-01 6.710967297169678769e-01 1.055887971812288217e-01 5.884184444766132893e-01
1.434175759988603831e-04 -1.187883252734800088e+01 3.339818177709641400e-01 3.445772577515237023e-01 4.021760307477317831e-01 4.060510579827049105e-01
1.434560008896058024e-04 -1.187606464006892892e+01 6.593621684130767102e-01 6.835073839000442852e-01 9.791361627005090718e-02 6.729105678715753269e-01
1.431690913196074317e-04 -1.187556662575422273e+01 6.379015729395433043e-01 7.238528776068953174e-01 6.983517216481383016e-02 9.624093518268048708e-01
1.433297697401800252e-04 -1.187194495681058726e+01 3.227661340614690344e-01 2.325116516970049396e-02 3.408208992050947295e-01 4.249239699523841285e-01
1.447562104110021062e-04 -1.185954199431666645e+01 3.094078916897797793e-01 4.874446736331101704e-01 3.256878050867565433e-01 4.203514305479351121e-01
1.469066873573798956e-04 -1.184229540890428112e+01 3.255151164948867359e-01 1.294147478322524858e-01 3.521923932998235474e-01 3.124425654131179897e-01
1.466887140108243581e-04 -1.184128026449526772e+01 6.420174239634371949e-01 6.616261728588503921e-01 1.250509487704584144e-01 5.956279168600312479e-01
1.470246013291902657e-04 -1.183649308548602619e+01 3.145414684069585132e-01 2.586413808615606325e-01 3.121941249116036987e-01 3.493460612389095443e-01
1.473396238264454634e-04 -1.183185272609043714e+01 1.201596585335525935e-01 5.681332436034008948e-01 7.018913119658796163e-01 5.262423944161725986e-01
1.477431666306369532e-04 -1.182661760856536937e+01 6.508219741117404755e-01 5.724711886341975475e-01 3.377652651552534024e-01 2.787996350375081533e-01
1.479547624192097154e-04 -1.182268644653208156e+01 6.491071877058380846e-01 4.898320488656530136e-01 2.369774338212454756e-01 4.293044693285976710e-01
1.479388319445923102e-04 -1.182029412358178000e+01 1.202052543186205025e-02 5.495464828476935848e-01 6.593427185047123773e-01 5.957040107711513155e-01
1.483847791143203085e-04 -1.181478425538532306e+01 7.597974765898918292e-01 8.211972569896495155e-01 3.848360297842079447e-03 8.071721609480740911e-01
1.486988516367880055e-04 -1.181016988349158758e+01 6.602422169589226009e-01 4.788584799832468208e-01 2.039074852307186658e-01 4.313128719425117774e-01
1.501490780471132077e-04 -1.179796436004507321e+01 1.501656637768390423e-01 5.841072520587629047e-01 6.570406616746550243e-01 8.179331843078754272e-01
1.503349797382887761e-04 -1.179422701177266219e+01 2.768139319840471346e-01 3.767580660426436134e-01 3.873754081200008192e-01 2.628954548232393940e-01
1.509645105383014541e-04 -1.178754823459971313e+01 6.432945740620187314e-01 5.909974772019538358e-01 3.174160158117377284e-01 2.876147675525669856e-01
1.507842487656441501e-04 -1.178624301528094875e+01 3.205637959071220289e-01 7.536474250618818704e-02 3.630275090450292286e-01 4.313635657035111981e-01
1.506807632784251520e-04 -1.178442956587321611e+01 3.294177786738660130e-01 5.149545551734593385e-01 4.890707335681779844e-01 3.685920819942689608e-01
1.511778420173133020e-04 -1.177863610874143774e+01 1.403811722002153983e-01 5.393984267707971902e-01 4.899951954416938982e-01 5.512378430136969376e-01
1.523316497610575015e-04 -1.176853296397494830e+01 8.494143364362736204e-01 9.192850080899983567e-01 6.933677893935630276e-02 7.796831498571085151e-01
1.525891102271576276e-04 -1.176434425949124041e+01 2.636913206259242637e-01 3.618548337246821900e-01 3.364809617565377442e-01 2.978063028782449440e-01
1.528349906393067453e-04 -1.176023416739588789e+01 6.564795789591723052e-01 3.271263554525687400e-01 2.208727443378728506e-01 4.137462578147237391e-01
1.524853430361632512e-04 -1.176002453405298276e+01 9.584239193084265196e-03 5.505565130805780694e-01 5.337533935011027353e-01 7.377546020844008012e-01
1.526910014676177675e-04 -1.175617673324016188e+01 2.721093068476065913e-01 1.109675857259687648e-01 3.191034815909541411e-01 3.185136016603608011e-01
1.527423455396632434e-04 -1.175334052848038979e+01 6.401167510208847222e-01 6.937444895353908070e-01 6.097439016308681126e-02 8.095281478506302086e-01
1.527643207105340876e-04 -1.175069666798020052e+01 1.288915010582930565e-01 5.824658191608111935e-01 6.888170656411088943e-01 7.658377858690194051e-01
1.538248036997378883e-04 -1.174127869774462241e+01 3.228834855027582496e-01 4.433924337636999669e-01 4.274894829844356758e-01 2.711880129199720768e-01
1.542930949303272792e-04 -1.173573900681303428e+01 2.588358159575812056e-01 4.414479498654184653e-01 3.726023147586036144e-01 3.609050476363022675e-01
1.539133102919594597e-04 -1.173570349051069250e+01 2.448849338060604675e-01 5.708111378233270417e-01 4.944853340976069767e-01 6.667955816646732314e-01
1.537060309760430825e-04 -1.173455112584748683e+01 2.614017468873279793e-01 2.433368383073094554e-01 3.881455300784343310e-01 3.364383637208053779e-01
1.541690959825597440e-04 -1.172904298835825720e+01 7.200856639116699487e-01 7.682789808889977090e-01 1.043812326988370343e-01 5.623285559675293976e-01
1.540144447000523962e-04 -1.172754661947461408e+01 3.320199704992540246e-01 2.834778731527508588e-01 3.612266220305632158e-01 3.206912335944998027e-01
1.539095395121413217e-04 -1.172572799018523249e+01 4.112461866034389235e-02 4.967932421917956587e-01 3.905574904280068038e-01 4.084161975521221066e-01
1.541226721922531932e-04 -1.172184415624822229e+01 6.374977017327650985e-01 6.464488056628346913e-01 2.789436136811347389e-01 3.362636501954265889e-01
1.546858686179540944e-04 -1.171569660784396660e+01 6.360831793356896968e-01 2.616992953981638337e-01 3.085167625383974377e-01 3.240192587393604384e-01
1.550813731114510791e-04 -1.171064304726601968e+01 2.204753266266740175e-01 5.149413368349673448e-01 4.812137691281930252e-01 3.182651671431109275e-01
1.547939492659366285e-04 -1.170999814128084360e+01 2.958058636926428342e-01 4.328517384854949634e-01 3.264889127701596783e-01 3.022223826057396368e-01
1.549816409620919679e-04 -1.170628634974501203e+01 1.411751360007995615e-01 4.981283305190363775e-01 3.612164485780616774e-01 3.614310170012882129e-01
1.546026664638243354e-04 -1.170623463073650328e+01 1.926883703240306334e-01 5.433768654273478660e-01 4.236601791766591019e-01 5.343752864713581241e-01
1.566338816771297587e-04 -1.169068189599701135e+01 3.362356811163978998e-01 4.003250522459705918e-01 3.587158131180643306e-01 3.585192719917423831e-01
1.562891999167389189e-04 -1.169038487762453649e+01 6.712048079812313883e-01 2.503517486302693218e-01 3.373568721012343286e-01 3.525382041566045288e-01
1.575942371876635215e-04 -1.167956940355608531e+01 6.339301258946552498e-01 3.154616906112366337e-01 3.045150890008326838e-01 3.691031180804387191e-01
1.582173189810335829e-04 -1.167312348967383429e+01 6.422047884246335769e-01 2.308013813500990885e-01 3.279588565476304618e-01 3.063200748332662871e-01
1.582020532133784202e-04 -1.167071998040106529e+01 2.732405354219328286e-01 5.831425783256112272e-01 7.041029533816532959e-01 8.987716396183312861e-01
1.595214372401732462e-04 -1.165991469828981941e+01 2.747765553127324845e-01 4.841386293763594306e-02 3.200219650237292601e-01 3.210802486339623396e-01
1.607466207249423618e-04 -1.164976367327523832e+01 2.240456172206565233e-01 5.888088114431184739e-01 6.965791904511178245e-01 6.875434967807605435e-01
1.612175247808474783e-04 -1.164433847555826418e+01 3.129319118520267340e-01 5.519812455649460992e-01 5.633716071279727400e-01 5.223157712637991335e-01
1.608722192785526188e-04 -1.164398263345808004e+01 6.888674663479569249e-01 6.846680049745218488e-01 1.472284873775711045e-01 4.091266339341748104e-01
1.624719037287705801e-04 -1.163158792755298343e+01 8.046511576984443082e-01 8.837640396777552976e-01 3.633326744480191994e-02 8.615138719515441634e-01
1.633193515543910799e-04 -1.162388551819895888e+01 1.525155346449780236e-02 5.733750474645590289e-01 7.122546962224587386e-01 9.716943426376346560e-01
1.630759820788582517e-04 -1.162287677432645872e+01 5.808150149711044374e-02 5.580945234413312583e-01 6.862552191973854132e-01 6.288831126941547556e-01
1.630896693159900794e-04 -1.162029284619312364e+01 2.913640061694507954e-01 2.254094885214563693e-01 3.701519480407321483e-01 3.853246453466131483e-01
1.641012460382815924e-04 -1.161160942301154186e+01 6.336381392713296146e-01 4.002240183627078229e-01 2.987333579657021065e-01 3.460636723397270131e-01
1.639071679255041782e-04 -1.161029279592006347e+01 6.768406423565230812e-01 4.210684742943712200e-01 2.953312663299129115e-01 3.005224224202585059e-01
1.671343225386417259e-04 -1.158829519854500845e+01 3.265616948370783090e-01 3.242685487850771597e-02 3.243040514527997242e-01 3.517116179366535089e-01
1.677296186016920124e-04 -1.158223974442157811e+01 1.309941117894108942e-02 5.677651237973706522e-01 7.335650052807305421e-01 5.701805624402951356e-01
1.673198582572565528e-04 -1.158218571480523096e+01 7.823797316181745343e-01 8.054244112057986626e-01 2.081557042432078397e-01 4.367366990629619750e-01
1.671114069721931481e-04 -1.158093231662587819e+01 1.873282927074905180e-01 5.383132867542193001e-01 4.197829526444742942e-01 4.198520852295952732e-01
1.670924701708312830e-04 -1.157854564147143783e+01 7.685640091651402273e-04 5.498548975122816707e-01 6.610668817319668156e-01 4.142015734056567755e-01
1.673910156732838755e-04 -1.157426052744119538e+01 6.757171707430357221e-01 3.267316820084502638e-01 3.560589284283237621e-01 3.095534735052588582e-01
1.696697213209931747e-04 -1.155823928266628897e+01 9.064880023707122536e-02 5.525159197516157361e-01 4.886309887795101670e-01 5.744249816533031350e-01
1.702205400713970073e-04 -1.155249812341478233e+01 2.630253090771688118e-01 3.067848460699469371e-01 3.281102466942534823e-01 3.184429734568693382e-01
1.702029718161765981e-04 -1.155010133752674761e+01 6.787141754630805490e-01 6.894821799747780089e-01 9.720519328298971029e-02 4.560474660664287638e-01
1.709956065389174108e-04 -1.154295515082544910e+01 2.766788497488988918e-01 2.419380544674099021e-01 3.188679487303047733e-01 3.347711998439603098e-01
1.713219867516618746e-04 -1.153854826483395968e+01 2.889108268727881290e-01 4.644869129272582997e-01 5.109878345614609074e-01 2.650386374565245617e-01
1.731948576175185823e-04 -1.152517570898564436e+01 9.855488873972972907e-02 5.736363545924917373e-01 6.426144336196839557e-01 6.802184066190355427e-01
1.732151406727649686e-04 -1.152255860465626292e+01 9.566889534443134835e-01 9.931593783482567384e-01 2.154350195420192682e-01 5.634827752405806578e-01
1.728240661381301804e-04 -1.152231889593791614e+01 1.835641240450192058e-02 5.537653271695666124e-01 5.626024546008748795e-01 7.593922357565953130e-01
1.724470169249294458e-04 -1.152200297321272693e+01 7.349911940597103621e-01 7.827742557036008186e-01 1.200147515221634542e-01 6.131388845090267603e-01
1.727125614955330075e-04 -1.151796429580323000e+01 2.631852709734715523e-01 5.464044327391094358e-01 5.649957684769388866e-01 5.059997117385588439e-01
1.735285207776088854e-04 -1.151075104348062084e+01 2.933990708519533808e-01 1.772130386418924175e-01 3.305139533430491161e-01 2.983289247918995413e-01
1.767024591412645217e-04 -1.149012571797268301e+01 6.704036784567662943e-01 3.978574485903918490e-01 2.640642016919616530e-01 4.266389610200056470e-01
1.767478388309704710e-04 -1.148736893680590754e+01 6.450641073294736128e-01 6.533702028701795506e-01 1.257456935778367146e-01 4.533494943969319513e-01
1.772388938813474401e-04 -1.148209450872718662e+01 6.717516287272375930e-01 4.973958018278682447e-01 2.230060637728903394e-01 3.991648477245226534e-01
1.772384212003246179e-04 -1.147959717564550530e+01 1.598917426442841849e-01 5.506239685470382117e-01 5.955007510444724206e-01 3.925570713348454088e-01
1.770582820689756641e-04 -1.147811405864333878e+01 9.418400633551449186e-02 5.657178511849622060e-01 5.883916007031813056e-01 8.371331735944665953e-01
1.777887871286677052e-04 -1.147149675767019694e+01 2.776653976643341792e-01 2.074240864373141369e-01 3.669738382416990463e-01 3.630597676652237427e-01
1.777769621214552191e-04 -1.146906327142885829e+01 7.532956540775743726e-01 8.068211437035975875e-01 1.594523797098590379e-01 5.860302032840928321e-01
1.786491997646504494e-04 -1.146166890913083058e+01 2.698049838268369305e-01 2.438571400776311515e-01 4.192585741268911592e-01 3.197235601798453786e-01
1.788596607070790437e-04 -1.145799153430177775e+01 3.335997737228275639e-01 8.536497190239433763e-02 3.938269108090463044e-01 4.028557685131692878e-01
1.811925421838973566e-04 -1.144253277940681457e+01 8.594826576814729169e-02 5.726922417066105941e-01 6.217252763273709570e-01 7.177017057248782361e-01
1.815559851966010770e-04 -1.143802894971829431e+01 2.934138431531245761e-01 5.983871727335517976e-01 6.936788931075028586e-01 9.379613228692428306e-01
1.827811219964143241e-04 -1.142880363191038029e+01 3.240099833306326893e-01 4.554943394052636263e-01 3.759595273996434450e-01 4.309310449049876812e-01
1.830497060607615221e-04 -1.142483528046481922e+01 1.002135631422371720e-01 5.803375261772981686e-01 7.339012099300219472e-01 9.128919072013976788e-01
1.851408226416268897e-04 -1.141097627526501412e+01 3.155238052949626004e-01 2.941940732742849285e-01 5.076098416058172358e-01 2.755604812000783665e-01
1.847261471540826133e-04 -1.141071857152368452e+01 8.934659729158760388e-01 9.498258978809851483e-01 6.858016483982654066e-03 7.804084692640006482e-01
1.877418767130204630e-04 -1.139202499104349187e+01 1.664120556599621992e-01 5.665736823618231499e-01 6.846416432115215445e-01 5.520937906702486631e-01
1.879648450190554525e-04 -1.138833806347837552e+01 1.185375045535870253e-01 5.745524549708226347e-01 6.216283741254362560e-01 7.140085237658597705e-01
1.892884624339766578e-04 -1.137882090646442634e+01 6.472186629635010569e-01 3.986926380746234067e-01 2.989081097145911414e-01 2.972330046328304221e-01
1.913184106718700457e-04 -1.136565390263748654e+01 3.175886612928436881e-01 3.668406149756837653e-01 4.864099734990172674e-01 2.584972707807057235e-01
1.937458007868189582e-04 -1.135054601960293574e+01 2.691022079053435601e-01 2.352709679280156063e-01 4.291769573377360869e-01 2.712079982394027811e-01
1.940120577098846668e-04 -1.134667270396752592e+01 7.992588809797182003e-01 8.809832816068904338e-01 8.039686271596802047e-02 8.855992425817650338e-01
1.952500540760023862e-04 -1.133781194856564767e+01 2.751258005428688369e-01 6.036349321706467874e-01 9.441025432597375255e-01 7.323670396367025770e-01
1.952441005915354704e-04 -1.133534244061986662e+01 6.712340867913475506e-01 7.069154724625925645e-01 1.009909186507057521e-01 7.425729526307222050e-01
1.964631664857982032e-04 -1.132661804841382924e+01 2.939588142800327875e-01 3.659493280726383579e-01 3.353922152747476071e-01 3.935387423614782332e-01
1.994020919902538469e-04 -1.130926966534491385e+01 6.878900363876410129e-01 7.704941340333119060e-01 1.905179032765835778e-02 8.429067096414163407e-01
1.996322608426809395e-04 -1.130561603595776887e+01 8.386458624777541893e-01 9.002566173416252093e-01 4.099901724964882810e-02 7.336634634076082406e-01
2.002177381499114855e-04 -1.130018754913957224e+01 2.143406434368970714e-01 5.714123033371255600e-01 5.969550420283511460e-01 7.538902397063517169e-01
2.014526219575754704e-04 -1.129153878726446969e+01 6.533908649756505760e-01 5.175757991805403080e-01 3.546444398739480031e-01 2.955000421253463072e-01
2.013082515847041374e-04 -1.128975569095863740e+01 5.099835455884837998e-02 5.132372149616208912e-01 4.258942295654724042e-01 4.562227748587861509e-01
2.008540608422862720e-04 -1.128951443535853372e+01 2.666236450717033302e-01 8.764140611488568933e-02 4.124709229829990331e-01 2.727663191094409356e-01
2.004713762027447092e-04 -1.128892153976908652e+01 7.999292809071981702e-01 8.670418346645627494e-01 1.600979876530352897e-01 6.895633425684269957e-01
2.000079826828127108e-04 -1.128873573507757833e+01 2.719097489574507920e-01 1.405360075352422022e-01 3.621467691486447427e-01 3.564659413225177431e-01
2.007574929814040466e-04 -1.128249533717434616e+01 6.605776041806571408e-01 6.663508409036231761e-01 3.443216543976315158e-01 3.244770010783106784e-01
2.003972635713971017e-04 -1.128179129995902841e+01 9.461992934129217492e-01 9.758893675124398204e-01 7.321063827329521434e-02 6.404870492107446189e-01
2.006908831705366534e-04 -1.127782718463188161e+01 3.209489452057133763e-01 2.684298856296256641e-01 4.451872590863468204e-01 2.651084014295925773e-01
2.006990180751629051e-04 -1.127528665095326943e+01 2.654251571681676136e-01 2.454014748045985073e-02 3.439881229245749239e-01 3.423860274732614117e-01
2.007427842250744839e-04 -1.127256860614660283e+01 9.490712712347074698e-01 9.663066855940725119e-01 2.030155284909487268e-01 5.623152162913358509e-01
2.015803339534335691e-04 -1.126590503263839871e+01 2.414849198873970648e-01 5.907068542233419040e-01 6.686820246260233302e-01 7.258651998879296352e-01
2.021860753699140640e-04 -1.126040457565665065e+01 8.700855615153241240e-01 9.156458305945696097e-01 2.059927636732413747e-01 5.627352166569650205e-01
2.019040309075659592e-04 -1.125930052425211159e+01 6.513967887539477974e-01 3.986961620963173081e-01 3.061689092961059622e-01 3.951509960488103212e-01
2.044758719013029164e-04 -1.124414303153387351e+01 8.156230034325889777e-01 8.843711825074073163e-01 1.368328376302881955e-01 8.559046136254314652e-01
2.042288722167913157e-04 -1.124285172665247501e+01 3.091139826684253800e-01 5.262995382973569836e-01 4.339190538653605600e-01 5.174430056348416906e-01
2.039638075796296462e-04 -1.124165044996398066e+01 6.349573208435792537e-01 6.912207284907161409e-01 7.258626725608663399e-02 6.384400510078483970e-01
2.039666778552625130e-04 -1.123913637758774975e+01 7.195225781795779874e-01 7.658725357950370016e-01 9.280576694153275241e-02 5.997034947536405980e-01
2.055854484418240843e-04 -1.122873125922805393e+01 2.945765160188550391e-01 1.626347692259498823e-01 4.763000766927628638e-01 2.634654773132608652e-01
2.057727154282346202e-04 -1.122532077772655512e+01 8.901800259127545800e-02 5.066287980842681948e-01 3.934264373124666259e-01 4.161601282802053214e-01
2.085958394009522065e-04 -1.120919441722078425e+01 6.698168212893882423e-01 3.587724169434911570e-01 2.864298181634387097e-01 3.038575533551777230e-01
2.095293462840022518e-04 -1.120222920696299695e+01 2.714630677908882461e-01 5.580765429750175199e-01 4.564317724623184747e-01 5.091150710764429377e-01
2.096243271860503586e-04 -1.119927600371232579e+01 2.488949527756481039e-01 4.729622085051604641e-01 3.490309872889806320e-01 3.442716168461429360e-01
2.092594353457787645e-04 -1.119851821463194597e+01 6.696053415281093546e-01 2.658820994410261429e-01 3.386247083655022916e-01 3.397756791001345089e-01
2.105170572161484490e-04 -1.119002633249793277e+01 2.851923493914556573e-01 4.593219331874325295e-01 4.234934940653967139e-01 2.612409212767968780e-01
2.111021198783262726e-04 -1.118475101738185629e+01 9.101919468493524512e-02 5.607304104083995488e-01 5.372657023883082861e-01 6.367504415793673322e-01
2.113303459224584273e-04 -1.118117048458755391e+01 6.325645085876787643e-01 6.856824145382391933e-01 1.678623207551851459e-01 5.604386056091841262e-01
2.114341962645692485e-04 -1.117817919294014217e+01 6.753552800655501231e-01 6.901136477286129445e-01 1.054773540775256757e-01 4.332298404911185674e-01
2.122946079056681841e-04 -1.117161804432249106e+01 5.123338828269430323e-03 5.463324729764247323e-01 4.840312144993982324e-01 6.172217644215401977e-01
2.133109451929275364e-04 -1.116434207647274590e+01 6.641605082466297549e-01 6.083398733875818865e-01 3.252405139517233756e-01 2.852434439425629575e-01
2.131851889391768169e-04 -1.116243179463115709e+01 6.412963881025108837e-01 2.540953296461382349e-01 2.883491006920579913e-01 3.316359115532989676e-01
2.127529241574679442e-04 -1.116196150231318107e+01 3.031731279564529036e-01 4.828341493311978372e-01 4.162963255290121900e-01 4.561037944819097412e-01
2.132953383816183629e-04 -1.115691524375563581e+01 3.102157202572279893e-01 2.546357535298966468e-01 5.061740314353639913e-01 2.830517352450619972e-01
2.129668918439895351e-04 -1.115595629796752597e+01 3.186452407181378232e-01 2.929041527396707423e-01 3.275586037836790698e-01 3.759800583061905233e-01
2.135933931448891340e-04 -1.115051883860510351e+01 2.961125913351868588e-01 7.251422738293711312e-02 4.402271422184494964e-01 2.505613780290683046e-01
2.144024039052091493e-04 -1.114423837286491370e+01 3.018424236308718811e-01 5.323132774909522524e-01 5.304665766845972907e-01 5.260833558874822291e-01
2.147709161073612272e-04 -1.114002106064845066e+01 3.017244545394276445e-01 3.606160205695598808e-01 4.880951167971835369e-01 3.158557875969207895e-01
2.150741145436510884e-04 -1.113611032670968193e+01 6.916899188766502116e-01 7.128648271124050639e-01 1.663825416348183595e-01 4.061429392660133031e-01
2.149191375617942243e-04 -1.113433116122421751e+01 2.472103092058197671e-02 5.673838169594931369e-01 6.119475834144477711e-01 7.031595163811258375e-01
2.156708034540481659e-04 -1.112833982719996762e+01 2.913020662718776022e-01 8.803224896520200904e-02 3.317773322540052972e-01 3.725361224171385155e-01
2.160061384545467692e-04 -1.112428618819173742e+01 8.515347228945931990e-01 9.044382970606653638e-01 1.416359826545596778e-01 5.948279992717783182e-01
2.174329542072293592e-04 -1.111520246775370246e+01 8.852798861215347426e-01 9.191489711236761062e-01 2.204454031021476634e-01 5.430172745602444007e-01
2.181735914693366156e-04 -1.110930197718190016e+01 9.433151753229439551e-01 9.883139875854158873e-01 1.927605654155363224e-01 6.523933736804063965e-01
2.178141659636240136e-04 -1.110845076470407022e+01 3.241720605700827429e-01 1.653798103736894287e-01 3.732171601402578531e-01 4.162533446287514094e-01
2.182958824210908650e-04 -1.110374161288487649e+01 3.144084217352082211e-01 2.715591219101738396e-01 3.671211178464248714e-01 4.246081793635704260e-01
2.186160599225641797e-04 -1.109977597403293892e+01 3.013769986109242627e-01 3.801459408216666391e-01 3.861183738872250304e-01 2.656518896560652321e-01
2.188461321542695137e-04 -1.109622412426358551e+01 9.188240631749603482e-01 9.526238601613390422e-01 7.648196052805378287e-02 7.053724740837776785e-01
2.184329029864792758e-04 -1.109561412701967775e+01 2.891068824483244981e-01 4.575376892162296150e-01 4.849395938510897563e-01 2.570587689008855259e-01
2.181932049133096171e-04 -1.109421208288128291e+01 2.670130630191626109e-01 2.410271123099355650e-01 3.482560712089568522e-01 3.459370356438880023e-01
2.213433406758786594e-04 -1.107737794055989511e+01 2.839004712109510775e-01 2.320210519532939220e-02 3.843166202707879453e-01 2.761858953190279298e-01
2.218671493983259268e-04 -1.107251423763291776e+01 7.340544032863605128e-02 5.026813005813564050e-01 4.602924712351156300e-01 3.337379515222894666e-01
2.234878040993113022e-04 -1.106273616946671190e+01 2.285669707077021551e-01 5.202942795376213070e-01 3.904602969683834690e-01 4.182477310972838591e-01
2.240492591574638629e-04 -1.105772707961112999e+01 3.222642240675409608e-01 4.410986529649948418e-01 3.572649375425848151e-01 4.169512769744138092e-01
2.239732006321260168e-04 -1.105556660958069415e+01 8.407291460252023230e-01 9.021266515771360073e-01 9.225073136117400985e-02 6.844535486428505733e-01
2.237803109248981891e-04 -1.105392819844233721e+01 1.581155211782213632e-01 5.216771150840889826e-01 4.433847438879269243e-01 3.391402274475011636e-01
2.240862009308842041e-04 -1.105006221083016982e+01 2.185479341194818126e-01 5.816854753857264582e-01 5.829104366100993362e-01 7.660370664846651856e-01
2.238733163396956522e-04 -1.104851267442791851e+01 9.133658443920238401e-01 9.479020402034779025e-01 7.518547692135668647e-02 6.417330518034070064e-01
2.248614146270012991e-04 -1.104160873679570898e+01 6.503054699252783788e-01 6.866841201699444008e-01 2.906635450120931274e-01 3.869995517654615247e-01
2.256426008495811546e-04 -1.103564067889294087e+01 1.598453640248548302e-01 5.140988591111728123e-01 3.858392280819283870e-01 3.854257316318702165e-01
2.252935991162141312e-04 -1.103468857770025302e+01 2.729950984411867454e-01 1.735217159046877899e-01 3.926338770238151366e-01 2.756059730407923736e-01
2.279631655967079491e-04 -1.102040895274042320e+01 3.145642100377801231e-01 4.991197651533362256e-01 5.415585381770623430e-01 3.705910865124679709e-01
2.292075875997468437e-04 -1.101246492523956633e+01 4.559528285413305682e-02 5.030694139646054719e-01 4.675468254774034493e-01 3.512859924046309867e-01
2.306737815649527630e-04 -1.100358850283450529e+01 3.100903848694179787e-01 1.415855133886801953e-01 3.563342141120460216e-01 2.928229542376669103e-01
2.327655500078992898e-04 -1.099206129040186042e+01 3.023803937630485938e-01 9.154398135948871307e-03 4.456404965561751030e-01 2.539780651605588746e-01
2.351785165048917846e-04 -1.097924814378131408e+01 1.907396204278665186e-01 5.548613088750283806e-01 5.481934484469269675e-01 4.297298173387834597e-01
2.348331160709039660e-04 -1.097821789675007054e+01 2.614158203984650042e-01 2.879857829079631726e-01 3.857593755142105785e-01 3.095838801731530809e-01
2.357552943837898146e-04 -1.097179863536227096e+01 3.148319374445560648e-01 9.015452079642960470e-02 3.827358312345191527e-01 2.804225308256467208e-01
2.352502663413301475e-04 -1.097144310361535702e+01 2.813012365710364504e-01 5.832912420230373929e-02 3.669277566806160573e-01 3.525630883255337356e-01
2.355477409559304412e-04 -1.096767939965069694e+01 3.183443744289619071e-01 3.200375385624907310e-01 4.573654282031275331e-01 3.703514686997536609e-01
2.357426407917759714e-04 -1.096435230937045802e+01 7.268151771498945202e-01 7.901433989752898457e-01 8.339661316175583927e-03 7.879742230674755543e-01
2.357363628031055452e-04 -1.096187894041286981e+01 8.906533771602112015e-01 9.202267030490878241e-01 1.466465377006123116e-01 5.208039518209893748e-01
2.354150101001261340e-04 -1.096074305721817943e+01 2.768224482802787989e-01 1.610364038794761532e-01 3.377045403202686424e-01 3.200840598696917949e-01
2.350060237359663236e-04 -1.095998186750849079e+01 3.363169908802681185e-01 2.365609927998145734e-01 4.304010903789029507e-01 3.130339056865892866e-01
2.359205804097625197e-04 -1.095359778954177443e+01 2.060528996948096658e-01 5.764446619736492972e-01 6.431887675894810696e-01 5.866393858636395064e-01
2.365524323181140683e-04 -1.094842312974953380e+01 8.380306096028781182e-01 8.714608567199795264e-01 2.014937361295910945e-01 5.129548308055079664e-01
2.359902982160991898e-04 -1.094830231931634934e+01 2.948179057557859251e-01 4.432199147603527178e-01 3.355265277203328123e-01 4.055037677443115718e-01
2.357997161238987571e-04 -1.094661023002566402e+01 8.415984564583496308e-01 9.095512349286328790e-01 1.077711486251471396e-01 7.543372740059446357e-01
2.365779196579492630e-04 -1.094081539056200114e+01 7.692818758158356252e-01 8.321700205293720565e-01 6.784722684200705789e-02 6.709856815071050251e-01
2.379558585664239912e-04 -1.093250782598131643e+01 2.787553941144123026e-01 5.064201137305075484e-01 5.216148344941251569e-01 3.414414028429114678e-01
2.377922318006528261e-04 -1.093069569746429792e+01 7.885662641099944192e-01 8.324317351937667864e-01 9.919929078415479218e-02 6.093267720621431405e-01
2.391348910385723305e-04 -1.092256522387314277e+01 3.139064658191259571e-01 1.715766957793021241e-01 4.667715445653874973e-01 2.591737277394113859e-01
2.398592078351567539e-04 -1.091704089705838143e+01 2.522342337564719150e-01 4.982985451415020695e-01 3.684237171100517294e-01 3.184354934487566569e-01
2.467210229017980099e-04 -1.088633477787401382e+01 6.843570194475491197e-01 7.219621222195338195e-01 2.480130079839216739e-01 4.148539026638446980e-01
2.466089932031801757e-04 -1.088428895538961605e+01 7.699595021327199085e-01 8.281730742630549758e-01 7.970524149800461977e-02 8.017915821315796387e-01
2.481454350853345850e-04 -1.087557800816637688e+01 1.694269311934581967e-01 5.178752510824339295e-01 4.568823484026385273e-01 3.725944925042976585e-01
2.482630604225521931e-04 -1.087260410274177502e+01 5.974843496570925172e-02 4.996672368043201251e-01 4.130466073554012185e-01 3.796528974354131947e-01
2.497317274662992745e-04 -1.086420576268913152e+01 8.750507933114164416e-01 9.431696713131300092e-01 1.199640507892260066e-01 8.301189791611596203e-01
2.516755049229739069e-04 -1.085395243537963594e+01 2.538060545511996446e-01 5.465361815603996254e-01 6.116202594355207856e-01 4.311682069365061487e-01
2.512167032054093366e-04 -1.085327708820758197e+01 3.135225908719736498e-01 5.272726687485902453e-01 5.883395373635540437e-01 3.826098142210833108e-01
2.519801967903930731e-04 -1.084774251398470746e+01 6.536297832328770152e-01 7.253662651284351615e-01 1.004687671385826597e-01 5.848312953206235010e-01
2.523734659858978355e-04 -1.084368301594103734e+01 2.260874975466564685e-03 5.678758341043126379e-01 6.054934248194583368e-01 8.003330412025881913e-01
2.518470821114287433e-04 -1.084327092793780523e+01 2.644786751267726999e-01 4.451784476273542568e-01 3.528885863287978264e-01 3.073218463890444729e-01
2.513634941789348598e-04 -1.084269293873864726e+01 1.601058377213846473e-01 5.710975354033687168e-01 6.204923624522969972e-01 7.752471202776995973e-01
2.510282288412401023e-04 -1.084152761593216496e+01 7.938165772287697486e-01 8.592026787449194014e-01 1.440609811144419883e-01 7.864131809160636033e-01
2.506899900930539414e-04 -1.084037593770587371e+01 2.045098092140840151e-02 4.983976624481892825e-01 4.246094683977875706e-01 3.196851517161664047e-01
2.513157729106404938e-04 -1.083538280640004459e+01 3.323515448752095702e-01 1.156263660142933247e-01 3.765521498443238357e-01 3.325873462900805766e-01
2.512952753317969790e-04 -1.083296437077840935e+01 9.391795874720333392e-01 9.738886262698012164e-01 1.532330106057583352e-01 7.150161872214212400e-01
2.509139950611568052e-04 -1.083198278298771555e+01 2.490286691827077181e-01 6.028654469388665671e-01 7.993984152088237094e-01 8.440942855602904249e-01
2.509430413433581526e-04 -1.082936702778203930e+01 2.893517853996472322e-01 4.652301568699059864e-01 5.012033953711211298e-01 2.696213611042247438e-01
2.510761055916753024e-04 -1.082633691154147293e+01 2.096561981879372372e-01 5.329216104754458394e-01 4.735969816304362867e-01 4.433379924592991683e-01
2.549184680481954442e-04 -1.080864925335457016e+01 8.814247472900349489e-02 5.637678331435217460e-01 5.780772266829513617e-01 7.914260384294680151e-01
2.545578529457667325e-04 -1.080756488406317040e+01 8.749727262804465333e-01 9.110354984982185211e-01 1.701635737162527917e-01 6.228256667992232432e-01
2.543427919423591420e-04 -1.080591008250561380e+01 2.698214255817638074e-01 5.260304936861986969e-01 3.853563038405851682e-01 4.471413944927660200e-01
2.572673946297458617e-04 -1.079197702420658800e+01 3.154995596170093730e-01 2.306182281278422730e-01 4.199230215159583945e-01 3.998338988382942327e-01
2.569827549913905867e-04 -1.079058403280010481e+01 3.141235771206665195e-01 2.591235103023760145e-01 3.502640239308498771e-01 4.145141927468336540e-01
2.568867389457176647e-04 -1.078845773097803828e+01 1.018055144255035627e-01 5.757004681353269371e-01 7.335753945370898643e-01 7.452817400676678972e-01
2.569306035547808554e-04 -1.078578699088991044e+01 4.397542786843378071e-02 5.572635475990266318e-01 5.954058377704221083e-01 7.477860715362971700e-01
2.573898304871892842e-04 -1.078150122845835668e+01 1.351550261963305744e-01 5.826296835810208519e-01 6.662276248203704565e-01 8.539608535978245873e-01
2.569210915301806944e-04 -1.078082401334091145e+01 3.902625923118685503e-02 5.784353048637534966e-01 6.899954987709012721e-01 8.327382777116990598e-01
2.564527298059723860e-04 -1.078014865587111615e+01 6.571149745911943896e-01 6.965136415568796702e-01 1.186971603884110493e-01 4.410855966728030042e-01
2.573350542959452103e-04 -1.077421406523026981e+01 2.375092668938495466e-01 5.282910475178511645e-01 4.224563435198811501e-01 3.463770472526552791e-01
2.575740163476863314e-04 -1.077078589331596525e+01 2.755365018211376471e-01 1.687146483992236767e-01 3.751439369497006071e-01 3.419532022840336971e-01
2.572512506819239026e-04 -1.076953977780346783e+01 9.436518840622468707e-01 9.622917339721637209e-01 2.170118079106841957e-01 5.217866070936184597e-01
2.574409744806204934e-04 -1.076630254573344558e+01 3.106038175262355594e-01 2.234902659619101284e-01 4.419813249447076542e-01 3.786963483777828765e-01
2.602119326483227674e-04 -1.075309658969154292e+01 5.484648521630164364e-02 5.289901152887319657e-01 5.710221920521330041e-01 4.083390627800308481e-01
2.601854922316602339e-04 -1.075069820593874859e+01 8.850830581085845639e-01 9.148262080442638444e-01 1.394150915490790510e-01 5.793072447309230988e-01
2.595802124673345025e-04 -1.075052725547958588e+01 7.182847799319628246e-01 7.834848610198522634e-01 3.315348131959461320e-02 8.569972440976979522e-01
2.601377734591223991e-04 -1.074588162565421356e+01 2.812662325040620193e-01 7.179987968405643350e-02 4.230654408959944046e-01 2.793824230942916209e-01
2.597541541785054731e-04 -1.074485739140415852e+01 2.967082335527950754e-01 2.160927686729744446e-01 3.198000113071921557e-01 3.420926365643686129e-01
2.596353317940651808e-04 -1.074281493777243135e+01 9.142258126299326326e-01 9.431974293234813844e-01 1.197208191373334563e-01 5.699261230422545399e-01
2.604174737825205237e-04 -1.073730700254054149e+01 2.714739272847218610e-01 6.064314379404915911e-01 9.149623640951307646e-01 7.850538935262509899e-01
2.608579676019703083e-04 -1.073311694047612086e+01 2.391096340831067035e-01 5.596193440099900274e-01 5.129659883807453635e-01 6.409653071738230512e-01
2.624388934312988698e-04 -1.072457474623890405e+01 8.707840939754990517e-01 9.105796310021323503e-01 9.581622748821871927e-02 6.598963098405281613e-01
2.619351780830603748e-04 -1.072399595299010855e+01 1.557508013348806175e-01 5.658435104296726248e-01 6.646089105994436030e-01 5.258073155477392957e-01
2.616272817977553854e-04 -1.072267211187999081e+01 6.703098490532819476e-01 4.854100565671111145e-01 3.124594869109938999e-01 3.782651881750039857e-01
2.618343366945801083e-04 -1.071938101316211522e+01 2.886439022814131228e-01 2.783375441951465579e-01 3.421961322620892254e-01 3.485910315606188803e-01
2.613861964699444877e-04 -1.071859402060664124e+01 8.977648704396753443e-01 9.387083022727741310e-01 8.345198019013277957e-02 6.268523060455606366e-01
2.613278441174998030e-04 -1.071631728743383860e+01 1.807260899607270321e-01 5.221763958113168069e-01 4.658921361132285499e-01 3.816157172490197702e-01
2.656679445936179266e-04 -1.069734581386801686e+01 3.340652585931576102e-01 3.133918645573441353e-03 3.436064000032340582e-01 3.598080667292389290e-01
2.660024335214255641e-04 -1.069358755692647378e+01 2.933617578525583580e-01 2.935565232413495096e-02 3.774769154694310735e-01 3.703114343151991950e-01
2.662372719165331868e-04 -1.069020510337049856e+01 6.846064021308770897e-01 6.486043932999285833e-01 3.322105045491883235e-01 3.409925654738382717e-01
2.681342031912429700e-04 -1.068060540089350852e+01 2.697383598894450563e-01 5.682350405360113710e-01 7.500552008832945816e-01 3.890592811170823229e-01
2.730069039076876941e-04 -1.066009593033876612e+01 8.321253169073832279e-01 8.821749793766755499e-01 1.004677542977474580e-01 6.265838471905349483e-01
2.733894003983908423e-04 -1.065619586027910515e+01 2.849338036950510578e-01 4.877068973726549350e-01 4.658713797048014138e-01 3.568332681799847306e-01
2.727719120896934259e-04 -1.065595705512274982e+01 9.146727544252445385e-01 9.821485640825644570e-01 1.160770575814384920e-01 9.626490980787580920e-01
2.727419134525284707e-04 -1.065356703817282380e+01 6.848328844977840113e-01 6.710496316369902736e-01 3.077629295679510379e-01 4.030111215275212766e-01
2.735514088160089017e-04 -1.064810344362404138e+01 3.257565379378256631e-01 2.388469218894991863e-01 3.917294401550024396e-01 3.024830569989163109e-01
2.740496787767388682e-04 -1.064378361488544478e+01 3.187075073640628364e-01 2.043627403548599064e-01 4.883992088392746789e-01 2.914859540729357601e-01
2.742028193720554767e-04 -1.064072496499395726e+01 6.742612944390805607e-01 3.134322634286377252e-01 3.150358870529240685e-01 3.419128319560245099e-01
2.742846192543665538e-04 -1.063792669058635454e+01 1.507853690139974168e-01 5.760091699299411117e-01 6.425168057488398476e-01 8.388843377656574063e-01
2.737352619662472997e-04 -1.063743157212791424e+01 7.480661161637738310e-01 8.224776108458878854e-01 5.011510921232253946e-02 8.426848427741993053e-01
2.740863110735668531e-04 -1.063364995354023002e+01 6.653131801821043911e-02 5.329362715773737769e-01 5.327087555081433390e-01 3.580399786712655796e-01
2.746321926131700111e-04 -1.062916029320976641e+01 3.082437323427783538e-01 3.958660004598686388e-01 4.183907518522360647e-01 2.623985846259268007e-01
2.750981354028968900e-04 -1.062496512422396577e+01 2.839819296014026717e-01 4.790531834829300228e-01 4.040586026329650027e-01 2.798493827806756151e-01
2.744903770079446209e-04 -1.062467681034537392e+01 3.277715795638040941e-01 1.865563435047790097e-01 3.827135065269796632e-01 3.106084533648100221e-01
2.741638618832267999e-04 -1.062336705053717090e+01 3.328316985782429072e-01 2.337062508064106092e-01 3.754044770418015764e-01 3.565803748829065034e-01
2.749365005630265602e-04 -1.061805285028320966e+01 1.704523280940672958e-01 5.721472443502643168e-01 5.972743737001148245e-01 6.439240925818715544e-01
2.762174192045978890e-04 -1.061090470789742213e+01 9.305007563983153096e-01 9.536858125833523880e-01 1.433453455078916861e-01 5.842202268438335677e-01
2.763401742490170982e-04 -1.060796039205453845e+01 7.740646141403531022e-01 8.432735172048144712e-01 4.571456865921807999e-02 9.863697441708734193e-01
2.774584553817399787e-04 -1.060142180260040057e+01 6.681563425147064583e-01 4.812465159655848757e-01 2.628080852698375658e-01 3.275950851249913587e-01
2.811364218821771148e-04 -1.058575297559491624e+01 3.228586953841255935e-01 2.880285624733600613e-01 4.753760635191323081e-01 2.822849110279820328e-01
2.813901647757223240e-04 -1.058235082121937864e+01 2.169254484629528079e-01 5.379526082810428544e-01 5.374632821115021830e-01 3.573699152042640881e-01
2.825506934450620704e-04 -1.057573503393185455e+01 3.193140305474805318e-01 8.931194236155703958e-02 4.483953740868593663e-01 3.654950711078024383e-01
2.838001110786800133e-04 -1.056882285811949096e+01 6.496557372578393164e-01 3.985172362104798527e-01 3.311832803034323591e-01 3.431532034517726926e-01
2.859787787645190092e-04 -1.055867540630027612e+01 2.052115061816589536e-01 5.257093702444676220e-01 4.094799589972502041e-01 4.086806515631108416e-01
2.854600413306241659e-04 -1.055799095525544473e+01 2.612059909647967970e-01 4.722743141132679234e-01 4.408468762755028969e-01 2.835507530469494331e-01
2.852874867230588917e-04 -1.055609561705192156e+01 9.486010172655263695e-01 9.721129862796398236e-01 2.118625321422853425e-01 5.416077065760344089e-01
2.846728257369152333e-04 -1.055575247327854171e+01 6.760617785496618737e-01 4.726455459378620105e-01 2.698916547606659000e-01 3.768022302234662613e-01
2.867403559527422797e-04 -1.054601589104769666e+01 2.915775272546732300e-01 6.360649825501685228e-02 3.709068020471552041e-01 2.858364011255665194e-01
2.862331719877971546e-04 -1.054528624891827882e+01 6.579987702242431347e-01 5.703281212526045696e-01 2.214097253376985375e-01 4.201973892631544194e-01
2.899882174556691694e-04 -1.052975272155119058e+01 2.796998510524405512e-01 4.065739596194991590e-01 4.289189271729786368e-01 2.875383530278041722e-01
2.899889645693238031e-04 -1.052725014519585045e+01 2.740829293076970652e-01 5.845246226807039314e-01 7.494585908737894098e-01 5.141830130759075246e-01
2.893185301700856187e-04 -1.052706475256634810e+01 6.831786602286363808e-01 6.305266969242041553e-01 2.796101512561022240e-01 3.978307771244359303e-01
2.889523737131708498e-04 -1.052583113655139790e+01 3.582842463134006117e-03 5.102494430045907414e-01 4.214354852663307893e-01 4.407626797150165920e-01
2.884525863332008727e-04 -1.052506228726664972e+01 8.418913426793639410e-01 9.109392393509977426e-01 9.814178974067877537e-02 9.672264089735165271e-01
2.881868635809345814e-04 -1.052348391262930605e+01 2.160064984578644598e-01 5.716947861227549277e-01 5.879981900795695493e-01 5.640012887301715239e-01
2.876499127775872483e-04 -1.052284885415794236e+01 1.997884435590385754e-01 5.918828321470342990e-01 6.774712823317599053e-01 9.701181462984558301e-01
2.879440309403040227e-04 -1.051932689000586940e+01 3.047455075351304110e-01 2.163708700797934981e-01 3.652209393561531847e-01 2.880458358441346789e-01
2.881230147465314623e-04 -1.051620549076657340e+01 1.959304550058328376e-01 5.904556290359138648e-01 6.728301506453603364e-01 9.527878201983315254e-01
2.889222210338782083e-04 -1.051093549372367697e+01 2.913946382919984091e-01 8.236913595288186674e-02 3.391053921116772285e-01 3.547313485992693582e-01
2.904683508840956484e-04 -1.050309839092899011e+01 2.695875271102923243e-01 1.608699689635432195e-01 3.893500545467205587e-01 2.988035139544751306e-01
2.917852189840411587e-04 -1.049607503405000664e+01 2.870357324621374273e-01 5.851124905960410905e-01 5.942535724533052344e-01 9.035621821172740153e-01
2.933325983672084190e-04 -1.048828590100842995e+01 2.694103775201909245e-01 2.384901514125338240e-01 3.929855485297532036e-01 3.079480084619781177e-01
2.930819406225703338e-04 -1.048664078349594142e+01 5.544388882823003684e-02 5.234932985370071012e-01 4.789958180934836829e-01 3.490133044487484515e-01
2.923533913948442938e-04 -1.048662969922745702e+01 7.424229622520983618e-02 5.201827763595693321e-01 4.254764510970412417e-01 4.603004039894492694e-01
2.919172700770061597e-04 -1.048562257377206386e+01 3.302753057938290215e-01 2.870753395789706897e-01 4.405017579693493168e-01 3.571243873761756893e-01
2.919041418504817755e-04 -1.048316754720489108e+01 1.020415409361263848e-03 5.622915110677777495e-01 5.810080982800953642e-01 7.291099108085267178e-01
2.915900951305093643e-04 -1.048174398200198887e+01 3.313810244011586859e-01 2.109261820252847919e-01 4.587300951711742458e-01 3.291381681007017335e-01
2.916735765991884774e-04 -1.047895772563700412e+01 2.497541827782845392e-02 5.736788252271579625e-01 7.670344592261573169e-01 7.454609129536841072e-01
2.915472229462779947e-04 -1.047689102175739251e+01 5.091513007431569537e-02 5.125964619540791523e-01 4.261521454671191034e-01 3.490971664032088695e-01
2.920266629573592832e-04 -1.047274790464564731e+01 9.001552531321965755e-02 5.377259370855077547e-01 4.972527405316539140e-01 5.464594358385476136e-01
2.932108810306487926e-04 -1.046620093362776593e+01 2.979368175818650211e-01 9.416740682504715076e-02 3.695375966502466580e-01 3.910058913679719805e-01
2.932269648574133136e-04 -1.046364608100568105e+01 6.740558733882752174e-01 7.333504122718017548e-01 7.454250087539238123e-02 5.118799255593829978e-01
2.925679030239835307e-04 -1.046339622742260467e+01 6.689426081543390357e-01 4.467580970732017986e-01 3.199894663413653806e-01 3.676163415175188742e-01
2.939459989001466178e-04 -1.045619694098552088e+01 9.189415582461966103e-01 9.632529327364368621e-01 9.784763712940902636e-02 8.339956579792168201e-01
2.949571197257153869e-04 -1.045026302533058526e+01 2.652076184879609277e-01 5.781384691354807259e-01 7.490541566065227475e-01 6.632146786891708334e-01
2.947040014998773870e-04 -1.044862154637690743e+01 6.537902195914396808e-01 2.842392484305727995e-01 2.677238704674442804e-01 3.556455367243238630e-01
2.945077118889041670e-04 -1.044678782511432402e+01 1.498677827539931506e-01 5.802242248479915210e-01 6.463795553342104316e-01 8.723927185571014320e-01
2.946982827632913817e-04 -1.044364095158363348e+01 7.952176286457232068e-01 8.542678916718001725e-01 6.804896358597467554e-02 6.720558486816414767e-01
2.950020547575091744e-04 -1.044011069264783309e+01 6.372908218625068510e-01 6.338526214365187705e-01 2.356556522232502449e-01 3.652559742212271310e-01
2.942859699931004683e-04 -1.044004103260655825e+01 2.779912893190688017e-01 1.944905772486354989e-01 3.652914270452676249e-01 3.063373140189753485e-01
2.935789453581296826e-04 -1.043994643206962714e+01 6.658339844633139881e-01 3.840233339468683837e-01 2.383576120845132262e-01 4.011980954389057219e-01
2.935476983153926123e-04 -1.043755287262415798e+01 6.572591003203981375e-01 4.272875463392893369e-01 3.380602776619655581e-01 3.234248259295514627e-01
2.932689371037931758e-04 -1.043600295214046092e+01 1.923091288052052317e-01 5.461876306337057896e-01 5.073943403632199534e-01 4.057392793403584719e-01
2.934445755375599571e-04 -1.043290423254314625e+01 2.738908264574657636e-01 1.537082438615602342e-01 3.615042957371975563e-01 3.195161966524198149e-01
2.938741509340157322e-04 -1.042894139659497199e+01 6.664800924612804822e-01 6.293506151889607381e-01 2.484926985558744139e-01 4.646324354622406450e-01
2.937905285241627397e-04 -1.042672598885766888e+01 3.278565523196593223e-01 1.828785819507773303e-01 4.406223176746624226e-01 2.904568711418912819e-01
2.932423640946365834e-04 -1.042609356594148906e+01 6.477118279515899912e-01 7.229549570230230371e-01 1.419146727707866207e-01 8.110018646156891275e-01
2.925201669536769554e-04 -1.042605940309772095e+01 4.569893767287724895e-02 5.297787405178930875e-01 5.414161587099890482e-01 4.657951758421028376e-01
2.920134465997590027e-04 -1.042529316303589937e+01 8.615892780122612615e-01 9.186328188773142944e-01 1.220052631159784795e-01 8.272237119515353232e-01
2.929879143952979562e-04 -1.041946165387435208e+01 5.432919844594363834e-02 5.602207540227547300e-01 7.119142714927105819e-01 5.353232752898076097e-01
2.932498564313073121e-04 -1.041606801628743106e+01 2.426346804866852391e-02 5.250513869887025731e-01 4.894585747827935318e-01 4.898774858866771220e-01
2.932393889268268767e-04 -1.041360371175691668e+01 6.449733018796574013e-01 4.556496335488207094e-01 2.672418111733803059e-01 3.679658495902015103e-01
2.930121208678068039e-04 -1.041187903793214176e+01 6.806043675557729156e-01 6.945752780012492966e-01 9.844746149807714897e-02 5.421920995729540005e-01
2.938598922987069209e-04 -1.040648991730080652e+01 9.205115223082716014e-01 9.630293005289001229e-01 1.448227029970182711e-01 5.946427619425291855e-01
2.931930596673970233e-04 -1.040626171549507184e+01 4.594154259862270884e-02 5.407932757695016468e-01 4.689902970116260894e-01 5.644140316022766557e-01
2.934272717450968240e-04 -1.040296320212073233e+01 1.202574125550008866e-01 5.406661043809083411e-01 4.805460787204167694e-01 4.312101564478284521e-01
2.931906643691434972e-04 -1.040126988522473539e+01 2.999466018858889527e-01 7.788730980889835287e-02 4.806836705639671026e-01 2.830106299110232149e-01
2.926766514107271861e-04 -1.040052459342046376e+01 6.684768375100257343e-01 6.437238309544481840e-01 3.448837190007260078e-01 3.453329641512775661e-01
2.968388489246002191e-04 -1.038390361891244495e+01 6.704583840985779419e-01 3.943167594087144678e-01 2.546944727575415346e-01 3.813099985685283189e-01
2.970302447509853144e-04 -1.038075904644672676e+01 6.608559435471831334e-01 4.439833663754401138e-01 3.206134447899312567e-01 3.654181094726998147e-01
2.966027146705693370e-04 -1.037969943194940825e+01 9.043910700061175145e-01 9.520281612832356410e-01 6.179708261797445257e-02 8.723704126393201363e-01
2.960844192607324748e-04 -1.037894840037569111e+01 2.333353007153956549e-01 5.689938212876379797e-01 6.571988514504737422e-01 6.130577115770036167e-01
2.955592337321995364e-04 -1.037822374492242083e+01 6.535467162941878128e-01 7.346335800757145540e-01 1.170498907739629946e-01 9.355225310565319363e-01
2.950497287434961850e-04 -1.037744910009807420e+01 3.212432784225326410e-01 4.670851826888781089e-01 4.842530798432689298e-01 3.639172718126154615e-01
2.950104868456858453e-04 -1.037508210990565338e+01 8.862706679330012438e-02 5.771972582317971279e-01 7.303656030961439560e-01 7.369578277790423959e-01
2.947998394002438599e-04 -1.037329639870334042e+01 1.387733191096541807e-01 5.495709192171861490e-01 5.205982108526482355e-01 5.918547421589287483e-01
2.963683922868278376e-04 -1.036548976521586418e+01 6.740092302713855954e-01 3.592865027512226472e-01 2.901137205823663967e-01 3.287413876359531750e-01
2.963105135117318216e-04 -1.036318507763449226e+01 2.419010297764677686e-01 5.321175155727848605e-01 3.988336489173938126e-01 4.386645808410969405e-01
2.959499019530099960e-04 -1.036190282440218979e+01 3.053119412830430646e-01 1.036380702864958536e-01 4.066049908659864487e-01 3.906746326737929875e-01
2.956409659480834103e-04 -1.036044724901985070e+01 3.969657205817722634e-02 5.604551543120168677e-01 7.169567411953162717e-01 5.732054795338291653e-01
2.952932672876635938e-04 -1.035912402532079746e+01 2.805953902949072098e-01 5.775277530764456602e-01 6.550440832604276231e-01 8.360379574310594641e-01
2.971475696489953933e-04 -1.035036413133312472e+01 2.934954073535955832e-01 5.971995910182288370e-01 7.476699467433808310e-01 8.627634156484956796e-01
2.965425964479818867e-04 -1.034990214188124291e+01 3.113683192329328442e-01 4.117727516151166167e-01 4.873653034868055123e-01 2.645631116645278391e-01
2.963692398406092272e-04 -1.034798690542179855e+01 1.596683881765461610e-01 5.313961614299911318e-01 4.362210952911182993e-01 4.586734825610697674e-01
2.958776394578745638e-04 -1.034714702559405275e+01 2.949090024788688646e-01 4.546033950011797442e-01 5.122429404752705251e-01 2.840494770700843219e-01
2.966290327341703772e-04 -1.034211070418413136e+01 6.715146286302610124e-01 3.687864171696857429e-01 2.710164023556919100e-01 3.893458730801114820e-01
2.987532891843102507e-04 -1.033247490123600087e+01 2.793753903113820325e-01 4.314067305788052975e-01 3.562831887671840114e-01 3.305832408027593594e-01
2.998105524581845234e-04 -1.032644223086785829e+01 6.817428910970204647e-01 6.897734649115091488e-01 2.037718727621600223e-01 3.517508408004462739e-01
2.998853259503044054e-04 -1.032369285949413396e+01 6.464546794643095673e-01 3.876673654945825831e-01 2.759513668144488729e-01 3.782260580648614257e-01
2.998379408458745794e-04 -1.032135088272635137e+01 3.343283900748204029e-01 3.522284277276463982e-01 4.040536803130823085e-01 3.277221745585068291e-01
3.003613053953101890e-04 -1.031710691291845450e+01 1.238029156679094633e-01 5.577371976078092652e-01 6.285045936166829827e-01 4.752848135143969976e-01
3.005565274136540372e-04 -1.031395716676497898e+01 1.610449748392361879e-01 5.438918136374943924e-01 4.887741366547716515e-01 5.324109006448894954e-01
3.003051709225059178e-04 -1.031229382021287222e+01 9.614848694303319565e-01 9.999584297196884020e-01 1.323092279134125970e-01 8.198622950029417211e-01
3.033196514060765140e-04 -1.029980580967225023e+01 5.100160283411481199e-02 5.715391721137582648e-01 7.215585128473871457e-01 7.933878850780522463e-01
3.026720152827176149e-04 -1.029944325282709450e+01 2.184179430294244106e-01 5.611813246800851918e-01 6.407898808464128626e-01 4.603420674092700837e-01
3.020820532155829401e-04 -1.029889433438245128e+01 2.908177611591160616e-01 5.113333330280978029e-02 3.510748748451140155e-01 3.101964571720244868e-01
3.013711843498554071e-04 -1.029875033862700917e+01 2.304415359418117148e-01 5.795153570021071010e-01 6.875414608664094374e-01 7.492467766451315070e-01
3.031987176138008135e-04 -1.029020458998972920e+01 6.551564731557075749e-01 7.200656631572969202e-01 1.016210654781612988e-01 5.458936890426415722e-01
3.030175668029105852e-04 -1.028830223416703049e+01 2.819180254584051637e-01 1.901351305129901359e-01 3.653268645817608906e-01 3.221763209294539188e-01
3.035923548655817877e-04 -1.028390715064082528e+01 3.167981869716669507e-01 5.516495744751714891e-02 3.450654827418533355e-01 3.917325235298496633e-01
3.038407638001239426e-04 -1.028058925335878016e+01 2.907873132580326425e-01 3.667423730982838359e-01 3.608882880722537045e-01 3.611789643804212968e-01
3.032591993793715243e-04 -1.028000513092067791e+01 8.682026949586190145e-01 9.198003818952478206e-01 1.364602910485885889e-01 7.555930558265230301e-01
3.027880573576819333e-04 -1.027905993415215846e+01 6.525179009473500713e-01 7.052979311437461707e-01 1.882475730808697012e-01 6.726598844132275490e-01
3.031975956516594025e-04 -1.027520829041506900e+01 7.316757040823383962e-01 8.124209624868579116e-01 5.686555796696524112e-03 9.992337485062050551e-01
3.025148072261778665e-04 -1.027496278846213507e+01 2.635336920674973271e-01 5.894502610879204241e-01 7.724186478183787674e-01 8.648066303189541060e-01
3.023956795108296647e-04 -1.027285665737166553e+01 2.873983451700579117e-01 2.812468476648932736e-01 3.809687740764529096e-01 3.062770755589019345e-01
3.031881246272118960e-04 -1.026773952803868362e+01 3.099782551213036141e-01 1.971702477358989181e-01 4.367909681303284164e-01 3.752771822065462670e-01
3.051803692581008236e-04 -1.025869003781199140e+01 3.150556803833184372e-01 5.012158555818111427e-01 3.991334775795294387e-01 3.422669816593320036e-01
3.044528277345180038e-04 -1.025857685622203164e+01 1.159683954282453300e-01 5.629506707550351319e-01 6.484058239341826679e-01 6.527673741176952538e-01
3.052263659857787598e-04 -1.025353932935774104e+01 2.974645180971898784e-01 4.118729610249937112e-01 4.817914631329168751e-01 2.615717548381427671e-01
3.049161920766811857e-04 -1.025205605547107091e+01 3.247458991778423565e-01 3.274749414264063185e-01 4.737880087798239659e-01 3.139473409832680417e-01
3.043606692022140354e-04 -1.025137960421783667e+01 2.971610445296808400e-01 5.661753243048218698e-01 5.751584330239675191e-01 6.951137733739408686e-01
3.039172357308552569e-04 -1.025033760078918910e+01 6.688066837914415919e-01 3.925835128945991404e-01 2.437781309248743256e-01 3.782043749989340009e-01
3.036581701114210419e-04 -1.024869038591723047e+01 6.743056943392676805e-01 5.568933215311586693e-01 2.859184327378273549e-01 3.770038666428600083e-01
3.029156280150722470e-04 -1.024863870290539580e+01 6.458671228375871820e-01 6.607249260836578486e-01 1.824622578008069373e-01 3.855017373641580480e-01
3.028512157020527679e-04 -1.024635136661893853e+01 1.701171223260600218e-02 5.406078731983104957e-01 5.775226749024966466e-01 5.573623845978792346e-01
3.021881331701921055e-04 -1.024604323330848565e+01 2.992502597700235079e-01 1.753390474024484336e-01 4.050231467006133457e-01 2.688283297391933502e-01
3.016097881117896879e-04 -1.024545892468431951e+01 6.428635375287302667e-01 7.046006148411098069e-01 1.737097275341029645e-01 6.890784153935629597e-01
3.011433503300880998e-04 -1.024450661591995448e+01 1.035601705777947634e-01 5.322316499011215951e-01 5.565841768801413902e-01 3.900212523439292589e-01
3.014448039376293000e-04 -1.024100608635244214e+01 3.010910669586432942e-01 5.955247684438824685e-02 3.580606754691371130e-01 2.950177693624570496e-01
3.012059472624197898e-04 -1.023929877328509797e+01 3.310646824882900185e-01 4.699355219252576710e-02 3.853426586222479244e-01 3.850762741672564271e-01
3.024529534701807221e-04 -1.023266727458595504e+01 6.324400666086915646e-02 5.462400434083661827e-01 5.647768190707127545e-01 5.990089925508471635e-01
3.022508156011772000e-04 -1.023083582631944921e+01 2.993935713693617329e-01 3.201239079394097020e-01 3.612682750580783475e-01 3.911302031190627693e-01
3.034844173151464387e-04 -1.022426274833955695e+01 3.234098252228108650e-01 4.899257828897833345e-01 5.034897840979275507e-01 3.187686308140360580e-01
3.042765174601683815e-04 -1.021915612936097162e+01 8.776412325641097523e-01 9.324299987079025520e-01 4.436121696066297471e-02 9.204257087699151407e-01
3.078262166513167633e-04 -1.020505762215963230e+01 2.746443472528716789e-01 4.142781885988292556e-01 4.042363039325794771e-01 3.019092112098611391e-01
3.070960852381619897e-04 -1.020493233439247227e+01 5.846246394705101324e-03 5.463228002378615056e-01 6.364481125476992851e-01 4.200589240185690354e-01
3.067263435376366555e-04 -1.020363705330762016e+01 7.603259424680031131e-02 5.073340874944908263e-01 4.392325041480192871e-01 3.576995668190597888e-01
3.064432420654439088e-04 -1.020206045687803886e+01 6.841035969941109407e-01 7.248239097072582959e-01 1.490950886673757525e-01 6.971627969504698985e-01
3.073387871975506247e-04 -1.019664233374992968e+01 6.902949715915357443e-01 7.410249896489337074e-01 6.607079505361879157e-03 6.659990653702781982e-01
3.070799483542094852e-04 -1.019498488246687806e+01 8.706037468729290740e-01 9.084331303345403175e-01 1.510897234697903269e-01 6.060526704838942180e-01
3.074907755753452103e-04 -1.019114792557539673e+01 3.202417205483254481e-01 4.756354334541219586e-01 4.278188207781443708e-01 2.994953652248534270e-01
3.094878925056998250e-04 -1.018217404241283752e+01 2.733595228972194313e-01 4.695434030948035797e-01 4.522764385595611225e-01 2.993469043411733921e-01
3.136040604583412834e-04 -1.016646177796050488e+01 2.689370539232855961e-01 5.616788334680826722e-01 6.302568216947654900e-01 5.819256240071238873e-01
3.130416608475133358e-04 -1.016575673081090869e+01 2.036907538771434156e-01 5.747895747662251642e-01 5.951980629484427965e-01 7.613369690968786463e-01
3.138150420271259232e-04 -1.016078924001609174e+01 7.677874317886412836e-02 5.634895880419085179e-01 6.285569054889805773e-01 7.537067631467114781e-01
3.142242013627464560e-04 -1.015698626604491217e+01 3.251636933565270615e-01 1.178216319643383692e-01 4.396258973182748386e-01 3.631015413085233456e-01
3.149847528571058449e-04 -1.015206878021714942e+01 6.518515439438503645e-01 3.707267791619389685e-01 3.181073630342577951e-01 3.244551008788297830e-01
3.152882184278949602e-04 -1.014860581461949707e+01 8.132855033441566128e-02 5.751625122271085688e-01 6.831767188673002478e-01 7.348280627984470348e-01
3.160178635106805829e-04 -1.014379427215681595e+01 1.230165084588675795e-01 5.780622294130504102e-01 6.539743703789787643e-01 8.314800568754545651e-01
3.158131115141781745e-04 -1.014194239487242477e+01 2.971520901657905833e-01 4.415735776129369183e-01 4.758227321289827394e-01 3.392919084036076782e-01
3.176461743531819445e-04 -1.013365491019446551e+01 6.863351972849841554e-01 6.369982570233909680e-01 2.800266649228482230e-01 3.552956669827262992e-01
3.175872105497910152e-04 -1.013134055473066830e+01 2.326988036259021175e-01 5.249924735781134055e-01 4.534354571686685098e-01 3.381945967609275572e-01
3.179294261689536946e-04 -1.012776358637935559e+01 1.865085060549763196e-01 5.607049075774361846e-01 6.013194444651446258e-01 4.782595735362916156e-01
3.172033470039941207e-04 -1.012754997282303826e+01 2.535628091385185856e-01 5.601841028481870932e-01 5.321473478405639446e-01 6.263033852603271390e-01
3.199349408487618717e-04 -1.011647534896714795e+01 3.213398121836580357e-01 1.396104477446392655e-01 4.105029076900355012e-01 3.890587505121348988e-01
3.193007236070659316e-04 -1.011595964829542282e+01 2.466897772229740271e-01 5.802202788894357255e-01 5.843413472518782514e-01 6.787956954328961956e-01
3.191662806558298073e-04 -1.011388079129052286e+01 3.330498705305329210e-03 5.753259386364040218e-01 7.672605468508375548e-01 8.136558717320182543e-01
3.190201829525504532e-04 -1.011183864401589894e+01 9.147334542819217651e-01 9.659139755408001626e-01 1.472154271246683965e-01 6.866765219610789783e-01
3.190136285862397439e-04 -1.010935918952992196e+01 9.348994975947515496e-01 9.645792352485236254e-01 1.304241515195856405e-01 6.426422160985368892e-01
3.184227758633819045e-04 -1.010871303059689019e+01 9.527712172748324937e-01 9.811191100092965245e-01 1.325320497095553440e-01 6.622370829168988671e-01
3.189047674072162863e-04 -1.010470049080220001e+01 2.713672254121280991e-01 5.398729309334363569e-01 5.116565819738807530e-01 4.890683363407979378e-01
3.190445285285746285e-04 -1.010176233333581131e+01 3.060772316332373011e-01 1.043207851707126377e-01 3.525847636652694739e-01 3.056569016246029058e-01
3.197556115215914661e-04 -1.009703602422240110e+01 8.770894976780684305e-01 9.237237185305211540e-01 7.595443762110920538e-02 7.528345929605381182e-01
3.194946674765750160e-04 -1.009535243077890598e+01 7.955241616357922041e-02 5.745793672745290737e-01 6.994916520403374749e-01 7.101060007859382184e-01
3.186993598064740904e-04 -1.009534480158715475e+01 2.378439073521709801e-01 5.708207755509245862e-01 6.988067651846553430e-01 5.595428145525469521e-01
3.183754130355900781e-04 -1.009386178362007414e+01 8.503385359653115039e-01 9.138738411298689135e-01 1.216613817362060812e-01 7.598393009473837223e-01
3.186038203453674675e-04 -1.009064462579891774e+01 2.093042139512684141e-01 5.527354621335253126e-01 5.238887690073229519e-01 5.469039012529048893e-01
3.182306366343814639e-04 -1.008931662191065826e+01 3.263903507212051469e-01 7.587271162907205380e-02 4.152660592691960195e-01 3.797348387693916250e-01
3.178658502440325894e-04 -1.008796357504705732e+01 9.735694714706122355e-02 5.488158120118020733e-01 5.069710755132610380e-01 5.136793046177086097e-01
3.174199374979867847e-04 -1.008686739307000124e+01 3.026900284530786855e-02 5.762410746912300930e-01 6.762251360114851506e-01 9.746116311464125825e-01
3.184472516795272307e-04 -1.008113616776742560e+01 2.969286857421107317e-01 7.364797803725386949e-02 3.502378193104160875e-01 3.086751139839226665e-01
3.179037929467874637e-04 -1.008034421513987766e+01 2.996937192750408485e-01 5.690747705289735947e-01 6.160133637364569870e-01 5.037968198013704768e-01
3.186017673999069202e-04 -1.007565106938792532e+01 1.534634656710174294e-01 5.694189057229210871e-01 6.083567086243329980e-01 7.335377952871209306e-01
3.186115728614139614e-04 -1.007312029331689907e+01 3.310558354001866821e-01 1.586506161871266141e-01 4.440986289038070245e-01 3.130134024154204164e-01
3.188275790613057841e-04 -1.006994256209342886e+01 4.135871819342484823e-02 5.415266424295737124e-01 4.988819795218538689e-01 4.701218989904472068e-01
3.181347078971909800e-04 -1.006961811142054763e+01 9.026880201877629517e-02 5.784854242350637721e-01 6.669016924490744902e-01 8.963767627574997787e-01
3.183369068090760264e-04 -1.006648273691518014e+01 2.210436355709977096e-01 5.510921810095172901e-01 5.913201673666275138e-01 4.265283884032912143e-01
3.181283753717500007e-04 -1.006463801678864733e+01 2.679879667685326483e-01 5.458048153625031373e-01 5.628334684023308387e-01 3.326141374843101239e-01
3.177385073747033672e-04 -1.006336427359327068e+01 2.632146903064264132e-01 4.643650925407621921e-01 4.066536688620548956e-01 3.022765289493377638e-01
3.205514728933820875e-04 -1.005205014892598925e+01 2.385990585589047308e-01 5.621292376459062767e-01 5.697612313025680608e-01 6.231962152996378679e-01
3.207929478171319911e-04 -1.004879712160599325e+01 2.883945335421700396e-01 2.171395038415381284e-01 4.026053133103729698e-01 3.122480689879261195e-01
3.236062285480084178e-04 -1.003756558156776890e+01 6.624672133654868622e-01 3.458202273749787503e-01 3.207490701708294312e-01 3.462204077038113503e-01
3.230012963252132342e-04 -1.003693667763768538e+01 2.892554968542807581e-01 5.336978024250988994e-01 4.291073713959971947e-01 5.201704117183060250e-01
3.228387988254069604e-04 -1.003493989044362600e+01 1.009976348074282937e-01 5.213507176147557098e-01 4.233435520667948593e-01 4.270321598962921739e-01
3.221282000597734652e-04 -1.003464341110247737e+01 1.931518827383338355e-02 5.537110662362028091e-01 6.937915201655201480e-01 5.214782419382492096e-01
3.217749718812575326e-04 -1.003324055809395254e+01 6.537583136436118103e-01 4.533461184317036929e-01 2.727857376437312631e-01 3.868187607101405412e-01
3.224501129609963013e-04 -1.002864457846574453e+01 8.202043059808425962e-01 8.892783887151440858e-01 1.157084293645364026e-01 8.234593583266823780e-01
3.219153064361544836e-04 -1.002780452678557843e+01 8.662225598283871397e-01 9.278220585874921156e-01 1.355203746075794857e-02 8.589391176367846548e-01
3.211490801491072517e-04 -1.002768757478401440e+01 1.776350363507254171e-01 5.575282528948487526e-01 5.407447542679370001e-01 5.018847924560498885e-01
3.220725163199704639e-04 -1.002231628809104613e+01 6.687856245765267937e-01 4.157533725467540409e-01 2.659572048945818556e-01 3.432070502964953418e-01
3.216213338183042327e-04 -1.002121814263869126e+01 9.019622695395675960e-01 9.553774991313190856e-01 7.138357050032295703e-03 8.680883457060071251e-01
3.217314840627568512e-04 -1.001837571701322460e+01 4.113950931639198672e-02 5.456707791333605950e-01 6.185188158096404099e-01 5.367997173414175149e-01
3.216141032372710142e-04 -1.001624062455003461e+01 1.681243234484324223e-01 5.781093717034725410e-01 6.499546647408942501e-01 7.667958407839692292e-01
3.233968182808332750e-04 -1.000821290548845965e+01 3.262767239159609645e-01 4.164050975101650787e-01 4.336095072086585400e-01 3.714765893902434168e-01
3.235791259605666297e-04 -1.000514933682355867e+01 1.029594527889251543e-01 5.715964491643207301e-01 6.998554710974422832e-01 6.591555833406843590e-01
3.231758922055471628e-04 -1.000389628132631969e+01 2.599899663437141850e-01 6.099074163781311730e-01 8.979350065967461880e-01 9.708067573524723493e-01
3.238860188737355370e-04 -9.999201353944171089e+00 9.498476108415263575e-01 9.948324572848076253e-01 1.531051561757018620e-01 7.838800358736532914e-01
3.241286128843484942e-04 -9.995952623869087006e+00 3.204687679520962229e-02 5.524830461652286973e-01 5.614398441852821442e-01 6.874674440228039085e-01
3.270152121608447182e-04 -9.984586324058261297e+00 2.737072917304561592e-02 5.820355614475620776e-01 7.528149316398816682e-01 9.736956910675684806e-01
3.274161261807620438e-04 -9.980861095232615554e+00 1.713593397618667913e-01 5.769809719210735599e-01 6.378961193946909303e-01 7.359208414695035394e-01
3.266360343293312559e-04 -9.980746508104667569e+00 1.357096658673542233e-01 5.524853576596256977e-01 5.666953863302821581e-01 5.792103024099322095e-01
3.260760922143901628e-04 -9.979962248412014958e+00 2.656172885661064464e-01 4.724013103871244068e-01 4.101911183932341887e-01 3.337706067144031730e-01
3.263951599736748181e-04 -9.976484219775047180e+00 2.124859824676678111e-01 5.914948259394319230e-01 7.070437369329165556e-01 9.119493646664768027e-01
3.264241485587587367e-04 -9.973895409334783579e+00 6.885550461177848414e-01 6.850460040924615246e-01 2.921039829268653465e-01 3.954352240788086004e-01
3.261312348474376785e-04 -9.972293153000508781e+00 8.551577869496918005e-02 5.553053997281163223e-01 5.390355293432271822e-01 6.620720696794744065e-01
3.257863431196811061e-04 -9.970851236941143725e+00 3.141136553666518116e-01 2.170270234619996463e-01 3.453973244494688011e-01 3.821086525315274818e-01
3.256316165446649855e-04 -9.968826282418875806e+00 1.543932909711299706e-01 5.476381696403023192e-01 5.780792350116209510e-01 4.284405069941098487e-01
3.257099053344121825e-04 -9.966085889974987566e+00 9.579897855617047764e-02 5.561379705754512237e-01 6.546864553530103992e-01 5.425165063216284000e-01
3.252181391723892186e-04 -9.965096859612058822e+00 6.511593026416424568e-01 5.339135925112423742e-01 2.569265043565114315e-01 3.705925382235046861e-01
3.285121469640780480e-04 -9.952519199942399197e+00 2.752545687512073513e-01 4.610726273705394451e-01 4.276609875768010438e-01 2.927452071847078674e-01
3.280919650754337657e-04 -9.951299063830841618e+00 6.899638225063490227e-01 7.021264177858707045e-01 1.790786058883384602e-01 4.007193100163796151e-01
3.301472652981654707e-04 -9.942554200846913659e+00 2.013765218774645760e-01 5.495155446392230303e-01 5.603811359852379770e-01 4.687535442666206364e-01
3.317766166307343644e-04 -9.935131113259643598e+00 1.814654278814069599e-01 5.753534249366606401e-01 6.501261923060478454e-01 7.197569360010565021e-01
3.330856355145708726e-04 -9.928693393616082830e+00 1.687786321432991343e-01 5.734437659922260178e-01 6.310544998758862434e-01 6.648914399984652279e-01
3.323264327396879716e-04 -9.928475297238030350e+00 6.512860540561931089e-01 6.650811548005610696e-01 3.143758478178455551e-01 3.849557270731880365e-01
3.321710469999155442e-04 -9.926442976190450906e+00 3.139736777223921527e-01 2.669130327741631170e-02 4.503477080768581997e-01 2.766732803876683633e-01
3.314331632647313881e-04 -9.926166844055892113e+00 2.886957852343556841e-01 4.396470765602956687e-01 4.412713555138608745e-01 2.954094777815245987e-01
3.309778571651952536e-04 -9.925041537885540777e+00 2.653635796157329807e-01 5.961931257867484346e-01 6.469150365940911085e-01 9.486071211986661922e-01
3.305675290940783182e-04 -9.923782051786053771e+00 2.908122255708017745e-01 1.555729052580420158e-01 3.529592063160373883e-01 3.335123024797378433e-01
3.315262363975005435e-04 -9.918386063261687369e+00 1.934976878617002960e-01 5.332258222140864312e-01 4.483843224027527219e-01 4.192568710150529343e-01
3.307391687303140961e-04 -9.918262959387156741e+00 2.985850244232016726e-01 5.093789755981682488e-01 5.185471806918793281e-01 2.615915633773060467e-01
3.300151739152858360e-04 -9.917954379278148380e+00 6.651864002022974676e-01 4.044831158479935684e-01 2.625870968011465578e-01 3.462615374100500576e-01
3.297805425986800204e-04 -9.916165603436239095e+00 6.782461665532614203e-01 6.269443241277323775e-01 2.435972711387045520e-01 3.655855726175444298e-01
3.295155375391785389e-04 -9.914469506513349017e+00 6.667289790932781068e-01 3.940392858367758322e-01 2.512003777088327450e-01 3.742917661675408958e-01
3.328958549284762015e-04 -9.901763321140956364e+00 4.394113263648863343e-02 5.724475308229880488e-01 7.253713496865541455e-01 7.938157543932291560e-01
3.338312321462500679e-04 -9.896457441945136324e+00 6.597714828355752958e-01 5.773063959543316415e-01 3.132948327448532577e-01 3.736334248194277396e-01
3.363542333023184622e-04 -9.886428143846986316e+00 3.294834996180547870e-01 1.137706752847341685e-01 3.769630879235379428e-01 3.603909955795510101e-01
3.359836242852875664e-04 -9.885030592713686559e+00 2.694031315556824069e-01 4.941456308927379970e-01 4.743032790987533609e-01 3.141816684413122340e-01
3.361442124047307658e-04 -9.882052742775822907e+00 9.451595490197539640e-01 9.752700673618388549e-01 1.626936431245535886e-01 5.706381218196954208e-01
3.392106210182238785e-04 -9.870471798851378153e+00 2.677966380983581862e-01 5.502591820667535050e-01 4.700810451486709951e-01 5.463460473229527770e-01
3.406525800298841394e-04 -9.863729883208241844e+00 6.749148140813824304e-01 6.318651848672044435e-01 2.740653682905135335e-01 4.162398581877946313e-01
3.404682176525723096e-04 -9.861771233237316636e+00 3.871579907536959464e-02 5.585257825810946430e-01 6.140335667393779229e-01 5.524316073979268493e-01
3.415547708289317611e-04 -9.856084964991346453e+00 1.789273167285103661e-01 5.538393604621266730e-01 5.052660224269357458e-01 5.563659357547657835e-01
3.411212654837009976e-04 -9.854854982922077511e+00 2.935911185248635258e-01 4.316689540820982662e-01 3.798530311384924474e-01 3.756014520797414935e-01
3.410179035672431533e-04 -9.852658035207996434e+00 5.065342838586617269e-02 5.521463272328653860e-01 5.836827606954686498e-01 4.911372373658254853e-01
3.404653820096619952e-04 -9.851779561928724505e+00 2.835798501077243516e-01 5.721457965212575214e-01 5.339088119098086560e-01 6.199783634078466221e-01
3.406728220379046860e-04 -9.848670463706296729e+00 3.382846629320634957e-02 5.515318485438636120e-01 5.480832787504216208e-01 6.694920303295894826e-01
3.401178718498744369e-04 -9.847800774801704904e+00 4.927913980106501945e-03 5.532340389865411101e-01 6.944557620139834020e-01 5.185771408732329224e-01
3.406677393769754533e-04 -9.843685383296342906e+00 2.600671870349988701e-01 5.690786795119622266e-01 7.270467265706362925e-01 4.361018223279417017e-01
3.421830754537994314e-04 -9.836747112062370846e+00 3.033883555972587409e-01 4.913778769628135423e-01 5.617065016741228378e-01 2.706832808635797338e-01
3.413511245362545101e-04 -9.836681376005207866e+00 9.190999933054913029e-01 9.703140097933297126e-01 2.220327463722948647e-02 8.244334424571283515e-01
3.408894970477417056e-04 -9.835534645055327374e+00 6.701897918338333149e-01 5.976523735611166677e-01 2.429934174068376640e-01 3.650442790182327757e-01
3.401650566172008568e-04 -9.835162053791876247e+00 2.474049787056816774e-01 5.583282501036083145e-01 6.652314956600260398e-01 4.042411857388907848e-01
3.401231361868265282e-04 -9.832785296943445275e+00 2.927749795929979193e-01 5.363604181910857083e-01 6.719439366927444368e-01 3.452788225838602232e-01
3.410191630853825150e-04 -9.827654341807150473e+00 2.077018058279860302e-01 5.417521456953617864e-01 5.281850363225992773e-01 4.009196226224296389e-01
3.413566871667638282e-04 -9.824165080218294932e+00 3.318482930911944573e-01 3.436449265358839655e-01 4.179394707095224204e-01 3.466112083935366517e-01
3.426090734956809079e-04 -9.818002944478124050e+00 3.190067656831634402e-01 3.970274650845768694e-01 4.483934238615573387e-01 3.602767261404147270e-01
3.420459996976763883e-04 -9.817147784185008774e+00 3.159712698979354473e-01 3.101082777851360550e-02 4.307685598454561449e-01 2.786966025138039038e-01
3.413910259636006523e-04 -9.816564490216439509e+00 1.313901433399983221e-01 5.295556548547348807e-01 5.052257368541845928e-01 3.843787316387001773e-01
3.406762596452651295e-04 -9.816160373115570437e+00 3.013750925963041283e-01 3.042907664467509044e-02 4.591674360749845585e-01 2.863723919531984130e-01
3.404510315622738688e-04 -9.814321712322227498e+00 3.272094943979263482e-01 2.154493893628816048e-01 4.565385110339547081e-01 3.186401353899221967e-01
3.422706445754444935e-04 -9.806491231731641278e+00 1.521038821358011717e-03 5.241062731637791128e-01 4.406327998955115177e-01 4.801735277411914860e-01
3.430114889612398779e-04 -9.801829072124217390e+00 5.064761566735553888e-02 5.655969286425753806e-01 6.372600248853784732e-01 6.383621058129951287e-01
3.429757451330793993e-04 -9.799433283475146084e+00 7.621366063771471966e-01 8.317360107906296429e-01 4.577826770733972594e-02 8.585324681672837910e-01
3.424070600761581627e-04 -9.798592750806696117e+00 2.326579622413421644e-01 5.576228159092824210e-01 6.199381888225452553e-01 4.104454100792833682e-01
3.416319951532225860e-04 -9.798358894088135429e+00 2.124312033231856578e-02 5.460183782112026929e-01 6.481945872988648105e-01 4.319558647365092652e-01
3.408794218670797762e-04 -9.798064201054083711e+00 6.451301033047205369e-01 7.047690110535131947e-01 1.718235525805500430e-01 6.866695520838625999e-01
3.401718254708830064e-04 -9.797642155256717444e+00 6.589996004932546780e-01 6.666225636998476256e-01 2.453030842760747232e-01 5.064260898794911148e-01
3.400862437215016625e-04 -9.795393770794140309e+00 3.068133254226806939e-01 4.638716504190427692e-01 3.406056399052318495e-01 3.616378507837473277e-01
3.401460024540232507e-04 -9.792718069824324800e+00 7.951009082465895217e-01 8.634575010244555093e-01 1.095861695359701127e-01 8.414685810303093039e-01
3.399651494385140960e-04 -9.790749903537886212e+00 1.005262252696204617e-01 5.453440068995411005e-01 5.373969445192352534e-01 5.634112141680533981e-01
3.395289139863316252e-04 -9.789533904489761795e+00 6.740349508368504994e-01 7.277290102303650698e-01 3.152293941827655210e-02 5.448066782287250831e-01
3.387641418948244740e-04 -9.789288895629498555e+00 2.851110940781552694e-01 5.600243472542040246e-01 6.709595838605664220e-01 3.506873736607138969e-01
3.390015158881113798e-04 -9.786088435226211857e+00 9.300197627615131024e-01 9.880668347639595117e-01 1.249925253504864386e-01 8.654265226991474380e-01
3.389378083571356615e-04 -9.783776379866344186e+00 9.461666495462275339e-01 9.894346163406776418e-01 1.076202443392823005e-01 6.827770467595182247e-01
3.401404048395740339e-04 -9.777734526464907816e+00 6.597274451413999152e-01 4.810770938523756257e-01 2.582081149639383622e-01 3.638974589373155100e-01
3.396313786101405412e-04 -9.776732165340096259e+00 2.630533304784442583e-01 5.450314422582342999e-01 4.378208710604933884e-01 4.686524770632083392e-01
3.393550353865147423e-04 -9.775046152875599859e+00 1.650165188228577273e-01 5.600272865100078823e-01 6.107368765519093357e-01 5.065828937425906897e-01
3.402773124650622827e-04 -9.769832104176790821e+00 5.615265125181068129e-02 5.647238045169359344e-01 7.016824245841147834e-01 5.836162530206306931e-01
3.399920737529266786e-04 -9.768170709395931794e+00 6.856571826991345597e-01 6.750294578714433058e-01 1.883519675655457304e-01 4.578908228947350390e-01
3.412026436912817852e-04 -9.762116450439551230e+00 5.235951212214862149e-02 5.731629025599765948e-01 7.091366167843127233e-01 8.254197629492792121e-01
3.411414848089681364e-04 -9.759795711548198582e+00 2.913048540191046643e-01 3.496521404831407498e-01 3.588640069661690468e-01 3.282114011995781455e-01
3.406629766486461101e-04 -9.758699363961572004e+00 7.989600063733161006e-01 8.784362845091203686e-01 3.861922240407833495e-02 9.307686073164940233e-01
3.400487612621371164e-04 -9.758003991438942037e+00 2.251447516406310800e-01 5.643459506492215505e-01 5.208209599690852842e-01 5.821928669815261692e-01
3.400187986508977850e-04 -9.755592108011541086e+00 6.725731773170857686e-01 6.201539214051512428e-01 2.406058146184048563e-01 4.169373647457084719e-01
3.418279553851823215e-04 -9.747785458184019092e+00 6.690324469232533655e-01 3.981583600465838924e-01 3.001270592299888351e-01 3.337960458546309628e-01
3.420212496865871854e-04 -9.744720145524100374e+00 6.451971039551948062e-01 5.688487121421964554e-01 2.783292981098631769e-01 3.627083795177362679e-01
3.450245643038561748e-04 -9.733477398865561625e+00 2.270552076443764777e-01 5.703908860768698297e-01 5.994250241029448478e-01 6.883468188554007217e-01
3.447405057402364286e-04 -9.731801037498524209e+00 2.790282296416835006e-02 5.193506985674294363e-01 4.609212742789512429e-01 3.662422314497265630e-01
3.438988873282181513e-04 -9.731745332261548143e+00 1.068218494550013942e-01 5.271834210084597183e-01 5.107084796447011188e-01 3.783337417806008629e-01
3.432083247157796668e-04 -9.731255390758512647e+00 7.916496425789872893e-01 8.462182455770125289e-01 1.111815895187685532e-01 6.487652261895897610e-01
3.444200776426993029e-04 -9.725230945935987137e+00 2.451029661489596556e-01 5.365440871180201521e-01 4.726665194801803471e-01 3.541834702316153383e-01
3.449354937092551088e-04 -9.721235589449381820e+00 6.563258627067106721e-01 4.347371012954129865e-01 2.943616255852349317e-01 3.631126554798538297e-01
3.448615525011713501e-04 -9.718949974850922047e+00 3.133961346140798909e-01 2.368723010836976117e-01 4.331036600084017252e-01 3.691528650848709958e-01
3.447011455143048617e-04 -9.716915217504626057e+00 2.500329779813746933e-01 5.337508113798016263e-01 4.921000744775307911e-01 4.418196122357449518e-01
3.440292929392015238e-04 -9.716366206601961153e+00 2.456165762106832240e-02 5.344192037281964014e-01 5.191994837974521770e-01 4.003859589792958529e-01
3.433421451024823911e-04 -9.715865556669742276e+00 3.123274870021023331e-01 1.889391172673611230e-01 4.723082759211015835e-01 3.191540201741013272e-01
3.430098045439935149e-04 -9.714333982809225887e+00 9.246361268174009274e-01 9.838579986760356277e-01 1.166312428772134924e-01 9.088777880030530776e-01
3.445330649109918947e-04 -9.707402948972687184e+00 2.281412892968092132e-01 5.851228601393471118e-01 7.351606804613867174e-01 6.878629365907775739e-01
3.447360071089923777e-04 -9.704314086909663573e+00 6.375895007758887179e-01 6.915382421051418094e-01 8.565048453324131117e-02 6.645209400967615476e-01
3.439013762926289189e-04 -9.704238094798743219e+00 2.391792088671668148e-01 5.852383424742982898e-01 6.314094408497490374e-01 9.139188190216237517e-01
3.432027414648844161e-04 -9.703771658709797521e+00 3.197012992588335045e-01 1.636404322957225044e-01 4.235481889764654007e-01 2.897354693257808700e-01
3.423750603192996997e-04 -9.703686210480729102e+00 8.491993338674674874e-03 5.742416913801705602e-01 6.725552276783199890e-01 8.810484954256623258e-01
3.422717643969299794e-04 -9.701487959994270938e+00 3.309030764124334389e-01 2.789823104754785010e-02 4.331608063071000769e-01 3.098652025145943734e-01
3.420962305379231282e-04 -9.699500940917266334e+00 9.409536865027364749e-01 9.823449340296923626e-01 8.336483589794141391e-02 8.161229063054825650e-01
3.412734450553497347e-04 -9.699408966644902819e+00 6.425872349284871277e-01 6.884599102003319260e-01 1.877775656357727474e-01 4.592681474904337646e-01
3.415051493724930842e-04 -9.696230256656249935e+00 6.869285909137656798e-02 5.276256627920918874e-01 4.414112554276581335e-01 4.576375663018387163e-01
3.410476839994930885e-04 -9.695070710959949878e+00 2.719097457973844723e-01 5.344845632111401290e-01 4.454286705859308304e-01 4.730388284321854764e-01
3.417653599613440485e-04 -9.690468594626713283e+00 6.581027142326870694e-01 6.917062095551345102e-01 1.299565754543237084e-01 6.609810468337367073e-01
3.411966125830690594e-04 -9.689634126625897181e+00 9.550435725055484992e-01 9.963165121055415074e-01 7.359709163550387512e-02 8.622393132208435729e-01
3.410902871221049024e-04 -9.687445800386219830e+00 6.646712046701238608e-01 3.398381882900627926e-01 2.920793156647161215e-01 3.627864535779259936e-01
3.407862043106056377e-04 -9.685837700416440654e+00 8.327997046674862069e-02 5.521059464102761050e-01 5.289715730031298024e-01 5.583878230755900951e-01
3.399785510036585560e-04 -9.685710483906103008e+00 6.616410804972607806e-01 4.375209164810408557e-01 2.967362897922436460e-01 3.330646734090679795e-01
3.405314895610691834e-04 -9.681585412573905813e+00 3.283389150253628319e-01 3.178820828483830407e-02 3.781493414069717618e-01 3.709458934758913529e-01
3.403679707740450830e-04 -9.679565714879002414e+00 3.099493763527747525e-01 1.027304553010196519e-01 4.733489889753111357e-01 3.074669455291426656e-01
3.400221041024760883e-04 -9.678082386679871973e+00 6.926424346467895399e-01 7.296520269679642734e-01 1.469177689788006003e-01 5.726674015168560228e-01
3.401366541969169047e-04 -9.675245553274065102e+00 3.251415611061981847e-01 4.629264093137076541e-01 4.632706809665084746e-01 3.122793424195207113e-01
3.398517773367914076e-04 -9.673583440695615820e+00 6.513689985405182181e-01 7.070810065371092579e-01 1.784436115210382146e-01 4.815434758719645547e-01
3.436156927984549119e-04 -9.660069153469017067e+00 6.556392563921535910e-01 7.107779086566196058e-01 1.419532276940282944e-02 6.884231765150057303e-01
3.486091103318161074e-04 -9.643141747442861345e+00 7.470516790413328501e-03 5.624710925847201670e-01 6.072671970164761346e-01 7.816599468742206902e-01
3.492502445233520384e-04 -9.638804315967716363e+00 1.288298884123562082e-01 5.453159420486075604e-01 4.892403366636606243e-01 5.125442142730567419e-01
3.498770634805899908e-04 -9.634511168659592784e+00 2.250051229783499585e-01 5.567012244884796957e-01 4.941122875923792401e-01 5.321424987404257401e-01
3.497516179167949675e-04 -9.632369774784452332e+00 2.282475846271641018e-01 5.790372469518756393e-01 6.437475074133730546e-01 6.166852854767440606e-01
3.490889515958319205e-04 -9.631766248883080195e+00 2.766285935308963051e-01 5.286055222139282028e-01 5.429858959568993892e-01 2.963133200763033992e-01
3.484015638726585540e-04 -9.631237280547221502e+00 8.876654666373356983e-01 9.319537246654502338e-01 1.419753092062950861e-01 6.634155795282320467e-01
3.498347338707436189e-04 -9.624632160216567200e+00 6.748045122143189190e-01 7.449087204301947374e-01 7.357497014789793344e-02 5.946847214473292009e-01
3.532253494827993965e-04 -9.612486777185988984e+00 2.786272738589354869e-01 5.793093150615618026e-01 6.848580487083270052e-01 8.165898890292178081e-01
3.535015398863295875e-04 -9.609205172801763339e+00 1.033413150172135531e-02 5.553787622921709799e-01 5.725002586105378821e-01 7.068673850604392239e-01
3.531694584169400614e-04 -9.607645020325238150e+00 1.939845200463286012e-01 5.710537949768142996e-01 5.926669967944716566e-01 6.610514177509269063e-01
3.583302237900440790e-04 -9.590638040182211554e+00 1.951787655374283004e-01 5.602382893280967169e-01 5.769793306882888828e-01 5.702342309321990488e-01
3.601937300898649464e-04 -9.582950988399257852e+00 3.218724578294324123e-01 2.258838995525663806e-01 4.313530012157602567e-01 3.627003568219798746e-01
3.603310705621736473e-04 -9.580069764952549249e+00 3.141969771559257607e-01 4.944770739154011885e-01 4.162868763654191673e-01 3.207107611957394910e-01
3.601327329807122455e-04 -9.578120348022775232e+00 3.112352687140572671e-01 1.929707544935513885e-01 3.488958797435736114e-01 3.377727060570127060e-01
3.593240627927624217e-04 -9.577868351052984508e+00 1.909302363322378238e-01 5.652353763829186528e-01 6.198726680521269294e-01 5.529796546891666553e-01
3.599704942681309109e-04 -9.573570946518065838e+00 3.607076812390763720e-02 5.704779585916744944e-01 6.903214090807988645e-01 6.964279745028820745e-01
3.615416186743582172e-04 -9.566715851540955384e+00 1.429212060729491141e-01 5.575862528153351372e-01 5.971154124475757108e-01 5.758379566339405509e-01
3.610199748896243438e-04 -9.565659725336642438e+00 2.915695187736455640e-01 5.504117651741040618e-01 5.787366665769143603e-01 3.440269096528312254e-01
3.602141834221208390e-04 -9.565394205757424828e+00 8.497733430165389512e-01 9.069187938919800462e-01 7.080757638886664429e-02 7.944870761954250238e-01
3.653679724989702016e-04 -9.548688024663405827e+00 6.914189722194783450e-01 7.355332921081205733e-01 1.026228943364774215e-01 5.669935440842189811e-01
3.656004138812908892e-04 -9.545552042603205223e+00 3.262186087969254356e-01 1.167298794564186615e-01 4.342926023348172571e-01 3.085121715729659542e-01
3.647805512958828466e-04 -9.545297070797666095e+00 3.207575489828169424e-01 4.995390206985240722e-01 4.411551670756181931e-01 3.490538748800627866e-01
3.644368504034171106e-04 -9.543739727725810695e+00 6.686447300124133131e-01 7.541305449557000884e-01 1.150226710026920340e-01 9.710503629157639649e-01
3.640164125079555749e-04 -9.542394058315164074e+00 3.102912331435127569e-01 1.283200131543552613e-01 3.587005367606364570e-01 3.880559705563615402e-01
3.640264527173265045e-04 -9.539866476946398777e+00 6.652621410172312455e-01 5.929207797275897196e-01 2.823572141949477476e-01 3.993097515141140752e-01
3.639358014056698711e-04 -9.537615531925858647e+00 6.633782741848474052e-01 6.896445477839479032e-01 2.099865033557600791e-01 5.777006423797989010e-01
3.631788610264934016e-04 -9.537197571229214077e+00 6.799775103093592676e-01 7.189333712399875731e-01 1.381082561460288405e-01 4.329260904172120838e-01
3.638775554555843863e-04 -9.532775589307773245e+00 2.936999351949262649e-01 1.023369935165222566e-01 4.058967588427815354e-01 2.869673195455125225e-01
3.631639658707828283e-04 -9.532238585348606463e+00 7.742424025687328903e-01 8.434656433438412204e-01 8.491718900181188801e-02 7.802163908878199106e-01
3.623507183032396409e-04 -9.531980436343195251e+00 1.836514838459326615e-01 5.442959257383795935e-01 5.209672105986216106e-01 4.283894196273381194e-01
3.631276633998993942e-04 -9.527338551999607219e+00 3.009118434580807522e-01 5.243231842116601316e-01 3.939922449800186133e-01 4.416984592945591981e-01
3.688119740971943753e-04 -9.509306055362024779e+00 9.233972577908011736e-02 5.256919818467644667e-01 4.734323144522674109e-01 4.346029211819244509e-01
3.683568906913500698e-04 -9.508040734376272951e+00 2.958298273085713248e-01 2.832133017540389153e-01 4.468117636587052299e-01 3.092340898588021858e-01
3.678642050663279866e-04 -9.506879152146177958e+00 3.180257407707515194e-01 4.913658364614826857e-01 5.181540271001404685e-01 3.255634404649542790e-01
3.691869596959998327e-04 -9.500789832671431512e+00 2.646602585345628755e-01 5.329082943415792695e-01 4.944989276356148711e-01 3.279201341787038038e-01
3.690094193641648714e-04 -9.498770843796100039e+00 6.641178304481631933e-03 5.190219369996736942e-01 4.711079878247904640e-01 4.421778286201353270e-01
3.698641013821066703e-04 -9.493957369635383614e+00 9.528988571689001041e-02 5.450739082456348417e-01 5.385739568841751979e-01 4.479490480067951363e-01
3.721018497693123241e-04 -9.485425407740937231e+00 2.434546263805873467e-01 5.294618420742124298e-01 5.187298153768722386e-01 3.618099346115218884e-01
3.717088113067370690e-04 -9.483982231795025086e+00 6.446271212729796085e-01 6.628506920165363470e-01 1.399559934516675375e-01 5.299259137298046873e-01
3.708293824188338872e-04 -9.483850943078907747e+00 3.005262023036577856e-01 2.333067543086174700e-01 3.917814059585098541e-01 3.761060915690458417e-01
3.700541503522013697e-04 -9.483443667009913369e+00 2.478430493847102456e-01 5.881160871697247439e-01 6.187418349175695109e-01 8.569056394775138585e-01
3.697021789464066482e-04 -9.481895254494640213e+00 7.374704253692643263e-02 5.623723211417240853e-01 6.329672243344937055e-01 7.070694440558775717e-01
3.703434190869992360e-04 -9.477662279383977761e+00 7.643509989267571747e-02 5.612040903293976646e-01 6.630896211574753840e-01 6.315594279180635207e-01
3.696088112057940010e-04 -9.477147834917094116e+00 3.177476546253283907e-01 2.812658976133598498e-01 4.003988823331517954e-01 3.854613321180335728e-01
3.687015766358885398e-04 -9.477105432809443286e+00 6.843279423664954120e-01 7.404192871932939735e-01 1.503266733059235305e-01 5.433706785555945107e-01
3.678044395237264463e-04 -9.477041631662382670e+00 6.581454663330743582e-02 5.300262648681636213e-01 5.442479792162161489e-01 3.818698355979003312e-01
3.679856745567311460e-04 -9.474049004666721174e+00 3.270020050825632740e-01 3.300829187167497736e-02 3.783397920669179237e-01 3.656253918208705045e-01
3.673332664642654354e-04 -9.473323495237444547e+00 1.097206513042561227e-01 5.398058737208464297e-01 5.453246479264671764e-01 4.085163549541734884e-01
3.666414691567990917e-04 -9.472708566967439126e+00 3.212384908043087739e-01 5.486803864972700229e-02 3.720365182880949195e-01 3.324323719761542728e-01
3.664817196834957848e-04 -9.470644372240718312e+00 7.620736168974789893e-02 5.368313299679352557e-01 5.065456712243211479e-01 4.185251212579828017e-01
3.702367840206495335e-04 -9.457950256477172246e+00 1.765690149231503581e-01 5.503426751203657208e-01 5.528534374231064419e-01 4.865611913443710357e-01
3.693514526322929422e-04 -9.457844377333509911e+00 2.613953179546169014e-01 5.856480265331466262e-01 7.489311850254665170e-01 7.857746889201920881e-01
3.684502134628975700e-04 -9.457787417676355446e+00 2.984054404276420547e-01 1.099446707321123373e-01 4.530482991288617978e-01 3.059966178386296365e-01
3.700115694422249327e-04 -9.451058740330786634e+00 6.461380753138958877e-01 7.186680424984520643e-01 1.053622391947113268e-01 8.398551289712977708e-01
3.693675803319395701e-04 -9.450300713372165262e+00 6.716442561997267857e-01 7.411132262897173195e-01 4.739641809768879721e-02 5.997231895522071587e-01
3.686172676172099795e-04 -9.449834123611806191e+00 6.729548530871074519e-01 6.819591264150256515e-01 1.430018840745063136e-01 5.457483179567529374e-01
3.706718813173070452e-04 -9.441775759897419462e+00 1.179060021896959354e-01 5.426515341928020986e-01 5.178699852691284189e-01 5.193386024543208412e-01
3.707219506391399070e-04 -9.439140691814165152e+00 3.254890359085119700e-01 1.049661230122328481e-01 3.981495709840923158e-01 3.635841182085977064e-01
3.709118589320241658e-04 -9.436128556864050054e+00 2.530997185865517807e-01 5.325751949157023768e-01 4.477339080664247684e-01 4.497683678806063123e-01
3.707980231203409651e-04 -9.433935511956144992e+00 6.423339108298071753e-01 6.209183912222401291e-01 2.639236305140669758e-01 4.164845336150508892e-01
3.722637656020559376e-04 -9.427490363907754300e+00 3.197718373507536516e-01 4.887792696591515273e-01 4.223353005527386017e-01 4.078387036147751443e-01
3.760686998986468698e-04 -9.414821175046565571e+00 8.953833875687973176e-01 9.407054937003193062e-01 1.222562553466148838e-01 7.029691050956432541e-01
3.756520715270695600e-04 -9.413429640929306785e+00 8.628668771859708819e-01 9.216944038070965517e-01 4.580965142194293183e-02 8.556804785060215801e-01
3.748364291432242936e-04 -9.413103272382029374e+00 2.342008065629752611e-02 5.726446979818883287e-01 7.050594677672522570e-01 8.464021390590958926e-01
3.751231565748561008e-04 -9.409838624656838846e+00 5.658424828488584080e-02 5.293531848419436026e-01 4.875500753805824816e-01 3.952410799791947760e-01
3.754391616557103918e-04 -9.406496575724053955e+00 1.239237701996526164e-02 5.242652641360099341e-01 4.794389738484171604e-01 4.690210087544450235e-01
3.745402715079415384e-04 -9.406393683000466410e+00 6.644995245711986520e-01 6.434069021055790483e-01 1.850390581040584626e-01 4.532136940330384611e-01
3.743271378897175300e-04 -9.404462898915868507e+00 6.750167316336749268e-01 7.343518623894739195e-01 5.607830438185623656e-02 9.215524144618193469e-01
3.738570109411650292e-04 -9.403219613619491213e+00 6.611655008964274494e-01 7.191261031609338383e-01 2.054636950443124721e-01 6.474534019670830087e-01
3.744946950438116312e-04 -9.399015376823104617e+00 2.826660954378884538e-01 4.973781720073071622e-01 4.815162186953744206e-01 3.327632481002880116e-01
3.754207020001736560e-04 -9.394045745100214617e+00 6.456289014816753991e-01 7.209597138615591039e-01 1.175784763430750557e-01 8.064087952760348177e-01
3.746267853942471704e-04 -9.393662722800351972e+00 2.859322836199378326e-01 5.894361442631201875e-01 6.998865898844567335e-01 6.669692988674913448e-01
3.751091604954403321e-04 -9.389875935977872956e+00 6.625936396260539984e-01 5.217697552662891036e-01 2.865293145235859873e-01 3.635970383102988812e-01
3.741754556974193351e-04 -9.389868193956056430e+00 6.507103070693631697e-01 5.667189779646477632e-01 2.864381574423122134e-01 3.490306106361884542e-01
3.743834086154872545e-04 -9.386812585216832261e+00 6.512635843534742008e-01 7.246814939112102838e-01 9.156702892367518665e-02 6.491906969711972453e-01
3.740801296409103078e-04 -9.385122989399997451e+00 2.861685125058782697e-01 5.681421288594605823e-01 6.201904951959367196e-01 4.419848710384017831e-01
3.738088895879991265e-04 -9.383348337834940267e+00 3.000866238213941717e-01 3.432419139477387304e-01 4.660770363349462375e-01 2.921753255645780367e-01
3.729136049841307705e-04 -9.383246243454129498e+00 1.345052679688553132e-01 5.656619966044342807e-01 6.277211266325571914e-01 6.348363810870654156e-01
3.727830239786354412e-04 -9.381096469006337202e+00 2.890218481473778578e-01 5.684876580684042890e-01 6.154448792199713747e-01 4.547061187399605853e-01
3.728387087764974107e-04 -9.378447104266767198e+00 2.232280456952882020e-01 5.399936122104191938e-01 4.717428580447454722e-01 4.304316226560342962e-01
3.721973459079948483e-04 -9.377668800882384303e+00 3.180136717117649781e-01 3.057682038063929131e-01 4.025826404166618078e-01 3.810196323118082429e-01
3.726006862718681673e-04 -9.374085714231037869e+00 2.978465920634771891e-01 5.408415801533286160e-01 4.358651775293278519e-01 4.904294306104486356e-01
3.724196927978042863e-04 -9.372071589470721165e+00 1.267091098170717300e-01 5.492559050689088673e-01 5.173092112254632502e-01 5.182321409775897392e-01
3.725084658476049220e-04 -9.369333249573937650e+00 5.907824568462638481e-02 5.434543907304788535e-01 5.438268746598257097e-01 5.641818523838569854e-01
3.727823742968773427e-04 -9.366098211795796047e+00 3.032350978430581323e-01 1.170362442625113575e-01 3.944182658984353163e-01 2.866100936264436294e-01
3.724232131032350181e-04 -9.364562136993148656e+00 3.005586594025450031e-01 4.373536996902471774e-01 3.920340270492214119e-01 2.866678194534103552e-01
3.722974829630924277e-04 -9.362399794163149380e+00 3.125218592817787799e-01 4.083379563896818443e-01 3.972306650493677704e-01 2.953331899586778553e-01
3.767445724261939935e-04 -9.348025583140870509e+00 9.023180589717014755e-01 9.513318583793274330e-01 8.262681872004562500e-02 7.247275934200514413e-01
3.759095543096741248e-04 -9.347744446837882748e+00 3.058714677430653950e-01 3.459488099538530204e-01 4.334675508197965432e-01 3.588398588549582824e-01
3.770127364526476999e-04 -9.342314043671574808e+00 2.002891098050226526e-01 5.577927148364039134e-01 5.772394753051053318e-01 5.037015567078395595e-01
3.775243396998554973e-04 -9.338457971606258567e+00 5.881471367508717130e-02 5.624476034007054315e-01 5.970680102476433326e-01 6.762049088459044510e-01
3.783099245482472728e-04 -9.333879248350559266e+00 3.140331528175512865e-01 5.270243262583650390e-01 5.460522430957396312e-01 3.995721547612243185e-01
3.786792419213780964e-04 -9.330403494881970516e+00 3.091129525072088269e-01 4.727930814498072509e-01 3.573213658293473705e-01 3.587047776978425917e-01
3.778448471194574901e-04 -9.330109360239976724e+00 2.884356919426826482e-01 5.634910650059959947e-01 6.591088931071776846e-01 3.846713363800190466e-01
3.772254028797662447e-04 -9.329250119834618715e+00 3.251949665293232261e-01 2.332600846831008878e-01 3.922426998363559569e-01 3.448773558023436880e-01
3.762952726871407320e-04 -9.329218879339691739e+00 3.259097588283345059e-01 2.619012763343666617e-01 4.205533412911840463e-01 3.451522379540491459e-01
3.766524426254529438e-04 -9.325770154858991745e+00 2.889033485745712282e-01 5.511992743079409118e-01 4.624902344861594461e-01 5.553464458347496802e-01
3.757896382207052510e-04 -9.325563500233645442e+00 1.021747669581585249e-02 5.361422814873948450e-01 5.127000891352531120e-01 5.432006082358495913e-01
3.757165458404722195e-04 -9.323258022599564043e+00 2.581917388214732823e-01 5.654486197199091180e-01 5.333252240346239015e-01 5.283988465419146019e-01
3.772000556059163087e-04 -9.316817316066067889e+00 6.560555314770316615e-01 6.450918292818688116e-01 2.210228598988188686e-01 4.856773420252730178e-01
3.768106544142562297e-04 -9.315350195894177787e+00 9.330360682262690553e-01 9.869826740300080559e-01 9.201094993115466192e-02 9.452293996760353645e-01
3.758986119822489464e-04 -9.315273556198258476e+00 4.193581462743695143e-02 5.274295082992844774e-01 5.289306243935822938e-01 4.285974252641157611e-01
3.752320267758822128e-04 -9.314548441542997992e+00 6.598800642447466558e-01 7.533705210437036115e-01 9.335892472315343582e-02 9.155467093804672274e-01
3.758532528058974669e-04 -9.310394232124803438e+00 2.974576044694206001e-01 5.645723008855750846e-01 6.695359934986089279e-01 5.851367030279149839e-01
3.760000277772421271e-04 -9.307503796977414368e+00 2.941641120906905993e-01 5.772682514740712367e-02 3.946060447423320738e-01 3.286268678844490587e-01
3.751860852239576744e-04 -9.307170884088685980e+00 6.723477387349077183e-01 6.845218432389894581e-01 1.559666363397033129e-01 5.649756114432205045e-01
3.757023561186263977e-04 -9.303295790406069798e+00 3.132214916730851617e-01 2.620347764131612522e-01 4.629828267780968787e-01 3.257018591438267663e-01
3.764651324347104231e-04 -9.298767581026710971e+00 6.635498284629043342e-01 5.657408738063162135e-01 2.945259260845162208e-01 3.455891191731266243e-01
3.755417942360772033e-04 -9.298723246340118820e+00 2.589218275204808739e-01 6.004767992020898504e-01 7.117018128071999072e-01 9.435355396355640245e-01
3.746639234003036091e-04 -9.298563594369538166e+00 2.855719138517782696e-01 5.818791703585770581e-01 6.675393331827875754e-01 8.769108011223393229e-01
3.761034241199506670e-04 -9.292228844527455678e+00 2.897735875522066129e-01 5.367905521932064827e-01 6.098444236083402359e-01 4.314060785235035445e-01
3.754185003974048573e-04 -9.291551609479052232e+00 5.955523760972813996e-02 5.615234962344527458e-01 5.979149663721208263e-01 7.123361163667090157e-01
3.745639370353302539e-04 -9.291330499461688319e+00 6.560199394219441427e-01 6.203639928169131235e-01 2.771238011231003107e-01 4.163020324686050322e-01
3.742777361874451061e-04 -9.289594882300024281e+00 6.554594354136766832e-01 7.349734915863770368e-01 4.346701811448649977e-02 7.223917604830270012e-01
3.739785075229184021e-04 -9.287894684995940509e+00 1.129287099211421785e-01 5.314903198229147252e-01 5.039399025739397242e-01 4.121943317959763098e-01
3.738090434459763749e-04 -9.285847926239723549e+00 3.072366836371126508e-01 6.780882598476878353e-02 4.122774647311784335e-01 3.673016268807638429e-01
3.733471460267097689e-04 -9.284584341020504894e+00 2.631811618067910752e-01 5.846770775903517015e-01 6.374020271137748050e-01 8.901882905510281052e-01
3.731812344723634445e-04 -9.282528829298273720e+00 6.895808419289349844e-01 6.755665494645247682e-01 2.512833561817292560e-01 3.843776647491744525e-01
3.730086663466669486e-04 -9.280491360695668490e+00 6.517476022719316253e-01 6.034290052328219467e-01 2.811122954493332493e-01 3.942317439166332926e-01
3.726094527707367928e-04 -9.279062186642201837e+00 6.545495859833150298e-01 6.007088528753969925e-01 2.749058242795886509e-01 3.384609734373436041e-01
3.718710558152765722e-04 -9.278545844210315252e+00 3.114976622097103132e-01 4.199337996752313673e-01 3.824332749567351253e-01 3.078840460868829121e-01
3.725893569791141223e-04 -9.274116120683327580e+00 2.967936343107961394e-01 1.515615633710215571e-01 3.906470254253970875e-01 2.951643542447714985e-01
3.733626879946421806e-04 -9.269542713155896507e+00 2.546973871425973757e-01 5.732090297455967320e-01 5.864654004575123869e-01 7.251441493102361857e-01
3.739032835623046875e-04 -9.265595850371973086e+00 3.166798256282680191e-01 2.150939951864725419e-01 3.742772457060050684e-01 3.291551329293945782e-01
3.746457139606139386e-04 -9.261112197613865504e+00 2.919856678344229794e-01 4.189693140184187481e-01 3.728906270045674320e-01 3.329978441437774772e-01
3.746829657960157409e-04 -9.258512770389366153e+00 3.027532908426772140e-01 4.235866400390306818e-01 4.504053873427946719e-01 2.699077980545872002e-01
3.739265823915056378e-04 -9.258033539864541694e+00 8.261939913302177585e-01 9.014575041753072338e-01 2.462455536604746253e-02 9.841711487266693315e-01
3.748992011046597158e-04 -9.252935821459173482e+00 2.592159522527914817e-01 5.702104239995372525e-01 5.424730450822962124e-01 6.020486079099828247e-01
3.756895481915129226e-04 -9.248329881609443248e+00 2.449801192944656147e-02 5.198076249167328244e-01 4.589645612614698944e-01 4.316986750736426792e-01
3.751728395521185862e-04 -9.247206188984511854e+00 2.926621438103499950e-01 5.849105001625337641e-02 3.993116817101377003e-01 3.065355205891056589e-01
3.743233998065390858e-04 -9.246972885105636308e+00 2.970252805692265019e-01 5.565428903126765636e-01 6.963715227376942041e-01 4.597193220122349766e-01
3.755104746097570004e-04 -9.241306648328594164e+00 2.563127282051849143e-01 5.697735007858076850e-01 6.426454200539939432e-01 6.370523123867370963e-01
3.782725281068126475e-04 -9.231478104572579113e+00 2.972363369759797314e-01 1.528872733658227512e-01 3.527360538184963756e-01 3.489455421841428651e-01
3.792281171933871106e-04 -9.226455097894211477e+00 3.219941166155370071e-01 6.118774956137296162e-02 4.072644066372622662e-01 3.090367978539638738e-01
3.790690528174931080e-04 -9.224374628348810390e+00 2.967603001862170187e-01 3.864210743822958927e-01 3.552778250415383754e-01 3.365806698487505688e-01
3.791828568149964375e-04 -9.221574453705233765e+00 3.273374592117127557e-01 2.614785080793557981e-02 4.256883735328542140e-01 3.150021925395457556e-01
3.789929608615195066e-04 -9.219575382257740870e+00 3.062760573667517860e-01 1.603689900551348302e-01 4.329101530005223797e-01 2.792011381698558115e-01
3.782367291997213864e-04 -9.219072746923009376e+00 9.466820647205564931e-02 5.394498470686037717e-01 5.603359147792583705e-01 4.531682351466997938e-01
3.783572591429545549e-04 -9.216254134969679157e+00 7.673611378393729865e-04 5.669904508740758464e-01 6.849540563861111764e-01 7.934342784265507875e-01
3.785167663434327420e-04 -9.213332645534267229e+00 2.434455300183298032e-01 5.550443951574149937e-01 5.004682782525198270e-01 5.562413769601499691e-01
3.791559517123195187e-04 -9.209145411705495832e+00 2.279191472698263166e-01 5.846384483494896367e-01 6.640192462752904090e-01 8.378814042983810939e-01
3.782209016115351268e-04 -9.209114593518362923e+00 2.863359858029991267e-01 5.815343572496498581e-01 5.997256233185993546e-01 6.976616019456483020e-01
3.778074414677637361e-04 -9.207708362525242052e+00 2.310751014776526446e-01 5.937459667716569189e-01 7.398374188417128350e-01 9.166709141809777917e-01
3.803298540712238426e-04 -9.198554101019235318e+00 1.833368844324650970e-02 5.693380980487798837e-01 6.674486556541630033e-01 8.208479522286363794e-01
3.813514662218864975e-04 -9.193371580820658195e+00 3.073293185597502086e-01 4.911073870005108200e-01 4.809665261859876750e-01 4.066280155450762157e-01
3.816154086521986936e-04 -9.190179696416405974e+00 2.815065609952501768e-01 5.141790873599055844e-01 4.264087224909185458e-01 4.114713739374059598e-01
3.816581245873673298e-04 -9.187567768166958970e+00 3.014518551736834473e-01 1.026437629043623900e-01 3.961425344714655239e-01 3.628932309927909161e-01
3.807376469693865627e-04 -9.187482466935184888e+00 1.286837344588808163e-01 5.577249581105907517e-01 6.072951686234967505e-01 5.521352871193484502e-01
3.828120290903807188e-04 -9.179548931201791717e+00 6.616521896128640945e-01 6.029742198879213255e-01 2.566292041589360862e-01 3.526740488923685302e-01
3.853713802186669018e-04 -9.170385520961257697e+00 2.688799329730733323e-01 5.560789196918257682e-01 6.771184701898342873e-01 4.011638312978375032e-01
3.847540160558089273e-04 -9.169488803486649076e+00 2.607036177758611517e-01 5.858193390949788526e-01 7.289304114052322925e-01 8.151260042058319222e-01
3.843093321464261902e-04 -9.168145233473799394e+00 6.606862190498627996e-01 6.512203092590408415e-01 2.264360018312247813e-01 4.851364718786524977e-01
3.842311160871342778e-04 -9.165848777892941612e+00 3.215882417526250148e-01 1.445879046122309219e-01 3.933470095108086984e-01 3.279370333821617356e-01
3.839146258558761952e-04 -9.164172814874168793e+00 2.447553765739401421e-01 5.326389789506655870e-01 4.844976193212321425e-01 4.198717344564060205e-01
3.833866642177702409e-04 -9.163048967184240112e+00 9.002278355987636260e-02 5.344812166613649440e-01 5.277282096011226553e-01 4.494378953245866670e-01
3.844982862950228897e-04 -9.157653682277196339e+00 1.052390663547453364e-03 5.704364017350594951e-01 7.147494857778621258e-01 7.913056368748023761e-01
3.846949122507102884e-04 -9.154642429810733617e+00 3.237821105875984817e-01 4.325567853302254018e-01 4.296976561712796960e-01 3.559162239193031096e-01
3.844151026489093224e-04 -9.152870049029637300e+00 9.739107699808080554e-02 5.464229649836508385e-01 5.314477486286078856e-01 5.521477008395266894e-01
3.835630254695167004e-04 -9.152589064123514362e+00 3.267787655385157031e-03 5.684035612197664289e-01 6.563596100865466410e-01 7.938731339836766487e-01
3.836636523037079724e-04 -9.149826750943631737e+00 7.801095618290506684e-01 8.510408801675074519e-01 6.973368712455263463e-02 8.314725609334434608e-01
3.837549903962282302e-04 -9.147088711136230899e+00 3.172031626286873074e-01 3.090511211690157856e-01 4.466671774271028794e-01 2.969947152914658717e-01
3.836248518527422065e-04 -9.144927887480378104e+00 2.448483121765167025e-01 5.480585982626889896e-01 5.942132768834874623e-01 4.099393239478569262e-01
3.855864411433602220e-04 -9.137327615134726244e+00 2.620690269154082319e-01 5.585943321091396685e-01 5.190832977982486884e-01 5.829697720677322614e-01
3.849189461001850557e-04 -9.136560231729520254e+00 6.472063107210990207e-01 7.231670922793750345e-01 1.232967570185876660e-01 7.862568846356666752e-01
3.850341870268533416e-04 -9.133760886425056569e+00 8.973507888082101758e-01 9.498373011914315045e-01 9.684875539171899916e-02 7.471131543228123340e-01
3.848823552977594402e-04 -9.131655297306537022e+00 3.186567859597255747e-03 5.630472740228444906e-01 6.979297287690363616e-01 6.836681544330529547e-01
3.865896423250186485e-04 -9.124729239537328951e+00 3.223613065216962004e-01 1.218920010236081986e-01 3.846083440261631181e-01 3.546755582961428899e-01
3.877448102776366872e-04 -9.119245596472786985e+00 7.342886501715467640e-02 5.565424600410725509e-01 5.667857890864589354e-01 6.212906419403143587e-01
3.873262418838257517e-04 -9.117825674056213359e+00 2.441846848445625717e-01 5.582352550528492108e-01 5.050353591332549241e-01 5.022824048255039031e-01
3.866975285210782218e-04 -9.116950206854962602e+00 3.241247801416377028e-01 8.977235349683299059e-02 4.317226088229649816e-01 3.251328376488108463e-01
3.858047072562196893e-04 -9.116761712559522834e+00 3.118760016304995553e-01 3.967832471541281603e-01 4.128129681588871835e-01 2.917884786719421308e-01
3.848792116609917112e-04 -9.116663465126032762e+00 4.691005640632894824e-02 5.282222809999317370e-01 4.643828622775424408e-01 4.518113767797107272e-01
3.841090750028427949e-04 -9.116166452503042805e+00 2.513565779939740952e-01 5.977654561828206203e-01 8.039226227197350250e-01 9.326603623922612440e-01
3.833770317860614799e-04 -9.115574092087143754e+00 8.697319820953839375e-01 9.280015369349698950e-01 7.188663917388110614e-02 8.231489989205696967e-01
3.835499725663491346e-04 -9.112623095363238335e+00 9.457576931226437944e-01 9.999136782831571368e-01 1.140561471907378666e-01 8.906144763473911041e-01
3.826073849032794738e-04 -9.112583655532617399e+00 6.452471629281207877e-01 6.809813737848796622e-01 2.593769568365789091e-01 4.379323768793758065e-01
3.834964928323666478e-04 -9.107762538634229799e+00 6.538797190317904295e-01 7.399458464211231545e-01 7.126055041501327958e-02 7.967700603997904807e-01
3.830376924231086765e-04 -9.106459616267219559e+00 3.187912289439815972e-01 4.179852551483939083e-01 4.435433001262834019e-01 3.528438978750308985e-01
3.822651018407192481e-04 -9.105978662455573414e+00 3.153644509435882259e-01 2.744382714450055438e-02 4.110899638708254145e-01 2.967981066869679330e-01
3.814893333986103612e-04 -9.105510123545956347e+00 3.083487329136150867e-01 2.434179368394517873e-03 3.880229587157457694e-01 3.585727099862981992e-01
3.826904124915818362e-04 -9.099866674407330436e+00 2.943299642940926386e-01 3.082005538915850718e-01 4.121723562740094993e-01 3.069224745293988033e-01
3.839404976790241719e-04 -9.094105427622672266e+00 7.699612122456125363e-01 8.469116685897597474e-01 3.082571622220364738e-02 9.624201272175640920e-01
3.844571407971349598e-04 -9.090260698877829171e+00 2.973777648216553438e-01 5.442796981576327742e-01 4.868987742166894783e-01 5.558421319097878177e-01
3.837978230810001239e-04 -9.089477102699476063e+00 3.136042981937028351e-01 5.168414835201501356e-01 4.538633480578890822e-01 4.390168256052521256e-01
3.846159826208857442e-04 -9.084847625475124033e+00 8.066231057292714279e-01 8.760024431056883110e-01 5.517051791718907694e-02 8.558016762685761725e-01
3.859895230731692989e-04 -9.078782787443932634e+00 5.977093452686182973e-02 5.356389968175433447e-01 4.850314841735172133e-01 4.930525665743935027e-01
3.855301178369965388e-04 -9.077473697606450287e+00 9.017906034605011056e-01 9.633142263583638343e-01 8.917764848572629077e-02 9.151604722287323135e-01
3.858840544275252788e-04 -9.074056067031095907e+00 2.969833899045872805e-01 4.804389940207300924e-01 3.622587722576277036e-01 3.997117628691333469e-01
3.856499666795157387e-04 -9.072162878263753782e+00 9.423914742519401422e-01 9.916338432642614054e-01 9.249528091599812374e-02 8.919810553302058853e-01
3.847595981253701760e-04 -9.071974295440357494e+00 2.963547647973259203e-01 3.969939103702133654e-01 3.697000010463585840e-01 3.551881250208009932e-01
3.869487841850323623e-04 -9.063800670578075369e+00 1.148790373229279238e-01 5.520953104390452504e-01 5.774711093317826949e-01 5.502753720603454912e-01
3.865699219554631638e-04 -9.062280251955638022e+00 8.927124621853138597e-01 9.552761414332119339e-01 7.336067816491420590e-02 8.665422074098617644e-01
3.856667061615044376e-04 -9.062119473310687567e+00 3.080603104744262799e-01 1.607779073643014200e-01 3.560378137478152905e-01 3.657154293754698582e-01
3.850322349381791499e-04 -9.061265956347897443e+00 3.120935700736710006e-01 1.382247846886547338e-01 3.616552744104455375e-01 3.637038236056007179e-01
3.841169230192021875e-04 -9.061146020972783433e+00 4.588523534593652586e-02 5.437455619521454064e-01 6.136126527931439201e-01 4.601408381333361719e-01
3.856504540435279501e-04 -9.054661614517490520e+00 2.245484345005064331e-01 5.789323631821483573e-01 6.197040670598610301e-01 7.103793958620494564e-01
3.854098920033873009e-04 -9.052785591743598204e+00 6.638307324139151033e-01 6.144064954060295403e-01 2.369778265771026460e-01 4.119563708399719415e-01
3.854790804519931443e-04 -9.050106088724970022e+00 3.047367346354915574e-01 4.416473023587726976e-01 4.892052211367817760e-01 2.813356948577317995e-01
3.874208640915190139e-04 -9.042581408004906507e+00 2.987204896245233554e-01 2.762370295862599523e-01 4.409056918783414991e-01 3.177042428221528159e-01
3.866089897574809253e-04 -9.042179194357039762e+00 3.034368768954086582e-01 2.426336826369277500e-01 4.011800545398166440e-01 3.687978446908141139e-01
3.869059798863651333e-04 -9.038911296759364333e+00 3.177717839837340685e-01 6.032080546078538719e-02 4.264779725615368000e-01 3.506871273918594212e-01
3.860956087669101277e-04 -9.038507984342475154e+00 9.492658738527391948e-01 9.943107076854437176e-01 1.056892617706264303e-01 8.244710916120574495e-01
3.868096235268630111e-04 -9.034160371120989907e+00 6.892323054913325198e-01 6.969886456065451652e-01 2.518116053827963441e-01 4.284826691528726972e-01
3.873417676548820748e-04 -9.030285590379406813e+00 6.687528497786935366e-01 6.031889416734725895e-01 2.836504026369778275e-01 3.528056379256561126e-01
3.885790771920808601e-04 -9.024596320251699666e+00 8.999273051761267350e-01 9.616078022194796127e-01 1.756946268329162564e-02 9.314441753572311189e-01
3.890126445965774987e-04 -9.020981165763091170e+00 3.018536531113594767e-01 2.402562976257880401e-01 3.689535840861103422e-01 3.131534887092468633e-01
3.883374744124634074e-04 -9.020218273244992702e+00 6.399702535652956881e-01 6.559957736269851347e-01 1.803910133689763384e-01 4.886151928115269882e-01
3.874720993980361136e-04 -9.019949169595200544e+00 3.185327440842593560e-01 2.605346819649375645e-01 4.406938410767871073e-01 3.109668607036595311e-01
3.872812493074215029e-04 -9.017941842766070693e+00 2.293471147412443623e-01 5.720774421100408569e-01 5.745013103998877213e-01 6.386571357590289377e-01
3.864945185430108607e-04 -9.017475328610927932e+00 2.951097085147541543e-01 3.674716487768088236e-01 4.364345777791425185e-01 2.990009294274524887e-01
3.859439662920636453e-04 -9.016400820362010293e+00 6.902571022955547031e-01 7.388946820894101153e-01 5.126238938859162264e-02 7.019389751543888556e-01
3.855549674925299133e-04 -9.014909243874900113e+00 3.169583198977762306e-01 3.492968654574400977e-01 3.750654418291352599e-01 3.438150699173425640e-01
3.871586671849523275e-04 -9.008258412511205293e+00 2.298099239146467188e-01 5.493963194131252781e-01 5.365863220599290662e-01 4.727888271028857226e-01
3.867629553363430414e-04 -9.006781027389967775e+00 3.055257955815076087e-01 3.307474105426158051e-01 3.557567192285893132e-01 3.639648378245003979e-01
3.858038251468687936e-04 -9.006763998976291319e+00 3.198807980573132870e-01 4.950485321397340988e-01 4.395120718932876702e-01 3.895809949229234181e-01
3.850492785952478836e-04 -9.006221691794666029e+00 6.445085372653616140e-01 6.921019996053345835e-01 2.250667010021490944e-01 4.911006604651815266e-01
3.844295689894870792e-04 -9.005332417655909083e+00 2.745060306750505275e-01 5.523921788754497797e-01 6.269171563639365230e-01 3.498518228350838144e-01
3.843450778226612050e-04 -9.003052225027333932e+00 1.158960984621471013e-02 5.590250415398891892e-01 5.997528058451978561e-01 6.648966402713208934e-01
3.840071324092757211e-04 -9.001431887845184221e+00 2.632465748108366865e-01 5.776185056805334117e-01 5.851573576749136141e-01 7.558054117454486853e-01
3.836128460279791450e-04 -8.999959183713055921e+00 2.459352571113896657e-01 5.647497685747933094e-01 5.942845778920419209e-01 6.088647327937564135e-01
3.832015357442293134e-04 -8.998531960470959490e+00 6.633062274972534311e-02 5.429130529473745748e-01 5.365655814609548990e-01 5.422069252468407763e-01
3.826685389665384620e-04 -8.997423833273771265e+00 3.103102691405534852e-01 2.423000649168853826e-01 3.604780121605501986e-01 3.400656950838417680e-01
3.837692685790085388e-04 -8.992051505321237315e+00 6.608701290647992499e-01 7.055853248283721069e-01 2.572553126993156747e-01 4.967299965904381498e-01
3.833041775643134604e-04 -8.990764142974191131e+00 8.732037941038929274e-01 9.367151430105283838e-01 7.229858039054876118e-02 9.110541747274525370e-01
3.825372960299888389e-04 -8.990266859768953012e+00 3.009327164490183115e-01 1.377444234033789461e-01 3.645882078319904740e-01 3.198454633499150379e-01
3.823746592406641691e-04 -8.988192102937542671e+00 1.129090739559216461e-01 5.498204812724254431e-01 5.708559330866672665e-01 5.283795038318177539e-01
3.815469874313272649e-04 -8.987859006144963914e+00 3.183806131603134082e-01 3.792728090152270859e-01 4.469402171138616708e-01 3.140324510097718402e-01
3.814111213301919984e-04 -8.985715162272047252e+00 3.017759311389005550e-01 5.590664157098633735e-01 6.453617903226709362e-01 5.145322820051282386e-01
3.807238206091647877e-04 -8.985018782259858838e+00 1.033989437385312016e-01 5.473924862185929330e-01 5.529004896355520504e-01 5.347973034345545607e-01
3.799776489002200538e-04 -8.984480581935988752e+00 9.291317942832622023e-01 9.883366252180944000e-01 9.091787374596549398e-02 9.586125420677441555e-01
3.794909358855896343e-04 -8.983262302051901571e+00 9.358841702094480297e-01 9.862103224481741925e-01 4.265692655883901452e-02 8.804640841516910843e-01
3.788119778219307954e-04 -8.982553032992850461e+00 6.761586240364031442e-01 7.261133515015260054e-01 2.217876816619346880e-01 4.706321989110853754e-01
3.781315970017935161e-04 -8.981850738993671257e+00 8.971773178492112866e-01 9.622362644012216748e-01 7.424686054463497387e-02 9.792239950680625693e-01
3.781573307081030513e-04 -8.979282686413824877e+00 7.959709661360668820e-01 8.678920611294184129e-01 1.057621949865206190e-02 9.556522505581992455e-01
3.777486232217482586e-04 -8.977864057777702911e+00 2.732325938439901236e-01 5.747458584920768221e-01 6.166596675971293129e-01 7.566991639268164649e-01
3.771707317420231170e-04 -8.976895059967024082e+00 3.229195458114518802e-01 2.799329697330867339e-01 4.048152507606309625e-01 3.404219416683991750e-01
3.772971673409978460e-04 -8.974059895010869425e+00 6.549299513102150305e-01 6.825180906845830231e-01 1.067425894641205186e-01 5.787406927771945320e-01
3.778425272017070188e-04 -8.970115500127469943e+00 6.459919023003977134e-01 6.812796686540834035e-01 2.478121929034291515e-01 4.993871027473323343e-01
3.783248790659092899e-04 -8.966339719326478885e+00 3.452043788040892736e-02 5.447988405109784882e-01 5.555737194147252200e-01 5.738715330903745304e-01
3.792408102722742789e-04 -8.961421627626826591e+00 6.477133579893253890e-01 6.584126707027009306e-01 1.557938531824781259e-01 4.920973353206038459e-01
3.786487408347459635e-04 -8.960484044095313294e+00 1.190822927084254079e-01 5.533155443398496409e-01 5.697366244223759368e-01 5.533563554309433030e-01
3.789774994000376135e-04 -8.957116179260470545e+00 3.114386107498656742e-01 2.799553899606624929e-01 4.328196563127409968e-01 3.533304975843696294e-01
3.795937982118834813e-04 -8.952991285333199656e+00 6.596338557683114612e-01 7.099673934764964001e-01 2.451398801613156597e-01 4.722846794035009954e-01
3.798104099108468132e-04 -8.949920807312349069e+00 6.566330102099290356e-01 6.445449713111168766e-01 2.206863846945173180e-01 3.675320071814845990e-01
3.794386773651541554e-04 -8.948400018434560010e+00 1.566826938317167350e-02 5.278458632538008954e-01 5.051817121354327256e-01 4.634259644215917850e-01
3.797532772705597913e-04 -8.945071242730360694e+00 3.102847366130544460e-01 6.679986734700460449e-02 3.854345654575394020e-01 3.079445320281476439e-01
3.789826266753243021e-04 -8.944602650117943199e+00 6.597141988440415883e-01 6.970731856771549273e-01 2.737077306238127061e-01 4.315106033072858560e-01
3.780751886617766456e-04 -8.944499926599997153e+00 6.688875823165412182e-01 6.147929466192920689e-01 2.918809566732480931e-01 3.468973009082546577e-01
3.790252290906015887e-04 -8.939490243854608664e+00 2.289076920489891975e-01 5.838697229117972842e-01 6.878463365025841991e-01 7.671401378002852267e-01
3.783278355937883604e-04 -8.938831904571244991e+00 1.899973455761427843e-02 5.656822839993428387e-01 6.532941351287703258e-01 7.016075577834690602e-01
3.774349645325211322e-04 -8.938694739779661447e+00 3.145241425158925019e-01 3.639615145124813766e-01 4.476866490204723381e-01 3.361116477961744731e-01
3.767712389037794376e-04 -8.937954804327155500e+00 8.746906377866583426e-01 9.360695656045185942e-01 6.819007444486246960e-02 8.685830566752931192e-01
3.760808530212349644e-04 -8.937288859338686109e+00 2.955218920626553336e-01 4.744113365376619873e-01 3.627763458963131349e-01 3.350687184302680865e-01
3.757120630598043912e-04 -8.935769953954299183e+00 3.072455539368962318e-01 5.188759619844697246e-01 4.799339245617554872e-01 4.653594219585226455e-01
3.752299639105626775e-04 -8.934553939130678302e+00 3.081749888779831137e-01 5.210117990244677033e-01 4.191278828316324367e-01 4.252922665937993729e-01
3.746516800113046321e-04 -8.933596273227212947e+00 3.097586152454996355e-01 3.463786403248001466e-01 3.651193132895079740e-01 3.331931868250294082e-01
3.737288534446936970e-04 -8.933562470550860724e+00 1.617835253649657634e-02 5.512150556401996804e-01 6.497430564017736554e-01 5.477727406020809209e-01
3.731589573495645395e-04 -8.932588526264964912e+00 6.900386190328378078e-02 5.490309777566388938e-01 5.540199145845011719e-01 5.829194514751011580e-01
3.752570434101616301e-04 -8.924481773991651323e+00 6.404504477602891432e-01 6.494517597610762749e-01 2.086556319147760963e-01 4.135980379583178435e-01
3.748605506818459068e-04 -8.923038922279767249e+00 2.209005171231668285e-01 5.741832786401516175e-01 6.263250453228826897e-01 6.365999633874529495e-01
3.745038764420209978e-04 -8.921490860359156727e+00 1.007282713006549812e-01 5.378055873832143785e-01 5.299518277549516432e-01 4.413574820205101723e-01
3.741208020894824814e-04 -8.920014268742443519e+00 2.386262194204543663e-01 5.730987260681328355e-01 5.682446384459473032e-01 6.689684767592979364e-01
3.762301326919815017e-04 -8.911892003050416733e+00 1.756338510435062616e-02 5.684080136572615682e-01 6.831524791921709250e-01 7.335059440915968620e-01
3.752983730550981897e-04 -8.911871643163006951e+00 2.797360691192510851e-01 5.889773534431391733e-01 6.227252980024963191e-01 8.607298704229723318e-01
3.744503536001110729e-04 -8.911633787229327197e+00 2.723688535205649464e-01 5.040272681849742309e-01 4.217805112785511512e-01 3.436409869425479657e-01
3.737342741939103305e-04 -8.911047966158555766e+00 3.011219621266489899e-01 3.028257903191817757e-01 3.637925375503853198e-01 3.236730890461319010e-01
3.734615110537924457e-04 -8.909278064367402550e+00 3.053330583428191525e-01 3.601986760682451827e-01 4.438289898658500099e-01 3.380338752188162266e-01
3.732433076233777165e-04 -8.907362507995376433e+00 3.086426344137247479e-01 8.200352420771361839e-02 3.929405866024553440e-01 3.023935177676354558e-01
3.725334675035254541e-04 -8.906766134812100333e+00 6.681896669513956999e-01 6.318895065616779716e-01 2.608507468714096333e-01 4.174070233509130645e-01
3.744238519761218433e-04 -8.899204564467487089e+00 6.718290673858319240e-01 6.318913375671457722e-01 2.419155146392071298e-01 3.949789224696710344e-01
3.739936709862336250e-04 -8.897854139468241996e+00 6.807386793647547396e-01 7.348673766211892833e-01 5.965595793731431895e-02 8.540953991212891783e-01
3.738976534417782680e-04 -8.895610908177404852e+00 6.561148874746342008e-01 6.623771946729547500e-01 2.902641237051865053e-01 3.519588390522979671e-01
3.744341630775621286e-04 -8.891677026266025408e+00 2.619523522219913136e-01 5.910330929940237343e-01 6.416275872852548190e-01 8.849955705016356866e-01
3.748268652897837052e-04 -8.888128787445875645e+00 3.211569249041837382e-01 4.648487327779027289e-02 4.179516761282001669e-01 3.371238898766204528e-01
3.749085468213135129e-04 -8.885410893158013579e+00 3.563761996928604958e-02 5.250863779760843730e-01 5.068405687933255077e-01 4.116486261543766956e-01
3.742269891258687402e-04 -8.884730478135063336e+00 2.344382801244899728e-01 5.518163834457805450e-01 5.308939382358764947e-01 4.280025916284827536e-01
3.742678789958363088e-04 -8.882121219216266184e+00 1.267478226660301299e-02 5.579512280213625441e-01 6.390218218075059964e-01 5.724436999078503785e-01
3.735578859406481016e-04 -8.881520039240399456e+00 2.862290309281012579e-01 5.319032721734978653e-01 4.586657886278979745e-01 3.449733696148314932e-01
3.731756172341309436e-04 -8.880043881717764265e+00 6.586738351259373569e-01 6.705986473959399952e-01 1.662553021000032771e-01 4.170773047057712013e-01
3.735877314156323646e-04 -8.876440147250654888e+00 2.990972883001746241e-01 5.662433163897547805e-01 6.582830298907752509e-01 4.726773923929472598e-01
3.738005254490019960e-04 -8.873370713526842479e+00 2.358482227746289961e-01 5.546944426936851746e-01 5.874762437654699188e-01 4.217529221519761284e-01
3.733493139057432833e-04 -8.872078534433294195e+00 1.287259456175898764e-02 5.604294169697660033e-01 6.419723134196233527e-01 6.111329842718908889e-01
3.724441713104236786e-04 -8.872005863332462994e+00 6.521858616280777898e-01 6.354306301018949332e-01 2.997724007664288592e-01 3.855624415635798830e-01
3.718005812161607419e-04 -8.871235375707266613e+00 3.172965114514475493e-01 4.885605482311039527e-01 4.512490906667319113e-01 3.972157343942575025e-01
3.724674469673420140e-04 -8.866943370933752178e+00 6.682666140632314011e-01 6.406654657331724012e-01 2.126530926613314776e-01 4.113159423295983386e-01
3.719698060686019918e-04 -8.865780329746160149e+00 2.664331080424928722e-01 5.518163360403470774e-01 4.865776754156693196e-01 4.580052900942388483e-01
3.715607797273411789e-04 -8.864380557202398592e+00 3.072643801347550441e-01 4.344725588461683663e-01 3.580708631943149145e-01 3.718711561790217224e-01
3.707937122207352544e-04 -8.863947138028466455e+00 3.129714996850913034e-01 6.006254336086958023e-02 3.714991680405925756e-01 3.623315642682183313e-01
3.708857190808580607e-04 -8.861199033910397205e+00 2.643131017538506988e-01 5.573137303871643633e-01 4.998533992354521338e-01 5.417126480079468287e-01
3.701802072275409638e-04 -8.860603080612364124e+00 9.372916305501566292e-02 5.457044890056811370e-01 5.454272593235647282e-01 5.273384923967273652e-01
3.696474466094064326e-04 -8.859543309853492588e+00 3.134918798964955733e-01 1.130312255473674421e-01 4.214829890020082570e-01 3.554006328064101550e-01
3.688652436990446271e-04 -8.859161630129158027e+00 2.975950778103124694e-01 5.248315298895585013e-01 5.915426460128833108e-01 2.819192628584238358e-01
3.680041377789252679e-04 -8.858998832172689575e+00 2.852517959453646501e-01 5.979448947976238049e-01 7.303744038453571230e-01 8.372637195711859492e-01
3.678019371930740257e-04 -8.857048435112425011e+00 2.889137887286846729e-01 5.058709749930029309e-01 5.365231911478759441e-01 3.266324026370532319e-01
3.702288910757802810e-04 -8.847971575344747208e+00 2.549877172041054019e-01 5.222752337388761879e-01 4.911401519232605484e-01 3.451322239373793010e-01
3.697654598992627505e-04 -8.846724101763344450e+00 3.103086708511548775e-01 4.912053614780029775e-01 3.951239984096160951e-01 4.215886605833331080e-01
3.689315426270094287e-04 -8.846481908749579404e+00 9.041654460166043128e-02 5.553157223328732961e-01 6.032122023168023928e-01 5.828618976422242914e-01
3.687753312076718628e-04 -8.844405414147756161e+00 4.025879215915306730e-02 5.527057177659833176e-01 5.869740006970223245e-01 6.266751383938213849e-01
3.683922483242349738e-04 -8.842944751548259319e+00 2.939806470692939433e-01 5.604505219077340339e-01 5.154933820445364301e-01 5.853122511992542298e-01
3.677031005446513667e-04 -8.842317193703996381e+00 2.767666974376203903e-01 5.918412706804236922e-01 6.896579387497353553e-01 7.320720624695304934e-01
3.671213567136892239e-04 -8.841400548603935761e+00 2.380570606278533674e-01 5.955087929262291579e-01 7.637427614551606236e-01 8.937125272319137448e-01
3.671024463626711728e-04 -8.838952059739755285e+00 1.351766949809862783e-02 5.423690188134062673e-01 5.708011692719693331e-01 4.501441256008523739e-01
3.670115602206206395e-04 -8.836699667445643058e+00 2.501673438907011660e-01 5.778987422271444352e-01 7.185240466521757297e-01 6.295415434294057144e-01
3.665967360531667790e-04 -8.835330582168866798e+00 3.020068332137765266e-02 5.533480296897139716e-01 6.471579609788631338e-01 5.151043214755492983e-01
3.659505079758336834e-04 -8.834594914094854090e+00 2.912301813159245967e-01 5.356843448577510713e-01 4.280686118338767887e-01 4.886028286525946895e-01
3.655158815402710778e-04 -8.833283284450461181e+00 3.144949994016801309e-01 5.264053302344225971e-01 5.056186738679311343e-01 3.978358828387748014e-01
3.663108449139079975e-04 -8.828610738251796874e+00 3.003472768390094139e-01 5.344132317127605614e-01 4.447116543394649124e-01 4.972064462780138028e-01
3.671769726264068057e-04 -8.823749068175334997e+00 6.808786683395408046e-01 7.015698511135418647e-01 1.765953302310084849e-01 5.790440797206893864e-01
3.684076781117456953e-04 -8.817902868298920893e+00 6.671833046047328519e-01 6.961110890811185170e-01 1.451158463318519276e-01 4.232132404557751304e-01
3.675073111222509448e-04 -8.817849801577658297e+00 3.007116620634213700e-01 5.278044600246624141e-01 6.255792222959704052e-01 3.125230443440430994e-01
3.683619634117700579e-04 -8.813026963260110591e+00 2.436410790186538389e-02 5.302886747099029296e-01 5.329527310356267922e-01 4.468918790559129883e-01
3.686913984330816504e-04 -8.809633038721390363e+00 2.954367066905638217e-01 2.176009834020539713e-01 3.910410073732326075e-01 3.351015127846415087e-01
3.683943458241850676e-04 -8.807939057905162628e+00 9.422320301224341721e-01 9.924653933200678901e-01 7.135400647962897303e-02 8.415575777672311686e-01
3.676087794097297442e-04 -8.807573740995035649e+00 3.176775704215044627e-01 8.122998353225541202e-02 4.179757193098513346e-01 3.522833882428336727e-01
3.708885911851083988e-04 -8.796191290034089505e+00 3.027316693569575001e-01 3.145184591082230696e-01 3.606684589483229453e-01 3.388029639918037628e-01
3.703385639764623233e-04 -8.795175389222229967e+00 2.960237706631155818e-01 3.419585402386277062e-01 3.785322056210328467e-01 3.292326686871661634e-01
3.694650597979412575e-04 -8.795036839089116043e+00 6.657978949922923606e-01 6.941501309827788901e-01 2.497414725682297609e-01 3.719738147116308236e-01
3.699118591024375753e-04 -8.791328255625224131e+00 3.045191292540678774e-01 3.102561129513656257e-01 4.204203248176203167e-01 2.884996788496535514e-01
3.695048683882441710e-04 -8.789929098330464541e+00 3.611845632477539425e-02 5.346750676754564724e-01 5.487885048739011840e-01 4.131831303053896676e-01
3.690579905872824491e-04 -8.788639226486964162e+00 2.841674204065632869e-01 5.166697640833706195e-01 4.006589748949709873e-01 3.787185137859367945e-01
3.682522181563400629e-04 -8.788324935411573335e+00 2.682009865437933738e-01 5.444848022041376412e-01 5.291932732902473457e-01 4.762758184673175910e-01
3.684367590106703760e-04 -8.785323934680164371e+00 6.509556360973411948e-01 7.197334359498936962e-01 7.943933778777889643e-03 8.082838482617618059e-01
3.677362476949078965e-04 -8.784727051259586972e+00 2.480840419656354934e-01 5.762126673320151493e-01 5.819579481303217561e-01 6.771526902220209587e-01
3.671588034997084159e-04 -8.783798552695335715e+00 7.562031800280577531e-02 5.469073867650217080e-01 5.370180497242166284e-01 5.210759108501097359e-01
3.671992936800871042e-04 -8.781188279027553278e+00 2.811688502326052941e-01 6.016284491267004375e-01 8.889385226745225577e-01 8.375841942365801485e-01
3.696997842831284842e-04 -8.771901731792119961e+00 2.846544844667066032e-01 5.658481371467479759e-01 6.783885567869426536e-01 3.975652016419960466e-01
3.696744529491209305e-04 -8.769470252800136478e+00 3.159435665155218009e-01 3.582375696524767728e-01 4.418418161763623120e-01 3.059786746357362475e-01
3.697035174325592906e-04 -8.766891634056765525e+00 9.803117485983903201e-02 5.465969003509422164e-01 5.679910005758455060e-01 4.946902596652275053e-01
3.691581577366157799e-04 -8.765867850277768270e+00 2.863141783682536801e-01 5.420886172173118300e-01 5.228721038335395477e-01 5.213697536585318870e-01
3.694086795412806113e-04 -8.762689450431933480e+00 5.621535965839968840e-02 5.327184117899209648e-01 4.978178774667495476e-01 4.390170044086326717e-01
3.694672695560265933e-04 -8.760030858140657628e+00 2.916792995657533361e-01 5.579361470263398681e-01 7.277702234009735260e-01 4.136238252458965814e-01
3.688649184045735799e-04 -8.759162512008417778e+00 2.594314288854001060e-01 5.794570977222769370e-01 7.054525356347751686e-01 5.441795042608518207e-01
3.688666939970110920e-04 -8.756657698354219477e+00 3.112214923569686098e-01 1.223091565311861806e-01 4.102754981543021429e-01 3.607397395304676180e-01
3.680571514381253623e-04 -8.756354785311172506e+00 3.155212268130053177e-01 4.898306784834349781e-02 4.270547892500606846e-01 3.385297269309898160e-01
3.696112605487994907e-04 -8.749641208086625710e+00 2.635425115364800619e-01 5.615449935330626419e-01 6.121872587467844795e-01 4.205800877604830568e-01
3.687017294456625973e-04 -8.749605018355605779e+00 3.094688193099475182e-01 4.947266212951769715e-01 4.268359392830466392e-01 4.313949172245068464e-01
3.684537682559040203e-04 -8.747777769762556943e+00 2.455754100201502643e-01 6.006887264414909611e-01 7.669521995788581847e-01 9.283058580323260145e-01
3.699637834188233116e-04 -8.741187896047236450e+00 1.356544205225368449e-02 5.627910109720479781e-01 6.367883751233598399e-01 7.048162138072366911e-01
3.696137599744390924e-04 -8.739634445800252394e+00 2.992925220100086658e-01 2.090986759389686922e-01 3.878400039212129835e-01 3.454353620248472589e-01
3.703059026754908591e-04 -8.735263586197863361e+00 5.146221785463156451e-02 5.482527891613931947e-01 5.776550464160330467e-01 5.696100601703892874e-01
3.719087029266305894e-04 -8.728444612330919838e+00 3.149663175079802091e-01 5.217203103468017744e-01 4.919960438731083574e-01 3.776159432991479381e-01
3.715893207894296023e-04 -8.726803746172995702e+00 3.063274515909300000e-01 5.511959441740716947e-01 5.753415271001881548e-01 4.716948999736347847e-01
3.711887398584051158e-04 -8.725382348224085760e+00 6.429257596772693928e-01 6.836707067512770575e-01 2.068522485242049180e-01 5.609773632916712494e-01
3.720649743638809953e-04 -8.720524512952893659e+00 2.732533791298148440e-01 5.875706556252453527e-01 7.729676452689568933e-01 8.172658702389030694e-01
3.719626283707580831e-04 -8.718299626385221046e+00 2.670111320168665481e-01 5.373872729081019539e-01 5.609264690055173475e-01 3.848318240110562005e-01
3.713056485587895692e-04 -8.717567440251244193e+00 2.395611183890287710e-01 5.452240566362114293e-01 4.800133854126770183e-01 4.422682496803530539e-01
3.710897989536145409e-04 -8.715648935226679939e+00 2.926723624650174882e-01 5.723374438722581559e-01 7.324386282626722533e-01 4.667647987433399814e-01
3.706001136864441655e-04 -8.714469393628439420e+00 3.038358219016142892e-01 4.802155862709454048e-01 5.209204042652300082e-01 2.775853141853560357e-01
3.714056788635208980e-04 -8.709798075017017638e+00 6.597237179347820168e-01 7.145477889916622694e-01 1.888678528536198165e-01 6.576235051530980869e-01
3.704889635027856743e-04 -8.709769358067024569e+00 8.130420877575705862e-02 5.462436253204739911e-01 5.652801939741225468e-01 4.770870833018283630e-01
3.714615304000885550e-04 -8.704647707532826573e+00 3.024632901551350672e-01 4.277019631480455386e-01 3.670763599683208311e-01 3.245613654039373741e-01
3.706137092422207230e-04 -8.704432709056836970e+00 2.857329999188324976e-01 5.786113118930437116e-01 5.857675522173784177e-01 7.563784914370468293e-01
3.700457139418075812e-04 -8.703466465042330569e+00 3.186336400948532321e-01 3.224090246615077815e-01 4.068476531095108761e-01 3.404576209910439299e-01
3.692588391590615957e-04 -8.703095154975530434e+00 2.951983590626273690e-01 4.355333451233386333e-01 4.243348241405026089e-01 2.878460207763892109e-01
3.687724238476965360e-04 -8.701913298003271180e+00 2.528094170107288985e-01 5.498896608382339846e-01 5.957078357510053879e-01 3.845004110656596308e-01
3.684158007306194264e-04 -8.700380820633194290e+00 6.667122122418237540e-01 7.137785133748910660e-01 1.348490263654396615e-01 7.237941286018468867e-01
3.678997842208153301e-04 -8.699282438648154425e+00 2.656671848670910663e-01 5.926086837854241951e-01 6.499603555381316955e-01 9.142536704096316802e-01
3.693116155482381287e-04 -8.692952239999902631e+00 3.036304892638966857e-01 2.807044155007347719e-01 3.788978154927059583e-01 3.639527091318232044e-01
3.689990551360301904e-04 -8.691298930812564549e+00 3.023866095873661841e-01 7.274969181405788188e-02 3.780157435753341844e-01 3.176429367104082191e-01
3.694508740423111380e-04 -8.687575235217758873e+00 2.715581625266337840e-01 5.917220933266725824e-01 7.245455109617731093e-01 6.898404704193041859e-01
3.697795932212735205e-04 -8.684185880097299304e+00 3.166630227101669970e-01 3.432826624842706398e-01 4.076245331297552177e-01 3.568081924590592591e-01
3.701648710045887412e-04 -8.680644510543878312e+00 6.556972307035622283e-01 7.223479457644896851e-01 1.004497932514011316e-01 8.429679970293413316e-01
3.702466294497273316e-04 -8.677923664580733387e+00 2.591888481913183773e-01 5.706841005777547604e-01 7.093876133614922530e-01 4.897370956488300564e-01
3.693506094657366735e-04 -8.677846660165940307e+00 2.852441490966992621e-01 5.747619361615768918e-01 6.324642263555690924e-01 7.712595326068059087e-01
3.685455499304012006e-04 -8.677528701214701101e+00 2.765804707447589994e-01 5.789706903102048718e-01 6.653463071177790900e-01 7.976584228083724026e-01
3.700661757580558995e-04 -8.670911171196786782e+00 8.919077110654158869e-01 9.541837924516124447e-01 4.842903410450416501e-02 9.623522554834074150e-01
3.708311705116553738e-04 -8.666346121215690701e+00 6.628020448731204439e-01 6.288741202748264758e-01 2.567667190452957993e-01 4.185996613323001991e-01
3.702702838681662411e-04 -8.665359778346612529e+00 1.890347222515581516e-02 5.540540368071174004e-01 6.171068372751009612e-01 6.296693340932986160e-01
3.694417243591736921e-04 -8.665100001153039244e+00 2.883879630831852614e-01 4.865765757671512981e-01 4.241349682934801857e-01 3.025547130356672776e-01
3.689159724073484779e-04 -8.664024113187039688e+00 2.582043058716503303e-01 5.393965207760038627e-01 4.609689995555726894e-01 4.120236826883147963e-01
3.681448554497224971e-04 -8.663616524586000622e+00 6.438739041707772781e-01 6.591484801560570927e-01 2.132129675332403718e-01 3.992175643358904513e-01
3.675288779892104643e-04 -8.662791119114688243e+00 6.539419054142664445e-01 6.477082462366404725e-01 2.694542151668875007e-01 4.357013879706153059e-01
3.671322243253174848e-04 -8.661370946809897831e+00 2.293183433340745259e-02 5.472052300625057653e-01 5.501367994428780772e-01 5.772934011192444315e-01
3.691411073199092749e-04 -8.653414038639349215e+00 3.028952392204536936e-01 4.236014834427064280e-01 4.235950102585271937e-01 3.610391941210396305e-01
3.686639762789056763e-04 -8.652207418471295597e+00 3.001246464289417659e-01 5.275546267038561110e-01 4.609729971452573016e-01 3.442876971798876085e-01
3.678106681266712203e-04 -8.652024697254907082e+00 3.049149466262733865e-01 1.226423144619950278e-01 3.840073889593795808e-01 3.632684678741787687e-01
3.687428920904375733e-04 -8.646993382461550581e+00 5.242126622524967416e-02 5.407016431936908507e-01 5.429704142161455582e-01 4.556442188378528879e-01
3.680391040495340350e-04 -8.646403820715052646e+00 2.361328411865957211e-01 5.789200915714447504e-01 6.741801941452871816e-01 7.013940739551379755e-01
3.679679778952389831e-04 -8.644097096449108619e+00 3.095230839899205666e-01 3.658274652547010009e-01 3.951962168246789808e-01 3.697360883999940562e-01
3.680376237684475794e-04 -8.641407842798704664e+00 3.122010194874105249e-01 8.310753339591675504e-02 4.136994639442588273e-01 3.531900478517637221e-01
3.682456664887947726e-04 -8.638342726820559037e+00 9.309714143799469044e-01 9.924413167299168670e-01 4.565339327625950183e-02 9.877392993513276487e-01
3.699918125064425678e-04 -8.631112137210383395e+00 3.168124386010715554e-01 2.404038313411541172e-01 4.281093508253580038e-01 3.179650910149075527e-01
3.696405652642942665e-04 -8.629561925994948979e+00 2.578337565728245906e-01 5.639316071689229881e-01 5.773285839196371505e-01 6.020637260337362573e-01
3.690022965248102417e-04 -8.628790146577220099e+00 2.774687476599184688e-01 5.196986794359299555e-01 4.816042637234371759e-01 3.840226629109616541e-01
3.705519467423454326e-04 -8.622099372202978174e+00 2.800391567050499741e-01 5.320255540206059175e-01 5.845570534662916096e-01 3.532564210238741120e-01
3.698855347719530386e-04 -8.621399421949165642e+00 3.141441874266843737e-01 3.345343159957912538e-01 3.917141768598111917e-01 3.606250666191944121e-01
3.690368856269293720e-04 -8.621196414149512322e+00 6.889574734716383819e-01 7.005309983002206975e-01 1.626339795945643818e-01 4.726555133528766994e-01
3.682097982980995382e-04 -8.620940134450586712e+00 5.466066260049640135e-03 5.488710939025749358e-01 6.363984838449310288e-01 4.970268943546520823e-01
3.676861943761209283e-04 -8.619863172530836337e+00 2.326662148541319142e-01 5.520068477437531929e-01 5.385378915474692274e-01 4.820033086325198890e-01
3.685747952929322975e-04 -8.614949350908519321e+00 6.593753614958678400e-01 7.275433806791711255e-01 2.329077387881139938e-02 9.436621670850976473e-01
3.712226144588103753e-04 -8.605291092614290704e+00 2.316010534040693625e-01 5.785023529790361829e-01 6.235281501639096113e-01 7.163770439514774990e-01
3.705170096535155121e-04 -8.604693660564553426e+00 3.047370965625382233e-01 3.000836644315699742e-01 3.777820053947547052e-01 3.631841711774070891e-01
3.700348957773405296e-04 -8.603495700140042501e+00 3.158765532134850673e-01 3.204592968908491768e-01 4.125723732286306067e-01 3.537186849713137571e-01
3.697294563998573705e-04 -8.601821474980203774e+00 2.585813017933594748e-01 5.781472227213860782e-01 6.191729926810555229e-01 6.148958533766960555e-01
3.712989803011524769e-04 -8.595085399357287770e+00 3.011306788953918012e-01 4.602263853346226785e-01 4.701653277646464790e-01 3.459335517166705065e-01
3.710706450967693882e-04 -8.593200551712046220e+00 4.396469433870953125e-02 5.595729694902785711e-01 6.228722419005078281e-01 6.430380660720250718e-01
3.710543671271906833e-04 -8.590744420249865954e+00 3.164474010678468563e-01 1.826220431736696459e-01 4.210846885085544611e-01 3.206375359149133408e-01
3.701622310750264612e-04 -8.590651642336187166e+00 2.923628672888805013e-01 5.851572261010026255e-01 6.713092017506081532e-01 8.130790479051016595e-01
3.697229890357438286e-04 -8.589338967285913284e+00 6.485057617448232170e-01 6.845957385792893479e-01 1.594853246987781303e-01 4.559439289230731718e-01
3.710206318582545833e-04 -8.583335341703913102e+00 2.838388329500720619e-01 5.560872275464896486e-01 5.923861394803846547e-01 5.778289472928567205e-01
3.716330425363780767e-04 -8.579186091621265220e+00 3.056555987244968797e-01 2.866972177433969038e-01 4.098971843017165106e-01 3.571219692825554626e-01
3.724806293815954091e-04 -8.574407979435527238e+00 2.794207481424964001e-01 5.992518953667688164e-01 7.023824089335618526e-01 9.258163967955408413e-01
3.716718777862843730e-04 -8.574081598165403051e+00 6.863646587134826227e-01 7.033477190242063415e-01 2.221996861690676284e-01 4.965039166653879565e-01
3.733210937341549583e-04 -8.567154123799916476e+00 2.568595991316852123e-01 5.589143989258169576e-01 5.215716522786185694e-01 5.545917918090871312e-01
3.754777247361010305e-04 -8.558893866406524609e+00 3.060586363337519655e-01 1.075465566588931221e-01 4.428208870395576868e-01 3.081531784385225237e-01
3.746580432441227906e-04 -8.558579288974556221e+00 2.787294523362618959e-01 5.904018499561967115e-01 6.517774956892045113e-01 9.849971775748489478e-01
3.740282509549484901e-04 -8.557761682368436595e+00 3.093374329822647928e-01 4.778966372443319566e-01 4.039179791683146226e-01 3.164253995435245548e-01
3.741278515829928476e-04 -8.554995426093052302e+00 6.684904075958397751e-01 7.345997907373056357e-01 5.140976686392234596e-02 9.555587074040821083e-01
3.749880608084241954e-04 -8.550198826623493176e+00 9.164921663648470940e-01 9.761515972215618620e-01 3.040719733560365290e-02 9.718009608162690993e-01
3.748385304099537021e-04 -8.548097666574497211e+00 6.691575553027687695e-01 7.234753729650104104e-01 1.351598617078523246e-01 4.819478923078875932e-01
3.744205326002419411e-04 -8.546713429796360728e+00 2.859114996443166135e-01 5.536561629840610621e-01 5.252182450116512635e-01 5.895499638510682816e-01
3.739761137207788726e-04 -8.545401085924664741e+00 3.085043433738054452e-01 4.793622675221297924e-01 4.779853841516558122e-01 3.768342911516492366e-01
3.744697664916336139e-04 -8.541581944873881227e+00 2.795880748333275934e-01 6.033234341277948776e-01 8.867388759444121415e-01 9.501563600895182038e-01
3.744682609136759524e-04 -8.539085965441410409e+00 2.549529281320417340e-01 5.573918569119742372e-01 5.368461142254496998e-01 4.565404916883182285e-01
3.735665367844978537e-04 -8.538996881534423267e+00 3.013133688767861695e-01 5.298484060681464269e-01 5.850496210758338034e-01 3.026971642620934766e-01
3.731706905810236062e-04 -8.537557083774370170e+00 3.002090933813391649e-01 3.243969060524218850e-01 3.776081282927497562e-01 3.479080078860861680e-01
3.722514391759206573e-04 -8.537523476531973188e+00 2.420384161787023647e-01 5.559094766984814528e-01 5.446969795926963620e-01 4.466413561368729468e-01
3.725946891790149810e-04 -8.534101809588086951e+00 2.943836901178580323e-01 4.850336910314385075e-01 3.706871025879644455e-01 3.506737856955977062e-01
3.717945771359011881e-04 -8.533751524495190921e+00 2.757113189713079615e-01 5.602971188341382414e-01 5.094594429942445046e-01 5.249835277893581953e-01
3.712467744851208275e-04 -8.532726012419272976e+00 2.648248654941201541e-01 5.651233369248288563e-01 5.997029510198699231e-01 6.065235611537772575e-01
3.705753722196725056e-04 -8.532036156405290228e+00 2.748070284372479133e-01 5.750232790751801382e-01 7.823486218703761264e-01 4.832821703869342733e-01
3.714190553723639232e-04 -8.527262059768141000e+00 3.015413071653962329e-01 1.176760876775133080e-01 3.914828695141110426e-01 3.148331850841402657e-01
3.709525193659210605e-04 -8.526018939971361732e+00 2.758006392081883140e-01 5.729808475290143477e-01 6.211713410522164969e-01 7.255713462314493656e-01
3.717926450591148139e-04 -8.521256721133134704e+00 3.022171282689051219e-01 3.846435440339489586e-01 4.431081744096457831e-01 2.936023268421257271e-01
3.713201459679301960e-04 -8.520028396605731302e+00 3.078040235177915696e-01 1.378138187557814698e-01 3.797733129029740029e-01 3.247123066835865268e-01
3.707369122394362079e-04 -8.519100334618151749e+00 3.056382757906344616e-01 1.577498096997129173e-01 3.706069272496806399e-01 3.433173759316349161e-01
3.700703345273868156e-04 -8.518399933352787556e+00 2.677535349349555727e-01 5.938431629867703121e-01 7.676673738064175856e-01 7.009805177140676635e-01
3.701366537019597181e-04 -8.515720742462116633e+00 3.040366048756287798e-01 8.528905893296867546e-02 4.248041153680761628e-01 3.055512092310178618e-01
3.692743526257655576e-04 -8.515553143412960324e+00 6.498813138268070277e-01 6.955578320648718726e-01 1.721497435846461865e-01 4.702787473388345685e-01
3.698754226689479423e-04 -8.511426760788586066e+00 6.680917770577596837e-01 6.639776060009007219e-01 3.045811649216392247e-01 3.628362005036689375e-01
3.701176725746258152e-04 -8.508272025181218723e+00 2.778135180809137572e-01 5.150433480005148779e-01 4.508880023582056973e-01 3.321245308732901913e-01
3.694490323378473991e-04 -8.507580220208165400e+00 2.980607194810189764e-01 4.997887665143343483e-01 4.169379196003745180e-01 3.103151025511445837e-01
3.721561834509652536e-04 -8.497779400094771063e+00 3.149450710185293101e-01 1.307302746606142652e-01 4.272452148249341608e-01 3.152133311205526089e-01
3.713501936519096125e-04 -8.497447478646869001e+00 2.518529485325943229e-01 5.475337438993312933e-01 5.616183777224510454e-01 3.830990494052766149e-01
3.745966640720891912e-04 -8.486243129579300160e+00 2.886710489216293141e-01 5.704843746298978724e-01 6.610134973629464561e-01 4.566514224244077602e-01
3.745591870010365663e-04 -8.483843181046639259e+00 2.862794762712868035e-01 5.072720068385335734e-01 4.464643120879825400e-01 3.894194032990512255e-01
3.739718004898526411e-04 -8.482912619430805989e+00 2.402992418481023351e-01 5.491870041118812606e-01 5.170261703131855402e-01 4.287047826668624606e-01
3.733301248992253532e-04 -8.482129932678709849e+00 2.973925666116306044e-01 1.595124289637545045e-01 4.017686259198118837e-01 3.152757643834839252e-01
3.742123555834857935e-04 -8.477269582285554606e+00 2.499662368436247895e-01 5.880497410419142090e-01 6.788507152524586585e-01 8.838645312575152957e-01
3.736613372431462363e-04 -8.476243142447730250e+00 2.509655911755137025e-01 5.463892525384473897e-01 5.499159018588245518e-01 3.828537164258575820e-01
3.736804032328181076e-04 -8.473692118963715103e+00 3.136064468713573028e-01 2.880456705460209266e-01 4.298646226306586104e-01 3.367470541271014861e-01
3.733338286185612967e-04 -8.472120011965870390e+00 2.415239310050236732e-01 5.907660387481549202e-01 6.713648957335074385e-01 8.814435382990255530e-01
3.725367399055600241e-04 -8.471757350667996178e+00 3.139246169671734421e-01 2.123604398730353227e-01 4.298179871201569524e-01 3.280767054324701393e-01
3.731835740466395634e-04 -8.467522560046905511e+00 6.570325766741897944e-01 7.071875520166190920e-01 4.959253735550672726e-02 6.677538684409458636e-01
3.736862204982710359e-04 -8.463676551596194031e+00 6.771809737355236614e-01 7.118815822171536967e-01 1.938964857480250104e-01 6.023944232214677452e-01
3.735555431228973207e-04 -8.461526310892494962e+00 2.914235574800392303e-01 5.273420543494962143e-01 4.096933998376877661e-01 4.364357277344851349e-01
3.727750419495043030e-04 -8.461117881232878446e+00 2.625532228156982062e-01 5.424867881669971359e-01 5.503628791768688799e-01 4.248021035808591250e-01
3.719271592950812270e-04 -8.460894987489250951e+00 3.048884264763020990e-01 5.233326973055918430e-01 5.967548990967613820e-01 3.309507607405494101e-01
3.737996090855306183e-04 -8.453373165007066703e+00 3.155953909970861115e-01 1.293293126502715884e-01 4.289224744693889702e-01 3.203322327185198493e-01
3.739280714273549586e-04 -8.450529557711424999e+00 1.182269291654897136e-02 5.499508077900062686e-01 5.957954205546039939e-01 5.923061276389189889e-01
3.734205343337492974e-04 -8.449387791787785318e+00 2.892058316614298796e-01 4.958749042718871847e-01 4.659340042773918444e-01 3.613831445421478161e-01
3.731597391285115112e-04 -8.447586431237862570e+00 6.578816535926637066e-01 6.934557328019875788e-01 2.428177345073867510e-01 4.083138671242705353e-01
3.756806908007102354e-04 -8.438353458244034044e+00 4.795448327766460572e-02 5.459159559719528598e-01 5.905578467110620400e-01 4.939758419052471261e-01
3.760414233062632245e-04 -8.434893708553360625e+00 6.534406080474581824e-01 6.999885000760294185e-01 2.255896726370539007e-01 4.627647444863847714e-01
3.770527526143482378e-04 -8.429707909224784856e+00 6.833204718278218515e-01 6.811514768526816255e-01 1.961990122163557448e-01 4.178182653538790592e-01
3.761982229703939983e-04 -8.429476821017116706e+00 3.111921137693959283e-01 1.161108749752567948e-01 4.231285766938627790e-01 3.090213004225415561e-01
3.758559946861535109e-04 -8.427886937069466455e+00 6.617385317094448549e-01 6.296295484678902099e-01 2.605209908528441920e-01 3.616544547465728732e-01
3.762974262722780473e-04 -8.424213156230326405e+00 3.072550604322793477e-01 2.522642103979293449e-01 4.045921291520006013e-01 3.066702330843473767e-01
3.764174871540859895e-04 -8.421394148646752953e+00 3.147506754945752494e-01 3.187644123705103416e-01 4.179005207996556726e-01 3.433241218090430369e-01
3.767614517806224406e-04 -8.417980780965667265e+00 6.815815297004148565e-01 7.272298209291372384e-01 2.068886919312413752e-01 4.971272407359740853e-01
3.762210261766291033e-04 -8.416916207984508347e+00 2.574302207626543715e-01 5.414720823163151620e-01 5.311964693201192134e-01 3.691371799925949881e-01
3.761631160439078778e-04 -8.414570145659656220e+00 3.073587108624217246e-01 3.918790385494808071e-01 4.030227849892988878e-01 3.629115397535438436e-01
3.778664304106830909e-04 -8.407552239771098002e+00 6.535086277664698962e-01 6.332305937462808787e-01 2.359354160720902316e-01 3.805983283495957270e-01
3.772059214624769912e-04 -8.406801765137887017e+00 1.297924733720062784e-02 5.523156691316716271e-01 6.275406306443972460e-01 5.366982403711936245e-01
3.765332839027354895e-04 -8.406086567450181235e+00 2.548506941048039875e-01 5.388990860367917080e-01 5.274831492301241820e-01 4.094200401620091689e-01
3.775184799234605911e-04 -8.400973493312363871e+00 6.607775934784502203e-01 6.469710589445926141e-01 2.387079164678382603e-01 4.492563520670673771e-01
3.766458898190559994e-04 -8.400787552498393040e+00 2.532124309346209801e-01 5.859872500154882369e-01 6.915500952241078192e-01 8.292218351151984246e-01
3.781238635775512774e-04 -8.394371190877045308e+00 2.886311612954001182e-01 5.915020000883646212e-01 7.879549283193557629e-01 8.192486814352016866e-01
3.772097695676509101e-04 -8.394291563586627092e+00 2.556802618759780321e-01 5.631936841412712447e-01 5.801758569523092213e-01 4.720989410964809285e-01
3.768251762184021323e-04 -8.392811657906518619e+00 3.064046188845179763e-01 3.712235406260671056e-01 4.092903384615999007e-01 3.025830632395966058e-01
3.764162432868798139e-04 -8.391397453140584162e+00 6.680907961740492063e-01 6.670722613481485652e-01 2.406928590018899417e-01 3.566900127711799540e-01
3.755425882311936030e-04 -8.391221132076648104e+00 2.522419736442400584e-01 5.617792034221771313e-01 5.782472748783668015e-01 4.632951875010208331e-01
3.768861080448679163e-04 -8.385149973113232846e+00 3.041184124417886103e-01 9.737261846487876848e-02 3.925006384877272048e-01 3.210854294225077288e-01
3.773937531774562855e-04 -8.381303933704428388e+00 6.605799237827488790e-01 6.552094578363661936e-01 2.126523173014315815e-01 4.756612378802609342e-01
3.780348836058002016e-04 -8.377106538209851294e+00 6.721857753260206403e-01 7.035791134937974256e-01 8.112160031412751771e-02 5.928917032622682548e-01
3.770956744393613269e-04 -8.377094080637421669e+00 3.038807823152346321e-01 1.235655193851268874e-01 3.998226913906591795e-01 3.414323506467739078e-01
3.772210969629018586e-04 -8.374261534605171420e+00 2.497370205588013703e-01 5.888249000922881615e-01 6.816605583474506513e-01 8.894113951485513869e-01
3.764412432406272755e-04 -8.373831039631511430e+00 3.148146653298928843e-01 5.074622745015473502e-01 4.597484135839312591e-01 4.047369768446471561e-01
3.756254131786840116e-04 -8.373500608977504811e+00 6.742130962708471342e-01 6.649792333079660445e-01 2.922667171020851828e-01 3.538086742117571015e-01
3.765886153267383133e-04 -8.368439628623526971e+00 2.456906416147260075e-01 5.757381588774830306e-01 6.812832463672159333e-01 5.545678145379988599e-01
3.766342233122719802e-04 -8.365818527713548391e+00 6.488022658406795706e-01 6.336523033696837004e-01 2.509526583052139603e-01 3.740364536201442602e-01
3.768179679267341458e-04 -8.362830787097111696e+00 3.152715919584897497e-01 4.503989247559244680e-01 4.620761172778468096e-01 3.100342394680810632e-01
3.764417686942134623e-04 -8.361329643787600574e+00 3.103911373886560909e-01 4.072871988610636818e-01 4.134969788864942819e-01 3.049787556659895316e-01
3.760223017767360320e-04 -8.359944559375968254e+00 6.816701092244645821e-01 7.075248494716122050e-01 2.566355726130822301e-01 4.418253691041758024e-01
3.751330504321728028e-04 -8.359812250047077953e+00 3.158214548844262004e-01 3.748146488758709038e-01 4.056199307901378059e-01 3.323728157615580825e-01
3.763092530324577438e-04 -8.354181727436241545e+00 6.595456970522851625e-01 6.741781038065501885e-01 1.469754558213652862e-01 5.179541108366498836e-01
3.757083903203031392e-04 -8.353279729412209420e+00 2.969370137297870360e-01 5.527354545566686150e-01 5.294781778003756489e-01 5.732767052942224772e-01
3.749737065354170483e-04 -8.352737106636283215e+00 6.499798639367024844e-01 6.888641252334787302e-01 1.686880086170967075e-01 4.567779399385671901e-01
3.744353528514716219e-04 -8.351673848746109741e+00 2.761818467906212993e-01 5.967782944966806280e-01 7.368499279938443003e-01 7.867480183273249938e-01
3.742732114871673505e-04 -8.349606971524615062e+00 2.623866470661452843e-01 5.544553961508884576e-01 5.092512158076664130e-01 4.766582891563997948e-01
3.741234800347486276e-04 -8.347507110798648711e+00 6.593707956407016679e-01 7.366674673842572574e-01 1.556703162124251083e-03 7.634101525190568616e-01
3.732463131659607579e-04 -8.347354455525543671e+00 2.842909015545571072e-01 5.807298028101842702e-01 7.226864354540178947e-01 7.731857473533735314e-01
3.739469768331877978e-04 -8.342979000052437755e+00 2.888161713095670491e-01 5.678541100098462024e-01 6.046631857702873258e-01 4.778388723525298643e-01
3.749711374935561846e-04 -8.337743957918432258e+00 3.049382486028529571e-01 9.225557355818259087e-02 3.985925861756707267e-01 3.451449259659417068e-01
3.753986516450074718e-04 -8.334104481879029080e+00 3.033767814666061824e-01 1.953545083627913903e-01 4.129054747308714690e-01 3.401937786377411954e-01
3.751328621429862601e-04 -8.332312751973621090e+00 3.031785482402546972e-01 3.287092306042129763e-01 4.306336098479578434e-01 3.036940053352784608e-01
3.748691541237734277e-04 -8.330515971496666339e+00 6.491353521835341311e-01 7.308943171683786044e-01 1.740488542443308084e-02 9.374682157257221427e-01
3.749087913629510493e-04 -8.327910240888147797e+00 3.103793498839079179e-01 3.330395838192841129e-01 4.092154086411556868e-01 3.112046204255215498e-01
3.765993755410394317e-04 -8.320911056170359643e+00 2.823044543339806034e-01 5.390355911858637494e-01 4.763365397045772331e-01 3.745656085982719263e-01
3.760243427204350698e-04 -8.319939131670889054e+00 3.067004127507678701e-01 5.266626479457359178e-02 4.012399741823573507e-01 3.323035068316191332e-01
3.755233827053077681e-04 -8.318772274124455635e+00 2.799677743359844095e-01 5.884075840628817389e-01 7.044064374317482446e-01 6.552588421106173566e-01
3.757748266115021720e-04 -8.315602915639463077e+00 6.548913253202257589e-01 6.507245768734841729e-01 2.054397137999399159e-01 4.703519312097731442e-01
3.757939982561499140e-04 -8.313051897970776594e+00 2.680563171147430923e-01 5.598757119849323560e-01 5.989597537374614644e-01 4.205418484665504053e-01
3.762202993952195262e-04 -8.309418139780099466e+00 6.533399754088597966e-01 7.322668027296621585e-01 1.188001809426433297e-01 7.397905949622798349e-01
3.764875612002576539e-04 -8.306208005529455818e+00 2.586918040377272354e-01 5.749791361596438000e-01 7.126608060259478350e-01 5.280351008627075515e-01
3.756265292848982428e-04 -8.305997637654179755e+00 3.009292100775683987e-01 1.471249364391839509e-01 4.145005075117874083e-01 3.173700335665085026e-01
3.753803751457900572e-04 -8.304153168639238913e+00 2.883587304027666609e-01 5.274369725405955167e-01 4.163771248409464110e-01 4.335130733988313834e-01
3.744933354776685337e-04 -8.304019007231254079e+00 3.018856331279646810e-01 5.202223865964964444e-01 5.434433102506779356e-01 4.201777918176657911e-01
3.736333547586336077e-04 -8.303818032540860372e+00 2.447248002350331797e-01 5.718014890371998504e-01 6.091843500369474862e-01 6.573778875676938860e-01
3.728237292354639435e-04 -8.303487282074460296e+00 2.366921271286458184e-01 5.814745096564846172e-01 6.785120620069148289e-01 7.136749444235409578e-01
3.720435318762138231e-04 -8.303082145643596590e+00 2.982743422795807176e-01 5.078909611953006387e-01 5.670708125977036440e-01 3.288784771719964750e-01
3.718473573746726261e-04 -8.301109573815987019e+00 1.474169840999856040e-02 5.482427663004005858e-01 6.013608508234319361e-01 5.131600099252905389e-01
3.745044888626205821e-04 -8.291489225075446612e+00 3.002890003608036928e-01 1.950245009086551962e-01 3.938207447823099949e-01 3.247803822714839250e-01
3.746955225100498518e-04 -8.288479258047498632e+00 6.664258056545347975e-01 6.664343339165540447e-01 2.048708890530565319e-01 3.877728684764091271e-01
3.751377047100659602e-04 -8.284799843118364038e+00 2.985717855933568421e-01 4.562384887689659996e-01 3.708091331307225014e-01 3.518016854227803414e-01
3.751533252789363048e-04 -8.282258204425513526e+00 2.407783544601171111e-01 5.586126730810434537e-01 5.892509731793431627e-01 5.042177003894942056e-01
3.743485220279953629e-04 -8.281905773676076166e+00 6.881494867622750533e-01 7.143457523700764700e-01 1.814480702127583278e-01 5.363931238078830654e-01
3.741698884536969394e-04 -8.279883072765017005e+00 2.836139111458635398e-01 5.571219005121136325e-01 6.379979192554063872e-01 5.388193887986809649e-01
3.743899491181821963e-04 -8.276795115303826833e+00 3.120397847363747257e-01 3.173637185942012606e-01 4.258976127546408308e-01 3.222399835161039450e-01
3.740950785313162854e-04 -8.275083028465019197e+00 6.505285806459946141e-01 7.164154691003796760e-01 3.621067984092746217e-02 7.521041007394445588e-01
3.737026184099045099e-04 -8.273632671059669264e+00 3.019825869484056291e-01 1.495372553706850738e-01 3.894512405486768580e-01 3.381388778953831054e-01
3.728564133360669480e-04 -8.273399619553343243e+00 2.890893043385495131e-01 5.011612740708952796e-01 3.936154106578816370e-01 3.640124621430187446e-01
3.726121142754650430e-04 -8.271555043787365946e+00 3.246675509633889511e-02 5.441128317771437573e-01 5.710636289810414601e-01 4.985929089780796186e-01
3.731890929778755692e-04 -8.267507771372386571e+00 6.417227770595992364e-01 6.886976053188061941e-01 1.240272813347162995e-01 5.788606141569559993e-01
3.722881770199857709e-04 -8.267424790462685635e+00 2.954782595756554331e-01 5.239804803954670742e-01 4.705055413495445871e-01 3.227125147382464698e-01
3.717002440831747691e-04 -8.266505280272793854e+00 2.880696183733850169e-01 5.807462833652329293e-01 7.338924182029598065e-01 5.354211524405521061e-01
3.723996450309879696e-04 -8.262125422033303579e+00 2.372160907038741162e-01 5.577122108397490896e-01 5.425310388463941980e-01 5.018662858171286656e-01
3.731015298244791888e-04 -8.257742433717385921e+00 3.069015659834423149e-01 4.329725828662226994e-01 4.654227005030477926e-01 3.149896767930603358e-01
3.723295501038249790e-04 -8.257313664760532745e+00 6.636007548198950001e-01 7.016530516080892177e-01 1.497986422867683132e-01 6.474515191578593676e-01
3.715014368380801331e-04 -8.257040282426157063e+00 6.632577846953593426e-01 6.320708569974309299e-01 2.464729571821414611e-01 3.921339096060383334e-01
3.706968347875870952e-04 -8.256708442596968567e+00 3.169003881808921119e-01 4.531220399512745911e-01 4.427060399281201319e-01 3.197560396395350280e-01
3.706612414072947559e-04 -8.254304464698734023e+00 2.709025315887912955e-01 5.823719145660162244e-01 6.091660328920557310e-01 7.566159488074547523e-01
3.701101976252808780e-04 -8.253292221527951611e+00 6.607385265212544212e-01 6.721502536775623149e-01 1.540172087542387991e-01 4.738093721371985367e-01
3.692452031584958646e-04 -8.253132083684956655e+00 3.068257985139812849e-01 4.336031457593843008e-01 4.064178585705086055e-01 3.737849667134565124e-01
3.694029337249498551e-04 -8.250205004644275419e+00 2.599928143017267157e-01 5.807439041635575894e-01 7.451866524053858409e-01 5.923664045594929650e-01
3.685120683508088840e-04 -8.250119553215453649e+00 2.604245466802833642e-01 5.975003687633211324e-01 7.445291522814951879e-01 8.450141372713562138e-01
3.678543917508135161e-04 -8.249405828964023968e+00 2.766596709002112631e-01 5.833856566149119294e-01 6.268747026867023120e-01 8.511247716788725715e-01
3.680196961511674478e-04 -8.246456555356347806e+00 2.880567707685205425e-01 4.992925060937629667e-01 4.946763539127677634e-01 3.023685936920941231e-01
3.678222915054349331e-04 -8.244493096227296647e+00 2.925873154427887091e-01 4.827220230123618894e-01 4.726761291914703400e-01 3.397876159575247690e-01
3.691081381069419970e-04 -8.238503355934893690e+00 2.904692656870118128e-01 5.747135527832352153e-01 7.347714310613584487e-01 6.233979541139920144e-01
3.695309069267354468e-04 -8.234858632084179675e+00 2.512982067508280348e-01 5.478060622462481710e-01 5.470847191766613493e-01 4.526430216220819203e-01
3.717088691141598716e-04 -8.226482076276962374e+00 2.814988133455867958e-01 5.855067656904133777e-01 7.719432852211107754e-01 7.825064711945208806e-01
3.708421202855816503e-04 -8.226316593999241533e+00 6.544433089688437288e-01 6.381805525882843222e-01 2.510681889533352695e-01 4.247215647443710607e-01
3.730684258323875265e-04 -8.217831164151693457e+00 3.026301399898452260e-01 3.646740347660967219e-01 4.055019496872943607e-01 3.102782988948560305e-01
3.763736713246137880e-04 -8.206510557637599845e+00 6.643309013697772381e-01 7.215300980854681967e-01 5.297326472436891809e-02 8.280248572548609687e-01
3.762095673501630682e-04 -8.204446666146582245e+00 2.669685777130803572e-01 5.879918037225313476e-01 7.720266302693867821e-01 6.206039086196991628e-01
3.753591415408350646e-04 -8.204209735809332216e+00 2.791459257272240202e-01 5.453318928642140184e-01 5.751706023848499605e-01 3.451355848570561990e-01
3.753258056860715990e-04 -8.201798550311096392e+00 3.045012433343146085e-01 5.119542674705148677e-01 4.907426311456458690e-01 4.336548296163497129e-01
3.744557633910361406e-04 -8.201619340048873497e+00 2.860088537392724284e-01 5.975528747067312407e-01 7.071801226842648891e-01 9.386412881682975051e-01
3.757544704217884450e-04 -8.195657088350515096e+00 2.581108670314674614e-01 5.869707936894081879e-01 7.625453056079409819e-01 7.028425568893963415e-01
3.770882026841289531e-04 -8.189613894784807613e+00 2.666156694746948386e-01 5.950314965441583226e-01 6.736880693182493163e-01 9.904619464073219914e-01
3.768111736669489936e-04 -8.187848817874911589e+00 3.071474760069146104e-01 3.711052458040060564e-01 4.165809022838063980e-01 3.438699011081516321e-01
3.785459381465875297e-04 -8.180755579782658771e+00 6.662379652163139543e-01 7.173403285327474288e-01 3.262907485788746342e-02 6.261537551049244366e-01
3.784153556509205533e-04 -8.178600597415744744e+00 6.743183142622449777e-01 6.980496949805703455e-01 2.680206973105269674e-01 4.563555192090382739e-01
3.782448087827385008e-04 -8.176551385970732611e+00 2.918727384930633884e-01 5.096808962052187253e-01 3.938875708714557611e-01 3.712799523575189831e-01
3.774945922759151895e-04 -8.176036770753377425e+00 6.826993812772953474e-01 6.770858973592545071e-01 2.304471773780653321e-01 3.916678038034530074e-01
3.768969163739678552e-04 -8.175121295552889578e+00 3.010636890594436954e-01 5.517290472680024260e-01 5.975545986350334626e-01 5.166941596541347881e-01
3.786872924693603093e-04 -8.167882235563997284e+00 2.797475876891554747e-01 5.710164070340704168e-01 5.599911383761173589e-01 5.964814572848126106e-01
3.786858926602170361e-04 -8.165385932048561557e+00 2.915757712224217868e-01 5.087984281460152802e-01 4.041712773020093574e-01 3.468209953450486771e-01
3.808506539478204427e-04 -8.157185700351126556e+00 3.147640321908807826e-01 5.015771057950337841e-01 4.966198593796088412e-01 3.316960266599721097e-01
3.803136693764545633e-04 -8.156096656287964208e+00 3.020561744316231367e-01 4.564350302001477511e-01 4.364155506440001164e-01 3.678207563861706220e-01
3.801410438284546101e-04 -8.154050662418685036e+00 6.466554503064040338e-01 6.590779736286158652e-01 1.961133791626210598e-01 4.220877943431550205e-01
3.836305227038911683e-04 -8.142413105306591348e+00 6.750193802363784190e-01 7.079321955573298908e-01 2.624186321454766713e-01 4.401284212172735799e-01
3.830878087049168347e-04 -8.141328785791539957e+00 2.975955357234240650e-01 4.521233225626807295e-01 3.826416386230042099e-01 3.575762918617731989e-01
3.821600111361791508e-04 -8.141253616021140616e+00 6.638944104606224750e-01 6.575605335073240187e-01 2.910471216182921594e-01 3.775361628398239411e-01
3.812727415619059481e-04 -8.141078038101870362e+00 6.774495077634643536e-01 7.401569578295615903e-01 1.696139507180838280e-01 6.071917309167887966e-01
3.809344695335768771e-04 -8.139465649884112253e+00 6.715891990785081145e-01 7.435104196229935791e-01 8.326619358730463771e-02 9.540006883322624809e-01
3.807927252256818854e-04 -8.137337815432372778e+00 6.790995929820237142e-01 7.270637043739658356e-01 8.658639678254220762e-02 5.150843471300102783e-01
3.800246136438322733e-04 -8.136856990873249984e+00 2.538497532506561738e-01 5.460055220997293013e-01 5.522567746569035929e-01 3.957785202751146203e-01
3.805717793182469377e-04 -8.132918210006373272e+00 6.768636648126724609e-01 6.911366247791326245e-01 1.443364180942454944e-01 5.245251105554977755e-01
3.799038471449653538e-04 -8.132174827370013404e+00 6.809975076976512165e-01 6.970464874792229315e-01 2.682189078248919945e-01 4.111030704713071748e-01
3.801774673460011885e-04 -8.128954851210517418e+00 6.693436508383214800e-01 6.493775582070491215e-01 2.307111004853128200e-01 4.050949965581508438e-01
3.793545915295441382e-04 -8.128621648855974158e+00 2.808254913247463791e-01 5.681966526099185844e-01 5.434618133798010398e-01 6.044134939176510901e-01
3.804689665862082256e-04 -8.123188399830553408e+00 6.568851795698106288e-01 6.606121999498483222e-01 1.784691559045032960e-01 4.716862336611603590e-01
3.808056917813622396e-04 -8.119803764532605328e+00 6.699788076317019225e-01 6.507616147788217731e-01 2.322506993727983804e-01 4.143362733645312712e-01
3.803812219959718465e-04 -8.118419048628284784e+00 2.788895235148556306e-01 5.932047896826004862e-01 6.582087683163653224e-01 9.451888255213715118e-01
3.830809290033726001e-04 -8.108846744502743675e+00 6.436217839482164527e-01 6.725979028307187413e-01 2.324504514088925333e-01 4.861504673001298960e-01
3.831724679288829615e-04 -8.106107818512173324e+00 6.461691787313562640e-01 7.097506117693948013e-01 1.420662456050665601e-01 6.563144323437037908e-01
3.826692740735306670e-04 -8.104921912273757911e+00 2.871714901789722552e-01 5.858836146641563936e-01 6.457872325683307047e-01 7.613699457348280797e-01
3.838949806769312301e-04 -8.099223986880328852e+00 6.611578011007296363e-01 7.116119952404464932e-01 1.655280746636202949e-01 6.729089736105383635e-01
3.833104682051351316e-04 -8.098247731493303903e+00 2.531928088056448756e-01 5.928121558873786778e-01 7.269180721832148029e-01 9.140575657443394952e-01
3.827526010957112753e-04 -8.097204183919727072e+00 6.620864156052064242e-01 7.336028450587601668e-01 1.718181041922363095e-01 6.716955006323769295e-01
3.829610844432373095e-04 -8.094159637422482234e+00 6.429472864125678200e-01 6.730323300789033958e-01 1.862153090446613535e-01 5.385631459004830424e-01
3.886511837710287793e-04 -8.076910772717690534e+00 2.695716416223904455e-01 5.995571690591015024e-01 8.614082647048062480e-01 8.002732193638880664e-01
3.877201204431845951e-04 -8.076809273973839964e+00 2.905173082703505494e-01 5.059067822313817464e-01 4.536559009670817488e-01 4.001306508256917693e-01
3.874314327537400535e-04 -8.075054128838932144e+00 2.967324644415050838e-01 4.522726476376917049e-01 4.458606076639970994e-01 2.957542440590757993e-01
3.882266940448080407e-04 -8.070503582232772644e+00 6.455651498661728604e-01 6.505669198275160214e-01 2.613215623867550796e-01 4.186224152853750269e-01
3.913784104478780566e-04 -8.059918120618693393e+00 2.968336030060937381e-01 4.641769202365993996e-01 3.860830456207057781e-01 3.648674729703357822e-01
3.917442830151124530e-04 -8.056483726565481618e+00 2.644163850846918962e-01 5.963686751579090339e-01 8.169559284525096388e-01 7.682343806221523241e-01
3.912221268148946204e-04 -8.055317516294062230e+00 2.626628423968258019e-01 5.603469502841261773e-01 5.906191488788028465e-01 5.395353914450617960e-01
3.903905944901887469e-04 -8.054945251976333154e+00 2.508179986797111072e-01 5.833283285827099984e-01 6.510448149985771371e-01 7.786336628164572948e-01
3.894373505095729366e-04 -8.054890007801024154e+00 3.051049719818113015e-01 4.753830709100352880e-01 4.229807078568452172e-01 3.960511859127353596e-01
3.897241161401671290e-04 -8.051653919953212224e+00 2.830498061175365510e-01 6.010125797927674540e-01 8.593039276672810312e-01 8.527654129153028340e-01
3.888424734415412082e-04 -8.051418705232393336e+00 6.554541208765445326e-01 6.872578268257525380e-01 1.561738828326773576e-01 5.915534239973668784e-01
3.882610474558353107e-04 -8.050415098128745228e+00 3.011903573304985926e-01 4.153594269430366248e-01 4.134036123755542302e-01 3.082371231219854790e-01
3.877369599392882309e-04 -8.049265842824572914e+00 2.599898292985028947e-01 5.754885465178510850e-01 6.201921131624797967e-01 5.918107192094396174e-01
3.890380613930325012e-04 -8.043415831212918476e+00 3.065898929898138170e-01 4.835600083952290573e-01 4.781390156351194021e-01 3.754737131918937099e-01
3.892840915537076440e-04 -8.040283624695502951e+00 6.482582956028157817e-01 7.133886928744139766e-01 6.593552964356430568e-02 7.118137818014325102e-01
3.917271139268480159e-04 -8.031527554810740099e+00 2.923781333809233329e-01 5.417857400136639745e-01 5.236273178403838546e-01 3.544926458025506877e-01
3.940176860264594139e-04 -8.023197217560451122e+00 2.615422205370449560e-01 5.794636319696067073e-01 6.171639239511784725e-01 7.222735288682322619e-01
3.943771047544071973e-04 -8.019785444025036014e+00 6.636086318852829624e-01 6.440520019109783334e-01 2.402716711200673649e-01 3.867285419641696143e-01
3.937937075468559865e-04 -8.018765826969925570e+00 3.159967166519481729e-01 4.665513230277219536e-01 4.353175149971878488e-01 3.552483133003659921e-01
3.928842975666880068e-04 -8.018577853947570944e+00 6.825778875078150065e-01 7.540631741107546304e-01 4.468933088109583451e-03 7.452981996876315574e-01
3.919040495700630545e-04 -8.018575975918876608e+00 2.640334870835232550e-01 5.480454791460741548e-01 5.829129346790160593e-01 4.017378469526567963e-01
3.927768323679718112e-04 -8.013851420235354794e+00 2.707456997770368301e-01 5.405120055382750532e-01 5.651095150096557829e-01 3.704889843868505173e-01
3.927840257686729202e-04 -8.011333106184631347e+00 6.684931907152724673e-01 7.170400162592713844e-01 3.317714661711124169e-02 6.943475227295841101e-01
3.925952293664411279e-04 -8.009313883858943939e+00 6.818878501339467046e-01 7.066776180393342655e-01 1.382529786617930356e-01 5.879768675265607536e-01
3.925488547335206110e-04 -8.006932014107679407e+00 6.837627319378678514e-01 7.289461879059556670e-01 1.767840335998292767e-01 5.906844046062658116e-01
3.928055935328684471e-04 -8.003778197709086939e+00 2.725141372366096659e-01 5.960424934301706834e-01 6.762476983881015036e-01 9.666700230710176811e-01
3.962670632141534273e-04 -7.992504628239417208e+00 6.833718806020174785e-01 7.490438605844502717e-01 1.081844982581953163e-02 7.035149600849099905e-01
3.958773971367262733e-04 -7.990988454115534267e+00 2.712375496948254416e-01 5.971498111449649038e-01 7.618662494844610222e-01 7.819098412465688153e-01
3.954040951450108182e-04 -7.989684746592427445e+00 6.611138723767202574e-01 6.681791681886412038e-01 2.293661015710489748e-01 3.785434262414383300e-01
3.950653739826357120e-04 -7.988041759282573651e+00 6.610733785906454107e-01 7.258384037401370836e-01 9.388488089827373706e-02 8.456966516538934053e-01
3.953223630198835024e-04 -7.984891473266548800e+00 3.095940271636449248e-01 4.941009090542646254e-01 4.279641579826289899e-01 4.112815627733802937e-01
3.947525583472493533e-04 -7.983833880197885868e+00 3.111131763259189498e-01 4.407726859785958684e-01 4.262063336473377873e-01 3.105749408329084860e-01
3.953936224540784746e-04 -7.979711232988885961e+00 6.556049778406681794e-01 6.421505484038820821e-01 2.333073921445708854e-01 3.944160975389929269e-01
3.958538766963929918e-04 -7.976047869326526651e+00 2.557444805142869981e-01 5.666894957413965983e-01 5.725218495634660787e-01 5.496339632004413334e-01
3.958911116689868234e-04 -7.973453811332679386e+00 6.799210174150754904e-01 7.619703281287093510e-01 8.406278815894507872e-04 8.378905966222026658e-01
3.971489568745251446e-04 -7.967781597694976625e+00 3.036912039833823407e-01 5.029921656357968507e-01 5.298037480242387964e-01 2.880059748587897595e-01
3.971423716301392733e-04 -7.965298179128387446e+00 6.561399606192234168e-01 6.796658399185594446e-01 1.429191257123004766e-01 5.414218132112280646e-01
3.962846116734943013e-04 -7.964960344794193681e+00 6.886293989932699144e-01 7.107481481438857607e-01 1.828534445685447984e-01 4.834243431581456418e-01
3.966813093765880608e-04 -7.961459803092065357e+00 2.770678373773781678e-01 5.541349687645006350e-01 6.675558095668875369e-01 4.044629071332032089e-01
3.960265974625580034e-04 -7.960611639934489503e+00 2.848087309508162135e-01 5.904196399716782340e-01 7.437322200466323086e-01 9.211291569069305352e-01
3.968622077993660892e-04 -7.956003877432045179e+00 6.456656770398981893e-01 6.621108372039168355e-01 2.008442113446500255e-01 4.951633082941142572e-01
3.966217504742727828e-04 -7.954109957315446344e+00 2.641325861327870062e-01 5.603652924377107158e-01 5.904700744588727845e-01 5.386208403245106302e-01
3.964106321915352674e-04 -7.952142390271120576e+00 2.586398609193966136e-01 5.974188699861838758e-01 7.825426116976493818e-01 9.329414184382865960e-01
3.954571013391729932e-04 -7.952050699822973634e+00 6.723655850813679002e-01 7.622984989332284300e-01 4.956908779251656405e-02 8.872673383065299291e-01
3.958991830463404128e-04 -7.948433423668404885e+00 2.987003427525533050e-01 4.955216273269549276e-01 5.259073935884267526e-01 2.838842419586694588e-01
3.953030355795736361e-04 -7.947440364790531397e+00 6.653827335699357137e-01 6.469931292329871297e-01 2.542154362534996270e-01 4.103302235515028928e-01
3.960948102391370607e-04 -7.942939411849039288e+00 6.781527247144250037e-01 7.259100613603439722e-01 1.222259193393606669e-01 7.301948916108796928e-01
3.973364673228350300e-04 -7.937309567759426088e+00 6.814425767925422761e-01 7.413485672698250095e-01 7.069246818659558063e-03 6.612790342873458016e-01
3.963732942392184880e-04 -7.937236584795253513e+00 2.808797991014677642e-01 5.588186156412647820e-01 5.652973408728003690e-01 5.917281108274452528e-01
3.958449514712439831e-04 -7.936070416347779322e+00 6.474685235898560709e-01 6.665990834269075460e-01 2.217616984344613351e-01 4.948388877851231937e-01
3.949496948430727440e-04 -7.935834612279832001e+00 2.533106298827217939e-01 5.981075401043598472e-01 7.718505553653773887e-01 9.179295422643261038e-01
3.942290060164266243e-04 -7.935161040251607290e+00 3.012830792865179852e-01 4.917482331603149071e-01 3.935256542074215269e-01 4.040252841608769629e-01
3.935651073490928483e-04 -7.934346503022235098e+00 3.044224600238415457e-01 5.236659561510726979e-01 4.963267372626438689e-01 3.306174531374689307e-01
3.930324306586341614e-04 -7.933200885018486304e+00 6.801009509155957478e-01 7.306583682636068611e-01 9.340038746882128873e-02 7.720408482292819841e-01
3.927159256978173061e-04 -7.931506499119676867e+00 6.706980987786027582e-01 6.953731788034254180e-01 1.176113227514010151e-01 4.958464491634655413e-01
3.955251367509352066e-04 -7.921878672162547375e+00 6.556502531522534483e-01 6.931399414177827900e-01 1.165512547696722634e-01 6.132275700645012373e-01
3.970575463016407284e-04 -7.915511791159588917e+00 2.803067541300297560e-01 5.276448770017482248e-01 5.074510488649839335e-01 3.964843020195678580e-01
3.966518719989015605e-04 -7.914034014982846088e+00 3.090789148110840157e-01 4.047132327810308849e-01 4.050633954523106262e-01 3.342541436410556566e-01
3.957496268705466640e-04 -7.913811258323627307e+00 2.926043147623431651e-01 4.767528306077392086e-01 4.466894627343086510e-01 3.004489160380695578e-01
3.957798564315808385e-04 -7.911234875670332123e+00 2.837906431501387994e-01 5.834564599980933686e-01 7.114353188947730722e-01 8.252669537104951880e-01
3.952128915659844886e-04 -7.910168428542029062e+00 2.450057848701417407e-01 5.834971597911154939e-01 6.680312306000564249e-01 7.255542812970960931e-01
3.942787963903417159e-04 -7.910034750127839409e+00 6.486967934432373850e-01 6.428810909995252842e-01 2.357346074867897601e-01 4.144392306942248361e-01
3.940723956806372122e-04 -7.908058376441835513e+00 6.842880645600050160e-01 7.253027912835215973e-01 1.476033906026162912e-01 4.909193946174942869e-01
3.938922701724401542e-04 -7.906015568291019591e+00 2.871149978415706849e-01 5.517555093988079085e-01 6.448669144945469167e-01 4.807388074126061062e-01
3.941743849847478137e-04 -7.902799601380064765e+00 6.536691784532969729e-01 7.393494319896423139e-01 7.110377539630419186e-02 9.617378662629796349e-01
3.940591623498730092e-04 -7.900591957969266055e+00 6.577366773427977265e-01 7.332770405519035695e-01 1.012344647274810439e-01 8.855121429590703253e-01
3.932898708489459150e-04 -7.900046089398382598e+00 6.732937537490014668e-01 6.676972107337406648e-01 2.823303173327530446e-01 3.758261672325564628e-01
3.931598583563450616e-04 -7.897876720814374529e+00 6.557461121328094222e-01 7.257977876300021336e-01 1.602551892629146546e-01 6.603570045091832208e-01
3.944062679572780342e-04 -7.892211499254181639e+00 3.050133374194645697e-01 4.958716603627036923e-01 5.348312959067174077e-01 3.080528573673383397e-01
3.943017850500150716e-04 -7.889976446232918939e+00 6.861427218675459905e-01 7.414189177622890758e-01 1.138033115714688903e-01 6.424295324895641368e-01
3.935507631175794879e-04 -7.889382950595096311e+00 6.518808646258350548e-01 6.913506392093887731e-01 1.295790823375365663e-01 5.112789157941932672e-01
3.929420554800767160e-04 -7.888430854770820844e+00 6.426300668639131075e-01 6.840085514250811016e-01 1.470412050633653767e-01 5.732086954685360336e-01
3.926702110460250769e-04 -7.886622912307302613e+00 3.074645668402675724e-01 5.207754311683026049e-01 5.233153841127615724e-01 4.190885881396550494e-01
3.926379492490134743e-04 -7.884205075714387334e+00 2.991640450699710185e-01 5.402849788374814999e-01 4.890990370142883070e-01 5.079122450379981446e-01
3.917681023825464177e-04 -7.883922925057112785e+00 2.932042278913002953e-01 4.722712850377138172e-01 4.113122050109049854e-01 3.469151128102313519e-01
3.908492942813786958e-04 -7.883770965177927081e+00 2.624843080744198032e-01 5.664956257219371238e-01 5.672912449221030329e-01 5.808004652238276666e-01
3.903696596775807926e-04 -7.882498878713901647e+00 6.578998456682800811e-01 7.231558648848390725e-01 1.375342138887503118e-01 7.601300432266682172e-01
3.895453129456393306e-04 -7.882112819509656809e+00 3.086406879283281057e-01 4.541141572387304426e-01 3.920460684095159465e-01 3.375990544358017376e-01
3.891742295062446816e-04 -7.880565880136116697e+00 3.042819064690697739e-01 4.007969159285350580e-01 4.124759235379505395e-01 3.403629008085949925e-01
3.890545892943286180e-04 -7.878373348094048545e+00 3.033826534228066807e-01 4.858425650945652485e-01 3.864705453982320016e-01 3.525868745146725214e-01
3.896489897665339030e-04 -7.874346706625758863e+00 6.566746617642594819e-01 6.424978672427850146e-01 2.619573871612421723e-01 3.854703143885943595e-01
3.892727453703721634e-04 -7.872812771400824694e+00 2.987894505126914568e-01 5.329580946391139218e-01 4.886839307184420722e-01 4.934740153858532263e-01
3.911689164069971679e-04 -7.865453536276535651e+00 2.696274627610780739e-01 5.618473226140292542e-01 5.917993874864300174e-01 4.496819951369789292e-01
3.919938790697114861e-04 -7.860846789192525108e+00 2.944111080223293375e-01 4.859640160265185083e-01 4.157643245706614255e-01 3.118762881763266215e-01
3.912004564882123783e-04 -7.860372909190855850e+00 2.528783929295892463e-01 5.661589158884469120e-01 5.784374482330214562e-01 5.751295819418001942e-01
3.909190871150021581e-04 -7.858592413997122605e+00 2.714517509621399149e-01 5.915752337648203518e-01 8.235472486492206867e-01 6.621318981923574043e-01
3.900543173649416483e-04 -7.858307009522484066e+00 2.570643085658228522e-01 5.980106335451145227e-01 7.399647984910616705e-01 9.148110377777876057e-01
3.931473046599657617e-04 -7.847908651583861861e+00 2.863073477345600137e-01 5.867699833029236256e-01 6.501150303436049604e-01 8.374419019408290144e-01
3.924788083248774971e-04 -7.847110470007103267e+00 2.877321221847349286e-01 5.579388861407190703e-01 5.114116896803516665e-01 5.175451417504196572e-01
3.928858305980328339e-04 -7.843573951963322521e+00 2.969755171922125458e-01 5.109979913645654737e-01 4.326790555317429066e-01 3.280652158432602050e-01
3.931898286315915715e-04 -7.840300494484655047e+00 6.737906180559193325e-01 7.036445164419665721e-01 2.037743804817505611e-01 4.016897656188403998e-01
3.937695828148979360e-04 -7.836327091206785056e+00 2.577096981216331351e-01 5.944195156771736599e-01 7.034069173083720150e-01 9.012943765951728636e-01
3.937999807973264544e-04 -7.833749896800477508e+00 2.884153373700466538e-01 4.947219257308922424e-01 4.302938593919723997e-01 3.407512558759581145e-01
3.932437083802817223e-04 -7.832663471465574290e+00 2.856318062691391990e-01 5.879120790555043552e-01 7.865068929417824428e-01 6.171628655618239812e-01
3.924702930656192592e-04 -7.832132166341920332e+00 6.865654660046072166e-01 7.416800357193542581e-01 1.024651900595257015e-01 6.801158939414972959e-01
3.919757593692594494e-04 -7.830893014708333766e+00 6.772397813838746394e-01 7.537295293476728997e-01 8.593444124795346362e-04 7.499310265413621224e-01
3.912186226269181023e-04 -7.830326473363325768e+00 2.858711194822582957e-01 5.514191290848923233e-01 6.037406383785097752e-01 3.576436434620988147e-01
3.903250679071719790e-04 -7.830113114839459598e+00 2.682022899226297885e-01 5.753554737345992764e-01 6.172472332135024997e-01 7.021842037800836156e-01
3.896689816369641756e-04 -7.829295400557721329e+00 3.054507178315996052e-01 4.929946530288847883e-01 4.038753305162210427e-01 4.062619777411642374e-01
3.892835275657834104e-04 -7.827785073478954914e+00 2.800923377531724934e-01 5.332215176602810303e-01 4.609975139762059748e-01 3.891113486636424978e-01
3.888146849653705234e-04 -7.826490172397326361e+00 6.788564443206688281e-01 7.242042112995347170e-01 7.945507392396372603e-02 7.408642348461792482e-01
3.879655478866714051e-04 -7.826176472668676887e+00 6.583472660050762038e-01 7.496033235373424919e-01 5.998056759896119861e-02 9.145554638786095314e-01
3.892979654794180761e-04 -7.820247985739867680e+00 2.601990374694977959e-01 5.886794573378499873e-01 7.290053780133184391e-01 7.003239312261462235e-01
3.917029908346083287e-04 -7.811589138076732830e+00 2.906080431541344655e-01 5.674123492142451042e-01 6.897368121301108435e-01 4.353793762995257777e-01
3.939586745160226513e-04 -7.803346997461267698e+00 6.841836888374804859e-01 7.263612365266460813e-01 1.854147716080751795e-01 5.175687161026581995e-01
3.939954090772839943e-04 -7.800753757101069219e+00 2.981304891895188991e-01 4.732307158861548402e-01 3.860546881597123337e-01 3.635169359950645163e-01
3.930250929002570117e-04 -7.800719554793069221e+00 3.080115319281344077e-01 5.317366797708853454e-01 5.509774610470254963e-01 3.662055418059505518e-01
3.941410693729050776e-04 -7.795384124933898207e+00 6.536791533179623359e-01 6.461491527772176280e-01 2.433658063788128323e-01 3.911808243685708231e-01
3.949558816939844263e-04 -7.790818947493853841e+00 2.926669615250223622e-01 5.126628815958684804e-01 4.423012210075857320e-01 3.229103816053835452e-01
3.945664565287949140e-04 -7.789305430530285790e+00 6.583818873996610810e-01 7.012074753381087877e-01 1.069835189295794686e-01 6.545100186171467493e-01
3.953640801930812789e-04 -7.784785951858972375e+00 2.614852512440913879e-01 5.487625266973068516e-01 5.540560214143204210e-01 4.162638835076164501e-01
3.947801838393543415e-04 -7.783763900852827433e+00 2.937969936620594691e-01 4.971298948718934629e-01 4.789116994525688398e-01 2.895870922679506521e-01
3.951216604866227651e-04 -7.780399295532573589e+00 6.635098753522434833e-01 7.052618976450528709e-01 8.666637793296527725e-02 5.457267023256258121e-01
3.970655869126161574e-04 -7.772991540871874605e+00 2.576855414643611786e-01 5.827917669761620845e-01 7.160561848472097868e-01 6.909522609228693213e-01
3.964606955627903708e-04 -7.772016106548769621e+00 2.603608813707321556e-01 5.621343480891033417e-01 6.306687228774409126e-01 4.884620055322504983e-01
3.999865921658301128e-04 -7.760661987282249541e+00 6.711138282736827110e-01 6.761472758946530659e-01 2.820722841189596819e-01 3.957051740629305980e-01
4.004571117520965137e-04 -7.756986340230098698e+00 2.879436426492724688e-01 5.100552053329970859e-01 4.282063264677108405e-01 3.884492632937129875e-01
4.002538066898387800e-04 -7.754994151631054322e+00 2.964264343175031513e-01 5.369401528368291654e-01 6.044159941865396846e-01 4.268914167142832672e-01
3.994022425122514190e-04 -7.754623978574375798e+00 2.621546329900261707e-01 5.816901908257712250e-01 7.320729246825099512e-01 6.050231928360859657e-01
3.996179360257592949e-04 -7.751584083526566360e+00 2.708224262977104169e-01 5.542216592170698952e-01 5.367019388868050633e-01 4.432248741692123017e-01
4.025083314540682826e-04 -7.741877218333855559e+00 6.647513724823096437e-01 7.465275173636124473e-01 1.120810264534058409e-01 7.444630643227403421e-01
4.039330140521785661e-04 -7.735843956830868784e+00 6.771960459187822412e-01 7.246987251369038097e-01 1.420126787489763842e-01 6.998902613248870752e-01
4.034186792822165276e-04 -7.734618085178624369e+00 3.066382538477320230e-01 4.353300483953900235e-01 3.994652618855543125e-01 3.551326900845935830e-01
4.046305490840902686e-04 -7.729118587950170038e+00 3.125998655552415517e-01 4.520630507628561334e-01 4.221940931360875782e-01 3.513373184251199488e-01
4.042934680217285365e-04 -7.727451993992623613e+00 6.612621538924593478e-01 7.383635488186131024e-01 6.541249874843568790e-02 6.940528711875504353e-01
4.038226823653735939e-04 -7.726117137665077905e+00 6.577947008771319881e-01 7.412047850313806530e-01 1.086779235808588151e-01 8.543128492063015722e-01
4.055863963026528469e-04 -7.719259102216250668e+00 6.635944201344095017e-01 7.040557250787579102e-01 1.249382183163323390e-01 4.819000262373401844e-01
4.046325971189979488e-04 -7.719113526469445041e+00 2.942924507567151737e-01 4.830876457888012565e-01 4.573759402552422526e-01 2.954443342635413305e-01
4.051487093360885421e-04 -7.715338830985960961e+00 2.676471926265655554e-01 5.503172175877286687e-01 5.827474855282990251e-01 4.033354334175960343e-01
4.070965728804913837e-04 -7.708042577142175666e+00 2.764459954377688211e-01 5.937547611355873389e-01 7.681157847298640817e-01 9.627873640224583474e-01
4.065131852430109286e-04 -7.706976649759022635e+00 2.998457092578847849e-01 5.304390281962636511e-01 5.389099033511223213e-01 4.578014098450678970e-01
4.083007217484994574e-04 -7.700089048227403588e+00 6.728899528974833233e-01 6.826669280736490375e-01 1.797057759626911055e-01 5.047868436847992024e-01
4.077839620416398147e-04 -7.698855484875931410e+00 6.806537297391122010e-01 7.462952441639182366e-01 3.921539988729716431e-02 6.583876896481526408e-01
4.072027239501943975e-04 -7.697781859563967544e+00 2.947829507602096610e-01 5.618812905150791792e-01 6.496796206070630797e-01 5.633723013210366615e-01
4.068424227492242230e-04 -7.696167071461507803e+00 2.908954792453749549e-01 5.704805511031684206e-01 6.974344373341625491e-01 4.653629381725167269e-01
4.059666699533406972e-04 -7.695821951722144227e+00 2.655456031346693502e-01 5.653491760344560024e-01 6.574525403164126480e-01 5.111224622093077929e-01
4.059960599473971918e-04 -7.693249559251438718e+00 2.685735514238133392e-01 5.772934644831829720e-01 6.504066762576055094e-01 7.147493146567828193e-01
4.050452345845574902e-04 -7.693094263041142966e+00 6.488122323644927025e-01 6.818194892359623616e-01 1.421973049472643469e-01 5.143792783183495088e-01
4.104068092699195646e-04 -7.677444128735798401e+00 3.112010197051200411e-01 4.892085568807593710e-01 4.823618970656723404e-01 3.138858975658528339e-01
4.098018983343025101e-04 -7.676419146105608604e+00 2.943798384517488098e-01 5.476238729877254130e-01 4.922054161303880404e-01 4.485337703564939993e-01
4.092621455269121076e-04 -7.675237120907620003e+00 6.529709099620033541e-01 7.236720961059101009e-01 1.092749683991769971e-01 7.927080380132958126e-01
4.094013501815787679e-04 -7.672397043069199007e+00 3.111193440952499945e-01 4.730197972601062895e-01 4.331098119480947251e-01 3.207641159413883170e-01
4.117649276612470911e-04 -7.664140391656047768e+00 2.877242738498556607e-01 5.969347569712551982e-01 7.819905319063398252e-01 8.902695143443954962e-01
4.112632892000932174e-04 -7.662859398521174370e+00 6.603130056581345553e-01 7.019031668458971529e-01 9.388766068110854235e-02 6.344407981970487942e-01
4.169277059965303218e-04 -7.646680174388798434e+00 2.873286591192810713e-01 5.860546824310226555e-01 6.774363897285078373e-01 8.547188997464567617e-01
4.190858669211853680e-04 -7.639017182330660738e+00 2.949344820352248764e-01 5.120716230234581001e-01 4.467252593841952724e-01 4.298966183869578073e-01
4.185015756987854065e-04 -7.637912359209984459e+00 6.731063259379415076e-01 7.161109977079073152e-01 5.106274373235564212e-02 6.096213796006548780e-01
4.183111315632875404e-04 -7.635867524713888521e+00 3.123331549747668801e-01 4.887356329373537811e-01 4.863211141353621647e-01 3.258133903941644594e-01
4.178728494377592401e-04 -7.634415815940753802e+00 6.528162039351205204e-01 7.322333263589072549e-01 5.903067537509737450e-02 9.245494199871702179e-01
4.174549506025920223e-04 -7.632916378522319967e+00 2.982280199068855220e-01 5.460541454033691622e-01 5.419419021957545546e-01 3.885263233077205225e-01
4.180678650355805948e-04 -7.628949238352215723e+00 6.554344087064037927e-01 7.233782927025463882e-01 7.125390291673805443e-02 8.442186825439558229e-01
4.171689899047610140e-04 -7.628601622966296958e+00 6.589620493678580715e-01 6.768835151300333086e-01 1.689121416248111074e-01 4.530884210893835196e-01
4.178963758803513786e-04 -7.624359517044155155e+00 2.869520944347366820e-01 5.773322489728834883e-01 6.123266390186068442e-01 7.355876481060185101e-01
4.177129489975976696e-04 -7.622298542507943253e+00 3.119287655802912562e-01 5.131323569010546315e-01 5.071549714663839969e-01 3.607458636396553286e-01
4.180169330744662741e-04 -7.619071072791243182e+00 2.812755418781264227e-01 5.857781321115623774e-01 7.880140701977973450e-01 5.741565676922629757e-01
4.176152195001661769e-04 -7.617532533175478626e+00 6.659698168413157315e-01 7.248422401308323160e-01 9.401661945394884645e-02 5.466249134163838619e-01
4.179501504991544204e-04 -7.614230846009032661e+00 6.559202254862678272e-01 6.890929371951679538e-01 2.160830506790444305e-01 5.270879500781557869e-01
4.234322034716120169e-04 -7.598699599219668421e+00 2.910043562714996201e-01 5.390130901843115385e-01 6.452135140575281369e-01 3.402645989472718457e-01
4.247662924327357198e-04 -7.593053896727425922e+00 6.700396189174008255e-01 7.115399570008034136e-01 2.434560558662128837e-01 4.844241128255908357e-01
4.265005202708608569e-04 -7.586479427450704804e+00 6.633880651739272327e-01 7.135580908106613496e-01 6.225861273577393273e-02 7.165180278602286679e-01
4.267112319084424561e-04 -7.583485501666564765e+00 2.648267972710933726e-01 5.563754882312796912e-01 6.035751082389519961e-01 4.521022555885978456e-01
4.257487438294951668e-04 -7.583243645193149973e+00 6.730175526566694044e-01 7.462247128868021440e-01 9.393715708808136888e-02 9.166014641376585281e-01
4.257969896100291638e-04 -7.580630331771001984e+00 3.086470329733225215e-01 5.023209797195926640e-01 5.250650666079426099e-01 3.353291742926477470e-01
4.265848843955901619e-04 -7.576281641567737424e+00 6.711572814833514089e-01 7.555499772378843071e-01 9.963190287313872240e-02 8.450047343740663131e-01
4.272363137604483414e-04 -7.572255726088793715e+00 2.955768656259095684e-01 4.904409429544949184e-01 4.347927015596275702e-01 3.067875201662800810e-01
4.270621650933768745e-04 -7.570163425912205923e+00 6.489207279021402819e-01 6.628204838632738571e-01 1.950985984026412101e-01 4.746838737503641381e-01
4.279733325109538332e-04 -7.565532127819809993e+00 2.619029019624942167e-01 5.625878185372210627e-01 6.057561893517392493e-01 5.234311322480474926e-01
4.285419121728091313e-04 -7.561704469616640445e+00 2.874950831991386346e-01 5.639069122199095174e-01 5.802749183506753505e-01 6.367776044896259480e-01
4.275488797328520839e-04 -7.561524393845994396e+00 2.677079795473389368e-01 5.674425421384188262e-01 6.788588092185559031e-01 5.048971423851039697e-01
4.300395212472205779e-04 -7.553215899901626784e+00 2.818997690009783508e-01 5.887713830181674490e-01 7.958711702333259863e-01 6.163730439351320367e-01
4.302216271140524729e-04 -7.550292526441372054e+00 2.933001627025314528e-01 5.225328051293255394e-01 4.201097186033813102e-01 4.055224604970741886e-01
4.303106279875542023e-04 -7.547585675685246187e+00 2.695121858431803741e-01 5.929961508071887044e-01 7.060377748266571940e-01 9.664359283575300053e-01
4.333426149537829091e-04 -7.538064340566791088e+00 2.614377026338232657e-01 5.607713610466701359e-01 5.776954205020298216e-01 5.153686151362868451e-01
4.324039441977088833e-04 -7.537732806878265635e+00 2.624887962930656515e-01 5.885004784415462931e-01 6.854244089093788350e-01 8.359992292486020382e-01
4.355821230739355420e-04 -7.527909663801557905e+00 2.839155915479819603e-01 5.931463649766149926e-01 7.132184665022431869e-01 9.866637547965830812e-01
4.349252467568631123e-04 -7.526918844457613389e+00 3.014305313401658415e-01 5.089880929252771358e-01 5.206847887028981381e-01 3.871805859280987860e-01
4.343680795181679012e-04 -7.525700730095406854e+00 6.685740738177341491e-01 6.694656311349420630e-01 2.006765469418963777e-01 4.276228446046155263e-01
4.333239023882625275e-04 -7.525607523417749967e+00 2.866415551862018796e-01 5.761593064691944432e-01 6.118851882605496062e-01 7.288570972256995795e-01
4.327286358613057285e-04 -7.524482189721251046e+00 3.041172689136386609e-01 4.918436846314291344e-01 4.586400431963164603e-01 3.019774617618018464e-01
4.316890023423566349e-04 -7.524387587238085651e+00 6.787845824481577583e-01 7.585305041821130967e-01 2.390307804294089511e-02 7.981876697988288250e-01
4.309880665010225038e-04 -7.523512612455276027e+00 6.620685750980664919e-01 6.592271929935134001e-01 2.249679307039197662e-01 4.070058441868196208e-01
4.325133390950086209e-04 -7.517479846508538621e+00 6.531424426659395710e-01 6.851237053732546212e-01 2.329239154282928270e-01 4.837454595216452713e-01
4.317471749247180600e-04 -7.516752840550417147e+00 2.873247071021040044e-01 5.866872629093228264e-01 7.334066589580494622e-01 6.473979478587881253e-01
4.316291246914329572e-04 -7.514526302386407508e+00 6.681401606012964400e-01 7.350874487559578840e-01 6.055377826494073856e-02 9.225461341745695432e-01
4.333873068469545052e-04 -7.507961212955559738e+00 2.683944439040391039e-01 5.967510202821373344e-01 8.272676185622940270e-01 7.996272599829832295e-01
4.353073979051396217e-04 -7.501040570871386315e+00 2.692297502169657131e-01 5.881498160706473133e-01 7.936922193213877819e-01 6.716236006921350032e-01
4.352581124975562999e-04 -7.498653797060675252e+00 3.101593064568115565e-01 5.202405307161970249e-01 5.212020616045277555e-01 3.773238227701781189e-01
4.367134021797371363e-04 -7.492815864550507854e+00 6.647548772882991841e-01 7.155882904826732505e-01 4.746244888847883647e-02 6.999356775815898102e-01
4.377548337774492607e-04 -7.487934000813779356e+00 2.707951708461061591e-01 5.481299364286928988e-01 5.677188789297058502e-01 4.006967974963309143e-01
4.382724154423669983e-04 -7.484252344134485035e+00 2.710320932977654529e-01 5.584506513625945301e-01 5.436099982548361353e-01 4.949587969773040497e-01
4.374434015363476620e-04 -7.483645684731047076e+00 2.612943305874718125e-01 5.953281839266673092e-01 7.436630191002495671e-01 8.469240768628383265e-01
4.377134960485541226e-04 -7.480528436506125090e+00 2.989556823062938795e-01 4.759996208463371792e-01 3.940008316621566586e-01 3.491832213566220533e-01
4.367984065366915867e-04 -7.480121237857716210e+00 3.009770929090622715e-01 4.748403955084751216e-01 4.662473528076265250e-01 2.957543735657895967e-01
4.363475211188676370e-04 -7.478654021596656598e+00 3.032314434215829801e-01 4.923394473627581980e-01 4.982421742040662460e-01 3.589804131900108386e-01
4.356636331828458693e-04 -7.477722552166159886e+00 6.856286420416931593e-01 7.244423779044528722e-01 1.603404461382656743e-01 5.749318083228293075e-01
4.348062121721827473e-04 -7.477192571673538346e+00 3.034823863213523820e-01 4.539757123849148535e-01 4.383153192643026719e-01 3.413087566474093393e-01
4.348940422230768285e-04 -7.474490593921435888e+00 2.887726077691246118e-01 5.917863888692668217e-01 7.545235050218623840e-01 7.904496407245398260e-01
4.360796436911404525e-04 -7.469268118559591940e+00 6.482986140098347949e-01 6.682777601957604618e-01 2.340721009130048436e-01 4.596314391106727237e-01
4.354310522063029867e-04 -7.468256549183870163e+00 6.654350978781955472e-01 7.416729661579564148e-01 9.201197545419009804e-02 9.358373036617054774e-01
4.354208582053792679e-04 -7.465779960743982535e+00 6.742256079585946527e-01 7.417556342745135201e-01 1.381578068079971078e-01 6.151306081850292928e-01
4.396328591796581052e-04 -7.453653046600658527e+00 6.850273146440215566e-01 7.228881060867853314e-01 1.158747123452731342e-01 6.331591691776599085e-01
4.391199349467351794e-04 -7.452320438146047721e+00 2.704244836547174957e-01 5.864772099025742369e-01 7.812379559515316707e-01 6.220111663534488855e-01
4.384614286521655363e-04 -7.451321168324408717e+00 6.617031589625113064e-01 7.196075950627279783e-01 4.818167531294947903e-02 7.817235557888377873e-01
4.413022669735756497e-04 -7.442362960945677841e+00 2.944807446497534897e-01 5.422789695636643925e-01 4.795198423143562372e-01 4.977184072466627751e-01
4.415237692941907221e-04 -7.439361158062292034e+00 2.748470376558190820e-01 5.956956786475958721e-01 7.268330676215397634e-01 8.169566969041039961e-01
4.404723110264267480e-04 -7.439245428898256129e+00 2.827802727797034121e-01 5.388390894393685349e-01 5.181313119219366214e-01 3.590771216980105374e-01
4.434796846114809907e-04 -7.429941020506558580e+00 6.507119642114491675e-01 7.031737025480464531e-01 1.065627038415369876e-01 6.578114089304646361e-01
4.457690504230825868e-04 -7.422292020503717502e+00 2.963871208609014651e-01 5.429829246140916998e-01 5.087030831118708463e-01 5.144976053830262464e-01
4.454180147924390802e-04 -7.420579813914324419e+00 2.930959130475100372e-01 5.733406368196668490e-01 6.836887336576106255e-01 6.299990605440848324e-01
4.472379212890787857e-04 -7.414002298839196925e+00 6.654856935867831114e-01 7.252058546233428604e-01 9.534324367366675546e-03 7.551282190586433574e-01
4.464276544226919810e-04 -7.413315655223146727e+00 2.839688412637194626e-01 5.726746382621217268e-01 5.841860274741097481e-01 6.714235244380812873e-01
4.462339434329300127e-04 -7.411249662899225044e+00 2.847444599968285139e-01 5.308380016672731294e-01 4.567443678444919053e-01 3.881544247080433996e-01
4.454723960417362235e-04 -7.410457730998845527e+00 2.693702224379443955e-01 5.769463511406900391e-01 7.181466059432273230e-01 6.157023563333730021e-01
4.452966744362305235e-04 -7.408352270085597269e+00 2.866840890182852375e-01 5.652838762685266083e-01 7.289248949079492057e-01 4.825189497883135004e-01
4.452101462296921748e-04 -7.406046604828021351e+00 6.820052080708287612e-01 7.288835348887975352e-01 3.796900839223227297e-02 6.377987368940327695e-01
4.442806333286493663e-04 -7.405636594428254504e+00 3.003160336202490566e-01 4.843526165001553752e-01 4.145633885516650796e-01 3.223510614139938335e-01
4.443649805257886450e-04 -7.402946761279747712e+00 6.636955806691801074e-01 7.202386601738000049e-01 1.889975399669358014e-01 5.116670819614719257e-01
4.496355436271760853e-04 -7.388655662678082159e+00 6.585666617057599481e-01 7.403728315604279908e-01 2.699763497717350136e-02 8.055872699196128250e-01
4.499024632374890747e-04 -7.385562203333153164e+00 6.583961948536725117e-01 7.046640680858485828e-01 1.974940432907640042e-01 5.791374837978333634e-01
4.500213511467402588e-04 -7.382797985611515124e+00 2.686360993794861818e-01 5.909397898121869774e-01 6.817391479833685430e-01 8.339313678706057331e-01
4.499221384998923338e-04 -7.380518472005141106e+00 2.804809145290138028e-01 5.304180149655119969e-01 5.021354327907764370e-01 3.961094032525960817e-01
4.556160245062727669e-04 -7.365442610974538340e+00 2.645226925638174964e-01 5.605546695686555170e-01 5.974079368679672264e-01 4.783615781527095212e-01
4.553393334902945417e-04 -7.363550085362950526e+00 6.738148507303134416e-01 7.330154863334176207e-01 4.374351887948746409e-02 5.996441950169444368e-01
4.549248300462110147e-04 -7.361960817630219367e+00 2.900438534642514332e-01 5.677306460723654524e-01 6.204664585543333555e-01 4.896469691777174393e-01
4.612986229922036831e-04 -7.345547408742915785e+00 6.680107800362780068e-01 7.591042926692097570e-01 7.038384757737986552e-02 9.412233054546923494e-01
4.606196421189001004e-04 -7.344520383130697994e+00 3.081323528961659730e-01 5.188103363387204237e-01 4.835174484753642643e-01 4.178371813702581039e-01
4.614593220476256559e-04 -7.340199107093691389e+00 2.973252116244615717e-01 5.338707824583853734e-01 6.210760018339442912e-01 3.419028757274787944e-01
4.623693948225333548e-04 -7.335728886742930221e+00 6.649170085822888598e-01 6.814202372623708870e-01 1.634755003107828952e-01 4.925489507433455927e-01
4.632974688758450979e-04 -7.331223685086314390e+00 6.542353136388706636e-01 6.819244413197641519e-01 2.000815677542842619e-01 4.381329611912906929e-01
4.622521164124439395e-04 -7.330982565484543301e+00 6.589124891715061327e-01 7.051982687877460521e-01 2.187330847778408416e-01 5.249306408374302402e-01
4.634658772394575433e-04 -7.325860251711071136e+00 2.949987967204332762e-01 5.603118743373168842e-01 6.702496106066833104e-01 4.262202019846695333e-01
4.634318069811021556e-04 -7.323433766315653237e+00 2.720647441980321157e-01 5.586219075088197927e-01 6.039300957754342170e-01 4.319663157868373071e-01
4.624570482648776028e-04 -7.323039330219624610e+00 2.972656340878855330e-01 5.548782909174279077e-01 6.316626141030600161e-01 5.006294344075944425e-01
4.625056713680771167e-04 -7.320434194948306938e+00 6.718402854910802136e-01 7.309968880209261055e-01 9.356807225840924058e-02 8.212536481143863920e-01
4.613696650914305450e-04 -7.320393416023579292e+00 6.697931768545875020e-01 6.950862510387580961e-01 2.115169790791989746e-01 5.316121648334386496e-01
4.618806319582173265e-04 -7.316786528930039779e+00 6.637564723566993230e-01 6.720260974681224742e-01 2.420018950828919102e-01 4.488994831621045956e-01
4.624269432415025849e-04 -7.313104430326585081e+00 6.678449128344567942e-01 6.768772443357571333e-01 2.648182012393237028e-01 4.167600245711613471e-01
4.613228847339952252e-04 -7.312994815688037775e+00 2.982676158468213212e-01 4.779610595751704882e-01 4.043443352164839966e-01 3.389280156625034124e-01
4.611829884055596322e-04 -7.310798112032445673e+00 6.653877497710557476e-01 7.218899849397761859e-01 1.771267139267139745e-01 5.089056987743746374e-01
4.601625330107924207e-04 -7.310513254535049299e+00 3.079849180929632446e-01 5.282103544459461064e-01 5.361058626874590782e-01 3.826714099753221188e-01
4.605948901188041192e-04 -7.307074120885014068e+00 2.978016105837708594e-01 4.870315756673340157e-01 3.999480061404905307e-01 3.605538401143697502e-01
4.602491738857113625e-04 -7.305324989056622087e+00 2.985288680226109714e-01 5.270236695294239215e-01 4.476784353391544125e-01 3.877022967002465847e-01
4.607337256989799210e-04 -7.301772739643094923e+00 6.587048214793742584e-01 7.382821705325861572e-01 8.649197099179162240e-02 7.389373632979934214e-01
4.597337115178632208e-04 -7.301445580384931411e+00 6.532609289460706847e-01 7.289914027966590826e-01 7.063360249744743413e-02 7.634743312525276160e-01
4.597668065680523804e-04 -7.298873595541961024e+00 6.848421058716003262e-01 7.102598519353443551e-01 2.028557997221744347e-01 4.779196958206621271e-01
4.593502373389449635e-04 -7.297280050841407295e+00 3.057390420839559697e-01 4.951799921707801255e-01 4.136143820163675766e-01 3.558896899407482106e-01
4.586409376387099064e-04 -7.296325381255732268e+00 3.052109156387745603e-01 5.326886154481650371e-01 4.894588076245402486e-01 4.173154561412634744e-01
4.586890063942493595e-04 -7.293720579802570825e+00 2.920986784301220496e-01 5.144694191080092516e-01 4.197735658858985364e-01 3.948841735171320089e-01
4.594568035264229842e-04 -7.289548084425792496e+00 6.741025420383490729e-01 7.400958955069721901e-01 1.158685244264917591e-01 5.971658738640962527e-01
4.587762231283904792e-04 -7.288530454375259815e+00 2.903244545745656824e-01 5.156932858357152760e-01 4.281714073913123197e-01 3.981822840794072560e-01
4.587781894654497489e-04 -7.286026168336124265e+00 6.644845812943001029e-01 7.087264490333159417e-01 9.073320934290018958e-02 6.684490071650986964e-01
4.580401144032359611e-04 -7.285136247931060183e+00 6.777803147570462539e-01 7.199191491471259585e-01 1.555968818172687174e-01 6.470597805715505579e-01
4.586838451219354723e-04 -7.281231832091768830e+00 2.920556029587073055e-01 5.430150806223918991e-01 4.786658598351026250e-01 4.347457625633343592e-01
4.580779019088953175e-04 -7.280053753088675528e+00 2.806679706691884713e-01 5.410413618110799794e-01 5.114345339473288510e-01 3.825891769528417807e-01
4.587615735799384495e-04 -7.276062386680403726e+00 6.678057803358508071e-01 7.354418786206208258e-01 1.068737973263030328e-01 5.948185667743242089e-01
4.581669077182828941e-04 -7.274859469183913241e+00 2.927941668822861554e-01 5.527070417826807081e-01 5.112268820567079652e-01 5.174034561737460569e-01
4.582123051429052977e-04 -7.272260389187282570e+00 6.531752909477221980e-01 6.727955027944635402e-01 2.152988693419274346e-01 4.834025193640867357e-01
4.576831543907397375e-04 -7.270915872175071293e+00 3.052529976637592957e-01 5.358955807611499589e-01 5.394880728683988380e-01 4.382516932974738766e-01
4.584788742160467861e-04 -7.266678799472760630e+00 2.771719205860544433e-01 5.985805036607598772e-01 7.085506366787922561e-01 9.827795849872404954e-01
4.585428146352020571e-04 -7.264039347112943190e+00 6.735402787199272767e-01 6.768132756119275006e-01 2.309515446413318296e-01 4.480488496333926429e-01
4.625470096762358341e-04 -7.252844819912640517e+00 6.736301494509274734e-01 6.850802142048023624e-01 1.789946834790290264e-01 4.399168464486306052e-01
4.654612265753099135e-04 -7.244064215140526564e+00 2.695566397056146646e-01 5.751102887791704754e-01 6.154582916345648913e-01 6.286483169160421713e-01
4.647322447011377521e-04 -7.243131592349506320e+00 2.855729366279653458e-01 5.826563301571177078e-01 6.407494906824102721e-01 7.532251785033408087e-01
4.648744394325692660e-04 -7.240325667844086155e+00 6.710630922360713013e-01 7.295581306367053820e-01 1.000157662126391345e-01 5.460432655509842581e-01
4.645867588474419290e-04 -7.238444694426036996e+00 6.745571783052684012e-01 7.077813493380027410e-01 1.123969243497328074e-01 6.169801122351152856e-01
4.647819094604795217e-04 -7.235524730589165010e+00 6.639576592716502912e-01 7.479264842176797101e-01 1.034926486453140448e-01 8.123296479179686891e-01
4.638343224982170330e-04 -7.235065589360639038e+00 6.534411656005872926e-01 7.119042326478498550e-01 8.970359094249852339e-02 6.357452776999837907e-01
4.635656913363230794e-04 -7.233144910398810801e+00 3.028423783917498224e-01 4.919898634688232297e-01 4.102322990932493196e-01 3.879136247226896428e-01
4.625369795798403029e-04 -7.232866504638600702e+00 2.880066709558737337e-01 5.535218250712102828e-01 6.096487411369269083e-01 5.256022000498933311e-01
4.615147325718229731e-04 -7.232579037577163916e+00 2.749816475366236856e-01 5.888562182879955031e-01 8.070655029412958648e-01 6.397250493315256303e-01
4.606272522913115600e-04 -7.232003861669515921e+00 2.805806872593016310e-01 5.574584977223868698e-01 5.511055153330548517e-01 5.577614846483681665e-01
4.625081541826333870e-04 -7.225428826780874836e+00 2.772473212697768030e-01 6.050884025831105850e-01 8.735017734116968802e-01 9.631991935468030563e-01
4.648016303601959368e-04 -7.217982301051906191e+00 2.753363143088524145e-01 5.911651722262734054e-01 6.733351640678878480e-01 8.810668873263138856e-01
4.642531682383558385e-04 -7.216662989610609813e+00 6.794006743154552552e-01 7.476304254848891162e-01 4.156444753429355821e-02 9.461083242207055655e-01
4.633446339600335857e-04 -7.216121887242087141e+00 6.695485351808180274e-01 6.810853111526892212e-01 2.416403864671444190e-01 3.878465172931392368e-01
4.626110175722413843e-04 -7.215206448101085357e+00 2.766759397472742243e-01 6.011020780088454085e-01 8.605306669975201217e-01 8.479712554503817667e-01
4.632603159824884992e-04 -7.211303880609992945e+00 3.008235759758590699e-01 4.870934437205889367e-01 4.413416292640588989e-01 3.813102365955192141e-01
4.629670157718182057e-04 -7.209437202928217658e+00 2.990175697847861080e-01 5.006726278717007483e-01 4.129427329264721003e-01 3.503284173530458734e-01
4.632447449179040791e-04 -7.206337493086044432e+00 2.712566370568727514e-01 5.952150449810941213e-01 8.136433773011340076e-01 7.468082145874628264e-01
4.625178234882050521e-04 -7.205407920761359719e+00 2.759041684859359078e-01 5.907418197319441733e-01 6.958566370647679689e-01 9.323271865371299816e-01
4.638566739191821360e-04 -7.200017402149478940e+00 3.066070007833723299e-01 4.682560548883641927e-01 4.575018316922047079e-01 3.405224807109297203e-01
4.634572845141259273e-04 -7.198378792029616946e+00 6.706586925655834142e-01 7.348430278818399719e-01 2.044454993122701847e-02 9.125839727359553732e-01
4.626064794868598937e-04 -7.197716257870996337e+00 6.750917371780785770e-01 7.121861160410508651e-01 8.165801726500798718e-02 6.140902929582655601e-01
4.620085691258633246e-04 -7.196509575441887741e+00 2.889497817288525505e-01 5.579760269261502259e-01 6.107429070046292985e-01 4.058362861039993552e-01
4.615972932168107548e-04 -7.194900162981450187e+00 6.795844976113480929e-01 7.647861575736794038e-01 3.715467214589579514e-02 9.515792932682647365e-01
4.617774229224546191e-04 -7.192010007815234474e+00 6.591692333599121767e-01 6.861012504959481673e-01 1.532837007715135702e-01 5.308411745272196836e-01
4.606596161602485103e-04 -7.191933603707408196e+00 2.832479844109946354e-01 5.575413599713272550e-01 6.440109617878495563e-01 5.100957660092897417e-01
4.607606374695093622e-04 -7.189214330668279196e+00 3.027946469855219425e-01 5.035292696538563595e-01 5.282381212140713211e-01 3.459895877555616561e-01
4.604708663853291891e-04 -7.187343425727497070e+00 2.838618197911764174e-01 5.326882831451641431e-01 4.665218034043749906e-01 4.118587111573331905e-01
4.593520080625773010e-04 -7.187276196004587447e+00 2.904660055956665432e-01 5.680744326122790788e-01 5.802976076665233851e-01 6.031554330431181388e-01
4.590986706933271170e-04 -7.185327858454262362e+00 2.881497957504177698e-01 5.551592291861695561e-01 5.187081055501555626e-01 5.407952615091407012e-01
4.610195878533358458e-04 -7.178652482228652154e+00 2.932903374655536632e-01 5.365674361729074748e-01 5.675479474689594239e-01 4.509166778008337761e-01
4.618522697007469333e-04 -7.174347936848799456e+00 2.935804444412023484e-01 4.970601109940397944e-01 4.976510986893237787e-01 3.181733717169900055e-01
4.616913848717154657e-04 -7.172196344484676800e+00 6.753718941066709780e-01 7.306858141013140573e-01 1.871806555724234156e-01 5.775213568090143967e-01
4.608213050791760989e-04 -7.171582670949369742e+00 2.635424986868679098e-01 5.860560047853776711e-01 6.940629915263979433e-01 7.480869141590316129e-01
4.605628421362283997e-04 -7.169643702850145850e+00 2.887881032419218341e-01 5.672670290861812070e-01 6.648837046198824430e-01 6.094012134196078456e-01
4.600131021638406486e-04 -7.168338042200720572e+00 2.830589921271216003e-01 5.530222713753941699e-01 6.031533232295371860e-01 5.048658346979898459e-01
4.593469564463376195e-04 -7.167287193331102202e+00 2.925176674624178075e-01 5.550204665932103598e-01 6.317298311653536391e-01 5.188662803448856886e-01
4.594280548190457394e-04 -7.164610657461222054e+00 6.596323825932604024e-01 7.354929311668213510e-01 1.300217005960391248e-01 7.153604557216489690e-01
4.610727890658222641e-04 -7.158537089858268310e+00 2.763334307278060287e-01 5.866903264634555359e-01 7.267317842551189733e-01 8.308267444468793173e-01
4.599720118312450833e-04 -7.158427370456140082e+00 6.861229468405515286e-01 7.320333733151775935e-01 9.719398036220722181e-02 6.143537242654532049e-01
4.597584110427920326e-04 -7.156391856107551241e+00 6.640971783508098358e-01 6.698016232750292343e-01 2.185114940470267164e-01 4.494108942370716453e-01
4.632408848673793102e-04 -7.146345825758255721e+00 6.780935024919694243e-01 7.162377801381134557e-01 7.530506947735715606e-02 5.788805219413346581e-01
4.628144820828284951e-04 -7.144766727099374215e+00 2.965321398652626117e-01 4.943288218538829382e-01 4.124513368485768772e-01 3.763070665802347170e-01
4.627475629063005171e-04 -7.142411329348367310e+00 6.829840869646295332e-01 7.365820279919335078e-01 9.466429812370397157e-02 7.382297110754604264e-01
4.628480492903367565e-04 -7.139694201299992216e+00 6.573136262387109241e-01 7.050590813122498135e-01 1.169482935858271455e-01 6.546287621468132034e-01
4.624373902010057882e-04 -7.138081838992680339e+00 3.003937222810366681e-01 5.347868824490381590e-01 6.059693221896186310e-01 3.546998241791906037e-01
4.613221789813393104e-04 -7.137996345534562970e+00 6.631153626398672563e-01 7.055073864228941227e-01 2.176049657049255737e-01 4.543883159578902542e-01
4.606314251151751330e-04 -7.136994802707125274e+00 6.680155062807893174e-01 7.415643645961425001e-01 1.191896703918367273e-01 6.558693359060878691e-01
4.596282081682207909e-04 -7.136675094677099374e+00 2.973532184856159111e-01 4.880300151891933669e-01 4.916714712221558203e-01 3.093910973326891023e-01
4.611731836280306930e-04 -7.130819372317447780e+00 2.684972685188086183e-01 5.884658133565788818e-01 6.934225505909507037e-01 8.410158203193661697e-01
4.615240207673731673e-04 -7.127558912321301676e+00 2.853383192215306341e-01 5.622162802501852186e-01 5.470502260317031684e-01 5.818735455640275944e-01
4.604825463195304810e-04 -7.127318060852283033e+00 2.725249637730049468e-01 5.694522117634738256e-01 6.284809669562702039e-01 6.126767522395709653e-01
4.593964877893500268e-04 -7.127179369229894590e+00 2.642968975444898172e-01 5.947871811397302810e-01 7.626498691866478996e-01 8.401711064651399274e-01
4.584831955671985382e-04 -7.126669374107674315e+00 2.893810724048456740e-01 5.714936117432984908e-01 6.249570736561027573e-01 5.416538466762992332e-01
4.595627411108350294e-04 -7.121817539633827465e+00 2.956416465410952044e-01 5.229717081382900812e-01 4.724579930145694773e-01 3.390228367248118713e-01
4.602669507160624899e-04 -7.117786365441320484e+00 6.660194505553190814e-01 7.406870852955812490e-01 8.875946283963809247e-02 6.662472774000602893e-01
4.591865118170536278e-04 -7.117636542889860252e+00 2.650604455625783507e-01 6.025990712732710586e-01 7.828122188837693951e-01 9.942093106552910564e-01
4.586522309105546058e-04 -7.116300758218703670e+00 2.977183257372066350e-01 5.095831008427555986e-01 4.793247502224536882e-01 4.080567251536184603e-01
4.603304491527994316e-04 -7.110148414939081896e+00 2.995097240681942052e-01 4.832211000343846763e-01 4.826226243789112358e-01 3.334239605699647058e-01
4.591893538501291405e-04 -7.110130353630792932e+00 3.107402812425089089e-01 4.932886102056179833e-01 4.506352703909083934e-01 3.632562945347805328e-01
4.601703868240595262e-04 -7.105496187204132674e+00 6.611944885214170453e-01 6.746601645511606238e-01 1.986343457457299122e-01 4.756418241083225640e-01
4.606253769397649798e-04 -7.102007932977426385e+00 6.497852271816684233e-01 6.915249951943085449e-01 1.744307451664945385e-01 5.547815789726113778e-01
4.595615591393284655e-04 -7.101820111585212203e+00 6.759833775636253650e-01 6.891116524658851272e-01 2.524599651704479975e-01 4.273226841334053505e-01
4.584643364242321751e-04 -7.101710508725114224e+00 2.819852284926914754e-01 5.777036901565409943e-01 6.750151393688559320e-01 7.347542461399784175e-01
4.577463661970360511e-04 -7.100777769120799832e+00 6.659196163814327107e-01 7.455197376538355014e-01 1.019146704733092657e-01 9.090208994860788927e-01
4.576855938803403513e-04 -7.098410542105433763e+00 6.536038783705693245e-01 6.864920013517361586e-01 1.916472496115072255e-01 4.629396002230355411e-01
4.599043048573188798e-04 -7.091074579320695292e+00 2.752095675748139625e-01 6.013843195181208801e-01 7.957702721643633570e-01 8.702425845241235081e-01
4.589978995583125472e-04 -7.090547380318723114e+00 3.029409220995483709e-01 4.639116358011731167e-01 4.300399672808687401e-01 3.327268450129557409e-01
4.580324778714682890e-04 -7.090152920259976455e+00 6.682453817371853955e-01 6.828718841338594636e-01 2.568853342590169953e-01 4.302023111527346622e-01
4.593900883436832848e-04 -7.084693299441409131e+00 2.890813139953716249e-01 5.723737304083713617e-01 6.028834795838525773e-01 6.483150809928472924e-01
4.584384639738638091e-04 -7.084266943170221431e+00 2.821073591626452881e-01 5.799820641238865315e-01 7.696886491789881601e-01 6.288745541175300158e-01
4.589254413821932744e-04 -7.080705254452733577e+00 2.826297291725927696e-01 5.570834763818092172e-01 5.259993063106869204e-01 5.158057487008140818e-01
4.593040318263195260e-04 -7.077380644751947614e+00 6.636702191917519533e-01 6.884357568089004564e-01 2.242964647191909577e-01 4.974809437224558817e-01
4.598446077543426173e-04 -7.073704391060058327e+00 6.658047522891790138e-01 7.084620667632482993e-01 2.251164665467942361e-01 4.593575559894925164e-01
4.595109280959925788e-04 -7.071930290149130549e+00 6.713020024931137808e-01 6.904730521427671075e-01 1.625576395085273351e-01 5.218157994841655656e-01
4.595313180003175952e-04 -7.069385918077189856e+00 2.975066282092515002e-01 5.022687321016244821e-01 4.152042763956454441e-01 3.895001143240173214e-01
4.621586719257488214e-04 -7.061184736398637973e+00 2.762493862879987216e-01 5.693253313655708414e-01 6.909527629971663476e-01 5.609037278664896764e-01
4.643686232367621623e-04 -7.053914330791599241e+00 2.977167588806883813e-01 5.105339660264096580e-01 4.235736310125203796e-01 4.064110830121454021e-01
4.646416363333849228e-04 -7.050826580329925264e+00 6.755074582943638717e-01 7.316326508984696275e-01 1.005119457259011639e-01 7.838830241805101462e-01
4.664951818626381064e-04 -7.044345322277790089e+00 2.871265870152110988e-01 5.209134124370879970e-01 4.556793076165736034e-01 3.900762825320875926e-01
4.654257224490889930e-04 -7.044140495351121523e+00 6.647612766883075341e-01 7.079989991163356811e-01 1.260375999467304720e-01 6.567612764384069823e-01
4.675729035499186161e-04 -7.037037734250006338e+00 2.734676691357488254e-01 5.980367179302883418e-01 7.201813923317721411e-01 9.420367763832628860e-01
4.672501759688460488e-04 -7.035228191302183021e+00 3.033837696730572464e-01 5.368436552540073459e-01 5.517378948523834481e-01 4.402094340474183576e-01
4.677578114994926720e-04 -7.031642349069113784e+00 2.960316430594608361e-01 5.281465012085547750e-01 4.740807647993252050e-01 3.586702576311224799e-01
4.672258036955403353e-04 -7.030280353741543031e+00 6.725187356187412036e-01 7.456485724804168269e-01 9.956087083003872795e-02 6.686636862355773703e-01
4.681510923904917253e-04 -7.025801923441123087e+00 6.848733352355528270e-01 7.208026028433003329e-01 1.143706191873204159e-01 5.912096118382536014e-01
4.685334238169954228e-04 -7.022485572917291030e+00 3.011362265394148530e-01 5.115811179096150241e-01 5.459410150480186186e-01 3.483608915280335117e-01
4.673888668686276664e-04 -7.022431411701838044e+00 3.024589911074910820e-01 5.385516322239785048e-01 5.786987215743778501e-01 4.244738852253813199e-01
4.666424449477500538e-04 -7.021529692338321027e+00 6.569306063756839009e-01 6.831952965828275159e-01 1.665579327821375688e-01 5.053906907661517289e-01
4.674214089202186322e-04 -7.017361788907895637e+00 2.832269535030079721e-01 5.929636986376854990e-01 7.011705453074078553e-01 9.331600179670795914e-01
4.670411981524043321e-04 -7.015675541723511266e+00 2.864278402155910896e-01 5.659344854224374055e-01 5.697225211277587853e-01 6.136588743952308134e-01
4.676868863274342785e-04 -7.011793988545740319e+00 6.747355087212285607e-01 7.056543749392395481e-01 1.079477771319080071e-01 5.435164058510673080e-01
4.668178568171728348e-04 -7.011153860883775124e+00 2.757419279124219691e-01 5.934266806022051588e-01 8.155295774854910418e-01 8.083028048431051271e-01
4.657384596013912793e-04 -7.010968783165264284e+00 2.955740398132724600e-01 5.404416498077858622e-01 5.506952108029012916e-01 4.844536991560792760e-01
4.650506461164190491e-04 -7.009946698207334848e+00 2.911847363433287539e-01 5.367933873340028361e-01 4.623141825476191902e-01 4.374191970413776609e-01
4.640635402365993981e-04 -7.009571531227238417e+00 6.658181876411276567e-01 6.935405688040384709e-01 1.757327133914629580e-01 5.545992900116714086e-01
4.640235768803372676e-04 -7.007157651065668347e+00 6.559310151143430412e-01 6.842216710794889467e-01 2.081966793317678033e-01 5.011755660682605251e-01
4.632263292163830634e-04 -7.006377247595509061e+00 6.825494562452252278e-01 7.313715480622935416e-01 1.290936839975882489e-01 5.493335762246165377e-01
4.626543616868281170e-04 -7.005112757975916260e+00 2.686505455299768030e-01 5.904774249941779907e-01 6.987009115456714881e-01 8.563295870145366528e-01
4.632937181009855600e-04 -7.001231780943349747e+00 3.079176717693780096e-01 5.197063735661935358e-01 5.047954696730446722e-01 3.599740811919104333e-01
4.650324767140291888e-04 -6.994985768698882111e+00 6.588468156373877838e-01 7.027847240381112082e-01 1.576509470197755558e-01 4.912740360898226744e-01
4.641171098308648907e-04 -6.994456101985485397e+00 3.022675927140370811e-01 4.966126358900305737e-01 4.798631210151780291e-01 3.058694555139153670e-01
4.634565304186310034e-04 -6.993380419139930915e+00 2.769082574549115439e-01 5.823234240332394451e-01 6.388449543872150027e-01 7.415704506047546829e-01
4.628064599538245531e-04 -6.992284060607408591e+00 6.696073878882586872e-01 7.417375425744378026e-01 1.179253252404620089e-01 8.337023701495291927e-01
4.631401446530391272e-04 -6.989063317722236768e+00 3.051544290138289983e-01 5.321017127374371158e-01 5.017493238361883101e-01 4.143680380696682652e-01
4.627426147200056745e-04 -6.987422022463062099e+00 6.673465128115685374e-01 6.949330714007205811e-01 1.328653983159491792e-01 5.249265910710341210e-01
4.623048548651597506e-04 -6.985868481757137261e+00 2.895436110327216372e-01 5.310377994849972971e-01 5.619297248413587242e-01 4.024120138332349939e-01
4.637680788069249434e-04 -6.980208417131101406e+00 2.674613225137613126e-01 5.815341100851674216e-01 7.110535892106317757e-01 6.251267709464676248e-01
4.628295768243418686e-04 -6.979734112529325962e+00 2.909392466847793290e-01 5.264850645989632705e-01 4.609615247973237739e-01 4.365223732066834117e-01
4.622488588043841711e-04 -6.978489612763407735e+00 2.995794767599705977e-01 5.042899364710815568e-01 5.339708534439780996e-01 3.214687114018358605e-01
4.632198691118627845e-04 -6.973891193585110670e+00 6.585165405468231814e-01 7.307439307973395692e-01 1.243524363079695216e-01 6.695920171652136599e-01
4.627577866657171064e-04 -6.972389235992760170e+00 6.820117144053089442e-01 7.583033396037475171e-01 4.456270751618879311e-02 9.088810829954150350e-01
4.625635194469764630e-04 -6.970309127376030034e+00 2.829877814567203775e-01 5.844211721297910556e-01 7.468244850332996787e-01 7.594021734063981510e-01
4.628300082391632159e-04 -6.967233180405189685e+00 6.716490133411902042e-01 7.548629080891912091e-01 7.161428841399031242e-02 8.047596968158360342e-01
4.630394731619450594e-04 -6.964280708581538804e+00 3.038258855613057419e-01 5.299183071414556023e-01 5.186863793685765334e-01 4.377418427287303460e-01
4.624896505398319742e-04 -6.962968834752208735e+00 2.749658903937375332e-01 5.790977327648108020e-01 6.534851809415045398e-01 7.328330187349390012e-01
4.635237132965748822e-04 -6.958235469172521448e+00 6.837898258193555456e-01 7.309822356076208782e-01 5.776252623092492655e-02 6.422682458509073600e-01
4.627137681060523541e-04 -6.957484362762399677e+00 6.736469846339573353e-01 7.358255480546765925e-01 7.126882104312493027e-02 8.615730343762941779e-01
4.621004962653806340e-04 -6.956310622432462232e+00 6.751156706915236727e-01 7.512622419038379462e-01 5.944756634790865357e-02 7.258332866205410294e-01
4.611193815804020559e-04 -6.955936042557966381e+00 6.766653070477002263e-01 7.388133198660837841e-01 9.817252736085174680e-02 5.934741801343564882e-01
4.608236341180662861e-04 -6.954077616857993860e+00 2.740600411801207281e-01 5.775954763778929912e-01 7.429013543909434025e-01 5.451845130797117189e-01
4.598472955767596727e-04 -6.953698546010436132e+00 6.749422529431592377e-01 6.861873422480528895e-01 1.884112580245762836e-01 4.697329966626235809e-01
4.587674198390211946e-04 -6.953549643194162577e+00 6.685188234720178535e-01 7.544552124180654573e-01 8.320529751244754024e-02 9.718116070310929278e-01
4.584122900793338728e-04 -6.951824038383223936e+00 3.019952566747360345e-01 4.724974585596427579e-01 4.306039735442048766e-01 3.519443136605253653e-01
4.574441172048386551e-04 -6.951438285174412535e+00 6.700352358693854038e-01 7.375232967922817906e-01 6.154778732605881153e-02 9.148444742927235307e-01
4.585563681684074822e-04 -6.946509789714061966e+00 6.770381233084450390e-01 7.257848711925882768e-01 1.663376077442199896e-01 5.017293468523589262e-01
4.577629210980404097e-04 -6.945741603674480125e+00 6.608976587749579856e-01 6.944242566106416659e-01 2.104158146766399173e-01 5.236070796183182052e-01
4.586019675911652267e-04 -6.941410353398617339e+00 2.898463656517946685e-01 5.308835546751543566e-01 5.147697886601885209e-01 4.402388598796828090e-01
4.582170338354117612e-04 -6.939750069368233909e+00 2.963051641211237319e-01 5.291835620325435752e-01 4.540449506103709787e-01 4.410727370728252938e-01
4.577934787392276897e-04 -6.938174851607205262e+00 6.632889840694939920e-01 6.785472373885423902e-01 2.106115027506904602e-01 4.244466728727662730e-01
4.569487010261847368e-04 -6.937521881233463361e+00 6.822704715800109732e-01 7.245728232722232764e-01 1.746163973371759048e-01 5.231090190435974119e-01
4.575209502062019674e-04 -6.933770337775589709e+00 2.843851836018532753e-01 5.438571322827805421e-01 5.401590385795040916e-01 4.745526034907944224e-01
4.578793884808056956e-04 -6.930487208738436600e+00 6.805210819475792094e-01 7.226511451523238705e-01 7.328191021301366792e-02 5.762251843514840655e-01
4.584462420003062905e-04 -6.926749976966337208e+00 3.015123286691769877e-01 5.376789950214679870e-01 5.256558059317402165e-01 3.845094682178823442e-01
4.583392809084537150e-04 -6.924483316367246566e+00 3.061220109069759943e-01 4.891361294227117851e-01 4.415050760599124602e-01 3.308308122006077268e-01
4.606216288939747453e-04 -6.917016069874008188e+00 6.698081703809399823e-01 7.264633574258391180e-01 4.197895702007475860e-02 6.199586367958378474e-01
4.610561122636632619e-04 -6.913573260077332527e+00 6.649085389500727361e-01 7.215700140199357016e-01 1.559891358946059181e-01 6.886508980308945205e-01
4.609302084114712608e-04 -6.911346374439554019e+00 2.979927216257101108e-01 5.301430278615831826e-01 5.068031664453193086e-01 4.582910326476314911e-01
4.607258902473846990e-04 -6.909289746251952025e+00 6.610322804964030574e-01 6.802255115724077372e-01 2.281921035450586999e-01 4.240691871947984692e-01
4.599129787993324215e-04 -6.908555719179336307e+00 2.715245017380114589e-01 5.793558150514230842e-01 7.141400039034216940e-01 6.590561660399585353e-01
4.589473828195321189e-04 -6.908157445133733532e+00 2.738571154520536566e-01 5.547133528124683632e-01 5.632697748916044578e-01 4.564871206288251271e-01
4.590423252234662678e-04 -6.905450596618022630e+00 6.735976667785235072e-01 7.016712929987157787e-01 1.226966200393171669e-01 5.377699053338842461e-01
4.585212830784967698e-04 -6.904086304695940868e+00 2.861635183472108768e-01 5.739779610736347459e-01 7.464641771525928338e-01 5.036627081917403048e-01
4.579503984094821542e-04 -6.902832136409858599e+00 3.024403627316567533e-01 5.028298905192237767e-01 4.255554581817413973e-01 3.930159055647548527e-01
4.568361652693061765e-04 -6.902768188130419702e+00 6.717687190805806674e-01 7.071535757758609098e-01 1.785108904602673852e-01 4.400622250817085024e-01
4.571088902234299810e-04 -6.899671379907472257e+00 3.020481718777244806e-01 5.173069174962323657e-01 5.161754764235361170e-01 3.195686253343810179e-01
4.573754909258808841e-04 -6.896588317549058544e+00 2.952013401196457165e-01 5.406213230725623875e-01 4.972170156973879651e-01 4.049322559441279612e-01
4.564577504967729741e-04 -6.896096869429299225e+00 6.664821762553283513e-01 6.882574540846961852e-01 2.456219531685705504e-01 4.145640610673832493e-01
4.562333810898171541e-04 -6.894088535018482844e+00 6.816442471836943184e-01 7.239942288904155365e-01 1.664174842775062446e-01 5.918932313303209014e-01
4.558703530606044449e-04 -6.892384558617091983e+00 6.623998677097102661e-01 7.333513402547822135e-01 1.364793457448425229e-01 7.610789314354768909e-01
4.571974390638909916e-04 -6.886977683685760354e+00 3.069009389846186764e-01 4.778910029489934486e-01 4.389817450902185336e-01 3.379500737264158339e-01
4.562256336730079360e-04 -6.886605516420790885e+00 6.564926912646825707e-01 7.202385857159203653e-01 9.636817388466956125e-02 7.608659907970436453e-01
4.556859183028467400e-04 -6.885289217695351738e+00 6.686658321052441067e-01 6.806347963529426615e-01 1.963067671369549683e-01 4.718765876108299562e-01
4.567502530422327457e-04 -6.880456264979213366e+00 6.664528060535004350e-01 7.038716561131532767e-01 2.080435457019048362e-01 4.383846038088361485e-01
4.562494173316022613e-04 -6.879053386428692463e+00 2.838111326267759305e-01 5.610372875051278241e-01 6.920759207481166353e-01 4.112612911841281305e-01
4.563331777524488918e-04 -6.876369818559807001e+00 6.569546727759367766e-01 7.045258481946976570e-01 1.834527630745351745e-01 5.769964680175349026e-01
4.551966147419177948e-04 -6.876363568317397146e+00 6.765916507406875002e-01 6.943364051070415321e-01 1.887747813067948144e-01 5.076004829228446535e-01
4.563910157911549520e-04 -6.871243081393874519e+00 3.008743122055410057e-01 5.155202736997346324e-01 4.480289516624803015e-01 4.215070076961286993e-01
4.556194266254322907e-04 -6.870435143927219990e+00 2.858373923076015233e-01 5.274471493484989004e-01 5.415534277148832398e-01 3.468586896790372687e-01
4.545078716451818584e-04 -6.870377781424269692e+00 2.957578993700171188e-01 5.519465296670615917e-01 5.573735058757737226e-01 4.308632091283128851e-01
4.554720964545980037e-04 -6.865758558575228321e+00 6.698945113839495091e-01 6.843051389613080682e-01 2.513256960400278572e-01 4.193745629144761122e-01
4.545208676621062039e-04 -6.865349188231640198e+00 2.807800523506049917e-01 5.621665220808126362e-01 6.880759542257492978e-01 4.239577019247355860e-01
4.543889870418647598e-04 -6.863139383393428439e+00 2.898946418096797761e-01 5.813943842185693711e-01 7.149356690168662265e-01 6.477837631778345928e-01
4.565454251156591875e-04 -6.855904811785924480e+00 6.801428836216008023e-01 7.220148898982852170e-01 7.644398731300722227e-02 6.586903675205905140e-01
4.569474002956963577e-04 -6.852524727794454762e+00 6.630643102938539313e-01 6.815698486928867261e-01 2.375671410096720226e-01 4.466273381294098010e-01
4.564710862863038542e-04 -6.851067654031583132e+00 2.720336300836565524e-01 5.767907607179371121e-01 7.155878300872231534e-01 5.514081990219096285e-01
4.561098684218914791e-04 -6.849359294228353434e+00 6.648343570822158322e-01 7.473071281445409220e-01 9.504723371003542809e-02 7.871669544721180412e-01
4.550065647863363923e-04 -6.849281167294462236e+00 6.774519728273094010e-01 7.618474353269384380e-01 4.129987769858006752e-02 8.956504223680712418e-01
4.559400359811220009e-04 -6.844731713417069763e+00 6.703749784305261805e-01 7.164253871300789722e-01 1.690608690911818146e-01 4.720137055980719865e-01
4.560120381683050480e-04 -6.842073805585345170e+00 2.713702520336905843e-01 5.962184397281488080e-01 7.392989687613908956e-01 8.577413756414058454e-01
4.553663304469998045e-04 -6.840990797367425102e+00 6.811138557877793875e-01 7.317349399532311338e-01 1.097645533821007269e-01 7.105269057600738236e-01
4.554118823808169262e-04 -6.838390768769432526e+00 6.702191716714768210e-01 7.036506278133456416e-01 1.109828919882454024e-01 5.395681669466417807e-01
4.545530970665113057e-04 -6.837778282220321913e+00 2.801347792815292448e-01 5.882452420088721823e-01 6.912887857328259278e-01 8.738726844981966613e-01
4.542515435486944148e-04 -6.835941908956822743e+00 6.702324800307940533e-01 7.473899471231310043e-01 9.736730414826222368e-02 9.012230551996545103e-01
4.544480578167731620e-04 -6.833009391388099374e+00 6.560918366166682558e-01 7.319166063696459501e-01 4.900045239989631041e-02 7.813542995481728148e-01
4.541266187235657717e-04 -6.831216959219156948e+00 2.979264219261649194e-01 5.130600603430628404e-01 5.494831726141713446e-01 3.377872435117098560e-01
4.536253145240243733e-04 -6.829821455353276782e+00 6.553631764528824455e-01 7.322292545033554090e-01 5.216531365652193886e-02 8.884362490959217817e-01
4.525122057261349870e-04 -6.829778277486570737e+00 6.768785890280359929e-01 6.981096575500144175e-01 1.516451336902930880e-01 4.880967994996129322e-01
4.518098001082890411e-04 -6.828831719191112981e+00 2.782764519524679736e-01 5.876771709083514761e-01 6.712824384841691305e-01 8.383182988899676724e-01
4.514906594127032899e-04 -6.827038329501116110e+00 6.623943185289578039e-01 7.284626761675392359e-01 2.664999840709725287e-02 7.123304259630077739e-01
4.507303049482919220e-04 -6.826223847072665052e+00 6.551208590903908613e-01 7.352655959902473226e-01 4.620095626317510806e-02 8.536647030481361309e-01
4.496722223984794885e-04 -6.826074091557138068e+00 2.921120869614847182e-01 5.489810332803082282e-01 6.607595957476879445e-01 3.864675364349036135e-01
4.487800691180756523e-04 -6.825560070294259596e+00 2.690433663649980378e-01 5.885290116587599263e-01 7.024376809050942860e-01 8.111518294962392073e-01
4.481481334176728982e-04 -6.824469181532327511e+00 2.712258621216878107e-01 5.751719738630083345e-01 6.346902449579689964e-01 6.096742237489359839e-01
4.473581078460166444e-04 -6.823733604247015805e+00 6.688800861708334988e-01 7.037612039596451430e-01 1.141618549912337688e-01 5.915642721366222156e-01
4.463533183188628868e-04 -6.823482182302741172e+00 6.713088249106450300e-01 7.209929724214255709e-01 1.926232034448005781e-01 4.931752655732755675e-01
4.455216820806033075e-04 -6.822847099424349970e+00 2.953698517562620141e-01 5.064358329275043813e-01 4.256819789687088518e-01 3.617791611833239829e-01
4.449742363011350709e-04 -6.821576629705476513e+00 2.671844241371256201e-01 5.868566305054047083e-01 7.112534564921880742e-01 7.437334927793179951e-01
4.463606992605440287e-04 -6.815965646342657891e+00 2.968892813632428851e-01 5.153532242810138220e-01 4.308838731860272775e-01 3.823500470754319647e-01
4.479857643772993856e-04 -6.809831558276584040e+00 6.621739716520513852e-01 7.206636114388916825e-01 5.782803538991798664e-02 6.402721260028777506e-01
4.478473702960055793e-04 -6.807640531180219057e+00 2.928839482140561667e-01 5.135896820369878490e-01 5.374291621164354327e-01 3.300995457827174961e-01
4.472378349922910361e-04 -6.806502491794323539e+00 6.655803512192147720e-01 7.191396461707230126e-01 5.766969028779544981e-02 6.208840318603461306e-01
4.466920466239720968e-04 -6.805223590780634879e+00 6.801873815417220914e-01 7.322290852934839611e-01 3.103150454911113298e-02 7.371779981604020815e-01
4.457219135574045808e-04 -6.804897768890815435e+00 6.839746056600106705e-01 7.342496550830948099e-01 1.188779577260384857e-01 6.046254447108372343e-01
4.500381638317577744e-04 -6.792760626559836368e+00 2.960923158368258257e-01 4.934107004035201971e-01 4.759285016657933687e-01 3.161988293875399592e-01
4.494844849073274481e-04 -6.791491677262407656e+00 6.687205653561314467e-01 6.843343534049601828e-01 1.951349607491349447e-01 4.331366444614830891e-01
4.484207358432744351e-04 -6.791361080039300724e+00 6.842796401589836819e-01 7.379406073236727259e-01 9.276365899943345150e-02 6.890435649112376382e-01
4.475356796490714958e-04 -6.790836748647243404e+00 3.017493676276300496e-01 5.259636583578157776e-01 5.655494912156959764e-01 3.366955198664400295e-01
4.480288369646307943e-04 -6.787235415675118233e+00 2.865761806602677986e-01 5.809380352447214291e-01 7.600938853671852513e-01 6.202115834983152887e-01
4.509242496981177677e-04 -6.778293649605543258e+00 6.608012371828662079e-01 7.126614959600339194e-01 1.855887624609675046e-01 5.120496479422183000e-01
4.526997601904267040e-04 -6.771863889533181968e+00 6.801140767143845078e-01 7.114205656842496062e-01 1.141208249153728982e-01 5.441709943221446633e-01
4.517593944604223160e-04 -6.771443289280548505e+00 3.016265472791609392e-01 5.049570843500571504e-01 5.273411407869971201e-01 3.236754175343828921e-01
4.528601371341366990e-04 -6.766509684480904951e+00 6.677593076882334389e-01 7.343311726078436408e-01 1.366252907299896346e-01 5.979656703088779279e-01
4.521748507033146610e-04 -6.765524071374224846e+00 6.823396391722805765e-01 7.245312556107437185e-01 1.017234855449909436e-01 6.556224839105331270e-01
4.532916990219398130e-04 -6.760557168791565097e+00 2.699456017727541735e-01 6.021853481798310481e-01 8.204743325370095208e-01 9.776703716814130196e-01
4.589365511265176443e-04 -6.745681046577508333e+00 2.799483736451640059e-01 5.598377338535343029e-01 6.014940358355242989e-01 5.446663387365284770e-01
4.583282113249381056e-04 -6.744507468164113284e+00 2.829660986702035030e-01 5.909841948592055028e-01 7.894666014575864033e-01 6.998497713461713232e-01
4.579047544640360849e-04 -6.742931811441125411e+00 2.969259705688763740e-01 5.422928609770778507e-01 6.268126347103946117e-01 3.817728672190964234e-01
4.580334722819554027e-04 -6.740150749214422810e+00 6.815638082516339846e-01 7.202849213973906428e-01 8.795495987503199053e-02 6.050036034723743628e-01
4.580770244410447135e-04 -6.737555668633468109e+00 3.030010650261248939e-01 5.218411035080929850e-01 5.476844410806012142e-01 3.793295257368958229e-01
4.598846596584558197e-04 -6.731117296073467315e+00 6.684578898928166257e-01 7.342982114777184544e-01 2.229728312880163710e-02 9.015435464197792959e-01
4.590512730127502446e-04 -6.730431104511151119e+00 3.057796897414481463e-01 4.890796806321015544e-01 4.509942109870025972e-01 3.319192529393893420e-01
4.588030497699025325e-04 -6.728471981734777785e+00 2.779844359300480683e-01 5.954495113790632121e-01 8.197377541426996705e-01 8.381719000755574189e-01
4.588644280129593471e-04 -6.725838211617311657e+00 2.714473485848192258e-01 5.650042743639684950e-01 6.231275986410234058e-01 5.149194571878463744e-01
4.589081142868722883e-04 -6.723243010961525989e+00 6.562283794074391663e-01 7.027735938417893902e-01 1.320138215275182825e-01 5.542867406269160746e-01
4.613688838537957399e-04 -6.715395109325958067e+00 2.941836452216387565e-01 5.297115163702224017e-01 4.578450200671399517e-01 4.326801206194452187e-01
4.602981564937582088e-04 -6.715218568438316105e+00 6.803844529966314170e-01 7.002800691795577626e-01 2.098347294178004308e-01 4.437518079031100848e-01
4.611148258464823897e-04 -6.710945922334501823e+00 6.625732561827212264e-01 7.394315696956880180e-01 1.240354918664981765e-01 7.619731312924469258e-01
4.599897492898277242e-04 -6.710888809160896251e+00 2.751750111491972905e-01 5.704935285976665549e-01 6.126136466005125403e-01 5.582770280002143926e-01
4.590352451316424679e-04 -6.710466020351423921e+00 2.742724892899479627e-01 6.028091732102401901e-01 8.352432633601998280e-01 9.067800491720861000e-01
4.590421905260530511e-04 -6.707950890049467318e+00 3.030090031711182852e-01 4.873927749057316294e-01 4.288444433553793012e-01 3.616913184137718895e-01
4.585159465903327529e-04 -6.706597943237994741e+00 6.771250662890921923e-01 7.501712209801718600e-01 2.827166859390189968e-02 7.304131101673622117e-01
4.575670642771396328e-04 -6.706169551686762986e+00 6.679151591166894164e-01 7.470790330167829119e-01 1.120533622832038945e-01 8.321217985190128008e-01
4.586487758641122456e-04 -6.701308291288990304e+00 2.884598801656660383e-01 5.542891066080238849e-01 5.605596595387545289e-01 5.454368438111705242e-01
4.593544854437000831e-04 -6.697270802810793455e+00 2.775514508942065195e-01 5.505422817639294975e-01 5.540331846567319030e-01 4.318188564793135065e-01
4.583717975449464865e-04 -6.696912374415632918e+00 6.754856364625297926e-01 7.351789853506736083e-01 1.907494895053063466e-02 8.440547844513792697e-01
4.581763666423296954e-04 -6.694838824248199316e+00 6.754431405015367540e-01 7.065317509412314401e-01 1.852295299236381698e-01 4.398595045229322098e-01
4.583414612498804886e-04 -6.691978559331769105e+00 6.544654614862956965e-01 6.973437568269216236e-01 1.546824736474947393e-01 5.620176523128668222e-01
4.594579142961308050e-04 -6.687045666857260429e+00 2.760965387987366904e-01 5.902266236650552944e-01 7.801183132700180156e-01 6.783500068890248036e-01
4.594823051515915932e-04 -6.684492582108218173e+00 6.715731508492674973e-01 7.039825020537543443e-01 1.170434722934367011e-01 5.654464535779343271e-01
4.584798213349759147e-04 -6.684176733689688454e+00 2.876416958949494784e-01 5.613814939222360190e-01 5.670282971207732947e-01 4.957238512540442232e-01
4.576283668277498877e-04 -6.683535585653679334e+00 2.690484878932761781e-01 5.926864999695268255e-01 7.391352283054474226e-01 8.084868618564430287e-01
4.565159162928648820e-04 -6.683469448895135834e+00 6.703322039133122745e-01 6.894570005584298444e-01 2.148534292465439921e-01 4.163156096113781457e-01
4.564046941973552967e-04 -6.681213111037892283e+00 2.686421932654698974e-01 6.003649630760108380e-01 7.898313652567379162e-01 9.625030436040972193e-01
4.569533552540181657e-04 -6.677511695836072292e+00 3.015286315960369334e-01 5.134650425312636823e-01 5.442298488063130879e-01 3.384131627763256600e-01
4.564902315364573128e-04 -6.676025713042919030e+00 2.735182588162372030e-01 5.642337390421555687e-01 6.311308707801667195e-01 4.816804875623686422e-01
4.589482454727754454e-04 -6.668155565501248105e+00 2.782229058608307604e-01 5.694720004064548480e-01 6.944679916776479445e-01 4.738718699666910616e-01
4.582162110473777671e-04 -6.667251864999423461e+00 2.934577135750506272e-01 5.374581894039033303e-01 6.191610467025348008e-01 3.598045125136205558e-01
4.572570372508218692e-04 -6.666847336711606786e+00 6.630185655559572844e-01 7.141057488226422167e-01 8.464541251928575649e-02 5.881524543456644327e-01
4.565476270199241189e-04 -6.665899988828956957e+00 6.674559594507136762e-01 6.841603791557038239e-01 2.136838981596322629e-01 4.752058064096406076e-01
4.555704441978473723e-04 -6.665542657035564034e+00 2.965266286465521595e-01 5.368287693403879235e-01 5.127384201450477796e-01 3.744540964184840948e-01
4.550704054702795496e-04 -6.664140869965512692e+00 2.787431605824872705e-01 5.591408321438713358e-01 5.822460006307187408e-01 5.357920545829044645e-01
4.541058047095890607e-04 -6.663762793332674406e+00 6.642521661627939222e-01 7.354724909149408241e-01 3.395334354409057509e-02 9.379459297475823965e-01
4.532345100286783125e-04 -6.663183340528851417e+00 2.784399795624804552e-01 5.542112387769130288e-01 6.119778398473875169e-01 4.605251076149619593e-01
4.525413963152941023e-04 -6.662213771717881095e+00 6.605685237128529064e-01 7.481418130962519397e-01 6.748836524920287516e-02 9.048455152417642644e-01
4.545684401837353028e-04 -6.655244528499656198e+00 2.892218581286086776e-01 5.235514191319130539e-01 5.464876845669488503e-01 3.413126893002111917e-01
4.537726178584855301e-04 -6.654496783386363745e+00 2.946739240767719537e-01 5.060801832496581998e-01 5.144783655551253831e-01 3.244588902916290540e-01
4.543497814044330715e-04 -6.650725669219091252e+00 3.009117931148198588e-01 5.230415926500804336e-01 5.655415320204599805e-01 3.400561694430199733e-01
4.552775237063990191e-04 -6.646185839019538300e+00 6.714115806812864795e-01 7.219256555996125257e-01 2.014846755588001748e-01 5.457139779496354981e-01
4.548566943530352570e-04 -6.644610602367630570e+00 2.694416979326659245e-01 5.837943653086176132e-01 7.174554290183030592e-01 6.728248281457553936e-01
4.538106230970886490e-04 -6.644413032966765442e+00 2.772764644834216918e-01 5.566063143624696563e-01 6.092792100329550431e-01 4.817400402711278229e-01
4.557141014359188222e-04 -6.637727371892304440e+00 2.834627729003340590e-01 5.358583432478324360e-01 5.262972553929028408e-01 4.078127867180171284e-01
4.546250739321952236e-04 -6.637619948313697726e+00 2.821907994364502015e-01 5.948055836169559019e-01 7.237918358643815608e-01 8.767040398068259854e-01
4.556798341856565441e-04 -6.632802569343018817e+00 2.939856567444473212e-01 5.197086678328779463e-01 4.819748360455579639e-01 4.164041887977719680e-01
4.549876948764316358e-04 -6.631822639885582404e+00 2.817921749600457160e-01 5.459141642352223212e-01 5.595104630938146917e-01 4.522772837460821149e-01
4.543609080494422320e-04 -6.630701180357814195e+00 2.952188402028405045e-01 5.060524545233491267e-01 4.939906235891620145e-01 3.141889586353985298e-01
4.534737629437092673e-04 -6.630155600951055384e+00 2.830673820787403816e-01 5.927681148725393312e-01 7.985871544795946075e-01 7.764388860068928144e-01
4.525960359609111031e-04 -6.629593039453954617e+00 6.652747495877957551e-01 6.888569788735824373e-01 1.669518262229959804e-01 4.917071315826902489e-01
4.523479009554957800e-04 -6.627641438092836346e+00 2.800263657070768408e-01 5.686943714899437285e-01 6.495245352416467721e-01 6.066693587094037499e-01
4.522301799444943351e-04 -6.625401716368756411e+00 2.829955276575505385e-01 5.877182582740029249e-01 7.557504857935996023e-01 7.913004544794847162e-01
4.527572086401769418e-04 -6.621736995706549500e+00 6.770614157967862479e-01 7.125910143096167992e-01 1.944219495191086278e-01 4.559227838113530940e-01
4.519863202968635546e-04 -6.620941099698917753e+00 6.621863088930115548e-01 7.038067784365227286e-01 1.306634319978658421e-01 6.129706043517866298e-01
4.518517659993309351e-04 -6.618738839527695816e+00 6.599148001699346455e-01 7.005266904874584144e-01 2.052193403574828490e-01 4.811278291596411405e-01
4.507354648978972107e-04 -6.618712399162470561e+00 2.769322888088766588e-01 5.827036060402358553e-01 6.712429793923582189e-01 7.684323919941605796e-01
4.498414612137247959e-04 -6.618197801967983906e+00 6.642505010989701031e-01 7.116534223791716185e-01 2.086028407050204148e-01 5.351429264210656456e-01
4.491237849591254798e-04 -6.617294474164427953e+00 6.757791879427154091e-01 6.951598810335122280e-01 1.682530297189107626e-01 4.753636883669866142e-01
4.486036103468525951e-04 -6.615953344158168825e+00 2.940869263184189286e-01 5.639717529761760773e-01 6.338618438728365057e-01 5.547945383327735902e-01
4.477062313932644931e-04 -6.615455730412647561e+00 2.898817600608665224e-01 5.747570835244214527e-01 6.841582762779290228e-01 6.417407804647139447e-01
4.473396530537162956e-04 -6.613774857937654517e+00 2.780150850394406126e-01 5.887152092389934532e-01 7.868094508831775524e-01 6.573503895944438069e-01
4.464115828895920813e-04 -6.613351656179426108e+00 6.736855844569178409e-01 7.221673117223799121e-01 1.280135797520949303e-01 6.945735995816315622e-01
4.453904733545124774e-04 -6.613141648614766943e+00 3.009950244966732025e-01 5.347557763438449685e-01 4.938131485449375191e-01 4.225637447084229503e-01
4.442800710111348200e-04 -6.613137860110119171e+00 2.918465377428845486e-01 5.417526676293452637e-01 5.822971398584462221e-01 4.540181617157302840e-01
4.495271036148659489e-04 -6.598896864897147552e+00 2.847813284462800132e-01 5.843878460207161396e-01 7.517701168441458526e-01 6.208933869895634228e-01
4.494269879796258479e-04 -6.596619602935914983e+00 6.605975783815856150e-01 6.906812422280951269e-01 2.178636356391376871e-01 4.759770818500638767e-01
4.488954081387400261e-04 -6.595303097648350210e+00 2.791890360545478678e-01 5.732263171948035474e-01 7.330811812515161119e-01 5.096653912987483270e-01
4.484012359066104542e-04 -6.593904566789845489e+00 6.624927151634216749e-01 7.218961761500067853e-01 1.321432944860656822e-01 5.589018566919443654e-01
4.476953506696492043e-04 -6.592980033973948828e+00 2.998074574921003044e-01 5.444613455259750268e-01 5.897515699580739845e-01 4.405756785679652565e-01
4.486360242731734561e-04 -6.588381091606936302e+00 2.766972398121078647e-01 5.744770494602354782e-01 6.420104278231206774e-01 5.701347829836415082e-01
4.487666040688640680e-04 -6.585590074414684025e+00 2.994492052037501240e-01 5.262478026889237936e-01 5.642903698481575026e-01 3.838719839437458869e-01
4.489946978959448421e-04 -6.582581935265690909e+00 6.672139463252309000e-01 7.145602102638156650e-01 1.403107377078177398e-01 6.648414477971892333e-01
4.483731651323796244e-04 -6.581467170660361354e+00 2.857014795702850218e-01 5.699520858849517202e-01 7.108216216179931157e-01 5.595136054067256781e-01
4.483368826642483576e-04 -6.579048094183500339e+00 2.736338338802354331e-01 5.984442262206307594e-01 7.401624898410812392e-01 9.418281892858022530e-01
4.487394180064544023e-04 -6.575650655762885322e+00 6.605650435079961635e-01 7.369776375102154997e-01 1.819371779033907011e-03 8.388927080798207481e-01
4.478371617045684384e-04 -6.575163326240518025e+00 6.575021878456493996e-01 7.140748052546989078e-01 9.070732823100344233e-02 6.833701542531204209e-01
4.501290652372223213e-04 -6.567558660963184636e+00 2.794658625360958437e-01 5.611424145508503436e-01 5.725741691161009284e-01 5.470106285194070717e-01
4.500610049913252508e-04 -6.565209874019796388e+00 6.732388903218931020e-01 7.165492530320762832e-01 1.638614629042366710e-01 4.752323790668763759e-01
4.504571285364737557e-04 -6.561830105904201460e+00 2.964362820181234426e-01 5.188077537232551606e-01 5.344109236011319597e-01 3.163681150262090958e-01
4.497328652604317680e-04 -6.560939240503143033e+00 2.893253064929518503e-01 5.690029925094068908e-01 6.087749806506543848e-01 5.582165883613774415e-01
4.486671411497131527e-04 -6.560811735167001224e+00 6.649683029193141914e-01 7.451352749684396759e-01 1.037384125088626763e-01 7.742320333459974391e-01
4.486298377526338967e-04 -6.558394881322572090e+00 2.973858797006962429e-01 4.976213113439696967e-01 4.893390139674559380e-01 3.398852582072083295e-01
4.485695495604189896e-04 -6.556029273283063397e+00 2.851777274394037276e-01 5.378326690380114128e-01 5.108916625292243552e-01 3.831589112451885271e-01
4.484538784389422708e-04 -6.553787173173981628e+00 2.898672433218698608e-01 5.335582354169918773e-01 4.781277623296301682e-01 4.395400531927785570e-01
4.490557709164093390e-04 -6.549945922819452093e+00 6.569871293982538774e-01 7.218914850988402687e-01 9.355729083087155340e-02 6.560207736072034557e-01
4.521423272879048351e-04 -6.540596000596043069e+00 2.797017028421179274e-01 5.819921268126073688e-01 7.325547952513757899e-01 5.834322149050674700e-01
4.511801066978888869e-04 -6.540226404796681159e+00 6.704808587749597759e-01 7.448698213916327138e-01 6.375273528729807904e-02 6.950300897253172128e-01
4.516409909926656467e-04 -6.536705417724064660e+00 2.898872156788338539e-01 5.377338841104540856e-01 6.077248976391308455e-01 3.724484470534923375e-01
4.510055858444008596e-04 -6.535613289352946609e+00 6.824623245438030672e-01 7.397109950670105460e-01 2.738815437683894682e-02 7.656453730121921541e-01
4.498901122975740080e-04 -6.535589656193571351e+00 6.665136686930919208e-01 7.451027250695810844e-01 8.702717171449958489e-02 7.333304171816583672e-01
4.516871958641276380e-04 -6.529103118532756156e+00 2.906424473251869034e-01 5.140640556040350084e-01 4.990599943913622827e-01 3.537285637459464116e-01
4.510284381554334498e-04 -6.528062620951469164e+00 6.695478695332730545e-01 7.073626488551700842e-01 2.256002702343665456e-01 4.683516410735608648e-01
4.512848730939883674e-04 -6.524994226487459414e+00 6.624254417401794770e-01 7.030323848311429424e-01 1.723435721402909460e-01 4.777071933930759906e-01
4.513612316082328676e-04 -6.522325038332704494e+00 2.935587284959025323e-01 5.103762051990833326e-01 4.795169741727030033e-01 3.265370939761505498e-01
4.504153374882916699e-04 -6.521922884959598044e+00 6.742207929379750997e-01 7.279605799314723402e-01 1.476809786795636459e-01 5.288966350491475232e-01
4.499172366714637673e-04 -6.520529366901810064e+00 2.783609591598646404e-01 5.767613456714540954e-01 6.494043486638361173e-01 5.947074410093726726e-01
4.489410525871571868e-04 -6.520201421117164386e+00 2.821745971243853068e-01 5.981975152949811081e-01 8.060211302286024448e-01 8.835038557497951750e-01
4.491021869512291259e-04 -6.517342564530515858e+00 6.735972988650823501e-01 7.512660701219340265e-01 9.351332369087239638e-02 8.669452024082844321e-01
4.482924149787995702e-04 -6.516647282745835490e+00 6.687000445212888389e-01 6.853940492597551115e-01 1.961280019981188338e-01 4.701063700602496898e-01
4.494130165575147061e-04 -6.511650690609029013e+00 6.662555611699486624e-01 7.060799866752219822e-01 1.916166660376769360e-01 4.586270223062985929e-01
4.496288037974227581e-04 -6.508670652330128092e+00 2.951710108325528714e-01 5.422891652499113313e-01 6.249987606283697872e-01 3.715340513015843449e-01
4.497934904555324505e-04 -6.505804446909151828e+00 6.721997200364304703e-01 7.064635504535534682e-01 2.112951428516636754e-01 4.433309778124452372e-01
4.488430519846695380e-04 -6.505419737753379117e+00 6.574191688575485859e-01 6.964953950546560746e-01 1.791902314952481812e-01 5.365859363282313721e-01
4.488442503326430162e-04 -6.502917067897245218e+00 2.887072466203982612e-01 5.265823767064883310e-01 5.175556741692726170e-01 3.952352061138417749e-01
4.479898730975345202e-04 -6.502322386776747010e+00 6.691073332734241985e-01 7.158731178258661565e-01 7.116097049580610845e-02 6.141249928282145332e-01
4.480602538556617141e-04 -6.499665295658392239e+00 2.704901239929226042e-01 5.952049338077298746e-01 7.625387097620968113e-01 8.825062798065137493e-01
4.484650931144755449e-04 -6.496262166064348698e+00 2.791245257547434466e-01 5.728446604289793020e-01 6.186077834703380685e-01 6.446536288866113740e-01
4.483153204365967646e-04 -6.494096189147383846e+00 6.762827175862207163e-01 7.191287870655803660e-01 1.904541332390633779e-01 5.648386761960854097e-01
4.479339564932716534e-04 -6.492447211237240445e+00 6.685775293818556619e-01 7.093604521126234408e-01 1.980370343652585741e-01 5.619223209289855303e-01
4.471349942864433452e-04 -6.491732464581870587e+00 2.801027424230665974e-01 5.774069639542402932e-01 6.409888580758575927e-01 7.008181715005877832e-01
4.464639827614293351e-04 -6.490734282888225515e+00 2.733603225726300989e-01 5.720118961282418812e-01 6.357654775977158446e-01 5.757714150389530161e-01
4.454111922740613592e-04 -6.490595131145520114e+00 6.576960976647788781e-01 7.262282753353599407e-01 6.725651641067043052e-02 7.069887383795296909e-01
4.449528421620916143e-04 -6.489124710361961590e+00 6.770785616576058263e-01 6.936426038037374342e-01 2.029794836501067345e-01 4.626684449752854755e-01
4.445729241573507010e-04 -6.487478913898779176e+00 2.948698891974298464e-01 5.538588218676632202e-01 5.587974037459807475e-01 5.184259407705381628e-01
4.465488686081137202e-04 -6.480544171745237669e+00 6.763132697804621341e-01 6.968109666084717491e-01 1.894454446137189274e-01 5.004404912439378572e-01
4.466465848784182454e-04 -6.477825370204514321e+00 6.682217325496663252e-01 7.107131833380671004e-01 2.094036684429733952e-01 5.382128243423692782e-01
4.469262417071097815e-04 -6.474699440611532353e+00 2.951751315898052952e-01 5.043024864895608861e-01 4.425931802120214309e-01 3.657823178484320703e-01
4.458484817212978791e-04 -6.474613847025789681e+00 3.056720922314173361e-01 5.151364242687799244e-01 4.802409919312408126e-01 3.854573020424590379e-01
4.459347321524858177e-04 -6.471920413397269201e+00 6.652875752977620571e-01 7.417880194233443802e-01 5.193696224036337128e-02 9.798486962470576156e-01
4.449177701253975584e-04 -6.471703535387147710e+00 2.881115161167520089e-01 5.411518322463193531e-01 5.898771431670722931e-01 4.217130569281819508e-01
4.451390629838617189e-04 -6.468706279807972415e+00 6.832674856077733949e-01 7.429486550882166140e-01 6.736889363838216571e-02 7.454396133212614073e-01
4.445767268554982822e-04 -6.467470360337200574e+00 2.852073402136681146e-01 5.725915808951906882e-01 6.461294903151770797e-01 5.387928371134202976e-01
4.479073701925908755e-04 -6.457506566169638695e+00 6.806172402667705068e-01 7.392906267956553812e-01 9.362825828349141677e-02 6.238127577364226406e-01
4.475287297967458643e-04 -6.455852277925991700e+00 6.581267390346685620e-01 7.421888490088704993e-01 4.068975429114152220e-02 9.938581315470476074e-01
4.477463399319651233e-04 -6.452866147692141396e+00 6.673182900286775965e-01 7.339626495323269273e-01 7.473664365468180026e-02 8.640495127419034471e-01
4.467140717511784232e-04 -6.452674284811652505e+00 6.713989926763135330e-01 7.261886915969322231e-01 1.594041272759502137e-01 6.657230940742409064e-01
4.463360338262009315e-04 -6.451020906843715430e+00 6.776356057847469083e-01 7.490017882706385688e-01 3.034340711015370839e-02 7.272311505856555724e-01
4.460348677726555370e-04 -6.449195886416537959e+00 3.031295330510751507e-01 5.052295654927223545e-01 4.464653380616369072e-01 3.615467215281397140e-01
4.453102765398097998e-04 -6.448321724392056531e+00 2.757117023695870861e-01 5.625763820270019977e-01 5.987472184797916208e-01 5.203814866385001459e-01
4.442476174182098648e-04 -6.448210910378278093e+00 2.860135826804166004e-01 5.704193170480018615e-01 6.067817702484672449e-01 6.276974416922505018e-01
4.445062894226673128e-04 -6.445128809957071603e+00 6.663119973506348437e-01 7.372014514970844923e-01 1.742254233580475820e-02 7.273381478843318204e-01
4.437074510755373812e-04 -6.444427562951073440e+00 2.766069518131449856e-01 5.868436189427278515e-01 7.407148260755775926e-01 6.589228021018944670e-01
4.435343618345163820e-04 -6.442317736724894495e+00 2.787326222799030306e-01 5.822840060553540198e-01 7.186140164004826136e-01 7.302067593866145012e-01
4.429845811141569023e-04 -6.441058050415227498e+00 2.777052162020871018e-01 5.856892456983131545e-01 7.699008405896657914e-01 6.312281012135615432e-01
4.427551229243208131e-04 -6.439076166954261105e+00 6.745490203882522628e-01 7.281258212360215420e-01 8.692308495492401255e-02 5.625090124867737629e-01
4.424396603385788852e-04 -6.437288919910019835e+00 6.811815604878945773e-01 7.355113813544332801e-01 1.051726440583487798e-01 5.979385701211206161e-01
4.433576478639512518e-04 -6.432716238393580532e+00 2.968507955228428807e-01 5.429861632997989851e-01 6.107287248493320497e-01 4.162694630945834029e-01
4.433106684920378577e-04 -6.430322206704594201e+00 2.859176024006016559e-01 5.778093636913870235e-01 6.543885869985623938e-01 7.014106331871491351e-01
4.423493199676259923e-04 -6.429993127632494421e+00 2.883994520388442062e-01 5.565253632305772191e-01 5.674132047225248776e-01 5.475092369987089036e-01
4.419502963945535763e-04 -6.428395590084742039e+00 6.569633122518966362e-01 7.242083186086414326e-01 1.017749806580517113e-01 6.721539932945936879e-01
4.413418727526614697e-04 -6.427273217464154698e+00 2.806851322325809583e-01 5.918492321494714936e-01 7.337714064468375819e-01 7.689023217640397201e-01
4.411746261977739876e-04 -6.425152239402189380e+00 6.593534903284403725e-01 7.263604897578234132e-01 1.413194565887951892e-01 6.606366651399773193e-01
4.403209039691525833e-04 -6.424589225958172278e+00 2.762737237367464127e-01 5.897376691057910625e-01 7.542542631991095980e-01 8.192731425109963661e-01
4.409109257065876430e-04 -6.420750141722373350e+00 6.690554877119867516e-01 7.127861433601251351e-01 9.542503137497615473e-02 6.474645256962561213e-01
4.406475305516710213e-04 -6.418847708817069453e+00 2.981589891971531125e-01 5.170138245126703058e-01 5.038075369012263716e-01 4.005398177645679292e-01
4.396884052034931369e-04 -6.418526708193827091e+00 6.590936876231556774e-01 7.018662324157305399e-01 1.754674814761746360e-01 5.028038161112702298e-01
4.393322225473174488e-04 -6.416837116196610680e+00 2.811367877034354201e-01 5.870807397529862470e-01 7.765096673832642127e-01 6.509028931431291021e-01
4.386132524948955125e-04 -6.415974963269309939e+00 2.943987479401830587e-01 5.458474239727089117e-01 5.921159549995880234e-01 3.733513037027311743e-01
4.377843326134156325e-04 -6.415366616424789115e+00 2.865025488756153260e-01 5.813409498043817791e-01 6.785875109322825338e-01 7.254476264107264649e-01
4.368494795477745416e-04 -6.415004318874994560e+00 2.819376783960412247e-01 5.905304440395101606e-01 7.082129277385762478e-01 8.041733361764800136e-01
4.368934971633723122e-04 -6.412403562435615711e+00 2.837968928611102615e-01 5.535195878474179487e-01 5.549209322851434978e-01 5.126930277338744846e-01
4.373411497959941844e-04 -6.408879460557923124e+00 6.669817302643934465e-01 6.937285630241384338e-01 2.298772229362440189e-01 4.564814863920643173e-01
4.397127516060350943e-04 -6.400971337781000692e+00 6.567937237871117606e-01 7.028894802927123653e-01 1.657521564059402930e-01 5.426723176705379181e-01
4.409141607887904720e-04 -6.395742804479986887e+00 2.822903111830641354e-01 5.745280501852874089e-01 6.335689311978165428e-01 6.723746228505487199e-01
4.409652449812403487e-04 -6.393126951468405039e+00 2.774064292765086592e-01 6.049460182038624012e-01 8.353032554314046010e-01 9.987608426022598351e-01
4.408169183655987530e-04 -6.390963376093908188e+00 2.841570557086155469e-01 5.828088031920828360e-01 6.845843591150631013e-01 6.656348787785306698e-01
4.400125825708434417e-04 -6.390289690987919435e+00 3.032299765031375993e-01 5.266488776017150819e-01 4.988053184789533745e-01 4.120658098313702000e-01
4.404958077582264665e-04 -6.386692085919749573e+00 6.589366200001554041e-01 7.033295279430950009e-01 1.870539450924818270e-01 5.394774395438907133e-01
4.397637119823478318e-04 -6.385855449798825134e+00 6.812322852269779849e-01 7.084961098068468521e-01 1.819180077842120491e-01 4.959456831397443533e-01
4.386684393690804744e-04 -6.385849149919351042e+00 6.596806264620098670e-01 6.961634334844662986e-01 1.652502439049748639e-01 5.071893421905324661e-01
4.380925705255942220e-04 -6.384662777965761649e+00 2.904670971474610508e-01 5.314113455311357814e-01 5.732877759550188967e-01 3.748208662676695835e-01
4.386584141388833163e-04 -6.380872003956380212e+00 2.841068017476031660e-01 5.596847867547665167e-01 6.728277486988165634e-01 4.215244491921917858e-01
4.387982076250765916e-04 -6.378053370570052394e+00 2.720503982463088333e-01 6.015182215312938618e-01 8.050035447583028247e-01 9.742115318868628249e-01
4.379725511755072674e-04 -6.377436774379646067e+00 2.896369143802325907e-01 5.352113933490125763e-01 4.809251917800853593e-01 4.161175946227400613e-01
4.370387981245164540e-04 -6.377071040195016138e+00 2.862603576672116956e-01 5.739631042451138754e-01 6.916607685889859525e-01 5.240779903941501505e-01
4.366651129081449995e-04 -6.375426444948130822e+00 2.945897179712474445e-01 5.613852542865749307e-01 6.270895419263442516e-01 4.869269836152525510e-01
4.356243104115118314e-04 -6.375312815716221770e+00 6.807198300978901662e-01 7.425453213004816755e-01 1.056213821874789349e-01 6.885428448288898329e-01
4.347218682610527372e-04 -6.374886570955188070e+00 6.700193077205963688e-01 7.213871629976786881e-01 1.038890458331794275e-01 5.405925346191671199e-01
4.386364066477151276e-04 -6.363422175211593590e+00 2.943550908071659311e-01 5.512417901050298275e-01 5.424149287279411702e-01 4.618887291521904803e-01
4.379821553643117567e-04 -6.362414845874137193e+00 6.820598883834750881e-01 7.190790868892052989e-01 1.164249528573204351e-01 5.742539044041008456e-01
4.374404200047288986e-04 -6.361152500565663281e+00 2.826022993133243122e-01 5.462366694598381756e-01 5.296728350374333427e-01 4.457765824130573984e-01
4.368107886331194074e-04 -6.360092890865949755e+00 6.795301338237370592e-01 7.404956802956542683e-01 1.166589561093039906e-02 8.330476161349682496e-01
4.357565513735051554e-04 -6.360009295249325234e+00 2.917251425896238981e-01 5.552841713590562778e-01 5.747312419377171855e-01 4.416510950859525164e-01
4.363222907489206544e-04 -6.356211845001817018e+00 3.018007985175492625e-01 5.162625426503019144e-01 4.784934485698258966e-01 3.504660044915559602e-01
4.352386779141851378e-04 -6.356198448766892994e+00 2.827514129917511609e-01 5.816552104120906730e-01 7.207037047957338682e-01 5.971948027101032785e-01
4.343926217899750017e-04 -6.355644230597498279e+00 6.818127190535410165e-01 7.518753444472966452e-01 1.538334564786203451e-02 9.194371079544012559e-01
4.333887871775324589e-04 -6.355457797239579598e+00 6.730858431729286329e-01 6.955684296983509762e-01 1.906845235483355938e-01 5.061437380407101116e-01
4.328562363305607161e-04 -6.354187359083199205e+00 2.828366422518183709e-01 5.653823770651446035e-01 7.003448738365796178e-01 4.811541921383775122e-01
4.340224601210533996e-04 -6.348996730050931347e+00 2.828370532811061433e-01 5.423015956466518128e-01 5.542035065311460285e-01 3.907033059258154806e-01
4.330209814195754340e-04 -6.348806831480381163e+00 2.944153287326033985e-01 5.488994453823544672e-01 6.387098615180657468e-01 4.097923988552610863e-01
4.322358494199553779e-04 -6.348121627243031639e+00 6.774621659166987220e-01 7.168842891141391505e-01 1.788203773465859292e-01 4.817180647003370675e-01
4.320182106137824868e-04 -6.346125272689057795e+00 2.860329413970177370e-01 5.667524890758238731e-01 6.929082979124281394e-01 5.358858996150015486e-01
4.315408065833517093e-04 -6.344730939052469765e+00 6.745379316057326102e-01 6.983695783060390738e-01 1.731997636434172427e-01 4.619629044938994289e-01
4.315853788597255559e-04 -6.342127658032460147e+00 2.869969698664569524e-01 5.388790126797268210e-01 5.064133313854616292e-01 4.434712013145634124e-01
4.308895753363398769e-04 -6.341241162681971133e+00 2.899323642076194751e-01 5.557495379626938847e-01 5.457569788567574465e-01 5.171814519721765757e-01
4.299879385043739346e-04 -6.340835855938905752e+00 6.724269937600091396e-01 7.095288773799208748e-01 1.394392332432151382e-01 4.872134830309119424e-01
4.296638802004659492e-04 -6.339089785174460090e+00 2.743041338340546087e-01 5.787247420483302429e-01 7.184662723790835592e-01 6.141041782343896749e-01
4.304979715143185458e-04 -6.334650402316168716e+00 6.775342457041328981e-01 7.101959711975448508e-01 2.066686830824917553e-01 4.724140346174022231e-01
4.299080503242078588e-04 -6.333521664877279633e+00 6.612321784359541654e-01 7.400928982984028570e-01 4.525518226163244284e-02 7.804459429012737814e-01
4.305488827603491924e-04 -6.329532148017143811e+00 2.760825797366203149e-01 5.676796044890596304e-01 6.193540855177452897e-01 5.355747877419083647e-01
4.324227160518547605e-04 -6.322689395048108452e+00 2.947816732448588772e-01 5.549291379716549955e-01 5.884847719310976055e-01 4.445554022742206901e-01
4.320568099952081659e-04 -6.321035930026607907e+00 6.667777367934394350e-01 7.345177123648988227e-01 8.847705811728856506e-02 8.468597552880057222e-01
4.315471158996561445e-04 -6.319716318719733827e+00 6.652913111615457176e-01 6.953935600861773647e-01 2.093736073539412545e-01 5.002585175837981346e-01
4.330843373075185347e-04 -6.313660530824600770e+00 2.855595218908341670e-01 5.846685173432701887e-01 7.190428179713437284e-01 7.477417916610125115e-01
4.321830518446545381e-04 -6.313243784625969468e+00 6.620896162561473730e-01 7.358428696230463473e-01 7.334963826901225170e-02 7.034109968186321726e-01
4.312616105018778415e-04 -6.312878123357222648e+00 2.848151553276546677e-01 5.522708382845293862e-01 5.876363835387112822e-01 4.036270963080792473e-01
4.306357185660402874e-04 -6.311830482065732717e+00 6.804431357019185000e-01 7.396576018154036314e-01 6.644775699409449787e-02 6.445669493375435488e-01
4.296867672453411860e-04 -6.311536519269680845e+00 6.671853562614302735e-01 7.031105766516787536e-01 1.847634223591313463e-01 4.582055005490448529e-01
4.286884284152731321e-04 -6.311362633270334754e+00 3.023273644652980652e-01 5.224014766077009764e-01 5.417781419736612536e-01 3.519599284101214698e-01
4.283190392955543626e-04 -6.309724677433331763e+00 6.727092392477732608e-01 7.014533277879988482e-01 1.470826867713888042e-01 4.933205098483691708e-01
4.274565132497787183e-04 -6.309240454432978318e+00 2.913934926130912206e-01 5.346975004140932519e-01 5.168445760917784737e-01 3.627508303161945946e-01
4.268314559488215788e-04 -6.308203795683310133e+00 6.812504625953915705e-01 7.474880925216129679e-01 7.678889087655149659e-02 7.636060044779753309e-01
4.266962810699872805e-04 -6.306020539648626411e+00 2.829027283226807632e-01 5.652916552001425732e-01 6.197532649654955428e-01 4.826650269897803103e-01
4.259995314575883716e-04 -6.305154767839337815e+00 2.997639250365566888e-01 5.224840799684449255e-01 4.739937181056245175e-01 4.175485687069449559e-01
4.250403817085924240e-04 -6.304908834047663113e+00 6.615748500906859508e-01 7.488595921530094568e-01 6.489688924809849935e-02 9.606820148792900582e-01
4.258342723187595992e-04 -6.300542775782129290e+00 3.018522843380261333e-01 5.016100406896699671e-01 4.656845335202249858e-01 3.722996320301605877e-01
4.248074111941885353e-04 -6.300457098153740887e+00 2.769881023436492340e-01 5.843620237918371041e-01 6.854272174095135117e-01 7.641735854842313103e-01
4.246947150877270253e-04 -6.298222420873100802e+00 2.779288365910911329e-01 5.886165974238470877e-01 7.460380418133782943e-01 6.906852926339592802e-01
4.242166392448872675e-04 -6.296848747882253683e+00 6.819342065521729612e-01 7.448579624502029706e-01 3.750175251725507142e-02 8.263542161956176635e-01
4.235558634216800115e-04 -6.295907599944420951e+00 2.860259676996046441e-01 5.692894970354801520e-01 6.915649977163790263e-01 5.704763482674528596e-01
4.227678261716565316e-04 -6.295269860182338917e+00 6.696585942726474006e-01 6.996606880688553964e-01 1.961758509627768710e-01 5.276902170457592467e-01
4.223666960152963157e-04 -6.293719129620398256e+00 6.821168641753703188e-01 7.513592102695187958e-01 3.516904064379544614e-03 8.176081114167218500e-01
4.218715094126656282e-04 -6.292392226635519670e+00 2.914695778603394460e-01 5.619325892697717428e-01 6.292098349825387960e-01 4.609564532246627211e-01
4.235132078786619657e-04 -6.286008313202644970e+00 2.899064237077208506e-01 5.731222486758773549e-01 6.515755103159908135e-01 6.026152432652825963e-01
4.225229000352348626e-04 -6.285849367648072672e+00 6.603449681807409544e-01 7.329726628230779362e-01 3.739161512043792657e-02 7.588693946102713639e-01
4.219008811759089421e-04 -6.284822606525681365e+00 6.793470878853633543e-01 7.385273498567437311e-01 8.619795103460847763e-02 6.217375887576036542e-01
4.214417552157932148e-04 -6.283411430891164606e+00 6.684333180359637305e-01 7.293306045610473687e-01 6.203092263463683143e-02 8.164114607290577919e-01
4.204826534021436604e-04 -6.283189787994760245e+00 2.783223087798334938e-01 5.829534964182392365e-01 6.790237131364474932e-01 6.777913955944688817e-01
4.204643192965962207e-04 -6.280733391470714189e+00 6.770289060344527599e-01 7.063474793625873493e-01 1.478121363962625612e-01 5.494068379724518225e-01
4.209602803750328234e-04 -6.277054530914301544e+00 2.820850281221420341e-01 5.658934637991528405e-01 6.730806662654837957e-01 4.581928389040698657e-01
4.201749164814908423e-04 -6.276421921851459196e+00 6.569850528796905564e-01 7.090381273991870348e-01 1.390715296104330645e-01 5.892316728253568225e-01
4.193548637852233989e-04 -6.275875522489237746e+00 6.648628930060842546e-01 7.027796711923055550e-01 1.441649742738735640e-01 5.047107245361890371e-01
4.187212046370103989e-04 -6.274887698514389989e+00 6.717607059883354825e-01 7.320458676203387416e-01 1.501861295699855048e-01 5.766378484120159298e-01
4.181034523574534887e-04 -6.273864118661929723e+00 6.637091242306673022e-01 6.987260912466306539e-01 2.127734902816955376e-01 4.872954033766839776e-01
4.174640268284587658e-04 -6.272894636949786218e+00 2.788026278340891562e-01 5.703438473996566005e-01 6.416416020727312430e-01 5.255347573264614880e-01
4.168023056483689446e-04 -6.271980992033528324e+00 2.844789338506906184e-01 5.625681566968460112e-01 6.333213491655219629e-01 5.540135079966336251e-01
4.165822534599082031e-04 -6.270009084835753477e+00 2.772982469343087120e-01 5.889542258343741787e-01 7.016078535072927114e-01 8.201947578951304108e-01
4.169120247655604475e-04 -6.266717786487403075e+00 2.768197871797122844e-01 5.948728785318391221e-01 7.813379408497382883e-01 7.880066520992222712e-01
4.167092927831051851e-04 -6.264704175168172462e+00 2.993276878263036456e-01 5.147244238054239363e-01 5.128080539908950186e-01 3.272368369443112712e-01
4.161860140270009990e-04 -6.263460704820037250e+00 2.975666707058149951e-01 5.280575427488746199e-01 5.573974747619581116e-01 3.937435810876536157e-01
4.153422544881390805e-04 -6.262990124288743132e+00 6.741563160442508584e-01 7.305534941055813469e-01 1.582756436428248148e-01 6.495270917925265453e-01
4.148133232146209619e-04 -6.261764418792803433e+00 2.927385734537000239e-01 5.251158155002438876e-01 4.778133088956282304e-01 4.158406834676087738e-01
4.149432583398038961e-04 -6.258951230252614906e+00 6.642136015883841615e-01 7.450602210995380670e-01 9.216389300485861025e-02 8.852699569171410543e-01
4.156280186905085311e-04 -6.254802339844802717e+00 2.778071066758222574e-01 5.904474001775070757e-01 7.887817368786227412e-01 7.330078580811040245e-01
4.147021867087681579e-04 -6.254532374015314922e+00 6.670591177078324385e-01 6.922666871305243053e-01 2.087842080332069084e-01 4.856297930062928314e-01
4.138065945707001441e-04 -6.254194312445265247e+00 6.720473039068829424e-01 7.541567233841496298e-01 2.863370572435564032e-02 8.176399133246442519e-01
4.130977918238743917e-04 -6.253408665234020170e+00 6.777006323385639242e-01 7.406308096166089872e-01 6.625812055358470953e-02 6.441248201101443804e-01
4.142035058525343175e-04 -6.248235601163766972e+00 2.973484351576548557e-01 4.998319136648268213e-01 4.620055221274983470e-01 3.457759248182045719e-01
4.136503771320123582e-04 -6.247071896889864639e+00 2.745975726804119055e-01 5.799430951745864204e-01 7.138423618190767872e-01 6.086484782167331797e-01
4.126883251880083332e-04 -6.246900366743621369e+00 2.810628572118265556e-01 5.544979730832241271e-01 6.160441086739015804e-01 4.583854416258896780e-01
4.119319742742941453e-04 -6.246234789510821450e+00 6.602014797357634857e-01 7.030832255678454157e-01 1.365962293049563792e-01 5.607066625472131305e-01
4.111060872346322280e-04 -6.245741713261960371e+00 2.970598002609676769e-01 5.055671964624854908e-01 4.984358414286560457e-01 3.473463139784143672e-01
4.105799399690066021e-04 -6.244522366261081814e+00 2.982934159188004308e-01 5.272149319771519682e-01 5.126803945527735884e-01 4.263523308710541748e-01
4.098638617717994311e-04 -6.243767954142946941e+00 6.797150093355606160e-01 7.062816133950574615e-01 1.705037353020329438e-01 5.081950307394222932e-01
4.099581168716557255e-04 -6.241038013734597101e+00 3.001715847688803951e-01 5.330211215950350079e-01 5.420078361038045411e-01 4.244700100765510520e-01
4.092640660690531726e-04 -6.240232428224609329e+00 6.734591568000161121e-01 7.271374417950442481e-01 1.777624910059276975e-01 5.660320566237834194e-01
4.083317952628400687e-04 -6.240012946642935709e+00 2.798678987325315393e-01 5.646683527512357248e-01 6.605358590037896382e-01 5.224727707314040792e-01
4.073824446275485620e-04 -6.239840602622186871e+00 2.827840725852915904e-01 5.502859754882030163e-01 5.564469065897101885e-01 4.252356014747363244e-01
4.070512628176176204e-04 -6.238153883863274629e+00 2.792431427237518360e-01 5.948926490069882389e-01 7.884508830925501810e-01 8.686540131547551002e-01
4.062155908346946182e-04 -6.237708983670392726e+00 6.725116028838149518e-01 7.558518640343491191e-01 4.002187108082988498e-02 8.377407174575111082e-01
4.064778890626235749e-04 -6.234563480184703188e+00 6.754748257544271883e-01 7.375246926360223831e-01 1.358076269389770774e-01 6.986314191405641472e-01
4.064195058291906397e-04 -6.232207122503893970e+00 6.677077654769414394e-01 7.155139438049241685e-01 1.281872029481687936e-01 6.668250239806262636e-01
4.062755692687222719e-04 -6.230061342841593408e+00 6.809583021923786283e-01 7.123582681717922638e-01 1.559080199791095522e-01 5.090115461134168129e-01
4.055165059778254185e-04 -6.229431436268866307e+00 6.606234153085768224e-01 7.276022460801676583e-01 4.040010238810681775e-02 7.927851298562756943e-01
4.045904672498407345e-04 -6.229217650711995624e+00 2.915854585139899813e-01 5.562459570962038358e-01 6.628189761521635637e-01 4.365803422183852089e-01
4.036153257313152562e-04 -6.229130753909687179e+00 6.818331378567423773e-01 7.389945402084496795e-01 1.005807628210023674e-01 6.627420233867712396e-01
4.038134501215238123e-04 -6.226140000049755763e+00 6.628244972999250972e-01 7.013604829973358878e-01 1.382402643418116917e-01 5.551406215725627202e-01
4.029621641986393674e-04 -6.225750342067314591e+00 2.797425888696524754e-01 5.542899897094490935e-01 5.790758848203391151e-01 4.486989136498891195e-01
4.029322640758370411e-04 -6.223324545639813188e+00 6.574105190376899888e-01 7.186405674672455834e-01 1.311069441169216698e-01 6.346855736888431521e-01
4.019960522826987914e-04 -6.223150745864804989e+00 2.837496587444210960e-01 5.878766881528671995e-01 7.195457629924542076e-01 7.986792316695902061e-01
4.017048684736550940e-04 -6.221375353276006770e+00 2.958900299971067849e-01 5.142564132984932534e-01 5.252426058042115598e-01 3.504419548595725242e-01
4.012398478922873718e-04 -6.220033641322193496e+00 6.647925681829501832e-01 7.209214051047220240e-01 7.676379372687566760e-02 6.098263711927093267e-01
4.010249343748142708e-04 -6.218069408384054420e+00 2.953988076358102233e-01 5.466822687376913237e-01 6.241470339660251110e-01 4.011588659003053614e-01
4.003600695574565781e-04 -6.217228698155233602e+00 6.731862577521696700e-01 7.415034365972343888e-01 2.279802282630358223e-02 7.003338605645546000e-01
4.000812771115987978e-04 -6.215425294997196204e+00 6.695038653312764820e-01 6.959261740127766771e-01 1.744127194316934526e-01 4.675334135625990317e-01
4.001454294123697286e-04 -6.212764959681249977e+00 6.756887351191309676e-01 7.513456453882975117e-01 4.003564037810147802e-02 7.583663555479043250e-01
3.993077042428686690e-04 -6.212360705987954645e+00 6.729556781395157339e-01 6.971559308114326781e-01 1.807161369526284200e-01 4.599006418923729522e-01
3.992512814735700273e-04 -6.210002017451231815e+00 2.813949613718952358e-01 5.846266451185135882e-01 7.677353963266730918e-01 6.470296721001849161e-01
3.982901631242547554e-04 -6.209912221512960073e+00 2.868897961104305283e-01 5.609784643602947485e-01 5.827409824453215759e-01 5.611326934808248401e-01
3.973957880851243258e-04 -6.209660282860368419e+00 6.675740814949644442e-01 7.124991046828221819e-01 1.072065951441663056e-01 6.471687501980792900e-01
3.971290663870090886e-04 -6.207831682141671692e+00 6.597938570154886495e-01 7.316703475794754663e-01 7.543037050600515103e-02 7.092549623782221646e-01
3.966501410292655417e-04 -6.206538378944467027e+00 2.966919873498760074e-01 5.156655825958644801e-01 4.568270686336314834e-01 3.677984914127981342e-01
3.961941227235071870e-04 -6.205188714204226130e+00 6.707386914198065764e-01 7.479325339635927161e-01 9.279348091761965844e-02 7.482280770679700099e-01
3.960947043565159762e-04 -6.202939679165777598e+00 6.687347562791362554e-01 7.143406326889882862e-01 1.752004272208482760e-01 6.024634691296560929e-01
3.951300178632971517e-04 -6.202878144355601364e+00 2.851447577139140654e-01 5.710666386987294230e-01 7.197943651476373939e-01 5.116394909085733023e-01
3.942205679896158745e-04 -6.202682444352070945e+00 2.789611096898162446e-01 5.934510602763575227e-01 7.939789999546319477e-01 7.734281530745497069e-01
3.937079607311717313e-04 -6.201483596200444204e+00 2.813191169204602438e-01 5.929097936364741139e-01 7.300562719408002499e-01 8.719348628449046235e-01
3.927816892378244531e-04 -6.201339054842889276e+00 6.737535837152683893e-01 7.383992355762751814e-01 9.825020730281586179e-02 6.198292703342885845e-01
3.937051019516364767e-04 -6.196490857394526763e+00 6.612499054740605953e-01 7.265586205630099048e-01 5.413815297545282457e-02 6.984724770546809625e-01
3.946171975963030823e-04 -6.191676839251975650e+00 2.920975769379107745e-01 5.581281683865185750e-01 5.821699980317914802e-01 5.365836801056494965e-01
3.940658925763316687e-04 -6.190574878886998533e+00 6.813439921850232839e-01 7.441809375836891949e-01 9.246594521128692623e-03 8.106136887733007557e-01
3.937980923530818331e-04 -6.188754692252466327e+00 6.627216104017188414e-01 7.022292351751138195e-01 1.436035283645193672e-01 5.718906723558035976e-01
3.930288420613641778e-04 -6.188210015597822355e+00 2.940048806620866317e-01 5.208696150481951781e-01 4.768657784473673278e-01 4.045744900781177433e-01
3.921789631622187348e-04 -6.187874739955808501e+00 3.005872343055706608e-01 5.169705025198638726e-01 4.674242944842842973e-01 3.978667728572284901e-01
3.912791467117367997e-04 -6.187671778775857945e+00 6.595121076137587801e-01 7.207855801794748052e-01 1.096405902969899149e-01 7.191713393676859578e-01
3.911634289834370793e-04 -6.185467564646250693e+00 2.911067205560744497e-01 5.675919962312921951e-01 6.717204820177571367e-01 5.115840983216245474e-01
3.909650293114622826e-04 -6.183474897358998135e+00 6.731644526988175281e-01 7.391438122120806975e-01 6.966024554629191012e-02 8.673276964394147637e-01
3.902651834896825322e-04 -6.182766548520259420e+00 2.842920746956816291e-01 5.430670039747300670e-01 5.740067798747577887e-01 4.101341456608574854e-01
3.894659502155920004e-04 -6.182316571969235675e+00 6.574676537025656575e-01 7.161546595593820674e-01 1.138434000013200664e-01 6.351003106228302331e-01
3.888715117278119778e-04 -6.181344029228891479e+00 6.707809449329740215e-01 7.000478424351668227e-01 1.753147772974130436e-01 5.383259760707735930e-01
3.890837319525189690e-04 -6.178298444552412505e+00 2.819654759986049974e-01 5.889414737446793113e-01 7.239262920664513157e-01 7.427576817616009519e-01
3.881206929834473632e-04 -6.178276658600225346e+00 6.578756465034389933e-01 7.161304255220950488e-01 1.161771660965131292e-01 6.212032185464974043e-01
3.881083181331705417e-04 -6.175808543134559514e+00 2.776515876002646488e-01 5.839379290417324730e-01 7.507886914878458828e-01 6.312291266818256252e-01
3.873626241237184548e-04 -6.175231746696835167e+00 6.573541735573894540e-01 7.221257075294211791e-01 1.155140868742738913e-01 6.739498671942041330e-01
3.864710525244568367e-04 -6.175036045464573853e+00 6.701360011861512422e-01 7.381659181493821498e-01 2.170894136207246472e-02 7.045496958055237346e-01
3.856263714576915074e-04 -6.174724063135698771e+00 6.784088499975793329e-01 7.120521345930344026e-01 1.285305968438282820e-01 5.661999192032693973e-01
3.849232376658053446e-04 -6.174049082521142040e+00 6.670978733174293129e-01 7.520692193439402207e-01 5.674466864733079818e-02 8.459142275017639268e-01
3.841424850199350993e-04 -6.173579475739979117e+00 2.983980308004535731e-01 5.061301329251869374e-01 4.535752553634050388e-01 3.680166406630172027e-01
3.836022540482719799e-04 -6.172486795213066202e+00 2.963269409468387572e-01 5.525440407820254585e-01 6.065560036884685147e-01 4.678271249771938090e-01
3.828928567453668361e-04 -6.171837811600422441e+00 2.807100662534897095e-01 5.524140211946415580e-01 5.841747103069456770e-01 4.318910776030084886e-01
3.833813871648910970e-04 -6.168062731589330383e+00 2.814558214067102715e-01 5.550236631330477399e-01 5.621182323062122732e-01 4.762362756372393591e-01
3.830336973026161646e-04 -6.166470046419565421e+00 6.714087731690107086e-01 7.078887892651459790e-01 1.680443139905281325e-01 4.689342078160547711e-01
3.820808744334467408e-04 -6.166460714868271964e+00 2.864468563703906900e-01 5.743126549561751171e-01 6.706470744046100219e-01 6.487538470159116555e-01
3.813021981297478810e-04 -6.166000782566253058e+00 6.626512282244838570e-01 7.305029343375887274e-01 1.129003074787938432e-01 6.383879672180710063e-01
3.805407077723737077e-04 -6.165499857716973509e+00 2.854699494234491652e-01 5.444329017884156352e-01 5.973506519420535010e-01 4.036049541557107379e-01
3.807565724262004596e-04 -6.162432760827945444e+00 2.749301375419926363e-01 5.971503373782282020e-01 7.721238623299552239e-01 8.722731544274986426e-01
3.809290068885872057e-04 -6.159479990104661518e+00 2.841450657822049419e-01 5.814479109199091056e-01 6.902526732715090763e-01 6.440015749765600761e-01
3.800898838149530394e-04 -6.159185253138081073e+00 2.823523135978258658e-01 5.476777049035762568e-01 5.519451877317177457e-01 4.409696220750004558e-01
3.792827336047146732e-04 -6.158811088322795335e+00 6.623424175309396977e-01 7.348667595742877090e-01 1.046648096509500414e-01 6.868743583944376674e-01
3.789798540381508459e-04 -6.157109966145882574e+00 2.892564037944322375e-01 5.414118589463784437e-01 5.228625216516552543e-01 4.618582521284250175e-01
3.786727515520052359e-04 -6.155420634520011092e+00 6.798998583480839741e-01 7.222528358839205298e-01 1.684780266548394911e-01 5.494018029546060555e-01
3.778963649053995321e-04 -6.154973023131304899e+00 2.863718796065386485e-01 5.820652347343302502e-01 7.015150088214778812e-01 6.732687547715628940e-01
3.773391103285561599e-04 -6.153948734207511428e+00 6.800554434977743590e-01 7.097180254953052714e-01 1.725010819766361059e-01 4.966536393617716483e-01
3.785157240781755143e-04 -6.148335399089559061e+00 2.837629102198852005e-01 5.663562890739788358e-01 6.943338849394299350e-01 4.680817824831545737e-01
3.781255214082040366e-04 -6.146866806528400673e+00 6.609746724807552543e-01 7.272430079165140837e-01 4.861970612569910255e-02 7.966631455184338684e-01
3.773750480694870279e-04 -6.146353498837780371e+00 6.622827109355073905e-01 7.418630097521335953e-01 8.968404673266469618e-02 7.848364918300394510e-01
3.779604213873584309e-04 -6.142303529430190423e+00 6.679569265256392052e-01 7.106529934209313559e-01 1.651051389735390951e-01 6.024474010412971259e-01
3.770774554913867635e-04 -6.142142395665957544e+00 2.800149770808743055e-01 5.619059098600264202e-01 6.297990710615630761e-01 4.606085050133530978e-01
3.778927360657662331e-04 -6.137482625915020584e+00 2.887411255029679880e-01 5.356612324000029624e-01 5.775008463538474635e-01 3.686122665338391058e-01
3.777417923242620953e-04 -6.135382141124660293e+00 2.790069931816472337e-01 5.891649321126345429e-01 7.786866584514942069e-01 7.246849802178310096e-01
3.771525457707302687e-04 -6.134443277944665596e+00 6.796046467605938446e-01 7.433995245920758110e-01 2.824893678228301841e-03 7.633294797228216133e-01
3.764841377817175223e-04 -6.133717098616770613e+00 2.857581986779296757e-01 5.380416207868150558e-01 5.576060063575295489e-01 3.885052992900814850e-01
3.758245793867658036e-04 -6.132970523903185978e+00 2.755687710375725463e-01 5.898844073157752943e-01 7.505153655528495893e-01 7.953676234644699861e-01
3.761936382944685306e-04 -6.129489007954092017e+00 2.773522931548883519e-01 5.765397551987142544e-01 6.662527318440036872e-01 5.959337874497856458e-01
3.758860444532518153e-04 -6.127806990052064862e+00 6.611963881111303509e-01 7.229171977021516815e-01 7.711469707054646738e-02 7.544438112156486298e-01
3.749668005282922700e-04 -6.127755524116671459e+00 2.929589080481615482e-01 5.544186915815632055e-01 6.476258327414503579e-01 4.294716479792276553e-01
3.744669409425501697e-04 -6.126589490369338975e+00 2.835360342442964088e-01 5.887879403506279807e-01 7.484225273200380002e-01 7.328727185036297831e-01
3.736619297121497813e-04 -6.126241556871969252e+00 6.603621434837527726e-01 7.180419203013613805e-01 8.678400658119922451e-02 6.956921048385721340e-01
3.729720019019797735e-04 -6.125589659341807547e+00 6.582630545272518674e-01 7.334966173778774134e-01 8.664485933061558121e-02 7.978341877444499186e-01
3.721156998306815347e-04 -6.125388187277003738e+00 2.828199980617877030e-01 5.535433424411499992e-01 6.217563377029040605e-01 4.475670742087908272e-01
3.716448340325226459e-04 -6.124154363256042011e+00 3.029202461076207498e-01 5.070212511480909345e-01 4.735448605090796237e-01 3.619372885220576430e-01
3.713373223224957463e-04 -6.122482140141277007e+00 6.583916895804735603e-01 7.081113169510093730e-01 1.506295227870320663e-01 5.735341318734755722e-01
3.706775841901839411e-04 -6.121760374784190439e+00 2.901376294394908406e-01 5.339428105090615606e-01 4.917763820664995400e-01 3.977169551898120936e-01
3.703759501317778783e-04 -6.120074443029177580e+00 6.781771725809483398e-01 7.551339586536293114e-01 3.433437104915396110e-02 8.134914237923377422e-01
3.694537807015883389e-04 -6.120067367736958808e+00 6.593679416586035735e-01 7.159938989020442346e-01 1.231770497886313098e-01 6.689744358747726771e-01
3.685951972514773492e-04 -6.119893998795506995e+00 6.805473367221905878e-01 7.185023112486691454e-01 1.259963244980212005e-01 5.901724839996541627e-01
3.683393816680851827e-04 -6.118088268276098418e+00 6.742111826320182910e-01 7.074113821831614635e-01 1.451326634905115431e-01 4.926838551300751767e-01
3.686902065796838286e-04 -6.114636271385637478e+00 2.878393706824933229e-01 5.776500177545315085e-01 6.851893024360740103e-01 6.281849185135767177e-01
3.677897970269343995e-04 -6.114581443004579953e+00 6.821146545286920215e-01 7.347232717858781514e-01 9.352252418930184774e-02 6.328721329186912659e-01
3.672145040242187760e-04 -6.113646857300451209e+00 6.742615534538922706e-01 7.467449039693392354e-01 7.369536969932027892e-02 7.061833855663105508e-01
3.679007751756617223e-04 -6.109279745106682036e+00 6.776144795199213755e-01 7.049293457317435951e-01 1.955493677983092815e-01 4.729320591317119904e-01
3.673053081345353647e-04 -6.108399609753755399e+00 6.707110384235189793e-01 7.190340217227977337e-01 7.778484044433603417e-02 5.934292728237445802e-01
3.664302403988792430e-04 -6.108284851009377014e+00 6.737737042996724268e-01 7.548837974698685560e-01 5.493090008682763314e-02 9.941878915888091583e-01
3.668701596481460376e-04 -6.104585017211346276e+00 6.700896271328871112e-01 7.398317236676754671e-01 2.448515010440410755e-03 7.522343141806437927e-01
3.666191248184981423e-04 -6.102769512117452777e+00 6.790516259063451576e-01 7.287184561458110998e-01 1.077861446436947923e-01 6.895540317478170422e-01
3.664498346959246572e-04 -6.100731378967453544e+00 3.018745866535600397e-01 5.265243679549385103e-01 5.348957480465899028e-01 3.865174109175653072e-01
3.662132531390726361e-04 -6.098877191671828513e+00 2.818492760197643388e-01 5.694856917595686463e-01 6.141592294343591885e-01 5.655945518487637269e-01
3.658642098251039935e-04 -6.097330761090570483e+00 2.866574469399904013e-01 5.786835272740474823e-01 6.793696883650117702e-01 6.705126164156185453e-01
3.651572663373012402e-04 -6.096764886779723724e+00 2.852178891703933128e-01 5.681111368456884803e-01 7.056034012773262365e-01 4.983642341918022023e-01
3.645845039200056492e-04 -6.095834654492785276e+00 6.634858606579787654e-01 7.220849573103027552e-01 1.149959749576936474e-01 5.794494394873844767e-01
3.640828963873223348e-04 -6.094711435207021744e+00 2.913385908624254172e-01 5.584036136126524497e-01 6.627412698883432540e-01 4.498731789502091738e-01
3.637155801975370650e-04 -6.093220825121370865e+00 6.588491526506655704e-01 7.228056675681442389e-01 1.190369799774547432e-01 7.053246783261958308e-01
3.628252420076825534e-04 -6.093171722877765539e+00 6.780429171431294755e-01 7.196111389010871884e-01 1.818739410552484559e-01 5.342902097973858400e-01
3.619397190928000949e-04 -6.093115338126985137e+00 6.727886051877717266e-01 7.044588098672410759e-01 1.845455636453350590e-01 5.395693972448464271e-01
3.614574988044684111e-04 -6.091948548561942012e+00 3.003035606570461091e-01 5.228499515897901961e-01 5.246443834253378125e-01 3.466530778101970522e-01
3.617679968256777004e-04 -6.088589900623883722e+00 2.869732886889165280e-01 5.681648818772078169e-01 6.886020226200740835e-01 5.478439790573794710e-01
3.611888356205562823e-04 -6.087692102312903586e+00 2.806318008475847670e-01 5.603861503213616313e-01 5.853365911964925061e-01 5.117878323612402580e-01
3.604078379278071982e-04 -6.087356740888259843e+00 2.832477237101889145e-01 5.869080071826365819e-01 7.106819464716265244e-01 7.470050000198792395e-01
3.595168049587222823e-04 -6.087332092809782935e+00 6.647429328030296514e-01 7.557099799264068718e-01 1.500447088116974026e-02 9.669746726969343786e-01
3.589096723780583163e-04 -6.086522266388703528e+00 2.783883416603863403e-01 5.765811633560475880e-01 7.093380388266001813e-01 5.599251680372474560e-01
3.582298323997564924e-04 -6.085918243886600187e+00 2.893252757141843712e-01 5.345927082478187931e-01 5.099971207233000570e-01 4.277777692902165474e-01
3.574120813781543637e-04 -6.085703608569066780e+00 6.612924507437051291e-01 7.373065182276956619e-01 5.677983668359051772e-02 9.143285143209354260e-01
3.567180807805785244e-04 -6.085147234123136961e+00 2.980363788379571943e-01 5.375478016982062623e-01 5.629812152656461510e-01 4.280155435103406014e-01
3.562770706606588063e-04 -6.083884297728041624e+00 6.733762466973240990e-01 6.990196502450125582e-01 1.863261654185569827e-01 4.603787133943793020e-01
3.567830486698099924e-04 -6.079965123999609311e+00 2.913058010617551319e-01 5.653521309222684366e-01 6.300622065973650043e-01 5.582319680428304842e-01
3.565136874891369962e-04 -6.078220381047126253e+00 2.917419289394306281e-01 5.270555629346718174e-01 5.097057410410245071e-01 3.518711470948810982e-01
3.558508621751352709e-04 -6.077581297639889968e+00 2.764181401565710683e-01 5.845870651536361207e-01 6.962643144864175682e-01 7.227625568706554926e-01
3.551097276688234086e-04 -6.077166180502196369e+00 6.622646282610668012e-01 7.317210552814987778e-01 6.343831865856400243e-02 8.511166912220204939e-01
3.543981479815460343e-04 -6.076672021311802396e+00 2.777245122827823876e-01 5.775282864160686813e-01 7.060546753604137749e-01 6.318398781214096260e-01
3.538117515982935760e-04 -6.075828017698207795e+00 6.579162062287755575e-01 7.191552991226646263e-01 1.096800394507670695e-01 6.804400523028857339e-01
3.531409158257235769e-04 -6.075225841993469267e+00 2.871398562394525400e-01 5.735358016882666776e-01 6.643364058423896212e-01 6.346554485177893223e-01
3.541164063488918406e-04 -6.069967323668776338e+00 2.798808500765878060e-01 5.968927792711742342e-01 7.790423572701821175e-01 8.738372071087106008e-01
3.548735856840618658e-04 -6.065331384850045637e+00 6.641831513513327678e-01 7.150148459812138979e-01 8.938324403528197237e-02 6.546449610333029412e-01
3.550193787904258212e-04 -6.062420638115789018e+00 2.763807093014691851e-01 5.925650026151934036e-01 7.366649631038560964e-01 8.463872610487056525e-01
3.558833509091560970e-04 -6.057490003071089646e+00 3.013141512505184139e-01 5.185919736259921864e-01 5.271511312802755755e-01 3.553161342392504585e-01
3.556248022898900359e-04 -6.055716765314031136e+00 2.975005175437544502e-01 5.181919944363951869e-01 5.158541232550650779e-01 3.820145473063791264e-01
3.550993964951690502e-04 -6.054695273830641433e+00 2.885316798094395008e-01 5.629597092867270058e-01 5.966491208508187816e-01 5.053191067856852570e-01
3.546285789203681396e-04 -6.053522029038761687e+00 6.722211614434532301e-01 7.385226273259815066e-01 1.041786893580629036e-02 8.922930155442522215e-01
3.545847914492084897e-04 -6.051145510837172559e+00 6.703136196888832554e-01 7.225536119805783253e-01 1.630308810120644214e-01 5.251203379366349289e-01
3.537829770457758503e-04 -6.050909348299951418e+00 2.787061414528627656e-01 5.710007792959649331e-01 6.873233410313277503e-01 5.529498971651012340e-01
3.536098482977028702e-04 -6.048898832347081367e+00 6.655412900557515776e-01 7.071057696018994143e-01 1.190660696277650310e-01 5.768101060200671037e-01
3.531628753652707388e-04 -6.047663660422797349e+00 2.970157516796753661e-01 5.447020687695863783e-01 5.391390404127551772e-01 4.415893425427037666e-01
3.523188561931795163e-04 -6.047556407214162988e+00 2.760373370795077830e-01 5.941849501278064771e-01 7.748823150577273111e-01 8.371539862394357101e-01
3.529376883792300821e-04 -6.043301493063752083e+00 2.824004008570181190e-01 5.889305003049780662e-01 7.391178781024214661e-01 7.915890398105769332e-01
3.521153490202571525e-04 -6.043134196245639522e+00 6.754237690110446168e-01 7.311966721085999543e-01 6.496837851317097123e-02 7.724447368795687163e-01
3.516809854229856094e-04 -6.041868540987615610e+00 6.755548011757420701e-01 7.468411599054488592e-01 3.682211485883030155e-02 7.216930833886355812e-01
3.511541213850612425e-04 -6.040867794885182107e+00 6.667623653548284679e-01 7.066221689807585804e-01 1.215778375091693397e-01 5.746155949297571119e-01
3.504183807874672774e-04 -6.040465199971701615e+00 2.847605301850013593e-01 5.630985604590785787e-01 6.590993978670252051e-01 4.491165764133597249e-01
3.499380928260981496e-04 -6.039336753044333150e+00 2.894295358748932845e-01 5.398279457273641446e-01 5.467744230107218772e-01 3.724020550741519164e-01
3.491326854083454676e-04 -6.039140976877412470e+00 6.670272675211892377e-01 7.085160305452176122e-01 1.732890913956376122e-01 4.838798172856500490e-01
3.487319181781780935e-04 -6.037789529969704638e+00 6.704841947366874111e-01 7.053662528810034082e-01 1.302841924581424338e-01 5.525095333015170862e-01
3.487383762007392014e-04 -6.035271011553610343e+00 6.644561938986437433e-01 7.476840443118937252e-01 2.274848153646008564e-02 8.443682874315259212e-01
3.480243550276831965e-04 -6.034820551206060202e+00 6.763363598803751042e-01 7.202728065466456053e-01 1.573240886221307089e-01 5.068016009547962053e-01
3.476970663952445558e-04 -6.033261412437306959e+00 2.768740716377590116e-01 5.717360315650920066e-01 6.637586697831916460e-01 5.712989377530698354e-01
3.479866995994417445e-04 -6.029928754741129104e+00 2.859462871006560047e-01 5.610828944959611597e-01 5.782637379049826443e-01 5.398832605333566681e-01
3.478032995632422577e-04 -6.027955925412356031e+00 2.852938126803161722e-01 5.441684762943289622e-01 5.787894050426440895e-01 3.889774033494382000e-01
3.474063502872742578e-04 -6.026597881135184132e+00 6.756320498124150919e-01 7.606751868190529953e-01 1.015347108252245834e-02 9.125751696754738074e-01
3.473734240410416966e-04 -6.024192662956631139e+00 2.934669383665257092e-01 5.605643455591794444e-01 6.236108887237516996e-01 5.004996122662632718e-01
3.467279473487763189e-04 -6.023552555199871428e+00 2.758170339174518815e-01 5.942582051613262140e-01 7.676266943571481427e-01 8.369323937485638742e-01
3.465553348852546366e-04 -6.021550511725035193e+00 6.741575496855940486e-01 7.350486284047759167e-01 1.591571035810296353e-02 8.048175192090785135e-01
3.463616228745431758e-04 -6.019609632161012414e+00 6.795537949689195445e-01 7.173137660675542593e-01 1.583494683715438445e-01 5.667499172664054452e-01
3.456706049577323078e-04 -6.019106701426525596e+00 6.723544427352695640e-01 7.417377852126274540e-01 1.105228395314551415e-01 6.686874341350875772e-01
3.457310756812742906e-04 -6.016431779307044536e+00 6.698791844210749691e-01 6.947997609332672297e-01 1.900215125956456752e-01 4.841810812859602686e-01
3.453737209071246878e-04 -6.014965934496713018e+00 6.676581622231960722e-01 7.218733637128291747e-01 1.287840904352739180e-01 5.436124824724299920e-01
3.453157888084535158e-04 -6.012633685991391808e+00 6.698301683322502864e-01 7.283814213854289399e-01 9.209948732161638008e-02 5.854529818562692611e-01
3.449165624218623535e-04 -6.011290474514555449e+00 2.907387712723922824e-01 5.534447848698631489e-01 5.830575257524013288e-01 4.271259354171775824e-01
3.450681362182838555e-04 -6.008351120426973502e+00 6.807340089440210296e-01 7.349824391097002918e-01 5.865468295515097186e-02 7.280644166458881683e-01
3.445898505290737827e-04 -6.007238143487906967e+00 6.642626502729070959e-01 7.250064630128825183e-01 1.603775852977932792e-01 6.305556610627649494e-01
3.445344754785329756e-04 -6.004898854838736533e+00 6.757909105962396357e-01 7.535106799656960952e-01 6.723418636510281043e-02 9.042627238251321753e-01
3.449143406147030938e-04 -6.001296916113939339e+00 6.735682304897500083e-01 7.552764781836440733e-01 1.401537209431136244e-02 8.395779637820710573e-01
3.444093304243163824e-04 -6.000262150232413383e+00 2.788260150477791521e-01 5.722488895038501111e-01 6.465119400982998199e-01 5.657215106519332126e-01
3.454042707182451862e-04 -5.994877484049506933e+00 6.701859406550090270e-01 7.096617169398512504e-01 2.033057738866160258e-01 5.211987152658847933e-01
3.448070055307420230e-04 -5.994108157995689190e+00 6.591453739954240554e-01 7.113967340568863040e-01 1.479902441105405420e-01 5.906762641641265521e-01
3.456295197194018671e-04 -5.989225565106467641e+00 2.895162034280213126e-01 5.388012786836197110e-01 5.085218133528965900e-01 4.366849588021083362e-01
3.447929042302652776e-04 -5.989149055044194370e+00 3.017736857483224733e-01 5.264666874582495382e-01 5.220289138467042456e-01 3.833431646839628448e-01
3.439755521444775991e-04 -5.989022428742988069e+00 6.727243552883270805e-01 7.321487259477043041e-01 1.569711933973940710e-01 6.249384418569747801e-01
3.436446672687940842e-04 -5.987484834710357084e+00 6.694151580627657472e-01 7.026607020066825138e-01 1.459915558904740784e-01 5.464097148189624997e-01
3.433669129875930302e-04 -5.985793421652168433e+00 6.677333773495957026e-01 7.192389836295222105e-01 1.608830927780026676e-01 6.343466620028588299e-01
3.428764784841242179e-04 -5.984722752974146687e+00 6.705945308036702635e-01 7.307430879348443264e-01 1.491686141120545095e-01 5.835352190126699146e-01
3.420616212101118916e-04 -5.984602114434136588e+00 6.715700138563922561e-01 7.518787620991773668e-01 7.402268396187772215e-02 9.305990990943002750e-01
3.416870344495726670e-04 -5.983197800092643348e+00 6.626726839252565782e-01 7.012133963418305527e-01 1.745658021374460189e-01 5.053099555502390539e-01
3.410701622962254622e-04 -5.982504803590051878e+00 2.852861357975972068e-01 5.644967007145208493e-01 6.772847366474525899e-01 4.607002303863426129e-01
3.404250958921305474e-04 -5.981897895549225019e+00 6.698337111260778132e-01 7.105420674145476179e-01 2.007678091336730919e-01 4.867017682350515129e-01
3.429070532640391094e-04 -5.972133585537137357e+00 6.611615189117345803e-01 7.140485826980504935e-01 1.600432446337054782e-01 6.042898558055218583e-01
3.421809224150087212e-04 -5.971753404149410471e+00 6.679733094186635078e-01 7.172204301025966178e-01 1.489589705856408097e-01 5.163600266842089948e-01
3.416722494394726080e-04 -5.970741071649645626e+00 2.782958163085327286e-01 5.891270074642375176e-01 7.637774171177700300e-01 7.323690580561463825e-01
3.412722764220708286e-04 -5.969412390982288485e+00 6.679560653481207977e-01 7.420114773896623328e-01 9.348742592594777578e-02 8.618323636590494718e-01
3.410674388623496922e-04 -5.967512788588599015e+00 6.609502438394510015e-01 7.219270987055115274e-01 8.649272166585547650e-02 7.304918981788786070e-01
3.402478521649387219e-04 -5.967418685252134480e+00 6.740867533405870970e-01 7.101843078964180656e-01 1.637399929765810114e-01 5.731216216535216512e-01
3.396415854285965603e-04 -5.966702113155292864e+00 2.876011443747566454e-01 5.418649211184056735e-01 5.911957798072915438e-01 3.911997370899842341e-01
3.398050603822237335e-04 -5.963720912879188596e+00 6.741799269955834895e-01 7.508161382474647372e-01 3.541540161381320773e-02 7.703311317485286303e-01
3.399606836200004967e-04 -5.960763039731361346e+00 6.720455541522913911e-01 7.350021047032414545e-01 1.233888324501521971e-01 7.442966570945526161e-01
3.395512245491576447e-04 -5.959468196301774157e+00 6.784965453179232497e-01 7.405834140779067321e-01 1.948036295175517574e-02 8.321075359996324972e-01
3.389633234490150898e-04 -5.958701103131839538e+00 6.664895839388402798e-01 7.256512136889360365e-01 4.871727752840196435e-02 7.467813424119297272e-01
3.382283045562035949e-04 -5.958371889512097397e+00 6.781973498514540788e-01 7.273118376562215381e-01 1.475859635060506603e-01 5.530495922579704571e-01
3.375741678039755121e-04 -5.957807771617504855e+00 6.652195608409969818e-01 7.531300596402387137e-01 4.770180867744527875e-02 9.164832761238330683e-01
3.367849014981069244e-04 -5.957648562161248940e+00 2.857906921484657525e-01 5.619997723177445614e-01 6.418790176393096569e-01 4.502799127537649992e-01
3.364031261173513554e-04 -5.956282793330024639e+00 2.968729770089650888e-01 5.227934525339031913e-01 4.945952558239443686e-01 4.062820612123583253e-01
3.355710233382824272e-04 -5.956259386231860020e+00 6.755041926984651779e-01 7.299349971795263681e-01 1.327972594651921356e-01 6.857529769046438739e-01
3.358920546291848720e-04 -5.952803171881740241e+00 6.655033179601159699e-01 7.006679684743455372e-01 1.540552247043361911e-01 5.312790931417820106e-01
3.352503845570001121e-04 -5.952215345006957925e+00 2.844895070848132423e-01 5.630726169629652889e-01 5.899807970604772356e-01 5.244979273392151864e-01
3.345566894643679356e-04 -5.951786673804624783e+00 6.730485164604509407e-01 7.282489686064163026e-01 9.115344852219081639e-02 7.487473507608469747e-01
3.337896612331039958e-04 -5.951581976433917731e+00 2.811659195665484612e-01 5.729706423217663103e-01 6.594695007753494931e-01 6.232253050803920891e-01
3.333267210438586804e-04 -5.950469860994556548e+00 6.700390728547745978e-01 7.371855652230777656e-01 3.851950527971834126e-02 8.905972643997203120e-01
3.330615436355078684e-04 -5.948765725617038314e+00 6.645854148323842026e-01 7.088830177533579358e-01 1.307102146985374413e-01 6.094939002934638417e-01
3.322348961000526585e-04 -5.948750777126395661e+00 6.601979367641592766e-01 7.426673679577696641e-01 1.133737601079010116e-02 9.132780999934148047e-01
3.314968085718502885e-04 -5.948474831898072246e+00 2.870884116744396586e-01 5.705614431140917375e-01 6.507767094978603728e-01 5.390477851121218134e-01
3.306783014064438512e-04 -5.948447010540674817e+00 6.621616740539543189e-01 7.084929697613485677e-01 1.777776272704071903e-01 5.279167989725515042e-01
3.307648126944008637e-04 -5.945685427082914032e+00 6.652809000294273023e-01 7.391072495269132014e-01 1.120239525324243923e-01 7.134226606632017020e-01
3.301371794248566323e-04 -5.945084750933370188e+00 6.644786743862445277e-01 7.531732554779562161e-01 4.767317978918045318e-02 9.408064910141273884e-01
3.295017502129101881e-04 -5.944511348591405842e+00 2.926805996506495755e-01 5.282485070357660906e-01 5.441027256108990073e-01 3.857332773197477138e-01
3.290767607032483088e-04 -5.943301975484356348e+00 6.740945987955794250e-01 7.299151328720350218e-01 1.193602637673527866e-01 7.190485670307397159e-01
3.292121664064094361e-04 -5.940390588631276003e+00 2.999396706612567076e-01 5.236951954304400747e-01 5.081117807462023350e-01 3.610392384058742632e-01
3.285068128837007289e-04 -5.940035437161808041e+00 6.589371130257344333e-01 7.247565152015567058e-01 1.063520797628925985e-01 6.756086156927889608e-01
3.284278078781936012e-04 -5.937775963398032708e+00 6.806186194250061217e-01 7.210445407702842369e-01 1.428666185491234142e-01 5.469138797957295850e-01
3.280666178249049643e-04 -5.936376323357205109e+00 2.843162882054670049e-01 5.613723691909122682e-01 6.399291973646830112e-01 5.191132989071921555e-01
3.275343635281097805e-04 -5.935500037869152479e+00 6.785567184666519980e-01 7.100740778301483092e-01 1.677508698885151472e-01 5.238866956759730131e-01
3.274227067674952878e-04 -5.933340996893060826e+00 6.815248459347279519e-01 7.385143403997938005e-01 8.523759699042290916e-02 6.809079760498198963e-01
3.268150595836611326e-04 -5.932698570361961465e+00 2.921417761277263492e-01 5.501133234055005650e-01 5.430093813157745863e-01 4.718198374427425845e-01
3.267601113694106507e-04 -5.930366716940415728e+00 2.798450159549888405e-01 5.712211318732645093e-01 6.466045882917089704e-01 5.514918115268940824e-01
3.260584084332395958e-04 -5.930016481952066876e+00 6.633212579360767691e-01 7.121858585425041577e-01 1.706446867900170972e-01 5.872283969672928983e-01
3.252602798581572235e-04 -5.929967291329791834e+00 6.709416226141059481e-01 7.449345245971544793e-01 6.059364907644770870e-02 9.368068460715774926e-01
3.246223464734764247e-04 -5.929430518422596386e+00 6.787929025683644424e-01 7.340740023663427927e-01 4.527799673150978421e-02 7.443144854018990397e-01
3.238966061859772320e-04 -5.929168666089604578e+00 6.747386786054661023e-01 7.296282062544456881e-01 4.440658805937103271e-02 7.383228339788228123e-01
3.234484839878900187e-04 -5.928053158770466347e+00 6.668377612583741287e-01 7.309116804995543504e-01 1.127627699781451054e-01 7.672443500391525895e-01
3.227885645815071558e-04 -5.927595504182976427e+00 2.796443404864343840e-01 5.905660911962569148e-01 7.380158103658993607e-01 7.854057439823890485e-01
3.220809190578233141e-04 -5.927290198848114144e+00 6.806384613902825009e-01 7.345234012832445591e-01 8.878608912181903956e-02 6.245613757807352284e-01
3.213555458744961606e-04 -5.927044884524640622e+00 6.764043979379690263e-01 7.496023896831176536e-01 7.174761578446967047e-02 8.736326090696393543e-01
3.208125640158433246e-04 -5.926235974380058558e+00 6.778664054933650762e-01 7.617075800613671843e-01 1.184631297860549992e-02 9.408564632534039962e-01
3.200719980233637731e-04 -5.926047049933949040e+00 6.625578588567780924e-01 7.293262147581006660e-01 3.703819747879588675e-02 7.783187231846921961e-01
3.194402219047474435e-04 -5.925522856820693463e+00 6.611464163455817999e-01 7.109882356041324902e-01 1.197096889777067852e-01 5.999591872678164961e-01
3.189438958079319824e-04 -5.924577802136676397e+00 2.842558711814852090e-01 5.685481770148966829e-01 6.506678315681713176e-01 5.879388507417946386e-01
3.182169478169402936e-04 -5.924359638234067305e+00 6.775549484545182466e-01 7.462207170324143268e-01 5.760971106059736835e-02 7.088777251686702030e-01
3.177985569905621751e-04 -5.923175300772378193e+00 2.906586159467910990e-01 5.330026688743730867e-01 4.968530582119964900e-01 4.085450875296388062e-01
3.172122708043806946e-04 -5.922521840475668320e+00 6.805596556223785232e-01 7.433996588682639794e-01 2.256263228451699243e-02 8.161902492001467113e-01
3.169005622715833021e-04 -5.921004973261016602e+00 6.610934925631182235e-01 7.392256315068477246e-01 1.935178985519239725e-02 9.500397007770793323e-01
3.166134200663922463e-04 -5.919411479614026916e+00 6.666278880234941528e-01 7.022447780438026976e-01 1.916404845863053374e-01 4.770372077483568951e-01
3.159928148163881553e-04 -5.918873538837844173e+00 6.754687557090436334e-01 7.121438894393552488e-01 1.746843857146409551e-01 5.581073222939427758e-01
3.154471691558975721e-04 -5.918101797453567237e+00 2.925270601598716214e-01 5.477243804047630116e-01 5.533695948858230462e-01 4.196821573069972056e-01
3.173177006774616465e-04 -5.909689531904631643e+00 6.598250605021194204e-01 7.246712020542827037e-01 8.417990155012927689e-02 6.811422730198459785e-01
3.165716608155634852e-04 -5.909543381808663121e+00 2.829227498282665954e-01 5.822590266041457463e-01 6.917461119901744393e-01 6.861704082864357179e-01
3.160569581627375719e-04 -5.908670569548679197e+00 6.780036453267654917e-01 7.413350328400417633e-01 1.693172213090343714e-03 8.030981378563237794e-01
3.156847634144756189e-04 -5.907348882706142668e+00 6.728554635870301892e-01 7.357711855649786692e-01 8.667375339051819338e-03 8.029679335355768277e-01
3.149319263995309370e-04 -5.907236505440359053e+00 2.945034982634477938e-01 5.268987701147922476e-01 5.247795129680736803e-01 3.487087259683478435e-01
3.141473648671094256e-04 -5.907230823565543076e+00 6.730768719909970832e-01 7.400490096656138217e-01 1.122274510355887878e-01 6.516249387383776792e-01
3.135427343245751467e-04 -5.906657349825302106e+00 6.764421087235723551e-01 7.452138861564614469e-01 4.210951466268916810e-02 9.088515126186759163e-01
3.130674027197597104e-04 -5.905674502733912590e+00 2.852036495147426964e-01 5.541893457110538268e-01 5.799691367215674687e-01 4.376303114452059773e-01
3.128568597608469086e-04 -5.903847245362607410e+00 6.620066131669710696e-01 7.091500476778653805e-01 1.397786824278221540e-01 5.495977033920804722e-01
3.121299739951226932e-04 -5.903673329862984431e+00 6.648426755161532808e-01 7.246759887525977550e-01 6.321746302781128257e-02 6.566962905638660253e-01
3.115266560099087876e-04 -5.903108106611568040e+00 6.792422185684301450e-01 7.367314230324915059e-01 7.545405943733227150e-02 6.348122851410082923e-01
3.111648446795619227e-04 -5.901770195288431609e+00 6.794117195226720973e-01 7.263556694467417918e-01 9.177078574341773765e-02 5.896500233747236086e-01
3.108744368250159840e-04 -5.900203923701667463e+00 2.907870824808369004e-01 5.542791593954949914e-01 5.637703960998025066e-01 4.672255183186655447e-01
3.103911592479378380e-04 -5.899259708144306558e+00 6.631265408678908013e-01 7.297826580884821945e-01 3.901203303261902011e-02 8.055037835074974062e-01
3.098378019890843903e-04 -5.898544073081317229e+00 6.624535986703300461e-01 7.512561627132677833e-01 1.404796752083492528e-03 9.709744978357037759e-01
3.090903135124148512e-04 -5.898459503311006102e+00 6.608771677022582391e-01 7.114450590728239598e-01 1.632280671524695415e-01 5.702940743024945691e-01
3.087294480767834048e-04 -5.897127693450283203e+00 2.881643815234252726e-01 5.378308638566235977e-01 5.333964031519369264e-01 4.215092080135683927e-01
3.087076126905165642e-04 -5.894698422558281692e+00 2.875731721937712093e-01 5.401723743322711657e-01 5.717118496771924629e-01 4.020248351449706714e-01
3.080452873282496897e-04 -5.894346205298672814e+00 6.747196618562816273e-01 7.290926157230849247e-01 1.424455940069985216e-01 5.592542782035440085e-01
3.076765359593818016e-04 -5.893043991048695140e+00 6.771580031429067503e-01 7.435836291296046285e-01 6.214143201779964709e-02 6.836186614235146841e-01
3.070127384367537008e-04 -5.892703774237729952e+00 2.842395539523375758e-01 5.592359167387944696e-01 6.505744401763366991e-01 4.414016373699705120e-01
3.067839974647966657e-04 -5.890949105612655501e+00 2.943306427801454239e-01 5.426440826391938366e-01 5.272159691590820874e-01 4.226307986502412239e-01
3.065969124434478007e-04 -5.889059118164814421e+00 6.614295557242191315e-01 7.502654485805396734e-01 3.769514325689599099e-02 9.820987062718049554e-01
3.067685500233167288e-04 -5.885999459707173642e+00 2.940023701393678079e-01 5.555424593164194347e-01 5.923743653922887153e-01 4.786416583013133885e-01
3.061664258767262141e-04 -5.885464184723545600e+00 2.841064806836043344e-01 5.588962258317127230e-01 6.306934070551666327e-01 4.973175367871953134e-01
3.058660473617921295e-04 -5.883945761852821477e+00 2.877235747500095364e-01 5.702805143831165546e-01 6.837011685805679528e-01 5.244275832146415572e-01
3.060428586800116656e-04 -5.880867861052897716e+00 2.855756764370147582e-01 5.459395645445089817e-01 5.658322448729020682e-01 4.398448872077331817e-01
3.061604551368126608e-04 -5.877983686529197449e+00 2.932052921203097129e-01 5.310445092870716977e-01 4.916854223724907991e-01 3.979229220682123369e-01
3.055672509708771338e-04 -5.877423125746854993e+00 2.793036750579997451e-01 5.700855393698456286e-01 6.413698123205718860e-01 5.632117738071961144e-01
3.051012797062989802e-04 -5.876449228146461756e+00 6.726789476769795550e-01 7.186348268271948170e-01 8.250245173238174301e-02 6.189046391748421749e-01
3.044234926007713263e-04 -5.876173214490213681e+00 6.615848871028902067e-01 7.287535293210092302e-01 6.295689431280415693e-02 8.035488024208065072e-01
3.039842765022410069e-04 -5.875117036206953358e+00 6.587496371643917215e-01 7.279581127524497042e-01 8.739868712154494346e-02 7.356878916780913436e-01
3.033309065397821907e-04 -5.874768703850957507e+00 2.868888905686041157e-01 5.449451906499583886e-01 5.426023659849641412e-01 4.134042806183260699e-01
3.029266084385041891e-04 -5.873602454447769183e+00 2.805300194589516183e-01 5.707259314937945804e-01 6.669525909458204893e-01 5.265695843008605381e-01
3.027217823208904054e-04 -5.871778840709327874e+00 2.949648338592085195e-01 5.380813703683932081e-01 5.115609430186958129e-01 4.367392213494640796e-01
3.040991646819670683e-04 -5.864739166417012761e+00 2.880500247893547638e-01 5.676360648892199157e-01 6.393120804848317906e-01 5.782892318285351996e-01
3.035593046161215642e-04 -5.864016020472900159e+00 2.844512403703498560e-01 5.755885685641405347e-01 7.157992079299402288e-01 5.783501713035595904e-01
3.046839237140085859e-04 -5.857818090674185463e+00 6.687317826173784230e-01 7.272555474856826629e-01 1.619630972731724294e-01 6.294352048152261903e-01
3.041172319953143054e-04 -5.857179755610427918e+00 6.693071737026328183e-01 7.142150117694536782e-01 1.600909729662835512e-01 6.087397435631980436e-01
3.036349573377989330e-04 -5.856266832604013040e+00 2.999430774088201468e-01 5.157614948354253270e-01 5.065292139585685360e-01 3.630709200626778266e-01
3.029254755667793201e-04 -5.856106194211172955e+00 6.652350277436112069e-01 7.090571626916348791e-01 1.354905408047224757e-01 6.040753234266373894e-01
3.023122974895448272e-04 -5.855632433531729575e+00 2.908622805410664425e-01 5.586476828280887430e-01 5.874153720308772364e-01 5.187409873327163412e-01
3.022380486170337679e-04 -5.853378066913174749e+00 6.668974966923760794e-01 7.372153873376743327e-01 7.933721565203000203e-03 8.932464216167715909e-01
3.016334318394426131e-04 -5.852880535978847831e+00 6.715437965536762421e-01 7.354663283696973863e-01 1.288764372985269913e-01 6.196984272586585352e-01
3.019133551732167998e-04 -5.849452941433174402e+00 6.760135445880828264e-01 7.280034636281260685e-01 9.038655273580523120e-02 7.182590437696253494e-01
3.014178359288437821e-04 -5.848595552864831681e+00 6.671508276329217724e-01 7.360749437957821995e-01 1.281332631814875445e-01 7.353921345379533792e-01
3.008187980620729207e-04 -5.848084930562979622e+00 6.742692070921210146e-01 7.366552567407647079e-01 1.541324754555395415e-02 7.263349739368489821e-01
3.002310135754118238e-04 -5.847540790668603883e+00 6.709387534657544894e-01 7.528629438790001016e-01 1.446865636118399578e-02 8.363974845366605182e-01
2.996700876503692037e-04 -5.846910852541686410e+00 6.710422425797538670e-01 7.098487214209103779e-01 1.447878361230204025e-01 5.922160518814358898e-01
2.997270359281541271e-04 -5.844220834019024480e+00 6.810681728814460545e-01 7.535148771968650516e-01 1.527553846370033330e-02 8.663273399063977642e-01
2.991100121960256031e-04 -5.843781574757819897e+00 6.595761772307505710e-01 7.323092729033513493e-01 8.583538180258074024e-02 7.461005073997104553e-01
2.988963275343510333e-04 -5.841996231632081482e+00 6.743582336364537522e-01 7.084630698035635499e-01 1.623265117329762142e-01 4.880051598218358988e-01
2.982785867535703381e-04 -5.841565109564964331e+00 6.788766662045361278e-01 7.499397255099732318e-01 4.188412057416204815e-02 8.996436000182151949e-01
2.985917416140184744e-04 -5.838015786540184493e+00 6.632142699112062445e-01 7.275706035299631669e-01 1.430428078152621574e-01 6.491678992039137119e-01
2.983010065694999377e-04 -5.836489948375439774e+00 2.887866306452752108e-01 5.394784577460404185e-01 5.420526935660900936e-01 4.300250293860667927e-01
2.978275487840748980e-04 -5.835578390602285559e+00 6.724055219043427734e-01 7.135737767031768986e-01 1.934956173506032773e-01 5.315081232396152711e-01
2.974369857977774366e-04 -5.834390624137637538e+00 2.854716162305043214e-01 5.738373608409189641e-01 6.555621402710339884e-01 5.922587583888309082e-01
2.967940129421950228e-04 -5.834054675181330474e+00 2.869208958050759595e-01 5.740734458402371176e-01 6.924876637986961958e-01 5.776781884590522775e-01
2.961706754708802436e-04 -5.833657119772400534e+00 6.666627097794070034e-01 7.262517355649229511e-01 1.345861800291895394e-01 7.015604342570296303e-01
2.960588041092212424e-04 -5.831534917119030936e+00 6.707769100499366699e-01 7.599882823416765909e-01 3.999107353337003068e-02 9.829234064177634345e-01
2.960690453195546825e-04 -5.829000325905848712e+00 6.724520564438333237e-01 7.082031099228680571e-01 1.683081230889506008e-01 5.602190554446607740e-01
2.957066109853739660e-04 -5.827725230565700798e+00 6.690593345295909877e-01 7.028713772655261760e-01 1.783595662513292601e-01 5.350560273304552084e-01
2.950479238397272618e-04 -5.827455217403814558e+00 6.778231662800883184e-01 7.158617759183992790e-01 1.318159332804360317e-01 5.856061657132298759e-01
2.944039661363390559e-04 -5.827140155548979905e+00 2.888781082923339016e-01 5.602919169122265730e-01 6.539367271791822755e-01 4.924088051047131875e-01
2.940285369706574438e-04 -5.825916187089183573e+00 2.956891570466977925e-01 5.468684043328488897e-01 5.645551940466277951e-01 4.589934473198987730e-01
2.933280816966826027e-04 -5.825801298906343462e+00 6.785344313722743159e-01 7.377807498735096114e-01 8.399611752478999827e-02 6.364541311545134361e-01
2.927223414007839794e-04 -5.825368494791661078e+00 6.763897045456350732e-01 7.362921619564573028e-01 6.460673165040534127e-02 8.007632893387129913e-01
2.922588250187644525e-04 -5.824453217533628546e+00 2.930919206427760604e-01 5.328946345770382287e-01 4.970771467645200281e-01 4.073336398781239320e-01
2.923887458068962007e-04 -5.821508776141058661e+00 2.870423018271653914e-01 5.407074997753973378e-01 5.400991605761467085e-01 4.193347392821209496e-01
2.917302744962066083e-04 -5.821263356343814976e+00 6.630573080289504651e-01 7.114644162916335945e-01 1.159241412654715975e-01 6.050498213892878674e-01
2.916267652285449343e-04 -5.819118230843304040e+00 2.817407014661424958e-01 5.798355774826674525e-01 7.053724024536518478e-01 6.687411970664546290e-01
2.910256084297114924e-04 -5.818681749467200071e+00 6.730572893234060272e-01 7.199816242305895342e-01 8.072840657680829812e-02 6.421894341904987868e-01
2.903593258395274681e-04 -5.818473803638553932e+00 2.850545905712013606e-01 5.658284119088214936e-01 6.639661545011831256e-01 5.386382557508856417e-01
2.903005558230929641e-04 -5.816176228564026829e+00 6.648862843636638154e-01 7.397572490297897874e-01 4.760030651868063512e-02 9.339398176310411692e-01
2.897001478219855494e-04 -5.815746599209446366e+00 2.930748442198373160e-01 5.572339691318249910e-01 6.198642452091993604e-01 4.833248574766854100e-01
2.897082894977978163e-04 -5.813218495801597996e+00 6.785598834206393315e-01 7.142495218703216464e-01 1.459257361837000277e-01 5.268677017436740329e-01
2.892357972468036133e-04 -5.812350751374169455e+00 6.717623629948834552e-01 7.094084692769105915e-01 1.471517762640484339e-01 5.021286664045662151e-01
2.887505933225827407e-04 -5.811529697612747292e+00 2.810621374027454378e-01 5.751888085924847793e-01 7.032370216733979662e-01 5.939368531386307604e-01
2.881418850530343919e-04 -5.811139998988706701e+00 6.643906752892089207e-01 7.488298016705823290e-01 6.911243206042450016e-02 9.272801923240066024e-01
2.884234597502035647e-04 -5.807663267653424555e+00 2.897195279946888635e-01 5.370939280370147229e-01 5.154230033066845573e-01 4.021450030330459002e-01
2.886774113552349101e-04 -5.804283173256973072e+00 6.752049741544088324e-01 7.053811305322612579e-01 1.849083617829295478e-01 4.860806176542563639e-01
2.880030372514624944e-04 -5.804121988151107914e+00 6.642542612282341663e-01 7.411983889132752745e-01 5.805753055557991149e-02 9.335289602112022411e-01
2.873986592907259237e-04 -5.803722705568621798e+00 2.914862926417378097e-01 5.415693722404889554e-01 5.337975958473810678e-01 4.527666976890835082e-01
2.867601620971438120e-04 -5.803446819987843064e+00 6.723805299139127278e-01 7.042891428365400941e-01 1.867999705273594713e-01 5.197278105350486843e-01
2.861175888638385081e-04 -5.803190138048998747e+00 6.666994316136360954e-01 7.203214826228113710e-01 1.111289805890731675e-01 5.660894282539723488e-01
2.858848798715820901e-04 -5.801503802387234288e+00 6.684513852208638918e-01 7.520149696313204180e-01 7.361483053175280067e-02 9.073667212516824954e-01
2.858462472404065609e-04 -5.799138945042241033e+00 6.667012980575051095e-01 7.246180793442584811e-01 5.678633976810779083e-02 6.731935710020849895e-01
2.851947603960740762e-04 -5.798920697554859949e+00 2.991972771870314851e-01 5.182220326305043701e-01 4.961613483311235195e-01 3.620715752977166080e-01
2.846183846332871257e-04 -5.798443732524797056e+00 6.628735534105051341e-01 7.072919835243538511e-01 1.727597606990990964e-01 5.484216854963545051e-01
2.839129244114828960e-04 -5.798425427279854105e+00 6.642017400467191690e-01 7.338854640906480320e-01 2.265376003251118320e-02 8.474961216522738372e-01
2.836924651576916011e-04 -5.796702231971737618e+00 6.786727575350683939e-01 7.361769036915626341e-01 1.086167523658559397e-01 6.240629539339140885e-01
2.831755749457185150e-04 -5.796025902803961571e+00 2.875035814038722215e-01 5.630060025241339083e-01 6.289460525668835178e-01 4.771336598818354258e-01
2.826036735492009288e-04 -5.795547544965002018e+00 6.740210404912976294e-01 7.042403372658214700e-01 1.667717845167190627e-01 5.199198445032596760e-01
2.834138852164568229e-04 -5.790184693069058142e+00 2.915229352677238817e-01 5.414151940236884286e-01 5.947529975020970916e-01 3.780209526800112907e-01
2.827437593024815805e-04 -5.790051970923242308e+00 6.593693614873034070e-01 7.358787283884630215e-01 6.341608565998010927e-02 8.290189775350622625e-01
2.821762605289662696e-04 -5.789561101223077877e+00 6.720750965826124412e-01 7.185922159650292018e-01 1.761324164838824202e-01 5.145449914262640867e-01
2.820230258201127105e-04 -5.787604294794316928e+00 6.647867577455549570e-01 7.355408059398044207e-01 1.541710587561523349e-02 7.942505901605867447e-01
2.823650758370034228e-04 -5.783892185404467590e+00 6.611710763122217172e-01 7.389605331715082270e-01 5.318019924969663581e-02 7.973137856338832208e-01
2.820935870081412301e-04 -5.782354129538441079e+00 2.944721481039980215e-01 5.381815692770977044e-01 5.346607912903663662e-01 4.413805764275476884e-01
2.814602174227571313e-04 -5.782101900193447719e+00 6.680919063415570180e-01 7.470331811077079998e-01 8.446540619744852263e-02 7.840278963192655048e-01
2.813472951992924075e-04 -5.780003182061393296e+00 6.740447016195418861e-01 7.384367582082012049e-01 9.114303877069601656e-03 7.460673025338308006e-01
2.806778387335506666e-04 -5.779885483997517781e+00 6.695774399858882564e-01 7.264411329141360341e-01 1.110900389503383934e-01 7.284628026160318015e-01
2.803337499809424355e-04 -5.778612156681918854e+00 6.719465815556309174e-01 7.399440126840627352e-01 1.228669409354641306e-01 7.306366794754615146e-01
2.798363451610769615e-04 -5.777888063517745643e+00 2.889009932669550085e-01 5.686047229377650947e-01 6.597100830833694252e-01 5.415875056034410440e-01
2.799081871282342853e-04 -5.775131367959656536e+00 6.696799446952290680e-01 7.415484696868316350e-01 9.347366793348310665e-02 6.895764139838389539e-01
2.797316587441346213e-04 -5.773262232224439572e+00 2.917341888515618264e-01 5.518951242386586076e-01 5.781634315552968140e-01 4.334742913575575507e-01
2.792823081494248140e-04 -5.772369886838104591e+00 6.720886960261340803e-01 7.124389152705388195e-01 1.459662289699476534e-01 5.996245998656384302e-01
2.799259706806469595e-04 -5.767567836457798691e+00 6.779137910171904036e-01 7.125485369771069610e-01 1.693744667031143458e-01 5.201903166514982857e-01
2.792923499368417601e-04 -5.767333931796922109e+00 6.620435967104056907e-01 7.272632924576345470e-01 1.214590574904269304e-01 7.171335274602255172e-01
2.786935543401412776e-04 -5.766980207614912146e+00 2.878276441723834345e-01 5.559878638165973719e-01 5.973861656593306702e-01 4.409295484899434792e-01
2.788517651296469678e-04 -5.763912681395148674e+00 2.858945814219701065e-01 5.555032706012782429e-01 6.268452885559742116e-01 4.267553235802064582e-01
2.781993587117761817e-04 -5.763755039890597232e+00 6.727499913957781796e-01 7.353493976719062131e-01 8.061828989555988589e-02 8.087456458261609304e-01
2.781055214380347943e-04 -5.761592399054534575e+00 6.608089727481810671e-01 7.190038046299869201e-01 1.149244916859661347e-01 6.733248448841789857e-01
2.786466480650414790e-04 -5.757148529494469535e+00 2.872228636237711408e-01 5.517557109160202700e-01 6.138455800567139686e-01 4.526151824438897631e-01
2.781707750139028818e-04 -5.756357790545837183e+00 6.799346504969507876e-01 7.381479245277741130e-01 9.474570825522257711e-02 7.080938679223649501e-01
2.786803139660955892e-04 -5.752027717463514378e+00 2.895654596924797652e-01 5.392837782317136952e-01 5.207817855094929449e-01 4.148295703197021900e-01
2.780589654048110787e-04 -5.751759817271392627e+00 2.821436816048629170e-01 5.768482124349284534e-01 6.721555203813047719e-01 6.365715353643190966e-01
2.775579688287454182e-04 -5.751063206192703170e+00 6.654088475107592382e-01 7.222291854281543966e-01 1.647328023563434107e-01 5.904240464926193699e-01
2.771688166844622986e-04 -5.749966247178944556e+00 2.866032794767091607e-01 5.516171116029469079e-01 5.784706538295791844e-01 4.773368427792928914e-01
2.765410467897030738e-04 -5.749733752979903301e+00 2.915130347369033204e-01 5.287826706350884365e-01 5.067332208584043318e-01 3.848466722985423027e-01
2.759477255129353388e-04 -5.749381566780290775e+00 6.716054056733324895e-01 7.389563516549919608e-01 9.792690949682761326e-02 6.509318796538132723e-01
2.757446564725187280e-04 -5.747617734457129757e+00 6.706738141417241117e-01 7.300453667215754949e-01 1.473664818382659503e-01 6.673814450495106909e-01
2.754137295438302546e-04 -5.746318576091226760e+00 6.703602534821001546e-01 7.503581358069145724e-01 8.285293131173426806e-02 8.620396244410977182e-01
2.748104180815481206e-04 -5.746011543109010411e+00 2.935636610025914028e-01 5.511728516284711832e-01 6.157536225299841126e-01 4.308636669502068361e-01
2.741419667571113120e-04 -5.745946915186012305e+00 6.711386405471830852e-01 7.425608010322253261e-01 1.086190224495779122e-01 7.055285198344163344e-01
2.738150307000210911e-04 -5.744640206255944292e+00 2.857396548747756504e-01 5.650772893213260595e-01 6.156689733102629347e-01 5.562537760416402799e-01
2.732430369075322055e-04 -5.744231370009118542e+00 6.601742575712467032e-01 7.280944406261758983e-01 1.061130804431936470e-01 7.268701823988542587e-01
2.726746720880507250e-04 -5.743813607003713351e+00 6.720602346338631072e-01 7.399644812579850850e-01 7.278069601743003547e-02 6.653611096109336431e-01
2.719955876668523828e-04 -5.743807169892108710e+00 6.708581601679551865e-01 7.507864007196352052e-01 7.633351504888880035e-02 8.167940593918354697e-01
2.718691640777115906e-04 -5.741772078092218123e+00 6.745231342233484195e-01 7.203524988384065741e-01 1.743184360588804771e-01 5.278698740688095858e-01
2.712084906761524287e-04 -5.741705150864406804e+00 2.849470254432769356e-01 5.668701003365479441e-01 6.787617349386492194e-01 4.960462889738447290e-01
2.710687475959023532e-04 -5.739720544369725452e+00 6.608503788820307978e-01 7.239940164134249789e-01 1.097781785042220570e-01 7.121853236860002934e-01
2.708221893600063976e-04 -5.738130536532702664e+00 2.860041656359833540e-01 5.475105710598527908e-01 5.637487363486736180e-01 4.453512315874493810e-01
2.703160877404776354e-04 -5.737501044639444103e+00 6.638506051065853342e-01 7.294306223683569845e-01 4.031381234077907605e-02 7.574521317818402322e-01
2.698285503157045787e-04 -5.736806255772986418e+00 2.929622887814093968e-01 5.291416155299193402e-01 5.461071110393160843e-01 3.748912547732443090e-01
2.692892882652829305e-04 -5.736306791432098429e+00 2.863889300011563943e-01 5.577109912107806045e-01 5.953533711102089176e-01 4.594199382327240344e-01
2.695999068804962951e-04 -5.732653980604151656e+00 2.980455516942478456e-01 5.227894267198873735e-01 5.253096309594715851e-01 3.724851731836009705e-01
2.693191767337941179e-04 -5.731195807403870468e+00 6.785890505517780946e-01 7.302376730992020670e-01 1.087255372273344678e-01 6.811875387533785631e-01
2.687053270244369320e-04 -5.730977673643880443e+00 6.635667294592378918e-01 7.328921900116218691e-01 1.152778106939158498e-01 7.541292824491426794e-01
2.682024608090602261e-04 -5.730350868161870892e+00 2.860423020140329675e-01 5.579785063116354804e-01 6.169558413646872852e-01 5.026633835379403781e-01
2.675429440555685359e-04 -5.730312922266873166e+00 6.685935668233127238e-01 7.147574343392970597e-01 1.287140554659019220e-01 6.360839922246976919e-01
2.670749679133456759e-04 -5.729563616552538541e+00 2.948643285663343216e-01 5.403215709695611269e-01 5.308139463778414058e-01 4.115316996745550515e-01
2.664320318617667918e-04 -5.729473843084127438e+00 2.936363536022872922e-01 5.431831624782559320e-01 5.391790478742752857e-01 4.536883330212266863e-01
2.660984162960166872e-04 -5.728226787814517884e+00 6.764776447125460113e-01 7.312317271644110939e-01 1.452772146091385608e-01 6.152433359997752094e-01
2.656626319312024669e-04 -5.727365811446745170e+00 2.835485787298973603e-01 5.617509559479673120e-01 6.513313672646920960e-01 4.719251799915641366e-01
2.651337547712478049e-04 -5.726858580607291138e+00 2.886663060278203963e-01 5.445483585983226238e-01 5.968592065225093446e-01 4.039703030610252710e-01
2.650175073606805820e-04 -5.724797124927501812e+00 6.784208410971201975e-01 7.308386434468386872e-01 7.154207963208858434e-02 6.277940085054541930e-01
2.644248874874313379e-04 -5.724535782528454853e+00 6.762769738213574300e-01 7.301229700526052913e-01 1.387454735437761155e-01 5.772148064394474476e-01
2.638550809322251826e-04 -5.724192997680415118e+00 6.658204366403261965e-01 7.044634392222163255e-01 1.667995271914098909e-01 5.083751271863757859e-01
2.633244908133241754e-04 -5.723705937204242922e+00 6.633274821622090478e-01 7.321529090981960808e-01 1.180456362713769580e-01 6.736746964875944821e-01
2.629467844248147760e-04 -5.722641343129412306e+00 6.758608872439421100e-01 7.235763879147310007e-01 1.262505138769997037e-01 6.547018364124029821e-01
2.623566870708829283e-04 -5.722388035314663668e+00 2.822940423779479180e-01 5.701159308001880754e-01 6.397356216836368459e-01 5.700950679856630066e-01
2.621644229779807175e-04 -5.720621138702991715e+00 6.654046298635130086e-01 7.156422637387298558e-01 1.354987727258509245e-01 5.448657368921434596e-01
2.617192360061980838e-04 -5.719820703372780812e+00 6.690682512942870419e-01 7.171119002300145873e-01 1.182709732006253511e-01 5.460142250624500093e-01
2.613093938406763680e-04 -5.718887891958708281e+00 2.955519740013695107e-01 5.423480244078697776e-01 5.527588621569992089e-01 4.065096523895503910e-01
2.608735551870374099e-04 -5.718057187195783264e+00 6.691020082601703001e-01 7.396116798719823970e-01 1.220599542369367740e-01 7.252486220180753840e-01
2.604512037776506549e-04 -5.717177488148407427e+00 6.743482923048835787e-01 7.078701243219359673e-01 1.850021479211342024e-01 5.172860048101274311e-01
2.598941938139940309e-04 -5.716818412922576975e+00 6.707104196051076883e-01 7.242023263316795800e-01 1.336400687554204214e-01 5.483696182957349397e-01
2.595705445855233068e-04 -5.715564500467793962e+00 6.616749798174783592e-01 7.432367729862899841e-01 5.969263348210571141e-02 9.236650344065839846e-01
2.592367417068919592e-04 -5.714351309398632672e+00 6.759135761644594620e-01 7.320193404254136116e-01 1.091297280933769542e-01 7.196283603718333088e-01
2.588952913162827088e-04 -5.713169314919524844e+00 6.641732999473211052e-01 7.334102466531881026e-01 1.205213890530773546e-01 6.778645911421065096e-01
2.584961398718357253e-04 -5.712212253204057788e+00 2.872880893726248996e-01 5.684009052659662053e-01 6.416425676151247259e-01 5.418183961217680755e-01
2.579101252448057669e-04 -5.711981841774776747e+00 6.614663455258065206e-01 7.157079032376131300e-01 1.138503742423934151e-01 6.362413954002189564e-01
2.573656680726801437e-04 -5.711595107648355096e+00 2.896756827943302026e-01 5.347392091803756520e-01 5.242968245231880431e-01 3.949658448085441309e-01
2.567262240180208572e-04 -5.711582773352726683e+00 2.904946647744789390e-01 5.528085461152950630e-01 5.897337670167521750e-01 4.892221211716805129e-01
2.565506412598241330e-04 -5.709766937307599655e+00 2.963521945700771654e-01 5.387069950378300387e-01 5.291645444080048666e-01 4.199403147147819926e-01
2.564745531201498047e-04 -5.707563562662709700e+00 6.702180308431888722e-01 7.444271907321033943e-01 5.959507077645198603e-03 9.876253852686894819e-01
2.566008604181783861e-04 -5.704571208918029157e+00 6.771913570144560968e-01 7.566999658120928673e-01 3.645157301649637471e-02 8.726501481538960769e-01
2.559671060049888147e-04 -5.704544070187783866e+00 6.766902565124748303e-01 7.336694118384677887e-01 9.266464326288892384e-02 7.430737028289007284e-01
2.553393862805473057e-04 -5.704499427392428323e+00 6.804926697420388138e-01 7.482511268297160623e-01 3.831817254975336540e-02 7.863574942845151794e-01
2.552545032575013789e-04 -5.702331914817627023e+00 6.747169920984488201e-01 7.393103260794318121e-01 9.361119969796638518e-02 7.923324126166617631e-01
2.547935331266508018e-04 -5.701639471061264786e+00 6.786248603783366917e-01 7.612459547568664053e-01 1.117262632307144954e-02 9.764827679179319819e-01
2.544511281982008008e-04 -5.700484227348578514e+00 6.597479265030972151e-01 7.286235658062738541e-01 8.927784383228729026e-02 7.391050297561961857e-01
2.538786970499361880e-04 -5.700236431967710793e+00 2.881978019830512272e-01 5.530425080344328892e-01 6.309639050850965880e-01 4.249625246135168011e-01
2.535372827013593604e-04 -5.699082130226035936e+00 2.954219302552271165e-01 5.360567737948438438e-01 5.171733617330213084e-01 4.066515545594071579e-01
2.529453060880277790e-04 -5.698919730356822200e+00 2.892942844768185418e-01 5.566264299439187546e-01 6.432608179255954184e-01 4.561756386855777001e-01
2.524167984716891482e-04 -5.698511330831987465e+00 2.936963707415434777e-01 5.394973145500008282e-01 5.743088038795629569e-01 4.166203953280090411e-01
2.520589252787175144e-04 -5.697430123595070839e+00 2.914169848028461129e-01 5.489398933342022335e-01 5.656370941142343511e-01 4.243652212538323587e-01
2.514415460308292013e-04 -5.697382473066338271e+00 2.850704223416432592e-01 5.570112018075912275e-01 6.201351389290923333e-01 4.419785756831584589e-01
2.517326211059257054e-04 -5.693725517377534295e+00 6.742789562889838217e-01 7.294213102835730433e-01 8.378186409392429645e-02 7.418440756184940810e-01
2.511316961329342068e-04 -5.693615526922607195e+00 6.703650608654367904e-01 7.115166771403078627e-01 1.914804093841818433e-01 5.267013860580023188e-01
2.506578474601661114e-04 -5.693004162585378225e+00 6.798662611905197384e-01 7.440805336302878104e-01 3.288761962608638401e-02 7.430202118029447522e-01
2.500854423324080488e-04 -5.692790385441469425e+00 6.618313177848789142e-01 7.418373810420492154e-01 1.074933992290466600e-02 9.681429603710820508e-01
2.495973608487650421e-04 -5.692243951326720897e+00 6.797325365128485952e-01 7.366736151460936410e-01 9.000729716997241114e-02 6.463019548769837197e-01
2.489988575758711594e-04 -5.692144705838041219e+00 6.614462506898503014e-01 7.149366933279793779e-01 1.252789080580132830e-01 6.282112027963636658e-01
2.487282841460172430e-04 -5.690731941931183258e+00 2.875827924400738977e-01 5.509464900473101112e-01 5.742765278434664999e-01 4.754390714298390996e-01
2.488425736216445827e-04 -5.687772552174513940e+00 6.718412854124504729e-01 7.360461130082887049e-01 5.599041751227962216e-02 6.584232836055168292e-01
2.482553964215083184e-04 -5.687634973703509900e+00 2.932314517493181394e-01 5.330952620016851107e-01 5.570480232162691170e-01 3.653574865202757760e-01
2.478947417752534396e-04 -5.686588786499321202e+00 6.718892715030606588e-01 7.345433226609009436e-01 6.311424955370989465e-02 6.434601880189101397e-01
2.478145722270093843e-04 -5.684412240373109881e+00 2.848712664324319910e-01 5.520950077560378144e-01 5.807432288911069662e-01 4.448572260005110302e-01
2.472209178703479592e-04 -5.684310673023369453e+00 6.711461886167874313e-01 7.098749423858433660e-01 1.893239221823046492e-01 5.297168268655561008e-01
2.467695065115197740e-04 -5.683638285309752014e+00 6.639729638552270830e-01 7.382630359426411992e-01 3.028440750081126676e-02 7.778231946286479070e-01
2.462274458037051620e-04 -5.683337329030853979e+00 6.795948265315340242e-01 7.542740774005015636e-01 3.139625786400915275e-02 8.951361672003532721e-01
2.458488017976655422e-04 -5.682376294110421000e+00 6.796279000678514537e-01 7.357058609760975809e-01 1.080801344289635535e-01 6.633801810164278168e-01
2.455734574413973308e-04 -5.680996896117780359e+00 2.886413380461581024e-01 5.410834882964344894e-01 5.342860795470070201e-01 4.169506324191873947e-01
2.451928033366091819e-04 -5.680048160789151090e+00 6.689607982144973874e-01 7.134274929660737730e-01 1.194366054162300794e-01 6.210817380414311861e-01
2.456218231137388013e-04 -5.675799965591725282e+00 2.932033427741050913e-01 5.353112170283054194e-01 5.378144420901419531e-01 3.750454686791506176e-01
2.450713445328235747e-04 -5.675543643915128555e+00 6.704981661520079683e-01 7.324679007845446010e-01 7.258549327176277988e-02 8.034585600185473186e-01
2.447531801879704533e-04 -5.674342739299460092e+00 6.601051338078066655e-01 7.257897238286451502e-01 8.978405612711939932e-02 7.234401557242379210e-01
2.441903680085207159e-04 -5.674144896389367254e+00 6.722267561828783045e-01 7.488679610038686540e-01 6.541783622603219994e-02 9.266178578936714594e-01
2.435819169506184734e-04 -5.674139713713981514e+00 6.679293276231239584e-01 7.187216437069461339e-01 8.866374848777364148e-02 6.640560676684605923e-01
2.432811513730435797e-04 -5.672875238178265889e+00 6.616758383009789801e-01 7.282766239103496408e-01 1.073775164316185804e-01 7.402185912192286166e-01
2.431921664201602438e-04 -5.670741075113698848e+00 6.806592122938958100e-01 7.459268914345974499e-01 3.722300856380031386e-02 7.807025564219649549e-01
2.426158950106052409e-04 -5.670613500462709844e+00 6.751155157759548553e-01 7.168885836546629031e-01 1.066922646457263701e-01 5.844874949420832966e-01
2.420308783206697064e-04 -5.670527699860159032e+00 6.767066698654126133e-01 7.151057874801404202e-01 1.631073735788344248e-01 5.577077535184524759e-01
2.415198163668712012e-04 -5.670141489167894733e+00 2.840542684728994960e-01 5.684928479122550726e-01 6.367356151896192973e-01 5.682448784714749790e-01
2.410165004421436824e-04 -5.669727616531687886e+00 6.614886006774978178e-01 7.454604233624650966e-01 2.185562760883325018e-02 9.119095515021099496e-01
2.407388669164952125e-04 -5.668380207972056439e+00 6.626775468436271188e-01 7.425415417503606896e-01 9.692484482485885788e-03 9.847977732952517549e-01
2.405299360200737196e-04 -5.666748458348027206e+00 6.804735954396986530e-01 7.345499537366559917e-01 8.654995509723181768e-02 6.803299554490951362e-01
2.401613326717042776e-04 -5.665782097274406404e+00 6.665486868222230132e-01 7.508580511007638680e-01 4.584677676817777714e-02 8.621255773970238900e-01
2.397022524383898563e-04 -5.665195475941249725e+00 2.827808137704475588e-01 5.617217717383504727e-01 6.179498509618526203e-01 4.984956285739979287e-01
2.395795370689038806e-04 -5.663207556203237125e+00 6.603198899943019118e-01 7.284897633039705278e-01 7.384632626333637040e-02 7.353012759865188430e-01
2.402316703863194660e-04 -5.657989263221160137e+00 6.605719896785873235e-01 7.327030034737753716e-01 7.706092926410484933e-02 8.048280013284589973e-01
2.400157075718330733e-04 -5.656388644827210044e+00 6.709760537305746730e-01 7.379420971809005358e-01 1.221355978345827348e-01 6.606704094458528687e-01
2.395929389882413068e-04 -5.655651618435478589e+00 6.696941894886586644e-01 7.096448390994319899e-01 1.896720973934271914e-01 5.016549851367688717e-01
2.391796307150146207e-04 -5.654878151666707709e+00 6.741487721477463779e-01 7.075938069268591368e-01 1.726311530385892246e-01 5.284491321507678308e-01
2.387089169575357182e-04 -5.654348125259922142e+00 2.882493522361729843e-01 5.641735972608026284e-01 6.195595990930926611e-01 5.308032797921914403e-01
2.382924367116064947e-04 -5.653594369158641442e+00 6.691985694796497297e-01 7.110346825600328824e-01 1.237124093352678644e-01 5.522353856075264966e-01
2.377988804832294602e-04 -5.653167737806052529e+00 6.710142169956773150e-01 7.220105911629309814e-01 1.379118387935050483e-01 6.584787422121718414e-01
2.376027875085269287e-04 -5.651492694885619450e+00 6.743732818015547581e-01 7.129125552903308183e-01 1.240313366850009646e-01 5.642819437686033002e-01
2.385357629029984301e-04 -5.645073765877588023e+00 6.683351934451873255e-01 7.363983134915943474e-01 9.294399132456801493e-02 6.556944176912619104e-01
2.380482991717408560e-04 -5.644619423464740215e+00 2.872884899369091971e-01 5.586403289261495653e-01 6.472084919880682907e-01 4.617671354783290383e-01
2.375041419212594207e-04 -5.644407951252444988e+00 6.681265693731381905e-01 7.258138745925928337e-01 1.033835111126611417e-01 7.314329687204602637e-01
2.369344485591807982e-04 -5.644309499723906498e+00 6.770014392219763089e-01 7.415943394002537659e-01 2.853345040063601235e-02 7.171129928064098324e-01
2.373523014384544116e-04 -5.640047472902004699e+00 6.780227501454383354e-01 7.572724960598733457e-01 3.093340849866604847e-02 9.512160838177550204e-01
2.367840203742269112e-04 -5.639944595038426378e+00 2.940797202311262737e-01 5.502817102823936990e-01 5.935573081630817205e-01 4.460378002893685689e-01
2.367654002460165062e-04 -5.637523235735295124e+00 6.762693736795317712e-01 7.209383435149859798e-01 1.303157169354581257e-01 6.272552536213784613e-01
2.362969779280553906e-04 -5.637003619264682186e+00 2.856698616468598129e-01 5.678788513978970665e-01 6.512090684743194746e-01 5.205567058956008797e-01
2.357207628981028717e-04 -5.636945117820115314e+00 2.932834666972011228e-01 5.433326232151494128e-01 5.526011638581851404e-01 4.492695676223540380e-01
2.356221321663416746e-04 -5.634863627292664212e+00 6.742634329366949952e-01 7.073303770891669062e-01 1.600432635932887981e-01 5.198813698735993416e-01
2.357051028117469163e-04 -5.632011554931443342e+00 6.770156684100561151e-01 7.427496024298351207e-01 8.115472700031289843e-02 6.853281989251414075e-01
2.352134470612998306e-04 -5.631599626973698314e+00 6.708153296920705833e-01 7.472871778019062328e-01 9.279797158553720893e-02 7.967183746910023734e-01
2.347705781891487435e-04 -5.630984239979409445e+00 2.916478144901371028e-01 5.410669797670818459e-01 5.285001070667084688e-01 4.318880244076556130e-01
2.342049737438240808e-04 -5.630896326141364483e+00 6.661235854162430581e-01 7.303478189324461578e-01 1.408839345255087083e-01 6.451382154718020567e-01
2.343324166190637297e-04 -5.627852323118322175e+00 6.647913074629011598e-01 7.388871313809221020e-01 1.523150748781129660e-02 8.064934297277220887e-01
2.345399185928742365e-04 -5.624467212303401631e+00 6.798823104245508286e-01 7.329835732085812072e-01 9.067653173859158144e-02 6.338435079481467005e-01
2.342532201577367083e-04 -5.623190346548257779e+00 6.643003992795685209e-01 7.356884029191864682e-01 2.659620100667181575e-02 8.717089547224978752e-01
2.342282785281650851e-04 -5.620796825159112942e+00 6.735907988365968935e-01 7.296398378291840681e-01 4.721408162534979081e-02 6.774993562858012686e-01
2.337364648042865171e-04 -5.620398752331871250e+00 6.655342925182473612e-01 7.231071917761432433e-01 1.170903746539376511e-01 5.858962005372841952e-01
2.333760299287146000e-04 -5.619441999199260351e+00 2.849563053244706934e-01 5.637792111362713854e-01 6.161662372970493351e-01 5.302749435177378512e-01
2.330547389938674645e-04 -5.618319656965728548e+00 6.637886964491729325e-01 7.481648583180379175e-01 5.178353376158759125e-02 8.817790851544331510e-01
2.325565479992325270e-04 -5.617959601587641849e+00 6.708302721135703806e-01 7.432225447417147857e-01 2.131028974266602205e-02 7.502788037118884867e-01
2.322018293723991764e-04 -5.616986066576682646e+00 6.666506104280527367e-01 7.325292439464674565e-01 1.121255166812934745e-01 7.609183969017111471e-01
2.316703148409387299e-04 -5.616777709956012110e+00 6.753025082613977048e-01 7.455784336314912331e-01 2.631814095139739518e-02 7.411227482169414627e-01
2.311025078880281944e-04 -5.616731645061781464e+00 6.684252681222817571e-01 7.391689644383313551e-01 1.091734368899852925e-01 6.888053272238144897e-01
2.305651312097340084e-04 -5.616559626819556783e+00 6.666679697069525234e-01 7.320114677742837195e-01 5.756522486112355952e-02 8.220224983182738976e-01
2.303806903990496160e-04 -5.614859897965884805e+00 2.845713061952003242e-01 5.617613251954018949e-01 6.447919431839617133e-01 4.922525284716937621e-01
2.299442556825834964e-04 -5.614256101293347179e+00 6.708328668667686845e-01 7.411885379151190723e-01 7.886595946420413283e-02 8.594990472585608554e-01
2.293779162899820499e-04 -5.614222081444770751e+00 6.718735204253750704e-01 7.295822688510501530e-01 6.964748740612147770e-02 7.632001636100064212e-01
2.289704712315691990e-04 -5.613499965590669660e+00 6.741910151731895784e-01 7.142018572929154097e-01 1.380716523938022022e-01 5.232361338215050228e-01
2.289583008746687114e-04 -5.611053119520470034e+00 6.755771871645966931e-01 7.346535334225096081e-01 3.698416541460233797e-02 7.749274660560151462e-01
2.286525107629916670e-04 -5.609889583386342693e+00 6.687317336415857794e-01 7.039131380675729410e-01 1.820033482413452863e-01 5.066681446941093681e-01
2.281106376133110094e-04 -5.609762250296161490e+00 6.649605461915165661e-01 7.434464819583863626e-01 8.061917043675462247e-02 7.858521640027221755e-01
2.276136973375850463e-04 -5.609443132178379088e+00 6.787775220382900043e-01 7.554469052303671717e-01 1.556992196346324020e-02 9.725943544380113437e-01
2.275582817487394570e-04 -5.607186625150992754e+00 6.797802453386366794e-01 7.411816301035307752e-01 8.080402538030953541e-02 7.092170664344311648e-01
2.278736390883629782e-04 -5.603301753447471611e+00 6.731163711480820933e-01 7.383221260279787534e-01 1.177959477676558675e-01 7.345332454536804834e-01
2.277676218244282689e-04 -5.601267107553616675e+00 2.871297143226861914e-01 5.656316207206616431e-01 6.506217113423118370e-01 5.344856014582165527e-01
2.280210062714966592e-04 -5.597655256763353293e+00 6.763916506264399109e-01 7.234932827977552661e-01 1.342983666217779648e-01 6.327504184826090450e-01
2.275876420421828888e-04 -5.597057610292466734e+00 6.674489057938074454e-01 7.282717457387662963e-01 8.664982499429219054e-02 7.651972905659663038e-01
2.279305606453937657e-04 -5.593051990249329641e+00 6.702939235651467209e-01 7.364278502557549677e-01 1.244821303656301614e-02 7.709038148524296474e-01
2.274904822454085966e-04 -5.592484613011627026e+00 2.928674320846175738e-01 5.433498954364652800e-01 5.491420403341795708e-01 4.465672457546399077e-01
2.269253895097257700e-04 -5.592471731363347409e+00 6.648390456261151771e-01 7.171392751724743331e-01 9.752808217874732455e-02 6.296977212815991765e-01
2.264450579578587317e-04 -5.592090668467737835e+00 6.759797605053630143e-01 7.284356780931315889e-01 1.208016141764215456e-01 5.715102919804050385e-01
2.266519124071611046e-04 -5.588677599181459676e+00 6.640776270199139075e-01 7.117833385250584843e-01 1.400717264860064926e-01 6.003149343214626565e-01
2.261955335418020191e-04 -5.588193196371857852e+00 6.717005693228446095e-01 7.136632420295552226e-01 1.718679018205737652e-01 5.049719636715868099e-01
2.256534404205696456e-04 -5.588092641374748482e+00 6.747635946848098421e-01 7.400293134492177405e-01 6.028024588616109902e-02 8.442746859702100481e-01
2.250965665189548633e-04 -5.588063519583784888e+00 6.788431128457651509e-01 7.287587003509088390e-01 8.773976209369074852e-02 6.668509818647747611e-01
2.247404875876912169e-04 -5.587146666202697176e+00 6.719343881269184138e-01 7.456283360423794360e-01 6.094649012001213118e-02 7.305766787065631762e-01
2.245864047970244398e-04 -5.585332504505804430e+00 6.704094867086994869e-01 7.318221027093376740e-01 1.413593593483894739e-01 6.724090934273661002e-01
2.240368156439186652e-04 -5.585282620340206172e+00 6.750199231704727687e-01 7.353994398617005324e-01 1.305782121597419132e-01 6.682373539295146658e-01
2.236220404070014562e-04 -5.584635707127176829e+00 6.657153020738149074e-01 7.274821501920986089e-01 1.141869902378168100e-01 7.306096783019198071e-01
2.232552434111873950e-04 -5.583777308038516018e+00 6.628497957137500229e-01 7.387815342267016749e-01 9.214813456187906371e-02 7.892387546282553235e-01
2.231353371381391399e-04 -5.581814533872379691e+00 6.706243126521294062e-01 7.539668683006695016e-01 4.481335692479831989e-02 8.617858389466201974e-01
2.226475979692960387e-04 -5.581502770904600119e+00 6.715853673549252445e-01 7.163935264761605026e-01 1.781440358765013499e-01 5.212133632056736854e-01
2.221461013412302451e-04 -5.581257734683747529e+00 6.718812024972905528e-01 7.481489825559687334e-01 5.228212169697854517e-02 9.530493570199743969e-01
2.221295009711121422e-04 -5.578832464738871622e+00 6.710498687687490582e-01 7.338049398893056185e-01 1.400221736855715160e-01 6.529987475574217104e-01
2.221347752273379963e-04 -5.576308720960637899e+00 6.673676477416370378e-01 7.219760960247373349e-01 9.131248780647335805e-02 6.026951015457183702e-01
2.217270890902637442e-04 -5.575645717037547300e+00 6.688232413969488199e-01 7.357342044549308735e-01 1.116505111758969992e-01 6.478113783734922304e-01
2.216304899872408355e-04 -5.573581478639965781e+00 6.665166162817262041e-01 7.530546269644787793e-01 2.630755164093037668e-02 9.087992135901741264e-01
2.214666616688965907e-04 -5.571820947739224650e+00 6.782540968131512971e-01 7.490697230798398776e-01 2.800425340003537267e-02 7.771871265344694191e-01
2.211906405311743398e-04 -5.570568057736617895e+00 2.882849832889738395e-01 5.499981857238978034e-01 6.018075992396079155e-01 4.158631237273304748e-01
2.208878571908565592e-04 -5.569437875039307428e+00 6.631560951621434663e-01 7.256726160931434855e-01 1.182370103067653389e-01 7.083492269016589127e-01
2.213356630046050687e-04 -5.564912627867417250e+00 6.704865959641228557e-01 7.157638762971781921e-01 1.708942599919235361e-01 5.776793700422478972e-01
2.208984655990818568e-04 -5.564389849975245106e+00 2.888577344534355995e-01 5.482838845574327102e-01 5.595148552411226550e-01 4.350195593954514495e-01
2.204593216174098396e-04 -5.563879818836374724e+00 6.696694973742879364e-01 7.078288293887234905e-01 1.694586908473673659e-01 5.491218179763699414e-01
2.207699670877232164e-04 -5.559971727716440881e+00 6.728402218281914760e-01 7.330818949236500570e-01 2.955309181333692914e-02 7.381581286648059015e-01
2.205541408026098630e-04 -5.558449812976048676e+00 2.910200973492018672e-01 5.419554050687822588e-01 5.572383804882041769e-01 3.961833366675233115e-01
2.200084464665743211e-04 -5.558427075598315170e+00 6.669552865022887467e-01 7.356790073803330943e-01 1.182320122061266687e-01 7.475972892772445588e-01
2.194930436058279539e-04 -5.558272474231328530e+00 6.784703120463451143e-01 7.527710746248285067e-01 2.351234486992637152e-02 8.247081979036161581e-01
2.197508925260682451e-04 -5.554598416134455263e+00 6.723015500021224389e-01 7.345734272864988812e-01 8.558968698499910821e-02 7.902801298794851492e-01
2.193072866842333656e-04 -5.554119132357440591e+00 6.708044325381492534e-01 7.345687563069823733e-01 3.196210989732573005e-02 8.212829807962190865e-01
2.189326780447441818e-04 -5.553328737874420717e+00 6.740514040815016594e-01 7.419999718480047024e-01 9.968563954802994731e-02 7.807440964272034378e-01
2.183872502436569947e-04 -5.553323150082115411e+00 2.940878873308038766e-01 5.298209574986769699e-01 5.284258388100744330e-01 3.886115106843762712e-01
2.179160832710388463e-04 -5.552982964686241196e+00 6.780409984613235963e-01 7.470241295363515555e-01 5.331318082626473887e-02 8.547744914378883063e-01
2.176131276875326579e-04 -5.551874171635150290e+00 6.786071188715138147e-01 7.448414722227080231e-01 6.635844155783565679e-02 7.246557017621317875e-01
2.171306468689108429e-04 -5.551593782564369306e+00 6.769726456400692038e-01 7.235036169051156651e-01 9.112277548341202182e-02 6.248513212830877350e-01
2.168941152307844419e-04 -5.550183728033830199e+00 6.667264765804115090e-01 7.548853525616545657e-01 1.659952162715663815e-02 9.420714513002143020e-01
2.164082417342514774e-04 -5.549926382348374432e+00 6.642517878609994764e-01 7.336674518972053916e-01 4.039104080512165296e-02 7.473824156320438838e-01
2.164481144919641663e-04 -5.547242151449359504e+00 6.623482815692369741e-01 7.169197445873902730e-01 1.160444285724174796e-01 6.325829472997340774e-01
2.160422656949747590e-04 -5.546618951187396007e+00 6.673472670638839199e-01 7.465820985879366711e-01 8.518897444042358713e-02 8.484888390362108623e-01
2.160688220432316136e-04 -5.543996036737646627e+00 6.743196781736636725e-01 7.142901774174779117e-01 1.641117596233859222e-01 5.644332583175309948e-01
2.159698701024144268e-04 -5.541954106555683879e+00 6.757355767000856606e-01 7.271076665802307382e-01 1.431717448609479415e-01 6.298477132092451525e-01
2.155459251376493329e-04 -5.541419017716948225e+00 6.750374732449384574e-01 7.117919406946587868e-01 1.691900311334232632e-01 5.126255459791143609e-01
2.151470213431712136e-04 -5.540771399613619863e+00 2.903115574010736166e-01 5.408769624022521372e-01 5.702711376520416264e-01 4.057191570847933360e-01
2.150137058407124396e-04 -5.538891240051398768e+00 6.671810524986426794e-01 7.136491686330382889e-01 1.207237436299746780e-01 6.164366471719344709e-01
2.151716739354931089e-04 -5.535656821313308384e+00 6.751927415597683835e-01 7.132835569134600151e-01 1.391269871619240095e-01 5.651775117002260096e-01
2.147491309316268686e-04 -5.535122500271558721e+00 6.624189732170461253e-01 7.323516563757338504e-01 4.786890093508899824e-02 7.650753699482931713e-01
2.142391777553633459e-04 -5.534999970268482450e+00 6.764317874870147129e-01 7.486133666344555460e-01 2.002117180576173938e-02 9.481366895708384090e-01
2.137718596889036664e-04 -5.534683644105251155e+00 6.794141804353286407e-01 7.407179094705005351e-01 3.572553393223432128e-02 7.547050746963487322e-01
2.135453565158487602e-04 -5.533243761440472142e+00 2.846343752430170460e-01 5.638228979093319326e-01 6.421487581136140488e-01 5.023867461383249022e-01
2.132060155149667982e-04 -5.532334106988928468e+00 6.688957770775406653e-01 7.377755883293206640e-01 1.355473575235549566e-02 8.703952464072413076e-01
2.134946564746061201e-04 -5.528481210110098409e+00 6.714832267702595114e-01 7.444572585735181880e-01 9.791623925631048886e-02 8.012041434482758406e-01
2.135746177076224505e-04 -5.525606745175319467e+00 6.722036483476437896e-01 7.381800339004818134e-01 2.561591928450612787e-02 8.606638455953051769e-01
2.131381608629891937e-04 -5.525152416262564259e+00 6.623324174216673743e-01 7.459991396953349341e-01 5.001591662749352296e-02 9.418963957514283614e-01
2.126409812872381768e-04 -5.524987804507322409e+00 6.712540895502969729e-01 7.452296788668919536e-01 7.281475378360730000e-02 7.319593713987637695e-01
2.124718551126998796e-04 -5.523283481179396937e+00 6.775106376095259009e-01 7.350914519250495438e-01 1.097353654374784437e-01 6.971829364880705038e-01
2.119499766403433721e-04 -5.523242726657995760e+00 6.751139007064299591e-01 7.252541445871740766e-01 1.565831330040791114e-01 5.906465262425081297e-01
2.114840332674669976e-04 -5.522943511432191421e+00 6.782078658529532289e-01 7.539299679800873788e-01 2.492573290623023574e-03 8.538848505227650820e-01
2.110485802961610069e-04 -5.522504668897869173e+00 2.892658131040654612e-01 5.448424537840769188e-01 5.766936683847787570e-01 4.253948587798191405e-01
2.106769672813270031e-04 -5.521767014637418036e+00 6.667025327561144632e-01 7.495072215697536899e-01 6.685647474435452153e-02 8.656683833457279320e-01
2.102220509824981787e-04 -5.521428656533593049e+00 6.655321387925510201e-01 7.148294841386899634e-01 1.591058655329360416e-01 5.934065493138263037e-01
2.097963457420642052e-04 -5.520955736249741008e+00 6.617713341240520908e-01 7.345265601278702094e-01 5.860259632899830762e-02 8.391739038734501444e-01
2.093531159205379928e-04 -5.520570638103484917e+00 6.677075956753460995e-01 7.375441482259659232e-01 1.582667485538621910e-02 8.753678873400325688e-01
2.094386700312981543e-04 -5.517662062220101582e+00 6.699650638377032674e-01 7.173734358723408144e-01 1.641798206265158988e-01 5.264796580797492798e-01
2.089503074675878587e-04 -5.517496553861928277e+00 6.646759320420397854e-01 7.274943485231516460e-01 6.385214693626661830e-02 6.859376006799986492e-01
2.091496326163860874e-04 -5.514043072912570231e+00 2.888792947123803856e-01 5.596798804418147144e-01 6.128327215840895237e-01 4.983738481524314645e-01
2.086882353598265496e-04 -5.513751572809105994e+00 6.705881498624293169e-01 7.399430659759927975e-01 1.043962971804435202e-02 7.678854524850428076e-01
2.086073941761743976e-04 -5.511639025631240862e+00 6.742839923078566278e-01 7.124807951079933366e-01 1.642946188458810630e-01 5.114006038383317465e-01
2.083098819594434933e-04 -5.510566226106061727e+00 6.704013388622466207e-01 7.329470491131673260e-01 1.323603118323387062e-01 6.966801734126066847e-01
2.081480807478788288e-04 -5.508843261169358740e+00 6.721866831324287972e-01 7.301363864201527720e-01 8.011283351697806587e-02 6.149600551105933732e-01
2.076704679965097320e-04 -5.508640479332661322e+00 2.930476562609790614e-01 5.344980604922920930e-01 5.279589671349994573e-01 3.975410385948519032e-01
2.073502133911439191e-04 -5.507683798416720400e+00 6.658119078202183738e-01 7.197999509304395804e-01 1.156474769256371493e-01 6.732977000237677645e-01
2.073966232341164324e-04 -5.504959999997694808e+00 6.665849041329655611e-01 7.232525351651288847e-01 8.004781347030570648e-02 6.352627123105696327e-01
2.073331471472310609e-04 -5.502766108176631477e+00 6.707815258258917890e-01 7.176080680298153602e-01 1.145645073049930962e-01 6.401455571636478492e-01
2.079938623063506855e-04 -5.497084443120191288e+00 6.707466491245183127e-01 7.220159861704551485e-01 8.400736403856823298e-02 6.748608939673720331e-01
2.076016083407191553e-04 -5.496472115675898884e+00 6.735766473477715621e-01 7.553005326121147167e-01 4.146830369070680922e-02 8.662230775536118310e-01
2.080341490856677010e-04 -5.491890769721574195e+00 6.647999826079109553e-01 7.440799128403685625e-01 7.722823419893859453e-02 8.751606672506571094e-01
2.080407735302842532e-04 -5.489358927165072011e+00 6.615434389452405917e-01 7.310457903228489984e-01 7.768395190807539374e-02 7.819461179947126972e-01
2.076547216248368318e-04 -5.488716306044235438e+00 6.668057227027326395e-01 7.090637580728674783e-01 1.719996217598398491e-01 5.397805437806899587e-01
2.075318537912790794e-04 -5.486808174107511427e+00 6.749520661447961922e-01 7.416190982820249911e-01 1.801761794255304916e-02 7.427883037463811622e-01
2.073110252524194125e-04 -5.485372811206871368e+00 6.745600051670226360e-01 7.252914446353810884e-01 1.071127358509380845e-01 6.805796507265590156e-01
2.071532453866240929e-04 -5.483634178999443165e+00 6.714620587425935705e-01 7.179698518631082438e-01 1.309234790370434331e-01 6.323888130860109147e-01
2.066840754653646449e-04 -5.483401592297498794e+00 6.677349247999141424e-01 7.103503919459484006e-01 1.353660782810368612e-01 5.752649125802056229e-01
2.063241917767538725e-04 -5.482644336006234909e+00 6.714702740199883779e-01 7.330468938745002827e-01 6.289905619786154145e-02 7.981690294712731060e-01
2.060779619319905089e-04 -5.481338461069879209e+00 6.709341918187481379e-01 7.135346321842446216e-01 1.381566348498031727e-01 5.986338418932853900e-01
2.056021442323085926e-04 -5.481150051571502146e+00 6.650933094540958379e-01 7.425042131967299897e-01 3.750405430965300657e-02 9.553673220205480821e-01
2.052157264418905482e-04 -5.480531264303282413e+00 6.637931078456174028e-01 7.256452030792126529e-01 1.037073372018747497e-01 7.245324190986672797e-01
2.047271841864348554e-04 -5.480414730264373091e+00 6.663594551214253592e-01 7.118848429939790279e-01 1.606519500244163456e-01 5.759909845231142578e-01
2.043230923686932489e-04 -5.479890487144898792e+00 6.754934182781991980e-01 7.328908692616185050e-01 1.198671812139997517e-01 6.060396716535821904e-01
2.040606289772442516e-04 -5.478675863685967151e+00 6.682069635685687903e-01 7.503196926623620922e-01 6.590517951454372136e-02 8.536840058758916605e-01
2.037167550490204845e-04 -5.477862440839127878e+00 6.666805322507616260e-01 7.309701355513842369e-01 4.350807235896478331e-02 7.873467784435614902e-01
2.034996471964978346e-04 -5.476428743040595570e+00 6.698946286710389941e-01 7.255624495384824790e-01 8.129203750673899553e-02 7.229525895479014252e-01
2.035516273968817377e-04 -5.473673344254686768e+00 6.718337163057070960e-01 7.278414322613893095e-01 1.516719873826352649e-01 6.257389940578751419e-01
2.033090358485327616e-04 -5.472365848711437053e+00 6.760881494868317132e-01 7.398940866690637552e-01 7.541686653938470264e-02 6.675332473228753338e-01
2.028543669596631562e-04 -5.472104696798893109e+00 6.737112728175538301e-01 7.116716968121413744e-01 1.652036396503968607e-01 5.132772759286765574e-01
2.026629462308417466e-04 -5.470548778527653866e+00 6.757698536074121520e-01 7.342759549138104802e-01 3.722040814609145487e-02 7.257279377614112015e-01
2.022048061449991340e-04 -5.470311938676614361e+00 6.714687021933589683e-01 7.438310290822095494e-01 2.145736334111131294e-02 7.572147319470905469e-01
2.017000688059482675e-04 -5.470311228153360794e+00 6.731522573570825063e-01 7.552932132973003698e-01 5.181153017667368410e-02 9.527915433213536289e-01
2.012479276478592639e-04 -5.470055395399890941e+00 6.672222747178365720e-01 7.315588368081340498e-01 3.691902465021557056e-02 7.793708742620090169e-01
2.009588393581259683e-04 -5.468992906467480708e+00 2.871083205712962605e-01 5.552216658900588353e-01 5.982181468414007330e-01 4.625369026603081690e-01
2.006885665247614022e-04 -5.467838728052282882e+00 6.684296840229057013e-01 7.561858333988097369e-01 3.943400427509713424e-02 9.541855158945584670e-01
2.002009993152144144e-04 -5.467771155790453363e+00 6.792800615722566215e-01 7.547658043652699655e-01 1.016551551565494926e-02 9.386639002223968742e-01
1.997089461263640959e-04 -5.467731976996662802e+00 6.756788233059585203e-01 7.337594265001894378e-01 1.198074463678029111e-01 6.915004786810907689e-01
1.993388253822591706e-04 -5.467086997255723446e+00 6.721686748119850563e-01 7.399911209369325338e-01 1.158972701159451391e-01 7.053371788540417908e-01
1.989237369666427063e-04 -5.466671494294404354e+00 6.695462273863077574e-01 7.234475944830329741e-01 1.452497840174946098e-01 5.591055367108103136e-01
1.985034567838184726e-04 -5.466286499739940297e+00 6.746871141721428877e-01 7.117011237921745392e-01 1.593277951343071153e-01 5.397247156800145662e-01
1.981438194256342970e-04 -5.465599886485828840e+00 6.712610034180891416e-01 7.265930762447768698e-01 5.896744671101386559e-02 6.794662960130407603e-01
1.978405149247211786e-04 -5.464631788300709836e+00 6.697558756004853286e-01 7.355782316236203489e-01 1.275421211061030236e-01 7.029639737294953727e-01
1.974302548530741219e-04 -5.464207632255473790e+00 6.700151450285867227e-01 7.119022485972634762e-01 1.760803738964591136e-01 5.162758131046364385e-01
1.971730426522585197e-04 -5.463011281965803434e+00 6.649704737576425106e-01 7.365429037356686637e-01 5.822865438581040221e-02 7.250279982738649931e-01
1.969405109862309435e-04 -5.461691305798341389e+00 6.665119831312050769e-01 7.250730591364950017e-01 1.052215044536684574e-01 6.033043759996805644e-01
1.965772123580711219e-04 -5.461037721905280584e+00 6.681709440394674182e-01 7.387171418398706946e-01 2.489797808409680013e-02 7.529205265157135063e-01
1.960892335205768303e-04 -5.461023185554261694e+00 6.664535165620427692e-01 7.099712301687524096e-01 1.481023890415613387e-01 5.432911675516205463e-01
1.958256171351788460e-04 -5.459868459532597917e+00 6.770113138778989237e-01 7.254661415330100338e-01 8.692214562602210148e-02 6.361587379228592631e-01
1.955150065339544764e-04 -5.458955877999595252e+00 6.656241153467142846e-01 7.138952718788603713e-01 1.237249631387177806e-01 5.787805008025017628e-01
1.953238160804552607e-04 -5.457434237659319010e+00 6.740446018041332810e-01 7.369948088546298681e-01 1.238231280423401082e-01 6.666015246828408403e-01
1.948884425857091247e-04 -5.457165708689444727e+00 6.710273679752576381e-01 7.471698441765588505e-01 8.387627856110860258e-02 8.502839948484893773e-01
1.946809929409133559e-04 -5.455730728916838856e+00 6.764070821624725838e-01 7.415496754387311817e-01 9.514040041996046915e-03 7.874166285830854761e-01
1.942794276800607737e-04 -5.455295542621444227e+00 6.733042122198968915e-01 7.440541807824934128e-01 1.275129304062325164e-02 9.317220850343757022e-01
1.939000156007540838e-04 -5.454750371537278042e+00 6.755114249103877366e-01 7.317896296262875744e-01 5.176176092050929767e-02 6.758935617778820681e-01
1.938403185181667039e-04 -5.452558294535256422e+00 6.733959860513752949e-01 7.502714583434247908e-01 7.078584670291521164e-02 8.055672381106361302e-01
1.933692685207907922e-04 -5.452491344983991794e+00 6.779392460346022053e-01 7.287955781101751462e-01 1.117644961468874099e-01 5.948195170425534251e-01
1.932034688209157097e-04 -5.450849138066772070e+00 6.701617835303020909e-01 7.399256086612487904e-01 3.997164798044294809e-03 8.790885378073308720e-01
1.935472474674332865e-04 -5.446571358620833969e+00 6.672065132647360119e-01 7.269172803351998668e-01 7.037618384179725184e-02 6.518836555900768825e-01
1.934710800302551193e-04 -5.444464970151604355e+00 6.701722530202741668e-01 7.112116027154392617e-01 1.463178600859867950e-01 5.770280166566003066e-01
1.938388297884461762e-04 -5.440065974750853073e+00 6.615421676075390334e-01 7.442037614720763417e-01 2.622350021826286293e-02 9.396861839225603141e-01
1.934858897131939016e-04 -5.439388425811516825e+00 6.745302406768325376e-01 7.543759674796074455e-01 5.532102940378799683e-02 8.921327330734090122e-01
1.930965836241746187e-04 -5.438902517227829136e+00 6.677227604900400904e-01 7.444234443724928596e-01 1.675960659258357577e-02 8.035148289170228608e-01
1.928498549293691160e-04 -5.437681081835611607e+00 6.713067072447744810e-01 7.601233958356977682e-01 1.739858773801052083e-02 9.802560073886014136e-01
1.925269777428479951e-04 -5.436856726216356961e+00 6.682532442449570231e-01 7.223752144230490835e-01 1.461794091880082025e-01 5.624260995679566388e-01
1.920851866078755700e-04 -5.436654060363463437e+00 6.744916241427135750e-01 7.303471086608953611e-01 1.421213015996510842e-01 6.095608769240880020e-01
1.918319173629332301e-04 -5.435473456030205597e+00 6.640307546337282929e-01 7.416300988889802381e-01 1.766851251917667120e-02 8.420962576532273758e-01
1.914250896208482091e-04 -5.435096459067197294e+00 6.695542328045460678e-01 7.258733186418797612e-01 1.129864793026856551e-01 5.828588767157273365e-01
1.910835924635555510e-04 -5.434382025063572819e+00 6.681389806604451920e-01 7.216592319163076530e-01 1.496999090460286452e-01 6.320489930217733088e-01
1.911409210068599324e-04 -5.431582051923630416e+00 6.726975927401436239e-01 7.387114819038793634e-01 3.898151824119341913e-02 8.585942319549666468e-01
1.911652085126132393e-04 -5.428954994029917103e+00 6.758679378036519525e-01 7.442115058054814547e-01 4.614996680116167926e-03 8.870640786274300860e-01
1.909375944051623706e-04 -5.427646370448173663e+00 6.685998677721065597e-01 7.396956732750944452e-01 1.116309101877362708e-01 7.269490078417073509e-01
1.906394018148125312e-04 -5.426709319231806994e+00 6.734095194536136031e-01 7.325772514082742326e-01 1.195797531029475780e-01 6.065864282237343197e-01
1.904028269965702617e-04 -5.425451044325519945e+00 6.637131982782661366e-01 7.375684186123845354e-01 7.348460184644844961e-02 8.498743489707462073e-01
1.901371545730939341e-04 -5.424347336329028657e+00 6.638440896332487018e-01 7.426504079109590428e-01 4.263176582860839225e-02 8.157761862658179375e-01
1.896880081181856253e-04 -5.424212354281375603e+00 6.673526898604420499e-01 7.398581693537383819e-01 1.066712350293250733e-01 7.656094115034279834e-01
1.897272431857051291e-04 -5.421505535670243070e+00 6.667454230807450255e-01 7.300026939380627189e-01 7.698595105758021528e-02 7.797972707488504129e-01
1.892828655148244240e-04 -5.421350475102231670e+00 6.778160866666729234e-01 7.304786620620637994e-01 1.210032334248248576e-01 6.448202359773519410e-01
1.893388164930405188e-04 -5.418554924259360916e+00 6.655286734003227345e-01 7.393401237194283659e-01 1.662425339206760611e-02 9.078578516686262034e-01
1.889477951029481541e-04 -5.418122253725272230e+00 6.740438753117840021e-01 7.511880962558454833e-01 5.938750097782088955e-02 9.115948191700669057e-01
1.885768514578159069e-04 -5.417587390401179093e+00 6.657538437833722123e-01 7.184991739074582107e-01 1.401536228678400553e-01 6.334516283935214265e-01
1.882630353045814254e-04 -5.416752905315069810e+00 6.740377208475512028e-01 7.319493725220933555e-01 4.313182442587520926e-02 7.237519169533944696e-01
1.880028121643397617e-04 -5.415636093204596158e+00 6.794985167726930175e-01 7.509522559215793258e-01 1.656578121434709727e-02 8.556630298223640851e-01
1.876604680359738849e-04 -5.414958705321240018e+00 6.723562422585757092e-01 7.161081819932914039e-01 1.350345952631515078e-01 6.071346410751488065e-01
1.874713919193108963e-04 -5.413466756904473876e+00 6.761345746958536962e-01 7.383315287412337558e-01 6.256345153696765693e-02 6.695830439721348615e-01
1.874891939622868177e-04 -5.410871802695099042e+00 6.714127054988647814e-01 7.159436822674830614e-01 1.689136265140717963e-01 5.658658108812645304e-01
1.871648386116633465e-04 -5.410103295771161669e+00 6.622153603283513768e-01 7.322117520680962999e-01 9.618955675346219092e-02 7.520629632752142690e-01
1.868074154644747153e-04 -5.409514791889511010e+00 6.653405688146326602e-01 7.274066645136747500e-01 1.295737731553515681e-01 6.240809580155692871e-01
1.865282487800988575e-04 -5.408510318640071368e+00 6.711826346318632286e-01 7.370565984814549942e-01 4.840095643207956155e-02 6.886069964071447336e-01
1.860717605230479137e-04 -5.408460605671986166e+00 6.659109517969028502e-01 7.231680290516855347e-01 8.755734545653898193e-02 6.326451497878984309e-01
1.857121757280577698e-04 -5.407894981378165156e+00 6.654479836910720536e-01 7.427296408908294900e-01 7.315528396793019583e-02 7.765437565880231041e-01
1.853859600205686169e-04 -5.407153092023788687e+00 6.738311641078552627e-01 7.529134456807486941e-01 5.189909929274991174e-02 8.351595742405970579e-01
1.850160918152252956e-04 -5.406650210163089554e+00 6.708362962230390858e-01 7.310146411615722206e-01 1.001909907825645762e-01 7.483847686665240362e-01
1.858348634631267198e-04 -5.399734565729068514e+00 6.635562159454536646e-01 7.503396260933206108e-01 1.833772130521971189e-02 9.531254959168322660e-01
1.855862726450417785e-04 -5.398573158668662053e+00 6.723087682623740680e-01 7.306741520345496621e-01 7.945905907199560247e-02 6.224570446013316660e-01
1.853954545670711141e-04 -5.397101878310636813e+00 6.716680295017438684e-01 7.506923570323970063e-01 1.413393717150773776e-02 8.268156678397371451e-01
1.849846918520926136e-04 -5.396819939334456251e+00 6.709144900598958960e-01 7.482823159557421278e-01 4.110148070610719628e-03 8.227154587162336385e-01
1.845792719434211603e-04 -5.396513984809795161e+00 6.636382111997218836e-01 7.421560756087397515e-01 5.420408745098082015e-03 9.121281801581790916e-01
1.842809944538600160e-04 -5.395631277761891553e+00 6.670176088202824927e-01 7.401400657979317899e-01 8.913287322347757113e-02 8.315922664382064955e-01
1.838979374740128928e-04 -5.395212098171985993e+00 6.727619434267209098e-01 7.529947322343696348e-01 4.006802255025118664e-02 9.952710780165980875e-01
1.835017746324106287e-04 -5.394868675774466382e+00 6.637060785822602726e-01 7.436898360980128686e-01 6.283816037229725260e-02 9.037650546774912419e-01
1.833304574798563737e-04 -5.393302711281774187e+00 6.646196620429872803e-01 7.460341441584156241e-01 7.683359513440624067e-03 8.856123949206491375e-01
1.828939461561857602e-04 -5.393186558595343350e+00 6.722747113787321815e-01 7.557847437483783404e-01 4.900494074349609486e-02 9.625503663487482431e-01
1.824926930504096236e-04 -5.392882880102583876e+00 6.746662657345878777e-01 7.257244981301667064e-01 1.048669600966168902e-01 5.810555487810327158e-01
1.822731545175889853e-04 -5.391586603317313653e+00 6.758028717340652802e-01 7.164362957966310397e-01 1.480090957475720392e-01 5.634905747369870488e-01
1.818439162667133272e-04 -5.391444298048766903e+00 6.718803167623726980e-01 7.286383174392461193e-01 1.004076028815451826e-01 7.249757698024822394e-01
1.815925439986401939e-04 -5.390327606195531196e+00 6.791811375783842752e-01 7.475810037900350036e-01 4.062327677872076825e-02 8.264883192079572893e-01
1.815160340246525360e-04 -5.388249022707012337e+00 6.685395871046698746e-01 7.328905857036450699e-01 1.313611276603822708e-01 6.862954077368913497e-01
1.810691279907859492e-04 -5.388214133290659014e+00 6.639867135742869575e-01 7.284928792819277410e-01 6.126601596867800592e-02 7.230135585889361227e-01
1.807407581371834921e-04 -5.387529285149970093e+00 6.784421847630012214e-01 7.423281472915714829e-01 2.672284579047087827e-02 7.695109449794945711e-01
1.804389783293793644e-04 -5.386700363826664173e+00 6.680510993830099942e-01 7.546844058745004746e-01 1.075068811262097634e-02 9.276609876200749838e-01
1.801333857900631354e-04 -5.385895405615182874e+00 6.647703287269767225e-01 7.168588306444477753e-01 1.363933866068061107e-01 6.225419544278729678e-01
1.797062081566053052e-04 -5.385769673713059369e+00 6.742960626926698398e-01 7.454661420627259893e-01 7.536269888560268027e-02 7.301603533085733178e-01
1.797272591230975134e-04 -5.383152539564837191e+00 6.659402284220420354e-01 7.261118138382959275e-01 8.353674399099580983e-02 7.356218840157111583e-01
1.794293535875418611e-04 -5.382311457114079545e+00 6.642497129467662687e-01 7.306976059242561439e-01 4.970002660434913455e-02 7.577008300457814816e-01
1.790995651701295555e-04 -5.381651133040730173e+00 6.753352887437081842e-01 7.290227696284375947e-01 7.684793900396058586e-02 7.082335834222722726e-01
1.787752171726284813e-04 -5.380963767528054831e+00 6.723509133675663607e-01 7.381721697566657747e-01 5.622633438220531188e-02 8.432814334260493316e-01
1.785265498431334039e-04 -5.379855685467446413e+00 6.785721205856286575e-01 7.480823365954797355e-01 3.650960905538180867e-03 8.432215584673562470e-01
1.784281269965217040e-04 -5.377907143988610805e+00 6.639566090224366945e-01 7.432642613124650355e-01 7.152028487659597977e-02 8.698816777747665485e-01
1.779830257890254765e-04 -5.377904829234494422e+00 6.778499511767682728e-01 7.520781541994309150e-01 4.387301341306149016e-02 8.711356388602738976e-01
1.780727774553426024e-04 -5.374900685404233158e+00 6.743696247935141441e-01 7.264881416810254899e-01 1.495050946625752220e-01 6.032039905519396283e-01
1.777186882391580149e-04 -5.374391117256756445e+00 6.768262783408366401e-01 7.570319045736273456e-01 2.729127752547266805e-02 9.692801417636162098e-01
1.774091350796759147e-04 -5.373634451445497895e+00 6.773109996877733074e-01 7.217361729915825475e-01 1.215689564162894809e-01 5.899309121912480469e-01
1.770473344944613727e-04 -5.373175890899537066e+00 6.675764577591531967e-01 7.187268776747828269e-01 1.531447620655618236e-01 6.105865324695642915e-01
1.766492990780126494e-04 -5.372926608303639995e+00 6.726296180085421517e-01 7.237415785034674309e-01 1.334254477456346677e-01 5.573176443169763905e-01
1.763956082083378406e-04 -5.371863767759015751e+00 6.766024298242474533e-01 7.271596266840809619e-01 1.089892582647511432e-01 6.635749929378902401e-01
1.759610472493729574e-04 -5.371830366147668734e+00 6.656228544631856980e-01 7.343636006467955113e-01 9.289267870656994774e-02 6.802874063458780318e-01
1.755446301370855759e-04 -5.371699700891781504e+00 6.689343231977151749e-01 7.265645958206987665e-01 1.222184523930718719e-01 6.964495388905339590e-01
1.752388275868857178e-04 -5.370943241648536315e+00 6.719455557028194415e-01 7.144554257540328690e-01 1.720158043076141230e-01 5.350029638927814579e-01
1.749950902438847128e-04 -5.369835096462937329e+00 6.768215748678900745e-01 7.393670676895078842e-01 7.374041062447353467e-02 6.726325440935313482e-01
1.749966523849724764e-04 -5.367326169731830632e+00 6.668667466676223565e-01 7.288912112475980365e-01 1.103420958178544520e-01 7.311789420723541211e-01
1.747300538228531593e-04 -5.366350780858335057e+00 6.755585697089430131e-01 7.160751433955416800e-01 1.406954524791310668e-01 5.554319646000216437e-01
1.744516267017487377e-04 -5.365445521909439464e+00 6.741007710412879605e-01 7.322003748795002931e-01 8.285447277345869832e-02 7.500376141425743048e-01
1.742299200236683350e-04 -5.364217207836273538e+00 6.642089627812053365e-01 7.472995060342306761e-01 4.394717870724998421e-02 9.771047607952147995e-01
1.738518692059406892e-04 -5.363889404015884210e+00 6.652279997979140269e-01 7.409500049920811904e-01 7.471077652256824519e-03 9.184261493552410283e-01
1.736281453408572407e-04 -5.362677097619152455e+00 6.671425534455633910e-01 7.483502836764183153e-01 6.719126465031804996e-02 9.134963116715895115e-01
1.732126368995545338e-04 -5.362573059463040970e+00 6.724485296804307843e-01 7.400948515701351038e-01 9.743141238321492703e-02 7.853936074943039802e-01
1.728504823384188532e-04 -5.362166057377057093e+00 6.685271322153394369e-01 7.308928598049081460e-01 1.215088232913479060e-01 6.202662439243215031e-01
1.725916543405369287e-04 -5.361164589367427347e+00 6.635088094379971713e-01 7.261368419821582210e-01 7.911896124196564350e-02 7.248682024248659372e-01
1.722832480403904091e-04 -5.360453100971068530e+00 6.714126816675758391e-01 7.187244803511954050e-01 1.512137869866869155e-01 5.371708192452866459e-01
1.732828957699832258e-04 -5.352167519623321823e+00 6.738698459141566621e-01 7.358062780875183062e-01 3.638618200924179091e-02 7.075925268823572978e-01
1.730774624029603735e-04 -5.350853760405588133e+00 6.676061693862334057e-01 7.352452717656533521e-01 4.646186965462167917e-02 8.431177658258611762e-01
1.728761259012918635e-04 -5.349517711474204518e+00 6.782222320180431030e-01 7.434978327768180240e-01 2.012407453978753979e-02 8.046268562249817569e-01
1.725007619369050540e-04 -5.349191360756462288e+00 6.788139292003606551e-01 7.341957007070499808e-01 7.693700426023811212e-02 6.863437256939143305e-01
1.722318267300764990e-04 -5.348251615111449198e+00 6.728259318756507623e-01 7.357380197658360821e-01 3.754673102186473210e-02 8.084527334950523114e-01
1.719407541802007501e-04 -5.347443049208267851e+00 6.660362879956833737e-01 7.251657068520431793e-01 1.142872007176900240e-01 7.020653688151392569e-01
1.715391080740964237e-04 -5.347281738216318026e+00 6.654424450975569005e-01 7.510071343402119348e-01 1.577100628626348922e-02 9.199003433519441497e-01
1.714717029971724092e-04 -5.345174758352220223e+00 6.666732007313049824e-01 7.158725717080695050e-01 1.174850917791415150e-01 6.170301173353923696e-01
1.711802079605198959e-04 -5.344376164926346817e+00 6.719412642416690007e-01 7.525976849812360259e-01 5.476469443270881587e-02 8.492948063987912910e-01
1.710817441548434699e-04 -5.342451535970567988e+00 6.689558197481366708e-01 7.328359122938516990e-01 4.430265655210241516e-02 7.991867917053919745e-01
1.709784739586030114e-04 -5.340555348947990666e+00 6.692916107942115111e-01 7.412379025521360632e-01 4.385612782578179880e-03 8.115458357031770653e-01
1.710478636844621828e-04 -5.337649592319484881e+00 6.716809613757550590e-01 7.239281778764690145e-01 1.576886292612587614e-01 5.886614755075934013e-01
1.707154522613705736e-04 -5.337094865626507811e+00 6.747727053204658487e-01 7.447538478485240532e-01 1.113598735443754872e-03 9.053849487732035239e-01
1.704334465860188157e-04 -5.336248136327592206e+00 6.747958470007229259e-01 7.321754766539890769e-01 7.158106260232177664e-02 7.467051696370430314e-01
1.701488044736656732e-04 -5.335419639629598088e+00 6.787103726145806704e-01 7.402627322260291187e-01 7.771672372414112351e-02 7.132221494844318554e-01
1.697519936022317362e-04 -5.335254503530777015e+00 6.726440302942741090e-01 7.270098415141503789e-01 6.562676158711758245e-02 6.872491650534695573e-01
1.697262625876766267e-04 -5.332906095063581375e+00 6.729086162434664287e-01 7.436819507721911249e-01 2.414655450359143307e-02 9.201537081126206497e-01
1.693424689936598047e-04 -5.332669906038621122e+00 6.721701443784334762e-01 7.250459164439151394e-01 1.493546687511370097e-01 5.713333853874091872e-01
1.690612868668500712e-04 -5.331831720877556080e+00 6.668122673190377547e-01 7.273374472299564131e-01 9.149037800333774395e-02 7.394909365358141029e-01
1.690248051856126695e-04 -5.329547533844939622e+00 6.714630882149708047e-01 7.313983548489936259e-01 1.249326710367367615e-01 6.982489999685709270e-01
1.686286850549718278e-04 -5.329393846403922552e+00 6.685825144080448368e-01 7.265800689818896485e-01 6.223076730754917296e-02 6.970230024916730383e-01
1.682180544854602324e-04 -5.329331933074908711e+00 6.672869786523615288e-01 7.333831007553458514e-01 1.174571623565698053e-01 7.298596679292009837e-01
1.679907147769128383e-04 -5.328184305552849054e+00 6.701248972565967410e-01 7.355773557859066614e-01 1.213435929607268871e-01 6.615501870160521714e-01
1.675773725286964740e-04 -5.328147844088849006e+00 6.637182274615869293e-01 7.249649717548392047e-01 8.969098922189616685e-02 6.640450355627559587e-01
1.672724638301661363e-04 -5.327469011368600960e+00 6.664072636909051939e-01 7.124590137897147679e-01 1.511752934617825450e-01 5.682252964887342106e-01
1.670330218097950976e-04 -5.326401485985983619e+00 6.753170435764797030e-01 7.373670273151062826e-01 1.133589096372839278e-01 6.675981969447468689e-01
1.667299314924234601e-04 -5.325717687560707070e+00 6.653701189882672562e-01 7.171363088721049994e-01 1.171908984933814624e-01 6.274072719231196249e-01
1.664209226903540489e-04 -5.325072756438993693e+00 6.789758987512802824e-01 7.471787062172712268e-01 2.233465417935265318e-02 8.346224521936860263e-01
1.660432574771807937e-04 -5.324844672622145225e+00 6.699270955891820645e-01 7.430310669452123706e-01 1.720578179712584088e-02 9.413673713735222215e-01
1.660425720806305147e-04 -5.322348800449885786e+00 6.695411455377717758e-01 7.349471255395519931e-01 3.517570128526222029e-02 8.203651316929846393e-01
1.660387324424976831e-04 -5.319871925137012347e+00 6.639228017512086577e-01 7.184518662807275469e-01 1.221197876065970023e-01 6.280420842675982218e-01
1.657313132144952364e-04 -5.319225132320778648e+00 6.637429871730938791e-01 7.447776704474370346e-01 3.107966870901840428e-03 9.789868692476657586e-01
1.654978380978905036e-04 -5.318134882364501159e+00 6.666058893672708319e-01 7.144496283399970338e-01 1.564772903319526232e-01 5.566426456836579550e-01
1.652597434566765501e-04 -5.317074575333712971e+00 6.717479385832109129e-01 7.376143607894604104e-01 5.433260305626252951e-02 6.857070129477195186e-01
1.649476790535047560e-04 -5.316464687274288892e+00 6.757404801291414520e-01 7.413123515303092770e-01 2.251271034276500216e-02 8.427157567325839205e-01
1.646964548074387634e-04 -5.315488902443910035e+00 6.779136190762420355e-01 7.418089844073539885e-01 5.779891241357617421e-02 7.119915432147276846e-01
1.643104984142149333e-04 -5.315335093407292710e+00 6.680655206203244267e-01 7.539635881446831167e-01 2.125610696834361046e-02 9.154901825803989368e-01
1.641393088306216882e-04 -5.313877502903773475e+00 6.680826457702144783e-01 7.327019047775681360e-01 4.076616372528052423e-02 7.260519191505910852e-01
1.637750614619767669e-04 -5.313599104342786816e+00 6.770245183699805658e-01 7.475918449364269414e-01 2.087814180890801286e-02 7.843862326724285738e-01
1.635536380442036098e-04 -5.312452016274313848e+00 6.691258982417217505e-01 7.439546044194511598e-01 5.993717906791401484e-02 9.095015856043531244e-01
1.635309594409763210e-04 -5.310090687452587055e+00 6.632460565353485160e-01 7.396746034874706055e-01 3.349229387354829557e-02 8.286631827247917803e-01
1.635199252314072679e-04 -5.307658164472771389e+00 6.706003316084800936e-01 7.261255740265190051e-01 1.470108814122436935e-01 6.321248287708827185e-01
1.632643409943391978e-04 -5.306722403119477072e+00 6.750689740857531707e-01 7.442774702294889799e-01 8.072082142905062652e-02 8.076980176313299786e-01
1.630417361815944717e-04 -5.305586796018338269e+00 6.783248830336430224e-01 7.337188040052284865e-01 7.483208408499782138e-02 6.931956869864047688e-01
1.627094266073935661e-04 -5.305127063114434272e+00 6.710896512661566060e-01 7.160350995635167415e-01 1.627155664470663066e-01 5.357170036688496673e-01
1.628046437724132620e-04 -5.302042036681479331e+00 6.730800218881729524e-01 7.369863032250751900e-01 1.113403352769909427e-01 7.307795834840330462e-01
1.630022278716320003e-04 -5.298329145606199830e+00 6.771552771074217381e-01 7.422860467862509859e-01 5.357557501119508681e-02 8.185587679593461230e-01
1.626505933432923553e-04 -5.297988713354997437e+00 6.654440280397477814e-01 7.437935754158087054e-01 1.685686530177615827e-03 8.819136121671147244e-01
1.622514656545810858e-04 -5.297945625390074298e+00 6.748775150340388107e-01 7.545219954534161388e-01 4.661228576241058241e-02 8.806490799640382949e-01
1.619251778190225195e-04 -5.297458651018608577e+00 6.643621219717619208e-01 7.466043103874280273e-01 5.655186439513759655e-02 9.210020224867470073e-01
1.615471091962160919e-04 -5.297296216307117334e+00 6.758228123312243207e-01 7.578225857865458215e-01 6.636656920820327432e-03 9.143478339242334663e-01
1.616299146046658406e-04 -5.294283770160495450e+00 6.745101540711091470e-01 7.377510153571685825e-01 2.321221401062731338e-02 7.789287494654090205e-01
1.612520112263516291e-04 -5.294124585924024018e+00 6.670428962703699449e-01 7.235256853885678741e-01 8.908419533688297087e-02 6.298457159744788036e-01
1.610617272955408715e-04 -5.292805323386783556e+00 6.665622118089983283e-01 7.261368818295816929e-01 1.341400775161041281e-01 6.105084797263781171e-01
1.607033961728345786e-04 -5.292532608102900937e+00 6.744425306636259165e-01 7.218857366218202065e-01 1.476543867835405088e-01 5.558575941495175199e-01
1.603239645870803789e-04 -5.292396467442115338e+00 6.645208598900274044e-01 7.336119409377148681e-01 9.749354195143919433e-02 7.697114135054956563e-01
1.599260472678357907e-04 -5.292381510435345326e+00 6.646491917356912582e-01 7.466184094263124127e-01 4.094584621630018018e-02 8.615364185205323100e-01
1.597483380116306506e-04 -5.290993324723220148e+00 6.666427026529709865e-01 7.390611272392358932e-01 2.191724335922418110e-02 8.922942229326571439e-01
1.593522208025436768e-04 -5.290976036843982655e+00 6.747505582963683191e-01 7.322283167143395222e-01 1.182825653349397904e-01 6.124262499688393202e-01
1.591634227882672396e-04 -5.289661523586540959e+00 6.692984681440315997e-01 7.454189276457610092e-01 4.768619237056864746e-02 9.422665063043563771e-01
1.591094140097068857e-04 -5.287500910256310860e+00 6.706123116187477917e-01 7.338563437051419669e-01 8.889408094306704144e-02 7.776391018185162540e-01
1.587262032446082750e-04 -5.287412288528500426e+00 6.717776243380779722e-01 7.364888074069497748e-01 9.586530857050418186e-02 6.509789661791858251e-01
1.585548324021079762e-04 -5.285992534997161485e+00 6.747091497094436230e-01 7.202217130100497799e-01 1.519692541443541933e-01 5.778746752729333469e-01
1.584993926864193396e-04 -5.283842252565114528e+00 6.635955475060570929e-01 7.412490921136812849e-01 6.857190011491140491e-02 8.110897641105048184e-01
1.584196050792212405e-04 -5.281845773082642026e+00 6.704177502409094380e-01 7.364193455888141671e-01 1.146251104107973151e-01 6.651633078862859705e-01
1.580258861717163629e-04 -5.281834158106608612e+00 6.732923600332026970e-01 7.438888944104258272e-01 9.413511795727744214e-02 7.700216118428185874e-01
1.579554313512610399e-04 -5.279780101064093678e+00 6.763347714188970849e-01 7.249994515135960160e-01 9.811771672515792742e-02 6.134588770735994734e-01
1.576929737970899693e-04 -5.278943075502587234e+00 6.681067000593786664e-01 7.328276677546032847e-01 1.047888057338724616e-01 7.547064121052153851e-01
1.573447431293641867e-04 -5.278653800065658430e+00 6.649508735873848053e-01 7.326409650131766593e-01 4.566931934450643715e-02 7.922609684479062775e-01
1.570057583653938576e-04 -5.278310532081399664e+00 6.749369435863982192e-01 7.557762468365392117e-01 2.522704346985019108e-02 8.810268302490210646e-01
1.568721716172378751e-04 -5.276661734051730335e+00 6.765599385057763371e-01 7.492169262339153368e-01 4.415856586352077950e-02 8.928191340936022513e-01
1.567955817165330357e-04 -5.274650084552617635e+00 6.756656130008350525e-01 7.222580628522956570e-01 1.067338742889971936e-01 6.123619171529492977e-01
1.564437266296600667e-04 -5.274396643177182042e+00 6.705079534427103027e-01 7.325432611634953295e-01 4.754192923884162369e-02 6.946604489556669204e-01
1.560556401350163876e-04 -5.274380403052743027e+00 6.737048694251789316e-01 7.363299054118620512e-01 8.679612074668691113e-02 6.476542915448628701e-01
1.557722619446314167e-04 -5.273697932956288525e+00 6.675552375844843178e-01 7.294096529169817877e-01 8.402607352893085024e-02 6.432542530127098868e-01
1.554371676050741839e-04 -5.273351431129808198e+00 6.664728871109811825e-01 7.405783774729538527e-01 8.384857658566555183e-02 7.432855555644095613e-01
1.551509439368140789e-04 -5.272694539340653463e+00 6.706132622502288809e-01 7.199120769687058496e-01 1.222195078678494778e-01 5.643445933975641537e-01
1.547766651139655277e-04 -5.272609806608652860e+00 6.776588484191280459e-01 7.324557638951015859e-01 1.101261850474060944e-01 6.514706733551395290e-01
1.544834283565010044e-04 -5.272006183487112807e+00 6.653560678191462463e-01 7.394495420484602510e-01 8.403318863452696741e-02 7.480934781739740913e-01
1.541723326284148298e-04 -5.271521994450355741e+00 6.765211174757164159e-01 7.608855969294409105e-01 8.426388303487117315e-03 9.970985948566706281e-01
1.539169509938746944e-04 -5.270679836553981978e+00 6.698772314331962185e-01 7.157986808182090765e-01 1.569298670624598435e-01 5.804484607595812307e-01
1.535529197358107554e-04 -5.270547752651217444e+00 6.780613968139544978e-01 7.505897835935053664e-01 1.195181030095870955e-02 8.350275570109048084e-01
1.531788500883938186e-04 -5.270486820720877930e+00 6.766046508648673186e-01 7.424966581006462452e-01 5.670315196525091417e-02 8.239253770998773430e-01
1.528051482067760056e-04 -5.270429445626133358e+00 6.653543863433937222e-01 7.243882982381802949e-01 8.063567886307995702e-02 6.795833486962062908e-01
1.527059931769822205e-04 -5.268578554740953379e+00 6.657127926590741263e-01 7.196825279016709764e-01 1.235290736739264594e-01 5.919881607543682200e-01
1.523797512837918636e-04 -5.268217245410483862e+00 6.696455720625087427e-01 7.503878179603066245e-01 6.441332582457530431e-02 8.533901784315370831e-01
1.520506303565768145e-04 -5.267879454409902351e+00 6.675580736616185673e-01 7.484309696234645592e-01 6.739527956139357290e-02 8.986200328193085785e-01
1.518444605501627766e-04 -5.266736303166023703e+00 6.766858601080723012e-01 7.500390361172055709e-01 5.361593924173389814e-02 8.608859535304275168e-01
1.517996291250561834e-04 -5.264531592466604515e+00 6.629592101143836347e-01 7.299739293756883907e-01 7.162910349931411735e-02 7.362561168363633834e-01
1.514568191179088989e-04 -5.264292452244891507e+00 6.781427993277135968e-01 7.467003418154128935e-01 5.376395709697193159e-02 7.770143574765274730e-01
1.511482705423663521e-04 -5.263831735079285146e+00 6.631234287420795237e-01 7.423113719612576267e-01 4.416485464184846665e-02 8.452257181022729826e-01
1.508752566540794398e-04 -5.263139633723361577e+00 6.683145858567329789e-01 7.259250134718884251e-01 6.826597598479844375e-02 6.869500855910560810e-01
1.505129221904554263e-04 -5.263044072010078622e+00 6.736595949735177946e-01 7.502215838572686701e-01 4.285726367634212775e-02 9.489150876651176736e-01
1.505272782457376388e-04 -5.260448695676469555e+00 6.727484218228529933e-01 7.327553418936957330e-01 1.291593757605516979e-01 6.706703828198058437e-01
1.502061019934784194e-04 -5.260084649950070634e+00 6.679276946185028763e-01 7.488750858959892787e-01 1.511361242454198339e-03 8.741610774994128530e-01
1.501813952511470694e-04 -5.257749149089439022e+00 6.646538364112709596e-01 7.339300229880741933e-01 5.564135002185977008e-02 8.207888047149354271e-01
1.498651576836931452e-04 -5.257357073219591115e+00 6.657031077142991915e-01 7.268819386101859070e-01 1.332512021571853056e-01 6.515024012920010987e-01
1.495272892532930773e-04 -5.257114101259453776e+00 6.715557551258056757e-01 7.437229237260066794e-01 7.098832962115170231e-02 7.273791256366435309e-01
1.491921621409664017e-04 -5.256857860421176198e+00 6.643694804211504046e-01 7.344120830726103000e-01 7.844757356775329538e-02 7.140069946551887980e-01
1.490919827077489559e-04 -5.255029565161199123e+00 6.759038772613946700e-01 7.479763559531242834e-01 5.202722702472289962e-02 8.788139329238794373e-01
1.489714513512782319e-04 -5.253338328325467543e+00 6.779791673389042872e-01 7.304208342548993427e-01 9.472391914151860604e-02 6.475491373387292082e-01
1.486237467664403413e-04 -5.253175091453741175e+00 6.650139511851091978e-01 7.346627070030351536e-01 9.664088671641934969e-02 7.747717879711214506e-01
1.482694805674627224e-04 -5.253061581508081446e+00 6.663800565665961573e-01 7.440042927234739034e-01 4.733040209340871884e-03 8.593939460493358329e-01
1.480173721420853928e-04 -5.252263368029591817e+00 6.714627954672052201e-01 7.365322061814310040e-01 6.857384182791576022e-02 6.695344936356201204e-01
1.481043985675984168e-04 -5.249175593427206188e+00 6.699040633743675865e-01 7.337675939665834202e-01 1.007462007722724762e-01 7.596958155556413628e-01
1.480010570665704444e-04 -5.247373598163404651e+00 6.721639644571349992e-01 7.204886021595444667e-01 1.399231477866668127e-01 5.521269007983252708e-01
1.478006330005969678e-04 -5.246228722920125875e+00 6.652900373658859889e-01 7.490650495054300695e-01 1.386609487744727698e-02 9.065599728619618825e-01
1.475271036033466037e-04 -5.245581102101366966e+00 6.772966901140576867e-01 7.599085967184591173e-01 3.357631897434994184e-03 9.780465899628509874e-01
1.471623468509217886e-04 -5.245556636519989269e+00 6.688736492899747255e-01 7.440943841634117817e-01 2.743941688349368913e-02 9.537636685725767727e-01
1.469116025161946277e-04 -5.244761951771695685e+00 6.642916648396515189e-01 7.342938943250792994e-01 4.337458961021140036e-02 8.107114806651491978e-01
1.467531748278142899e-04 -5.243340921508436558e+00 6.772533470242578790e-01 7.268463138261255230e-01 1.079321870112450177e-01 6.114897698734453879e-01
1.464500182391115918e-04 -5.242908816428415442e+00 6.716695937335983579e-01 7.195841033713004098e-01 1.412002649808490884e-01 6.148459494105713574e-01
1.462796632268388998e-04 -5.241572723215395690e+00 6.752636936801258427e-01 7.464239244794667050e-01 7.686899101062255601e-02 7.677115867417633188e-01
1.460005917163079755e-04 -5.240982339692163094e+00 6.734311162041322074e-01 7.283474447424131970e-01 8.361446876923352145e-02 7.112574484679208275e-01
1.456423396338833265e-04 -5.240939126564805761e+00 6.735342629040416140e-01 7.184230753480190801e-01 1.545991403827158273e-01 5.501595482331473885e-01
1.455298685211553131e-04 -5.239211666767280562e+00 6.763455119203134469e-01 7.310207109335308262e-01 8.004650735379209570e-02 7.033424851619807239e-01
1.454166273537519196e-04 -5.237490099741917149e+00 6.737142285013540954e-01 7.372029720351025439e-01 1.073659051262976782e-01 6.587581950844236811e-01
1.452239431241066320e-04 -5.236316027898180181e+00 6.668950568831475412e-01 7.242475767377697382e-01 1.437963015596536720e-01 6.195874138784736029e-01
1.449067612498206514e-04 -5.236002504516246603e+00 6.668116982167489049e-01 7.440106460185939019e-01 3.822290223622062943e-02 9.504703059997883230e-01
1.447915662521806869e-04 -5.234297780103127629e+00 6.735627701962640934e-01 7.380947797683132805e-01 2.210702251570462185e-02 8.014124186391254900e-01
1.445338756943448572e-04 -5.233579100295656872e+00 6.630619561629319536e-01 7.284980361781776548e-01 8.962703793493490001e-02 7.273521360165700056e-01
1.441988592450173180e-04 -5.233399700346366146e+00 6.641272523436504427e-01 7.491415337113948025e-01 1.761280672171181699e-02 9.356465700881267944e-01
1.440643378340671532e-04 -5.231833023934524540e+00 6.719156431153919806e-01 7.353280137165749686e-01 9.498029458071349795e-02 7.663896953137518953e-01
1.445053851417053522e-04 -5.226276239968995263e+00 6.741477731226752645e-01 7.489947999912768273e-01 6.660576021804104352e-02 8.605845771062655691e-01
1.443297902910660750e-04 -5.224992122847591958e+00 6.731726605433143718e-01 7.306858303717119751e-01 1.353185171524097785e-01 6.376201489761648133e-01
1.441204367039085994e-04 -5.223943698227499155e+00 6.658795006990044785e-01 7.203776857770890496e-01 1.048735620145271608e-01 6.506802093300323442e-01
1.437893699221414639e-04 -5.223743494344670779e+00 6.721681028177505235e-01 7.297100533673087641e-01 5.815658692832315069e-02 7.198990976006658382e-01
1.435070763453418256e-04 -5.223208667748770573e+00 6.764116612913974036e-01 7.405466651957697266e-01 9.103620698109399223e-02 7.379084804462738845e-01
1.431761663291174029e-04 -5.223017209818404893e+00 6.645080291473841605e-01 7.305512883112681433e-01 1.092797047267499155e-01 6.775084028245882406e-01
1.430841950152200921e-04 -5.221159780914380377e+00 6.777421555371998529e-01 7.521909153760966138e-01 3.508668285946303644e-02 8.743738214612102322e-01
1.427691396603227502e-04 -5.220864096514382879e+00 6.708868396925277144e-01 7.311035589363019671e-01 1.352322313287277755e-01 6.398254817412405426e-01
1.427079721532952298e-04 -5.218792624795161039e+00 6.719622765029312772e-01 7.324421507234707418e-01 9.655769491239399316e-02 6.256119501674637373e-01
1.426694034609784654e-04 -5.216562924376328070e+00 6.701398899505615070e-01 7.424481889437067883e-01 9.761376436486562946e-02 7.582582036927764113e-01
1.423869538816395714e-04 -5.216044635462568912e+00 6.695536413641637319e-01 7.426896436453448436e-01 6.605757472266179930e-02 8.795910796399226683e-01
1.420341437588362179e-04 -5.216025536539801166e+00 6.686253406729875115e-01 7.482676107465452420e-01 5.588726169442251313e-02 8.191978225771410216e-01
1.417104572273249544e-04 -5.215807071912077930e+00 6.717693858985968047e-01 7.475861875627447528e-01 2.837459226362346043e-02 9.693633485102555181e-01
1.416763285172818222e-04 -5.213547935014561041e+00 6.626423464193118562e-01 7.376641486610684417e-01 6.304314302668673209e-02 8.176610397062922253e-01
1.413929660681201989e-04 -5.213050006939925929e+00 6.698430887452163640e-01 7.400145593969630342e-01 8.790266309259905930e-02 8.147074587182990824e-01
1.410723868793759006e-04 -5.212819873477842592e+00 6.737500010234240833e-01 7.468018004146248501e-01 7.951558444937123493e-02 8.085984947005023793e-01
1.408547378332967830e-04 -5.211863883047972656e+00 6.690634898179544932e-01 7.179395051748982404e-01 1.225620004543810232e-01 5.741629203993067199e-01
1.405346225456040635e-04 -5.211639132015158715e+00 6.767782470663105121e-01 7.257552143847127990e-01 1.156905248137235775e-01 6.240130193696411531e-01
1.402802776290127480e-04 -5.210950609867540884e+00 6.712774695157399663e-01 7.443823696019500336e-01 8.393360417980111343e-03 8.007479298023310044e-01
1.406260524044147700e-04 -5.205988757548320578e+00 6.657660227273642928e-01 7.411568932190777392e-01 1.866104045899198011e-02 9.191342758146241465e-01
1.403030399427620850e-04 -5.205788359923418263e+00 6.708698552646821245e-01 7.228512530628672383e-01 8.819915484220894331e-02 6.542938626988442641e-01
1.403069506647692990e-04 -5.203260486917193894e+00 6.674104144160887264e-01 7.428310895768058808e-01 2.728032873587962759e-02 9.416196376566408066e-01
1.400677661285005236e-04 -5.202466664970816446e+00 6.746680494565798769e-01 7.274727275471292165e-01 1.376760673771396659e-01 6.158600196560067852e-01
1.397192367383807521e-04 -5.202458057114316858e+00 6.668384240558465903e-01 7.175975506295347861e-01 1.211491675257845846e-01 5.944949062181923427e-01
1.396092821995231737e-04 -5.200745334725317193e+00 6.657502325564395029e-01 7.369580794374361865e-01 2.791478287542209502e-02 8.053634675864702608e-01
1.393553517822568311e-04 -5.200065855726672126e+00 6.759774211263949173e-01 7.513719193888421799e-01 1.023725424591756528e-02 9.735515719537857215e-01
1.391155278902098829e-04 -5.199288290414431302e+00 6.696033034489987656e-01 7.381962548808733704e-01 1.075780276653271472e-01 7.496566483214114340e-01
1.389526611869142136e-04 -5.197959706119769763e+00 6.770290156841688445e-01 7.378062353389198691e-01 9.655786723979278841e-02 6.913796993430549875e-01
1.387858688466916891e-04 -5.196660780815835601e+00 6.708572087330502143e-01 7.187035666129827360e-01 1.475647687251646079e-01 5.519156237647971919e-01
1.387326108693629325e-04 -5.194544596538935188e+00 6.717074666114062342e-01 7.382915688076536753e-01 8.219377625033635892e-02 8.053867975572053250e-01
1.384609872146401401e-04 -5.194004409056535820e+00 6.779653671195803311e-01 7.487460383559245702e-01 1.085457052617419538e-02 8.371590654378514573e-01
1.385054780692046962e-04 -5.191183136552288246e+00 6.759326854924412320e-01 7.336909205869145412e-01 5.575397182329667328e-02 7.230885275438170279e-01
1.387288162831419006e-04 -5.187071948710085145e+00 6.756336487342635699e-01 7.456598444366622225e-01 7.133163644872742015e-02 7.512591499139642526e-01
1.384703982652245313e-04 -5.186436442397059920e+00 6.769932326482036578e-01 7.430268370750352513e-01 6.021868826939794084e-02 8.069232236966301652e-01
1.381362047464322585e-04 -5.186352824925630323e+00 6.652009329884237543e-01 7.239312159383974876e-01 1.293459540633150884e-01 6.477102744228275810e-01
1.379008694224423696e-04 -5.185557924733082302e+00 6.783493565929469282e-01 7.453524927995066607e-01 4.558962502224845476e-02 7.974570878582545319e-01
1.376264164903062053e-04 -5.185050126862893904e+00 6.642120038219717637e-01 7.284638677367992754e-01 1.133604934022813121e-01 6.794138945338233926e-01
1.374631469249496863e-04 -5.183737155425525600e+00 6.670482822403621670e-01 7.445598615857942359e-01 7.730536171597718331e-03 8.497498029899039906e-01
1.371235947049414693e-04 -5.183710343978401802e+00 6.672161386470401023e-01 7.424701588977913325e-01 2.577483712798719906e-02 9.364073853669494518e-01
1.368433847029877453e-04 -5.183255919691712066e+00 6.744055437192487679e-01 7.552721622065313722e-01 9.526780389173761243e-03 8.845139249877854715e-01
1.366138222923390661e-04 -5.182434884141742693e+00 6.775365314833168284e-01 7.437024899515574106e-01 3.680042776243896974e-02 8.249399614411463411e-01
1.363076782450919336e-04 -5.182178343708314650e+00 6.772504896810163100e-01 7.385424438129658542e-01 5.457582785198560049e-02 7.665996365080356423e-01
1.360193309141388641e-04 -5.181795999533936659e+00 6.649349133132530509e-01 7.312092651869324111e-01 1.123719707954652369e-01 6.889877619042016343e-01
1.357076125349024321e-04 -5.181590350708843218e+00 6.737910832590701116e-01 7.262869978691371964e-01 1.212467929125705390e-01 6.592778609588566541e-01
1.353797350948421265e-04 -5.181509331917723671e+00 6.628733210612182125e-01 7.395711993248358374e-01 4.923645690588668300e-02 8.590358405115389173e-01
1.351931239698388751e-04 -5.180388710139450126e+00 6.697528524455004240e-01 7.200503405498427378e-01 1.061054065467844088e-01 6.007293924261954965e-01
1.348580920950833112e-04 -5.180369958337665892e+00 6.759439173760496411e-01 7.417879669075770899e-01 5.602267528141191555e-02 7.117515095139945736e-01
1.345240191408523568e-04 -5.180350250172652160e+00 6.721311905431724965e-01 7.182372360725212124e-01 1.487996729952649200e-01 5.869823941553244939e-01
1.342240580800196155e-04 -5.180082535430247326e+00 6.718666225357972088e-01 7.291282969351928767e-01 6.077881427350989574e-02 7.074363944307316965e-01
1.341952092510034723e-04 -5.177797488920094615e+00 6.714349478363196289e-01 7.470257106499494926e-01 7.936124492622910476e-02 8.267621828223685743e-01
1.341382675423726239e-04 -5.175721898950225608e+00 6.682666248851157897e-01 7.254946742918378932e-01 9.240617304848192104e-02 7.064465329601578025e-01
1.342542531333185791e-04 -5.172357600661481314e+00 6.773970760749289388e-01 7.354887726987265895e-01 9.419185988053407899e-02 6.663244953730804720e-01
1.339444847330087136e-04 -5.172167593173150557e+00 6.782734867416243540e-01 7.441057228573971782e-01 4.776167693751706689e-02 7.877843142635880813e-01
1.337027390316610647e-04 -5.171474043945833543e+00 6.710890862229422771e-01 7.296963189542039485e-01 1.358346594016325848e-01 6.476891208722608262e-01
1.335632542833805746e-04 -5.170017833761468395e+00 6.658736672395184630e-01 7.287629697654073313e-01 6.738107993355962888e-02 7.001656729643864763e-01
1.333498066311480522e-04 -5.169117213701903246e+00 6.708443812439733867e-01 7.207087914876759704e-01 1.538224068319853366e-01 5.711228308470110981e-01
1.330583001639752986e-04 -5.168805634970454754e+00 6.756012661629553495e-01 7.425001253879557339e-01 8.471658376905855103e-02 7.202318948847588054e-01
1.329336446242930275e-04 -5.167242923119595766e+00 6.778283862763000434e-01 7.351706451899675532e-01 7.521365771805636757e-02 6.982308522817429752e-01
1.326631948394516882e-04 -5.166779467521717351e+00 6.749734340062378823e-01 7.504590174463509067e-01 2.284514316803087919e-02 9.627021690860712022e-01
1.324143459569223399e-04 -5.166157023461657616e+00 6.723257188199421863e-01 7.364729777699451363e-01 2.834708458001349712e-02 7.855106511843348294e-01
1.321041885544859296e-04 -5.166002095765556135e+00 6.702589066283052288e-01 7.151625979165905367e-01 1.421896730551742705e-01 5.587050345460088385e-01
1.318093514079505201e-04 -5.165736443190381166e+00 6.634917162058152629e-01 7.418879829537835535e-01 3.037360385666393325e-02 8.658696213693255483e-01
1.316113868538107965e-04 -5.164739472850946811e+00 6.752868176907720343e-01 7.328296304532933014e-01 8.335637303327145253e-02 6.387961318748900386e-01
1.315975823576838390e-04 -5.162344366663505824e+00 6.681519718184627532e-01 7.209493118437961812e-01 1.315156968154980455e-01 5.783839889867932182e-01
1.313761631491328183e-04 -5.161528331429248162e+00 6.699893761934901937e-01 7.420646201994953728e-01 1.809841960301489250e-02 9.125333061540599200e-01
1.310555851990538861e-04 -5.161471466541941666e+00 6.632004415942038822e-01 7.435682938750003412e-01 4.303127799089762062e-02 8.853306965766261083e-01
1.308957881572425002e-04 -5.160191517878844003e+00 6.738969859073578039e-01 7.210659340504873560e-01 1.293853214757426373e-01 6.135351136843641973e-01
1.306396727994174904e-04 -5.159650070181909243e+00 6.682464607357011532e-01 7.401994326182821382e-01 5.222380365533546565e-02 8.820859561271207072e-01
1.303313568776162136e-04 -5.159512907663347470e+00 6.770162207023882051e-01 7.353511979589972825e-01 9.114796742947051111e-02 7.077705243524125001e-01
1.301385154606143435e-04 -5.158493627490982725e+00 6.655079483619693592e-01 7.417945802456809012e-01 7.774795639303905270e-02 8.365886864368871079e-01
1.298168853192447725e-04 -5.158468131229093423e+00 6.761787287597053053e-01 7.387503459008036844e-01 5.902915662849994582e-02 6.934214407183338924e-01
1.298593695977297183e-04 -5.155640921651324149e+00 6.633840856295830646e-01 7.384728940267437647e-01 4.129842551889589125e-02 8.527591455237847340e-01
1.295473006038961163e-04 -5.155546944165217305e+00 6.678504151707042036e-01 7.372585389844608095e-01 4.458560555445415657e-02 7.344676368549909462e-01
1.292279194899935727e-04 -5.155515351116649825e+00 6.676991224689335924e-01 7.506479332266431381e-01 5.580148902139242528e-02 9.201728615960722557e-01
1.290167343776510293e-04 -5.154650894437732944e+00 6.709990010727409082e-01 7.401962280348987067e-01 4.612790574138594946e-02 8.704389313691045515e-01
1.287120876528147586e-04 -5.154514982895698871e+00 6.726613546834043778e-01 7.211545477893943623e-01 1.341468677866230752e-01 5.635038473585035623e-01
1.284846127635032125e-04 -5.153783862109590608e+00 6.713025997609011197e-01 7.369917366956161286e-01 7.419702828789631610e-02 8.084880277484056688e-01
1.283668041296146857e-04 -5.152201191229869082e+00 6.727784730987735884e-01 7.372668313561956399e-01 7.867360175399362721e-02 7.929813363996019993e-01
1.281801006123695736e-04 -5.151156703237654177e+00 6.727088370602034573e-01 7.435286645284573392e-01 8.912825632355697580e-02 7.885252545579443106e-01
1.280752624950754360e-04 -5.149474934878719878e+00 6.752946286886288840e-01 7.386851197931514346e-01 9.095054651358330799e-02 6.758528144522273351e-01
1.278190478223142413e-04 -5.148977439413204849e+00 6.644727132123343649e-01 7.489204465573648939e-01 2.966769850829298338e-02 9.259083003269004131e-01
1.276802734231744527e-04 -5.147563739072322342e+00 6.689177306139492130e-01 7.409598053087360636e-01 5.741923279471955466e-03 8.624958554692561119e-01
1.275049822928784032e-04 -5.146437573601863491e+00 6.759328169989647916e-01 7.470376774385608654e-01 6.067337513106196151e-02 8.397175940282970430e-01
1.273002986178414775e-04 -5.145544162902776719e+00 6.653029754432651099e-01 7.452995612998501995e-01 1.848164292763271321e-03 9.116368609825301617e-01
1.271816135422762571e-04 -5.143976921409366021e+00 6.688098617986399930e-01 7.492925813783453126e-01 6.518026139242746875e-02 8.821288261399075070e-01
1.269336459029977526e-04 -5.143428537526595790e+00 6.750885375993604942e-01 7.252278469854918086e-01 1.116699666127547730e-01 6.449128013818202776e-01
1.266954513248887766e-04 -5.142806828706439681e+00 6.726076353951472298e-01 7.455630628290337292e-01 1.675725279876993934e-02 9.391703130592299331e-01
1.264700644077344359e-04 -5.142087379079180565e+00 6.779335027554643789e-01 7.379937539346991260e-01 7.187286817278065731e-02 7.133827266544719992e-01
1.262655665380845371e-04 -5.141205654377466239e+00 6.716609621242431993e-01 7.211562907487908403e-01 1.015676101977461276e-01 6.203897788772055888e-01
1.262836283714088446e-04 -5.138562618218815103e+00 6.728947729698773195e-01 7.375825058787534028e-01 2.503866839298291014e-02 7.829190206906131433e-01
1.260435814607273309e-04 -5.137965282487627405e+00 6.760621480371160619e-01 7.541736359723812955e-01 3.644121464329903859e-02 8.904890251885096975e-01
1.260424631442411494e-04 -5.135474154985811168e+00 6.732281428712367788e-01 7.313414186785004434e-01 6.536267291899966470e-02 7.366166803641173155e-01
1.257658307994561264e-04 -5.135171322138172734e+00 6.710876207420195527e-01 7.485524855930237864e-01 3.353322798059982235e-02 9.729562795697732636e-01
1.256760431463519367e-04 -5.133385504350642670e+00 6.655269953334065347e-01 7.499115422868480874e-01 4.310041172339752064e-02 9.261437540618435715e-01
1.256036563803859807e-04 -5.131461649324583263e+00 6.677672640665099912e-01 7.391709991086897746e-01 3.947714651535413899e-02 8.793954615357939542e-01
1.252966216418247415e-04 -5.131409114861455123e+00 6.668786395836455716e-01 7.362613864185615364e-01 6.460334852014326668e-02 8.313977549896519603e-01
1.249842364899730798e-04 -5.131405392973972468e+00 6.692892403735951623e-01 7.379937513337748722e-01 5.677218769985699354e-02 7.099424903356702510e-01
1.247553677456037381e-04 -5.130738252516946929e+00 6.651955439134802361e-01 7.254067979156382240e-01 1.022044063829315730e-01 6.461761484948667089e-01
1.244614494305319339e-04 -5.130596989416591924e+00 6.659000423764346310e-01 7.433633076903457537e-01 3.791335393391073033e-02 9.363860093371401128e-01
1.243226322513295041e-04 -5.129212954655773871e+00 6.651964463058733790e-01 7.383819618662288420e-01 7.403654769777512357e-02 8.329215937135030501e-01
1.240802622513273619e-04 -5.128664381811248063e+00 6.704460840665839028e-01 7.420435094060725545e-01 6.003627429207719635e-02 7.290071191236013881e-01
1.238074395554565155e-04 -5.128365562459092253e+00 6.694913864724384434e-01 7.329784426872499870e-01 1.068709848717315503e-01 7.373033154109708276e-01
1.235452174843113188e-04 -5.127985791710034214e+00 6.701022773860487725e-01 7.257285138404210301e-01 7.727016625757381074e-02 6.822069532034523709e-01
1.232374380023358433e-04 -5.127980129417402111e+00 6.744697010050656472e-01 7.484492110068201587e-01 4.849557553531494425e-02 9.021213542770224469e-01
1.230416413776527058e-04 -5.127070168379925796e+00 6.725184564619476335e-01 7.372691649922539225e-01 5.004893009980987406e-02 8.187010346458972743e-01
1.227607991763576020e-04 -5.126855274442085886e+00 6.708393943614959776e-01 7.340146378311410702e-01 1.225845636177288200e-01 6.823198154855564246e-01
1.225099428153476324e-04 -5.126400821713184008e+00 6.727827129069093859e-01 7.397038031779716860e-01 8.805087751798237883e-02 7.874257493602665470e-01
1.223416226220431558e-04 -5.125275697299691124e+00 6.657140076412285667e-01 7.507899653379060956e-01 2.695347809399716715e-02 9.253795962114195195e-01
1.222920093038502799e-04 -5.123181310530237731e+00 6.649931147782514040e-01 7.320144805039755509e-01 8.204109600630757337e-02 6.968166341258318353e-01
1.220359507534736639e-04 -5.122777334612480082e+00 6.731404780117252740e-01 7.234266629670584869e-01 1.170378060965984457e-01 5.824494721260609076e-01
1.218322367877543297e-04 -5.121948024136660393e+00 6.749729271347728599e-01 7.362266022615842065e-01 7.442800013050668295e-02 7.652581465935373028e-01
1.216245278796874714e-04 -5.121154355515434631e+00 6.668373808444015838e-01 7.353441795447471785e-01 5.257932422131687822e-02 8.273004568979692719e-01
1.215631597867053665e-04 -5.119159052894432627e+00 6.645123902966825202e-01 7.391319829531872720e-01 5.226923100213100304e-02 7.861699924383176441e-01
1.214545245198582176e-04 -5.117553105312005357e+00 6.779891169025495934e-01 7.491924671586904783e-01 1.729674078683662852e-02 8.634936042941294687e-01
1.214167937647386077e-04 -5.115363811044486120e+00 6.677951791430190021e-01 7.433063985381186400e-01 2.175026295124338899e-02 9.418485840271184628e-01
1.211238600921874523e-04 -5.115279355080741830e+00 6.704310268643610682e-01 7.403889027521753929e-01 1.271873510972265642e-02 8.040588464647180356e-01
1.208909844378354518e-04 -5.114703829810192559e+00 6.762235566144809695e-01 7.540086357530521033e-01 1.295708673758749763e-02 9.837494132173532080e-01
1.206362925112885353e-04 -5.114312842292498829e+00 6.770506400182862983e-01 7.434406995940219254e-01 2.323162099932588043e-02 8.046057557883139477e-01
1.205614786608061138e-04 -5.112433195063736946e+00 6.684948966888406563e-01 7.419573254884499480e-01 6.526463444002193748e-02 8.734245635661685991e-01
1.205863006724744809e-04 -5.109727329500103998e+00 6.729004715985007490e-01 7.249660113272045070e-01 1.074845836665433985e-01 5.950505529788470138e-01
1.203408284826992499e-04 -5.109265059958904232e+00 6.673377824855207807e-01 7.431851770309741978e-01 6.164247908441630730e-02 8.918179882088568267e-01
1.200963458915435805e-04 -5.108798711169884044e+00 6.739562725086478689e-01 7.405078762790260338e-01 9.177583127847105393e-02 7.648351932541608278e-01
1.198675941892268700e-04 -5.108205262391965817e+00 6.710285710532044590e-01 7.531002090796948822e-01 1.498149095128929048e-02 8.791254367055784114e-01
1.196843064995296559e-04 -5.107235517213048581e+00 6.682788276264849392e-01 7.253178428672341083e-01 9.480083430634089758e-02 6.265882932940809447e-01
1.194493923247387371e-04 -5.106700227762097200e+00 6.699256771716340930e-01 7.194595997468292703e-01 1.181067483460631062e-01 5.872932416416316581e-01
1.192648725430035903e-04 -5.105746174910143154e+00 6.722353042232851461e-01 7.530892699168745263e-01 4.740735163371140315e-02 8.754230519941843536e-01
1.193270788656253793e-04 -5.102724729625299993e+00 6.678875291363923772e-01 7.442276247907875231e-01 4.709303054696486329e-02 7.857000028046653428e-01
1.191616470462853730e-04 -5.101612064353528986e+00 6.763535740814461406e-01 7.364438147425570458e-01 5.021811497677519665e-02 7.260223526817999318e-01
1.188929885023875421e-04 -5.101369181988199664e+00 6.742184996178890444e-01 7.489933240420110216e-01 3.114593072189859868e-02 9.418729277217997575e-01
1.187422261756977546e-04 -5.100138037255476320e+00 6.700495162818143058e-01 7.397756384896477799e-01 6.626912978023703771e-02 8.466465844227817339e-01
1.189057984376011107e-04 -5.096261444388774819e+00 6.714031808564918657e-01 7.457659468874747732e-01 1.897098247061530796e-03 8.299336904118465030e-01
1.186332222890230047e-04 -5.096056446425773601e+00 6.672270407267560932e-01 7.410829180627063195e-01 4.735179583379721391e-02 8.956817606126037390e-01
1.186166958559569664e-04 -5.093695763085791306e+00 6.706276400511537172e-01 7.351582422399447481e-01 4.589542470534321850e-02 7.118947424948492975e-01
1.183490454251928241e-04 -5.093454744009663138e+00 6.773253644356342917e-01 7.408765497377856057e-01 5.218703224481069380e-02 7.313771760712440839e-01
1.181144965222296912e-04 -5.092938550713676626e+00 6.666353978446079021e-01 7.235549981819028309e-01 1.195295234013358798e-01 6.126547707047336200e-01
1.178532834022366128e-04 -5.092652524390722135e+00 6.735590645166219526e-01 7.461102438191433706e-01 7.512136565829263812e-02 8.223839724696974107e-01
1.176582970051709361e-04 -5.091808378776143229e+00 6.678434253406646537e-01 7.402240957420411771e-01 2.629215765472593669e-02 7.869641126369496531e-01
1.173813941056054430e-04 -5.091664602326012812e+00 6.705477891936516555e-01 7.494582265055479420e-01 1.256190207179807422e-02 8.438029610679728121e-01
1.171479636280169486e-04 -5.091155232044412671e+00 6.737315460871557971e-01 7.215811109049319327e-01 1.180253091831625079e-01 6.157716341624215328e-01
1.169104728854102905e-04 -5.090684561366161098e+00 6.758754513759668292e-01 7.341836568490437420e-01 5.796676353642024604e-02 7.138259953711557637e-01
1.172612694207702947e-04 -5.085188497073237279e+00 6.658155546255194457e-01 7.453070084145420049e-01 5.678153273959662267e-02 9.087362455742615808e-01
1.170250225391309876e-04 -5.084705234456680323e+00 6.657692503283307861e-01 7.417189296891720796e-01 7.872930425575769275e-02 8.077819982239891061e-01
1.168975350232660224e-04 -5.083295232187689194e+00 6.642652183887609585e-01 7.294612172873317091e-01 7.993755411256439625e-02 7.242093042548763959e-01
1.167331273973194414e-04 -5.082202647219446590e+00 6.739964165747863722e-01 7.375067846604271837e-01 1.073328620030897795e-01 6.951269024370294591e-01
1.164580989738296630e-04 -5.082061471393857666e+00 6.683116230813377356e-01 7.496458991878773848e-01 5.960600418907979758e-02 8.897520310841373625e-01
1.163019396857453773e-04 -5.080903276562934501e+00 6.726607633834682520e-01 7.412860090460179352e-01 9.088602834083849002e-02 7.790769046200054504e-01
1.160961825626129706e-04 -5.080174006678169540e+00 6.658063832375580304e-01 7.401921446049556375e-01 3.920908979957554719e-02 7.914817861612301053e-01
1.158404651417384149e-04 -5.079879070233416449e+00 6.686331639631167834e-01 7.197507459955541087e-01 1.118403536012373134e-01 6.180481661395116344e-01
1.155532887869391826e-04 -5.079861215903866523e+00 6.742364877112971833e-01 7.358916289032442215e-01 5.602285285321811220e-02 6.884459705039492894e-01
1.153228090158896040e-04 -5.079357783325145093e+00 6.737545187035954841e-01 7.592294696106334229e-01 2.056508945221591222e-02 9.949879684387330503e-01
1.150829261921599748e-04 -5.078940048423166154e+00 6.673680689245843345e-01 7.221250588505293555e-01 1.344134673520265277e-01 5.996918163751585595e-01
1.148029873126961339e-04 -5.078875508809294281e+00 6.751613163350164148e-01 7.286161458642755884e-01 9.972003120350841909e-02 6.179458343867547665e-01
1.145253318335541704e-04 -5.078796976998178003e+00 6.677416903782651403e-01 7.431061716572330278e-01 4.177472536626525984e-02 9.211594494809185463e-01
1.142561887039739946e-04 -5.078649817849218984e+00 6.729438618545175999e-01 7.286828324377890853e-01 7.342933468333973090e-02 6.577322249369759177e-01
1.139910637797950305e-04 -5.078472956818323780e+00 6.713538673232977150e-01 7.360395319298759231e-01 3.502108942224613219e-02 7.956147142305736164e-01
1.137082682303370060e-04 -5.078456896427322675e+00 6.724795567690692311e-01 7.186235120726045533e-01 1.365991663510102150e-01 5.737054816503819321e-01
1.134585861793576680e-04 -5.078155123384076042e+00 6.644774575823733098e-01 7.418432254786676561e-01 6.487314908965680083e-02 8.269585172951509078e-01
1.131787728461941929e-04 -5.078124385085159176e+00 6.692860540302292272e-01 7.202161515429041927e-01 1.249396599005439118e-01 5.831446250081709914e-01
1.129353582899818054e-04 -5.077777409745921844e+00 6.687318301805614817e-01 7.237917233262334271e-01 8.881580216513940140e-02 6.542579954311189550e-01
1.127596820808253827e-04 -5.076834167434059353e+00 6.736361453771786412e-01 7.443424904516010576e-01 8.204979257303571250e-02 7.938519004072970287e-01
1.126489268328908133e-04 -5.075316873972031573e+00 6.723294469958376318e-01 7.395224669403290818e-01 8.904828987863255829e-02 7.839590062818861949e-01
1.123825245412557092e-04 -5.075184564483398830e+00 6.671271998752019705e-01 7.199414384623611385e-01 1.357177144942203761e-01 6.033080691619366887e-01
1.122015514895773042e-04 -5.074296193357958451e+00 6.652009657552223620e-01 7.469109255771790856e-01 5.041072956148666406e-02 9.194779701918818215e-01
1.119785839094466774e-04 -5.073785376326869212e+00 6.677330172945479259e-01 7.225057457142953776e-01 1.288784444403604512e-01 6.426425568165083924e-01
1.119032688676875701e-04 -5.071958186951450287e+00 6.645609727528060118e-01 7.361564751311154842e-01 8.490694662667261361e-02 7.788693490211415771e-01
1.116426101825767470e-04 -5.071790225496284776e+00 6.749371511241131216e-01 7.288030701430956437e-01 8.034814050957102272e-02 6.588709457858916707e-01
1.114333610646029143e-04 -5.071166260626153388e+00 6.666409622317945871e-01 7.437582957505669556e-01 7.196524909780475932e-02 8.568136825496438513e-01
1.111701014970142653e-04 -5.071031540009451000e+00 6.674976533132842560e-01 7.391901644863122511e-01 9.603281001680108453e-02 7.467287488341906032e-01
1.109581980022786394e-04 -5.070439478435076808e+00 6.754395005325466439e-01 7.392296471718983186e-01 4.172656974230609661e-02 7.268469579051564100e-01
1.107445443071150684e-04 -5.069866867867239613e+00 6.754654425590187472e-01 7.316946425876172944e-01 9.513312214323502158e-02 6.974042827553332824e-01
1.104825004451326576e-04 -5.069735872839746804e+00 6.688194654517269910e-01 7.538464504642586883e-01 2.551108159578523854e-02 9.204424112208097197e-01
1.102450202909911086e-04 -5.069387668365578747e+00 6.744764641311642439e-01 7.364916341845559877e-01 9.649925137693993182e-02 6.612472995757165961e-01
1.099771014116523446e-04 -5.069320839106534748e+00 6.670348087413129345e-01 7.384890167615646428e-01 3.589559145436857501e-02 8.658952625128979452e-01
1.097137492123648618e-04 -5.069218320154867286e+00 6.702805819716202151e-01 7.398205421912060764e-01 3.461352681335563841e-02 7.480118176416856723e-01
1.094613625951890368e-04 -5.069021380266490517e+00 6.686334777183211564e-01 7.422869133851273116e-01 3.791134351472839198e-02 7.708624351081033721e-01
1.092414978899599394e-04 -5.068532005813965569e+00 6.666783216414573499e-01 7.289704863498527310e-01 9.527738781625066933e-02 7.299871439242497928e-01
1.090382820859508794e-04 -5.067893981877370280e+00 6.687212140080533995e-01 7.426627136975887389e-01 5.936345384469549763e-02 8.856578457580925878e-01
1.089462322561222089e-04 -5.066238535772205509e+00 6.693901966001758463e-01 7.363315873526732336e-01 3.522002756117721678e-02 7.502831500264470765e-01
1.087468683286694712e-04 -5.065570141667404158e+00 6.691229679297389099e-01 7.345311366993274582e-01 3.843611690115418533e-02 7.808332675224892716e-01
1.086874948091403280e-04 -5.063616269888798094e+00 6.753487298259596150e-01 7.486249820665605847e-01 2.185027650590134346e-02 8.060267883183678261e-01
1.086495307412009976e-04 -5.061465626545621710e+00 6.701724900160660470e-01 7.528298187937415564e-01 4.252822592306543248e-02 8.896633788425182265e-01
1.083888312547041417e-04 -5.061367963252179081e+00 6.699408391869455803e-01 7.425250606501916373e-01 2.190472107638952171e-03 8.710799317679499554e-01
1.081280573658157708e-04 -5.061276773175891641e+00 6.651921123075452691e-01 7.486047138345635066e-01 2.679896198412501374e-02 9.981080875505886629e-01
1.079304278035655675e-04 -5.060606181701208683e+00 6.751760833350239910e-01 7.312564300800026285e-01 7.885970324920081598e-02 7.049942101944769446e-01
1.076666383075379247e-04 -5.060553243086777897e+00 6.664570910695439832e-01 7.282849672676264818e-01 8.953536737576908711e-02 6.593424033154120512e-01
1.077667795739395662e-04 -5.057123570479817865e+00 6.700095537531600698e-01 7.320643979213804498e-01 1.054707170541382688e-01 6.386099811821179806e-01
1.078006754283868633e-04 -5.054309090219089917e+00 6.770835092761983143e-01 7.362292189276599119e-01 8.381619180851374029e-02 6.888331187839451530e-01
1.078644333956031335e-04 -5.051217821938178254e+00 6.663919958293423873e-01 7.343182549291717987e-01 4.399969649804928717e-02 7.831369350231469628e-01
1.077005180183450997e-04 -5.050238620266246592e+00 6.737347535118626274e-01 7.251000391094577502e-01 1.315465021136421053e-01 6.215456907892499272e-01
1.077244240281228496e-04 -5.047516677443391053e+00 6.679504037351953194e-01 7.369180493679919897e-01 5.931927319359633910e-02 7.181225150076867569e-01
1.075149414279253632e-04 -5.046963186307099392e+00 6.695640021810562725e-01 7.377154147422368968e-01 2.903559591801095630e-02 8.323387950939012958e-01
1.073330263750096224e-04 -5.046156617231762453e+00 6.748329965286514742e-01 7.337454060087255092e-01 9.713354829600262530e-02 6.428242103142880470e-01
1.070945073187298195e-04 -5.045881323644660910e+00 6.702111029741498749e-01 7.316237156822797960e-01 6.219648890263594632e-02 6.824818899269899930e-01
1.070228119898899646e-04 -5.044051006337784138e+00 6.723982760087149346e-01 7.299525847563581582e-01 1.260219528429564750e-01 6.210303469420067612e-01
1.069089613632403986e-04 -5.042615370322741875e+00 6.664009898772011997e-01 7.360181839743570320e-01 9.421111311592558768e-02 7.690587229933999458e-01
1.066514198416366414e-04 -5.042527256319560891e+00 6.664111265699116382e-01 7.392760865084039290e-01 8.836088058993654681e-02 7.868077826052162216e-01
1.064363999882741329e-04 -5.042045390687943218e+00 6.773585637743245735e-01 7.457430952092839460e-01 4.770502190810999021e-02 7.857588783505400354e-01
1.063282280019793867e-04 -5.040562213800287239e+00 6.733230272139321126e-01 7.426479668170975490e-01 8.584770014864002985e-02 7.830488482524645688e-01
1.060656707843714975e-04 -5.040534576263143940e+00 6.717178987692534742e-01 7.388305937714523264e-01 1.038893710137537285e-01 7.099908789796783859e-01
1.058038969227200312e-04 -5.040505662579972679e+00 6.688791564392686517e-01 7.195352681521292038e-01 1.331417083587907169e-01 5.849852314088402894e-01
1.055491556475141257e-04 -5.040416239531325004e+00 6.689045766729269094e-01 7.221566843072796393e-01 1.152178347858843627e-01 6.504741874676958080e-01
1.053609699355042358e-04 -5.039700750933321594e+00 6.662973775981881897e-01 7.332083627241458013e-01 9.203525173867271869e-02 7.616065070992766861e-01
1.051293649990215289e-04 -5.039401374824403312e+00 6.766791333077425419e-01 7.337821864063454047e-01 9.171363841776564163e-02 6.650594525496266174e-01
1.049422576154319020e-04 -5.038682742823945127e+00 6.711139249577842136e-01 7.377735055460131752e-01 1.076627011538041911e-01 7.070986969577072179e-01
1.046916094875334182e-04 -5.038574038188593285e+00 6.642755981562786793e-01 7.416537146159523086e-01 2.933705154885104041e-02 8.694510756082981517e-01
1.044701860025578326e-04 -5.038191284956072380e+00 6.762028678418533501e-01 7.488887649987179262e-01 7.490580581746737743e-03 8.371423232425218020e-01
1.044176409658865274e-04 -5.036194378300881347e+00 6.689866664029933130e-01 7.298005280597373856e-01 6.518867982321130405e-02 7.344430855080396059e-01
1.043703908555851530e-04 -5.034146991515306091e+00 6.765797368821657720e-01 7.409696715174733939e-01 5.084881010545497237e-02 7.922999082340586030e-01
1.041205297711305142e-04 -5.034043846048085413e+00 6.715880035234841339e-01 7.284039615536843648e-01 7.061187060663642878e-02 6.904644824688856986e-01
1.038847715396773040e-04 -5.033810695315131589e+00 6.728288471672346782e-01 7.446454185826369976e-01 6.799503741342527441e-02 7.477349857377076914e-01
1.037721455962540694e-04 -5.032395426380391612e+00 6.650335509373155318e-01 7.417860660382925575e-01 2.177919998730136475e-02 8.678610109922010318e-01
1.035420353648829842e-04 -5.032115345199293266e+00 6.704557849560505156e-01 7.469683404795970372e-01 3.483549303867203295e-02 8.005136493728381986e-01
1.033203963488657897e-04 -5.031758209894371170e+00 6.752465006550832927e-01 7.294640990658527446e-01 1.186142651855161267e-01 6.300498572292662081e-01
1.030798825154148791e-04 -5.031588768202113648e+00 6.751751270400929705e-01 7.321355221227808796e-01 7.741581650818468718e-02 6.571376264761088493e-01
1.028790750149766002e-04 -5.031038744706900268e+00 6.721866993391096834e-01 7.310239343524004285e-01 1.252883271091220219e-01 6.354436875979723176e-01
1.026534222429300274e-04 -5.030734532387413083e+00 6.701879307798727092e-01 7.380840511615271993e-01 4.148566779849943709e-02 7.331861990765302650e-01
1.025028631951435394e-04 -5.029702282444341144e+00 6.734433849731206179e-01 7.259579386818399982e-01 9.057671267145515903e-02 6.539040323529791143e-01
1.023652780207420890e-04 -5.028545440968350100e+00 6.652200691883026762e-01 7.331501822380336320e-01 9.240884271217242318e-02 7.078194311789185456e-01
1.021851490767120056e-04 -5.027806659394024713e+00 6.683685125867858678e-01 7.447715042601273927e-01 6.715158850968626358e-02 7.892135207442326772e-01
1.020079467593621933e-04 -5.027042294588822458e+00 6.739105081277153575e-01 7.461749706972009566e-01 7.407816322230645345e-02 8.033935146752511081e-01
1.020343694776954609e-04 -5.024283302052682032e+00 6.768892211017567551e-01 7.413941073778957946e-01 4.114050972037336384e-02 7.838233925688160575e-01
1.018362921691662532e-04 -5.023726469051368326e+00 6.753576486129860834e-01 7.488944160916455317e-01 3.329086747638460020e-02 8.028975885418895286e-01
1.016001905264934160e-04 -5.023547603840442299e+00 6.731349138526897535e-01 7.341005636727067074e-01 1.165527827347043188e-01 6.728174572851817192e-01
1.013929797260826316e-04 -5.023089158954077149e+00 6.678262656930198382e-01 7.316500930036210493e-01 1.129511932508903138e-01 7.091494583726929424e-01
1.012562450936971086e-04 -5.021938630221558952e+00 6.676243420199097223e-01 7.289132949557568519e-01 1.164728382382928390e-01 6.916552847616734834e-01
1.011226283817745237e-04 -5.020759091483577130e+00 6.682245890404502342e-01 7.355730925728632963e-01 8.524636998301439450e-02 7.871166863235703470e-01
1.010423995298168900e-04 -5.019052788167893908e+00 6.764064764175260480e-01 7.434210820736527614e-01 2.454327737995423697e-02 8.180010091116456383e-01
1.008368508742061301e-04 -5.018589141346632587e+00 6.673286093581207723e-01 7.439091091095259012e-01 7.008371168374941118e-02 7.968257317680307317e-01
1.006044934292813354e-04 -5.018396091280656890e+00 6.762322520654407976e-01 7.359141584554250715e-01 7.025917102781602253e-02 6.848206766949325175e-01
1.004659165049738367e-04 -5.017274483519416073e+00 6.735561713354464297e-01 7.482349055566211993e-01 3.891834184722947620e-02 9.241382583706507781e-01
1.003053779523279727e-04 -5.016373702046091232e+00 6.707240487892749403e-01 7.429240950379673025e-01 1.831251684206977592e-02 9.071871150797199412e-01
1.001225320983622260e-04 -5.015698257365202473e+00 6.707821333353332083e-01 7.461078714956218549e-01 2.479915271237775887e-02 8.010429211685670126e-01
1.000139073644621909e-04 -5.014283764280961009e+00 6.761424600168485233e-01 7.413198298437483347e-01 3.966135185606969177e-02 7.478685407079220804e-01
9.993555425889539667e-05 -5.012567493418729647e+00 6.768983970199630162e-01 7.544780024331056989e-01 1.806176857517619028e-02 9.186821688122688290e-01
9.969090515442633567e-05 -5.012518563559134499e+00 6.675388713340956182e-01 7.461593927019244399e-01 1.060294600534848752e-02 9.799680682258197217e-01
9.950915193418283082e-05 -5.011843395071100993e+00 6.715925608608308561e-01 7.269234299444722325e-01 8.460532869480644202e-02 6.417065573415701163e-01
9.928199793579522482e-05 -5.011628749297400987e+00 6.644506445371978209e-01 7.312012055658303478e-01 8.301203964114506340e-02 7.290300102594833298e-01
9.927143647208542220e-05 -5.009235133392458295e+00 6.729793785553870311e-01 7.311497576996986991e-01 7.261911602110429631e-02 6.596848564177285601e-01
9.907273996699703534e-05 -5.008738686762395531e+00 6.647385665533925847e-01 7.315849088249245513e-01 9.154251093830470531e-02 7.327149640396738439e-01
9.885888645234228362e-05 -5.008399570313326166e+00 6.653103992439439729e-01 7.318778955220323068e-01 6.435837006725404763e-02 7.450908418148016743e-01
9.862549267995207754e-05 -5.008263239602799288e+00 6.674182991588872849e-01 7.364898254341061268e-01 3.604817406662663704e-02 7.779343826026453579e-01
9.843487823771405196e-05 -5.007697819354173241e+00 6.717825500341806366e-01 7.304666728623405714e-01 6.979588293436886359e-02 7.275346269071018002e-01
9.835398794971430452e-05 -5.006019921682650420e+00 6.741164799640878558e-01 7.481294802880114059e-01 2.100036739763783133e-02 9.391239391785539681e-01
9.835696261319257141e-05 -5.003489677677730896e+00 6.707594728342858303e-01 7.481433202251530634e-01 3.870339499150254881e-02 9.526188178104192383e-01
9.811221270007411844e-05 -5.003481163065552906e+00 6.750266471869990070e-01 7.364679623938584774e-01 5.192273944971403932e-02 7.613498104202158778e-01
9.795367873266948961e-05 -5.002598313308220135e+00 6.740642764135175158e-01 7.304495760662611525e-01 1.004105282309860209e-01 6.936198345150702549e-01
9.771788784084560139e-05 -5.002508382487755867e+00 6.719646556341136723e-01 7.377436184407574205e-01 6.032354989979421545e-02 6.973263092459551782e-01
9.752708700176046768e-05 -5.001962859420922669e+00 6.685881243423128506e-01 7.460244679505471099e-01 7.205278431630895986e-02 8.375052778472775739e-01
9.741616571419094909e-05 -5.000600844942291623e+00 6.698658426406718380e-01 7.206952995459776634e-01 1.199933950558562251e-01 6.239032663443806470e-01
9.718846961015109131e-05 -5.000440935223966044e+00 6.647789776270670581e-01 7.463049009067171946e-01 1.134371534734599646e-02 9.328746863300071412e-01
9.700579899351563355e-05 -4.999822254089108853e+00 6.714270110252913426e-01 7.232596409719245223e-01 1.389294268922979803e-01 5.974639336730970252e-01
9.680189908624307481e-05 -4.999426401494218020e+00 6.738081965001954110e-01 7.516869766986253865e-01 5.031252083009660203e-02 8.900689652144139208e-01
9.659553589576753280e-05 -4.999060486352322030e+00 6.757325174872403917e-01 7.358804075555610558e-01 5.642064243627809006e-02 7.349981815990777045e-01
9.639612705579915335e-05 -4.998626989204129067e+00 6.645537073729815836e-01 7.386818433801162209e-01 6.090658468055529934e-02 8.357850950080548680e-01
9.624891470009395175e-05 -4.997655316982699603e+00 6.722436217498332089e-01 7.364954986558766015e-01 9.485761640823678342e-02 6.686209010071937353e-01
9.608714310047788195e-05 -4.996837493893401927e+00 6.650770136993440218e-01 7.383924046353137483e-01 7.699416724731844575e-02 7.747574311074365561e-01
9.597426284335097940e-05 -4.995512954101758218e+00 6.725809530289228455e-01 7.536268773112911878e-01 4.271313650999217226e-02 9.424321132867818918e-01
9.574181669503929097e-05 -4.995437855161418916e+00 6.736727328891034539e-01 7.353199459781593061e-01 1.099849237478896513e-01 6.870687880374239942e-01
9.550999572255990219e-05 -4.995362104982457474e+00 6.661301006129469737e-01 7.303470147116544187e-01 8.631891420345347288e-02 7.418241493412522924e-01
9.534241551359694169e-05 -4.994618229004632148e+00 6.662966792130360361e-01 7.329065538137177205e-01 6.846150057116262566e-02 7.799154369911969198e-01
9.514586587304077285e-05 -4.994181869968556953e+00 6.771372046842211168e-01 7.466012125329449800e-01 2.872734935278917906e-02 8.108559114108698784e-01
9.495425444575664577e-05 -4.993697770767073330e+00 6.768449509208656067e-01 7.372955316394328440e-01 7.148164100002589449e-02 7.208141428206087387e-01
9.472306905524492844e-05 -4.993635442289682480e+00 6.764242498601359399e-01 7.406089750495430390e-01 5.308585565995872779e-02 7.850061310867773035e-01
9.460049032661970185e-05 -4.992430355042791312e+00 6.754775572095882419e-01 7.444627046661889125e-01 1.236841844773034493e-02 8.320058429222918495e-01
9.437831264340012486e-05 -4.992281706433460364e+00 6.768042340891672337e-01 7.398180952752363426e-01 7.299396658420388706e-02 7.347761330908366695e-01
9.423341807895909740e-05 -4.991318138895955769e+00 6.697636592429234703e-01 7.315789756439687874e-01 1.160229616023542576e-01 6.447123814787892870e-01
9.402913833062901913e-05 -4.990988297767679605e+00 6.693854126307009489e-01 7.385843000076911524e-01 3.324261573199874253e-02 7.617632704724341952e-01
9.386016672941762491e-05 -4.990286927516299542e+00 6.743007489524553977e-01 7.309883110733431666e-01 7.029456390273144950e-02 6.881366466002341031e-01
9.365491164476176425e-05 -4.989976139908304020e+00 6.710210287910246540e-01 7.418542688764260262e-01 4.816112785992272827e-02 8.748004057576468373e-01
9.353516369946119073e-05 -4.988755566303271216e+00 6.714292908617893740e-01 7.456027823087877371e-01 1.660410556262997828e-02 9.402219161170597417e-01
9.330620733306002645e-05 -4.988706377702668782e+00 6.738659569028843110e-01 7.469296414979376131e-01 6.041774884166616066e-02 7.789853218287137171e-01
9.309608835641816084e-05 -4.988460846349219047e+00 6.683991929571372337e-01 7.337949930406237886e-01 8.345911576440850910e-02 6.765338516286828474e-01
9.288116445965724434e-05 -4.988272139684126749e+00 6.741166896535438768e-01 7.327728003402300683e-01 9.145754379393514211e-02 7.188282539683478189e-01
9.275274850889613616e-05 -4.987155679676278375e+00 6.706396345320179142e-01 7.406213031338817476e-01 8.726712856506368965e-02 7.208840573851454936e-01
9.261621949742173949e-05 -4.986128731370209621e+00 6.712424673875002634e-01 7.530568767983110146e-01 1.537140096349301488e-02 8.852538168769618077e-01
9.246180455466138602e-05 -4.985297378735344509e+00 6.731100303908904570e-01 7.413595762227114250e-01 7.126382353690230431e-02 8.169895026605916710e-01
9.228948617163243581e-05 -4.984662788522959964e+00 6.747903672510905393e-01 7.267474611646810301e-01 1.183376901805146680e-01 6.208839867663020762e-01
9.218213222663543586e-05 -4.983326696099080522e+00 6.676495881846119529e-01 7.394780075304794309e-01 3.869370613186520758e-02 7.708561077623303781e-01
9.195712604444190646e-05 -4.983270567072533908e+00 6.704602883398823598e-01 7.321358512723333822e-01 8.687106221413318230e-02 6.512698368213246658e-01
9.175161368454154811e-05 -4.983007939621425741e+00 6.766449968417902472e-01 7.518375664709279205e-01 2.908536149470817081e-02 8.945544266514039444e-01
9.153184937388074687e-05 -4.982906021939512264e+00 6.685766210596955084e-01 7.375799499828870065e-01 9.634543031735956498e-02 7.651090425167205167e-01
9.132365515321731449e-05 -4.982683167614355924e+00 6.650221536862993554e-01 7.374089911700667521e-01 4.378563001904446639e-02 8.077777957240305229e-01
9.112362980138331489e-05 -4.982375860501243814e+00 6.760046613841435015e-01 7.428580087059515336e-01 3.593464035299766268e-02 8.267320113017732064e-01
9.101711801311068999e-05 -4.981045415383301034e+00 6.723517331403230379e-01 7.277293681011998139e-01 8.562401101143569948e-02 6.411902669132206745e-01
9.081163837988977098e-05 -4.980805560860473769e+00 6.645812804454704903e-01 7.375356544887261556e-01 6.023500174059784329e-02 7.837646484719769102e-01
9.074674702714098033e-05 -4.979020387172316653e+00 6.674546812118854477e-01 7.364002445906898675e-01 8.902246138173416923e-02 7.065704047531440324e-01
9.056201211018932089e-05 -4.978558181504570967e+00 6.679156535857624366e-01 7.338339675163483289e-01 1.091167400204020310e-01 6.881432835056007224e-01
9.034305917623586398e-05 -4.978478821670261567e+00 6.655248315133408532e-01 7.523900690447575812e-01 1.112556249671596553e-03 9.977231640122032896e-01
9.012408346911483228e-05 -4.978405588242581281e+00 6.764469504784204057e-01 7.565816168505714590e-01 3.701690584836464515e-03 9.958409742941344289e-01
8.995602306131500090e-05 -4.977772095985491418e+00 6.746677341108492376e-01 7.376403365018161518e-01 8.531760496850147868e-02 7.501153683648026371e-01
8.979969335878913738e-05 -4.977011453654353268e+00 6.715523048263395411e-01 7.264673435437472016e-01 8.411007086949932876e-02 6.664772725295478040e-01
8.958859797580687482e-05 -4.976864957094846886e+00 6.723230738660950223e-01 7.361781859199042488e-01 6.237029571740537737e-02 7.913230162434905512e-01
8.946444424465313115e-05 -4.975751738905548116e+00 6.663089792334093708e-01 7.452652725469167683e-01 1.274787307155494931e-02 8.784456833945272214e-01
8.925463298934827050e-05 -4.975599684686606849e+00 6.683090181266511109e-01 7.342470519000059426e-01 9.904309479627387836e-02 7.485147236389601000e-01
8.908130182319798200e-05 -4.975043557870796107e+00 6.756050516417789753e-01 7.379091766181118395e-01 8.938915963740746984e-02 6.924740497430316166e-01
8.909325836598879585e-05 -4.972409346311123635e+00 6.646278822540008235e-01 7.446215703173695299e-01 2.430837873728189380e-02 9.307584698669213452e-01
8.906819468221081762e-05 -4.970190705533497955e+00 6.680299176405324335e-01 7.401822134234601336e-01 8.299277936633744912e-02 7.428233463816265036e-01
8.898447792678259541e-05 -4.968631065039152972e+00 6.763190403663545958e-01 7.497748581629490872e-01 3.963163839555929047e-02 8.322642370035887582e-01
8.877262839555694030e-05 -4.968514650549852085e+00 6.721247589931309552e-01 7.416376138685704111e-01 7.527366422268344515e-02 7.212682509323625757e-01
8.855865129872513117e-05 -4.968427955196970558e+00 6.676498113212828711e-01 7.254663230886692071e-01 9.456927769215991986e-02 6.496855624875752522e-01
8.844833861539500518e-05 -4.967174377133924068e+00 6.694829814385447886e-01 7.302707452060229754e-01 9.604822491896834735e-02 6.420374166420379503e-01
8.823937881105570463e-05 -4.967039679089313431e+00 6.700507585274668720e-01 7.549951750909993375e-01 2.278638359156742732e-02 9.329752939989013338e-01
8.802489817476260171e-05 -4.966973305979759168e+00 6.669933656061791671e-01 7.317023794583555896e-01 7.364674244420671423e-02 7.615693876659127559e-01
8.782833298273020196e-05 -4.966708866539026879e+00 6.692051760600929988e-01 7.529684369427240842e-01 3.781875199967438261e-02 9.162537714856265891e-01
8.767221581766583213e-05 -4.965987974437092944e+00 6.704275287249682469e-01 7.471610857759579671e-01 4.676218755366023938e-02 9.276432538573877729e-01
8.748116558737712789e-05 -4.965669494479974411e+00 6.740002479309737948e-01 7.403011658975979792e-01 9.221350114752922822e-02 7.313212186509652213e-01
8.730794418160168710e-05 -4.965151556894662477e+00 6.662275822707824924e-01 7.396659911672249788e-01 2.636379229718910366e-02 8.469720209954746393e-01
8.711435480451577081e-05 -4.964871335646606099e+00 6.717757643895122532e-01 7.311343438407623685e-01 7.250220563560527687e-02 7.335443311630478469e-01
8.697637462771817211e-05 -4.963956488470533834e+00 6.747686136490704811e-01 7.524412543470846426e-01 3.008807558871620658e-02 9.479414046486905887e-01
8.685106980966664561e-05 -4.962898203732026836e+00 6.758755476912524651e-01 7.377030850377567228e-01 5.188461520729734100e-02 7.509978640362432456e-01
8.667416907463731056e-05 -4.962437109397277446e+00 6.757882389930968126e-01 7.325003896080067856e-01 8.706058193946664137e-02 6.614619607584960592e-01
8.662620040139458271e-05 -4.960490699382264168e+00 6.649180664632103888e-01 7.428736780851556976e-01 2.999568377422710472e-02 9.084208458372833306e-01
8.642779383989628841e-05 -4.960283702202579192e+00 6.753810075046174921e-01 7.507639369595560108e-01 4.271549261313228874e-02 8.416775653563460802e-01
8.624080490092150895e-05 -4.959949573860024330e+00 6.721779156683925782e-01 7.262689195764783223e-01 1.314241301100582127e-01 6.151607260397167209e-01
8.608697017852097791e-05 -4.959234947845068575e+00 6.725508039258050186e-01 7.414321449161408450e-01 8.405608201588106454e-02 7.221327062278942721e-01
8.594064605461125084e-05 -4.958436118417588467e+00 6.705565381684235327e-01 7.350944552637873608e-01 1.048414967827272504e-01 7.297703396935083520e-01
8.573047071169680102e-05 -4.958384700938434975e+00 6.680140260366499438e-01 7.314558095508942870e-01 5.953347884594214351e-02 7.425889822128661777e-01
8.577639307107383165e-05 -4.955349184639418425e+00 6.741376577602539166e-01 7.527958012021063183e-01 1.387189736899139408e-02 8.677117957815307925e-01
8.563316428293168471e-05 -4.954520372917225579e+00 6.723207538558665375e-01 7.521525519866660847e-01 4.217301647786680929e-02 8.654414737574364080e-01
8.545151360886102702e-05 -4.954143891452837067e+00 6.769098799440769199e-01 7.483053693685134400e-01 3.563267786011511951e-02 8.273863609495751836e-01
8.529666072181974954e-05 -4.953457707970674306e+00 6.711960360430789807e-01 7.382182171734550380e-01 6.105806318436798885e-02 7.058986572698029427e-01
8.527996188281732797e-05 -4.951153500791529716e+00 6.693056856046681879e-01 7.455891416570672448e-01 6.633572448392981158e-02 8.708780079466763580e-01
8.506956909566887283e-05 -4.951123632560215704e+00 6.756960413264422316e-01 7.409102538079433975e-01 7.913379728581254602e-02 7.281246497884039659e-01
8.498857531564521473e-05 -4.949576174838366427e+00 6.693894124562291825e-01 7.437315194958837861e-01 4.960221562903043002e-02 8.989416614788875437e-01
8.477986167005088596e-05 -4.949534979954937519e+00 6.688320268440701710e-01 7.242319247174212604e-01 1.206324521218461038e-01 6.509761784789456218e-01
8.462349256154205626e-05 -4.948881096327651719e+00 6.735411700908828792e-01 7.515521120222096174e-01 2.845398070377848712e-02 8.458477010472814639e-01
8.449067990363652353e-05 -4.947951782962295653e+00 6.742118640829789511e-01 7.464271380828780833e-01 5.196403798627180493e-03 9.055306398346296692e-01
8.444174411085808173e-05 -4.946031136445593113e+00 6.735023512528847123e-01 7.366615551915141058e-01 9.184296123068808049e-02 6.725262490322325704e-01
8.433796520903097589e-05 -4.944760892265462005e+00 6.659613910318225027e-01 7.383351184107309617e-01 8.248973260102709926e-02 7.651294937510290106e-01
8.419664488666329450e-05 -4.943937940741254700e+00 6.746805701153321122e-01 7.452963884183115839e-01 4.722892597730339592e-02 7.636766335750883039e-01
8.399054193595234552e-05 -4.943888817740540453e+00 6.675820783834383043e-01 7.279612318372075119e-01 8.737633752948943677e-02 7.109791841786688993e-01
8.382208011596697277e-05 -4.943396555591424324e+00 6.755633451376791276e-01 7.457185847387038935e-01 5.271086012353645711e-02 8.384859664655726075e-01
8.366362024159514630e-05 -4.942788775898157461e+00 6.732029486150304942e-01 7.444044546449620769e-01 4.106343666529801983e-03 8.627499687107461623e-01
8.348407600542942378e-05 -4.942437107095677185e+00 6.658206732196134681e-01 7.466286125935666096e-01 3.932791885757659645e-03 9.353813291277361941e-01
8.328814432441073216e-05 -4.942286800237340572e+00 6.694014069159124336e-01 7.422994785621460645e-01 3.327461698105373122e-02 8.995503736151515550e-01
8.311727684175058441e-05 -4.941840429758713071e+00 6.646474360962346672e-01 7.424987733242993659e-01 4.340292945900586785e-02 8.549811802758329193e-01
8.299423866426387396e-05 -4.940821822540095276e+00 6.686504338521656043e-01 7.255194199323247162e-01 9.066565212154317766e-02 6.705052253820520392e-01
8.287828912433006985e-05 -4.939719878750676862e+00 6.739793628993252517e-01 7.355953183376633397e-01 6.814391154200770406e-02 6.813702984483986924e-01
8.270108246293119770e-05 -4.939360323268084052e+00 6.687422023646553138e-01 7.459890325002604961e-01 5.205160132596797773e-02 9.137693373371478245e-01
8.252791843813891417e-05 -4.938956372838640974e+00 6.740557455763106498e-01 7.545488746589592566e-01 1.332879408508254315e-02 8.944359357936010335e-01
8.232539362602703215e-05 -4.938913404626025461e+00 6.762506923290084737e-01 7.390890155152276542e-01 7.254643427379586784e-02 7.128700797460268967e-01
8.227470132101039925e-05 -4.937029349673150769e+00 6.737510661532362111e-01 7.279575459135210203e-01 1.205217061404698642e-01 6.374184652811131224e-01
8.207916830501166261e-05 -4.936908765608977845e+00 6.657483212764367941e-01 7.454767592917530550e-01 1.837243103768645969e-02 8.861573383334178100e-01
8.189855306113334287e-05 -4.936611690682158660e+00 6.674131718999334328e-01 7.518428599760008657e-01 3.577116306225720799e-02 9.825611096681066137e-01
8.171391569174058108e-05 -4.936368700177584223e+00 6.666670678153761020e-01 7.307809001727224585e-01 6.815017065789874540e-02 7.318958675468961728e-01
8.154138796873917721e-05 -4.935982295060700409e+00 6.764269887461694664e-01 7.384344409900432948e-01 6.720986096764175466e-02 7.166321284786691947e-01
8.135141917150179021e-05 -4.935814735475917203e+00 6.680751454794167099e-01 7.247674792031606472e-01 1.066231523270830539e-01 6.310111851812704176e-01
8.117539862754511121e-05 -4.935480785548898908e+00 6.706143531058035290e-01 7.535134632199967930e-01 4.105094530826585569e-02 9.569521786689453302e-01
8.110724026716627808e-05 -4.933820781310003234e+00 6.737068799152371446e-01 7.254426470540628058e-01 1.197508809879418157e-01 6.213564513814533452e-01
8.097561640391338835e-05 -4.932944936941147773e+00 6.724991725159702449e-01 7.350711168435043463e-01 9.457344830614354547e-02 6.614706324896334477e-01
8.078259411262518521e-05 -4.932831491321135076e+00 6.754187831220362925e-01 7.451403014005457681e-01 6.599224462064566532e-02 7.901070200641452379e-01
8.058876338907235528e-05 -4.932733786496321216e+00 6.647820173405531996e-01 7.386079908775505798e-01 5.474556787729387142e-02 8.315328998940962890e-01
8.039306299078618557e-05 -4.932665122990534279e+00 6.675164193955499536e-01 7.423031916050525369e-01 1.399408953420840096e-02 8.553130338529909560e-01
8.025805803077620522e-05 -4.931845845676217088e+00 6.742950652586523486e-01 7.434914542519991398e-01 4.279505581602657122e-02 8.566618218815459374e-01
8.017255745512161865e-05 -4.930411734297170057e+00 6.698054076867937523e-01 7.487828556687203818e-01 5.476510334536734137e-02 9.118905415206195464e-01
8.003129195003654060e-05 -4.929675306673528823e+00 6.685381101088492262e-01 7.328864672419308501e-01 5.342922006154696840e-02 7.541363516133655631e-01
7.985215751769233767e-05 -4.929416120314930261e+00 6.748358746840670275e-01 7.373711915866597577e-01 9.141138708482487996e-02 6.869172764714388535e-01
7.967903290839891371e-05 -4.929086538234996873e+00 6.737080016338408139e-01 7.271506386605655070e-01 1.106768696812882868e-01 6.172214603840274760e-01
7.955493111779800806e-05 -4.928145273728230080e+00 6.686522467144812021e-01 7.386800066654845009e-01 3.465023004056998895e-02 8.471758484624059005e-01
7.937007373163801718e-05 -4.927971622180498557e+00 6.705429341609226990e-01 7.485826448899882690e-01 4.596462333354774110e-02 8.230357226401530113e-01
7.917853398097957085e-05 -4.927887787753993720e+00 6.689821302116354396e-01 7.244420183368301958e-01 1.199373149363926194e-01 6.136127474071364496e-01
7.901737476182724910e-05 -4.927425252264729494e+00 6.715555566030644297e-01 7.446682814837295439e-01 3.864076471462085660e-03 9.053176179455170169e-01
7.882363365173241721e-05 -4.927380142908678096e+00 6.665167897708751399e-01 7.457376648578443179e-01 3.655911803197479937e-02 9.431160414312035334e-01
7.863823049877409477e-05 -4.927235039945350614e+00 6.708031582577957952e-01 7.420045525423502042e-01 1.145337786103702710e-02 8.585699305579733709e-01
7.846033097301825646e-05 -4.926999855105108850e+00 6.753065921443566211e-01 7.492758237406835775e-01 3.484154578343612307e-02 8.169614084037732926e-01
7.830568850415858275e-05 -4.926472763769064400e+00 6.736947039368047507e-01 7.474163473167990679e-01 5.455248005719622734e-02 7.900321195294113252e-01
7.812499966065927705e-05 -4.926282910530892067e+00 6.711004837708077764e-01 7.381434619670655950e-01 6.770085834510924938e-02 8.116469523868067304e-01
7.793681090510304224e-05 -4.926194632477336910e+00 6.732856592586736744e-01 7.430426677072874408e-01 5.752412126111169921e-02 8.460630500098705875e-01
7.781632603079569218e-05 -4.925241758919991497e+00 6.697159979294845522e-01 7.439315325167495940e-01 5.057491984293206733e-03 8.554913720721224468e-01
7.764011838425653527e-05 -4.925008731159910447e+00 6.734624358936367461e-01 7.452248124805351814e-01 2.207191987923765031e-02 7.929215820258458391e-01
7.748551051725070088e-05 -4.924502056431731667e+00 6.731886800670840998e-01 7.461813756978160628e-01 2.450974189608268183e-03 8.441304186604412507e-01
7.738825341689505152e-05 -4.923258009805236313e+00 6.678677675732221930e-01 7.398699039160898661e-01 5.644585452017764765e-02 8.565588464579987349e-01
7.722272062979344148e-05 -4.922899291837392610e+00 6.747239087517885592e-01 7.429394955606930528e-01 6.810735907413326129e-02 8.036228373680655013e-01
7.703707662266721023e-05 -4.922806193701069866e+00 6.678113233524197723e-01 7.395753343752138331e-01 8.778401500597304841e-02 7.808913328335171933e-01
7.690602603243401950e-05 -4.922008778872218215e+00 6.726290148934707114e-01 7.430746575121184305e-01 8.111411024870683606e-02 7.506886761148668930e-01
7.680941249940360178e-05 -4.920765823013983464e+00 6.657234209783973178e-01 7.452289120443623682e-01 5.057998969927512967e-02 8.618072451590196303e-01
7.670743454528097989e-05 -4.919594380381926868e+00 6.699459897364928862e-01 7.236791416962570223e-01 1.253998442487053999e-01 6.326776362007882071e-01
7.665810915431701099e-05 -4.917737619945063976e+00 6.712701600782309264e-01 7.339767967818217054e-01 5.028181343035384443e-02 7.538909519313288232e-01
7.657212662324675728e-05 -4.916359885921598227e+00 6.746171309071895550e-01 7.469908930910349465e-01 1.002407628357925018e-03 8.632983645249230342e-01
7.639545576679643085e-05 -4.916169799332600121e+00 6.653226450841894790e-01 7.451298840319173777e-01 4.817678470895285503e-02 8.862376947699519558e-01
7.620873540219882621e-05 -4.916116920297584514e+00 6.684137501814430005e-01 7.550534297119774196e-01 2.704710448565861292e-02 9.900813815455262734e-01
7.607628745763529937e-05 -4.915356395072884688e+00 6.678163939346932754e-01 7.519856438645966534e-01 3.827909717954557089e-02 9.407165396211966124e-01
7.594948245152853008e-05 -4.914524599556763462e+00 6.688273742193594495e-01 7.473181800455165336e-01 2.363338985946543749e-02 8.414198862190594985e-01
7.576057815622467054e-05 -4.914514933977244482e+00 6.735467737422006218e-01 7.328226377100204303e-01 7.965849775462596760e-02 7.286872052914306064e-01
7.558239330378938037e-05 -4.914369650989179661e+00 6.659337935789998442e-01 7.459428624765660487e-01 2.395968191609511994e-02 8.784609716413560587e-01
7.540795364707317987e-05 -4.914180258757808062e+00 6.648253035805791189e-01 7.383577241254424273e-01 5.532722802756814828e-02 8.062799314481533530e-01
7.526511602037435690e-05 -4.913576253440909980e+00 6.740013892115940264e-01 7.296593989837913963e-01 9.427452338521037645e-02 6.391238315088124677e-01
7.510410372845469041e-05 -4.913217813445357685e+00 6.751600933093331314e-01 7.520201560601331714e-01 3.799991403450304894e-02 8.720870918412346740e-01
7.499897420531619237e-05 -4.912118578063584096e+00 6.669491651875626426e-01 7.349112832432882492e-01 4.832799706491174019e-02 7.765033583584304289e-01
7.483833790978345116e-05 -4.911762721665830611e+00 6.728998402181181060e-01 7.462321845893523653e-01 4.553487994166592612e-02 7.788931897121860182e-01
7.470919712115401388e-05 -4.910989808918763799e+00 6.735457480894047055e-01 7.331644186768531135e-01 1.073220923626969497e-01 6.525814542190034873e-01
7.452926937863435259e-05 -4.910901088449019625e+00 6.707015615121916241e-01 7.240675195001472497e-01 1.159218488487789300e-01 6.089278608180915819e-01
7.435576585257291688e-05 -4.910731794209124423e+00 6.706171168801382532e-01 7.398564652590888802e-01 6.973577697319843782e-02 7.178024854699188717e-01
7.418177965085022776e-05 -4.910574451490868242e+00 6.678697887355993235e-01 7.454060810903305745e-01 5.686061303712397486e-02 8.150378330126957227e-01
7.400310038730999911e-05 -4.910486024791592463e+00 6.688687528149409589e-01 7.252519605846934336e-01 9.805257888476670569e-02 6.424759618612289058e-01
7.382600852114809607e-05 -4.910381925736725606e+00 6.760955900163804211e-01 7.408980061880585666e-01 4.481068927824688464e-02 7.566551641400094397e-01
7.366697913854661824e-05 -4.910038359703539079e+00 6.747409091633141953e-01 7.576979099100821236e-01 1.541813007935556590e-02 9.887302472128347564e-01
7.349559201933455663e-05 -4.909867582349606963e+00 6.716476253697998278e-01 7.423770077823244051e-01 6.398373252298304725e-02 7.374366586177367733e-01
7.334953995284773827e-05 -4.909356781619409915e+00 6.650408154067045663e-01 7.431806152855844338e-01 4.413432958519532961e-02 8.895882159102520559e-01
7.317077422437378599e-05 -4.909296932231703714e+00 6.733151920589358630e-01 7.301210362955754540e-01 8.478545421541691662e-02 6.503946518351185757e-01
7.300340309813632374e-05 -4.909086956399407953e+00 6.723598390714612405e-01 7.248368001539138294e-01 1.259876566380720431e-01 6.124761223656989273e-01
7.293163389042262512e-05 -4.907570533955298409e+00 6.737427934621942338e-01 7.428791194662390796e-01 7.084037402864198918e-02 8.098680802486362129e-01
7.279230749803860525e-05 -4.906982730860077524e+00 6.676898113671935198e-01 7.364693168110328925e-01 7.405786359278680731e-02 7.151305320776584207e-01
7.264062552551441129e-05 -4.906568668678563228e+00 6.658159979629555414e-01 7.295864434449182978e-01 9.313682670448746037e-02 7.021839748529722369e-01
7.246578421719829190e-05 -4.906478505614631835e+00 6.709080404318770174e-01 7.263103231676910632e-01 1.255198651230641227e-01 6.154760731462536327e-01
7.231067557381362404e-05 -4.906121239356772357e+00 6.683519037068968993e-01 7.313749728208922551e-01 1.073446663638533138e-01 7.093393330204853520e-01
7.216542876976586509e-05 -4.905631908922389428e+00 6.762664654340145853e-01 7.399307847059614085e-01 6.233146369258123209e-02 7.574087928036062900e-01
7.211361237808077221e-05 -4.903850189186807818e+00 6.766077311910996261e-01 7.463115248072018648e-01 3.982807222326194968e-02 8.262070591470049852e-01
7.196287252510042874e-05 -4.903442687599487648e+00 6.737318767634323802e-01 7.275468173395290838e-01 9.938206441635945299e-02 6.573761091765919495e-01
7.180353660066321258e-05 -4.903159283126148793e+00 6.678634476748712689e-01 7.531607094814242176e-01 7.274562585497218459e-03 9.497831708486381697e-01
7.168939678945357278e-05 -4.902250160566392623e+00 6.729748840274466515e-01 7.282215018546079888e-01 1.142147463007167629e-01 6.206211851314099581e-01
7.154087349246635572e-05 -4.901824070640422804e+00 6.700920818369522358e-01 7.455955160975502594e-01 4.675027720248197544e-02 9.119466215719668201e-01
7.145813844289745150e-05 -4.900481212325260572e+00 6.732599874147837671e-01 7.276226711071398512e-01 1.206363563993978205e-01 6.306577440424356862e-01
7.128559816514444352e-05 -4.900398696494912443e+00 6.758445430731863102e-01 7.459987947389723484e-01 4.650639049480779358e-02 7.832270580026121642e-01
7.111880997106223221e-05 -4.900241155868616083e+00 6.740818872996100497e-01 7.290612635273439057e-01 9.740470074874546524e-02 6.382040503603253478e-01
7.096192689629815900e-05 -4.899949521928387064e+00 6.735080542567311035e-01 7.475346317210320723e-01 5.434760922923984744e-02 7.949517397951538777e-01
7.080490782850016739e-05 -4.899664696335157998e+00 6.679937309485102226e-01 7.255347962788970539e-01 1.057709727240050412e-01 6.698207790945365225e-01
7.063490342521266572e-05 -4.899568609118259310e+00 6.702206594292190456e-01 7.478931886031945364e-01 1.399420790516290453e-02 9.783224384670881069e-01
7.052112320479942851e-05 -4.898680729376554410e+00 6.737439376086951093e-01 7.535678789208674067e-01 3.032641266901212745e-02 8.854121485359640609e-01
7.038042004160792800e-05 -4.898177914172673120e+00 6.733392744679187469e-01 7.406570932385511119e-01 3.048833488233657074e-02 7.661169503211998633e-01
7.020494884466578218e-05 -4.898174209334150930e+00 6.757599515628847087e-01 7.400041621671620273e-01 7.570626208155950554e-02 7.239522866372732901e-01
7.004534217102753937e-05 -4.897950236590613571e+00 6.744559719618026250e-01 7.442210893596865606e-01 1.356882752323957525e-02 8.496465871824994132e-01
6.992271505373291219e-05 -4.897202452790518912e+00 6.698396730228276530e-01 7.330602666730914319e-01 1.056282445431735162e-01 7.175900130168355595e-01
6.976486218088283169e-05 -4.896962538378198282e+00 6.733068903545507133e-01 7.303864582455321663e-01 7.632171889819787391e-02 6.928078549459486535e-01
6.963598524302210197e-05 -4.896311551163412545e+00 6.689630400340498273e-01 7.444839176802089398e-01 2.645804723626202226e-03 9.091988319742942970e-01
6.947033967095466345e-05 -4.896193120088668138e+00 6.708873550802224583e-01 7.442553646193368344e-01 1.066262218755179708e-02 9.107612954947288397e-01
6.933482778080058101e-05 -4.895645668912239401e+00 6.685551083572679465e-01 7.414524745962625119e-01 1.906130668956123458e-02 8.772416080970336649e-01
6.926318495405164421e-05 -4.894179490851188419e+00 6.746749750762034425e-01 7.455252635075874101e-01 8.945304310341892218e-03 8.631089555355667686e-01
6.918898475050650984e-05 -4.892751344196746288e+00 6.761855767407808360e-01 7.489185936107728425e-01 8.583711988469022725e-03 8.670027744091011179e-01
6.904184612942025048e-05 -4.892380227828869721e+00 6.721619445807552884e-01 7.340987936000265002e-01 8.293638121636168203e-02 6.646529930901451388e-01
6.887720326304506535e-05 -4.892267757982387444e+00 6.694933280034384149e-01 7.324200909746072519e-01 6.886096301080892046e-02 7.572589115404820825e-01
6.871736275561436496e-05 -4.892091113968854543e+00 6.675780049682297212e-01 7.318305066165445849e-01 1.044981467704463596e-01 6.767637224267117890e-01
6.855427401763445087e-05 -4.891967261271351397e+00 6.749415392709007255e-01 7.428866877947243319e-01 4.163201217772079243e-02 7.558731514384384731e-01
6.839435476907988623e-05 -4.891802725637221627e+00 6.712728728320244143e-01 7.312612955048940488e-01 1.184141611950186024e-01 6.611389626276301668e-01
6.830479928829204879e-05 -4.890612982371691508e+00 6.743072576216213587e-01 7.329344782845903516e-01 9.342896475028487913e-02 7.038642558688880113e-01
6.818726297993846068e-05 -4.889835226661256584e+00 6.703620843276621999e-01 7.426427321958586347e-01 2.239149545745889452e-02 8.935389401672364507e-01
6.806285060713472253e-05 -4.889161462311354178e+00 6.747926949464758684e-01 7.407042350739834191e-01 7.651542294959234880e-02 7.683696952581587913e-01
6.793200090138523488e-05 -4.888585796132479899e+00 6.721956033956811849e-01 7.326254593186523056e-01 8.285592625477111728e-02 6.586972456787923980e-01
6.776429474574756763e-05 -4.888557584182761317e+00 6.679520838359752632e-01 7.334095869835866033e-01 1.053973808724159439e-01 6.925957165242706548e-01
6.761102737753331903e-05 -4.888321917612172385e+00 6.725814149418182231e-01 7.271870271710569877e-01 1.117875233693859105e-01 6.578655179695943600e-01
6.758732695267424622e-05 -4.886172519884207865e+00 6.744331601222725014e-01 7.385995547798788197e-01 5.762420576276844342e-02 7.127321454972709303e-01
6.744846558330123705e-05 -4.885729180799247118e+00 6.701502671893653229e-01 7.454078353740341001e-01 7.275795515727975782e-02 8.228772693468595634e-01
6.728396780021849127e-05 -4.885671025879723572e+00 6.659001692217660917e-01 7.417346005360527794e-01 5.139348439717777994e-02 8.734692987225340932e-01
6.712996935984880630e-05 -4.885462432723461923e+00 6.733199614315752424e-01 7.403069700808463383e-01 5.192751007278639114e-02 8.239115705496075082e-01
6.697343672162153706e-05 -4.885296940308196945e+00 6.689301745243432240e-01 7.390849955785263603e-01 8.563448590196018340e-02 7.889826746346162434e-01
6.695337786199609474e-05 -4.883096489876935564e+00 6.670385072276765470e-01 7.470789470971825885e-01 3.383067083738447445e-02 8.608886027003590513e-01
6.680038325652965924e-05 -4.882884196344596361e+00 6.693882076892414545e-01 7.545650532140538713e-01 3.179196481674784192e-02 9.691277579695656286e-01
6.665212317096376937e-05 -4.882606112598260495e+00 6.684143242154054754e-01 7.298097994448047299e-01 7.496241137045187020e-02 6.891845329811849830e-01
6.662315011635776903e-05 -4.880540897751542317e+00 6.652237383570612783e-01 7.485703446853597676e-01 1.796150102071424060e-02 9.677889603842988464e-01
6.646081241640937104e-05 -4.880480527251228828e+00 6.694008172740875118e-01 7.560008365355259663e-01 7.660249334718365055e-03 9.723171550967720789e-01
6.633192122462020011e-05 -4.879921766485203705e+00 6.686529854953986440e-01 7.492272074754088296e-01 4.494828704275360964e-02 9.427144523476495008e-01
6.624258783676261798e-05 -4.878769437346081261e+00 6.732922310908040497e-01 7.483315067746973970e-01 7.848306906881596934e-04 8.576210893064333263e-01
6.617192906854075596e-05 -4.877336673425322289e+00 6.668357256694290580e-01 7.328834210172689989e-01 6.221940591805341647e-02 7.411531372507480508e-01
6.603186849145203246e-05 -4.876955532823838091e+00 6.661956662964085840e-01 7.487235877718537713e-01 7.356350624968865937e-03 9.355899104435682068e-01
6.587470461676582653e-05 -4.876838491388435060e+00 6.699098404608049284e-01 7.533769138860956227e-01 1.870406715424282468e-02 9.141545202770399170e-01
6.571661322191300566e-05 -4.876741255849013079e+00 6.757250979438511607e-01 7.478280120488784988e-01 8.934306681793527383e-03 8.786478698012574196e-01
6.555656353572361314e-05 -4.876679678829940912e+00 6.693257884369333555e-01 7.569952775045259985e-01 1.036239818031305798e-02 9.964606906472539549e-01
6.540572273924239713e-05 -4.876483255950872397e+00 6.691808940686448937e-01 7.479967557801302513e-01 5.420768449966319874e-02 9.067243328574625671e-01
6.524899722965563304e-05 -4.876382336287113262e+00 6.691491982115431725e-01 7.287107946326251140e-01 7.901603021330622090e-02 7.030615085608860060e-01
6.512971436656993273e-05 -4.875712127284538511e+00 6.653033671523383985e-01 7.366139469790691230e-01 6.905758451192807457e-02 7.884650839217960394e-01
6.500307279101484798e-05 -4.875158471757754519e+00 6.713096247874192901e-01 7.413345635936346989e-01 2.044940161591710104e-02 8.018188473677840822e-01
6.485124139719054619e-05 -4.874996961071180301e+00 6.726524935369261327e-01 7.463080204026274478e-01 2.065617472716308606e-02 8.083034069965711055e-01
6.469157692326231782e-05 -4.874962007869569014e+00 6.680794677192448683e-01 7.323522424484646409e-01 9.629719082739993108e-02 6.742672140552582460e-01
6.457619905685792422e-05 -4.874247106996837609e+00 6.653600650186124454e-01 7.372713399801151812e-01 6.866231391197349931e-02 7.760265387805738158e-01
6.443146291262864648e-05 -4.873990945893630133e+00 6.694384602656406891e-01 7.240928805440840499e-01 1.171085971969763329e-01 6.389902173804554719e-01
6.439550661472043963e-05 -4.872049156631241829e+00 6.718003248944529604e-01 7.469917985499135993e-01 3.437307922444735042e-02 8.026233117492830305e-01
6.423612602828752342e-05 -4.872027251089352085e+00 6.664125317968752071e-01 7.309688194517844906e-01 8.586739386592151524e-02 7.302803918807191375e-01
6.410448213907383140e-05 -4.871578728595387098e+00 6.725332904520461286e-01 7.394386183521690636e-01 4.233032554457241692e-02 7.399118872833649885e-01
6.396703655186437875e-05 -4.871225117447204767e+00 6.696033600845080480e-01 7.440278517420755300e-01 7.475536539146905579e-02 7.904211116980855989e-01
6.386214209371540804e-05 -4.870366283928981410e+00 6.694955521427922163e-01 7.353217103511681119e-01 9.032078163680787308e-02 7.597113099403687286e-01
6.372187090256634003e-05 -4.870065168324813953e+00 6.682992382344847826e-01 7.372598806271156713e-01 9.187857697396090151e-02 7.624543440666073923e-01
6.359814825427185191e-05 -4.869508659820612095e+00 6.713807509973385157e-01 7.518475277654289579e-01 3.065676367611686742e-02 8.708259342975327444e-01
6.347458077777732004e-05 -4.868953491199990324e+00 6.688203684671398808e-01 7.527805718137304813e-01 3.745661833120324247e-02 9.579771667769937382e-01
6.332953028999351963e-05 -4.868741280607266297e+00 6.663465139856873387e-01 7.497904052335081504e-01 1.143434362199241550e-03 9.574041532145682876e-01
6.320755738743581448e-05 -4.868169141325004112e+00 6.679728244305747076e-01 7.362332338532395770e-01 9.705898763228645865e-02 7.258105306424986747e-01
6.307832501462798511e-05 -4.867715805852518507e+00 6.723542497679945162e-01 7.256235862773191547e-01 1.053844365328688304e-01 6.406519758738297154e-01
6.295501443251611852e-05 -4.867172599539007827e+00 6.684260814872194922e-01 7.507786174907016274e-01 3.589262396925546605e-02 8.950280817468260208e-01
6.286802554488341011e-05 -4.866055317704264915e+00 6.705353276788243999e-01 7.525165286057310388e-01 3.448218655927046128e-02 8.942527074498305417e-01
6.278923862762358628e-05 -4.864809314886252345e+00 6.727391296057274594e-01 7.444656355600626219e-01 6.444748153797613677e-03 8.639162063235346078e-01
6.266796529679357654e-05 -4.864242617475656338e+00 6.724025696620059556e-01 7.477034644162232624e-01 2.587763725508139545e-03 9.489063625394804635e-01
6.255788623102762774e-05 -4.863500706444926713e+00 6.689036462436379615e-01 7.253750991363906442e-01 1.185143444962824949e-01 6.445451243394807461e-01
6.242865252878486383e-05 -4.863068669116437093e+00 6.711145351128805503e-01 7.321253907450711029e-01 1.076254894871597895e-01 6.514287453585311249e-01
6.236353183313100032e-05 -4.861612335462975665e+00 6.755321170016767018e-01 7.478370373593566933e-01 3.292091115469850116e-02 8.794530231300710099e-01
6.225444072150211649e-05 -4.860863144551895942e+00 6.656738940598371235e-01 7.341379510893335514e-01 7.988028733607913101e-02 7.428115176958792754e-01
6.210363514416256331e-05 -4.860788490074706480e+00 6.722113123265489598e-01 7.410230309187646469e-01 2.685693520095622233e-02 7.806279341437174502e-01
6.197601496708793031e-05 -4.860345559416258787e+00 6.696205841499373035e-01 7.322686447521066233e-01 1.003138406514288428e-01 7.223257890131544734e-01
6.184106307632956630e-05 -4.860025419356897913e+00 6.694652358150315896e-01 7.469548431518390208e-01 5.958338763251882358e-02 8.253301057115889350e-01
6.172372512399038535e-05 -4.859424633353350842e+00 6.706145456725747245e-01 7.507814453444744407e-01 3.560584085862117387e-02 9.674262429713342826e-01
6.157584677260974587e-05 -4.859323318442191564e+00 6.690655855962867049e-01 7.291670143798099080e-01 8.385907115226290398e-02 7.125922395605441828e-01
6.144386158767823811e-05 -4.858969076017658040e+00 6.742467217142339431e-01 7.430248022760073123e-01 7.483421141707062574e-02 7.764414722116536050e-01
6.131207862050939322e-05 -4.858616149594237932e+00 6.672947240531439395e-01 7.400403165582016829e-01 7.286201613400601629e-02 7.613655977307806078e-01
6.123370904810171444e-05 -4.857395174921546044e+00 6.733898809703708910e-01 7.304926540295548776e-01 7.992128175306514870e-02 6.885764259673863297e-01
6.112124729270360763e-05 -4.856733462318011618e+00 6.746444234529467288e-01 7.479410506070482967e-01 1.407189549057039080e-02 8.313649801324690669e-01
6.097541285929063056e-05 -4.856622299204826909e+00 6.755674894280888632e-01 7.522440693852116000e-01 1.184682082834311728e-02 8.777827677773534232e-01
6.082884320906289027e-05 -4.856528942875616650e+00 6.730447580500231730e-01 7.537412675240393600e-01 3.430403960587929957e-02 9.499922976032003641e-01
6.068763764969478165e-05 -4.856353000022883393e+00 6.738305916564231168e-01 7.388955641341737879e-01 9.032766422743093715e-02 7.290326951006995682e-01
6.057352431692389360e-05 -4.855735109094013957e+00 6.742162505548624507e-01 7.473119021156859887e-01 4.620778334087807804e-02 7.950908969686291128e-01
6.042450211633472646e-05 -4.855698327384934565e+00 6.736282248187842603e-01 7.313579022977779731e-01 7.727897232812681871e-02 6.762875289514758137e-01
6.032282129731742984e-05 -4.854882519467665247e+00 6.684081401028462155e-01 7.452278904133531334e-01 6.677243609638701394e-02 8.283368024397982365e-01
6.017432209081814519e-05 -4.854847296266570744e+00 6.724132006516551074e-01 7.545857614913858979e-01 2.538272114739599516e-02 9.132335897078001086e-01
6.005297446525737436e-05 -4.854365933801360278e+00 6.655184615188832753e-01 7.413423026166057195e-01 4.433751441994428916e-02 8.299419058489408974e-01
5.990503624167651289e-05 -4.854332435166452520e+00 6.665388221735865093e-01 7.476762274326319568e-01 4.834281527061751182e-04 9.638984874941622927e-01
5.979474134403797367e-05 -4.853675294544768981e+00 6.741100670736787093e-01 7.472717730274107684e-01 6.006729088731008886e-02 8.159504680345808225e-01
5.965647023223571749e-05 -4.853490401637206020e+00 6.733521328954977792e-01 7.400865210878440070e-01 2.938060151548400889e-02 7.904184071274724666e-01
5.953197380539451998e-05 -4.853079471145980150e+00 6.739915525046316080e-01 7.378640226106851774e-01 6.196732559379417721e-02 7.786247029679106424e-01
5.940077142848074014e-05 -4.852785800948240968e+00 6.699821004187634932e-01 7.347018327180264707e-01 9.204565274494835858e-02 7.495014434492898170e-01
5.926315321106558423e-05 -4.852605263742529651e+00 6.710793751165538001e-01 7.251816228384592167e-01 1.159582183388583043e-01 6.199359514991199527e-01
5.914419601537088095e-05 -4.852114551789151520e+00 6.696599911188146903e-01 7.431899690120976620e-01 9.337063470264091170e-03 8.640965321899426455e-01
5.901354729408675128e-05 -4.851825981541761479e+00 6.752741448346654130e-01 7.440317756006311622e-01 2.481068354594605577e-02 8.336162780932950822e-01
5.888490087353020726e-05 -4.851508308342718401e+00 6.696287739228634628e-01 7.473154910870390966e-01 2.185477544574539882e-02 9.638460140133636722e-01
5.874421440381505383e-05 -4.851400344301936229e+00 6.697838720598554563e-01 7.337673591291574704e-01 5.704917375020338716e-02 7.637693542206865915e-01
5.861881640928442175e-05 -4.851037270067753759e+00 6.695479673810195154e-01 7.276701936012398564e-01 9.441705505042030655e-02 6.484477355923936592e-01
5.853646511551567193e-05 -4.849943118890958971e+00 6.669539391484339275e-01 7.358384342934584099e-01 6.629159532825446011e-02 7.341355106562275079e-01
5.839188146785059867e-05 -4.849916150034867535e+00 6.711388244573055495e-01 7.414233866744627255e-01 2.013524322002457900e-02 8.084393084492178527e-01
5.826846060776443909e-05 -4.849532051701824109e+00 6.761827315045837450e-01 7.538107272761379596e-01 8.634699899925206423e-03 9.165725135201262530e-01
5.816110068547371270e-05 -4.848876256069285517e+00 6.719677578448184363e-01 7.374862518331670724e-01 3.775222144300395544e-02 7.796741169529495252e-01
5.804595715211841180e-05 -4.848357952761030987e+00 6.697023019516484821e-01 7.354045878618770127e-01 5.889608347279256390e-02 7.143973342036640251e-01
5.790260282653426443e-05 -4.848330676849265330e+00 6.662365052273262478e-01 7.481564414003125663e-01 3.940622306088585602e-02 9.186632791084105021e-01
5.776144721956439168e-05 -4.848271464232911221e+00 6.718752419171498680e-01 7.453877338728295276e-01 2.235897569278290364e-02 8.054716796337489937e-01
5.763030736000298400e-05 -4.848044415476236324e+00 6.758076492697711046e-01 7.471673375420113672e-01 3.923511961023788686e-02 8.528238851836106305e-01
5.749368460093315315e-05 -4.847917905500009894e+00 6.714857741869095786e-01 7.503506170248095408e-01 2.310025370088817157e-02 8.534026308287581131e-01
5.736739678028476358e-05 -4.847616872635231111e+00 6.745411471118947233e-01 7.410695550852104407e-01 6.777824840365527514e-02 7.888758920659554308e-01
5.724446022946448593e-05 -4.847262141042458339e+00 6.708042178668438549e-01 7.380403636512988808e-01 5.827530342616436820e-02 7.183499626343363698e-01
5.712010055767071276e-05 -4.846936935750774111e+00 6.723377206660765548e-01 7.339022239541438397e-01 5.734559572999151783e-02 7.381677593284179384e-01
5.705255947694843450e-05 -4.845620075192046627e+00 6.666383901512787924e-01 7.397538469210395151e-01 4.989963402549749127e-02 8.532498316528194238e-01
5.691227198392216673e-05 -4.845582020023398329e+00 6.695782620112387118e-01 7.428712873966885066e-01 5.706870180967590911e-02 8.689202891545916296e-01
5.678848562444432945e-05 -4.845259426946419978e+00 6.731077910573964873e-01 7.389760302224910316e-01 3.412882718698683621e-02 7.808070671069377022e-01
5.667313482359340182e-05 -4.844792728429986539e+00 6.707725864075532174e-01 7.411052606792947195e-01 6.055642050908841695e-02 7.376883566917984414e-01
5.653452309782857352e-05 -4.844741534413202544e+00 6.678074490158834031e-01 7.274456851987074479e-01 9.497641496171296827e-02 6.680611259412019276e-01
5.639537059572986269e-05 -4.844705940744844064e+00 6.733884416409012807e-01 7.319785110044729759e-01 7.773804509333429036e-02 7.113863467832017839e-01
5.626573958780907019e-05 -4.844507197405951260e+00 6.748457589041060301e-01 7.554982714396456522e-01 1.850118002479564372e-02 9.692415356440471363e-01
5.613379592623047443e-05 -4.844354960171719071e+00 6.746348242310014065e-01 7.390952680053615165e-01 4.350887436048398588e-02 7.532885802955663346e-01
5.600209363722919955e-05 -4.844203937828590156e+00 6.662087169664772102e-01 7.394122608918624051e-01 5.649637815611362884e-02 8.404863457962025164e-01
5.587691779331010631e-05 -4.843941638976490438e+00 6.733011179715504557e-01 7.473315660238071256e-01 2.237518842501404204e-02 8.143499683413453205e-01
5.575856669910183336e-05 -4.843561952944508420e+00 6.719819227353982516e-01 7.309293791959347031e-01 9.633090245467007540e-02 7.052398728952178342e-01
5.562496589812692446e-05 -4.843460886825147860e+00 6.699954977126784117e-01 7.441549223788878065e-01 7.434551032314448693e-02 7.933657586790433536e-01
5.550223818793583759e-05 -4.843169666594179468e+00 6.712317691107081430e-01 7.421116844644817245e-01 3.497572660306384057e-02 8.731936564068075723e-01
5.538605648620614893e-05 -4.842765140144098979e+00 6.736303126088867277e-01 7.377550694250053498e-01 9.336387924587358222e-02 7.204441901089778666e-01
5.534115693463672431e-05 -4.841076134165227529e+00 6.727355214306574016e-01 7.371626049563562155e-01 4.302855116021474247e-02 7.487181287516416761e-01
5.521163176350864433e-05 -4.840919362805934156e+00 6.688643985736928421e-01 7.471167909416291941e-01 4.506861807106563728e-02 8.307079380825318493e-01
5.507972460986986760e-05 -4.840811340216839120e+00 6.668976236375028233e-01 7.438381600828931628e-01 4.761325878363445452e-02 8.202446137447529928e-01
5.496982247685402680e-05 -4.840308661831715042e+00 6.684689676547986847e-01 7.495039938768770504e-01 4.190432184902143087e-02 8.770136467218678789e-01
5.484120426353092034e-05 -4.840151200207993831e+00 6.654292698237942449e-01 7.439228711351647538e-01 4.336456046452785706e-02 8.738572700009811234e-01
5.470852197107403485e-05 -4.840073522232800407e+00 6.692244095620545341e-01 7.276951979204245857e-01 1.166575523866605069e-01 6.425449385046974049e-01
5.457599771298357881e-05 -4.839998830472864277e+00 6.762731371999025631e-01 7.523455080248735438e-01 1.331600716685270996e-02 9.082730937129748217e-01
5.446203115230371298e-05 -4.839589231470877273e+00 6.750576934627423586e-01 7.431085730707694958e-01 3.046683639040836597e-02 8.277042373350493865e-01
5.435513765748580347e-05 -4.839053876027791468e+00 6.696643985045668268e-01 7.476105625451140435e-01 1.288215971799974713e-02 9.729775427570801494e-01
5.425327562800794301e-05 -4.838429643406456648e+00 6.723316112702302227e-01 7.265773010071775451e-01 1.156086592416595560e-01 6.345222137148885944e-01
5.411942003091079736e-05 -4.838399927353020047e+00 6.714807593299240152e-01 7.333973247331749823e-01 7.606031120812903334e-02 6.754391071985226258e-01
5.411141137165728301e-05 -4.836047919550148677e+00 6.668530242596689694e-01 7.440772557022422573e-01 4.766476415008120276e-02 8.977518615378872191e-01
5.402007090710019991e-05 -4.835237353272084704e+00 6.665877240698738770e-01 7.462254989291526863e-01 4.877940246168627897e-02 8.698013797090076160e-01
5.389644463573194718e-05 -4.835028500735962353e+00 6.730371820475486988e-01 7.552132867075371792e-01 1.077464018551084479e-03 9.261449300385917738e-01
5.379776097240984158e-05 -4.834361165555489670e+00 6.683201483038196944e-01 7.405051113822636033e-01 6.334520372400859189e-02 8.424682715683585732e-01
5.368047014248078768e-05 -4.834043763375982294e+00 6.731272561676125976e-01 7.416119673587334704e-01 6.388317783205457734e-02 7.315152400577238367e-01
5.358193653619024085e-05 -4.833381007887980196e+00 6.717138562825306636e-01 7.502337951618364142e-01 1.491620760365147680e-02 8.590646455523660574e-01
5.345001332170070145e-05 -4.833346127536286119e+00 6.700601350834726189e-01 7.444974906286182526e-01 6.276852080898197295e-03 9.030307614339148081e-01
5.335340602834608587e-05 -4.832655195453587460e+00 6.704518365541090041e-01 7.258531799234778648e-01 1.047246286689388350e-01 6.567038184765252584e-01
5.323805924188738399e-05 -4.832319474388883762e+00 6.732561303797623964e-01 7.398167221035877317e-01 8.451348607434767957e-02 7.175412289290556966e-01
5.310763550019874103e-05 -4.832272301602900555e+00 6.690183424832607528e-01 7.385724403400961702e-01 5.218849464076172340e-02 8.339735162638501897e-01
5.304015695984581685e-05 -4.831043709097655459e+00 6.756288045319821522e-01 7.401243474096937947e-01 6.165495236936426038e-02 7.638928672982321366e-01
5.294601306757584791e-05 -4.830320241205682485e+00 6.759460954370577479e-01 7.494925580217512984e-01 9.402605626724770682e-03 8.808763081374068049e-01
5.282083853492788080e-05 -4.830187232171073042e+00 6.687030203939631212e-01 7.331686157792555170e-01 9.263085333864604087e-02 6.792788525640569564e-01
5.269806443339843875e-05 -4.830014287390175021e+00 6.725580439372309538e-01 7.363648913158074016e-01 8.613652736721560954e-02 6.824063036163112717e-01
5.258761552489457294e-05 -4.829612368516944088e+00 6.721056982574804550e-01 7.453750356980632930e-01 3.874212831470691398e-02 8.988323740898115366e-01
5.249701102891886942e-05 -4.828836779049646921e+00 6.694327493717813216e-01 7.396710622524427237e-01 3.526708462601141347e-02 8.478954961815803326e-01
5.237979684497555020e-05 -4.828572053656573715e+00 6.666596776899005317e-01 7.477670072607862650e-01 1.371402739403573823e-03 9.600732992114441311e-01
5.229701369332147152e-05 -4.827653744357445653e+00 6.743476539440728112e-01 7.462919550177647965e-01 7.455211429750807639e-03 8.687050476437685465e-01
5.218544874347621170e-05 -4.827289317919635003e+00 6.705588273086532380e-01 7.331797465403482317e-01 8.374669287247388239e-02 6.711690051012617619e-01
5.209055190465814865e-05 -4.826609427329778157e+00 6.705955475733791360e-01 7.456523141911693964e-01 5.912784273189721634e-02 8.735105639840038405e-01
5.198782587787030546e-05 -4.826083440805669866e+00 6.721113495248122183e-01 7.310911655034612044e-01 1.129481534885270200e-01 6.618023038426715798e-01
5.187347323884681474e-05 -4.825785467666555029e+00 6.721776565530015457e-01 7.509282159051940964e-01 4.692998970677764170e-02 8.697467262039710878e-01
5.176293436758176361e-05 -4.825418673858011154e+00 6.686324408310510004e-01 7.302535208764031616e-01 1.093804760182436747e-01 6.851774130609566971e-01
5.164012117620794340e-05 -4.825294101711227412e+00 6.655035830774785888e-01 7.449548676602011366e-01 3.149406705239637255e-02 8.954058970269509476e-01
5.151650641779603686e-05 -4.825190744960708322e+00 6.709391586692150522e-01 7.476086460449088422e-01 3.275710159560064894e-02 8.206450173681864024e-01
5.140280694309011381e-05 -4.824900233486196122e+00 6.678770631655147616e-01 7.406103387901018520e-01 6.959017744864040567e-02 8.291966932022321046e-01
5.129615686760346583e-05 -4.824477179735068511e+00 6.738487458091029225e-01 7.417857382713580749e-01 2.567795252527456384e-02 8.132724903446877374e-01
5.117016288345855847e-05 -4.824436408249372477e+00 6.719650304902052840e-01 7.526808913994914585e-01 2.626383401731366418e-02 9.872488836051470651e-01
5.105859090394924347e-05 -4.824119199678891690e+00 6.697631813998964345e-01 7.390722884176017526e-01 5.602897675498585972e-02 7.358611335922525809e-01
5.093768403858309082e-05 -4.823990010222051872e+00 6.707241433617679993e-01 7.456123537110187494e-01 6.006955506268633893e-02 7.915859971708525400e-01
5.086206589596341113e-05 -4.822975635807111416e+00 6.690467635458646756e-01 7.325495054608076595e-01 7.960118865615495309e-02 7.490390299260438756e-01
5.073962866261391968e-05 -4.822885778534533152e+00 6.748340242107266906e-01 7.493344693769012910e-01 4.381045140530145932e-02 8.690093285113585919e-01
5.065954006335483334e-05 -4.821965448603226179e+00 6.733057847574720478e-01 7.421794521860654026e-01 7.878939363646209060e-02 7.506495247791989955e-01
5.055582062057594720e-05 -4.821514929598659904e+00 6.723899115842738583e-01 7.523835811021550857e-01 2.213811686727126110e-02 9.893316946653032407e-01
5.044347991832157281e-05 -4.821239514283585770e+00 6.674397717458288026e-01 7.545307898510671407e-01 1.060664022863099659e-02 9.975604712678062258e-01
5.033560488725120723e-05 -4.820880336905239538e+00 6.728768103390720956e-01 7.488631437688820780e-01 1.429045275409289439e-02 9.545774303773630898e-01
5.023017259985621311e-05 -4.820477120297312013e+00 6.709801565950286317e-01 7.530261108923569369e-01 1.104336919208952911e-02 9.050893803697181994e-01
5.012506814402597702e-05 -4.820071769136385242e+00 6.734141841121659144e-01 7.546409472865086565e-01 9.840076970708530602e-03 9.119327469222204829e-01
5.010191964996136134e-05 -4.818033690520748813e+00 6.690740381520106084e-01 7.551794653897861975e-01 2.170531470829451318e-02 9.799987963463845375e-01
4.998298808765510920e-05 -4.817910304956924961e+00 6.690963352943626319e-01 7.547478386913321069e-01 5.838331101546530288e-03 9.628243160059286598e-01
4.986091427236569450e-05 -4.817855599526388310e+00 6.664404904066015822e-01 7.364551979820944672e-01 7.256046218118450408e-02 7.470383291573027273e-01
4.973839902464191159e-05 -4.817815763265691942e+00 6.747753950373172049e-01 7.386116664301383139e-01 8.255055896083599021e-02 7.250405034277853655e-01
4.962111711724795208e-05 -4.817676522786622506e+00 6.754316247611291679e-01 7.517607295756062458e-01 2.927621163555123307e-02 8.811495074431611174e-01
4.955905926153954803e-05 -4.816427939472355924e+00 6.739954092066947622e-01 7.419933504967847204e-01 6.455092135839241019e-02 7.373189433073398247e-01
4.950701689705680486e-05 -4.814978599219632116e+00 6.729551499184770469e-01 7.440830974137719878e-01 6.611919486940692758e-02 7.622704472902523953e-01
4.941623577328781809e-05 -4.814313984668499913e+00 6.682391512176327764e-01 7.381738803465066612e-01 8.889933108897747627e-02 7.495461331307918806e-01
4.934228148360564640e-05 -4.813311664171192383e+00 6.687806118695553970e-01 7.428738342393514937e-01 4.885003963586447701e-02 8.824179519778317937e-01
4.922753542985440608e-05 -4.813139884090372078e+00 6.683074050379504971e-01 7.459461623897524207e-01 5.809576185554832239e-03 8.880885253733264983e-01
4.911238651674306377e-05 -4.812981740041811562e+00 6.662828062032390974e-01 7.335051928079107109e-01 7.893062961338712102e-02 7.458920188107862614e-01
4.901484296389313489e-05 -4.812469844373198136e+00 6.703052960031047336e-01 7.491422703388391779e-01 3.129665793481201802e-02 9.619408753071680973e-01
4.889312925714150369e-05 -4.812456133624007037e+00 6.725120051821406042e-01 7.410196632876553391e-01 3.508877646518075710e-02 8.398090453464062133e-01
4.880174180963984718e-05 -4.811827009201399719e+00 6.692267482356974995e-01 7.553954332930097326e-01 2.062268224366759981e-02 9.814666406550985878e-01
4.870868029055011096e-05 -4.811235759985981630e+00 6.702003783843450968e-01 7.270435675107078666e-01 1.025836024246595535e-01 6.411982659341284307e-01
4.862125506343268304e-05 -4.810532231961671457e+00 6.726041707349337262e-01 7.518070825682464653e-01 3.936652362426940055e-02 9.306024996789974413e-01
4.851225880488478241e-05 -4.810276489375116427e+00 6.673471536968906825e-01 7.410970462867474406e-01 6.366438812482012877e-02 8.420815687776090908e-01
4.843151084080907730e-05 -4.809442361932881660e+00 6.752338773220799562e-01 7.512151740362189578e-01 2.152382272304199928e-02 9.263010353517869833e-01
4.832955178272249066e-05 -4.809049802530538820e+00 6.716081769919207689e-01 7.295536338736370308e-01 1.143940449159518424e-01 6.492626468672976214e-01
4.822326059595617302e-05 -4.808751524615798800e+00 6.665133421018457627e-01 7.434132907348354191e-01 2.305530576606028281e-02 8.708752324870777661e-01
4.810369830821435705e-05 -4.808733952183362526e+00 6.669760494129353123e-01 7.343828207982506795e-01 6.126825436664593005e-02 7.676605652444223882e-01
4.798616602522103459e-05 -4.808680252683876333e+00 6.723096258642037304e-01 7.435238034671770579e-01 3.565289814418770575e-02 8.766732778014173499e-01
4.789124116419881945e-05 -4.808160383244786118e+00 6.716501997622185138e-01 7.499869869887118012e-01 5.831516668354651267e-03 8.720156885590648610e-01
4.778720119394629762e-05 -4.807835168048858243e+00 6.750518124894534511e-01 7.362363407303276208e-01 7.208788439726146469e-02 7.236529321790474700e-01
4.767685621953983075e-05 -4.807646928653606544e+00 6.741032015770244135e-01 7.361736908519678213e-01 5.726133301751811649e-02 7.402849586164125251e-01
4.756605633643346166e-05 -4.807473609560708461e+00 6.691854325377779578e-01 7.266877061267811300e-01 1.067459649713392578e-01 6.463162616904896129e-01
4.744887650327370582e-05 -4.807440166954732419e+00 6.662985752856559474e-01 7.353201359460307396e-01 8.014446105276593069e-02 7.562013442559997189e-01
4.734496762187342738e-05 -4.807132480685159415e+00 6.710017943409792851e-01 7.268336882532623333e-01 9.864497827214896430e-02 6.574544056759921151e-01
4.723268204778401867e-05 -4.807006944995447562e+00 6.744156689855720366e-01 7.449362457889957545e-01 6.271429979005334332e-02 7.812567852140569480e-01
4.712943708645475318e-05 -4.806695217227477279e+00 6.670106903795860465e-01 7.396494191300946319e-01 3.539490854628096067e-02 8.401883684135653674e-01
4.702714399407031140e-05 -4.806368047452537873e+00 6.750531787696578689e-01 7.420117594996967769e-01 6.618025053410189762e-02 7.774627057798999541e-01
4.691911525381708568e-05 -4.806167847119544589e+00 6.662656539480082962e-01 7.362398421599732901e-01 6.325158695378431395e-02 7.912324741026462993e-01
4.682696363055937580e-05 -4.805633831276656664e+00 6.689774318731448455e-01 7.349622023593775921e-01 7.218260800419508405e-02 7.039475585130010593e-01
4.675803186394889997e-05 -4.804606968689596691e+00 6.668079404201193716e-01 7.497429429329438566e-01 3.177678258820833268e-02 9.609771725241801343e-01
4.664240969792901636e-05 -4.804582807628856145e+00 6.737880726926427366e-01 7.465471137067761775e-01 4.864793998557589289e-02 8.672486341361517193e-01
4.654083034044555580e-05 -4.804263015092733013e+00 6.672894465749692472e-01 7.490846397573693860e-01 1.516982477930181594e-02 9.956859168822600470e-01
4.642964062282933281e-05 -4.804154952435359505e+00 6.724611578464152473e-01 7.482143587531354667e-01 5.122662606121325402e-02 8.188162297818042390e-01
4.632542432394237811e-05 -4.803902082396422912e+00 6.676752762101441085e-01 7.294461094922145561e-01 8.661704169646909646e-02 6.956104047617517327e-01
4.621755912201193557e-05 -4.803733220787706593e+00 6.701252022200721026e-01 7.483715185634868261e-01 4.112308970788260132e-02 8.366783151353411885e-01
4.612706455851279250e-05 -4.803193152808882260e+00 6.702301629424566309e-01 7.527233871621177297e-01 3.239042008354250241e-02 9.105000848563522542e-01
4.607086808640434571e-05 -4.801912192703934323e+00 6.658054723979246470e-01 7.435479634926234205e-01 3.790905747718653629e-02 8.894921736108813981e-01
4.596308662015909796e-05 -4.801754404681298105e+00 6.738001387957287536e-01 7.380186309814120715e-01 5.132875817180250488e-02 7.312776833208176619e-01
4.586780091857232830e-05 -4.801329648389323523e+00 6.705346927770013954e-01 7.514412887763647353e-01 4.103872466269221919e-02 9.421966404930814942e-01
4.577788903273240662e-05 -4.800791811906996109e+00 6.684303243479259304e-01 7.454609818001359800e-01 3.368731406101999060e-02 8.275662353450996545e-01
4.567593046453290189e-05 -4.800521540769109308e+00 6.728377951727151363e-01 7.391981248803395355e-01 8.722448228703762185e-02 7.484336078938553793e-01
4.558502950113232260e-05 -4.800013652039833545e+00 6.667918393053569037e-01 7.363903429830148673e-01 5.226196140141865787e-02 7.818752790786074325e-01
4.549146729450412595e-05 -4.799568237862370523e+00 6.719241451202463411e-01 7.449128535873289492e-01 8.664076191660624593e-03 8.465931061635383337e-01
4.541035199814277877e-05 -4.798852917608547486e+00 6.719041457033545495e-01 7.406095759801173406e-01 6.015712620728116966e-02 7.317866133212839186e-01
4.530737279216584870e-05 -4.798623240204222817e+00 6.695406369058097829e-01 7.469050986314342833e-01 2.324205956162258072e-02 9.524229488665891807e-01
4.525641356564846475e-05 -4.797248617884306121e+00 6.714349271638693217e-01 7.524848277429387888e-01 3.474575701555951412e-02 9.611623169814822454e-01
4.516672848153845311e-05 -4.796732293998376306e+00 6.699695524530627777e-01 7.339167392549732494e-01 9.662545088366336632e-02 7.292399312110040555e-01
4.515489540636779349e-05 -4.794494314868440910e+00 6.673576650442032410e-01 7.314757294875072757e-01 7.657640138455942824e-02 7.190433365193018567e-01
4.504277957532044891e-05 -4.794480318832776256e+00 6.687392881920007914e-01 7.301029606016808948e-01 1.011122092287633223e-01 6.635373869871110664e-01
4.493196330904063645e-05 -4.794443595053653695e+00 6.672871005247034137e-01 7.449704638773588794e-01 1.344428504246208272e-02 9.238947086979486523e-01
4.482637019906430924e-05 -4.794296427477372724e+00 6.712080532237830743e-01 7.360701357012985335e-01 7.267569976052409841e-02 6.954558171071636430e-01
4.472516225901162931e-05 -4.794056756929355956e+00 6.722754123806469195e-01 7.431089800486511132e-01 1.729389884222413964e-02 8.587192345296147389e-01
4.461422574598603551e-05 -4.794040243161392212e+00 6.660627449543834455e-01 7.373263927658310068e-01 6.652159271249455386e-02 7.916144711569325088e-01
4.454868627953329781e-05 -4.793010349436917394e+00 6.719614514770888558e-01 7.500302159186438278e-01 3.743341496281043373e-02 9.377867641777719587e-01
4.444061184861219558e-05 -4.792939281596816592e+00 6.700016765053321555e-01 7.337760627124889634e-01 9.584051512273195073e-02 6.767817875227430946e-01
4.433289509665452643e-05 -4.792866059777119325e+00 6.699214094963826804e-01 7.469195152746281874e-01 1.707409987109359539e-02 8.453683629345037920e-01
4.422534547559434418e-05 -4.792794962457208818e+00 6.692342547149421339e-01 7.348795511940540148e-01 8.259114118315287467e-02 7.625854817932460339e-01
4.411724711414164048e-05 -4.792742217223777246e+00 6.716874951306497366e-01 7.464054001174885711e-01 4.148936209727552282e-02 9.051883650826736405e-01
4.400867512111791461e-05 -4.792706237916032563e+00 6.720833135109735013e-01 7.474582012611489246e-01 1.854464125329864307e-02 9.397862495235267399e-01
4.390114286552369724e-05 -4.792652661118549595e+00 6.708629025370272947e-01 7.444992881147448616e-01 2.342858392650094476e-02 8.101752797002605977e-01
4.384360283987223943e-05 -4.791464193414573636e+00 6.700024327270942548e-01 7.434389617750133405e-01 2.627292425443739435e-02 8.065240285592252256e-01
4.375353713924542162e-05 -4.791020555811473791e+00 6.714871350060449551e-01 7.475060582449901680e-01 5.892577106354015409e-02 8.250572042080798196e-01
4.365510894184287315e-05 -4.790772695466280595e+00 6.669792456200126507e-01 7.520709703296034609e-01 2.273411349200277556e-02 9.892278684359524510e-01
4.357263968237249708e-05 -4.790163591089367401e+00 6.712574545192241393e-01 7.353889560629727207e-01 6.405444627797084178e-02 7.037764347104465967e-01
4.346667448233276499e-05 -4.790098473611346996e+00 6.744907699710391835e-01 7.523865659346337109e-01 3.098409856419695463e-02 8.866506153693960446e-01
4.336295524595563516e-05 -4.789987503393756008e+00 6.744633289920675123e-01 7.546260750293448671e-01 2.277549884491484461e-02 9.332388779652275312e-01
4.325546259499796399e-05 -4.789969486067162663e+00 6.678327422059520124e-01 7.349032540751884168e-01 8.816557153722628937e-02 7.513823801702539384e-01
4.316117908130428561e-05 -4.789651555383326098e+00 6.735285657111307334e-01 7.443407188636511629e-01 2.778938105839286882e-02 8.718169942653436477e-01
4.307211594555125265e-05 -4.789217188324608188e+00 6.668794836959165417e-01 7.434760608671325821e-01 5.846027894802052760e-02 8.282810417993502483e-01
4.299075633665808458e-05 -4.788607890574539283e+00 6.729151271438972293e-01 7.506886294331269749e-01 1.906549692185671371e-02 8.574545196619209886e-01
4.288544290920035711e-05 -4.788560572020077899e+00 6.680120788594905434e-01 7.453249113930485725e-01 1.214395497365670235e-02 8.755084902763961008e-01
4.278386100893924227e-05 -4.788432061998936007e+00 6.680563644563168868e-01 7.419746487394465184e-01 2.366424946366776569e-02 8.755154938870679526e-01
4.273209362595779311e-05 -4.787142769159394184e+00 6.729006618258548400e-01 7.314261116973043153e-01 9.569274014092986336e-02 6.927175452100606812e-01
4.266108157409961784e-05 -4.786305948167813185e+00 6.725931684333124050e-01 7.536053543580236713e-01 3.250376758887035117e-02 9.504857802670846345e-01
4.255536858821440182e-05 -4.786286995897707897e+00 6.715257199588582360e-01 7.581548218582586651e-01 2.338311131558828970e-03 9.967290306173540726e-01
4.247497888944386208e-05 -4.785677843697503597e+00 6.736998843867401110e-01 7.404442128389239208e-01 4.166310879080811769e-02 8.109742487275306555e-01
4.238074459615059675e-05 -4.785398892040762853e+00 6.687699932571016248e-01 7.329247420344515707e-01 6.981783242056754935e-02 7.070058135294919888e-01
4.228831423347506851e-05 -4.785082225614340601e+00 6.746432279978937796e-01 7.469292307349155724e-01 1.346845334253632745e-02 8.423116617412487184e-01
4.219571462602170035e-05 -4.784774347504954228e+00 6.686356785105331824e-01 7.303073319520994033e-01 7.840827912891677742e-02 7.015194246881639728e-01
4.213985397269430088e-05 -4.783599071163657790e+00 6.702677515821603427e-01 7.409323340127940138e-01 6.293782553986726480e-02 8.341099454307402405e-01
4.208294138939968265e-05 -4.782450548319278738e+00 6.746339875304847578e-01 7.532129387037516111e-01 2.532454887004832039e-02 9.345614563167413680e-01
4.199585079064224930e-05 -4.782022191539798683e+00 6.732091254471879171e-01 7.361116933395358553e-01 5.776193663592854577e-02 7.568082619973105496e-01
4.189716993325479365e-05 -4.781874732956190144e+00 6.722230394465642522e-01 7.349518582079428430e-01 8.009638661092813305e-02 7.474576719910857037e-01
4.180263660520068064e-05 -4.781633600023148745e+00 6.730465520451099914e-01 7.379560677322369866e-01 8.669820198902231101e-02 7.042301367252347122e-01
4.170272948594834722e-05 -4.781526432282882766e+00 6.726623629549036698e-01 7.580671351727539253e-01 6.255679199351216191e-03 9.872732820539480425e-01
4.161756875730335758e-05 -4.781070610234599449e+00 6.695935518467018843e-01 7.535227389969710865e-01 2.920443497009093947e-02 9.889250441818642212e-01
4.152366419682055167e-05 -4.780829527911833132e+00 6.698470194734829075e-01 7.342306157871552053e-01 7.049729256769782237e-02 7.644384223678374335e-01
4.143967965949349480e-05 -4.780354146547282745e+00 6.697501515837680497e-01 7.279790082222714620e-01 1.065382940979505699e-01 6.696239231796256020e-01
4.138048183139998113e-05 -4.779283697929684216e+00 6.726892181270855975e-01 7.547831992012764557e-01 2.237585466086342706e-02 9.920977337480061387e-01
4.128099748041950170e-05 -4.779190729592833087e+00 6.736500092359473113e-01 7.360777091506877090e-01 9.291800684729258075e-02 7.034880579421254332e-01
4.119511191326754045e-05 -4.778773407809054241e+00 6.681102120401066768e-01 7.526562753113585913e-01 6.368085374339638172e-03 9.530446226520044029e-01
4.112050300633521212e-05 -4.778086160527625026e+00 6.742166821120478826e-01 7.437252295708269845e-01 6.738464022543086407e-02 7.800892711885514252e-01
4.101850178460250901e-05 -4.778069786289207421e+00 6.695215265856204745e-01 7.301550050245082524e-01 8.024672884315643684e-02 6.861330204074922445e-01
4.092159263146397981e-05 -4.777935153305506333e+00 6.748535991148416624e-01 7.385439244257250291e-01 7.500343789241528669e-02 7.214378022058441919e-01
4.084093673837529894e-05 -4.777408084423778512e+00 6.746264370143862932e-01 7.493005173943330099e-01 4.252521572916158343e-02 8.433473694969562118e-01
4.079189130661413647e-05 -4.776109695070793748e+00 6.736123322278492198e-01 7.401839382659681776e-01 6.965841964004096387e-02 7.850284734837479350e-01
4.069025385126224083e-05 -4.776104413585328778e+00 6.675583705298382409e-01 7.531030181509069665e-01 1.022737884148305909e-03 9.798768355806046770e-01
4.060060445364119003e-05 -4.775810059726477874e+00 6.741953795007752381e-01 7.484598620949908243e-01 9.514817908059400309e-03 9.205212648349521132e-01
4.050207105979876463e-05 -4.775739904160053229e+00 6.707263319402788637e-01 7.343026704936022053e-01 5.859321335149302035e-02 7.546941247099295813e-01
4.040531686393725289e-05 -4.775631632393203319e+00 6.700375849778966719e-01 7.525303984672829793e-01 2.034830480923650181e-02 9.088832937258475297e-01
4.030781159150148156e-05 -4.775547728057792263e+00 6.677013595445749905e-01 7.402473065510114525e-01 7.583884738759265332e-02 7.959035392650946061e-01
4.023191551289152557e-05 -4.774932415374325778e+00 6.667391850971715606e-01 7.482660267806716670e-01 5.496209097153093026e-03 9.709590795151902265e-01
4.014205173951145472e-05 -4.774668557595441953e+00 6.719554035985908502e-01 7.343602208654705921e-01 8.877367000427785482e-02 6.748481053944069830e-01
4.005167232484691155e-05 -4.774422585675182518e+00 6.720575842561550273e-01 7.472581953713629543e-01 1.736183593839395883e-02 8.325754775502997029e-01
3.996674327156260064e-05 -4.774045324160876014e+00 6.719044235111695240e-01 7.505886912292614177e-01 4.728644998746400069e-02 8.855575084098663563e-01
3.987117255247187519e-05 -4.773939443890923506e+00 6.717265211116181245e-01 7.415216318046092825e-01 3.815599292720309177e-02 7.668461512334582286e-01
3.981975907664938257e-05 -4.772729765936478685e+00 6.670706505177609325e-01 7.334914967542283115e-01 7.977000440756121247e-02 7.203953512397331949e-01
3.972461483263378771e-05 -4.772621997711364195e+00 6.726332418107255906e-01 7.350494899269630622e-01 7.483169357189187187e-02 7.480584556984464228e-01
3.962623993222839203e-05 -4.772601490871124064e+00 6.688116703682731590e-01 7.381253824013804810e-01 7.607565528694652801e-02 7.945442438517344996e-01
3.954073552511529888e-05 -4.772261594623136816e+00 6.748502763549721895e-01 7.449543466367777311e-01 5.537409436704886917e-02 7.852036167111886567e-01
3.946735594238815343e-05 -4.771619115858321436e+00 6.677343740494242619e-01 7.424407119265740151e-01 2.156183555620560729e-02 8.697412227117844452e-01
3.939419537669626941e-05 -4.770974534258202837e+00 6.681702980761354826e-01 7.311044132666537632e-01 9.990634405560358533e-02 6.845754952474493171e-01
3.931451087282745028e-05 -4.770499330113453951e+00 6.677507167400742460e-01 7.469017609276533687e-01 4.558883598074427168e-02 9.129609394752389306e-01
3.924098595071870925e-05 -4.769871253697456126e+00 6.714706042952451881e-01 7.309806365223348035e-01 9.537107478028954144e-02 6.565311726034892548e-01
3.914706950957785880e-05 -4.769767447493219237e+00 6.695613454602036274e-01 7.480069412215955005e-01 4.906883321085695610e-02 9.080723416774461043e-01
3.906135668410808234e-05 -4.769459356062622390e+00 6.700933531166060053e-01 7.484391345860533784e-01 5.423077340371443289e-02 8.616900431520484460e-01
3.897001725307239867e-05 -4.769300452166518767e+00 6.750120341432455096e-01 7.538636491626655722e-01 1.269086545634603297e-02 9.625612683098789812e-01
3.887547029176568455e-05 -4.769229546280463694e+00 6.690166379457137547e-01 7.284078110970551023e-01 1.050431205922144201e-01 6.634833746584255509e-01
3.880138067556580057e-05 -4.768637183826154313e+00 6.716354031463912522e-01 7.414714919144923533e-01 2.732407495283221618e-02 8.455008879435410574e-01
3.871170058792037540e-05 -4.768451119130959093e+00 6.694727170944747563e-01 7.282140028248839103e-01 1.058568172581451361e-01 6.560572450519421839e-01
3.861883987734016251e-05 -4.768352777121611652e+00 6.682960513484035303e-01 7.326456238381824360e-01 9.488288794918509073e-02 6.899668829925302838e-01
3.858011107818503423e-05 -4.766856127605650251e+00 6.679526440127344644e-01 7.433485735559978158e-01 4.011185037017492294e-02 8.117184875655671927e-01
3.849891255657600971e-05 -4.766463018632978610e+00 6.699442204267912482e-01 7.384262907343174254e-01 3.970491693612422657e-02 7.706388291308851057e-01
3.840910741515522547e-05 -4.766298410501617511e+00 6.741924052067300721e-01 7.456152998094475182e-01 1.433879530435462624e-02 8.587533983343976773e-01
3.833455452025459343e-05 -4.765741318006237570e+00 6.712381688444699623e-01 7.329443940622293319e-01 1.003233506144833448e-01 7.055701441902425541e-01
3.824118653771003772e-05 -4.765679897836447410e+00 6.665118434991685881e-01 7.505049656664312119e-01 2.786407417706041056e-03 9.862054873687622347e-01
3.814573874348848914e-05 -4.765678960170617984e+00 6.685689111780663829e-01 7.460830385019667776e-01 1.402438639217318955e-02 9.444162729001962520e-01
3.809236217281155765e-05 -4.764579220113002833e+00 6.748452912992188857e-01 7.409357532881403197e-01 6.702583473804399339e-02 7.662525192084497228e-01
3.803314767849469739e-05 -4.763634927427811583e+00 6.750064115016252142e-01 7.454887125382406721e-01 5.333672905272440756e-02 8.080490047363309003e-01
3.796130823928228830e-05 -4.763025577469170102e+00 6.682221781946520167e-01 7.383435514604870242e-01 5.814153372452914720e-02 7.508620489767674488e-01
3.794768725002003676e-05 -4.760884454287936052e+00 6.737854730850998397e-01 7.406603406519430832e-01 4.993803493454245651e-02 8.082753745679935875e-01
3.789521758156391332e-05 -4.759768095300724866e+00 6.737198398072553607e-01 7.481851630839542189e-01 2.267901817064566297e-02 8.297451484380952147e-01
3.783883734159923512e-05 -4.758756996177282872e+00 6.728383636930019840e-01 7.506553067407638613e-01 2.555282801855141700e-02 9.539485067766567683e-01
3.777693470452102992e-05 -4.757894290864140174e+00 6.714281959404940769e-01 7.448704919047139938e-01 6.822085128915733598e-02 7.969669465421960197e-01
3.768986991961113640e-05 -4.757701658294653413e+00 6.743101502288353366e-01 7.426972342472478728e-01 3.337318730204104356e-02 8.250400598366373073e-01
3.759646878147727012e-05 -4.757682883644795524e+00 6.693632060891372415e-01 7.464531747925652327e-01 5.954745282577399157e-02 8.588622172847244496e-01
3.751436926812974621e-05 -4.757368974179146726e+00 6.717887051481618021e-01 7.460987992563671289e-01 5.949186580831910404e-02 8.541117956506170117e-01
3.742793959058677807e-05 -4.757175540848312068e+00 6.740993729937019285e-01 7.366195065644037809e-01 6.890568020686924089e-02 7.442131881598386123e-01
3.733952846134035088e-05 -4.757040504455008367e+00 6.737372629607303320e-01 7.345783179261128337e-01 8.878596815080352922e-02 7.075432204680047743e-01
3.724903017806073595e-05 -4.756967105245742289e+00 6.706618019840028255e-01 7.308262805185949951e-01 9.800769843467253828e-02 6.591367261126032107e-01
3.723706703961431405e-05 -4.754788323271556649e+00 6.665769230707525583e-01 7.505603971547738507e-01 1.245576588192404133e-02 9.978546231709362058e-01
3.714413693750696986e-05 -4.754787076867656559e+00 6.692640439939809838e-01 7.316347144192489882e-01 7.845458073416355926e-02 6.916037241241692612e-01
3.708484947886249591e-05 -4.753884497878344995e+00 6.723311249133097078e-01 7.504013581299845415e-01 1.943776696033877940e-02 8.601721349126127958e-01
3.700387819388302918e-05 -4.753570291041781637e+00 6.671384940594186075e-01 7.448403466805783024e-01 2.938801324364708617e-02 8.561585288096440483e-01
3.691189806552185005e-05 -4.753559074370414805e+00 6.716383467215201186e-01 7.528330388307681309e-01 2.756009596971651515e-02 9.782408333967305136e-01
3.683708986039730093e-05 -4.753087799994615281e+00 6.661411776255223849e-01 7.456737846706915640e-01 3.014348607372591138e-02 9.081446487560455028e-01
3.676436884405514095e-05 -4.752563876047621427e+00 6.711053492548937349e-01 7.374618659902473228e-01 4.548897759760941323e-02 7.915366146234943390e-01
3.668954035927536486e-05 -4.752101303639330254e+00 6.739754534723598756e-01 7.407294052369499671e-01 5.967904857789570194e-02 7.367233149097404121e-01
3.660166069593245029e-05 -4.751999400660339212e+00 6.754717684074558193e-01 7.514054817964551658e-01 7.464251458901796643e-03 8.996578152979991527e-01
3.653300119653422239e-05 -4.751377019775348209e+00 6.680512246363013995e-01 7.492887200241429291e-01 1.076320074694449291e-02 9.093067008531756645e-01
3.649020750396286285e-05 -4.750049077213846616e+00 6.721695217249269438e-01 7.440296808232598202e-01 6.893983354963854893e-02 8.125839409228153842e-01
3.640375941272774027e-05 -4.749920964365015763e+00 6.699046077507395669e-01 7.292146400375403292e-01 9.545479962151429132e-02 6.632896019554175293e-01
3.632340494501232756e-05 -4.749630716419088294e+00 6.731596611599194313e-01 7.439757097955550513e-01 3.933022239932196240e-02 8.620896920356212467e-01
3.624303616297115525e-05 -4.749345757247164457e+00 6.695648230549449131e-01 7.481668152292334506e-01 1.950184856590518601e-02 8.614080270107808968e-01
3.615684881692160746e-05 -4.749226628067241052e+00 6.731562681083211874e-01 7.448538870954509727e-01 4.620255987276153387e-02 8.623899295538902665e-01
3.607848890410823368e-05 -4.748896201741914957e+00 6.726053657124940743e-01 7.424929644540670948e-01 2.396575483228913228e-02 8.421997992216416762e-01
3.598951742601275909e-05 -4.748865300800622968e+00 6.721708558866390515e-01 7.515423415929808337e-01 1.834032844481369579e-02 8.767428155012684243e-01
3.591779077081030518e-05 -4.748360276854934447e+00 6.725181560355070198e-01 7.523238408988697223e-01 3.102930456520792621e-02 9.530329994600624799e-01
3.583116032331543110e-05 -4.748275099323325144e+00 6.664796458365815912e-01 7.477391284858312392e-01 2.483772103537138995e-02 9.483631380950345857e-01
3.574717410562537894e-05 -4.748121794224866576e+00 6.737780198684146793e-01 7.414370356463916290e-01 7.274750932792307945e-02 7.732863892683277118e-01
3.566047015462696205e-05 -4.748050217526214922e+00 6.661656148932277866e-01 7.428599362779564341e-01 4.349803223357501247e-02 8.583967716740964482e-01
3.560164919242923853e-05 -4.747201051829067708e+00 6.675495751360351893e-01 7.429039773274785929e-01 4.940698715044131162e-02 8.086983442869464245e-01
3.557585334936034247e-05 -4.745425883223180819e+00 6.721568601373213436e-01 7.430770097868647506e-01 1.933862833368633211e-02 8.248986548635854898e-01
3.549276593445533056e-05 -4.745264115022189699e+00 6.728585374926356888e-01 7.344617248019467137e-01 6.425730269950558071e-02 7.215849881925020526e-01
3.540885635715999255e-05 -4.745131045813267612e+00 6.704527459692277702e-01 7.402265134341027286e-01 6.132536902795050066e-02 7.411942226062702144e-01
3.536025296017057180e-05 -4.744004622649262259e+00 6.708028551898310710e-01 7.547905298421707654e-01 4.847017907048334351e-03 9.465761103511658447e-01
3.528949101645903285e-05 -4.743507799543921877e+00 6.673333203815581260e-01 7.478135710083329002e-01 2.928881721395981685e-02 9.515676489124244020e-01
3.521589421278339705e-05 -4.743095493417717634e+00 6.696601644578397128e-01 7.473097187675165065e-01 3.142571473181660080e-02 8.391519999921857043e-01
3.512964904295638545e-05 -4.743047538253768458e+00 6.706821497445364377e-01 7.425433891987744950e-01 4.550352242331785757e-02 7.716072439429133567e-01
3.504438333155545461e-05 -4.742977660921003036e+00 6.700088778137982537e-01 7.452760628829425693e-01 7.227507936850445514e-03 9.039395082019868743e-01
3.495988335051428581e-05 -4.742891800118096413e+00 6.705496913881983101e-01 7.295841878658695379e-01 8.733452483310048808e-02 6.783639986379909059e-01
3.488744518892082300e-05 -4.742465986463625605e+00 6.749781186142559397e-01 7.490265428025524308e-01 1.257739197994978131e-02 9.016722643434491591e-01
3.480628561860333149e-05 -4.742295022549486205e+00 6.710040888799050363e-01 7.492939962264906217e-01 4.875541631226951167e-02 8.967256600510309372e-01
3.473444410690485943e-05 -4.741861194059044493e+00 6.729606284477113176e-01 7.546385969971612928e-01 2.589547770296639351e-02 9.532805169870649520e-01
3.465888223080343237e-05 -4.741538980020711946e+00 6.745206609825323829e-01 7.525768892236932572e-01 2.181165807726278411e-02 8.909307486522639596e-01
3.457598543106328776e-05 -4.741433635839463534e+00 6.727950995148304081e-01 7.408864113789894734e-01 7.915556224391559481e-02 7.638502669027454894e-01
3.451475399186914553e-05 -4.740706129685577253e+00 6.725490430608148662e-01 7.378519992593711718e-01 7.852770490564883743e-02 7.060783668561103621e-01
3.444301562085613929e-05 -4.740286776936671664e+00 6.736559280634858426e-01 7.331705957958219999e-01 8.567108072163018284e-02 6.912510704172980525e-01
3.436074022175372765e-05 -4.740178374235714642e+00 6.681803915368961233e-01 7.409620330696875534e-01 2.912942892896651717e-02 8.454496481738851266e-01
3.428721148879372099e-05 -4.739820572487710493e+00 6.727586449581380856e-01 7.348413125426914716e-01 8.947237914569047823e-02 7.205919619688478939e-01
3.420879532514154180e-05 -4.739610229989162704e+00 6.738180816700993780e-01 7.420200483996387542e-01 7.205205320766516763e-02 7.645160091228108135e-01
3.412349796739817012e-05 -4.739606777315072073e+00 6.675185735790563069e-01 7.492686937112552625e-01 3.205719663459843244e-02 9.073408401678650925e-01
3.405405432420273193e-05 -4.739143919009866757e+00 6.744402100490315410e-01 7.512127291964377784e-01 2.972384072801714100e-02 8.706259631543513677e-01
3.398628924167241161e-05 -4.738635828556020613e+00 6.709323971252125762e-01 7.339526200819990187e-01 6.109658044647801184e-02 7.321874488600659259e-01
3.391748392383305385e-05 -4.738162382845422904e+00 6.687490899230942309e-01 7.469452992074260278e-01 6.665899755767763779e-03 9.504943567686652273e-01
3.383533971403909578e-05 -4.738087204295876376e+00 6.746222417033579388e-01 7.509515751476378842e-01 1.013170804115459678e-02 8.777598777690439613e-01
3.375301437729297618e-05 -4.738023286031148196e+00 6.728450647149102348e-01 7.459447396063902946e-01 5.273166161773594485e-02 7.924978535742348562e-01
3.367333184850214938e-05 -4.737886829967472124e+00 6.701981786654143125e-01 7.442299257469076057e-01 4.195776388623019548e-02 7.936103586218922201e-01
3.360346143184666763e-05 -4.737463933776060010e+00 6.687833311442095141e-01 7.485724298399076826e-01 1.723299699847070932e-02 8.809634334068596750e-01
3.352137330478965443e-05 -4.737409769756163236e+00 6.666156589006043687e-01 7.382013474521599283e-01 5.517232795037332188e-02 7.988034934201648785e-01
3.345297862237089486e-05 -4.736952184627715390e+00 6.668828208337812535e-01 7.512713250741140936e-01 1.404455557281754363e-02 9.695244611271669477e-01
3.338066958437094304e-05 -4.736616036763702908e+00 6.685954471436162949e-01 7.522078087290499093e-01 2.899358486444408162e-02 9.766410485089891402e-01
3.332872136447812374e-05 -4.735673485562278628e+00 6.719764347931581616e-01 7.318760049337712514e-01 1.009956180966379846e-01 6.678945259371515952e-01
3.325316959722764105e-05 -4.735442925453087426e+00 6.694341144735088678e-01 7.313051836212373091e-01 9.944223711733266025e-02 6.750611118398418542e-01
3.317639141419780855e-05 -4.735254493256596753e+00 6.692497472596635744e-01 7.373567163172776162e-01 4.380746328639057580e-02 7.853545282387324189e-01
3.310023843196222823e-05 -4.735052528504490432e+00 6.671410543647522395e-01 7.348368234586558634e-01 7.908765541740558902e-02 7.474234949662795779e-01
3.302859510428371882e-05 -4.734719309676259869e+00 6.697724275431066188e-01 7.350029070256283159e-01 8.808961590082527160e-02 6.959232533753082484e-01
3.297782668726141760e-05 -4.733757597183911869e+00 6.725352351729608769e-01 7.460364296749124602e-01 2.487617760254349358e-02 8.147664417908988543e-01
3.289928218332547802e-05 -4.733642174846807826e+00 6.716626255435431680e-01 7.515421618616020538e-01 4.077895561837898558e-02 9.114757410283870209e-01
3.282747710413972010e-05 -4.733327132953089489e+00 6.727764371472240157e-01 7.416298628567861151e-01 4.952429213085643434e-02 7.528585538457646109e-01
3.276582690017396652e-05 -4.732706904769901968e+00 6.699796064371967841e-01 7.457184139968261460e-01 6.295753888672245280e-02 8.349768611227089687e-01
3.268929209492165322e-05 -4.732545448838164859e+00 6.732143829534648072e-01 7.465358620072699569e-01 3.613694413225246316e-02 8.043706293621948333e-01
3.261427285368006932e-05 -4.732343004088062521e+00 6.723589358842601005e-01 7.405454849711263776e-01 8.139747375555902997e-02 7.528436098095641071e-01
3.254117152951437324e-05 -4.732086910350399300e+00 6.728604862309064405e-01 7.365606778387571163e-01 8.540450983239333826e-02 6.974833262203411488e-01
3.246939660326041605e-05 -4.731795011509282389e+00 6.730584750074647404e-01 7.476889715791080748e-01 1.410357770232975594e-03 8.907831766937247542e-01
3.239294977392158999e-05 -4.731652214694372027e+00 6.695826664148580853e-01 7.496212655315032114e-01 2.851881457506473538e-02 9.667739188347428403e-01
3.232150901821058165e-05 -4.731360091761279030e+00 6.729380496520754873e-01 7.518173916560919601e-01 9.857975189044389241e-03 9.859656779231738000e-01
3.225514895754662357e-05 -4.730915326147905553e+00 6.741119230745864499e-01 7.484818369972376928e-01 3.084363400552053019e-02 8.297161829391194177e-01
3.220920586908171315e-05 -4.729840705999050599e+00 6.679890528895708890e-01 7.474838500626244109e-01 3.823557576867771951e-02 8.665104738234713500e-01
3.216209401477345927e-05 -4.728804459653396464e+00 6.732661141139777428e-01 7.489913014662763491e-01 2.156225463097807826e-03 8.793590130720625453e-01
3.208459135550519281e-05 -4.728717119432383598e+00 6.681687107097544764e-01 7.453588781540301245e-01 5.650120555469376193e-02 8.622063011461926774e-01
3.200585062558405843e-05 -4.728674296106629704e+00 6.690729955087874048e-01 7.475464899036158295e-01 5.253070470654537527e-02 8.783437904628270676e-01
3.193015407498583003e-05 -4.728542182130200722e+00 6.706776252509667469e-01 7.488222542515443614e-01 4.665786911296112421e-02 9.065399349947815821e-01
3.185478568546805769e-05 -4.728405386512829267e+00 6.695187149678466509e-01 7.399983282652399241e-01 4.270859110266334024e-02 8.409089691206607098e-01
3.178219600417910923e-05 -4.728186755328423807e+00 6.708647274900388924e-01 7.303142289893620465e-01 8.922116662925531905e-02 6.947291084571471931e-01
3.170349327700782051e-05 -4.728166141419370305e+00 6.687227993022661909e-01 7.430337269397773170e-01 3.896869289114117396e-02 8.859787205929423592e-01
3.163631823268931191e-05 -4.727787242442658133e+00 6.740249485617517688e-01 7.407994163894767725e-01 7.276966627596273551e-02 7.474562181213146861e-01
3.159535958058055325e-05 -4.726582753150383454e+00 6.683961736730844594e-01 7.483585550350363436e-01 1.305525826089790065e-02 9.758939140937236134e-01
3.152286562570403802e-05 -4.726379838865849337e+00 6.665679561609706427e-01 7.439389941301046694e-01 3.504961264551485767e-02 8.897803740996589328e-01
3.146272975299639179e-05 -4.725789351370049296e+00 6.697462554072474150e-01 7.341351237843560806e-01 9.392863348713373361e-02 7.249992542074962243e-01
3.138591379562870239e-05 -4.725733827218099314e+00 6.678654172217757257e-01 7.325317275538877348e-01 7.956890769594893165e-02 7.184495204195731066e-01
3.133723668903457080e-05 -4.724785953219114987e+00 6.686197989569077071e-01 7.401923196024795537e-01 3.407015734792783607e-02 8.381957261520935898e-01
3.126272116918186024e-05 -4.724666643481421957e+00 6.664458574815387282e-01 7.457712723988570991e-01 2.921397689410225318e-02 8.982086000857234520e-01
3.118933866616447091e-05 -4.724516687242454438e+00 6.738855956774804090e-01 7.459906002398647429e-01 5.254060917254960161e-02 8.392091283469966800e-01
3.111338145375877601e-05 -4.724455015774272404e+00 6.711548237028155395e-01 7.366397112760120214e-01 5.710813793791820470e-02 7.812984240697429250e-01
3.103661450669516859e-05 -4.724425393605133472e+00 6.711283496948698968e-01 7.492731453409579023e-01 3.394352885432783129e-02 8.492830167730118784e-01
3.096668197687568231e-05 -4.724181162683230184e+00 6.688722558166899645e-01 7.402058167665953592e-01 4.370507155182426495e-02 8.456193422641753443e-01
3.089002157036386669e-05 -4.724159809017864475e+00 6.705012263510989889e-01 7.362408871297384527e-01 7.286825067158450575e-02 7.731259903816465329e-01
3.086526594387344654e-05 -4.722461542077912355e+00 6.686911716274371864e-01 7.406624038750418970e-01 3.021584936075790567e-02 8.277979712034883031e-01
3.081104847220421025e-05 -4.721719671958014786e+00 6.705358745779176344e-01 7.321121648864113984e-01 7.999697195610475098e-02 7.225315797835297760e-01
3.073774915180907630e-05 -4.721601500941772223e+00 6.678815581834524062e-01 7.457484572320041138e-01 5.335016222824695564e-02 8.622575146965744119e-01
3.066129238396968654e-05 -4.721591989569793313e+00 6.695876683861192724e-01 7.419827181787790327e-01 7.463854919968793133e-02 7.837443321985394507e-01
3.058522469830531076e-05 -4.721575974893398531e+00 6.691677677201309793e-01 7.357215201796070136e-01 7.717966834955049260e-02 7.118979318842284520e-01
3.051435356080584566e-05 -4.721395832781221102e+00 6.707427594730629439e-01 7.444426301747246733e-01 5.303822014767634041e-02 7.864573084489528965e-01
3.044499909751043423e-05 -4.721171266826867274e+00 6.723531714366940415e-01 7.490507689150961435e-01 2.543397910165807671e-02 9.407181459427996773e-01
3.037184317627248650e-05 -4.721077046337509131e+00 6.698831198065436920e-01 7.408717298976519317e-01 5.237238705676018624e-02 8.434449497349010283e-01
3.035555109948963768e-05 -4.719113610679454673e+00 6.693584095757266761e-01 7.521355512913359131e-01 1.133262747699908396e-02 9.249133192890801602e-01
3.028397627043275905e-05 -4.718974277571175158e+00 6.702543330511278041e-01 7.454175100580155977e-01 3.373819160320535443e-02 9.104442652340239972e-01
3.024043452965732761e-05 -4.717913093669061197e+00 6.734700266699582549e-01 7.475638204830302724e-01 5.861584681341527880e-03 8.738959745397056889e-01
3.016725377901603193e-05 -4.717835990107920097e+00 6.681624118799961431e-01 7.423805273319959985e-01 2.523403671984753016e-02 8.676512306491783733e-01
3.009914899846818690e-05 -4.717596115365116027e+00 6.724247650944538135e-01 7.451514808408513657e-01 3.084190658724656614e-02 8.020956579438669465e-01
3.004108298547103655e-05 -4.717027136550926869e+00 6.747020157316839795e-01 7.463023890038773533e-01 2.114151298901668224e-02 8.413006852319669937e-01
2.997097855967615390e-05 -4.716863482141421926e+00 6.674070327748649056e-01 7.477370529506369712e-01 3.104067583449136164e-02 8.880829528007263551e-01
2.990600987163041398e-05 -4.716533554993908695e+00 6.729977253516988833e-01 7.429007071852055111e-01 6.835789053347829380e-02 7.971175161767892758e-01
2.984011812885373010e-05 -4.716239280174663762e+00 6.708851629717497156e-01 7.509375330584665553e-01 1.665691613269303095e-02 9.899065528596242558e-01
2.979109575549272420e-05 -4.715383465533684593e+00 6.736050484130484683e-01 7.431388754658732054e-01 4.198987227975172626e-02 8.388610913271731251e-01
2.973691684322910553e-05 -4.714703748955164642e+00 6.744988592092536761e-01 7.436964516583913776e-01 5.854435776460523155e-02 7.836805285145214128e-01
2.966658778683168917e-05 -4.714571592054479510e+00 6.739426472950456048e-01 7.537126293270350885e-01 1.321903042419883545e-02 9.784012577735743399e-01
2.962323660340879873e-05 -4.713533940496028585e+00 6.742134069369878357e-01 7.477220710961046679e-01 4.057456066454236121e-02 8.217771948466244814e-01
2.956164467996703378e-05 -4.713115281012077773e+00 6.684205778164525880e-01 7.392643263031772882e-01 3.924551476851136089e-02 8.014132925140242669e-01
2.949076313434161525e-05 -4.713015914018928498e+00 6.712129001832271014e-01 7.379918420292235215e-01 4.516376060401715992e-02 7.918844380497868096e-01
2.942220339852551106e-05 -4.712843407295918219e+00 6.694739250550848508e-01 7.534694971767038618e-01 2.431012872173754155e-02 9.949220462631124251e-01
2.935647139786527334e-05 -4.712580001716911937e+00 6.695335102160522300e-01 7.326679106479532244e-01 9.405994691387391249e-02 6.859517048262787631e-01
2.928626658763950681e-05 -4.712474325248741991e+00 6.723956844345114758e-01 7.393753067107515786e-01 4.039586902077104552e-02 7.960375011845912674e-01
2.924795266425331069e-05 -4.711283437400497043e+00 6.696615788054802731e-01 7.373721484391677627e-01 8.027816381529109813e-02 7.713143448070000074e-01
2.917805876585705634e-05 -4.711175999549676696e+00 6.697211702829491964e-01 7.479160515742319104e-01 1.540032856006031889e-02 8.677107256052933870e-01
2.912221175619590126e-05 -4.710591840633880700e+00 6.747421456129070183e-01 7.444664840005187356e-01 3.511887352579022570e-02 8.306227234143046534e-01
2.906328717436837750e-05 -4.710117245693705712e+00 6.745569695123225795e-01 7.485219469285355753e-01 1.164690556734352539e-02 8.964016546910181793e-01
2.900410059150329933e-05 -4.709655794546650398e+00 6.732629126014078036e-01 7.467027985042827831e-01 8.416133452869463405e-03 8.828610517975444827e-01
2.894832777602933556e-05 -4.709080574379486350e+00 6.678857819735622980e-01 7.335469707232690206e-01 7.823971392078882259e-02 7.378149416716200948e-01
2.889037099036542822e-05 -4.708584658368164533e+00 6.709124080274442292e-01 7.504121238158900642e-01 3.793160865287184547e-02 9.352212751167633398e-01
2.888340851916842527e-05 -4.706325683666829462e+00 6.708649942782936026e-01 7.456339197381363082e-01 6.275758372902731641e-02 8.217024117665062688e-01
2.881773617262446970e-05 -4.706101977326224706e+00 6.706937630785122506e-01 7.380383790415993017e-01 8.793727313450463989e-02 7.384402176875922708e-01
2.876526265717192489e-05 -4.705424512833011441e+00 6.720964174323978968e-01 7.429269533636062572e-01 3.216718489590641994e-02 7.908631676225689189e-01
2.871352493776928948e-05 -4.704724750295925517e+00 6.730847494354103011e-01 7.448221958913792129e-01 3.779897600547284936e-02 7.913190796737432642e-01
2.864925649000096711e-05 -4.704465522903524821e+00 6.684665514299832356e-01 7.453947784753132133e-01 5.453384404724299916e-02 8.692111525392247628e-01
2.857844032762402962e-05 -4.704440415393046138e+00 6.722114873450470984e-01 7.429531116028834647e-01 2.828594670762906577e-02 8.564185644809720888e-01
2.850891130420191936e-05 -4.704376298502491949e+00 6.691500342776193211e-01 7.473299415960037440e-01 1.328750880159296210e-03 9.305942186762261592e-01
2.844543179995559319e-05 -4.704105435986051909e+00 6.737034439527882501e-01 7.489182143364309097e-01 4.385310727274668863e-02 8.466345820705446501e-01
2.838581800943149275e-05 -4.703703359666730144e+00 6.714617218209554261e-01 7.415534730457761237e-01 2.891271237217210577e-02 8.376452895793535802e-01
2.831660495970930196e-05 -4.703644633971167721e+00 6.733526220845579280e-01 7.578606961291378674e-01 2.706624716116330653e-03 9.944567542168353258e-01
2.824896979512580460e-05 -4.703536024745821109e+00 6.732306703030672690e-01 7.427114654977792219e-01 2.783855824327495510e-02 8.282244154813221959e-01
2.818196895692026081e-05 -4.703410639493369239e+00 6.687731904292012475e-01 7.315682715774310951e-01 9.110534970419320588e-02 7.019244394695475231e-01
2.812928720193148534e-05 -4.702781731489968031e+00 6.725883656056765858e-01 7.347069367699293752e-01 8.154012618433734150e-02 7.277831925061263307e-01
2.807621390486245090e-05 -4.702170276625166956e+00 6.739330644361659628e-01 7.543210387819779816e-01 5.071446653580752306e-03 9.980856951208244565e-01
2.803264342154578121e-05 -4.701223346644786361e+00 6.672537697474059115e-01 7.468887365773949627e-01 1.863147023934896840e-02 9.418538039805102180e-01
2.796602743980640808e-05 -4.701102546441448204e+00 6.700512775378334451e-01 7.427664170190281245e-01 2.678088215750187157e-02 8.152915079229909878e-01
2.789625976909890307e-05 -4.701100392858703181e+00 6.736753728448886536e-01 7.411426896460251434e-01 7.149326601876097864e-02 7.542589218769956139e-01
2.782946597126728931e-05 -4.700997627849595517e+00 6.714916134470773068e-01 7.402376926814002722e-01 6.388633907743862528e-02 7.383266548198170742e-01
2.777383656106085160e-05 -4.700498567586390841e+00 6.702938400217173243e-01 7.405703562016188179e-01 6.581661222616269624e-02 7.482549424413306172e-01
2.772051314779239457e-05 -4.699920328268667902e+00 6.699556619161546323e-01 7.397355150238257293e-01 8.146248066426706180e-02 7.617633149472925469e-01
2.765218974546510716e-05 -4.699888094277214101e+00 6.691879231766654224e-01 7.422817487256192504e-01 6.050981399991563203e-02 8.422675427019516992e-01
2.758372188035652678e-05 -4.699867202457387982e+00 6.717845524533816448e-01 7.370781426856596319e-01 8.898204865554544540e-02 7.152332197548519899e-01
2.752710238424872912e-05 -4.699421953653144968e+00 6.706581343232433934e-01 7.468727610602852174e-01 5.655977641239504083e-02 8.585172761860143664e-01
2.747947623435198798e-05 -4.698653606956946227e+00 6.695092788774310577e-01 7.372735164550654474e-01 6.483970000103500553e-02 7.313347882970779867e-01
2.741275648651278978e-05 -4.698584543990784290e+00 6.743410331617538667e-01 7.542741666773888909e-01 1.681130059591549181e-02 9.415060725208453940e-01
2.734718065907703756e-05 -4.698479574452838925e+00 6.693335187896354288e-01 7.398260571361243709e-01 4.306357906848171102e-02 7.779336348943165502e-01
2.728352943475865396e-05 -4.698309811530529068e+00 6.696895514753258283e-01 7.432532738649533233e-01 5.444533167386366584e-02 8.598202312158179650e-01
2.721741607960053626e-05 -4.698235948800757456e+00 6.713829825391143258e-01 7.488472942925646914e-01 1.994908715641480548e-02 8.549880680101455965e-01
2.715569546966551323e-05 -4.698006211976281321e+00 6.714543815764916213e-01 7.316275921522362724e-01 8.954647459351564032e-02 6.771393330828059387e-01
2.711245109926838979e-05 -4.697099941715903171e+00 6.716386356865512441e-01 7.340990353328911144e-01 8.756569087508261906e-02 6.858064185861747486e-01
2.705621137400243797e-05 -4.696676409655317741e+00 6.697855753317507599e-01 7.453525052771227122e-01 1.363468949900664695e-02 9.125180512583805914e-01
2.698886365928120356e-05 -4.696668690387296508e+00 6.741660620335919729e-01 7.545644261111988937e-01 1.175943925130461601e-02 9.769915396427468757e-01
2.692569068533896348e-05 -4.696512139336141090e+00 6.670417491055508075e-01 7.437766641300557202e-01 2.877747941336640178e-02 8.741600922752942315e-01
2.686134951017319963e-05 -4.696404582036891817e+00 6.734610996663910054e-01 7.459249259900766482e-01 5.504736156145628029e-02 8.044238660308371536e-01
2.679928358417235846e-05 -4.696217859018516627e+00 6.673365740037904281e-01 7.508623399900423712e-01 1.493362432863954217e-02 9.938538186327903201e-01
2.673692116074051291e-05 -4.696047589037140035e+00 6.679328867358945709e-01 7.385428018042007325e-01 5.781325633562157257e-02 8.129860485060361741e-01
2.667114308200744003e-05 -4.696010816750955108e+00 6.748938303067676392e-01 7.518676763252960527e-01 7.983344082797910746e-03 9.042642352788512472e-01
2.660666802973634152e-05 -4.695931152061303848e+00 6.735346493491181086e-01 7.560627983060277391e-01 9.730185214859660148e-03 9.593658961513139571e-01
2.654097558045665284e-05 -4.695903227143923608e+00 6.706582528288194123e-01 7.416567889588543405e-01 7.559246441888889390e-02 7.704867217745670072e-01
2.649467195016528650e-05 -4.695149359951278356e+00 6.732721554909048001e-01 7.477146088748882757e-01 6.422526837264345978e-03 8.746513271794895683e-01
2.644557588862890364e-05 -4.694504133119733247e+00 6.719735276657209377e-01 7.527628113170555801e-01 2.225554566097383974e-02 9.024427722500960591e-01
2.638086688028293806e-05 -4.694454006225656784e+00 6.681627104682048568e-01 7.375724431861946373e-01 5.779833618112456550e-02 8.009312045206612440e-01
2.632476961991830902e-05 -4.694082707642534658e+00 6.724050806354547882e-01 7.416338671736517618e-01 4.345790592799120972e-02 8.338682522758792404e-01
2.628551264148468893e-05 -4.693075076967779147e+00 6.728597789604898738e-01 7.491847460476642739e-01 1.569992539328677467e-02 9.424627548321715675e-01
2.622063335783028957e-05 -4.693046380676691776e+00 6.712090842005556945e-01 7.434362184926105455e-01 3.662909670653712035e-02 8.733049976813180848e-01
2.616896977845969234e-05 -4.692518664985983357e+00 6.691252431401061296e-01 7.325830038989478155e-01 8.919996098043699029e-02 6.955946658769475155e-01
2.611135513403526164e-05 -4.692222731921094514e+00 6.688553870756391850e-01 7.403770467382231324e-01 3.386271583554761183e-02 8.293799734623030773e-01
2.605329504987294052e-05 -4.691948764605402111e+00 6.715039328817203890e-01 7.532365620207429613e-01 2.580903695739051457e-02 9.186810199893983286e-01
2.599513205098658453e-05 -4.691683722560390457e+00 6.748291944921066543e-01 7.467601678222283157e-01 3.281905741421332900e-02 8.269654902396345042e-01
2.593127835357697677e-05 -4.691643115732294866e+00 6.725703353088382519e-01 7.403821437101839598e-01 5.154443508323069967e-02 7.489275767997289890e-01
2.586747108315039527e-05 -4.691606777631250225e+00 6.694347042982167206e-01 7.518713582286130626e-01 1.302923442113600866e-02 9.221149835847564091e-01
2.580366591061532895e-05 -4.691576442851628670e+00 6.731339418854832557e-01 7.468229094327372142e-01 3.920536442940692617e-02 8.107265010799519223e-01
2.574285554777967376e-05 -4.691435880087185595e+00 6.689262004972648112e-01 7.420328456567701902e-01 2.928788097342623076e-02 8.233519840930602074e-01
2.569029284563062503e-05 -4.690979803980237506e+00 6.703944958067822313e-01 7.528656698322704344e-01 2.856134622299024220e-02 9.711092908561865800e-01
2.562918343302633141e-05 -4.690861334187412801e+00 6.718656743755043736e-01 7.416256788411904610e-01 6.626673049207887356e-02 7.508491684019441559e-01
2.557590569168714255e-05 -4.690442289868814285e+00 6.691091570510157016e-01 7.504465527907905331e-01 2.088098580392916404e-02 9.853336206841025735e-01
2.551336151292243296e-05 -4.690390718410923476e+00 6.721899284454708745e-01 7.370584993287676578e-01 5.428089254101111510e-02 7.663323333531335546e-01
2.545240819090237712e-05 -4.690282651327295049e+00 6.707550932197005045e-01 7.336987629902976815e-01 6.829543461118461889e-02 7.321464446611194443e-01
2.539426416652318085e-05 -4.690069685936524735e+00 6.673158672706028804e-01 7.417842231563643862e-01 4.848732008473959076e-02 8.532165363746709863e-01
2.533457112971361622e-05 -4.689923103436146157e+00 6.720600827335005967e-01 7.420343657643745372e-01 7.330084098425865280e-02 7.657996044127483026e-01
2.527594202354355309e-05 -4.689739979071009479e+00 6.699055259641537585e-01 7.392137969585591550e-01 5.526476050232323467e-02 7.506329042082926506e-01
2.521289263098441257e-05 -4.689737538215114299e+00 6.706939697043527993e-01 7.332500239517772966e-01 8.934680317313441200e-02 7.192677092894684820e-01
2.516080221237049615e-05 -4.689305698485790153e+00 6.726533838461824510e-01 7.523497005593509090e-01 1.529642198905312167e-02 8.944226484437555191e-01
2.510028211166140405e-05 -4.689213928661174258e+00 6.676591792562265315e-01 7.367376981376709821e-01 7.454192518179150739e-02 7.526967482626729655e-01
2.504398744897249086e-05 -4.688959237520292866e+00 6.685773797704929189e-01 7.475186939776267137e-01 1.734376861023328303e-02 9.550198975286597891e-01
2.499046873094223662e-05 -4.688598512832832022e+00 6.740013091784713417e-01 7.479612384139566750e-01 2.331558935378363895e-02 8.380750269433241417e-01
2.493001210898786112e-05 -4.688520630989295945e+00 6.725944272002194468e-01 7.493040574490250627e-01 3.547845700578521749e-02 8.452209936270067558e-01
2.487230182380689228e-05 -4.688338206477444814e+00 6.685122139699477550e-01 7.382518586033861574e-01 4.710548459971862501e-02 7.821837756717073820e-01
2.481754003341465041e-05 -4.688042351651427353e+00 6.741906277171750839e-01 7.413966334039693296e-01 6.440681643468747219e-02 7.684683721399844236e-01
2.476664381700812833e-05 -4.687595273786246963e+00 6.688625442413554945e-01 7.367398984862932876e-01 5.256086662389299752e-02 7.681241471466593307e-01
2.471449162899956578e-05 -4.687203237027186553e+00 6.714510712704172546e-01 7.358340460481803680e-01 5.875805789254254230e-02 7.327312355552347833e-01
2.465766299967218965e-05 -4.687005289868571900e+00 6.695782609663285534e-01 7.519060451203465334e-01 2.956988629091983692e-02 9.679947903661964004e-01
2.460238729800204855e-05 -4.686749531380153933e+00 6.726365386077065578e-01 7.361375698362940811e-01 8.561816230505198133e-02 7.253505978049129554e-01
2.454240390994058896e-05 -4.686690620918781747e+00 6.723182578342439264e-01 7.473667452627087426e-01 5.100857573158833203e-03 9.119979892712593017e-01
2.449337774728228373e-05 -4.686190229259347362e+00 6.747446301103782185e-01 7.505212192206764943e-01 1.274718751148065307e-02 9.174084515733020861e-01
2.443407522597828218e-05 -4.686114330525203542e+00 6.705937023683145037e-01 7.518110723822170050e-01 3.376731394133632852e-02 9.096089006770743390e-01
2.437890393011809008e-05 -4.685874848949095117e+00 6.682591253644010187e-01 7.541750109253367862e-01 8.003807006227853238e-03 9.932919926605785488e-01
2.433227471968181773e-05 -4.685289367380866210e+00 6.671522797653430814e-01 7.479692943597178179e-01 1.314384436257956187e-02 9.449692650143037831e-01
2.427312018041723624e-05 -4.685223441565110392e+00 6.696114743603288622e-01 7.523299243915970713e-01 9.514484833484396220e-03 9.298260064011919512e-01
2.421343971047217213e-05 -4.685185175299932503e+00 6.730767491511484568e-01 7.465831307553562057e-01 1.363584313800723924e-02 8.939807747988237629e-01
2.415595103394227013e-05 -4.685062244876987414e+00 6.719038276761839512e-01 7.454122110619670893e-01 3.570175613580098967e-02 8.894969452361920492e-01
2.412641520463725892e-05 -4.683785707407524868e+00 6.734620539758672253e-01 7.370825226124678720e-01 6.414932609578054279e-02 7.463082884232921099e-01
2.406941978175557623e-05 -4.683650868192354544e+00 6.678385860685729369e-01 7.484234310644684030e-01 1.536574796136928531e-02 9.670242519011422733e-01
2.400998740547243563e-05 -4.683623128564578408e+00 6.744800286796289734e-01 7.514571459461499847e-01 1.121348763862270101e-02 8.912024900053724386e-01
2.396170386522505623e-05 -4.683136130619450554e+00 6.687790231234453930e-01 7.473324137122392408e-01 1.917675945169212970e-02 8.736052673642644706e-01
2.390423374842753204e-05 -4.683037426709244500e+00 6.728036019636911558e-01 7.427003595324236374e-01 5.853093321463966742e-02 7.617532860111240200e-01
2.385009950756788620e-05 -4.682804624693465811e+00 6.713590202675013829e-01 7.419252234756086306e-01 2.634602037122194332e-02 8.307361308774328101e-01
2.379167134895398804e-05 -4.682757438132471250e+00 6.718293337099647822e-01 7.468392399381033053e-01 8.780924971069695856e-03 8.652333759600910890e-01
2.374329131046391337e-05 -4.682292994804380548e+00 6.742063322090990907e-01 7.448097795793320319e-01 4.482029851942553877e-02 7.929538162675187074e-01
2.368720584751344481e-05 -4.682157949525571183e+00 6.673194854402969556e-01 7.482279531545718010e-01 3.000156975436557572e-02 9.094944615659203979e-01
2.364492886273124382e-05 -4.681444346707270832e+00 6.675888132253090523e-01 7.472175234355866724e-01 1.113598224627302888e-02 9.315701105680249672e-01
2.358648630844106459e-05 -4.681419080267763988e+00 6.672135852266585232e-01 7.481027445034094114e-01 1.590622564870087727e-02 9.533830956115169064e-01
2.353026188056448525e-05 -4.681305681921100081e+00 6.710094458967571507e-01 7.380076274140787707e-01 4.900459869370594329e-02 7.925925544531751132e-01
2.347995829164556370e-05 -4.680945795621236805e+00 6.695715344693303761e-01 7.540741542800488695e-01 2.028431211963549474e-02 9.671371556668146852e-01
2.342142038673989933e-05 -4.680942009461912079e+00 6.735541453451008298e-01 7.515363055185326768e-01 1.045856220283171087e-02 8.880867670365486521e-01
2.339154835386355767e-05 -4.679718238581090262e+00 6.689432422638681430e-01 7.468222618739464025e-01 4.463478046178894626e-02 8.468952957119034730e-01
2.337575347387940483e-05 -4.679143444995621515e+00 6.730645549445293252e-01 7.493080272351593241e-01 4.040203644617712531e-02 8.917826256843808252e-01
2.338311046241798010e-05 -4.678828767179266990e+00 6.671430236519253487e-01 7.421993125857228035e-01 4.233077826108404274e-02 8.337006986303268086e-01
2.338557560868961252e-05 -4.678723348512162872e+00 6.713219664397823694e-01 7.407952919503142386e-01 3.907624374428905756e-02 7.774166814877927489e-01
2.339707765648375517e-05 -4.678231625737883093e+00 6.738815199979852899e-01 7.469791005168362474e-01 1.370584284885932938e-02 8.659012869931723699e-01
2.339903004730052154e-05 -4.678148183293042273e+00 6.740388570415504210e-01 7.425855381695445345e-01 4.871834703801225519e-02 7.718635240198400416e-01
2.340684898898276269e-05 -4.677814082452894873e+00 6.677848071203784652e-01 7.419590948077167125e-01 3.917823590820627283e-02 8.625086687092871074e-01
2.341957375873320621e-05 -4.677270595706865208e+00 6.710600356800439092e-01 7.337427382091897821e-01 7.110299517251181256e-02 7.114244504475134567e-01
2.342463196989637809e-05 -4.677054636823408273e+00 6.685780692383368473e-01 7.483313235980149081e-01 3.207187132404788754e-03 9.600169750942528779e-01
2.344235466146271459e-05 -4.676298339323397890e+00 6.671340183354760311e-01 7.416176964202415567e-01 4.158505264843795346e-02 8.414865824300671315e-01
2.346434959001784070e-05 -4.675360523268395241e+00 6.731482048150894126e-01 7.414209379704141956e-01 5.817620995610193330e-02 7.516701270246424205e-01
2.347437446268823289e-05 -4.674933376045066424e+00 6.726894882512501894e-01 7.443510141027392946e-01 5.826265718662251847e-02 8.290701988095421360e-01
2.348156239788745723e-05 -4.674627219433744152e+00 6.712637151366265265e-01 7.436999764858638340e-01 1.953900080334874251e-02 8.386110265882047443e-01
2.348401706348714614e-05 -4.674522689025302213e+00 6.718932119374032563e-01 7.436826219356847956e-01 5.601168400845096818e-02 7.759235718875466814e-01
2.349131868955659912e-05 -4.674211818394526929e+00 6.723842090886948952e-01 7.486100393717046719e-01 3.956752279829092722e-02 8.383242717065889638e-01
2.350137121918330628e-05 -4.673783984627206678e+00 6.730610493773789837e-01 7.442980320001011396e-01 5.812391788364539014e-02 7.834045404690564984e-01
2.350256355007920118e-05 -4.673733251389575294e+00 6.738024951540836360e-01 7.434934530812155051e-01 4.204725439339083992e-02 8.320463088779183058e-01
2.350748057466482756e-05 -4.673524061005047692e+00 6.691788182492700576e-01 7.355678138834498281e-01 5.993082838264719020e-02 7.497053675853360133e-01
2.352045371244145257e-05 -4.672972340488191989e+00 6.719509904714699999e-01 7.481827049289987430e-01 4.744385283062144132e-02 8.806784598884814796e-01
2.352188708261935683e-05 -4.672911400911033297e+00 6.696507535882852968e-01 7.506297606113504495e-01 2.640178937657677513e-02 8.959415702911655011e-01
2.352762597415902985e-05 -4.672667449754251301e+00 6.671818729295307948e-01 7.498862754771092876e-01 1.830591044382440941e-02 9.579502661590829637e-01
2.352938761240038225e-05 -4.672592577249264245e+00 6.717308233559432518e-01 7.467330922510383440e-01 4.823548926370076206e-02 8.776834356801074266e-01
2.354041861843958336e-05 -4.672123868872306574e+00 6.672848750538598050e-01 7.444416600320283850e-01 2.950181214274408270e-02 8.698048967934800535e-01
2.355450338306023638e-05 -4.671525725189631828e+00 6.725930907222977817e-01 7.442443128353294357e-01 5.261073223759740736e-02 8.432463138740690090e-01
2.355979386774882035e-05 -4.671301144329065735e+00 6.712194776077307079e-01 7.491099415054873756e-01 4.695077224642402181e-02 8.798055831032646212e-01
2.356104672739586510e-05 -4.671247967873317641e+00 6.726167106812509511e-01 7.507681985591143636e-01 3.012092991643729872e-02 9.348345463643308317e-01
2.356112860124376287e-05 -4.671244492912863144e+00 6.700415101587380295e-01 7.413804114644894083e-01 5.131329612594932171e-02 8.428314625252081305e-01
2.356572640971624506e-05 -4.671049368137996538e+00 6.714323263017603072e-01 7.335081807275924959e-01 8.128053687108427461e-02 6.936342449881117700e-01
2.356620236315378898e-05 -4.671029171492115495e+00 6.698353206400524673e-01 7.360201935517483030e-01 5.611341399882251862e-02 7.564681876430121577e-01
2.356961363084743966e-05 -4.670884429425912643e+00 6.735801235388864106e-01 7.444320091767090419e-01 3.124946102832640293e-02 8.524047898228696019e-01
2.357662488265269138e-05 -4.670587003710604534e+00 6.682860471991476370e-01 7.532551574161194807e-01 1.712648790161734602e-02 9.879012611475177508e-01
2.357852540231439840e-05 -4.670506396623096634e+00 6.688911491713076529e-01 7.413154906273156097e-01 5.814574514704114183e-02 8.361326699911277860e-01
2.358064646245496956e-05 -4.670416443383540894e+00 6.700206731319400255e-01 7.325139300574218248e-01 9.133536674090489416e-02 7.050529292214997579e-01
2.358528853530963011e-05 -4.670219603317934620e+00 6.719832527406189859e-01 7.386991052444313866e-01 5.122989063053635939e-02 7.927846172926817925e-01
2.358762615335004866e-05 -4.670120494833424729e+00 6.721474033456339425e-01 7.377171136465691115e-01 6.512813342710420395e-02 7.234911430174609803e-01
2.358825280652020621e-05 -4.670093928156384244e+00 6.735975782770569076e-01 7.441793418448536812e-01 4.322277884198517245e-02 8.419808617028560205e-01
2.359799884159510881e-05 -4.669680840238903841e+00 6.691526224943112888e-01 7.476609486155770812e-01 2.775998377621172880e-02 9.423961887835980988e-01
2.360922919500046605e-05 -4.669205050658188583e+00 6.707074758090342259e-01 7.447287432508324923e-01 2.814331917202214997e-02 8.186673165187767776e-01
2.361459970169231190e-05 -4.668977601641854491e+00 6.699872220213141105e-01 7.476011592600185773e-01 4.161471326444454721e-03 9.408761858801104605e-01
2.362188375932529284e-05 -4.668669193515039950e+00 6.693652453690996929e-01 7.433509919036525027e-01 2.297668293417150925e-02 8.762208682692608219e-01
2.362451637903904901e-05 -4.668557751385748134e+00 6.746982221663284651e-01 7.464079804741978741e-01 3.486352430569961830e-02 8.415211159281462683e-01
2.362902587957878080e-05 -4.668366887364220119e+00 6.712493431474664263e-01 7.463387444496059064e-01 7.046466165734996401e-03 8.886730194155085805e-01
2.363540530401449154e-05 -4.668096941262485089e+00 6.726418669752409762e-01 7.551787652420830499e-01 8.749750751241056057e-03 9.461254375669965189e-01
2.363899396652717434e-05 -4.667945118602653487e+00 6.718187352158389025e-01 7.502058519254029001e-01 2.117789960774690491e-02 8.694957225045754079e-01
2.363982529092257162e-05 -4.667909951717837735e+00 6.727944466470483498e-01 7.447657261971225573e-01 4.633633387614307514e-02 7.889735767241019548e-01
2.364336493849622509e-05 -4.667760230535189514e+00 6.701430027905989073e-01 7.477741418175607446e-01 5.020194129923562232e-02 8.580417440224457071e-01
2.365523917648608418e-05 -4.667258133762506311e+00 6.745916120110799774e-01 7.513084619407350839e-01 2.060242291717109472e-02 8.920314555665861400e-01
2.366030622884754075e-05 -4.667043952468073797e+00 6.687693153806817392e-01 7.345024049056538828e-01 6.910630343461517111e-02 7.385855113136464700e-01
2.366729227441188258e-05 -4.666748731673610706e+00 6.687314700863203898e-01 7.405471124149937134e-01 3.876208929058233554e-02 8.042476409654987224e-01
2.367411907397524588e-05 -4.666460324572250684e+00 6.711879995498719609e-01 7.456626635543194270e-01 3.678073678001281266e-02 8.957855362745287264e-01
2.367766276063602171e-05 -4.666310649669631161e+00 6.717007963987057240e-01 7.489540628353446028e-01 3.146199336127458723e-02 9.302205568821215742e-01
2.368010667912373273e-05 -4.666207438791299289e+00 6.680545578851659894e-01 7.406936589399109039e-01 6.400798715158401153e-02 7.868220186394941917e-01
2.368309798930734220e-05 -4.666081125117700346e+00 6.684071848171033725e-01 7.412998888553484766e-01 3.707197075904892364e-02 8.504602121540847381e-01
2.371072685471900990e-05 -4.664915198179644840e+00 6.744524920208531116e-01 7.439455565620087807e-01 3.877859539927632632e-02 8.091240085308553098e-01
2.371434874323020365e-05 -4.664762456682767677e+00 6.731304106163606971e-01 7.484712209949385686e-01 2.526564106861876879e-02 9.158784593308300082e-01
2.372076129879985233e-05 -4.664492084985385922e+00 6.686901894164685167e-01 7.452284691375004044e-01 1.682857838928512872e-02 9.076927114267261398e-01
2.375509775882702636e-05 -4.663045603902342684e+00 6.701531205875379538e-01 7.402895417196473371e-01 3.913973550818242858e-02 7.870591918776104201e-01
2.375819677094417550e-05 -4.662915155691914393e+00 6.697102559788736809e-01 7.390188208791445001e-01 4.151470792859227044e-02 8.023446474224874558e-01
2.376697047916214985e-05 -4.662545932022633899e+00 6.716927392752765069e-01 7.503501998441736154e-01 3.891595673143628809e-02 9.134798375988166796e-01
2.376773762232751099e-05 -4.662513654842610045e+00 6.722513610180290700e-01 7.366923788394985628e-01 8.385022603411987352e-02 7.133528187641489104e-01
2.376955915987291658e-05 -4.662437018699217894e+00 6.746084645147265579e-01 7.519638962427385165e-01 3.674431101820689605e-03 9.343056642699382186e-01
2.377041726785750856e-05 -4.662400918219193002e+00 6.725641096568089061e-01 7.512182239148462726e-01 2.063232423318181810e-02 9.590739482207858435e-01
2.377395717450886056e-05 -4.662252008628963829e+00 6.742984533638864963e-01 7.459284385467652712e-01 4.549011934826729248e-02 8.160141740920204834e-01
2.377568874186444263e-05 -4.662179176652071710e+00 6.709273805915542122e-01 7.391998952278278079e-01 5.030519416700979241e-02 7.551763719938635600e-01
2.378023734721870796e-05 -4.661987881655118571e+00 6.738380420105649637e-01 7.432797363447918304e-01 3.325853713618423524e-02 8.117301534830095866e-01
2.378414255614829732e-05 -4.661823674366122994e+00 6.695347209438091696e-01 7.494354805605152325e-01 6.704463210363852121e-03 9.061355629024014924e-01
2.379110456692621337e-05 -4.661531000707082484e+00 6.715057709605201097e-01 7.414454457624329864e-01 6.390244529254453243e-02 8.123677814975730493e-01
2.380422471421046011e-05 -4.660979679902508721e+00 6.735455224842344935e-01 7.530238108818023690e-01 2.248773920370604473e-02 9.138127194999858816e-01
2.380567321841230158e-05 -4.660918831034304155e+00 6.697788913153031043e-01 7.414020594894085159e-01 3.777658713396622042e-02 8.498299294324797026e-01
2.381009989052808727e-05 -4.660732898019278814e+00 6.695141612281942933e-01 7.369844976900823408e-01 5.256484342015920602e-02 7.674130858854767423e-01
2.381281995693316695e-05 -4.660618664519240006e+00 6.742852048565961542e-01 7.541089367312024949e-01 2.637755678914339985e-03 9.367803900599127598e-01
2.381391989384987900e-05 -4.660572474630105155e+00 6.747512016318665262e-01 7.512057708282638968e-01 1.564217126020190848e-02 9.062234037184592195e-01
2.381946387103695296e-05 -4.660339697666809222e+00 6.738491282097662793e-01 7.490826901931757487e-01 1.176637222805872185e-02 9.165178321302658304e-01
2.382757864255237874e-05 -4.659999077507999132e+00 6.710217956045381182e-01 7.336184154215411590e-01 7.395608997687597164e-02 7.113845713646305136e-01
2.383328471699368504e-05 -4.659759632644170146e+00 6.694787997498599097e-01 7.353713245993606096e-01 8.660125064507820380e-02 7.203904631153447147e-01
2.383446133002345047e-05 -4.659710265383178118e+00 6.691603794179170617e-01 7.364696455077672788e-01 5.699666359831113277e-02 7.578747694459146977e-01
2.384289978192163196e-05 -4.659356283879611205e+00 6.687155248859543155e-01 7.411314863911171447e-01 5.313034859594741727e-02 7.831639417639392198e-01
2.385191603036928708e-05 -4.658978203016879149e+00 6.693058246534914213e-01 7.364454604973025287e-01 6.190536295490293994e-02 7.771628130506085252e-01
2.386789377996431926e-05 -4.658308554489124731e+00 6.677884863760821244e-01 7.448212442845434378e-01 3.286004091760041934e-02 9.006382932642851280e-01
2.387975079992232103e-05 -4.657811900871710264e+00 6.689978429067233723e-01 7.495530915603361155e-01 1.594271867267243320e-02 9.009958460487808019e-01
2.388559207797818373e-05 -4.657567318597908290e+00 6.719628678880718020e-01 7.348511691535373203e-01 8.162947263575923151e-02 7.002960107758776642e-01
2.388872026613746255e-05 -4.657436361687794957e+00 6.710556839675745344e-01 7.469517177308182543e-01 1.029416232805015555e-02 9.240061192217265962e-01
2.389156591034623180e-05 -4.657317247951152872e+00 6.744290055317446742e-01 7.453428628908115305e-01 4.271125394084705068e-02 8.265412166012587880e-01
2.389301948221619068e-05 -4.657256409425151844e+00 6.694801738423759030e-01 7.501596559026240119e-01 1.735892650471955456e-02 8.989878907285684395e-01
2.389373978086762720e-05 -4.657226263055630255e+00 6.696151928490265970e-01 7.535008427297376077e-01 2.328213509018645100e-02 9.730331418561043444e-01
2.389830472021570512e-05 -4.657035229614411520e+00 6.715971148320348805e-01 7.365665628509343588e-01 8.517485656910525615e-02 7.143170706794359504e-01
2.391881840818842108e-05 -4.656177223616178473e+00 6.680474644320754107e-01 7.461261810918764503e-01 4.214438217223790556e-02 8.971230133405007079e-01
2.392256107154228681e-05 -4.656020762268193280e+00 6.738013947175911511e-01 7.413890523920854125e-01 4.851976674918374866e-02 7.704832620592585446e-01
2.392674841010092909e-05 -4.655845740366530983e+00 6.683684314029955109e-01 7.383889725105549084e-01 5.145646635898340482e-02 8.027752472110378790e-01
2.392752461106459097e-05 -4.655813300171966596e+00 6.745322471677678289e-01 7.459670019876760705e-01 3.680077734301073766e-02 8.364309424743781030e-01
2.393442890370280806e-05 -4.655524791568407039e+00 6.706486310397702377e-01 7.520714168196807048e-01 2.511477188577157169e-02 9.745302599383631748e-01
2.393491083175357828e-05 -4.655504656423302912e+00 6.719457586008645844e-01 7.375245947066495500e-01 6.529600419082598473e-02 7.714483107568405051e-01
2.393778969318267319e-05 -4.655384384894813543e+00 6.686897927475730086e-01 7.461146585167162115e-01 3.186338626840284904e-02 9.187058665233889254e-01
2.395377574798791348e-05 -4.654716791123268749e+00 6.720308241948033112e-01 7.501087000254275106e-01 8.834271360615618407e-03 9.662928800013341757e-01
2.395534912105739135e-05 -4.654651109561590339e+00 6.718333503496438652e-01 7.366054308529179639e-01 8.563171484696999181e-02 7.248684681122575801e-01
2.395834287243283500e-05 -4.654526145224475719e+00 6.717378860094248560e-01 7.430366884638670566e-01 6.799261636823501764e-02 7.851389767440630774e-01
2.395936928513222350e-05 -4.654483304585666836e+00 6.719740148553805525e-01 7.473665966430218521e-01 5.232792753547629849e-02 8.438791654679111964e-01
2.397445352091473261e-05 -4.653853927023130055e+00 6.724906212967454167e-01 7.407592908295366207e-01 4.128070936420985548e-02 8.110154139632348436e-01
2.397632169010924184e-05 -4.653776006731445314e+00 6.700674418073457872e-01 7.378387384252091952e-01 8.175308375966247598e-02 7.357640104909115575e-01
2.398213397023856735e-05 -4.653533618602896382e+00 6.734805523833281571e-01 7.396561756237794993e-01 5.798839013116185298e-02 7.766103539305803105e-01
2.398343482572049830e-05 -4.653479377382998550e+00 6.710695220606447409e-01 7.328471099686958423e-01 8.629722041789167353e-02 6.964056314113948876e-01
2.398410028089984186e-05 -4.653451631317754966e+00 6.746286028466624840e-01 7.486145043527189236e-01 2.454150517447208080e-02 8.631065928437251511e-01
2.398892871984309306e-05 -4.653250333252566762e+00 6.702108334476210016e-01 7.477909428025641958e-01 4.840140370622392219e-02 8.555062707094271968e-01
2.399150595347987515e-05 -4.653142904728550633e+00 6.680800797728397855e-01 7.517790996694144745e-01 2.058358318825623604e-02 9.736641616436989555e-01
2.399373901398840390e-05 -4.653049831930376357e+00 6.684216241625321464e-01 7.405625447931819538e-01 4.472716346830152984e-02 7.973074763503533724e-01
2.399904798107352965e-05 -4.652828591721617890e+00 6.703410398786093793e-01 7.463382046593179941e-01 3.443170889406375196e-02 8.290504150305355591e-01
2.400483315802959990e-05 -4.652587562169558488e+00 6.700794721724050440e-01 7.374314013363192366e-01 6.592566675685782029e-02 7.839070990402970951e-01
2.400529996301808280e-05 -4.652568116066905901e+00 6.739489396715467873e-01 7.497489679658977391e-01 5.026363908454227480e-03 9.019613496250525886e-01
2.401408068785153589e-05 -4.652202400190843079e+00 6.681153468075555768e-01 7.460894652128011728e-01 4.381910702759123089e-02 8.912437859152827491e-01
2.402139307002831435e-05 -4.651897942603101299e+00 6.724341046961935797e-01 7.530780928817109032e-01 1.840728487669807123e-02 9.784954074562937087e-01
2.404784634917380424e-05 -4.650797310176390198e+00 6.743179725904869803e-01 7.467998673221242223e-01 3.680666799439922393e-02 8.523794068462076101e-01
2.405880852475484691e-05 -4.650341565506575847e+00 6.686512776335991060e-01 7.458480162209981668e-01 4.698170874024931026e-02 8.849211273656018006e-01
2.406229828499990134e-05 -4.650196524775698670e+00 6.743238361166224992e-01 7.445519102945452605e-01 4.095483231833146193e-02 8.233006523631559714e-01
2.406421652857157419e-05 -4.650116808071496521e+00 6.708347365859012035e-01 7.512948135305235198e-01 2.404251896852938747e-02 9.705353830174779928e-01
2.407445548968555402e-05 -4.649691413649961191e+00 6.681380728122402468e-01 7.438927336581486749e-01 4.421478589112687319e-02 8.276728387411880217e-01
2.408251115171653877e-05 -4.649356855114908704e+00 6.737862182042927417e-01 7.475514647138620239e-01 1.347574011768641611e-02 8.742454998660924570e-01
2.408736352578941831e-05 -4.649155385872076884e+00 6.693349126985062014e-01 7.346695340471786073e-01 7.604675956337968168e-02 7.198245353010032099e-01
2.408805465186080290e-05 -4.649126693808879551e+00 6.700612087839913356e-01 7.395151731881153268e-01 3.991787480894007367e-02 7.984966648381792709e-01
2.410071567978699540e-05 -4.648601217515112793e+00 6.676464559255791409e-01 7.477329738958308214e-01 1.363272759865636133e-02 9.299781844039476386e-01
2.411269381848586465e-05 -4.648104337536288710e+00 6.719772657528034765e-01 7.473069808010688320e-01 1.078105276475154611e-02 9.176985145645853992e-01
2.412654529715845661e-05 -4.647530054885598005e+00 6.729618288000387416e-01 7.428002758498597480e-01 5.316028179793228642e-02 8.224160549479903048e-01
2.413255979376647517e-05 -4.647280796362141864e+00 6.743676588182722087e-01 7.490529093681446149e-01 3.140056075301768390e-02 8.695067955248462210e-01
2.414193093045278592e-05 -4.646892552523068431e+00 6.708048230945562462e-01 7.550474807352818285e-01 1.829136970956226488e-02 9.825178657166144802e-01
2.414557286842407461e-05 -4.646741708611431321e+00 6.743437481280244450e-01 7.471193552207373578e-01 3.851522057440280589e-02 8.393484030427954545e-01
2.415296876635653504e-05 -4.646435451000332506e+00 6.708978874960880301e-01 7.453469053959619339e-01 3.135288021162319083e-02 8.977474387244872567e-01
2.415836738608728238e-05 -4.646211958123375396e+00 6.701027732174401619e-01 7.448092566482332755e-01 3.222570057897747309e-02 8.960980918595036204e-01
2.416944157126555025e-05 -4.645753663588156002e+00 6.704665697213939568e-01 7.330122085764539941e-01 8.334924909735216825e-02 7.101566780742325502e-01
2.417715264543923614e-05 -4.645434672173598400e+00 6.734470899330562421e-01 7.455342780454065066e-01 3.096840419287071738e-02 8.151490280975415281e-01
2.417902551147086559e-05 -4.645357210881003063e+00 6.699955371209806998e-01 7.408205659065850712e-01 3.487729402478412927e-02 8.075629707545857183e-01
2.418669937889108553e-05 -4.645039884199679392e+00 6.694211302554934351e-01 7.435272856925783103e-01 2.403814530184793241e-02 8.439779411843423285e-01
2.420110978121246218e-05 -4.644444262988570493e+00 6.712801016631592121e-01 7.469786192799546809e-01 7.519528447322093578e-03 9.123015960058673546e-01
2.421540258512383179e-05 -4.643853852666635973e+00 6.720375456748570731e-01 7.444404200172715091e-01 2.188015761495236411e-02 8.680814107763488163e-01
2.422019730132406724e-05 -4.643655869520888935e+00 6.733250237387468085e-01 7.534422178991528884e-01 7.331137022382819279e-04 9.958619558517078918e-01
2.423858456584627414e-05 -4.642896986829406991e+00 6.680214366115477809e-01 7.407550207900331918e-01 5.945805827451612624e-02 8.196477339386600836e-01
2.425497603676092672e-05 -4.642220960101928640e+00 6.706654176913618981e-01 7.468210193819755371e-01 5.248729076878388272e-02 8.391310449207202149e-01
2.426052140046551891e-05 -4.641992358355203407e+00 6.737119395796385968e-01 7.450308079008226558e-01 4.364600106603380020e-02 8.000776400598663685e-01
2.426466542752609302e-05 -4.641821559339617487e+00 6.741550151303803418e-01 7.543614536959447614e-01 2.308284664047366430e-04 9.847868813682456590e-01
2.426525703826678214e-05 -4.641797178062638807e+00 6.702544304065539693e-01 7.367278587346430818e-01 6.384677825683220120e-02 7.740177584280821810e-01
2.426739392257323434e-05 -4.641709118405252354e+00 6.732047565863629179e-01 7.447869297362231800e-01 4.998725159692404829e-02 7.933044099872701427e-01
2.426810853162274405e-05 -4.641679671546215857e+00 6.685201633705315505e-01 7.404011610103338192e-01 4.405663769557133236e-02 8.322482233722073852e-01
2.427218867140731144e-05 -4.641511558039322694e+00 6.704866545991399196e-01 7.351634028094917728e-01 8.731863847859655525e-02 7.164476130402112064e-01
2.427542882946736905e-05 -4.641378074328620151e+00 6.722493665107985850e-01 7.358905471122906272e-01 7.918151167967472925e-02 7.114611073609192760e-01
2.428956142850316189e-05 -4.640796066616495352e+00 6.727192716558917374e-01 7.427272279405291444e-01 4.444934044414002028e-02 8.343182496788925651e-01
2.429534163191593660e-05 -4.640558124248559402e+00 6.725522303756283904e-01 7.508665339504910774e-01 2.939121943173855778e-02 9.323182660325801674e-01
2.429790142286568057e-05 -4.640452768409303985e+00 6.697536414413438610e-01 7.397870786454231462e-01 6.125684289828754736e-02 7.566070533657726083e-01
2.429838633423531076e-05 -4.640432811684540582e+00 6.708004501591799951e-01 7.539306101022068551e-01 1.521800295855969126e-02 9.440189476117997192e-01
2.432363325905484791e-05 -4.639394314012097453e+00 6.694134733894228084e-01 7.408363676365259387e-01 4.596897760591657500e-02 7.845452050054722015e-01
2.433283743758036786e-05 -4.639015980832418506e+00 6.701756357407154807e-01 7.374240338248031490e-01 5.933941736596282102e-02 7.437488837243029227e-01
2.433295548291909330e-05 -4.639011129567018443e+00 6.691980955964323963e-01 7.350973072687205789e-01 6.904637696876173014e-02 7.386212222259085358e-01
2.434316443304135148e-05 -4.638591665144236487e+00 6.693748354879918150e-01 7.462102591874726354e-01 1.824924819329392864e-02 8.662809406821093683e-01
2.434400222596470881e-05 -4.638557249794938109e+00 6.707278645833926189e-01 7.346088861641644208e-01 7.026834479337829009e-02 7.350782367108024129e-01
2.434696497052904045e-05 -4.638435553934758815e+00 6.741322656039855366e-01 7.558204043716340026e-01 1.819755834906872094e-03 9.881168942546473266e-01
2.437848342594852607e-05 -4.637141837371737907e+00 6.713466644309702414e-01 7.367176389181073759e-01 6.461909512165243952e-02 7.284634828170611920e-01
2.437909056304473588e-05 -4.637116933052409351e+00 6.714123613927419632e-01 7.448670620870130321e-01 1.713649768161897707e-02 8.747349292662892628e-01
2.438586562866654632e-05 -4.636839066888073901e+00 6.725189316825935792e-01 7.404917093225110714e-01 6.815124619012839779e-02 7.811507693269490460e-01
2.439707419917201784e-05 -4.636379538588130345e+00 6.684426410201582680e-01 7.380084195941598590e-01 6.726523180450758033e-02 7.594350100422668781e-01
2.439824111237661846e-05 -4.636331709684990976e+00 6.687680789828955863e-01 7.389555224832379254e-01 6.597513552594094777e-02 7.609960145499716777e-01
2.440489875117124224e-05 -4.636058873189040419e+00 6.695727303243638184e-01 7.417575328785128708e-01 5.636717148283160173e-02 7.791390634743218246e-01
2.440594938788411867e-05 -4.636015823877129627e+00 6.712168044697374159e-01 7.498007173824651206e-01 4.075155222496285035e-02 9.017432559306689521e-01
2.441232746715246406e-05 -4.635754525047445895e+00 6.720458514960457874e-01 7.500167286949968037e-01 1.638195013393033486e-02 8.749522326194169031e-01
2.441335603202058170e-05 -4.635712392923754699e+00 6.732189210807831836e-01 7.505585069434889123e-01 1.924224578249937936e-02 8.753157455064459747e-01
2.441888386771430132e-05 -4.635485991852301701e+00 6.712376718689716526e-01 7.494656760001464635e-01 4.273366553300248644e-02 8.898275271177364942e-01
2.441998884832583851e-05 -4.635440741806580611e+00 6.702594894485820465e-01 7.371429246840730531e-01 5.900560476560390288e-02 7.445128394108259107e-01
2.442077297286491787e-05 -4.635408632375442650e+00 6.729732911391616001e-01 7.441856466334664244e-01 3.483869582634417650e-02 8.018312987327336216e-01
2.442517558101413167e-05 -4.635228367346654998e+00 6.705005759199251791e-01 7.532302155407160082e-01 2.252073884804730447e-02 9.818343242119081937e-01
2.444285517313476730e-05 -4.634504802569471948e+00 6.685175442209740915e-01 7.479680137248395644e-01 1.575388914754861924e-02 9.517141926000126650e-01
2.444949689777315086e-05 -4.634233114896537664e+00 6.703890975151958198e-01 7.344676666511223972e-01 8.501082594738945675e-02 7.219625979652015690e-01
2.445123353541625569e-05 -4.634162087832999433e+00 6.713633957643601047e-01 7.377221260722026663e-01 7.587903108268841124e-02 7.603966665660697455e-01
2.445562536536951019e-05 -4.633982488076902939e+00 6.697613295854646376e-01 7.467110595765364955e-01 5.126194491021221489e-02 8.632267182684350004e-01
2.445571037235908294e-05 -4.633979012114191498e+00 6.690381415327025794e-01 7.518688037081153741e-01 5.421823837309144856e-03 9.469034259926137898e-01
2.445857998140379673e-05 -4.633861679979666803e+00 6.735310334562063517e-01 7.547887594494208097e-01 3.893005730453265312e-03 9.468103689963721648e-01
2.449899687791039438e-05 -4.632210580873818984e+00 6.682395299862442517e-01 7.422610629506389834e-01 3.390207860200623174e-02 8.491945325988098370e-01
2.449953637235928176e-05 -4.632188560033066338e+00 6.708739865601857089e-01 7.479287128159542997e-01 4.810474981719013721e-02 8.569639878730554994e-01
2.450318184555981888e-05 -4.632039773462042653e+00 6.724156470812938657e-01 7.453342445399410154e-01 1.732942636036810882e-02 8.625640013591066024e-01
2.452247453742044313e-05 -4.631252728707117683e+00 6.730202749142665253e-01 7.450289777748250186e-01 5.585418508079088157e-02 8.107880257499212595e-01
2.453358857284429839e-05 -4.630799613030506023e+00 6.730275391620015313e-01 7.378646804497303036e-01 7.067443608927134746e-02 7.349537160726267171e-01
2.453614824531418401e-05 -4.630695285082644830e+00 6.716954910373684751e-01 7.357146749378506989e-01 6.962620116439013906e-02 7.222062220923718412e-01
2.453901393509407260e-05 -4.630578497296079732e+00 6.715465392017188062e-01 7.376187692366569237e-01 7.695038637800147296e-02 7.247909851882419208e-01
2.454240168054707319e-05 -4.630440451340563257e+00 6.688940582853826200e-01 7.364066074855086796e-01 6.294043941796678698e-02 7.585442686689348735e-01
2.455212362020468432e-05 -4.630044401486732575e+00 6.726361836824139573e-01 7.506523859789105968e-01 8.587293657626476895e-03 9.612085652523775225e-01
2.455507166491661361e-05 -4.629924335793778489e+00 6.739980894485111396e-01 7.430399064354193950e-01 4.945040214189477812e-02 7.932039982060437033e-01
2.455858978964716189e-05 -4.629781071185421482e+00 6.705433121209996017e-01 7.413290266689614993e-01 5.472900278255545675e-02 7.679928489812654080e-01
2.457382939047982488e-05 -4.629160723090389951e+00 6.743253141276484008e-01 7.510496904294474696e-01 1.320632485787510274e-02 9.005732142944585794e-01
2.458410378553617216e-05 -4.628742707338214579e+00 6.713582600331210459e-01 7.521350947024300071e-01 1.924293404428584556e-02 9.071986277686739930e-01
2.459383195660957085e-05 -4.628347075799255528e+00 6.724504368316452929e-01 7.471061050453183805e-01 2.203516781394515567e-02 9.061576736708366608e-01
2.463037297471664251e-05 -4.626862398703084800e+00 6.732240663253673540e-01 7.386453901844404202e-01 6.254520014149897444e-02 7.507028796377858137e-01
2.464317371872778550e-05 -4.626342819936869688e+00 6.716617399895270513e-01 7.430946611989741601e-01 3.403612821222479212e-02 8.013395934579732316e-01
2.464501157018200597e-05 -4.626268244196486634e+00 6.725850400122208583e-01 7.545917789630756101e-01 1.640506617156967453e-02 9.786374699531037447e-01
2.464871960937993270e-05 -4.626117797512240060e+00 6.732296779842512624e-01 7.486416267460335172e-01 1.013819063387501329e-02 9.137646975700519647e-01
2.465272233270514857e-05 -4.625955419976159000e+00 6.715956791598577391e-01 7.404046207980560235e-01 6.187658758429694789e-02 8.019785585269354478e-01
2.465460742940048477e-05 -4.625878956833441968e+00 6.688278088801172805e-01 7.438284083216869513e-01 4.385654245070502721e-02 8.190473191364695538e-01
2.466288387208710183e-05 -4.625543317588791226e+00 6.731621885619154533e-01 7.408930536972724301e-01 5.087515663199342064e-02 7.663120373444932687e-01
2.467715542605957999e-05 -4.624964819696466556e+00 6.716912190432809959e-01 7.478728876294739036e-01 2.075743795414013854e-02 8.523813921306165886e-01
2.467788864681640866e-05 -4.624935107606420459e+00 6.714996462805304933e-01 7.373612954881377801e-01 5.697221601272151048e-02 7.493282550093243177e-01
2.467801966193049697e-05 -4.624929798612277487e+00 6.692188289233083065e-01 7.494854277604446890e-01 2.661975442941633824e-02 8.931308969312814483e-01
2.468889752546086499e-05 -4.624489104142124773e+00 6.735328174056567363e-01 7.510327345147437272e-01 1.296334455665743013e-02 8.900298868472373837e-01
2.470113955123463885e-05 -4.623993375580291776e+00 6.680037227871744587e-01 7.471603928186375532e-01 2.643610802052856479e-02 8.890346773986446127e-01
2.471398400903320025e-05 -4.623473516186551890e+00 6.706918269057593474e-01 7.437275555481461797e-01 5.889112178092704292e-02 8.349380268396320304e-01
2.471795306062067853e-05 -4.623312929657629411e+00 6.736583806980854794e-01 7.555314164842001912e-01 1.725838501774913658e-03 9.650401107251104227e-01
2.471820087191311361e-05 -4.623302904149060311e+00 6.685060358178899209e-01 7.503718127130056814e-01 2.384597727253261884e-02 9.260051842967849112e-01
2.472165717309888046e-05 -4.623163085738243083e+00 6.704178611983943048e-01 7.426378934355222228e-01 4.495839994737960837e-02 8.538893324899482495e-01
2.472198652538887869e-05 -4.623149763407391255e+00 6.708978212288017051e-01 7.438945917779384853e-01 3.269228606686469529e-02 8.739194174086053479e-01
2.472764394598300869e-05 -4.622920947921210555e+00 6.721499414662636118e-01 7.457274045542401364e-01 3.035565136618784826e-02 8.203180135772429882e-01
2.473431070436394417e-05 -4.622651376754101982e+00 6.694375953277216240e-01 7.417617058923116069e-01 4.781911663654536682e-02 7.897706663519408199e-01
2.473819671997812592e-05 -4.622494278768797926e+00 6.729185836096375217e-01 7.401057593316530125e-01 6.190283705492821698e-02 7.809304076755616553e-01
2.475982548148915823e-05 -4.621620354441092537e+00 6.684344751373222371e-01 7.490323021624223365e-01 7.492495559478694334e-03 9.340426657111969844e-01
2.476382291778571622e-05 -4.621458918988150089e+00 6.724266517548166400e-01 7.393641887430831838e-01 6.832725355314339666e-02 7.408287603008478772e-01
2.476421929058167054e-05 -4.621442912993232177e+00 6.686266720921775208e-01 7.411473621775476195e-01 3.968908002761784709e-02 8.172331591250804328e-01
2.477393915852445574e-05 -4.621050493558524153e+00 6.730808123377604035e-01 7.414520303882673469e-01 6.294621289223445437e-02 7.642027844479697407e-01
2.477805787161809365e-05 -4.620884255531804818e+00 6.710213266013856925e-01 7.563060058103455718e-01 8.322857861249199907e-03 9.987672663172947329e-01
2.478480749092008882e-05 -4.620611889545928719e+00 6.727697652343169743e-01 7.402734624256608331e-01 4.761604611624895012e-02 7.909146759531358040e-01
2.480674037657269840e-05 -4.619727348206693840e+00 6.689124524150049655e-01 7.466640499377171780e-01 3.420978454751767706e-02 8.569978287955599683e-01
2.482505025490311742e-05 -4.618989519531642607e+00 6.722693733628422041e-01 7.435172720843029603e-01 6.164253105585954656e-02 7.895708840113995208e-01
2.483132307250280173e-05 -4.618736870487309076e+00 6.690073775041803783e-01 7.421767126149104721e-01 5.736706675685181167e-02 8.337290322801998999e-01
2.485152388578600266e-05 -4.617923679793413783e+00 6.680901023468933664e-01 7.450123050537911240e-01 4.485266217681948414e-02 8.714772272626178928e-01
2.485560737901161649e-05 -4.617759377685008992e+00 6.733384812832755584e-01 7.447140564386252048e-01 3.689893256107509151e-02 8.067020401899493987e-01
2.486136757373741979e-05 -4.617527658246845412e+00 6.717897091139667376e-01 7.435400746908674696e-01 2.630896625289107227e-02 8.271973417435043441e-01
2.487002087108617450e-05 -4.617179656805236121e+00 6.697432865632201304e-01 7.360545250032585196e-01 7.736100908701067091e-02 7.294952378944584703e-01
2.489294024717138623e-05 -4.616258514767429766e+00 6.727226435413763417e-01 7.438474985207026435e-01 4.407419890287368053e-02 8.426717708451518796e-01
2.490719927901529040e-05 -4.615685864474912137e+00 6.725975274264598402e-01 7.453525233761886248e-01 2.193504449592992983e-02 8.696270661133781443e-01
2.491391455714977554e-05 -4.615416288881030837e+00 6.723949325344813488e-01 7.516373691782443078e-01 4.072523932219455911e-03 9.794876492337183382e-01
2.492540631804865070e-05 -4.614955136485660248e+00 6.728081663880189911e-01 7.388915115892441543e-01 5.893759963424209658e-02 7.678718402979312074e-01
2.493664519146924732e-05 -4.614504337801264455e+00 6.695852088811454772e-01 7.502125039057851996e-01 2.693093392269370334e-02 9.005300790611198147e-01
2.493685247271408225e-05 -4.614496025521014566e+00 6.678434252175475816e-01 7.438804986182616652e-01 4.396735268292947113e-02 8.612065583698660376e-01
2.495043713048055887e-05 -4.613951411523729007e+00 6.695527330495570917e-01 7.497791607614997522e-01 3.474068472361872134e-02 9.267089212177306301e-01
2.495873187414015325e-05 -4.613619017941491762e+00 6.682828447597249921e-01 7.498366179559881051e-01 1.480734456384149092e-02 9.309018252927692139e-01
2.499683125310194791e-05 -4.612093686868686149e+00 6.725078043657910509e-01 7.401098720770039607e-01 4.743987537195339110e-02 7.748563002176176440e-01
2.502136855543197179e-05 -4.611112551826150430e+00 6.703211790023537731e-01 7.426452188751763162e-01 3.260827871938451472e-02 8.147663616220044425e-01
2.502723024157256184e-05 -4.610878312054874861e+00 6.722702089256080704e-01 7.445355917796024903e-01 2.902547487953197058e-02 8.651087564477888403e-01
2.503123999235936766e-05 -4.610718109364836614e+00 6.739669636806838726e-01 7.524600424818600475e-01 1.492395292605832799e-02 9.337781572902452698e-01
2.503332734680455889e-05 -4.610634722867866131e+00 6.704196129905306556e-01 7.451697724306631798e-01 3.808381667005099336e-02 8.871403084513029835e-01
2.504199583306775389e-05 -4.610288504978520940e+00 6.701995602381237704e-01 7.527758672579631938e-01 2.327052346520332507e-02 9.442249898549611720e-01
2.505178913120499645e-05 -4.609897506443711990e+00 6.700528789061597212e-01 7.541358557194769441e-01 1.244981291107884191e-02 9.666029101570217108e-01
2.505577021479325699e-05 -4.609738604926709726e+00 6.737793161637795070e-01 7.500371588630871944e-01 2.273558614376595954e-02 8.759670886928840883e-01
2.507338519059613353e-05 -4.609035821231856289e+00 6.700939264881989876e-01 7.442174103656657991e-01 5.467024209439860782e-02 8.483554760611824452e-01
2.510403277692634403e-05 -4.607814252192127036e+00 6.715302135506397985e-01 7.441589707545132049e-01 5.642639866314656111e-02 7.956671564326580626e-01
2.512109265790092951e-05 -4.607134915645611173e+00 6.719800133831905775e-01 7.438454446597242420e-01 5.421385881289389475e-02 8.333768914157180241e-01
2.512681068523240068e-05 -4.606907322971062868e+00 6.705335765659782288e-01 7.466314668253759557e-01 4.931657027924320202e-02 8.395607970909815254e-01
2.514631231522759691e-05 -4.606131495657797004e+00 6.724680878073845403e-01 7.448266623546513365e-01 5.357603028582895444e-02 8.025898214343434312e-01
2.515452434092085111e-05 -4.605804979189597859e+00 6.708466234323049449e-01 7.451237740053006098e-01 3.159637514627140764e-02 8.889408521388310058e-01
2.515538316938081923e-05 -4.605770837665491335e+00 6.699612499389133724e-01 7.376851295076982673e-01 6.051482520789872727e-02 7.517509432938613845e-01
2.518610852583794984e-05 -4.604550160278403581e+00 6.738723570767435334e-01 7.525543270971536414e-01 1.393092992894319482e-02 9.389285903893219709e-01
2.519015502420873193e-05 -4.604389509285483406e+00 6.706837753117032008e-01 7.399120061552434402e-01 4.659161179242708728e-02 8.101294532697513873e-01
2.519233726788894578e-05 -4.604302882221901427e+00 6.737511180294309954e-01 7.521223392903290117e-01 1.387569579616871468e-02 9.107378613450423099e-01
2.519438551773190042e-05 -4.604221581048463463e+00 6.728042279449759633e-01 7.555596342713193359e-01 9.507170809632675690e-03 9.758475174129059848e-01
2.522047350049005026e-05 -4.603186648665642089e+00 6.708649599123481799e-01 7.502067185170592234e-01 3.672605156744686988e-02 8.997037907011122826e-01
2.523055933082918168e-05 -4.602786822144460999e+00 6.688345805165262226e-01 7.441952555063626740e-01 4.881559718953330101e-02 8.614096573711597093e-01
2.523833420928839878e-05 -4.602478716379686752e+00 6.683094509353938451e-01 7.523459944561534662e-01 8.996442734111730066e-03 9.830122638509841693e-01
2.525115979670104768e-05 -4.601970666618403705e+00 6.733703461721307626e-01 7.433210784115168446e-01 4.095034885796807606e-02 8.207818142408159767e-01
2.526827155023698743e-05 -4.601293234045068736e+00 6.706043239754777563e-01 7.507172217892763566e-01 3.341999242496625222e-03 9.845328714531881298e-01
2.528002580273537071e-05 -4.600828163871559795e+00 6.737093241752059036e-01 7.478440877144071353e-01 3.626398003729064401e-02 8.534262509076687708e-01
2.528660933736117205e-05 -4.600567773412723938e+00 6.691379699640480627e-01 7.421886874419152402e-01 4.499490572491569168e-02 8.043752254284990411e-01
2.529407468671915942e-05 -4.600272587629603116e+00 6.735332238016650264e-01 7.522556485370651691e-01 2.562745300153934647e-04 9.596062709764568988e-01
2.532553455910627524e-05 -4.599029595954782224e+00 6.730481044669306412e-01 7.443752164192544152e-01 3.541984496696880952e-02 8.102643697407697632e-01
2.535516485165026509e-05 -4.597860302860389936e+00 6.735138809484277900e-01 7.509169163994627860e-01 5.318185270747607940e-03 9.366547164689937865e-01
2.537885810772910986e-05 -4.596926284368685778e+00 6.722197286677222827e-01 7.483901735830026380e-01 3.250168365563532030e-02 8.489216268268332533e-01
2.538195144241271265e-05 -4.596804405513131186e+00 6.719343488620028726e-01 7.487645608627112592e-01 3.830324710563438179e-02 8.576449443948690465e-01
2.539376393308531084e-05 -4.596339124392093467e+00 6.732187138306661156e-01 7.457890775725171117e-01 3.206258973239097670e-02 8.624600299706626227e-01
2.540083107930568291e-05 -4.596060860680601046e+00 6.735414144213692778e-01 7.461465627074508333e-01 3.280732680201239176e-02 8.295217020231008265e-01
2.541913025207172031e-05 -4.595340703754955847e+00 6.711655603115189717e-01 7.436751527852026866e-01 6.087890789360833610e-02 8.127792419887230890e-01
2.542152035480968597e-05 -4.595246680460164157e+00 6.714508442739148819e-01 7.419938754336007358e-01 3.594858434345110654e-02 8.294071697755482919e-01
2.543459644326542739e-05 -4.594732441876206330e+00 6.736973377746082736e-01 7.519143273215073142e-01 2.052451513636789626e-03 9.404640347470240025e-01
2.543868222633946006e-05 -4.594571815976338236e+00 6.722835775862494589e-01 7.402587169756398300e-01 6.315301220418050032e-02 7.552954327802872125e-01
2.544292690006742607e-05 -4.594404970870189509e+00 6.692604987459145338e-01 7.535386833675636886e-01 1.426504390378090931e-02 9.931430539944672287e-01
2.546119850567210734e-05 -4.593687087742102548e+00 6.699029586064787489e-01 7.379308490593469161e-01 5.595264491137060675e-02 7.750441895220342436e-01
2.548963250707288395e-05 -4.592570952684542185e+00 6.722247156619636232e-01 7.520116776017788940e-01 1.116589162504524890e-03 9.248775390754309100e-01
2.549828406035647686e-05 -4.592231595678057054e+00 6.697635053071495648e-01 7.428582168882584824e-01 4.228585013563923578e-02 8.567557136174217547e-01
2.550381624513475875e-05 -4.592014656188631250e+00 6.689033120688450129e-01 7.479254007787987657e-01 3.804522902504318960e-02 8.920375280747969704e-01
2.552625975273897058e-05 -4.591135037312411349e+00 6.705076997723071752e-01 7.440779705471557426e-01 4.985885516728735811e-02 8.542008737131738805e-01
2.552643920694075058e-05 -4.591128007157085023e+00 6.680151466711818919e-01 7.458842856631899831e-01 3.314767248838693114e-02 8.849608135847293333e-01
2.552814889286730108e-05 -4.591061032336963166e+00 6.698833426436167082e-01 7.543060849637005516e-01 9.300471844658750320e-03 9.778760402475684677e-01
2.553284504155749671e-05 -4.590877089630733821e+00 6.682963767880397699e-01 7.478684109258321167e-01 3.185562895446041737e-02 9.047916482923795689e-01
2.553329984303644818e-05 -4.590859277380367587e+00 6.720094582206356248e-01 7.422317500730792883e-01 3.526408424895906973e-02 8.175350798017729792e-01
2.555547471432553246e-05 -4.589991185598022660e+00 6.720448721146727866e-01 7.409630097577692975e-01 5.256141782867273377e-02 7.681394153662419733e-01
2.555665276729270400e-05 -4.589945088789870731e+00 6.727341753721347573e-01 7.452347102431181591e-01 4.659017867846256683e-02 8.440214491590157797e-01
2.557904161246625350e-05 -4.589069424662270968e+00 6.721466961517598149e-01 7.548678470679528463e-01 1.341732307223805418e-02 9.832460137092164931e-01
2.558018826831145201e-05 -4.589024597723004639e+00 6.702055188661391050e-01 7.538551532352447682e-01 1.074788663039542846e-02 9.622241113812729507e-01
2.558417521818411985e-05 -4.588868749018590876e+00 6.734382183729045179e-01 7.485274279593226998e-01 3.124105275000998994e-02 8.566514986469375703e-01
2.559086541325993140e-05 -4.588607285811865388e+00 6.717526570153300458e-01 7.507306674485765274e-01 2.174237682993173174e-02 9.509573215885684938e-01
2.560117209491756494e-05 -4.588204618432381920e+00 6.736700165711485555e-01 7.516593188198879005e-01 1.898886318012974958e-02 9.151149122676346392e-01
2.560761357624436176e-05 -4.587953041236145779e+00 6.683068148038867617e-01 7.468461741276853916e-01 3.508184653694478711e-02 8.977481290530427982e-01
2.561574137375067391e-05 -4.587635693901815692e+00 6.714695959245143841e-01 7.408804952047607362e-01 6.821156842629652606e-02 7.713475008635506391e-01
2.562319797709567695e-05 -4.587344641686760482e+00 6.735078666510906364e-01 7.507668608190288806e-01 5.701596285962950983e-03 9.252942810884425828e-01
2.562499703505511370e-05 -4.587274432074117669e+00 6.697459694875684821e-01 7.496090742915523242e-01 3.439605257000447058e-02 9.186283293154383633e-01
2.562895302265678915e-05 -4.587120063967656591e+00 6.682166316473067136e-01 7.450266474375981662e-01 3.591132077018135971e-02 8.627526042852036170e-01
2.564054123674708608e-05 -4.586668012920342541e+00 6.726486560299211881e-01 7.509909214425628532e-01 7.562967095263065098e-03 9.575513072558103911e-01
2.564095021423605945e-05 -4.586652062624145820e+00 6.685904080844646824e-01 7.480348249988956200e-01 2.952129961727274071e-02 8.935931330688674512e-01
2.569799487900712356e-05 -4.584429785242179811e+00 6.704078795477154129e-01 7.448345939066790544e-01 4.907888921377655950e-02 8.154349607870204908e-01
2.570162678046827948e-05 -4.584288465078723007e+00 6.717524691706499018e-01 7.433200212045060207e-01 4.434627519844558385e-02 8.437013737880300068e-01
2.570497205032581419e-05 -4.584158315645058934e+00 6.723764014572779502e-01 7.399739099306882339e-01 5.719715554998083817e-02 7.615713275222386613e-01
2.571024376790934405e-05 -4.583953251151284825e+00 6.736202862648519307e-01 7.458919576382999628e-01 3.429667435155299426e-02 8.356147029576396212e-01
2.571336448496217995e-05 -4.583831878219175593e+00 6.728669539285143664e-01 7.473155060653037252e-01 1.652334287881485064e-02 8.862578496775179726e-01
2.572437910835849881e-05 -4.583403608128175044e+00 6.720939759190297513e-01 7.490226374653115027e-01 1.580366978839622960e-02 9.333677664689892239e-01
2.573044281148078409e-05 -4.583167917752652087e+00 6.690986741746495214e-01 7.465661532909388942e-01 4.377187115770622000e-02 8.733968122668166467e-01
2.574086145712001160e-05 -4.582763084576983559e+00 6.714758799201517858e-01 7.505067329086428929e-01 1.263616491523467805e-02 9.640813556627956249e-01
2.574479535607377664e-05 -4.582610269241412126e+00 6.717988236526181156e-01 7.440513663853588477e-01 3.705529365437398859e-02 8.076874607826471930e-01
2.575112511028294422e-05 -4.582364434069090109e+00 6.706824963427154840e-01 7.452818691011142693e-01 5.403480629727167722e-02 8.348562585764408572e-01
2.575765694478902176e-05 -4.582110813840435171e+00 6.715277329575415344e-01 7.529351875214407297e-01 7.451259440589365346e-03 9.325908771563855559e-01
2.577943021184233492e-05 -4.581265858506326616e+00 6.704892520797759436e-01 7.491106603887848214e-01 2.685464354568049827e-02 8.765026554553593252e-01
2.579348670416875319e-05 -4.580720747098440349e+00 6.719378410188401318e-01 7.505043051816536748e-01 1.751753270610889590e-02 8.888519692210175016e-01
2.579350178872960174e-05 -4.580720162278069552e+00 6.719792172730408852e-01 7.451592782930518410e-01 4.821045482337329990e-02 8.100243808769156395e-01
2.581085992011272564e-05 -4.580047423328766243e+00 6.720731821625670621e-01 7.438861166560430949e-01 2.893893865266496113e-02 8.307809380949616740e-01
2.581180851538865303e-05 -4.580010672215159673e+00 6.725220904564624957e-01 7.466621796065089356e-01 1.716558016269719572e-02 8.737261561308110602e-01
2.583697750109772954e-05 -4.579036051526370166e+00 6.694090851851467461e-01 7.442329735022689130e-01 2.642567384169877687e-02 8.569932050918426247e-01
2.585674795732859831e-05 -4.578271144102131984e+00 6.735773013199061188e-01 7.505512904603037772e-01 9.928957802669516330e-03 9.181497938528485614e-01
2.586549096874777784e-05 -4.577933068578567521e+00 6.717544674418981510e-01 7.400988986277402537e-01 6.000630622650694745e-02 7.593412323651355100e-01
2.588638684008705184e-05 -4.577125527930399507e+00 6.697501762235413825e-01 7.464736883357561137e-01 1.898577537996907344e-02 9.119844629634705768e-01
2.588750535106369385e-05 -4.577082320401293813e+00 6.696036670232408117e-01 7.423248146312158013e-01 4.106850211311049992e-02 8.469806260563926825e-01
2.592064225267542239e-05 -4.575803104383618702e+00 6.715623505224515011e-01 7.485518061894885777e-01 2.550482533638783605e-02 8.619155268830035466e-01
2.593080423425022781e-05 -4.575411139167856689e+00 6.691844571933196484e-01 7.458374047413839358e-01 4.608616319179904136e-02 8.606876358905676261e-01
2.593434681723810173e-05 -4.575274531718669380e+00 6.714975608265950635e-01 7.524409125700808332e-01 2.214034219300228118e-02 9.257166194582591157e-01
2.594007628420039443e-05 -4.575053634149385928e+00 6.690660844702599475e-01 7.524542221927407182e-01 1.449123406500884073e-02 9.686427483415364081e-01
2.594036870539891709e-05 -4.575042361262322999e+00 6.700402675837714428e-01 7.414421027699852340e-01 5.244841224336017904e-02 8.258926791950117474e-01
2.594277141997519391e-05 -4.574949741017204197e+00 6.688442003097733179e-01 7.474290928856835992e-01 2.774759645011621798e-02 9.212370277901212878e-01
2.595115124840475384e-05 -4.574626781099295769e+00 6.720061433121052863e-01 7.529343973192232919e-01 4.385377055359698795e-03 9.340599385602337268e-01
2.595452582301144387e-05 -4.574496753911449609e+00 6.732961835877278034e-01 7.532866892849605644e-01 1.299767522591914470e-02 9.414527508663691480e-01
2.596222111038603604e-05 -4.574200306699884422e+00 6.735924763056786446e-01 7.535074586534066254e-01 6.295911401098100435e-03 9.519956752652654064e-01
2.597246268133078032e-05 -4.573805904719180582e+00 6.706419160651497791e-01 7.439607250354687284e-01 5.503287864527312001e-02 8.349276680523121108e-01
2.602430583200941646e-05 -4.571811812803852071e+00 6.718024943147717920e-01 7.428175316922924765e-01 4.220891997721861605e-02 8.357204611215893753e-01
2.603015666033297389e-05 -4.571587016386098767e+00 6.708934611637258350e-01 7.469943116084591939e-01 2.560940866084716189e-02 9.110889946635064573e-01
2.605322074244124903e-05 -4.570701356324635256e+00 6.733264710318075386e-01 7.479149782832734683e-01 2.594632952722696756e-02 8.576511392643527687e-01
2.605847142380697743e-05 -4.570499839883112259e+00 6.704507033536608596e-01 7.467020445456002964e-01 4.627296285822876665e-02 8.494904309487190108e-01
2.608202423042181258e-05 -4.569596403583885191e+00 6.689847414783064439e-01 7.522020241378163385e-01 1.390256067041221316e-02 9.816173972126578384e-01
2.609198563450150745e-05 -4.569214550464816504e+00 6.727502122838739940e-01 7.473015894907963919e-01 2.294218948589060725e-02 8.538987656137136950e-01
2.610422716245647446e-05 -4.568745492365641425e+00 6.730109580050710472e-01 7.446698277200352045e-01 3.328071288933923122e-02 8.366254249645265206e-01
2.611968768325808107e-05 -4.568153406487019730e+00 6.725742162268087965e-01 7.423009206300136276e-01 5.698939918828690998e-02 7.891664608581974161e-01
2.612373463483413637e-05 -4.567998479745829954e+00 6.685850540122543206e-01 7.505591380226197540e-01 1.644447842977653923e-02 9.546617885541495152e-01
2.612630412508015100e-05 -4.567900126125086224e+00 6.715619101639481725e-01 7.478703966417662441e-01 2.272661438182440458e-02 8.598551639531112345e-01
2.620355333209179873e-05 -4.564947728894201973e+00 6.726847259200269269e-01 7.522466042864612845e-01 1.154196094373378945e-02 9.633650881839116442e-01
2.621519354389805666e-05 -4.564503604885471688e+00 6.705694540724889130e-01 7.468756119826168716e-01 2.910790366922446498e-02 9.075545106412250540e-01
2.623021081853254410e-05 -4.563930922675178969e+00 6.695100053837197418e-01 7.491822482543969430e-01 1.261974390534222751e-02 9.545480709491807048e-01
2.623346423652026281e-05 -4.563806897128419138e+00 6.719854933999942492e-01 7.492498813583151618e-01 3.446581998850062334e-02 8.730388783478244541e-01
2.625493602866935149e-05 -4.562988743279632331e+00 6.710408557698750442e-01 7.406288669246309242e-01 5.752919823958876216e-02 7.702674724304270359e-01
2.625826218531776627e-05 -4.562862064396383310e+00 6.726614436929375662e-01 7.481136923700789643e-01 2.523085684858555194e-02 8.575457003670655665e-01
2.626603542717879472e-05 -4.562566077880768844e+00 6.725335594922443594e-01 7.458085369699979372e-01 3.254200890747043634e-02 8.295532107225824792e-01
2.627916575585448713e-05 -4.562066305164957924e+00 6.689149653339149237e-01 7.453611951354318643e-01 3.852593377496311977e-02 8.533784820352643408e-01
2.629473883517611038e-05 -4.561473878945212057e+00 6.691933159026435263e-01 7.495170858593940277e-01 2.710888464952694241e-02 9.125005593958074313e-01
2.632836358333900622e-05 -4.560195932522680629e+00 6.686682156479496486e-01 7.446250209383636909e-01 3.360215011073786062e-02 8.700940487230469644e-01
2.633721200360118295e-05 -4.559859909598910299e+00 6.705990851149072896e-01 7.507448321492596888e-01 3.016695203007277448e-03 9.309229319870510055e-01
2.634124400918886228e-05 -4.559706829729043953e+00 6.701487603031726081e-01 7.504887759447353979e-01 8.872356710642577415e-03 9.216776144624715394e-01
2.634862745152045788e-05 -4.559426569323196787e+00 6.693966866020254480e-01 7.467980939594685008e-01 3.064790754498895181e-02 9.079084308559416394e-01
2.639635705877032998e-05 -4.557616743394871328e+00 6.725144823081558032e-01 7.434252970147722239e-01 4.861065617961118912e-02 7.982243728297827579e-01
2.639636787085670769e-05 -4.557616333789708207e+00 6.695106651108250206e-01 7.406163769402328567e-01 5.767339873702163194e-02 8.034472729761658050e-01
2.640406100816626852e-05 -4.557324929438364869e+00 6.699895504002358892e-01 7.451447935234850606e-01 3.424313751949528695e-02 8.833277680469068249e-01
2.640863040579447281e-05 -4.557151887788063682e+00 6.712702427069566768e-01 7.401512584766769542e-01 5.895935584789385731e-02 7.908526107098386992e-01
2.640965160009959195e-05 -4.557113219574464580e+00 6.729991235750195644e-01 7.527985290282459552e-01 1.429370339784705873e-02 9.475100087270269533e-01
2.641872249750341092e-05 -4.556769809516976188e+00 6.704472309923987794e-01 7.453123696701490219e-01 4.368446331861396137e-02 8.271497422491226326e-01
2.643958905774903938e-05 -4.555980281410020538e+00 6.723196208299178078e-01 7.481742936839107516e-01 1.625114912732447681e-02 8.756789958967395870e-01
2.644150002033204759e-05 -4.555908007460407028e+00 6.691455763244246180e-01 7.518586812285794618e-01 2.929845881600716406e-03 9.726161750533158790e-01
2.644351389082986734e-05 -4.555831847113651634e+00 6.730052135604599473e-01 7.467503991028976440e-01 2.917789067032964395e-02 8.687689624256951237e-01
2.646421306051838180e-05 -4.555049384061944373e+00 6.721935306413081568e-01 7.531364969800470321e-01 4.900700888594976268e-03 9.398795853478626450e-01
2.647409443764923336e-05 -4.554676067357554814e+00 6.687080799525558783e-01 7.473839579312765435e-01 2.877998517679831655e-02 9.080618673068793223e-01
2.648325926365967806e-05 -4.554329946357865921e+00 6.708084338339098673e-01 7.483767045171162424e-01 3.472098696656309574e-02 9.061037294312499490e-01
2.650862103004987248e-05 -4.553372751852368339e+00 6.714052816274622693e-01 7.402848451258386975e-01 5.260529997288150572e-02 7.935856588598095840e-01
2.653071234969920850e-05 -4.552539735314672598e+00 6.707862614075782437e-01 7.482923143899159468e-01 2.983897199923993271e-02 8.666266767812528249e-01
2.654618218421604995e-05 -4.551956813684059355e+00 6.690676991662570794e-01 7.469727391508370618e-01 2.835095533247306010e-02 9.092529330245913144e-01
2.658528176344490261e-05 -4.550485008340031001e+00 6.724744928982737679e-01 7.455812903633227684e-01 3.840254471531820424e-02 8.561253442592896556e-01
2.659073764439991218e-05 -4.550279807535806853e+00 6.722991977613894665e-01 7.466977612807189635e-01 2.187420718365955252e-02 8.595226071278978530e-01
2.659789162623192591e-05 -4.550010803353023547e+00 6.732037559126895498e-01 7.519596683857910913e-01 1.181098066331079388e-02 9.254130975760672673e-01
2.660357395685661341e-05 -4.549797187784949237e+00 6.705971263575164487e-01 7.427977159136293084e-01 5.787696202773162657e-02 8.056480931621506913e-01
2.660564167774751097e-05 -4.549719467380041849e+00 6.694700068186549835e-01 7.408649685621162551e-01 5.548200405722143735e-02 7.986454757549333872e-01
2.662162566233591327e-05 -4.549118873516497352e+00 6.720056321690857093e-01 7.480664799335500215e-01 1.340107784172368463e-02 8.877337867810597416e-01
2.663318236347589010e-05 -4.548684858194695479e+00 6.716309941622752300e-01 7.434343447194559085e-01 3.784151063191096981e-02 8.415036394062946901e-01
2.664710954108134565e-05 -4.548162069094831672e+00 6.710940726329318595e-01 7.507495603105730497e-01 1.207478196806784088e-03 9.638840638343619815e-01
2.668843282501395073e-05 -4.546612509819049741e+00 6.702520790451618193e-01 7.397934691836492993e-01 5.749831301375263326e-02 7.893405739461474280e-01
2.669139845650808621e-05 -4.546501395511419297e+00 6.723014139208696172e-01 7.451499781631814034e-01 4.715665864411071329e-02 8.323566961214424742e-01
2.670654766126663582e-05 -4.545933987726420433e+00 6.730992472710517482e-01 7.493308620927228159e-01 1.948892511404326511e-02 9.022029777678052254e-01
2.674548348813984622e-05 -4.544477136305720144e+00 6.721687459037727352e-01 7.543611401435286190e-01 1.013978787814643137e-02 9.739330656835021305e-01
2.675856136698124760e-05 -4.543988280588837192e+00 6.720380205810423391e-01 7.466551712229447801e-01 3.019575424757368898e-02 8.834637000620181313e-01
2.683500487030527642e-05 -4.541135566707964699e+00 6.700172471863655721e-01 7.417712713473029185e-01 5.239224902171000370e-02 7.978491208679229230e-01
2.684049388135116045e-05 -4.540931040948812836e+00 6.710581417568702856e-01 7.546636081679174435e-01 8.352861038968390633e-03 9.998716026498384313e-01
2.686005320151366670e-05 -4.540202582037684564e+00 6.708982490691011158e-01 7.495762554541836042e-01 7.882166742203294829e-03 9.460638661362051893e-01
2.687206850503758303e-05 -4.539755352211555461e+00 6.722413959505670888e-01 7.521384151530401407e-01 1.831434387213872611e-02 9.458655207411525989e-01
2.690743234012166196e-05 -4.538440210210406889e+00 6.702584893781581288e-01 7.512363981907808075e-01 7.971974580095325669e-03 9.349090379286446595e-01
2.691331634254594374e-05 -4.538221558385907350e+00 6.713095744488539740e-01 7.423127414306722738e-01 5.533508147694017609e-02 7.930827439154104486e-01
2.691892203456148965e-05 -4.538013293145416682e+00 6.700192618176018522e-01 7.434406660458665606e-01 5.104591302607931064e-02 8.330702674081932324e-01
2.692477751012275377e-05 -4.537795794138708594e+00 6.703735021718337794e-01 7.446534361266471391e-01 3.412767374113817587e-02 8.349517580464652644e-01
2.700547205156844083e-05 -4.534803239781094675e+00 6.701451549290184939e-01 7.415005892178807567e-01 5.386150709692175131e-02 7.968957924633869316e-01
2.701104346864405500e-05 -4.534596954090812204e+00 6.719787348738912591e-01 7.484187385188953989e-01 1.964451537550465643e-02 8.756375795565815023e-01
2.703893844273112825e-05 -4.533564762198151854e+00 6.695819545867018885e-01 7.491886829546510196e-01 2.626138336906220366e-02 9.065530226589920693e-01
2.704153069860733402e-05 -4.533468895578672608e+00 6.724145355350100717e-01 7.498736074155646358e-01 1.930270293284814739e-02 9.230916592505763463e-01
2.704267863400761787e-05 -4.533426445650510672e+00 6.702674547776810154e-01 7.541402817767968170e-01 7.797563284496385194e-03 9.925884242170758265e-01
2.704709388117892038e-05 -4.533263189383161418e+00 6.729118454359693802e-01 7.505664587755865869e-01 1.921137425582070471e-02 9.108748937693105230e-01
2.710764310376274772e-05 -4.531027032356623074e+00 6.708895696733907510e-01 7.473918254658883376e-01 1.548878896349618201e-02 8.966290163657468781e-01
2.714903729350484613e-05 -4.529501166879031260e+00 6.709337236413432937e-01 7.427364549240534908e-01 5.238924990632626982e-02 8.189960866169031517e-01
2.718225971092286394e-05 -4.528278209821478661e+00 6.711351920435311147e-01 7.419971463924860400e-01 4.555594402707831975e-02 8.139582368769789911e-01
2.719265398934358577e-05 -4.527895890923297806e+00 6.700228441358194731e-01 7.474905446786845875e-01 3.707760295591128880e-02 8.806954556952790725e-01
2.727041739532289947e-05 -4.525040251061391849e+00 6.708433226442506170e-01 7.502945030868393150e-01 1.156264663819993668e-02 9.151111894772288036e-01
2.741498935119197674e-05 -4.519752833401573966e+00 6.700015959720863057e-01 7.442831257143750490e-01 3.976609891676621822e-02 8.552044744622959715e-01
2.758910023478593863e-05 -4.513421978134971368e+00 6.702881543466467917e-01 7.479484632762776197e-01 3.365945849486359776e-02 8.875732603173021040e-01
2.759737994003482058e-05 -4.513121915319418420e+00 6.719645794941367933e-01 7.507687616800426955e-01 1.311653099758177191e-02 9.147420585072298937e-01
2.764040681197651032e-05 -4.511564036802774957e+00 6.707905671739875508e-01 7.451494397931733848e-01 2.986168333472252398e-02 8.594076952542081260e-01
2.777341437511996451e-05 -4.506763508135930074e+00 6.717830262122252982e-01 7.540724432959146073e-01 9.814059720030937628e-04 9.812423995726082815e-01
2.778059336287433271e-05 -4.506505057374711853e+00 6.709380542343506004e-01 7.460105533877485762e-01 3.541186204028531903e-02 8.712622431939179846e-01
2.779536031582851175e-05 -4.505973642173557003e+00 6.709849854766372079e-01 7.533650031168698247e-01 5.085642664376617550e-03 9.700168024675815959e-01
2.783267474939878070e-05 -4.504632072617018146e+00 6.715512360709585682e-01 7.483585384619670933e-01 3.080804302404530071e-02 8.886914860495489510e-01
2.795074722726193669e-05 -4.500398820155801616e+00 6.710797706486656411e-01 7.524064851367111562e-01 6.122440632781001035e-03 9.555363578002552538e-01
2.796255499648988443e-05 -4.499976460218761076e+00 6.718008848966287028e-01 7.494693733630610755e-01 1.807102826394652376e-02 9.163194516019804725e-01
2.798902580279211580e-05 -4.499030256093729641e+00 6.714812252156935335e-01 7.463147259462356020e-01 3.526129300374385156e-02 8.616139768215769212e-01
2.809153703106959357e-05 -4.495374396121154525e+00 6.705503028060366688e-01 7.474548303275446726e-01 2.373914219222581293e-02 8.890155624029140169e-01
2.810906952176662392e-05 -4.494750470781511353e+00 6.711785334478560516e-01 7.524669980546894177e-01 9.078362752467455943e-03 9.599636648295429842e-01
