weight logl norm si1 si2 E_break
0.000000000000000000e+00 -2.106600815472992508e+03 9.486815641675981681e+00 1.886824664127359164e+00 3.466832733623306684e+00 1.225876400748362357e+03
0.000000000000000000e+00 -1.925647369393223244e+03 8.191553990909852700e+00 1.490741430424716629e+00 3.445429635368697507e+00 1.433473774690138498e+02
0.000000000000000000e+00 -1.895768525074539866e+03 8.689977430221064836e+00 2.129763283525268669e+00 3.402020450943796792e+00 1.058270292183833448e+02
0.000000000000000000e+00 -1.892961786568528851e+03 7.424797462744233911e+00 1.149063033451126037e+00 3.476692431444483145e+00 3.404833233730714142e+02
0.000000000000000000e+00 -1.892734687399616632e+03 7.918964369088715038e+00 1.020150331685603984e+00 3.445502891770352960e+00 8.274380183326118186e+02
0.000000000000000000e+00 -1.783604294663317205e+03 7.774986696008674869e+00 1.100991941594010370e+00 3.419653576753796553e+00 3.775653863027464922e+03
0.000000000000000000e+00 -1.780315594019943774e+03 6.421777579265703473e+00 2.348614160182958877e+00 3.491326452766609911e+00 6.381799607110497163e+02
0.000000000000000000e+00 -1.776871551420470496e+03 7.680535018876328834e+00 1.745062321902241420e+00 3.404126541163019048e+00 7.511356692023754249e+02
0.000000000000000000e+00 -1.753077665747259516e+03 7.308758101769078586e+00 2.419473149567355375e+00 3.416578987191601691e+00 2.326850698025091901e+02
0.000000000000000000e+00 -1.715764118046874501e+03 7.288768324642827423e+00 2.185029456096783562e+00 3.400267171558903900e+00 1.238969291169887356e+03
0.000000000000000000e+00 -1.696070195269240230e+03 9.795413268484839620e+00 1.498589989753240870e+00 3.248816186980611143e+00 1.251795041701525975e+02
0.000000000000000000e+00 -1.629864719773252091e+03 7.731154492606572504e+00 2.121691958878214379e+00 3.372625700294438644e+00 5.822624716309946962e+03
0.000000000000000000e+00 -1.548562352258070632e+03 7.821597777537921736e+00 1.084938300951120649e+00 3.312377367852766596e+00 3.964624519276747378e+03
0.000000000000000000e+00 -1.489188476895350732e+03 6.103631588234633476e+00 1.007669693223252283e+00 3.379528360404999265e+00 4.404577043224167028e+02
0.000000000000000000e+00 -1.459359729584879915e+03 5.225232680777458505e+00 2.002538093434192312e+00 3.438442645979983503e+00 4.490891441707988179e+02
0.000000000000000000e+00 -1.443109963048114423e+03 8.178717711830522319e+00 1.219469402892513710e+00 3.220342175094546011e+00 2.341290869382163464e+02
0.000000000000000000e+00 -1.407338800433817823e+03 7.639057957007596933e+00 2.485939794197854269e+00 3.236685867030812958e+00 1.663119813192072343e+02
0.000000000000000000e+00 -1.378280447565406803e+03 5.421799306704019550e+00 1.270597535280507895e+00 3.384275112534949059e+00 3.404474146568460355e+02
0.000000000000000000e+00 -1.376666728218081062e+03 6.272638377533419352e+00 1.294187987226919745e+00 3.315641493278549401e+00 1.693067230569023707e+02
0.000000000000000000e+00 -1.376024938909197544e+03 6.753348686257075961e+00 1.670680296810752585e+00 3.280734585111312995e+00 1.559909183854817002e+03
0.000000000000000000e+00 -1.369860967996528416e+03 7.949376054831330585e+00 1.734531875044335925e+00 3.200868735733378045e+00 1.397541506989890081e+02
0.000000000000000000e+00 -1.353719996412368346e+03 7.125831329654239710e+00 2.434058177514608179e+00 3.283872828213984629e+00 6.522276586218966258e+03
0.000000000000000000e+00 -1.353421159831884324e+03 7.673608020055030288e+00 2.127891951526025505e+00 3.210230671410966075e+00 1.634899487950261118e+03
0.000000000000000000e+00 -1.345941303546850349e+03 7.385374642910036869e+00 1.999184953975170931e+00 3.326553604266194508e+00 8.599742204220437998e+03
0.000000000000000000e+00 -1.341660859339707713e+03 5.493375424895811321e+00 1.772570408778424644e+00 3.361537704808798210e+00 1.262526804896852354e+03
0.000000000000000000e+00 -1.340181223501620480e+03 9.303432186512099022e+00 1.869798744539360458e+00 3.112049554670567986e+00 2.317095169344139833e+02
0.000000000000000000e+00 -1.336224738929308614e+03 8.513617818190256870e+00 2.474946944200891785e+00 3.152962086709180323e+00 2.580530328422332786e+02
0.000000000000000000e+00 -1.304740725076017270e+03 9.896742803964132307e+00 1.709294205582331916e+00 3.110191365946267439e+00 5.630169700701290822e+03
0.000000000000000000e+00 -1.290626785698201274e+03 8.121424000597677662e+00 1.781409327373481233e+00 3.154902031416945363e+00 2.561318693837660021e+02
0.000000000000000000e+00 -1.282045757153942532e+03 7.803965065894572284e+00 2.402512711638680631e+00 3.335581273593418050e+00 1.412394572673282528e+04
0.000000000000000000e+00 -1.278089236952512238e+03 5.510325850301818207e+00 1.237360267654998847e+00 3.331212461376579448e+00 1.133140639219172243e+02
0.000000000000000000e+00 -1.274313593019877999e+03 9.539047727063334037e+00 2.073615478208971297e+00 3.070070671376055493e+00 1.999586140269160524e+03
0.000000000000000000e+00 -1.256412624950000918e+03 7.178651978782700560e+00 1.001797946285111429e+00 3.373998381004936320e+00 9.015427422529150135e+03
0.000000000000000000e+00 -1.247759742580832153e+03 5.137348584348759850e+00 2.393592930040136402e+00 3.400469604993633599e+00 6.811462946467003349e+03
0.000000000000000000e+00 -1.239690792664833680e+03 5.016204675387895939e+00 1.141624373100751155e+00 3.357027369194287125e+00 1.170439724399119825e+02
0.000000000000000000e+00 -1.223543490381172887e+03 6.112805724350838688e+00 2.105592194466970657e+00 3.258262614596029394e+00 1.467348939304876239e+03
0.000000000000000000e+00 -1.210698075481351452e+03 4.870025349085489452e+00 1.942536715655095003e+00 3.357324313193455367e+00 1.156755932135794410e+03
0.000000000000000000e+00 -1.191008838682744454e+03 8.765998864291912440e+00 1.687818218735097187e+00 3.146288876123819911e+00 6.952469174888257839e+03
0.000000000000000000e+00 -1.184895614337095139e+03 8.088335799975807205e+00 1.101825166964421232e+00 3.108747280585554940e+00 2.713518425911057079e+02
0.000000000000000000e+00 -1.172927975264611860e+03 9.383749276908444514e+00 1.565496613071364562e+00 3.227192497055664244e+00 1.151765926864525682e+04
0.000000000000000000e+00 -1.170145639547576593e+03 9.372123604964988530e+00 1.148563984262787496e+00 3.345716554271861209e+00 1.346522238178073349e+04
0.000000000000000000e+00 -1.154923855335390726e+03 7.303301004026331533e+00 1.837833663909114845e+00 3.177958428552796200e+00 5.153607693331641713e+03
0.000000000000000000e+00 -1.125221011524072537e+03 8.828244886641876121e+00 1.748193642715205831e+00 3.039108162779347477e+00 3.039200918429448279e+02
0.000000000000000000e+00 -1.119466046592909379e+03 4.572981116481479980e+00 2.168324296399594786e+00 3.343982875421906975e+00 2.380135170963050939e+02
0.000000000000000000e+00 -1.107209505579161032e+03 3.819060778097334019e+00 2.141795326792194309e+00 3.419750914743994841e+00 1.312139389586849802e+03
0.000000000000000000e+00 -1.103366588707149504e+03 9.558974893218159963e+00 1.819590324004806359e+00 3.194535419033226908e+00 1.309419532213314233e+04
0.000000000000000000e+00 -1.089977628082478077e+03 3.905229351434416518e+00 1.970910799740114738e+00 3.485183733359838776e+00 7.067992837053560834e+03
0.000000000000000000e+00 -1.075611380226152733e+03 9.731411859676990517e+00 2.398354112453487730e+00 2.969150730151633333e+00 2.686406713716140985e+03
0.000000000000000000e+00 -1.056819546802100149e+03 7.807190625777089110e+00 1.728548638321972142e+00 3.066202583868416376e+00 1.174246404410217792e+03
0.000000000000000000e+00 -1.028178280230959217e+03 4.472396783176278312e+00 1.320137209786133248e+00 3.313467774083267425e+00 2.554769585573975746e+03
0.000000000000000000e+00 -1.017541077140758148e+03 9.767065864660729346e+00 1.568936718813244591e+00 3.045090687320945122e+00 8.688662626026698490e+03
0.000000000000000000e+00 -9.949611825087818033e+02 4.517074759914595283e+00 1.499280532157177381e+00 3.291089037104993675e+00 1.508904320966852026e+02
0.000000000000000000e+00 -9.764463424205304136e+02 6.548177221403810755e+00 1.647768222301580598e+00 3.111283153440006721e+00 7.971651034835427936e+02
0.000000000000000000e+00 -9.653519150253022190e+02 3.373106767936177253e+00 2.237001813007055695e+00 3.407598040625743341e+00 3.958521643819435099e+02
0.000000000000000000e+00 -9.544837523039782354e+02 4.502326632184716182e+00 1.384863390878229961e+00 3.273185784475153515e+00 1.773424232703166012e+02
0.000000000000000000e+00 -9.486351404092525854e+02 3.917499526188002346e+00 2.138264702511715853e+00 3.332942571584004199e+00 2.191232010784882220e+02
0.000000000000000000e+00 -9.465237889280313084e+02 8.226784038971057811e+00 1.960406923325864748e+00 2.987939729174069470e+00 3.181595965221840174e+02
0.000000000000000000e+00 -9.300953750373032562e+02 9.919760039213095126e+00 1.155510978226521601e+00 2.887224985713809922e+00 1.429848148829827323e+03
0.000000000000000000e+00 -9.222120922331913562e+02 6.029973114856920446e+00 1.606969999897635226e+00 3.123583967801486061e+00 1.758116142980795985e+03
0.000000000000000000e+00 -9.154020956780072993e+02 5.614977779844862127e+00 1.578035194203165847e+00 3.153335258297531141e+00 4.466354430565385201e+02
0.000000000000000000e+00 -8.959569154004701659e+02 6.179824144335198888e+00 2.222725717250277011e+00 3.099238188007958250e+00 4.364046271478318317e+02
0.000000000000000000e+00 -8.941716312679652674e+02 9.855126870244856008e+00 1.724287161390473777e+00 2.989324352402783713e+00 1.008225003979876965e+04
0.000000000000000000e+00 -8.627202099313022927e+02 4.304790423569759383e+00 1.443460905115890647e+00 3.495731031253130450e+00 1.176405312468254670e+04
0.000000000000000000e+00 -8.517781377863566377e+02 7.719392059710804332e+00 1.367561425797975350e+00 2.984801183229372601e+00 3.599875351323670202e+03
0.000000000000000000e+00 -8.485080440398913879e+02 2.394507778749532356e+00 2.141626032859685225e+00 3.498454580559904770e+00 1.038331987642614195e+03
0.000000000000000000e+00 -8.234963049330571039e+02 9.957250321205627586e+00 2.292654833878969178e+00 3.086731323087259948e+00 2.188734501305854428e+04
0.000000000000000000e+00 -8.094274104391781748e+02 9.815090781185958235e+00 1.611583359096747214e+00 2.954289240076019674e+00 1.039469193743615870e+04
0.000000000000000000e+00 -8.032343291103877618e+02 5.378730602805571692e+00 2.007718121617430906e+00 3.117064539847153704e+00 1.252781353939598148e+03
0.000000000000000000e+00 -7.942721230405761617e+02 4.178710990736089315e+00 1.355177052198056620e+00 3.292034554522739853e+00 5.700534799777389708e+03
0.000000000000000000e+00 -7.876313658677493095e+02 3.810127279617654850e+00 2.483906897594227114e+00 3.295928456443846688e+00 5.691680188639109474e+03
0.000000000000000000e+00 -7.810677305021034726e+02 2.760392953347919676e+00 2.376115969169122266e+00 3.402582451012863718e+00 1.641448659741192841e+02
0.000000000000000000e+00 -7.581121080501836786e+02 9.922872081676922917e+00 2.120237351983145224e+00 2.794563725053639480e+00 2.113648677726538153e+03
0.000000000000000000e+00 -7.518777567688244972e+02 9.646435361428636668e+00 1.190018779431617268e+00 2.807335595644284254e+00 2.568811861267696258e+03
1.482196937523739633e-323 -7.493549290218618353e+02 6.210110860420098966e+00 2.460205850069159261e+00 3.021729742212059477e+00 1.421396460498126544e+02
1.313823861418419966e-316 -7.332636856052162102e+02 4.426765442109023674e+00 1.777629873083287348e+00 3.220758433766746975e+00 5.748873389377931744e+03
7.971287555820624646e-309 -7.153401858016976576e+02 6.006600682477657216e+00 2.418844603610273314e+00 3.194532916231975328e+00 1.657590954910472283e+04
2.465806392708034392e-304 -7.049980874757746960e+02 4.492167215505530109e+00 2.325927467107045565e+00 3.147674526505141124e+00 2.270792037530001437e+02
1.415881371816216335e-301 -6.986425988729946539e+02 6.163257528186911749e+00 1.371991360931435366e+00 3.076291997058319794e+00 6.935761013504354196e+03
1.603078837660121470e-301 -6.985159250340501558e+02 6.701325007363945652e+00 2.105204425851646910e+00 2.957538515468089102e+00 1.348080515219202198e+02
1.469514239148361212e-300 -6.962978340981754855e+02 8.285236478811224714e+00 1.533577992473599494e+00 2.975329049899828604e+00 1.005372153752891427e+04
1.338663069199664539e-299 -6.940860094954358601e+02 9.465952062041491644e+00 2.298467903698065751e+00 2.781602362748972546e+00 2.008089290765724400e+02
1.617581081372453526e-297 -6.892890788420907029e+02 2.533891982051956315e+00 1.446706079511709930e+00 3.389915232188806193e+00 1.544487443684817549e+02
3.134641199008578038e-297 -6.886249959983566669e+02 3.515627973775332649e+00 1.517873588238245253e+00 3.248171271159827178e+00 1.287502120150764142e+02
1.081886412289213837e-292 -6.781733790553307699e+02 2.748452338231840653e+00 1.855380544215992744e+00 3.349177133917085936e+00 2.409027115790224514e+02
9.953210007959169853e-291 -6.736491050448432816e+02 2.635542530123600180e+00 1.127969657849958285e+00 3.402662337423900230e+00 4.246603470562246912e+03
4.522540351726410369e-290 -6.721328412041706315e+02 5.632495452420500648e+00 1.759718521933032020e+00 3.025359671551670182e+00 5.612156191450731058e+02
4.465567626440311330e-284 -6.583275081726615099e+02 8.360480132609890092e+00 1.797026191434996090e+00 2.913951377783862817e+00 9.363558645177763538e+03
7.817982439372025671e-280 -6.485546376137266407e+02 5.567906897721019099e+00 2.099373222400496619e+00 3.129220064668056800e+00 1.052832539997955973e+04
4.075712490344000138e-273 -6.330854229082920028e+02 3.341098945971002987e+00 1.315396820756624230e+00 3.239585093160497919e+00 2.537638038795284956e+02
1.138472785303626577e-271 -6.297531105957267528e+02 4.170448806288220567e+00 2.125423733283721361e+00 3.153685662718985316e+00 3.937275009989904447e+03
2.815620732010762223e-263 -6.104244348080267173e+02 3.156227055252359914e+00 1.786969160308914617e+00 3.385658119286920620e+00 8.838132466611297787e+03
2.262962460570113302e-261 -6.060352725898624158e+02 7.816169167299992004e+00 1.547302932570156386e+00 2.826451206679904793e+00 2.373397910200179979e+02
1.182190628975733281e-257 -5.974717378134433829e+02 8.019483458189244018e+00 1.013617742135199506e+00 2.922873774389505019e+00 8.913414285569793719e+03
4.116220007528286572e-256 -5.939190866347349811e+02 7.248642567798794900e+00 1.942706574064486658e+00 2.856952280634981634e+00 8.074732466982443384e+02
4.976621613393733420e-256 -5.937267706331181216e+02 3.755969898204778890e+00 2.417829493175455813e+00 3.165345848275689544e+00 1.130273811187422410e+02
5.256815772157013477e-255 -5.913669113331334302e+02 8.910806766221666564e+00 1.043657903109838969e+00 2.748433131405993102e+00 3.364943723932685771e+02
7.063551124064103924e-255 -5.910689888929405242e+02 6.147045868084204834e+00 1.087165374124991368e+00 3.002804124499175664e+00 6.304427223494834834e+03
2.683742744491088569e-248 -5.759161287923957389e+02 8.127865789124685492e+00 1.436341310153760098e+00 2.786745633104774633e+00 1.764572600607333470e+03
3.537478463757161109e-247 -5.733348418911452882e+02 6.855190205428879580e+00 2.365428759171986250e+00 2.871778623032462896e+00 1.893533380521719494e+02
1.075176874604294572e-246 -5.722206857905573543e+02 6.793928092121012341e+00 1.250739916910633465e+00 2.875528488755326961e+00 1.722701157431600905e+03
3.892676470814014959e-246 -5.709315740133083636e+02 7.473648487402209106e+00 2.132638944462135200e+00 2.826744706988697509e+00 1.401237259757260460e+02
1.664498452425995709e-241 -5.602657216598686318e+02 1.809431889178696684e+00 2.276734543242511233e+00 3.453870724267205539e+00 2.756602247413887312e+02
3.533461607141695325e-241 -5.595104674924490382e+02 4.128443958896632182e+00 2.314191022814629406e+00 3.102609446680017147e+00 1.140531722237367234e+02
1.162444327812383844e-234 -5.445016248899109996e+02 8.026429333999162807e+00 2.411880761330690959e+00 2.772037504038243672e+00 2.610056436643836832e+02
3.315995948430713676e-230 -5.342405514697654780e+02 9.505643380102108964e+00 2.102328805886536145e+00 2.693256808432874294e+00 6.170923022901145487e+03
2.320102369105496563e-225 -5.230822727109241441e+02 1.545855529419912999e+00 2.331295255975883940e+00 3.492593034934930341e+00 1.491416874200688767e+02
3.401489697451297411e-225 -5.226971705382700293e+02 5.691131448899818146e+00 2.161425115251909279e+00 3.308804190307576221e+00 2.290195473239967396e+04
3.802776629242844494e-217 -5.041624717844778729e+02 9.433652599544638306e+00 2.070061082357247173e+00 2.682892257291097149e+00 7.173655249545791776e+03
2.365009393076838775e-215 -5.000297510966640857e+02 9.019011465608945954e+00 2.488605150388335296e+00 3.031740829852306529e+00 4.531042405053706170e+04
1.277833899681622926e-212 -4.937351114327622099e+02 4.170080883622135914e+00 1.227241090991046502e+00 3.058480792183504882e+00 2.525344952284216106e+03
1.549642758507476320e-212 -4.935397533853359846e+02 7.033376778023792575e+00 1.388773059249874819e+00 2.823678200033233665e+00 4.230693579802853492e+03
1.871406451880873905e-207 -4.818356620848741159e+02 5.833653139211272709e+00 1.329612170766806267e+00 3.018202995854061044e+00 9.675455361008996988e+03
2.424954128775764658e-207 -4.815740397381086382e+02 7.903363482887171720e+00 1.953113805837605632e+00 2.736676818218083618e+00 2.876673485416643871e+03
1.097133205402377412e-205 -4.777594815594560487e+02 2.262896006372419055e+00 2.320171486592476739e+00 3.310402479852832425e+00 1.069741406188979454e+03
8.608253396786884552e-205 -4.756969607200171026e+02 8.904979829226073562e+00 1.725717365307657625e+00 2.791970202844622051e+00 1.268703506016050778e+04
5.007944710378379345e-203 -4.716309863808972977e+02 7.632499589039514198e+00 1.411405613160336081e+00 2.797218760464578846e+00 6.731664906716746373e+03
2.869877101930351331e-202 -4.698826576741525969e+02 6.896922442498588879e+00 2.295528677197295586e+00 2.984153114589948252e+00 1.952979159595583405e+04
8.200172538703172150e-202 -4.688302716860260944e+02 7.078391595920084711e+00 1.976646400731228104e+00 3.010607682658640094e+00 1.766383687958940573e+04
5.667615530903606423e-200 -4.645919882073915801e+02 7.568653370201861463e+00 1.390025949490125479e+00 2.744876856759887129e+00 1.988865213743004574e+02
4.257279363572111554e-199 -4.625730412931874866e+02 8.948277063293240019e+00 1.419852678225169029e+00 2.666545119234445593e+00 4.453272752381589271e+03
2.380884784684317367e-197 -4.585465292395408596e+02 7.315906945302445230e+00 1.350039651309671962e+00 2.765723302334215372e+00 3.291073622949852506e+03
1.488646853400971380e-195 -4.544084636751643416e+02 7.433667271969149226e+00 2.119540021349605841e+00 2.776783793234764985e+00 6.850781230726619469e+03
2.528183308083129172e-194 -4.515737451526632071e+02 9.766000465772215478e+00 1.033638502079742727e+00 2.713204980656919396e+00 1.092720999283252058e+04
1.293728521798805706e-192 -4.476360475750541923e+02 7.721485186998364725e+00 1.661007688407954985e+00 2.817438809320390369e+00 1.025527479752936051e+04
1.929881081699356820e-191 -4.449310324731270612e+02 5.747110314739005688e+00 1.948803470603130084e+00 2.871415190356031211e+00 2.527208692227372353e+02
4.251887322348390044e-190 -4.418360428052411635e+02 7.290592158741315387e+00 2.415858739556662194e+00 2.747070913015788207e+00 7.909830805491101273e+02
3.682831629586713797e-189 -4.396746387516012646e+02 6.013356786246758290e+00 1.699974239311710322e+00 2.844989277024745356e+00 1.038977937445859880e+03
4.243849933420014161e-188 -4.372277647190401240e+02 3.142999243578379343e+00 2.362913037470971034e+00 3.153706958431002239e+00 3.648416886500304827e+03
1.017159361479152519e-185 -4.317459664980711977e+02 9.354034613560925138e+00 2.399538841138345369e+00 2.605181626219780000e+00 6.590683563288321238e+03
1.507662195978787904e-184 -4.290473349709668014e+02 7.928156687676739089e+00 1.915655798798887810e+00 2.690722786472550254e+00 1.482920366145798653e+03
3.990949962446232320e-178 -4.142558553611331718e+02 3.073621218788914700e+00 1.116184497778381912e+00 3.172985041749273538e+00 4.326162727369258391e+03
1.116781369890060965e-177 -4.132243487853309034e+02 1.872231955475175402e+00 2.236185507077916856e+00 3.342276883983733349e+00 5.457307630690895621e+02
5.691847299011596311e-174 -4.046855094249785907e+02 6.753611100462504346e+00 1.255131484013455978e+00 2.757583645726662702e+00 2.820532773188106717e+02
3.726135844795745276e-173 -4.028040874544240637e+02 4.775441448633680253e+00 1.108838729458662575e+00 2.929698243478687569e+00 1.511665490211567260e+02
1.683723180567581207e-167 -3.897804411063664247e+02 3.010181639227593298e+00 2.251916635385058818e+00 3.177631851823573328e+00 6.495269117508009003e+03
1.322211813639745598e-164 -3.831118873968933372e+02 8.693835345160948691e+00 1.267213065584114728e+00 2.613096510686580665e+00 4.770289923341811118e+03
1.447973360796995449e-163 -3.807159433580577570e+02 2.369530618151531431e+00 1.649596851634374639e+00 3.223165939647238964e+00 1.178328012492733592e+02
8.342061841027128403e-163 -3.789622978456516194e+02 8.961050812826018230e+00 1.410404216472398220e+00 2.721411870001188227e+00 1.337850444268513274e+04
3.257636578187045062e-160 -3.729923510191900959e+02 5.447562626563923871e+00 1.238786496610973842e+00 2.901801725128745346e+00 6.617917967525171662e+03
6.352110892027870994e-159 -3.700194807010308296e+02 6.917855887484108734e+00 1.590699460613921756e+00 2.714400485903524896e+00 1.743210824000282173e+03
4.569588949690379344e-158 -3.680437595341445558e+02 8.844400341123737519e+00 1.119634770672311319e+00 2.567949728834721945e+00 1.062944917608991062e+02
5.531389024789953471e-157 -3.655476587327646030e+02 3.836815640689373197e+00 2.243697805889659946e+00 3.002855207567984408e+00 1.726423186678245884e+03
6.425022869029770510e-156 -3.630928124134970858e+02 9.214301257536650525e+00 1.564644729630444209e+00 2.763238434520112641e+00 1.756096410978323911e+04
6.217930820620359754e-155 -3.608204903247495281e+02 7.506597296354051707e+00 1.852504046479414690e+00 2.659746549257432147e+00 1.305906429687373986e+02
6.944630902746942066e-152 -3.537997034026366805e+02 9.580974002196185779e+00 2.311083070753690905e+00 2.498684226401755915e+00 1.354741657138544497e+03
2.586108387358832661e-150 -3.501798478530866987e+02 6.243540489891338474e+00 2.009753907304150822e+00 2.751712247799033673e+00 1.980134641032320246e+02
1.775682751085272922e-149 -3.482507319552279341e+02 8.866737624941990248e+00 1.141724636266351567e+00 2.544295038347776483e+00 3.626547206478152816e+02
3.710312594181861863e-149 -3.475113008224340092e+02 6.162758840552222672e+00 2.013792149810518239e+00 2.756186310037260334e+00 7.700096298762407514e+02
8.298527335716065950e-146 -3.397960836040853678e+02 9.018638289421588183e+00 1.475893664477467615e+00 2.522999961922960388e+00 5.057429870653202784e+02
2.421946946018311152e-144 -3.364199197478641850e+02 5.979089288134813884e+00 2.336782001036978862e+00 2.766205019888735350e+00 3.737348493328474433e+03
1.602288324074995617e-141 -3.299228033987163826e+02 9.219917653135590641e+00 2.204084912064210311e+00 2.909337119215960943e+00 3.927495718083454267e+04
9.072083013677350808e-141 -3.281865343112622782e+02 8.314923283694437117e+00 2.168574745971476148e+00 2.562708293331949161e+00 1.030270559463921927e+03
8.973854319904415074e-138 -3.212871656559135545e+02 3.344329200139212865e+00 1.496087731341623650e+00 3.377734795545959567e+00 1.653825310019924655e+04
2.053269051550170188e-136 -3.181543775614491665e+02 8.582668697993227624e+00 1.467230106557068536e+00 2.529638153994318017e+00 1.402623212655346094e+02
4.223330389752384448e-136 -3.174306867350890116e+02 9.531449367195977018e+00 1.780361023982465207e+00 2.454447138017829655e+00 1.129329975329405329e+02
8.119817323055183350e-136 -3.167745030870133292e+02 6.855405160120112029e+00 1.174514329157247738e+00 2.667255304326757503e+00 1.227730877827378748e+02
6.574389708074086287e-135 -3.146805438970881141e+02 3.809646835836843159e+00 1.714642623587100845e+00 2.963917278461360993e+00 1.862501857395603338e+03
4.380279539625560867e-132 -3.081763578276128328e+02 2.477461126953584447e+00 1.017980041228091492e+00 3.146502431233972885e+00 1.341827873311795258e+02
1.769296359229593360e-131 -3.067778033484144657e+02 7.582006970176803584e+00 1.745508667740679476e+00 2.661188238645920023e+00 9.658661581401620424e+03
2.464126389643312004e-131 -3.064440479399490869e+02 7.468575403621561470e+00 2.109053512985219925e+00 2.604887839656934823e+00 1.525522760128252457e+03
1.372696103618931550e-130 -3.047240234210171366e+02 5.950204102566766018e+00 2.003069034117467506e+00 2.735618722033768879e+00 2.890281562741804464e+03
3.602825336333890948e-128 -2.991514116465172037e+02 6.195644570804779150e+00 1.086681313885037081e+00 2.707601291457858217e+00 2.627828264386744650e+03
1.205692754471051304e-126 -2.956384055121058054e+02 2.583756185822784879e+00 1.485771596430990993e+00 3.118016758023244961e+00 1.966591135306076694e+03
3.421721848447205729e-124 -2.899876457390075757e+02 9.742432874192054726e+00 1.560628875509003866e+00 2.444355904644336164e+00 9.364791306152799734e+03
8.432561421875989780e-124 -2.890831890559713315e+02 4.089360113938522723e+00 1.400664914642171688e+00 2.907577153816350179e+00 3.627048400877436620e+02
9.509141487419466760e-124 -2.889605360300816415e+02 5.950841929282242759e+00 1.391539726190685444e+00 2.849218314293533005e+00 1.155585738999216119e+04
1.794958959212031318e-121 -2.837175521911323699e+02 1.518470445964459126e+00 1.692360452312672292e+00 3.316742645528967692e+00 1.722353975153329486e+02
2.377363476022311141e-121 -2.834340422584083399e+02 1.640286522717357975e+00 2.183815995571600332e+00 3.309331713099419758e+00 3.984241324434186936e+03
4.035152656652728364e-121 -2.829024902147328930e+02 7.860319976404182896e+00 1.154842636395084554e+00 2.542675070296867901e+00 3.752644943352871678e+02
1.957469627488459517e-120 -2.813207966230761485e+02 6.624414530150612102e+00 2.370736723472630647e+00 3.233956697409217540e+00 4.937576775728278881e+04
8.689590876327020051e-120 -2.798278233975237299e+02 3.365973715940568933e+00 1.306965038132450907e+00 2.988810013339169291e+00 2.790478703165633760e+02
3.902878168888436429e-117 -2.737179797039102596e+02 3.091645409984852488e+00 1.325692114435589541e+00 3.324101089671026354e+00 1.488212946517206001e+04
1.978844545522315272e-116 -2.720920957723924403e+02 8.173361955363166231e+00 2.378545339678100223e+00 2.717725533654954173e+00 4.218206568032731593e+04
1.178163793398003039e-115 -2.703055666717029339e+02 6.536056093859013316e+00 1.187538569926936738e+00 2.642509501989581899e+00 1.180262340583248942e+03
3.991644550262555102e-115 -2.690828204769287595e+02 9.058139292160763745e+00 1.603953348615492658e+00 2.891716657939016777e+00 2.690050481263613619e+04
2.529585300983607356e-113 -2.649312982282605731e+02 6.161630985644240610e+00 1.705255032466136189e+00 2.670483596161786544e+00 1.723248373234197857e+02
1.009788041575387984e-112 -2.635445280629129456e+02 9.647647335381632772e+00 1.003717939730087938e+00 2.353260043532848123e+00 2.698520501906419668e+03
1.002050342824352797e-111 -2.612471351751818247e+02 5.209346700338616465e+00 2.369543387930123757e+00 2.758634511560365432e+00 1.823579820230477821e+02
7.388724805880079779e-110 -2.569441431625720043e+02 2.036438596801974033e+00 2.483479218116651399e+00 3.251761038481006061e+00 8.308526813701369974e+03
5.441950304730897265e-109 -2.549448757244170736e+02 3.988262671703844298e+00 1.708423865276216258e+00 2.894372301261608271e+00 3.394539620833694244e+03
1.469458603962463428e-108 -2.539490341036112966e+02 5.700444191010972439e+00 2.212669958344741339e+00 2.710733979325279375e+00 4.738184182614927522e+03
3.210813499438422558e-108 -2.531649038082887273e+02 9.391538969148191640e+00 2.198156416302247340e+00 2.354824809228026172e+00 4.052260261328312367e+02
3.455280675022280092e-108 -2.530890244486762128e+02 5.841862765668461854e+00 1.932811945618099880e+00 2.831247659589650301e+00 1.501709441598797275e+04
7.330100599671083025e-108 -2.523344388997602152e+02 3.488636678741565245e+00 1.105651039211729358e+00 2.945802856938423808e+00 2.354659265188440429e+02
1.781859915363287210e-107 -2.514436853318944998e+02 9.329920930014905522e+00 1.896817943728573042e+00 2.727376052043811949e+00 2.955136075438243279e+04
1.122038505777915983e-106 -2.496011108285650266e+02 8.823709642975561707e+00 1.370895096440131189e+00 2.402909599519830408e+00 2.839040882234690457e+02
2.803603212906291422e-106 -2.486828525023153134e+02 6.660792054972450416e+00 1.889150329931422512e+00 2.603341991931778843e+00 2.332550755242420166e+02
2.370810399077682834e-104 -2.442428559307259093e+02 8.326749110728858483e+00 1.923792095694023985e+00 2.443540220961819553e+00 3.644538320544675116e+03
3.236405013928201400e-103 -2.416265395247892513e+02 8.987593229189428712e+00 1.488337997688138570e+00 2.385174074368502595e+00 5.663274275985595523e+03
4.737280882323969609e-103 -2.412430393573829690e+02 1.807597947622979095e+00 1.763121991620537843e+00 3.224977229783920762e+00 3.413458118976467631e+03
9.619036140676149055e-103 -2.405322586085886485e+02 8.259964520174419178e+00 2.314332271388196638e+00 2.450509627807648361e+00 9.344002129697259079e+03
9.306451183947818644e-102 -2.382602097466048860e+02 1.640526926664712670e+00 1.611108201051364208e+00 3.461034099960586641e+00 1.083245221639106785e+04
2.008389146122569485e-101 -2.374884995080586805e+02 8.238146970478791076e+00 1.417129025704732648e+00 2.436486872924645830e+00 3.410002299868642126e+02
1.164863250885230018e-100 -2.357281436970739890e+02 3.089922036027656915e+00 2.261824627067043458e+00 3.174960832209748229e+00 1.596738362538452202e+04
3.583815630437832421e-100 -2.346018193445982263e+02 8.270831055295245093e+00 2.198572331415536318e+00 2.427701053369921702e+00 1.942863413595287966e+03
1.290855037655465489e-99 -2.333178574843000490e+02 9.532774604714662203e+00 2.283667658170090320e+00 2.291400794516318840e+00 1.129200828879905021e+04
2.232738215696319952e-99 -2.327674335713580263e+02 6.278396594925955476e+00 1.234999822555859827e+00 2.618046878713131687e+00 3.180148532632063620e+02
8.644812116731011168e-99 -2.314112029172660812e+02 5.418962693810738251e+00 1.486373461117410644e+00 2.953017697009338693e+00 1.692537122638483561e+04
2.123832600666865773e-97 -2.282072698299770082e+02 1.531915324340509699e+00 1.460609747706866468e+00 3.259224609916504534e+00 2.426994122982706358e+03
2.129432978393712142e-96 -2.258995512870563687e+02 1.887545083165664161e+00 2.081566344681479386e+00 3.362579498417481716e+00 1.181614997686130482e+04
1.205158934294797319e-95 -2.241637104770918256e+02 4.719549558837347725e+00 2.456744157534949569e+00 3.228801620222500723e+00 4.216642086528804066e+04
9.262692939434306337e-94 -2.198192420174496533e+02 9.245502350376087364e+00 1.196985641927183597e+00 2.284983325933487741e+00 1.633444962541772156e+02
9.703957617457863982e-94 -2.197702030339242469e+02 9.158542847740335446e+00 1.646222407568001422e+00 2.295622618270499959e+00 2.096726052641228932e+02
6.972039472914664908e-93 -2.177957439557531245e+02 3.044597189437286744e+00 2.447357014423409804e+00 2.995116006110356111e+00 6.015226133700663922e+03
1.010505585249580457e-92 -2.174221158669750764e+02 6.534049221286087672e+00 1.151474742538430629e+00 2.570088419012432013e+00 1.569225476149370024e+03
5.301651326836803183e-92 -2.157620483089040135e+02 8.258362174155292834e+00 2.377221155113244500e+00 2.087555723527222629e+00 6.263625076856472879e+04
2.450114572603171754e-91 -2.142288467712500903e+02 6.589731911959809452e+00 1.120654578741974827e+00 2.559377009952828352e+00 1.144659383128305990e+03
2.991594669901316288e-91 -2.140266749793956365e+02 7.115618389073369521e+00 1.855401658577740198e+00 2.505578764499579059e+00 4.552017201794432708e+02
1.488639455664484578e-89 -2.101169487872446666e+02 2.580261693679028134e+00 1.464333255844256998e+00 3.098550667575248330e+00 6.217162285894991328e+03
2.024081570803863293e-89 -2.098071953206593605e+02 1.209802672680733299e-01 1.572458477268327437e+00 2.523145612357192924e+00 4.019702940126130670e+02
3.981902051068808157e-88 -2.068254666726429889e+02 1.206391225757451752e-01 2.150483551892762080e+00 2.802295217868767008e+00 1.712371533574197997e+02
9.298752650198711852e-88 -2.059748460125297242e+02 3.182104332602813557e+00 1.907085045313096749e+00 3.009425630329718437e+00 7.949852498568758165e+03
1.092689089406705159e-87 -2.058109994745053939e+02 9.337158140543323270e+00 2.382636101839414877e+00 2.220791834100207751e+00 2.436793836757582540e+03
3.075298669999110974e-87 -2.047737391620681251e+02 6.599557463111866085e+00 2.498571593629380416e+00 2.542579830380368389e+00 1.714893664112184410e+02
4.747998209518962195e-87 -2.043369180874197468e+02 2.570012395405980143e+00 2.326247157189415660e+00 3.034745159138421577e+00 3.292065480040062539e+03
1.777789627596168599e-86 -2.030141852836667056e+02 6.070100531184763781e+00 1.101270866575911889e+00 2.594943964361263067e+00 1.886366908919589207e+02
2.940998952850489961e-86 -2.025083067905513019e+02 2.076606736537390141e+00 2.217165766905082158e+00 3.113966360932562516e+00 1.280261086352068332e+03
5.507526525544426792e-86 -2.018784404781295052e+02 9.844880043302952188e+00 2.019625625900398624e+00 2.089688463659536311e+00 1.075861359469311225e+02
8.301507830091418227e-86 -2.014656189294915976e+02 1.419097382519489692e-01 1.062029870054117975e+00 2.617612722118339175e+00 1.933385273916252345e+02
1.739297737756746255e-85 -2.007234895683087927e+02 9.588138063177305881e+00 1.085474523171362948e+00 2.147125098245246555e+00 2.052316262149190038e+02
3.012859422899697321e-85 -2.001715813988708987e+02 9.820510981941206197e+00 1.943407667720380871e+00 2.078414961534242877e+00 1.866372354262382487e+03
7.270740524449638253e-85 -1.992881128544094054e+02 9.370703899710427720e+00 1.605319050152224980e+00 2.182833462055554730e+00 1.121800499810462725e+03
9.466151497345609291e-85 -1.990217485653530787e+02 7.877839656757324782e+00 1.137161501990403112e+00 2.391770969932658808e+00 1.850666777516639513e+03
1.088009865681609349e-84 -1.988800356919681178e+02 9.030739591722152682e+00 2.242460150414171238e+00 2.017037406724763837e+00 4.211514763131194195e+04
1.239623045457973740e-83 -1.964444934772862723e+02 2.742077261753022466e+00 2.266372952174124933e+00 3.120668455339395742e+00 1.245962938263802789e+04
2.891418598773100490e-83 -1.955950535687716751e+02 9.934560534505337159e+00 1.439582362560053008e+00 2.027253115678492090e+00 1.316894057001222245e+04
6.189964293760785033e-83 -1.948313714967835608e+02 1.661474786646220392e-01 1.443297613240771327e+00 2.402795146411146554e+00 1.117363449342874588e+02
3.927184222933646085e-82 -1.929812930357240361e+02 5.883755559570934324e+00 2.285103992706907672e+00 3.005255285383968022e+00 3.918913019075205375e+04
2.249810463111904076e-81 -1.912332846550495447e+02 5.591351400618447265e+00 1.443421065674642678e+00 2.978900630011050765e+00 2.066855858202847230e+04
7.044851251550396912e-81 -1.900893335980182997e+02 7.779704347579682100e+00 1.068135622569119869e+00 2.570647896586621961e+00 1.560924809207816361e+04
9.327518455339501726e-81 -1.898061616243950311e+02 1.669528181359718477e-01 1.634534769809633081e+00 2.997658050413056330e+00 2.612731076823985859e+04
1.294083374579672190e-80 -1.894762429104345642e+02 9.547934289166104094e+00 2.409404766152357436e+00 2.010303052388398903e+00 2.543690605503787992e+03
1.946899827171975845e-80 -1.890653072608747891e+02 1.844444904225490123e-01 1.640666378476874465e+00 2.145665625045028335e+00 5.166212437802573731e+02
1.194918906838958155e-79 -1.872483821204175456e+02 6.399356929711353281e+00 1.761631107388592188e+00 2.909654764653037073e+00 2.504409619892219052e+04
1.262272370018303752e-79 -1.871910468781769907e+02 2.282721070174730027e+00 1.265008890786209816e+00 3.137968374090829293e+00 6.528489132962431540e+03
1.936891051975135187e-79 -1.867603763060232609e+02 8.783012097074534452e+00 2.051830556883480483e+00 2.225008401108584000e+00 1.460179082308692102e+02
3.790929117581873091e-79 -1.860863493043048038e+02 8.235374831836466569e+00 1.350718842473891845e+00 2.591810330851857191e+00 2.006311131651588221e+04
4.915872918550714043e-79 -1.858239911023225375e+02 7.853788486123537638e+00 2.119946535350323735e+00 2.359126978928528295e+00 2.257710911779853632e+03
1.065641223942831191e-78 -1.850477986439302924e+02 6.349593344035440623e+00 1.565645605428951814e+00 2.605704983821763854e+00 1.017530587760692106e+04
1.079984913626793535e-78 -1.850319282779440471e+02 2.000646906428565908e-01 2.244886488785155620e+00 2.492210860220630320e+00 3.883863071550300083e+04
2.339744495623720154e-78 -1.842563336166149668e+02 7.561688033567206979e+00 1.234157707296986928e+00 2.391679992641685626e+00 1.886967387452018272e+02
6.390888845269270131e-77 -1.809464168989923110e+02 8.090295231171925394e+00 1.073184162158017596e+00 2.592006788349658919e+00 1.869176614860793416e+04
7.327977898936191997e-77 -1.808070906457320746e+02 7.729175475630842840e+00 1.570455184992134878e+00 2.378445934074488122e+00 6.261229105056633671e+03
2.295806160848868536e-76 -1.796626211139544864e+02 8.461952871410495902e+00 2.109473747049434245e+00 2.250801666583444938e+00 6.202671856155476235e+03
4.678041115219613621e-76 -1.789483257069477418e+02 8.617745648510686252e+00 1.649663272560603744e+00 2.222437433840394938e+00 5.368869517210026970e+03
8.665323923916560085e-76 -1.783293758586360411e+02 5.044700316931373330e+00 1.385245303189618804e+00 2.668303625225316722e+00 5.348273523692989784e+02
1.098819896409836791e-75 -1.780893832886625319e+02 5.939146458320598398e+00 1.288618703152379030e+00 2.691931228071665849e+00 1.237082628296029907e+04
1.104079837707366370e-74 -1.757795227161382741e+02 4.452763586617231262e+00 2.389102964358410741e+00 2.739297259843699095e+00 4.264226624848898609e+03
1.562303316696094953e-74 -1.754298737607516614e+02 8.995548090470844471e+00 2.145993194977477980e+00 2.056873772148015700e+00 7.084198522197872990e+03
1.757206920516107338e-74 -1.753098094066536135e+02 8.580639677075440730e+00 2.385225056934597632e+00 2.200683145126367979e+00 1.207294507108400694e+03
1.754012862784930953e-73 -1.730065436578244658e+02 8.929290184349827797e+00 1.039634081804570620e+00 2.001220508036217538e+00 8.630306503170443193e+02
1.902330025664484168e-73 -1.729228704210063938e+02 8.971085692052344740e+00 1.287933253930236610e+00 2.059225308857528081e+00 7.794944069125001988e+03
2.718877323619804781e-73 -1.725632308387137641e+02 5.652540416769243237e+00 1.910808443084811792e+00 2.633433190086659437e+00 8.735630729658021664e+03
6.755727084682194062e-72 -1.693479741900160320e+02 2.577391282850966525e-01 2.364547881101839444e+00 2.137514635560672893e+00 9.699549005158163482e+02
1.096050237285065349e-71 -1.688615666747459443e+02 8.303354556661428632e+00 2.271543370131199779e+00 2.219624689261200157e+00 4.293452856380553385e+03
1.417714170995692126e-70 -1.662991487703099267e+02 4.837879569525530776e+00 2.192517897474791422e+00 3.309044673198582309e+00 4.133808482088812161e+04
1.987270031516341390e-70 -1.659589327527276055e+02 2.719957318206605579e-01 1.268497255500516285e+00 2.126051589744095249e+00 2.012621612660197570e+03
2.820360136576834488e-70 -1.656063300213641583e+02 8.353424763541948295e+00 1.256247845325351387e+00 2.237252714099067674e+00 9.184613487088434340e+03
9.536474361412886876e-70 -1.643855707528047105e+02 7.391920701717705988e+00 1.936744013830904665e+00 2.354705030810234412e+00 1.225704526170583222e+02
9.888650240756739913e-70 -1.643468069470186492e+02 9.213702234700214433e+00 1.959346113393045208e+00 2.659935344047796857e+00 4.682681631572952756e+04
1.566219134627458332e-69 -1.638844449926808977e+02 5.063162607630072642e+00 1.606369842537026305e+00 2.708137382782321634e+00 8.976627678766608369e+03
2.401205023760611194e-69 -1.634546388085912838e+02 5.848861052167009689e+00 1.016694303668973287e+00 2.548908318530595629e+00 4.235044358003652860e+02
4.338640727741537161e-69 -1.628605484104889740e+02 8.202306681042918157e+00 2.248767497756658962e+00 2.138512123395437836e+00 2.484733698335026929e+04
9.585265282805615118e-69 -1.620653824601868109e+02 2.085113864492115776e-01 1.350652785505950471e+00 3.255846314172385014e+00 5.383426751028072204e+02
1.309801472035039171e-68 -1.617506488425144369e+02 1.485407525348984237e+00 1.021912015380906258e+00 3.201705176630785132e+00 3.118298316424666609e+03
1.496590936525624418e-68 -1.616148346075755740e+02 4.759366224395015221e-01 2.373934455110145780e+00 3.481460777863166545e+00 1.044813583928441403e+03
4.062113237474311785e-68 -1.606138210801375692e+02 4.808986504606770573e+00 2.033799324640702011e+00 2.667185620011757408e+00 1.081368452104440934e+02
6.736200965886269215e-68 -1.601055283090800287e+02 8.444943200295224273e+00 1.793006725610964303e+00 2.448730024326267518e+00 2.629041073633202905e+04
7.387520033274688359e-68 -1.600107323256695508e+02 2.235794412071088644e+00 1.449917011398230704e+00 3.312669819423010864e+00 1.444534845846576172e+04
8.257299995762473425e-68 -1.598969267631074729e+02 9.519985666584133810e+00 1.189853128065464061e+00 2.716741219315716549e+00 3.089736490319707082e+04
3.540272441063711968e-67 -1.584387356422472237e+02 8.388897489456763168e+00 1.023692971265904639e+00 2.016921587040495734e+00 7.310439158545748342e+02
4.839020954401955254e-67 -1.581237269090656525e+02 7.877229000690865846e+00 1.628816470499195201e+00 2.245790701082396090e+00 1.963617525536016331e+02
2.421978722253365771e-66 -1.565107693742944832e+02 8.314217476808970275e+00 2.217279999711819993e+00 2.080156197610481428e+00 3.207425649031140438e+03
8.116386858644999454e-66 -1.552989691471912863e+02 2.190626879498805968e-01 1.601079476979881067e+00 3.357767204960440122e+00 4.170046131884170791e+03
1.351436787844640218e-65 -1.547866008274054934e+02 3.853169902965377869e+00 1.931669337853338497e+00 2.778040876535570192e+00 6.661465736788694585e+02
2.122788259722969544e-65 -1.543325386998016597e+02 4.546749812117803380e+00 1.272498202043441218e+00 2.688653593785984341e+00 1.255035735294808092e+03
2.814283220285459745e-64 -1.517454764477066362e+02 3.583440360140661696e+00 1.233541382479783177e+00 2.809762714889791901e+00 2.606603528983727074e+02
3.672892610926289371e-64 -1.514767045192199646e+02 7.178789201245839635e+00 1.368580510286525387e+00 2.340236518674477573e+00 6.665046704119263268e+02
2.239157121244544563e-63 -1.496664994453126099e+02 5.541679662977633036e+00 2.483479352571153598e+00 2.557516559579907423e+00 1.644840686720997837e+03
3.619798504811026020e-63 -1.491836805925737508e+02 7.924457742686545458e+00 2.161935763063891791e+00 2.165205873643437418e+00 2.781107122289152903e+04
4.109052215706339609e-63 -1.490544065577440165e+02 8.101290747356523880e+00 1.233219499012174758e+00 2.426753858338840608e+00 1.934024375277259242e+04
5.730168495634454254e-63 -1.487193540190436636e+02 3.630247760952777236e-01 1.568003118422903963e+00 2.232754306553178303e+00 3.792728232948924415e+04
8.316846796217454116e-63 -1.483443157630491669e+02 7.974197356499550082e+00 1.440173916560775869e+00 2.127269202959246375e+00 5.309802071074562946e+02
2.526309237094142532e-62 -1.472307544241259620e+02 1.301306165660599090e+00 1.565555681136441724e+00 3.214402201490448086e+00 2.721107649477526138e+03
7.506037616869445287e-62 -1.461393061499402108e+02 3.701744176440576739e-01 2.059153018271894453e+00 2.066408898138425432e+00 1.344762790028048869e+02
1.229274281177461480e-61 -1.456435047892658474e+02 3.423577823756789318e-01 2.231277306871290111e+00 3.387124227044773672e+00 6.083712868611233716e+04
1.634441830293619137e-61 -1.453561274113563968e+02 5.426934949781203166e+00 2.148782628270858197e+00 2.562607304741058911e+00 1.004961788403408946e+03
2.141142310472425565e-61 -1.450835892926608039e+02 7.912574660241252111e+00 2.348845794422765199e+00 2.076495197567152395e+00 2.382453960620953239e+03
4.274794368739557537e-61 -1.443896927688675760e+02 1.266706815965684463e+00 1.978717478304732769e+00 3.218468377074106268e+00 2.815727416824577176e+03
7.302639370574367719e-61 -1.438516929287986841e+02 3.412652341468928263e+00 1.457574100266884054e+00 2.822040354314450550e+00 2.405197879814245880e+03
4.055697503092677383e-60 -1.421347209928234179e+02 7.794767841642386230e+00 1.300587663990565579e+00 2.040659870355443939e+00 2.361164290313510605e+02
5.250665063461286096e-60 -1.418739889288907250e+02 8.444298894907511510e+00 1.191802955224815275e+00 2.040911681137553835e+00 9.064968777136807330e+04
7.662333082206167304e-60 -1.414935271589257866e+02 6.658953463431140030e+00 2.040806083040967778e+00 2.386313515798719642e+00 3.367398555666869015e+03
1.216692037458123740e-59 -1.410286228518174880e+02 9.480931787105742359e+00 1.913378268751527500e+00 2.303546585248354095e+00 7.197018173892008781e+04
1.935037814052180943e-59 -1.405621317147950435e+02 3.211137039142054395e+00 2.291248916520647327e+00 3.027475028880598273e+00 1.835340457743528896e+04
3.406356670189490721e-59 -1.399941152882736617e+02 3.842806713169337751e-01 2.245668783097721111e+00 2.280822495284335005e+00 1.549521972312663820e+04
8.224462827023377568e-59 -1.391101455984974109e+02 4.005899825771707112e-01 2.063136587396337873e+00 3.085623965028010840e+00 6.004572665064091416e+04
2.120080892546228965e-58 -1.381607192454202391e+02 9.224002529822303842e+00 1.002572576136829152e+00 2.955404602958231042e+00 3.554507424697863462e+04
2.419654473199763174e-58 -1.380260487399325484e+02 4.736617339618339750e-01 1.933210010217304653e+00 2.425754202227639489e+00 9.389020341615063080e+04
2.562285423508118954e-58 -1.379662738864468281e+02 7.415675770934876176e+00 1.588765600530616107e+00 2.216617981545752070e+00 1.558604407042555522e+03
3.453679887731391361e-58 -1.376652331935193274e+02 3.247316742236239784e-01 1.645310791220442770e+00 2.905579757392966034e+00 7.085046371506928153e+02
4.571465981183611100e-58 -1.373823395531427991e+02 2.046891890298972783e+00 2.283621207330222891e+00 3.045673520490450148e+00 3.869213026871298098e+03
6.124602264630675087e-58 -1.370873596723021137e+02 4.854651648169494571e-01 1.410974690403398624e+00 3.496842340569517482e+00 4.756893059548214296e+03
1.052679814093243742e-57 -1.365432492805173013e+02 5.918904931217575438e+00 1.989598839226141003e+00 2.476813011638204998e+00 1.782511729556600244e+02
1.468809343529639147e-57 -1.362076362950441819e+02 7.583904098445186648e+00 1.210999590864267894e+00 2.054437979548963344e+00 1.793713295101003496e+03
2.682545156653064957e-57 -1.356028223680683027e+02 3.641362593133237180e-01 2.214126020533977890e+00 2.752889055592889989e+00 2.536353714162415781e+04
3.482115642331402572e-57 -1.353394483449811219e+02 1.468065244212453546e+00 2.100159266245572809e+00 3.248787206210197898e+00 7.934593012062117850e+03
3.987032892441335870e-57 -1.352015410789558132e+02 1.049769458312259651e+00 2.186907541616002426e+00 3.254625943612994288e+00 2.529018214554645510e+03
7.365681890888500036e-57 -1.345852567662938384e+02 7.427519481943161139e+00 1.106201193402820193e+00 2.175786070494570179e+00 1.360838292609907114e+02
1.244471608762013598e-56 -1.340582922750534749e+02 9.490196691507406968e+00 2.049454955722949556e+00 2.717947071338421505e+00 7.342873139961887500e+04
1.996853561537108386e-56 -1.335829305817298689e+02 4.296224665754592165e-01 1.213053333882899487e+00 2.169448087332425779e+00 4.145472537331605736e+02
2.034882599727630117e-56 -1.335615651775706851e+02 6.391478221798949200e+00 1.668683922376918316e+00 2.398243222989443701e+00 5.484121637325324627e+02
1.106454104673043747e-55 -1.318657578095344434e+02 1.424250300599339658e+00 1.734256453906560358e+00 3.154575019369778133e+00 1.178088612508322967e+03
2.393466364734395466e-55 -1.310916755342573765e+02 7.255817279593321345e+00 1.888501123196220544e+00 2.200397620344614946e+00 3.186065226746231929e+02
2.594796259888496276e-55 -1.310084102102869679e+02 6.388639698856922955e+00 2.203954060635655132e+00 2.389257394355299269e+00 1.458595622406247401e+02
4.815316794159133665e-55 -1.303876163749902162e+02 6.455192003780089172e-01 1.673889564050863310e+00 2.885068812500454438e+00 9.393968631684586580e+04
1.326620526666769775e-54 -1.293716983671324101e+02 8.418537568783913017e+00 1.157569207706528491e+00 2.260287240750753046e+00 2.665513108577631647e+04
3.640865274553586116e-54 -1.283596117520725670e+02 7.262496266750680718e+00 2.223711411601756449e+00 2.034326711907866958e+00 9.563957698504838163e+02
4.939476604720311561e-54 -1.280520737431362477e+02 3.408359949646829756e-01 2.333179731931382506e+00 3.086195345307592319e+00 8.558403628196513182e+02
6.089509638466513153e-54 -1.278402655589167125e+02 5.164136918970902990e-01 1.790650829320612480e+00 2.009482328188166633e+00 5.325794058945251891e+04
7.311998129207901647e-54 -1.276548165399619563e+02 7.686349187748199085e+00 1.447077469748919709e+00 2.065691573055718600e+00 2.703702286958172772e+04
1.154947513263372360e-53 -1.271951931253882293e+02 6.579825900810330808e+00 1.853312912448512595e+00 2.470067267406551803e+00 1.738646786559061002e+04
2.616212514771598928e-53 -1.263750203584384764e+02 6.169503306307907664e+00 1.635865926031776496e+00 2.641772122486416130e+00 1.990909839301402098e+04
3.134640291618212956e-53 -1.261917335972813277e+02 7.217787636741173074e+00 2.450658990267122306e+00 2.133274229502797326e+00 3.460548169648974977e+02
3.288617235994735745e-53 -1.261412808418487117e+02 4.815934689229262045e-01 1.418145733286400478e+00 2.128518480026352133e+00 1.386730824345381166e+02
5.473694878906347197e-53 -1.256292941562634127e+02 7.030740813073093065e+00 2.429458449392651875e+00 2.053887906490837523e+00 1.382605907968834072e+04
7.184515823807163654e-53 -1.253548198950902446e+02 5.172830144341865610e-01 1.386783119562744249e+00 2.001152412062480401e+00 3.234285828003806955e+02
7.318788665922619393e-53 -1.253338031937854282e+02 7.130165913235231301e+00 2.273024939829128677e+00 2.026364831957176982e+00 1.068447429912239954e+02
1.334235736988988755e-52 -1.247308042860075261e+02 3.935503263277417840e+00 1.401166377111616734e+00 2.715629630408681550e+00 2.241332576076260921e+03
2.803374900538552693e-52 -1.239858389192882271e+02 4.417904910884056235e-01 1.862536672040908003e+00 2.486511329640461287e+00 9.519547485702714766e+02
5.154698654629282811e-52 -1.233742542734230625e+02 5.012094367303565612e-01 1.238593353015571052e+00 3.351230518501684408e+00 2.809194874171226388e+02
2.642945257414793805e-51 -1.217371839161627207e+02 5.263747970030729917e-01 1.151752459616977253e+00 2.066384153121918477e+00 3.432210568611730196e+03
3.806979081990766516e-51 -1.213697418565116806e+02 5.415549250087952515e+00 1.117384205863039881e+00 3.436927010260981241e+00 3.381019909116447525e+04
6.357415846785504332e-51 -1.208544558578934556e+02 2.565501973570125216e+00 2.419845841875349457e+00 2.914559984033348705e+00 1.469691254585488878e+03
7.574498205152775466e-51 -1.206767907336222834e+02 5.291578867337399794e-01 1.614669081660789596e+00 2.170627512427063976e+00 3.256326607777519894e+04
8.288464315552176290e-51 -1.205842131327020468e+02 4.177792452709058191e-01 2.475890090487807171e+00 2.752366569080492820e+00 2.388825088511534886e+03
9.215173471003629570e-51 -1.204757264234835503e+02 4.891879216496368699e+00 2.330698074610552339e+00 2.576195997716068220e+00 4.285281260158885743e+02
9.654244065158941164e-51 -1.204266802211135428e+02 3.883716974253216270e-01 1.396655272747977961e+00 3.268509462381008479e+00 7.186155424291850977e+02
1.101239229088616533e-50 -1.202925566286881320e+02 2.154957964005615789e+00 1.836502684962548093e+00 2.985668013000493115e+00 2.459126431170024034e+02
1.290175205337108224e-50 -1.201317147190433587e+02 4.273815836466489770e+00 2.057470973094095434e+00 2.661699055134917558e+00 2.951715590864826936e+03
4.888875031746563776e-50 -1.187970305241227322e+02 4.762383857201711868e-01 1.607619334500337338e+00 2.717808238250496888e+00 3.247226814937889139e+04
8.316434642088182778e-50 -1.182632591118919549e+02 8.209121213069431988e+00 1.156617745071478076e+00 2.326329148416694359e+00 2.908805466083961801e+04
1.304310523972364873e-49 -1.178107330862550270e+02 9.214323983599603807e+00 1.200645130833502439e+00 2.366797919740273759e+00 4.428596979623597144e+04
1.679632999645066568e-49 -1.175553323363325262e+02 7.362375831418962457e-01 1.723432761063711904e+00 3.204529261350099745e+00 8.715004525890028162e+04
3.675563612933344802e-49 -1.167697011683220012e+02 6.133512908473163883e+00 1.875563957285945493e+00 2.489277513698625377e+00 1.631354706112336135e+04
4.127082427171514322e-49 -1.166513369300593439e+02 1.156147400867975072e+00 1.608812737276126947e+00 3.189731858648655827e+00 1.615239315462734112e+03
5.315949312826861233e-49 -1.163956960473188644e+02 6.022189817438849069e+00 1.666921421417710381e+00 3.438474996650405124e+00 4.449799359808401641e+04
5.733696276810213423e-49 -1.163175472560487549e+02 3.910999770837900735e-01 2.043432892411092272e+00 3.140308660677565644e+00 1.622541909151006848e+03
5.987716555983767029e-49 -1.162716975231942627e+02 6.564151647785193333e+00 2.046102955583991356e+00 2.278192470810208814e+00 2.769591798335538442e+03
7.219916681295218764e-49 -1.160820642404398910e+02 6.505826051723807346e+00 1.209723648326539003e+00 2.304527805617550218e+00 5.173936080995493285e+03
9.916796460201538086e-49 -1.157621777216296692e+02 6.858500795462082245e+00 1.989750907485559495e+00 2.116557512849662537e+00 1.389532344827352745e+03
1.093876030311376348e-48 -1.156615951805324443e+02 6.796250436990684207e+00 1.456029442458151690e+00 2.050862220881634723e+00 3.080879605256264426e+02
1.148301289305294180e-48 -1.156105388497029907e+02 6.842807556832950944e+00 2.137140393610930111e+00 2.089811550418557928e+00 3.687386871885439632e+02
2.802104221881138305e-48 -1.147159519175419433e+02 2.691757715110105753e+00 1.356051937439609389e+00 3.321882447628957458e+00 2.015069133151151618e+04
3.962677986904796452e-48 -1.143669025042717067e+02 4.483898228942650999e-01 1.689032624475130140e+00 2.746234834186687568e+00 5.392001656737822486e+03
7.611751901699462324e-48 -1.137116292044449750e+02 5.061861785298725103e+00 1.025257943247478210e+00 2.534748811172033989e+00 2.555782529161542698e+02
8.209035914289262016e-48 -1.136335870719510694e+02 5.265720580390459427e-01 2.262510199769335539e+00 2.321348393282370193e+00 2.364344077422418195e+03
8.296561646212546022e-48 -1.136204813908162663e+02 4.048803270186072112e-01 2.423252526116389305e+00 3.103927886803119485e+00 1.239499828168272018e+02
1.670300878486185113e-47 -1.129182336903443655e+02 8.550777588237773230e+00 1.985397036771929358e+00 2.503887044179982979e+00 6.866680721191446355e+04
2.291933858938332795e-47 -1.125993415262237818e+02 5.332722574683254058e-01 1.260561049912036768e+00 2.320625948725506316e+00 2.025143754730771093e+02
2.725605296495671698e-47 -1.124235469367001485e+02 4.950988284491845803e+00 2.432918586981796416e+00 2.684457986130521778e+00 3.511871336865079502e+04
4.818095287448000110e-47 -1.118513587859195724e+02 3.498039053745268134e+00 2.336428330169398215e+00 2.764010152384334340e+00 5.183427409320789593e+03
1.166432274955290534e-46 -1.109647026218475787e+02 6.492329989215909869e+00 2.240900777354818629e+00 2.005172403953099369e+00 7.907427461239269633e+02
1.216202611876767797e-46 -1.109204189830357734e+02 4.342111761074758824e+00 2.361600378211084816e+00 2.797701964856035062e+00 2.594464722657023594e+04
1.995357702609924726e-46 -1.104228290404856665e+02 6.646943663139100344e+00 2.441417885353983408e+00 2.123311534459399130e+00 6.268157146487381397e+03
2.047809038312158551e-46 -1.103943819144908787e+02 6.651901617866751160e+00 1.105240802405061284e+00 2.178714265063415034e+00 4.826747611493927252e+03
2.804419359339125232e-46 -1.100774558587804535e+02 6.634918140254056240e+00 2.397077729874202312e+00 2.089775723346818825e+00 1.415987676911070366e+03
2.984744005533670455e-46 -1.100126383914323895e+02 6.059476224364746422e+00 2.400673525287367660e+00 2.355772473980643600e+00 1.027429958547298412e+02
3.017121364720904670e-46 -1.099993491879870362e+02 5.200233639032414423e-01 2.478836714594162771e+00 2.467875178991863372e+00 4.747690400435889023e+04
4.633774492024797981e-46 -1.095677806132670611e+02 6.303089314052316539e+00 1.215776244652836402e+00 2.298490068310689249e+00 2.879985247021650139e+03
8.755617660796074954e-46 -1.089289568615685084e+02 7.062260661236752668e+00 2.167935679976504826e+00 3.039917730149390263e+00 6.681208829016555683e+04
1.204399664335783626e-45 -1.086075860423879362e+02 4.326181929642741730e-01 2.055295304799986678e+00 3.050427329258802889e+00 1.979626774224215069e+02
1.320823791507405330e-45 -1.085128116549011992e+02 6.245890025860820316e+00 2.057118316817667214e+00 2.303971386977572422e+00 7.046137185174094384e+02
1.490931728807625505e-45 -1.083891660354422157e+02 8.147127810166599815e+00 1.581113131121590465e+00 2.196259273417813240e+00 8.560603536577748309e+04
1.600272788943602800e-45 -1.083158931735118671e+02 7.341716687486331772e+00 1.173193142059359984e+00 2.417941646916622833e+00 2.311803235458170457e+04
1.840480808486161442e-45 -1.081735404348695226e+02 6.441021606470838101e+00 1.294009934672127882e+00 2.026776742777529172e+00 2.670525308075367320e+03
2.179730392131316685e-45 -1.080018660854964878e+02 1.688984908797171336e+00 1.381756111038220602e+00 3.152311984377186072e+00 7.183960029179527737e+03
2.566664257483677707e-45 -1.078359601797666869e+02 5.409475246238212520e+00 1.492631529943761137e+00 2.463463744968699132e+00 1.347413249520593297e+02
4.492529708851929759e-45 -1.072736513286725994e+02 6.317847102350965471e+00 2.158636823028495133e+00 2.001622166267770009e+00 8.376851894115910909e+03
6.272344355110162422e-45 -1.069374170962169899e+02 6.425145450016087167e+00 1.583999439669960818e+00 2.231736974489835212e+00 1.535952231956769083e+02
8.307735043869699691e-45 -1.066538802674961062e+02 6.392361428105149956e-01 1.850186985534484130e+00 2.096961292872774330e+00 1.633174568777879472e+02
2.926895027629156965e-44 -1.053920400447223784e+02 4.249893464017392652e+00 1.159101007860972476e+00 2.630117895610297740e+00 1.435822369172304889e+02
3.061726456270351778e-44 -1.053445032300629407e+02 5.628814850199168163e+00 1.097874759733991512e+00 2.423422552283601927e+00 3.707867933670956063e+03
4.100048137083540355e-44 -1.050499834739275826e+02 4.830879920251856419e+00 2.093133212691827616e+00 2.544265942616496190e+00 1.552255710796717096e+02
6.057656052494541843e-44 -1.046571592530797403e+02 6.954136071176636458e-01 2.032279758949695925e+00 2.022028143006400214e+00 4.196681986235104887e+03
6.332886381532372266e-44 -1.046102260716499472e+02 9.104833870374349658e+00 1.471311807921675374e+00 3.212681798307047476e+00 5.222846340652526123e+04
7.121728175083626346e-44 -1.044903317711295472e+02 6.890189620969993101e-01 1.619276013951825632e+00 2.045661524961585265e+00 1.694798519940940241e+04
1.159822355485352868e-43 -1.040001302437590738e+02 8.481023662966574728e-01 2.423812049169175697e+00 3.239253452564273328e+00 3.107916811887677341e+03
1.445853645216001897e-43 -1.037771971902563877e+02 7.866880826745752842e+00 1.841129590045732956e+00 3.223398528611320479e+00 5.775927076826390112e+04
1.580705086526167598e-43 -1.036855260905362144e+02 4.212951603969655956e+00 1.166676614989674121e+00 2.688789676475782819e+00 7.626327097692937969e+03
1.679623401909256205e-43 -1.036223274925708466e+02 5.120434813506228311e-01 2.471123234590410611e+00 3.232617434777846022e+00 3.360552170589567709e+02
1.926356959226095341e-43 -1.034827664620386258e+02 6.147350308808071651e-01 1.754699938424675087e+00 2.245630285948090776e+00 4.203111981097434182e+03
2.234839499423953188e-43 -1.033317276821783395e+02 6.794913690966826181e+00 1.414396814740660924e+00 2.710404543782209963e+00 2.847447153878823156e+04
4.097632067166665812e-43 -1.027229878330533239e+02 5.907955835570826153e-01 1.296397693194374590e+00 2.554740649755667281e+00 2.833248576336687256e+04
6.360390496214800372e-43 -1.022808073210838415e+02 7.193538055261886610e-01 2.090021561685468043e+00 2.024432541409299180e+00 4.340240974018532256e+02
7.013980965650771547e-43 -1.021804916573778712e+02 5.232675913249720701e+00 1.770929359384182611e+00 2.472214714869225727e+00 3.813046295144061446e+02
7.240708685866031648e-43 -1.021461780089316136e+02 5.051637498197530718e+00 1.582452091452764664e+00 2.637883721648234037e+00 1.454917975231520541e+04
7.364667540003648631e-43 -1.021267031869602704e+02 6.065347506165380764e+00 1.936420691826117757e+00 3.192902158555557257e+00 4.846870747027531615e+04
8.691931184509034791e-43 -1.019585019500707688e+02 1.564844746181654811e+00 1.058628442260112434e+00 3.068144325744096790e+00 6.004715013249015101e+02
1.487071806268989830e-42 -1.014190030466670720e+02 4.650883980555096997e+00 2.004275675691151726e+00 2.560849245171058275e+00 1.512036307390731054e+03
2.636876700339107456e-42 -1.008437168536055282e+02 2.972623326393311949e+00 2.477708315180764842e+00 2.835756231526114668e+00 7.637453343623039473e+03
5.838068251728755406e-42 -1.000464120390257250e+02 1.672102099525841101e+00 1.042654797820146140e+00 3.308698357795413880e+00 1.278479013372601548e+04
7.006985769501155519e-42 -9.986140438384408924e+01 4.433589681056528065e+00 1.374607173224142942e+00 3.067220688236758974e+00 2.454183417398827442e+04
7.086338307059759211e-42 -9.984764325400647067e+01 6.549290038984767470e+00 2.092743413592604629e+00 2.350142859395252248e+00 3.580475490476184495e+04
7.311934687831502465e-42 -9.981380410041030871e+01 5.619571579103333825e+00 1.550741648093264757e+00 3.445404695327063838e+00 4.284023638025523542e+04
7.458576078812058971e-42 -9.979144748048992142e+01 7.692772914891135017e+00 2.033589856029978549e+00 2.339801795423837483e+00 9.547121982576980372e+04
1.068979956806200977e-41 -9.942902202695144354e+01 6.152373436867231149e-01 2.209824223874908178e+00 2.369168640233804357e+00 2.310818915659535560e+04
1.122470576718822579e-41 -9.937769478132535994e+01 4.431814907242268564e-01 1.531837308463011471e+00 3.179302842365858250e+00 9.335240740880293743e+03
1.226589411946135595e-41 -9.928648942720116111e+01 4.176594314070428915e+00 2.475313264233629074e+00 2.625683378953906466e+00 5.023842499612094912e+02
3.319677303716299867e-41 -9.828835932881028725e+01 5.749136961572041571e+00 1.028998027428440265e+00 2.356699641414444546e+00 1.541463888566601781e+03
3.657017542909446578e-41 -9.818907897310644728e+01 4.373184212615325306e-01 1.495875822919745968e+00 3.345264426149428427e+00 2.421801421001628114e+04
4.052518560251907886e-41 -9.808388835477055068e+01 6.563740949039153172e+00 2.093136136246086743e+00 2.179305957800309557e+00 8.879501635552558582e+04
4.067367980790215796e-41 -9.807773080684363265e+01 5.751494061252679479e+00 1.680517233140865763e+00 2.939069262372650648e+00 3.274592214317782418e+04
4.232697073379203000e-41 -9.803538751346520996e+01 2.309476540093457597e+00 1.708921275269654760e+00 2.993002617550598821e+00 7.664936826422848753e+03
5.120743049254325454e-41 -9.784242735400984259e+01 4.278369904839039783e+00 2.408717941239114424e+00 2.606787708331773867e+00 1.139555653257192915e+02
5.881712823286240460e-41 -9.770137889336966452e+01 4.987519828455608817e-01 1.418639553843461076e+00 2.962908811398928588e+00 1.558779534532295656e+03
8.053679278872985598e-41 -9.738459786904928706e+01 7.644566945326822793e-01 2.281469565749004946e+00 2.039141209772674213e+00 2.066213448127926995e+02
8.889722540118566502e-41 -9.728333107063548368e+01 7.474621535920045190e+00 1.456001523707349143e+00 2.213843071281515584e+00 7.689867730250814930e+04
1.160024410322183735e-40 -9.701470076806677412e+01 6.088056070456021374e+00 2.094054888136852810e+00 2.260532565461668142e+00 9.361130219161699642e+03
1.332582675495145492e-40 -9.687352289581197340e+01 4.467781267202682649e+00 1.638813670373477915e+00 3.471290274354033478e+00 3.876118235242753872e+04
1.728151668637484199e-40 -9.661108937861237678e+01 9.331607902550377309e-01 1.006248606022210224e+00 3.191859256058047212e+00 1.380880693613280982e+03
3.025365894718112853e-40 -9.604860977524511156e+01 3.128336540805865429e+00 2.135646768167973608e+00 2.838368363709010911e+00 9.528024856324620487e+03
3.112352853545663641e-40 -9.601776283164080894e+01 7.386431747517253621e-01 1.550004576784967503e+00 2.103400414860686407e+00 1.398102680420222669e+03
4.255014213980686756e-40 -9.570254371378906910e+01 6.894932654746519063e+00 1.526025477474902026e+00 2.152179935260372545e+00 5.997909104579775885e+04
7.390335275423312831e-40 -9.514796871361502895e+01 5.116184968512610398e-01 2.012532891046496353e+00 3.162618142436944169e+00 4.006518061204151763e+03
9.156281880814181707e-40 -9.493120162826988917e+01 6.072606509447664891e+00 2.220581196001870428e+00 2.211190751174423319e+00 6.330910955082459623e+03
9.426752816139932953e-40 -9.489959012511474157e+01 5.977186889570286432e+00 1.476570412820898737e+00 2.059075377156789344e+00 5.048245112731546556e+02
1.212989988405110617e-39 -9.464496834700486261e+01 5.616052194694048261e+00 1.397165016817844219e+00 2.046022976515343039e+00 8.006417868856723362e+04
1.675021070325396782e-39 -9.431973097885412471e+01 8.076528136650651390e+00 1.489605029835608718e+00 2.295885742725840117e+00 9.218663532530474185e+04
2.338151958360934460e-39 -9.398369586739120507e+01 6.023319781912020332e+00 1.424683205268914898e+00 2.093622393783720614e+00 5.702048398632747194e+03
2.484096848226567574e-39 -9.392064757122052754e+01 7.861292214030408676e-01 1.932223693543064114e+00 2.065491761816877325e+00 5.682300988782349123e+03
2.552394549996675682e-39 -9.389102476558757360e+01 5.942613994446953818e+00 1.414368716185462782e+00 2.061971539731689784e+00 1.665841147481769440e+03
3.976455930596379494e-39 -9.344516577045749273e+01 5.617924833923640726e+00 1.021909708574825659e+00 2.358294058958448680e+00 2.658434477767525095e+03
4.322901805429839940e-39 -9.335912983237390961e+01 7.594742595826137865e+00 2.041421061740368970e+00 2.560077881879380346e+00 6.866943201007750758e+04
5.626943205349897835e-39 -9.309299037618855266e+01 6.611970557189621012e+00 1.052219975577402211e+00 2.164881298080481908e+00 5.029446290958762256e+04
5.858037961267988550e-39 -9.305024199472246949e+01 5.604694306148733096e-01 1.062861542615292310e+00 2.792896698023681346e+00 1.324787945272075740e+04
5.940663679350078571e-39 -9.303373586568730502e+01 3.361659354700370361e+00 1.513630196269248662e+00 3.055552660726313707e+00 1.942968692195484618e+04
6.176509383579877395e-39 -9.299230343611817773e+01 7.547591736866335665e+00 1.478612399642275754e+00 2.344334056069266037e+00 4.279858112781378441e+04
6.934139108784944460e-39 -9.287409981445115648e+01 5.794709502533681444e+00 2.092091664782792293e+00 2.675463038556928463e+00 3.630135101742776897e+04
7.013160374433883553e-39 -9.286026828589351112e+01 7.036330486312160737e+00 1.611669164973950519e+00 2.259231658206277249e+00 3.985333316486893455e+04
7.070539773193331700e-39 -9.284961989937025351e+01 4.739533319617549978e+00 1.559406713582616621e+00 2.520426872685831210e+00 3.115165604542148685e+02
7.964910864441092223e-39 -9.272801097095646128e+01 6.068798388402880661e+00 2.098528760021005191e+00 2.173873169887437840e+00 1.694468129246310127e+04
9.504431814783046211e-39 -9.254879852670549667e+01 5.828394609522614012e+00 1.433211003135352879e+00 2.290994321041254445e+00 1.155908182342359112e+02
1.155328467563726908e-38 -9.235108693931238122e+01 8.825230244829118220e+00 1.967711829690649505e+00 2.826476440095729181e+00 7.674014596734747465e+04
1.622843854321704837e-38 -9.200879155451067959e+01 3.947240425837341693e+00 2.137926187206891537e+00 2.641317827033919929e+00 1.752642758117161065e+03
2.006055704297194572e-38 -9.179430117236047693e+01 4.845720878820240607e+00 1.657585904515465058e+00 2.731167451736598473e+00 1.938163151256104538e+04
2.505786963840940762e-38 -9.156936878793501933e+01 6.954593962519236783e+00 1.773387839730286464e+00 2.974058287581324400e+00 4.669663285864425416e+04
5.474245158528097582e-38 -9.078541723474766911e+01 6.420071893640090899e+00 1.376657188274305721e+00 2.574424264216594427e+00 2.468210267692478010e+04
8.927959234289611813e-38 -9.029378379077999739e+01 4.852980716115413706e+00 2.208263589805415261e+00 2.492349499979088723e+00 1.017751139475478453e+03
1.294388511411421432e-37 -8.991984814568921536e+01 5.837373105967262887e+00 2.063904434070455096e+00 2.254566548679199478e+00 2.531537113050112566e+03
1.630184137009146766e-37 -8.968669356143409743e+01 9.904515436678005269e-01 1.397280440162161019e+00 3.254404949064230390e+00 6.102312054042146883e+03
1.745709657408754989e-37 -8.961572538391692433e+01 6.760116139478523856e+00 1.793794442709270465e+00 2.479886292261552327e+00 3.487026387430260365e+04
2.322198258852951338e-37 -8.932787227493561488e+01 2.793202865396164025e+00 2.082186928178336949e+00 2.815751618032767745e+00 5.422152568452738706e+02
2.584732455083573924e-37 -8.921826453375923904e+01 7.029903687241272792e+00 1.920518215765133485e+00 2.929922145975685233e+00 5.302347276870382484e+04
3.144091204317802776e-37 -8.901986165420954933e+01 5.703714085654320698e+00 1.646693051589836365e+00 2.050875782847921158e+00 4.246615084593246138e+03
3.445637661491577704e-37 -8.892577755235018344e+01 9.789891640059373401e+00 1.473080023500223490e+00 2.568041058919046993e+00 7.436052214019840176e+04
4.425090979598141097e-37 -8.867309569875300213e+01 6.935942353120826409e-01 1.058117343996694659e+00 2.370966981392839124e+00 6.769230259419255162e+03
6.131498308744974703e-37 -8.834444739497334353e+01 9.584585521572909217e-01 1.149786060637010499e+00 2.157104181440289370e+00 4.640856297896483738e+04
7.449827589119245550e-37 -8.814719564763910853e+01 9.096209908037637959e+00 1.110495471006922363e+00 2.915304801406569890e+00 4.699215048652714904e+04
8.351894741815893544e-37 -8.803039810905374907e+01 8.135624121282802435e+00 1.585451813784199526e+00 2.395017907652883249e+00 6.613162142553775629e+04
1.257308411525773372e-36 -8.761882818962388342e+01 5.138772236397679549e+00 1.839037645613423644e+00 2.434175124492744757e+00 4.218548628546534019e+03
1.427126377901242864e-36 -8.748963854784631167e+01 4.256616076294980289e+00 1.061467470620579556e+00 2.580626754076080331e+00 7.262320633340398217e+02
1.685179907351588475e-36 -8.732092911632223320e+01 5.253842159766256792e+00 1.788814990251248682e+00 2.546536755809687413e+00 1.670687522841044120e+04
3.650940748023994680e-36 -8.654531657079863294e+01 1.771395095602805281e+00 1.061868518641938319e+00 2.993002161887403645e+00 1.532208652998621972e+02
5.183594660823593455e-36 -8.619230267880325869e+01 1.146482621228280818e+00 1.513288288248562763e+00 3.118918249181710678e+00 1.331136449006733073e+03
6.662766926132477343e-36 -8.593876659171937149e+01 3.585048246565086583e+00 1.379206214356728077e+00 2.681352751678207191e+00 1.516201495685900682e+03
7.055340920823931711e-36 -8.587901653693955950e+01 5.239574830590010279e-01 1.268121320181069045e+00 3.116662590602582661e+00 1.249734332384756817e+04
8.278250880098367334e-36 -8.571666974465206579e+01 5.747090745278915946e+00 1.988352049727240223e+00 2.581831537002999610e+00 2.949372321497360826e+04
1.244218840749864662e-35 -8.530670845552769777e+01 3.947934610886636886e+00 1.312613077934531081e+00 2.622865015082233686e+00 2.809052586703164707e+02
1.410210415840358715e-35 -8.517897742702592723e+01 4.922958651720641399e+00 1.552786637952082494e+00 2.458851069562401293e+00 1.562032123156208172e+03
1.634702010693583198e-35 -8.502875582009264122e+01 5.882723664676764663e+00 1.527791102935204481e+00 2.116923095958492596e+00 2.065199497125032212e+04
1.797802390495162044e-35 -8.493115132654028798e+01 5.722679928997617793e+00 1.924822310348207388e+00 2.140618770650931424e+00 1.599573728551636577e+03
2.269527465109234324e-35 -8.469564470670077583e+01 5.635676592478889191e+00 2.268041105899454735e+00 2.108439683591402325e+00 1.173150525458341690e+04
2.346729632442855462e-35 -8.465969363822583205e+01 7.709490746834135599e-01 1.266200970802339176e+00 2.701654246626334466e+00 4.066807582874138461e+04
2.471815026333221429e-35 -8.460526364211398231e+01 8.500462345733183156e+00 1.561829990310568128e+00 3.145264651989706728e+00 5.554960510495227209e+04
2.582029071925230194e-35 -8.455914079955373097e+01 5.031004919563077493e+00 1.691578391569608986e+00 2.898992252540926184e+00 2.863410100543813314e+04
6.013792893397812831e-35 -8.371116070481431848e+01 8.657304687236592189e-01 2.018412601971793841e+00 2.180891377578789037e+00 5.393743154842850345e+04
6.630272489398259854e-35 -8.361107044856463233e+01 8.303800127543844667e+00 1.943460777122606453e+00 3.431498044658081170e+00 7.498874796784823411e+04
9.097078719960109198e-35 -8.329226300917427750e+01 5.679973062668532080e+00 2.132655190752148933e+00 2.198467453644579628e+00 1.347555944240044028e+03
9.109916842505531218e-35 -8.328835276829966006e+01 5.545899778860241547e+00 1.191766289891850183e+00 2.081773712849600777e+00 1.436021100947748437e+02
1.711802770559517405e-34 -8.265508419140994079e+01 7.688418739830414239e+00 1.566434691461580764e+00 2.681359429359478685e+00 4.574273804425941489e+04
1.837983108951505164e-34 -8.258146242439597984e+01 9.385298939445485544e-01 1.585783088354271397e+00 2.066774537983581794e+00 1.350442180358145015e+04
3.401732327889970811e-34 -8.196334644831074456e+01 5.612648147476811289e+00 2.465684478939046187e+00 2.228278605631879739e+00 2.116357003847301712e+03
3.651263032519627299e-34 -8.189005811433617055e+01 5.506682178867983168e-01 2.373967035813530302e+00 3.227344102220186528e+00 1.177652045835637728e+04
5.280737007359736686e-34 -8.151856558567619970e+01 2.532745485351228343e+00 1.849448256966806703e+00 2.845348863125949368e+00 2.893836457054127095e+03
5.462981140880861941e-34 -8.148213662112726752e+01 5.151492247166355121e+00 1.894409205335547908e+00 3.136536651458095903e+00 4.259926812665738544e+04
6.892680565040718895e-34 -8.124717119748605398e+01 5.144219169676665260e+00 2.393716911196779762e+00 2.002749171196105404e+00 1.802460808926229674e+03
1.128962891632969402e-33 -8.075124674910905753e+01 5.565946291274650903e+00 2.442784956304337562e+00 2.147402097879744343e+00 2.920338690019137289e+02
1.168387736721669569e-33 -8.071442136969783121e+01 8.264543243283610785e-01 1.033352682340395123e+00 2.489230168198335313e+00 3.425577477785994415e+04
1.181833626222544768e-33 -8.070047901246658739e+01 5.343461083045564664e+00 2.272834255764248024e+00 2.054254494894069971e+00 2.371783224877573957e+03
1.201720687097269305e-33 -8.068129172973956997e+01 4.819692365018791058e+00 1.122272396714760756e+00 2.543875397803358140e+00 1.035926210807803909e+04
2.716397621296731124e-33 -7.986323956681164304e+01 5.421589544665748051e+00 2.334969631435439563e+00 2.286034489735808695e+00 1.340632951509778286e+04
4.436624014741623014e-33 -7.937015243520058050e+01 3.348183753347683922e+00 1.264515882178383066e+00 2.701644281306216033e+00 1.232938233924603992e+03
4.885700876705563569e-33 -7.927123341491098074e+01 6.375233387703105326e-01 1.502316935837148648e+00 3.062884995053202886e+00 3.323428463057672957e+02
5.134565602455722230e-33 -7.921905092101657431e+01 6.548667616690435622e-01 1.349805894668250517e+00 2.835090491627414888e+00 2.083448134221670625e+04
6.509306620293763957e-33 -7.897931322477813865e+01 8.397327572230199877e+00 2.021727561037190757e+00 2.950261937837132642e+00 8.357138803802085749e+04
6.603206089476806953e-33 -7.896249086316987587e+01 3.636528357631526376e+00 1.003180788254683264e+00 2.765058872469904117e+00 1.041384921706420391e+04
7.570048480857499626e-33 -7.882334669361716806e+01 2.776290203955630531e+00 1.005210308286380361e+00 2.794038414781396806e+00 2.192684115234296769e+03
8.057835243360804257e-33 -7.875840122517028874e+01 3.626620217310511762e+00 1.286738372353365190e+00 2.655193104676846882e+00 1.810644113908363579e+03
9.219337591586125803e-33 -7.862124297512932003e+01 5.353030211596306209e+00 2.283585565647017646e+00 2.085505719444302297e+00 7.506574377223942065e+02
1.002336529494950622e-32 -7.853512726833800173e+01 4.935585697465715072e+00 2.229204087507977938e+00 2.424305107447079166e+00 3.485318970184837781e+03
1.167460432331230113e-32 -7.838013025334271333e+01 6.332898879335839837e+00 1.200373685051385531e+00 2.251446329456266326e+00 5.719329894140968099e+04
1.519321016509898471e-32 -7.811419753699884438e+01 3.853193694897918853e+00 2.224936766892517070e+00 2.618473139209561040e+00 3.214293782167350400e+03
2.020796141729483304e-32 -7.782646950905895267e+01 5.482122157168313414e+00 1.489359272285046387e+00 2.113670464435667640e+00 1.531614512477504286e+04
2.123610189695242326e-32 -7.777434351236465204e+01 1.861845675398179800e+00 2.304578803379209617e+00 3.200491065935614277e+00 1.874495914583732883e+04
3.465026711293964667e-32 -7.728224073089316448e+01 5.857125746340917871e+00 1.907258063349127175e+00 2.562267230568801235e+00 3.205291043294254632e+04
4.430442317930426586e-32 -7.703396164728575002e+01 8.035937308026153136e-01 1.804067556327781041e+00 3.128114922122065877e+00 2.002745168675515060e+03
5.613957215144629479e-32 -7.679470521558181417e+01 4.167272864691191181e+00 1.050882587447997452e+00 2.560099587941005783e+00 5.230880590321862655e+02
7.574456039889400406e-32 -7.649267953349108495e+01 5.424814805842216536e+00 1.985093968375434503e+00 2.177453916513317100e+00 2.369209255402750216e+02
8.933121159118570963e-32 -7.632519522467075035e+01 1.087231914762609941e+00 1.842797429483056249e+00 2.027877723125883769e+00 9.046459151715596818e+03
9.041042496931236386e-32 -7.631068658418027439e+01 5.960010245472666668e+00 2.187017268994789099e+00 2.789669060313559878e+00 6.126102468245654745e+04
9.618343661115255812e-32 -7.624628899913818714e+01 5.828677188399609577e+00 1.532987334845948624e+00 2.175898502824860081e+00 6.447418843800140894e+04
1.192346570049005618e-31 -7.602895270632848224e+01 3.918272166755669694e+00 1.790480664527388965e+00 3.050266339018476991e+00 2.772078753425527611e+04
1.767428754016689553e-31 -7.563285017032370661e+01 4.926932601067846917e+00 1.485652559940421558e+00 2.407934503035667806e+00 7.903885553298166542e+02
2.166248241248264723e-31 -7.542687922923877863e+01 7.365439000476134979e+00 1.751384622533542768e+00 2.935593873879096094e+00 5.393900937946797058e+04
2.512842633790424033e-31 -7.527596134365312253e+01 6.839904691403682513e+00 1.374852531820390578e+00 2.493856992809789563e+00 3.636557163420539291e+04
3.103175890813918508e-31 -7.506244991142202139e+01 1.457200442294803500e+00 1.627142489791320479e+00 3.229715916311211465e+00 1.165332065865195909e+04
3.708791530355246300e-31 -7.488166988889949494e+01 3.708722203794554417e+00 1.925295876857851862e+00 2.630262265325876037e+00 2.490756398044560740e+02
6.488490036985511794e-31 -7.431984613569254350e+01 6.455420866306986749e-01 1.612661929648326886e+00 3.388176774431431504e+00 1.135147433096360328e+04
7.302963705079065114e-31 -7.419909572663736697e+01 3.968461378589015265e+00 1.641441785930451980e+00 2.591709032239367438e+00 3.702335322855063168e+03
1.282803047948521407e-30 -7.363324332155808349e+01 5.298833343525831019e+00 2.049374285386746486e+00 2.162143767066782463e+00 3.181016314272475825e+02
1.609857048342234776e-30 -7.340364550119960541e+01 5.198953955199336008e+00 2.243911065161448448e+00 2.865612417607905194e+00 5.516507885637432628e+04
1.791427623563156526e-30 -7.329427802936652370e+01 5.059949444279202346e+00 1.176470040609667755e+00 2.489829974601529550e+00 1.308097785334806213e+04
1.873412755250868014e-30 -7.324702911602417998e+01 5.094119711428004571e+00 2.329937474983598822e+00 2.080650058398358926e+00 2.779626305741992383e+02
2.215298176260417707e-30 -7.307690387514544739e+01 4.591171434209257107e+00 1.597692795264282539e+00 2.466759637088843604e+00 1.116907777938084564e+03
2.561842820287674529e-30 -7.292906403520697722e+01 7.100916434196772320e-01 1.365702375820064596e+00 2.743039529552577793e+00 1.561854113807636350e+04
2.581947066572302753e-30 -7.291874709513031405e+01 8.823120433415074793e-01 1.479963815625039425e+00 2.334860540535879991e+00 2.204520917351594835e+04
3.180969991105870924e-30 -7.270760470747443094e+01 8.590555462361718853e+00 1.897058998653711637e+00 2.671221465535813966e+00 9.178386030669255706e+04
3.364954312711461196e-30 -7.264887650060299507e+01 4.776235867917127287e+00 1.867301965492252691e+00 2.016269489308962104e+00 2.878448560377787544e+03
4.094224065957732910e-30 -7.245021367033616855e+01 1.322136191018014051e+00 1.531786946885607570e+00 3.044235388398760733e+00 5.774839816192728676e+02
5.161929959100921454e-30 -7.221598035375852476e+01 1.218493535749069157e+00 1.284534810883151579e+00 3.062352349158888210e+00 3.584631882736300668e+02
9.946184337375959048e-30 -7.155760189246335301e+01 4.282023474593290580e+00 1.964450750957014602e+00 2.579124359177575432e+00 1.108920222541839757e+04
1.668527718685449568e-29 -7.103776416140199501e+01 7.272375704387751272e-01 2.499980974104293985e+00 2.692442197768937007e+00 2.564434367287283294e+03
2.836644394140009484e-29 -7.050458399117850661e+01 2.709757721500374306e+00 2.481473484420730902e+00 2.811180773301265923e+00 8.367245192245714861e+03
3.534517312315355966e-29 -7.028212904869886302e+01 5.752248220020739211e+00 2.232955324417657206e+00 2.471401827626658942e+00 7.569421288660231221e+04
4.617680236591125214e-29 -7.001231332770973381e+01 6.124851357145428388e+00 1.514942360978921432e+00 2.439561449296387075e+00 3.014481701575170882e+04
6.007868763574572088e-29 -6.974663572279982304e+01 5.173427720845237943e+00 1.758163222433554829e+00 2.196724653593344900e+00 1.692715724253099552e+02
7.105694579044654220e-29 -6.957630927744942539e+01 4.602579523004072470e+00 2.402224424974448880e+00 2.582674700207188145e+00 4.515084774106109398e+04
7.469805291596044245e-29 -6.952383685998736951e+01 5.033319329148764787e+00 2.234793556805494852e+00 2.327079536343502397e+00 5.685041752705162253e+03
7.820522114515356833e-29 -6.947545447451983591e+01 4.264167179972397470e+00 2.173674161508043490e+00 2.513900539257597266e+00 1.254685934105283991e+02
8.403061393575573831e-29 -6.940110970234128729e+01 7.712205649161970600e-01 2.161606298455911013e+00 2.596416929950741359e+00 1.223124143025315561e+03
1.093325702154535737e-28 -6.913539654644941379e+01 6.989604329617455925e+00 1.720020178809769984e+00 2.369507378075494053e+00 9.679224665565374016e+04
1.327530208243461845e-28 -6.893880047080227769e+01 8.177780319167290202e+00 1.398645967458417738e+00 2.598082366142285160e+00 6.250655096042681544e+04
1.471645669262482408e-28 -6.883323942290206787e+01 9.727133411052134582e-01 1.665619796987580781e+00 2.226297163933877776e+00 2.263113729807333584e+03
1.614161895237585250e-28 -6.873830482876026338e+01 1.535368159018315248e+00 1.944563857243295502e+00 2.992814293322914043e+00 1.188491742421255708e+02
1.621308769597398861e-28 -6.873138699486584358e+01 6.324259392348027253e-01 1.613911124994305002e+00 3.214003187998557554e+00 1.151705202868281413e+04
2.305765576717275285e-28 -6.837670794170863076e+01 1.494936241928638054e+00 1.912420792959947713e+00 2.999344893104392007e+00 3.709945308904432295e+02
2.338251158872720636e-28 -6.836021741846847988e+01 4.613890014171300180e+00 1.448825842044683565e+00 2.028533743285498403e+00 1.000764023879873889e+03
2.465842545917437861e-28 -6.830458714770554707e+01 5.109807347001456890e+00 2.218242340125623269e+00 2.187466596461212998e+00 3.740728289537931232e+03
2.713086114515774385e-28 -6.820653392580726404e+01 1.115484377566998253e+00 1.330389645101104579e+00 3.064357861525683902e+00 6.680179264574942408e+02
2.860347003916089660e-28 -6.815117775290381985e+01 4.745248820246492194e+00 1.460865783060459444e+00 2.061485810396000318e+00 3.109296213064064432e+04
3.832050830871742206e-28 -6.785622057555437436e+01 4.730977958725359755e+00 1.932290968761616767e+00 2.056370554198629907e+00 2.088070057672760413e+03
4.912562988167767881e-28 -6.760532490128422012e+01 6.103793436951551854e+00 2.084822681038379866e+00 3.175569786132350192e+00 6.670695004172898189e+04
5.773342610895373847e-28 -6.744136947898337553e+01 3.225049008522504312e+00 1.741121261127456243e+00 2.696465701438828688e+00 3.759516283654173094e+03
7.442254221507289188e-28 -6.718494691070077351e+01 4.830617731846756691e+00 1.549206173003035314e+00 2.414757910000649765e+00 8.188258930967193919e+03
7.601003375560058794e-28 -6.716134043873826442e+01 4.131571596929774159e+00 1.119646648807611555e+00 2.528810890730568861e+00 1.370809101403280295e+02
9.924570337070564529e-28 -6.689210716575536253e+01 5.511663589957931819e+00 1.193724079439093533e+00 2.341303142375170232e+00 1.837514844500487015e+04
1.575226010821481277e-27 -6.642763684650535083e+01 7.605103377513994234e-01 1.192693577846892783e+00 2.709030465039618196e+00 1.936092709754295811e+03
1.697242311773080685e-27 -6.635053084304693982e+01 6.803752305734301231e+00 1.838297517243838275e+00 2.981420283652102654e+00 5.669175639734518336e+04
1.738963726816451006e-27 -6.632374623091257604e+01 7.924575244290349652e+00 1.210793892776046876e+00 3.212141678482703711e+00 5.152409571674138715e+04
1.746770427964266595e-27 -6.631676699419875831e+01 3.798511785054388579e+00 1.698504205286654578e+00 2.823295737203570965e+00 1.907210235432053014e+04
3.023350903377758419e-27 -6.576566982049911303e+01 4.781968038027171630e+00 1.882521741500198909e+00 2.092983553848955403e+00 1.204379727484882324e+03
3.160235878470272171e-27 -6.571888893752368688e+01 4.991249128951301905e+00 1.472239022291919053e+00 2.175778392608248790e+00 1.076639035934525452e+02
3.589973294661998994e-27 -6.558889084376252754e+01 2.370417521932397520e+00 1.896574309092515120e+00 3.143731306863170261e+00 1.997591483549198529e+04
4.120767630054264581e-27 -6.544849614344150268e+01 4.993364908834776905e+00 2.298298446267251993e+00 2.186721902294308517e+00 8.707567220499842051e+02
4.143592265268986015e-27 -6.544047249889149498e+01 8.851892777632384579e+00 1.126340293776802337e+00 2.713776459975840272e+00 6.518581038577847357e+04
4.962970014654219236e-27 -6.525753125261350363e+01 4.894051508747087276e+00 1.391820914858717284e+00 2.136032800075301719e+00 1.112456909682884543e+03
6.246003218705873407e-27 -6.502509383323872783e+01 4.440395090950932655e+00 1.457172789105412036e+00 2.455366837231828914e+00 1.367266291000916681e+03
7.597301043885638868e-27 -6.482674254900656763e+01 3.846466194548810780e+00 1.253190219808921313e+00 2.641809788682395244e+00 8.846544573181168744e+03
8.835073755769253707e-27 -6.467330615355081136e+01 4.969651293724203889e+00 2.197778356735255123e+00 2.194774433978905481e+00 1.573665987117718487e+03
1.010726456285246166e-26 -6.453628117847239309e+01 4.842550229158476327e+00 2.044060816798771718e+00 2.337427458743644326e+00 1.611132639742557558e+03
1.112780194262003364e-26 -6.443758895107055196e+01 3.828806514980596543e+00 1.601948241165674691e+00 2.573232186921677211e+00 2.720170179777069279e+02
1.237115842804683486e-26 -6.432916777721769108e+01 3.935971919106401984e+00 1.323163751156042345e+00 2.555536971612877295e+00 2.827702961639611658e+03
1.267007275534115549e-26 -6.430279287077408412e+01 4.607813866449084195e+00 1.787422833593717897e+00 2.069509408937120654e+00 2.075278671436108198e+03
1.765742563318075042e-26 -6.396837919675803619e+01 7.729227466358172371e+00 1.240367686768217625e+00 3.097533998165260982e+00 5.039375405261936976e+04
1.935751765965474125e-26 -6.387395475385385168e+01 7.699738654815697636e+00 1.032176392374279494e+00 2.635208562521333508e+00 8.408287886020673614e+04
2.243162784786608919e-26 -6.372406368694188217e+01 4.636545153742465786e+00 1.013108995768943643e+00 2.397558504209431618e+00 1.609087043103541191e+03
2.516770334107579117e-26 -6.360647404832312191e+01 8.791078759444734825e-01 2.406149627199124286e+00 2.551730624785649493e+00 5.530140314588900219e+04
3.752953419773925066e-26 -6.320440740581678085e+01 4.794238892543270403e+00 2.180496780958127268e+00 2.339785795382787192e+00 1.593381374144878009e+03
4.186704537393253978e-26 -6.309253659654144286e+01 4.951598011699537949e+00 1.612033433864066279e+00 2.219726834121082959e+00 6.871873982633784181e+03
4.506421326320491461e-26 -6.301644717338928103e+01 1.171051992510400597e+00 2.333027090918346147e+00 2.135394861019840995e+00 1.872246666723676981e+03
4.751417182296273761e-26 -6.296100758671275344e+01 3.758996272832744623e+00 1.771330645729772613e+00 2.624460495936328019e+00 8.095313024627150298e+03
5.457701613511134491e-26 -6.281992276320205093e+01 4.132435321959021302e+00 2.326859012365873447e+00 2.004626138893958132e+00 4.501523991429241505e+03
6.486023676820952167e-26 -6.264480085609937277e+01 1.040786497446673398e+00 1.452076090720188395e+00 2.246611324996027115e+00 1.657143604067296337e+03
7.110889518498588671e-26 -6.255032317035140466e+01 4.903020470101300710e+00 1.434448050186492907e+00 2.243202207032254147e+00 1.492871628868428786e+02
7.626365192877913682e-26 -6.247783916627185619e+01 8.966971785863443456e-01 2.176885116901238426e+00 2.455633612692112777e+00 2.730548014458007856e+03
8.551220522847799900e-26 -6.236087649045722969e+01 4.637344425834537986e+00 2.242482242020394700e+00 3.183143747056857098e+00 6.124167315636826970e+04
9.314150762277067907e-26 -6.227291568336844563e+01 6.137764449412403955e+00 1.702451357349150873e+00 2.374558858248986493e+00 5.141883362456512987e+04
1.546525111367000886e-25 -6.176335487087561660e+01 4.647591409607038315e+00 1.864391171075836962e+00 2.376615296805615341e+00 8.666955130941826155e+02
1.734493660467739758e-25 -6.164614988897553616e+01 2.166906101207842106e+00 1.493013562887920642e+00 2.981051986097782880e+00 1.007075875258622182e+04
1.887593963055505471e-25 -6.155906243878090578e+01 2.714141505838032931e+00 2.454220125360573324e+00 2.835099957135052584e+00 1.504827238485322232e+04
2.326659300294772850e-25 -6.134743195939540072e+01 9.286000180097241374e-01 2.122398002101848036e+00 2.420035720788700662e+00 1.822978220483654695e+03
2.917481013992920181e-25 -6.111864484390557095e+01 4.497310552367745906e+00 1.471641248630912058e+00 2.081962545275878540e+00 2.616326792821435902e+03
2.916995003448208208e-25 -6.111631144345773237e+01 1.184584319705762390e+00 2.400295604569987251e+00 2.150253084228675338e+00 2.727782009184122671e+03
5.623607547436197829e-25 -6.045739205111096481e+01 8.437323690555843525e-01 1.296911484987496532e+00 2.709647900675006493e+00 2.041086306298826821e+04
5.712652434695749726e-25 -6.043918198115921570e+01 6.705809077024709630e+00 1.893885481929711290e+00 2.716720514054766333e+00 6.031996023375579534e+04
7.748870973250049298e-25 -6.013181826955234044e+01 4.812885739627296822e+00 2.010450758320232012e+00 2.146250028064512705e+00 7.149060398894676473e+04
1.019881491580482476e-24 -5.985459389261890806e+01 4.652014578411159285e+00 1.471356195412361956e+00 2.139374215177515914e+00 1.178768686176848860e+03
1.124709590398023639e-24 -5.975425546797649190e+01 5.481814146832709511e+00 1.881979277890324376e+00 2.727818588519864029e+00 3.985401954469921475e+04
1.270297889241527729e-24 -5.963002889701623133e+01 5.021267629694468937e+00 1.788053565866090766e+00 2.760077016675388517e+00 3.199771065460522004e+04
1.768402667995154689e-24 -5.929670363676559219e+01 8.829268918229382646e-01 1.496357712053999034e+00 3.265338080720540770e+00 1.057286173163789863e+04
1.771550367118885620e-24 -5.929242525161635058e+01 4.569323400156766191e+00 1.202615901537944065e+00 2.612513614705705312e+00 1.694644407728386068e+04
2.823844134023382502e-24 -5.882368120366680131e+01 3.574905165768416104e+00 2.008073667804438855e+00 3.163554464972315738e+00 3.630819588271854445e+04
2.890364302284305237e-24 -5.879789777810642448e+01 8.535865757983074342e-01 1.684670450087323745e+00 2.635270038944914184e+00 4.741728649022061290e+03
9.961770259500053270e-24 -5.755802553573933267e+01 2.935979145701847592e+00 1.284954439367284040e+00 2.705814453211103476e+00 2.075876613743505743e+02
1.239369780916100126e-23 -5.733709222622413648e+01 3.735797137649455646e+00 1.495721647284396383e+00 2.560658096380568516e+00 1.505944369976759845e+02
1.284617350655495386e-23 -5.729873434303566881e+01 4.570610744516835133e+00 2.103356258673040990e+00 2.153702971232085872e+00 6.941865424899201571e+02
1.294540198623506657e-23 -5.728853966232090045e+01 3.715435768380173087e+00 1.469617093332549640e+00 2.564333269638423118e+00 1.329901104075099454e+02
1.360262719634678751e-23 -5.723651737815224294e+01 9.560767431082126677e-01 2.364451447622072600e+00 3.233560671073928638e+00 7.174326903710109764e+04
2.728402028407898246e-23 -5.653797913520562446e+01 4.103765730322698424e+00 1.127185953309660205e+00 2.058668956849105225e+00 5.407024607696342855e+02
3.013038623687436802e-23 -5.643624615636662867e+01 4.274927523620325687e+00 1.770989433923832346e+00 2.470549741535805754e+00 7.499607887634840154e+03
3.096112913528607976e-23 -5.640654780960564096e+01 4.574712436401904725e+00 1.588423737964318461e+00 2.338224139234798216e+00 2.354099746211098591e+03
3.487969912759935811e-23 -5.628487535536544328e+01 4.541994155540510114e+00 1.863862005878966333e+00 2.351333667423719298e+00 3.071944683283501831e+02
4.013047329183238249e-23 -5.614214435026539718e+01 4.651661383800724359e+00 2.329129570894800771e+00 2.265566323858450026e+00 7.373259555839860013e+02
4.774120449033513095e-23 -5.596598547763539244e+01 2.183910849617948013e+00 1.856009977283959334e+00 2.834178919320587742e+00 4.881017387270778158e+02
5.279041641960340377e-23 -5.586295066140679211e+01 5.757598249986582317e+00 1.213659505675740213e+00 2.431447090145683720e+00 6.786465426837230916e+04
6.476421985344588465e-23 -5.565602704033533144e+01 2.137595143194066516e+00 2.016655087004553870e+00 2.841542209543261865e+00 2.150081709265275549e+02
6.494370623266838038e-23 -5.565075949174827485e+01 2.082770189234786518e+00 1.603310778341888732e+00 2.851719018745601630e+00 2.306505539279613458e+03
7.585906574770844444e-23 -5.549290310773490376e+01 1.495380845849712426e+00 1.663705918031121778e+00 2.967096437919797935e+00 3.280758376467277230e+03
7.955783805507320019e-23 -5.544279604859084998e+01 4.453230607185544088e+00 1.468902856094486786e+00 2.127603297079511346e+00 1.915249344863654551e+04
8.383933214345953583e-23 -5.538787807374523453e+01 3.835106505155652545e+00 2.456699373026829836e+00 2.032317672135065312e+00 2.446491121077191565e+03
8.372480300409372541e-23 -5.538674506265488162e+01 4.421758368106266879e+00 2.000896912085579515e+00 2.129013892371289796e+00 1.846190840851800385e+04
8.374198774213171681e-23 -5.538403983106213957e+01 4.538323592456574573e+00 1.725748891904499871e+00 2.176963178777322927e+00 2.401488583463866689e+03
8.727036766820751944e-23 -5.534026935427721838e+01 7.079238074624122135e+00 1.640085969954289347e+00 2.635734715680515095e+00 6.226915784566867660e+04
9.103078108672400714e-23 -5.529558262541787172e+01 6.081514088732749457e+00 1.194339763774462604e+00 2.586565863560364775e+00 9.322877646341847139e+04
9.554360758426326693e-23 -5.524469756125540698e+01 3.598773465495771706e+00 1.893639463047991134e+00 2.007677441050608635e+00 5.158277294430142319e+03
1.000670089081425588e-22 -5.519594027778002499e+01 1.239210880808870652e+00 1.908217925159185757e+00 2.193696558797530116e+00 1.282206192592026673e+04
1.002829883007021964e-22 -5.519128425602577437e+01 4.138344701934419945e+00 1.806082113789602817e+00 2.077966949750121195e+00 2.321417102696788788e+03
1.026635967047383260e-22 -5.516532273680829235e+01 1.646594957174436713e+00 1.281423927801566442e+00 2.038607104019543925e+00 8.724213723258702885e+03
1.037147512405644563e-22 -5.515263597413530761e+01 4.183373750234247623e+00 1.181021164844727078e+00 2.452852065987888963e+00 1.325753919636101500e+03
1.098142736940884545e-22 -5.509298981059965428e+01 1.101176405685985848e+00 1.875431312969078945e+00 2.300528792019411295e+00 3.689938814346613981e+03
1.113429787368835688e-22 -5.507666499252290748e+01 4.420485808108770343e+00 1.521638998967557610e+00 2.140714803868915883e+00 1.601501388153065477e+02
1.448951364776612834e-22 -5.481077004435819333e+01 1.499860121222589493e+00 1.986560604190164447e+00 2.079233807763112285e+00 1.004434357693261882e+04
1.768817232685658050e-22 -5.460879904935262630e+01 1.223807782746611394e+00 1.378177657451841842e+00 2.207172499649571407e+00 2.343952674098734406e+03
1.854236965069562783e-22 -5.455913687060108686e+01 4.377000118069300783e+00 1.966892363942468691e+00 2.449303305057146662e+00 1.113893418854481934e+04
1.992374905220840848e-22 -5.448478279556587722e+01 4.464873014463705658e+00 2.287758264356061666e+00 2.164646813727367558e+00 4.961615636105888711e+02
2.035149025225012171e-22 -5.446104109516991088e+01 4.569908273357964568e+00 1.557101768656194984e+00 2.294696434277024188e+00 2.956312610232709517e+02
2.204976171610307401e-22 -5.437839344013752907e+01 3.961448741259963491e+00 1.965648480801225784e+00 2.058430566312327681e+00 1.339806791623040851e+02
2.612730931289830960e-22 -5.420621413431558011e+01 8.117312969330301442e-01 1.371797701291762817e+00 3.026779213188729667e+00 7.922099966473878339e+03
3.197797747537665869e-22 -5.400164777346181211e+01 4.526056464492135945e+00 1.210799623675703485e+00 2.317784818493857202e+00 6.330785589887199194e+02
3.452493144685657053e-22 -5.392251352176145929e+01 3.583891862362832637e+00 2.424039070044386346e+00 2.017421841390473425e+00 1.983600980539391003e+03
4.542263095337825658e-22 -5.364568477544891323e+01 6.001031229890043228e+00 2.066057702032805032e+00 2.575485675846449496e+00 7.392396099254155706e+04
5.157808436291045607e-22 -5.351609837482735088e+01 1.307229538512177935e+00 1.283160702812155218e+00 2.976233078950145661e+00 4.502648198468814371e+02
5.369626903008411933e-22 -5.347335171436944989e+01 9.219410609810203994e+00 1.083557829462236999e+00 3.139385788062263316e+00 6.272235966749257204e+04
6.291400330538183946e-22 -5.331242646845112887e+01 4.139936193988752677e+00 1.994189216527137987e+00 2.098505063174155527e+00 5.495554641181755869e+03
6.737736961099088619e-22 -5.324138603635682898e+01 8.093229386949246651e-01 1.232789090083146188e+00 2.938718889902766307e+00 9.739006890949280205e+03
6.955525978005604302e-22 -5.320707369405462828e+01 1.425751556034869694e+00 1.915508345597337625e+00 2.134292325163339221e+00 2.546972954611547902e+04
7.097992145086174287e-22 -5.318429819486593857e+01 4.359884696663164583e+00 1.237026346719896086e+00 2.151395268703660602e+00 1.201522844145571582e+02
8.390469211148936519e-22 -5.301451369848909678e+01 5.552401027576986614e+00 1.266222356366450086e+00 2.371901992584140473e+00 4.562356520014853595e+04
8.942808193903708671e-22 -5.294826048694139331e+01 4.480707453670547125e+00 1.592838505957876460e+00 2.323043717585087098e+00 1.428204237380480777e+02
9.722366396992314169e-22 -5.286218109712969238e+01 3.858435318805597092e+00 1.742911339534048309e+00 2.058673805165624593e+00 3.149594868812550885e+02
1.121656891033745646e-21 -5.271671809034188527e+01 1.594591537538762482e+00 2.305169367956009019e+00 2.928406968496227947e+00 9.085762143129917376e+02
1.949219865981167804e-21 -5.216159582565875752e+01 4.494220663051981646e+00 2.267230760944341839e+00 2.259330096651677611e+00 3.964562162468135398e+02
1.994229423192244511e-21 -5.213626732777041894e+01 2.480924724067475662e+00 2.342527560978753698e+00 2.768064154473787841e+00 1.495741470513252352e+03
2.231537073950846280e-21 -5.202133443059400264e+01 5.810312937750419238e+00 1.061239889963894178e+00 2.685411498329380642e+00 3.360380978004113422e+04
2.356715021670036728e-21 -5.196425634003910687e+01 8.900321122760864734e-01 1.106391727154243165e+00 2.887600016777723155e+00 1.310137162554898111e+02
2.546885541798087176e-21 -5.188415379290853480e+01 5.076907562035882115e+00 1.415981984471168964e+00 2.454945931773360623e+00 2.268948941482894588e+04
2.589120397065778248e-21 -5.186520684646128387e+01 4.000241736932856895e+00 1.187059403324920215e+00 2.089779202241005773e+00 3.707383655419905608e+03
2.753828370184900372e-21 -5.180103297128778905e+01 4.470355147494849746e+00 2.150273289941336152e+00 2.538819382911288614e+00 2.688966800666373820e+04
3.018014184269168407e-21 -5.170692598923297112e+01 1.358460354397924119e+00 2.003344930548614400e+00 2.167399496879020226e+00 4.920920898257897534e+03
3.351263618121332144e-21 -5.159968757530361216e+01 3.766084860986499194e+00 1.747863605293453526e+00 2.058887054263513594e+00 7.355482301057628320e+03
3.406695121167261396e-21 -5.158078240079226617e+01 2.539491048448584198e+00 1.304601288460461417e+00 2.755934779243736532e+00 2.318207905348922395e+03
3.612204735050911388e-21 -5.151970673360180086e+01 1.288531571508406914e+00 2.023177654966322070e+00 2.206274185721353476e+00 2.786423590278834013e+02
3.916115631725595488e-21 -5.143642479720583083e+01 4.061780942327898103e+00 2.237540663209777403e+00 2.105093362020491021e+00 1.557716371862280482e+02
3.999879212365699021e-21 -5.141276088570258196e+01 1.557810926625082582e+00 1.545146010895120048e+00 2.558340879581472826e+00 6.623601598799724889e+04
4.151385946321570120e-21 -5.137308280799952342e+01 1.589342634228448237e+00 2.187437409004135080e+00 2.087476279772204180e+00 4.453002005082309438e+02
7.803033102133342791e-21 -5.073951253210071854e+01 1.545326737410815943e+00 2.322088852073755927e+00 2.106613255007297791e+00 2.694483937982552675e+02
7.855411946314527084e-21 -5.073032233529171009e+01 3.669482092475567114e+00 1.403667056494984688e+00 2.541775631408139002e+00 2.615733221032144797e+02
9.862599764201456573e-21 -5.050027524782874622e+01 2.093940744175032620e+00 1.797522035289236264e+00 2.831925428813564682e+00 1.144482100129607716e+02
1.200838908181650568e-20 -5.030091955376828139e+01 2.039308574733853963e+00 2.389541523419485891e+00 2.019537037902961796e+00 1.308002489062749589e+02
1.356011218501887233e-20 -5.017689249374846128e+01 4.337428477525340220e+00 1.372173636505331196e+00 2.197682750985154421e+00 1.093118265409589469e+02
1.373800816773724009e-20 -5.016135873913032839e+01 4.365988575041564346e+00 1.464287191164660218e+00 2.208365743691543592e+00 4.975840691927421176e+03
1.377403764474320391e-20 -5.015623955931006606e+01 1.520374389617963340e+00 1.196159877742248412e+00 2.171503130942892490e+00 2.538376892982714708e+04
1.465395455805270673e-20 -5.009181481471772202e+01 1.601290995266464234e+00 1.711487301178498788e+00 2.099033912623237352e+00 9.164090540213943314e+03
1.478988606577300959e-20 -5.008008147622854977e+01 1.232170882496910425e+00 1.366413729842403280e+00 2.660331612378953992e+00 4.454135028319322009e+04
2.175973182502738148e-20 -4.969146395176365871e+01 4.040792402983623965e+00 2.017270733068006194e+00 2.121275905176366106e+00 3.636316933115528514e+02
2.574695509091497450e-20 -4.952070867823668010e+01 3.980946199842112510e+00 1.544072471791868573e+00 2.111981940504423783e+00 3.267914724563585878e+03
2.880153734514973120e-20 -4.940609628370081197e+01 2.531255434215637923e+00 1.278859295963047593e+00 2.002829309131396673e+00 8.067328642113684509e+02
3.184851740986379779e-20 -4.930303421766409144e+01 1.649740899076013845e+00 1.484421318038261717e+00 2.092612476482110573e+00 2.729123240231429008e+02
3.572278663828972527e-20 -4.918573628310258528e+01 9.230602011904002202e-01 2.107413292781683101e+00 2.746394309153060931e+00 1.513721792663650660e+02
3.642163906011054288e-20 -4.916386197177494211e+01 3.690061823415651698e+00 1.189953679092861094e+00 2.528881412049804212e+00 6.620590126286623445e+02
3.866708637709546145e-20 -4.910153629249856522e+01 4.861366713798934036e+00 1.434620213801276467e+00 2.281835148308711148e+00 3.186328834618178007e+04
4.187766063889976335e-20 -4.901927252368579957e+01 9.520511420915076517e-01 1.230330895223319843e+00 2.655244577230406300e+00 4.705945045146865482e+02
4.420875978585014584e-20 -4.896260209481017966e+01 6.851970944449497836e+00 1.705770242751422971e+00 2.990414806979676321e+00 6.074984587461405317e+04
4.556736544757191905e-20 -4.892983325916104320e+01 2.994603014232701810e+00 2.012711588406976837e+00 2.016559293417011567e+00 3.206683369045582731e+04
4.628550128258033217e-20 -4.891169628465110009e+01 4.320547693016419721e+00 2.066034594492463405e+00 2.332629214758301650e+00 1.371414866478033673e+03
5.358984772050624611e-20 -4.876266540752072132e+01 8.306675286387136259e-01 1.183130664935447163e+00 3.031920769796224491e+00 1.889467767738866678e+04
6.658077894331119153e-20 -4.854310911802068773e+01 2.781992035817862696e+00 1.196846736059399285e+00 3.160798467744821316e+00 2.219992912163941583e+04
6.642066497743593925e-20 -4.854301682185463562e+01 4.414978151106358162e+00 1.299429119672573130e+00 2.372883820085931017e+00 9.750533476839176728e+03
7.099037283414131640e-20 -4.847398077549566864e+01 1.258289103836739864e+00 1.328358622929973976e+00 2.265252759239253955e+00 2.171632925788885871e+02
7.480948859549979983e-20 -4.841908031964166526e+01 4.693026022783111983e+00 2.177379291996394350e+00 2.779889155330015793e+00 5.058472462182278832e+04
7.737587430119716677e-20 -4.838285001898622539e+01 2.172015861928326519e+00 2.085471675499091404e+00 2.025241431129825020e+00 5.383905504925978676e+02
8.673185337525931930e-20 -4.826620383550694271e+01 9.623991207734974296e-01 1.763123158059374695e+00 2.906407149435414450e+00 9.148136260783562648e+02
1.157017815770229870e-19 -4.797550901713123039e+01 1.105474940033541520e+00 2.078216316625134397e+00 2.417178894845449566e+00 1.153080897856746014e+04
1.260497357988053943e-19 -4.788734849182936415e+01 2.025848096530744602e+00 1.233846124230717267e+00 2.304239297029819333e+00 5.342373696029383427e+04
1.391759818837327231e-19 -4.778578586038376841e+01 1.259941928861078475e+00 1.531813750485176762e+00 2.273548903686263056e+00 1.630806959982747060e+02
1.624084868676737799e-19 -4.762891036405844147e+01 3.565908956618451420e+00 1.605855004326259827e+00 2.072288279499577612e+00 1.879381809619743308e+03
1.755431682214063306e-19 -4.754864006402684140e+01 8.799539620735679080e-01 1.078547541404381693e+00 2.938992447603324898e+00 1.949462849890341386e+04
1.904506293509804494e-19 -4.746463205199179214e+01 1.339637859557634147e+00 1.419179792820179475e+00 2.228162159946927456e+00 9.347174891748999244e+02
1.954076005453770545e-19 -4.743643741323946017e+01 2.103518289912737593e+00 1.577186218807690388e+00 2.039128964642866304e+00 3.876053965442131926e+02
2.019032061209893437e-19 -4.740123664451790830e+01 6.322098482766632443e+00 1.920668787327210358e+00 2.649691654338623970e+00 7.242610706641842262e+04
2.019870973498800566e-19 -4.739832122860237007e+01 9.429474320070453386e-01 1.277827031944594349e+00 2.725643882048675248e+00 5.041746398523576318e+03
2.075153539018610279e-19 -4.736881971781692613e+01 3.989736207886564578e+00 1.575778669438568036e+00 2.139369148719987734e+00 5.390628030655159364e+02
2.113754807366749374e-19 -4.734788896791099688e+01 9.496742423004689293e-01 1.476311759944959556e+00 2.727439803414756447e+00 9.117930154726110459e+02
2.213468551683489543e-19 -4.729929409788763905e+01 1.883650963339474238e+00 2.242908367099345934e+00 2.055573569026913461e+00 2.690018977552751312e+04
2.551514897983461337e-19 -4.715466760305323390e+01 5.992348183595625599e+00 2.168796554202722326e+00 2.839476285711057368e+00 8.827215226563604665e+04
2.910054266756564283e-19 -4.702068313409039746e+01 3.949935659014556233e+00 2.341185749530436233e+00 2.135599835569257365e+00 6.349976736170508502e+02
2.938754880026152811e-19 -4.700836888202024255e+01 2.081123564349713462e+00 1.685196397031327509e+00 2.045025385061669976e+00 1.505361222769183200e+02
3.054481687741278756e-19 -4.696724494555407858e+01 4.807634334470934689e+00 2.304101701182998951e+00 2.589831051616670266e+00 8.095815098782365385e+04
3.492730575905656585e-19 -4.683067103319788060e+01 1.233069314999538868e+00 1.877985362399786418e+00 2.307054861056740513e+00 2.134391145761917699e+02
4.621080989926862578e-19 -4.654822620524174681e+01 5.292632134377199371e+00 2.258118429703109165e+00 3.300580005859946375e+00 8.529797695186351484e+04
5.661907671328205932e-19 -4.634259398363721516e+01 8.321017368282275228e-01 2.427956942042424071e+00 3.212513731872912892e+00 3.369651685971987172e+04
5.882175705747555491e-19 -4.630192815201483114e+01 4.238579463402889047e+00 1.810962505858409344e+00 2.318356483783676758e+00 1.377647805429432537e+03
7.314559582335144183e-19 -4.608148803828331097e+01 1.538070921364857124e+00 1.440993848991310777e+00 3.421863529942373638e+00 6.551142684012322570e+04
1.025071027292654979e-18 -4.574150786536657876e+01 4.180458897245365790e+00 1.700146079179241765e+00 2.348320334963978073e+00 8.649266732672415401e+02
1.089450371432020469e-18 -4.567809644780238898e+01 9.990546492254379629e-01 2.387384770047470184e+00 2.640171626146426753e+00 6.605713622424880214e+02
1.145058812192006590e-18 -4.562581377042889841e+01 2.770450548812807057e+00 1.553035650950984170e+00 2.036760305570166185e+00 7.076097944866660328e+02
1.288435377655586495e-18 -4.550534117378151677e+01 3.051997239700303233e+00 2.170787399689568353e+00 2.047696248323988222e+00 1.595054875486130186e+04
1.314168488802846369e-18 -4.548306563275629344e+01 4.173686413827764063e+00 1.930371959741735699e+00 2.346482816887593081e+00 3.033406816403830248e+02
1.523668959678872187e-18 -4.533264855486511635e+01 1.917481553432214714e+00 2.441617678275219472e+00 2.078604217721656156e+00 7.909396983311546137e+03
1.594205148960511926e-18 -4.528489449766098573e+01 1.010797630983073736e+00 1.060425447805790178e+00 2.893525688138664620e+00 3.866836373192103338e+02
1.694448717799076197e-18 -4.522141232278202949e+01 2.848868550010497103e+00 2.169406585723781866e+00 2.042379999673893387e+00 1.062161900962607433e+03
2.010816936030674760e-18 -4.504772869514135891e+01 3.544687913796000345e+00 1.573320365760177975e+00 2.548703344419374073e+00 4.471578261060221848e+03
2.241435651659372109e-18 -4.493665319398841262e+01 1.025891689136727125e+00 1.369615563195673014e+00 2.898757165546955505e+00 6.945004849895893813e+02
2.496756668209914502e-18 -4.482627721358234396e+01 2.888161836831204088e+00 1.358857144768082614e+00 2.697554294791680185e+00 5.754053699436811257e+03
2.547675402237368533e-18 -4.480358843403755742e+01 1.242039625975143391e+00 1.383870836795811909e+00 3.452198191393402560e+00 1.955690898133927112e+04
2.588804166866050556e-18 -4.478507371302075057e+01 9.789296887909555434e-01 1.409927707932440155e+00 2.747471594208647616e+00 4.135149919373841385e+02
3.631395720245088737e-18 -4.444415270016340713e+01 3.898387823045339928e+00 1.194953417402454310e+00 2.482983927523149781e+00 7.388977634103971650e+04
4.729136521971187174e-18 -4.417752713813136722e+01 2.293538755481747682e+00 1.754208206786494362e+00 2.772209818519599800e+00 2.336841932480034814e+02
4.725910333709805886e-18 -4.417570956486829203e+01 3.470568080040644432e+00 1.222979936107287946e+00 3.392669318618644514e+00 3.472324094732540107e+04
4.914423678478479329e-18 -4.413409528143687055e+01 1.404344486466952091e+00 1.190511110918739401e+00 2.236264133853917535e+00 3.608265652534052606e+03
5.554159586095695070e-18 -4.400922264846141019e+01 9.871657871127827999e-01 1.493955551941293702e+00 2.794948713988316680e+00 2.999148014977064918e+02
5.555420471728852689e-18 -4.400649565776832617e+01 9.902458632642463510e-01 1.628394011556888898e+00 2.714700690059280497e+00 4.537410098582437968e+03
5.948002642622558591e-18 -4.393571429759043667e+01 6.193858016455775051e+00 1.199513127501771415e+00 2.908106979212296217e+00 4.581293677681601548e+04
6.064163501154402951e-18 -4.391387315990782270e+01 1.270421092829258081e+00 1.406696381720148548e+00 2.927662675063651854e+00 7.800344607393517435e+02
6.324882323769415378e-18 -4.386927834097296142e+01 1.787074975428698531e+00 2.345654506097792691e+00 2.116133248016557999e+00 2.992438085463793982e+02
7.528561334341275715e-18 -4.369256580477431129e+01 9.917878613153492395e-01 1.572396303974111120e+00 2.770201984462372202e+00 2.095711583450453759e+02
7.801250683448694989e-18 -4.365448570560213426e+01 2.823839406686808218e+00 1.574131926972079487e+00 2.168612651387236578e+00 5.123827501156093786e+04
1.052423993454780272e-17 -4.335258860875990194e+01 8.760471045305127546e+00 1.388273176219986915e+00 3.130955532713901146e+00 7.404221857464736968e+04
1.112424073286539209e-17 -4.329464319348377899e+01 2.224708697180921124e+00 1.938536002559788640e+00 2.854378578904443131e+00 8.895536956443749659e+03
1.233817793815314123e-17 -4.318857141783151832e+01 6.796171725864005531e+00 1.996483977514669883e+00 2.739576451601565488e+00 9.859857705608666583e+04
1.248153652131331537e-17 -4.317451929641805464e+01 2.223344644735738118e+00 1.443638162021037008e+00 2.096978148214793780e+00 2.472477583687585502e+04
1.366993876446652024e-17 -4.308107059930622285e+01 2.421572137305373129e+00 1.102137777612195446e+00 2.064523235833965131e+00 1.041981652051162200e+04
1.387324900538472932e-17 -4.306380731661705852e+01 2.874034930790561493e+00 2.295504015022489686e+00 2.055509574852412591e+00 2.663896731576012462e+04
1.459426934774442312e-17 -4.301064082924239074e+01 3.453025545264326368e+00 1.840774935454472461e+00 2.812175057316187665e+00 2.162123424363521190e+04
1.571048228888007081e-17 -4.293444161919638447e+01 4.076443701190831881e+00 2.101060164579144462e+00 2.245850240762861993e+00 5.520290750096901320e+02
1.595757384871125961e-17 -4.291633620450132014e+01 2.165763396804940122e+00 1.767946859962574058e+00 2.074793134848444076e+00 1.141752004707745130e+02
1.605796803184872968e-17 -4.290756459350815533e+01 4.007227776201808034e+00 1.523869019825275561e+00 2.385881569035488869e+00 1.866529807754803414e+03
1.685106021622561770e-17 -4.285685619481264297e+01 4.069555958555850061e+00 1.070019639405233480e+00 2.350019114651610064e+00 1.058750455496665523e+02
1.684304411050270706e-17 -4.285483201134104547e+01 2.831210058772965610e+00 1.222100089303719717e+00 2.804104933286401646e+00 1.179325620124192028e+04
1.876505042950451362e-17 -4.274427365046882699e+01 6.153869324565380161e+00 1.751661843412906094e+00 3.209759821667379498e+00 6.140527611002910271e+04
2.045317516979988143e-17 -4.265563163501249733e+01 3.804283914478932882e+00 2.090928562842967686e+00 2.157698283265094830e+00 2.570416876474937453e+04
2.054382590467447620e-17 -4.264870931727042347e+01 4.071322254978094080e+00 2.060748499017359237e+00 2.342421347560483813e+00 2.783285361693469895e+02
2.083839313557143223e-17 -4.263197266138242725e+01 3.676439671257899722e+00 2.498779762181815300e+00 2.138813416783137633e+00 5.444031824959513415e+02
2.193446920378937545e-17 -4.257821043474677936e+01 1.749957130344792056e+00 2.195716122119904412e+00 2.134283172311892240e+00 2.284323999576244023e+04
2.376582087835745819e-17 -4.249552131952281542e+01 2.680674233471363355e+00 2.091023262942879768e+00 2.051683729532179257e+00 7.085437148754723603e+04
2.646740627250085859e-17 -4.238535574647648474e+01 1.926070967352233154e+00 2.364378073686188131e+00 2.830089591702408036e+00 1.887157824432243615e+03
3.343660629936713899e-17 -4.214911847367235964e+01 1.174124862892096610e+00 2.424746185324615944e+00 2.438963828409277390e+00 2.633493761663842179e+02
3.416260626769924300e-17 -4.212513810857301166e+01 1.163846744532690103e+00 1.843995231832234349e+00 2.451272855282408347e+00 2.538815662530247664e+03
4.169832218470738162e-17 -4.192330887785926308e+01 4.001948167151956781e+00 1.933016258691834466e+00 2.371113820035958053e+00 2.642700361117516877e+03
4.351743776425090215e-17 -4.187810804456366753e+01 1.778691416170198769e+00 2.390004091027416067e+00 2.137782537128968485e+00 4.389363764227209117e+02
4.418233528021135235e-17 -4.186044471556910196e+01 1.329219324179492068e+00 2.107042609742158845e+00 2.912458322809566180e+00 2.525008017835396004e+03
4.766828873369475020e-17 -4.178200340008481106e+01 4.296751983827328480e+00 1.742193488117740330e+00 2.263669746357937385e+00 4.795833188337757019e+04
5.269582547940488356e-17 -4.167923353098054662e+01 4.029283452103799235e+00 2.272561157750634386e+00 2.345896726977188873e+00 7.108363334891629393e+02
5.466359402444328264e-17 -4.164007183976934812e+01 3.007612339888365849e+00 1.368818590222134368e+00 2.081087415343760405e+00 7.803592400911350069e+02
5.492200007203944751e-17 -4.163285577232149137e+01 4.366984628788197043e+00 1.542118711415790822e+00 2.439626126394011774e+00 8.667293069003841083e+04
5.543090066684063981e-17 -4.162113255845088133e+01 9.887580364717057924e-01 1.950690367784290613e+00 2.770324055487654480e+00 1.062500912273450012e+04
5.969816437426240168e-17 -4.154446849804978115e+01 1.963211192458090837e+00 1.436116059161942626e+00 2.120783062332990632e+00 1.578383059732080619e+04
6.013645159109734172e-17 -4.153465359713209892e+01 1.122569489265072828e+00 1.064786928871699123e+00 2.517680215020106971e+00 4.912238421422343890e+03
6.452278555519500761e-17 -4.146175134463566536e+01 1.620773888288968179e+00 2.406995043797092393e+00 3.249568339790335880e+00 2.745443794097544014e+04
6.783833384128405102e-17 -4.140914233941637690e+01 3.185987793427981885e+00 1.509973738262231802e+00 2.095014080391988109e+00 1.034283515253095629e+03
7.389327509528406146e-17 -4.132114794672624924e+01 3.318462351831306112e+00 1.475770533113857530e+00 2.107472828525130293e+00 1.312939307371416646e+02
7.636393513671579863e-17 -4.128575923893988886e+01 3.980175585428042950e+00 1.808949600757209897e+00 2.369240103320664925e+00 8.679372102092521573e+02
8.079737645465324101e-17 -4.122682527509656580e+01 5.464285628706424092e+00 1.523421531134684814e+00 2.573348987365197349e+00 4.316791085492310231e+04
8.722782748858101516e-17 -4.114774636789420725e+01 1.122787353385185760e+00 1.152746294230823976e+00 2.592073327152008666e+00 1.918890215610892119e+04
8.970143231523904747e-17 -4.111728303369866921e+01 4.821785597329473205e+00 1.114530549674168203e+00 2.420225507570938017e+00 2.716209485384287109e+04
9.540105698074616498e-17 -4.105318011262021827e+01 1.069999930102337071e+00 1.980452834564061293e+00 2.860346580759490553e+00 3.091509315778694713e+02
1.173699441770940345e-16 -4.084343890797868681e+01 3.082622546124157648e+00 1.718690135977605449e+00 2.093978706175346538e+00 9.888883772795603363e+03
1.399375798732666891e-16 -4.066507330533887909e+01 3.972285892969758869e+00 1.420612397917054848e+00 2.359165983350137719e+00 1.886248331438648165e+03
1.555510565413631528e-16 -4.055679575486105648e+01 4.110809715536666076e+00 1.586620220084448585e+00 2.392747374686219786e+00 8.158255816634069197e+04
2.215017171241663382e-16 -4.020083942876711802e+01 3.753599993037022742e+00 1.389725910924854979e+00 2.184524574628070148e+00 4.055415549765390324e+02
2.254085573916397605e-16 -4.018085520423306178e+01 3.331303548430849748e+00 2.158990400683176158e+00 2.553812049556946739e+00 1.423175027663028004e+03
2.434642006884262400e-16 -4.010129985852171330e+01 1.995881911792602770e+00 1.772661686852428309e+00 2.807973407646197739e+00 2.860247001356052579e+02
2.554026140033066795e-16 -4.005092859199121591e+01 6.005824945843658114e+00 1.966109172514737491e+00 2.931441600690936067e+00 7.041817472271781298e+04
2.874693898754245418e-16 -3.993015338590528529e+01 6.762883863638545989e+00 1.991153338646480808e+00 3.392081107980910559e+00 8.451406779471848859e+04
3.245822690978512991e-16 -3.980623074073863421e+01 3.039322784363680086e+00 1.798698635679814473e+00 2.102698291819423471e+00 1.560468130126170581e+04
3.630570277128005732e-16 -3.969170984741288066e+01 1.116913210085996422e+00 1.794024197212364502e+00 2.569369504708717500e+00 2.968043332564266620e+03
4.582070703770284174e-16 -3.945644856980938897e+01 1.984722890219415170e+00 1.191445429996244254e+00 2.126639883917829543e+00 2.205100504877159437e+02
5.002606818654807594e-16 -3.936614044418553249e+01 1.545718374240728110e+00 1.774455189114936493e+00 3.263590562200924694e+00 1.957766313844867909e+04
5.038270537419591235e-16 -3.935653670863037235e+01 1.188760917691074059e+00 2.274860298604572062e+00 2.886269806622673073e+00 1.220287676307281799e+03
5.120419736811003693e-16 -3.933786316895059088e+01 2.457124398464111792e+00 1.253178119309063421e+00 2.092607476399966249e+00 3.994004040202903525e+02
5.450282352118093756e-16 -3.927293216942647547e+01 1.223319347677670699e+00 1.740792418624671711e+00 2.566418477160575584e+00 3.114836689434939035e+04
5.449331844724739021e-16 -3.927060658062646326e+01 1.233764389746718093e+00 1.416186567593197720e+00 2.428642276381093090e+00 4.482398253573456714e+03
5.629493121462580386e-16 -3.923558017810103848e+01 9.529325392536350803e-01 1.261419319233855418e+00 3.197809868020982549e+00 2.928963910573665271e+04
6.702144688657146361e-16 -3.905867200652814120e+01 1.788094038668804231e+00 2.058801703549131723e+00 2.837985025037679243e+00 1.243129248465406249e+02
7.540539437275668427e-16 -3.893830586162172835e+01 4.310748087919499483e+00 1.284246731091134297e+00 2.487861972065814165e+00 6.716513093386654509e+04
7.620942816065921897e-16 -3.892519949330049656e+01 4.152802518856743674e+00 1.755324359774901755e+00 2.262248664474110882e+00 2.753387533789627923e+04
7.981796870636115565e-16 -3.887643602661447062e+01 1.971772866153119530e+00 1.913662642670059366e+00 2.870060137183576110e+00 9.784815252735039394e+04
9.238424930830161172e-16 -3.872772817539582491e+01 3.276580856833400279e+00 1.475136792391783302e+00 2.556762152934599186e+00 8.075614923998386985e+02
1.029329445820726750e-15 -3.861710692473497630e+01 2.137139747580759863e+00 1.127846642852709191e+00 3.369540494257724284e+00 6.682171944503889245e+04
1.318881755170721259e-15 -3.836673026910784756e+01 3.642772567756875635e+00 1.617454657197018530e+00 2.461849169552891681e+00 9.493774019266416144e+04
1.469710769179778553e-15 -3.825594886572200437e+01 4.514964295465453858e+00 1.537773434208878465e+00 2.492077095955573363e+00 8.394881874299133779e+04
1.541863466524871423e-15 -3.820552276338241171e+01 3.273910309584007194e+00 1.987962278508297320e+00 2.144808818871402512e+00 4.023789119767223019e+04
1.661268805096292594e-15 -3.812843284066516958e+01 3.682219417004691575e+00 1.792887943246506133e+00 2.195782416428043504e+00 3.450738099460822559e+04
1.798066648425340804e-15 -3.804680248804154274e+01 2.130061845618183902e+00 1.496517569172595596e+00 2.123542678088296221e+00 6.095635458845376888e+02
1.803033425756399879e-15 -3.804154400847797746e+01 4.294426577506065712e+00 1.137208642362849353e+00 2.379159830676449872e+00 4.568629659754731256e+04
1.856544090190393988e-15 -3.800979774804811484e+01 3.837651014347340794e+00 1.815680400807911266e+00 2.251755509327639349e+00 4.012679601932991886e+02
2.177450337125387952e-15 -3.784785986929956181e+01 2.641680036968007794e+00 1.706215114045422032e+00 2.104735990426141790e+00 8.908725508486601257e+02
2.321872444383679100e-15 -3.778114054323953042e+01 5.929723763360403410e+00 1.933416061420595744e+00 2.813499990372128945e+00 7.014113857462795568e+04
2.387490450693304199e-15 -3.775077169783855879e+01 7.270356674372473016e+00 1.006002285508810212e+00 3.010784436374145834e+00 7.376335055475967238e+04
2.394998928574296283e-15 -3.774513170799029638e+01 3.574967829304331879e+00 1.290863833437909891e+00 2.475349274535936672e+00 3.169112532433350680e+02
2.396735692432885645e-15 -3.774190680810664134e+01 3.364856014194778311e+00 1.857386927453794190e+00 2.150132924210568675e+00 1.211076879542332279e+02
2.512005115452885895e-15 -3.769243320648341466e+01 8.943107146263464813e-01 2.242660030367226831e+00 3.432758048287766428e+00 3.384453029380499356e+04
2.543095153029086970e-15 -3.767763258812531291e+01 1.182894393112746023e+00 1.800525617998135486e+00 2.807772670905371193e+00 3.915024495975561877e+04
2.842596158151354151e-15 -3.756379671669813547e+01 2.635128887668177544e+00 2.291435120672634884e+00 2.680125656925390398e+00 1.201762154133013070e+02
3.026844844131550139e-15 -3.749849372007486892e+01 3.455025223731611028e+00 2.399502275763699899e+00 2.167477896205530108e+00 9.017190818907623907e+03
3.249311338348512688e-15 -3.742507141349792477e+01 2.196508269992394791e+00 1.709313964270386510e+00 2.123696172653534386e+00 2.443607139613169238e+03
3.510349574387430588e-15 -3.734529886513249153e+01 3.818219864060702129e+00 1.132073470116563119e+00 2.375330494995133712e+00 2.488467461916745265e+02
3.948283221304120933e-15 -3.722523363457653289e+01 2.649046482680387005e+00 1.858215258639594580e+00 2.110772899304069750e+00 4.370922387725158842e+03
4.084616271710047290e-15 -3.718878670352788163e+01 1.319509616451915113e+00 2.169158993482911413e+00 2.387256431626207487e+00 2.694371601505464241e+03
4.302610721314452681e-15 -3.713429250854009922e+01 1.669557892029655655e+00 1.242439542376880368e+00 3.107202713284753059e+00 1.434243997120214044e+04
4.399666937379480314e-15 -3.710948564948469652e+01 3.860947273416257097e+00 1.313033613204972694e+00 2.505109997177200842e+00 1.248625360120544610e+04
4.522574333919857385e-15 -3.707943311687493804e+01 4.728550549649937373e+00 1.793663991113094713e+00 2.502216184135635402e+00 3.640315027350286255e+04
4.544274689817836955e-15 -3.707214636079766734e+01 2.833760032504472726e+00 2.370274750080390458e+00 2.639194810898874533e+00 2.585290757529292023e+02
5.037913528796205366e-15 -3.696652247750648712e+01 3.460199861533910681e+00 1.783266487058980942e+00 2.310686569348924468e+00 8.323753586265700869e+04
6.758295167449471754e-15 -3.667024382740940069e+01 5.715436460281916986e+00 2.042195625701989758e+00 2.639830024850664092e+00 9.236306997397130181e+04
7.507786658690671029e-15 -3.656257378837152316e+01 6.174202640124381247e+00 1.748983233190264386e+00 3.077279395767205106e+00 6.387610980690934957e+04
8.631891154043982347e-15 -3.642055087320448337e+01 3.822642989155142335e+00 1.140682512125227088e+00 2.309966082280376476e+00 9.677526376400913932e+02
8.891956780965150828e-15 -3.638836735584382609e+01 1.322533096844049405e+00 1.145135508023862103e+00 2.971217265516203909e+00 7.089727664712025216e+03
8.955018758016552375e-15 -3.637880036128566985e+01 3.793802391750495051e+00 2.492024406692360472e+00 2.278077624637372622e+00 3.530822667316038405e+03
8.981099453634139444e-15 -3.637339218308442668e+01 1.148221828041573023e+00 1.463184193484424078e+00 2.600497768600965376e+00 1.164600924228482836e+04
8.981024316739215203e-15 -3.637090054923264404e+01 3.576193433502185215e+00 1.828852536900712034e+00 2.461111289242473354e+00 1.568404385131715344e+02
9.238309034539410353e-15 -3.634015562750752792e+01 3.068569179273335390e+00 1.052448490426794558e+00 3.254412312913021132e+00 2.849988620225859631e+04
9.263895736422893359e-15 -3.633488982543031653e+01 1.174226600178275737e+00 1.035076031478344483e+00 2.564049209813781260e+00 7.950767582786139656e+02
9.429845902143880903e-15 -3.631463473621792559e+01 4.534374292284554464e+00 2.288659680807043628e+00 3.105628756096198373e+00 7.956504782226108364e+04
9.592241321922840966e-15 -3.629505991541910959e+01 8.909253368411103935e+00 1.706834664434601079e+00 3.372006621017721528e+00 9.049554117885325104e+04
1.014527208321049083e-14 -3.623650669913637756e+01 3.370717951217396369e+00 2.033844940665991086e+00 2.168236147949952564e+00 2.353909371866382571e+03
1.090218002406355503e-14 -3.616205172004870860e+01 7.113860716231131143e+00 1.493660524775011211e+00 3.100721083843387404e+00 6.667580973387206905e+04
1.098736757178817229e-14 -3.615176828117954955e+01 6.486466261865299288e+00 1.562007374867263154e+00 2.836394963875736863e+00 6.470114410044725810e+04
1.152520873697888717e-14 -3.610147779110655364e+01 8.781047592747668773e+00 1.240675956473217489e+00 3.190685661157262043e+00 8.924360253261195612e+04
1.164048252842287271e-14 -3.608902559571775726e+01 4.540715196911491169e+00 1.460859809477951021e+00 2.541333056404484481e+00 2.618118016918025023e+04
1.254605713592768140e-14 -3.601160804771444646e+01 1.046442769870345568e+00 1.570297677964753724e+00 3.415480985214490506e+00 4.054931837472003826e+04
1.313844930758937011e-14 -3.596297149852238562e+01 1.164070096791339992e+00 1.972088220118899171e+00 3.238321498679013644e+00 5.063750810328442458e+04
1.409009089089738844e-14 -3.589054271486599390e+01 3.400356144864108199e+00 1.657269054228103000e+00 2.509362393426012083e+00 3.014502385468310422e+03
1.450986266955401017e-14 -3.585868588918036437e+01 4.453676694695062110e+00 1.083427860220799177e+00 2.388870442639114966e+00 3.162139732366474709e+04
1.496474144203803005e-14 -3.582531762784995522e+01 5.706933100105493040e+00 1.659837469100313712e+00 2.730550708345114153e+00 5.478704449222765106e+04
1.670964723288789451e-14 -3.571252826024701221e+01 1.421659328884945950e+00 1.393545003477277167e+00 2.863324869179629584e+00 2.029966303981161900e+03
1.675942473513578152e-14 -3.570705372070808892e+01 2.453288644783614192e+00 1.712715605930469120e+00 2.705108520815084905e+00 5.526113194638497816e+02
1.721193573678480664e-14 -3.567791141015290179e+01 1.890158817105927147e+00 1.256408425637278281e+00 2.366025705168458781e+00 4.063420879123298073e+04
1.741806478861340301e-14 -3.566350661759444307e+01 3.771711800087133248e+00 2.188819331056928164e+00 2.360735447590234681e+00 3.741305489287208275e+03
1.917278734819687240e-14 -3.556502254343071456e+01 3.048353574443065206e+00 2.032184136982796652e+00 2.586551674705671822e+00 1.572059520068543463e+02
2.013633594018602295e-14 -3.551348855023876894e+01 3.737231769506199619e+00 2.431759859111939370e+00 2.271267708283517539e+00 4.363622056696020081e+03
2.073858102322591577e-14 -3.548151870842798417e+01 1.876362504451872137e+00 1.102992721213000404e+00 3.088265503275653856e+00 1.540528465532549671e+04
2.125761927954046192e-14 -3.545429910605720636e+01 3.545596052139846410e+00 1.171441011398649312e+00 2.207637392364340201e+00 3.952157389984364272e+03
2.389145196413952884e-14 -3.533499375493546069e+01 6.486781149506307464e+00 1.906659729477754972e+00 3.027155752185965110e+00 7.870155082207512169e+04
2.416002768316449923e-14 -3.532131497260139952e+01 3.735528459049404670e+00 1.112051343751597088e+00 2.376080632563270179e+00 5.883713713385893698e+02
2.443241155892592906e-14 -3.530760389808210675e+01 1.848690253515332893e+00 1.019360919660819986e+00 2.228624376418823161e+00 1.999854228033911568e+04
2.564809243367441093e-14 -3.525654529169996465e+01 7.556955203388236342e+00 1.388344909327526633e+00 3.211052010283601987e+00 6.919791259742541297e+04
2.740920724189316286e-14 -3.518763550381932959e+01 3.971271091602786907e+00 1.974573041921190208e+00 2.325755655353547002e+00 1.932509433296057614e+04
2.816758113907144588e-14 -3.515784277984979411e+01 3.608618496826621946e+00 1.030892092541972671e+00 2.435200409172734393e+00 1.062389505375699343e+02
2.817166787093804957e-14 -3.515519770401206046e+01 1.077231287004350335e+00 1.415549580056972623e+00 2.769180899054730638e+00 1.051767892191377723e+04
3.272143476843103496e-14 -3.500298413082960991e+01 2.074081994967630571e+00 1.684423523890580920e+00 3.063024852150541655e+00 1.818137098111005980e+04
3.703777275508584723e-14 -3.487657621432587263e+01 6.498160993853781875e+00 1.484912340554108034e+00 2.795858067697190474e+00 7.225407290343816567e+04
3.714210824803224395e-14 -3.487126317228972994e+01 2.132101215095603131e+00 1.094078849161346456e+00 2.154460200545981863e+00 1.274815836356556957e+02
4.051859300952939064e-14 -3.478175353607419851e+01 3.588804627864755403e+00 1.644014812398691072e+00 2.229721966943546185e+00 1.910234285968910513e+02
4.157668934125272143e-14 -3.475347483365628420e+01 6.893493914910483689e+00 1.043395579031926479e+00 3.045676222569264624e+00 6.055029108539205481e+04
4.250644467990054954e-14 -3.472885878753237421e+01 1.431793306570133817e+00 1.114451649047639936e+00 2.347967095256436654e+00 1.592963567345410183e+03
4.386904768895434870e-14 -3.469480548412004595e+01 1.163277768010814839e+00 2.447283625146844166e+00 2.831539564767570738e+00 5.831221554718527841e+03
4.563132296698509705e-14 -3.465292010361538644e+01 1.215487893445662992e+00 1.335098365792645847e+00 2.545948579088393338e+00 5.430726018348638036e+02
4.681904338436005454e-14 -3.462472446141326543e+01 3.533325231583662518e+00 1.738301102664952857e+00 2.455151159210907430e+00 2.311537438440149401e+02
5.702118396008293872e-14 -3.442509164428081192e+01 2.138761296877814910e+00 2.352847573667564696e+00 2.157758125380773162e+00 8.316493965721676432e+03
5.930111701134371061e-14 -3.438338634905117885e+01 1.278432152731037164e+00 1.249724169094701409e+00 2.845905024849679776e+00 1.846544974237143322e+02
5.931773374082547756e-14 -3.438060617891826354e+01 1.975814468461494000e+00 2.285655502615297152e+00 2.783533455769978016e+00 1.290006779823429952e+03
6.311861450031466746e-14 -3.431599876544549232e+01 2.864104776405079544e+00 1.681925038440600595e+00 2.386484980685045443e+00 7.524215446625516051e+04
6.770800922964250368e-14 -3.424331001385147033e+01 2.893788459468995988e+00 2.078920189123275364e+00 2.146747904634780824e+00 1.790343950196123899e+02
6.944438889292571682e-14 -3.421548821903570570e+01 1.556336142564754832e+00 1.308466332989901115e+00 2.579331531197892602e+00 4.047905919284575066e+04
7.936640353723193853e-14 -3.407943934203905911e+01 3.678155357575282558e+00 1.590610030571548927e+00 2.380391948412588832e+00 1.977033038056927410e+02
9.441811368448230958e-14 -3.390328155449842029e+01 2.601655278176846497e+00 2.419350950909818554e+00 2.142520884287593574e+00 1.382043704102906759e+03
9.503811974851450298e-14 -3.389423641986595470e+01 1.516839859145719505e+00 1.791766513966647212e+00 2.378042378126092871e+00 3.010698191289279202e+04
9.507804433485230303e-14 -3.389131641784122451e+01 1.160429744955933540e+00 2.491759011094621279e+00 2.652375875018682105e+00 1.529378654127803566e+04
1.017013564680647682e-13 -3.382147385059239753e+01 1.229677440493153640e+00 1.087751675655033390e+00 2.544877613889874546e+00 5.520969853247692299e+03
1.190885373878347223e-13 -3.366114726335916885e+01 4.402085822494987255e+00 1.333593062435071142e+00 3.491382625459336531e+00 4.812529690700808715e+04
1.519102157322977596e-13 -3.341522483114284370e+01 4.743934897852092547e+00 1.940172275640268618e+00 2.847661517435088996e+00 5.011146811191255983e+04
1.771748017874305089e-13 -3.325887766553693581e+01 1.208555103053195579e+00 1.143684633002333140e+00 2.584892962674308237e+00 8.252765443895597855e+03
1.783836983910866885e-13 -3.324957765225448014e+01 2.660123669593791984e+00 1.181336604536550094e+00 2.149440451461688717e+00 4.477477747861384501e+02
1.867317897443179843e-13 -3.320134118364460107e+01 3.132602038559173518e+00 2.491714729221914837e+00 2.175630436910048982e+00 1.587669642083459109e+02
1.947187523458912225e-13 -3.315695826970161875e+01 2.373206098904367067e+00 2.201575375514298827e+00 2.902521771352889246e+00 1.969694995969476440e+04
2.010331407824175578e-13 -3.312254471751124640e+01 5.681326593108249945e+00 1.453725100186366914e+00 2.763683632316340510e+00 8.849102736154680315e+04
2.017786405782963268e-13 -3.311634323368406996e+01 2.125626206310524680e+00 1.043736695422414762e+00 3.448770874790203500e+00 2.667630810319594821e+04
2.081883380902227950e-13 -3.308257134989688097e+01 2.179747085453882960e+00 1.663312702701269741e+00 2.741428561684022824e+00 1.472141638909184394e+03
2.099675367296930327e-13 -3.307156155972749900e+01 1.037691278911941239e+00 1.495097897092864558e+00 2.955581359225193605e+00 1.988631268232606453e+04
2.099386939304537019e-13 -3.306919893706167102e+01 1.647836037577526058e+00 1.353452479268958619e+00 2.273396446917781422e+00 6.744707682198971270e+03
2.156251618697395626e-13 -3.303997295300811743e+01 2.656920326580118452e+00 1.161769233481334762e+00 2.651801366566836737e+00 7.276556430334610468e+02
2.160326503486712234e-13 -3.303558493621128633e+01 5.260925570802791995e+00 1.673939021920539449e+00 2.582344758195485479e+00 8.028804886993076070e+04
2.295301530822196262e-13 -3.297248008464431734e+01 2.906322187961337011e+00 2.191589939131877163e+00 2.160666053357557015e+00 5.553068101532243190e+02
2.337874901171226875e-13 -3.295160195065749065e+01 4.993181072796439857e+00 1.866311696544425969e+00 2.520913361320652690e+00 6.668633482207791531e+04
2.901264139118477585e-13 -3.273319775345350990e+01 1.293159580795675501e+00 2.115421237896133899e+00 2.494603946560554952e+00 1.591172063713294733e+02
2.946275428624615302e-13 -3.271530249943049284e+01 2.860878801298141205e+00 2.360645796172594402e+00 2.608380104599671956e+00 5.032979149649649457e+02
3.170849152323202463e-13 -3.263934488209223161e+01 1.246843283489088794e+00 1.671177961345112095e+00 2.811036919783234111e+00 3.409009123556070335e+02
3.279531006747888449e-13 -3.260314387908059075e+01 2.845524606860369232e+00 1.839243345853871281e+00 2.161463605239134278e+00 1.421165107985864324e+03
3.352770910845152869e-13 -3.257855716399268431e+01 1.451523629855880237e+00 2.205839500005749354e+00 2.513814385018997566e+00 5.869113626379942434e+04
3.405580419649335313e-13 -3.256042891944730400e+01 2.290915449055459963e+00 1.831301467675671590e+00 2.165168361591631729e+00 5.231899443386007988e+03
3.513191902650174989e-13 -3.252681930728343929e+01 1.605246287784368953e+00 1.134730614833487694e+00 2.825834766221914762e+00 1.029430487428975454e+02
3.572396311571028206e-13 -3.250760769915783044e+01 2.406850628502007261e+00 1.428101200375215152e+00 2.696863442540069489e+00 6.354380896267914522e+02
3.788820661462503349e-13 -3.244628950595313199e+01 2.443683020879333867e+00 1.452379321482199170e+00 3.406942182756757198e+00 7.653864410962790134e+04
3.919558902915261837e-13 -3.240986518280114126e+01 3.517529438679460885e+00 2.351422885308863009e+00 2.285425326251880218e+00 3.012189548243882746e+04
4.218396824548032697e-13 -3.233388914903395062e+01 2.973498272485446403e+00 1.235837582892427289e+00 2.171827034525660061e+00 2.530579056552111979e+03
4.227256075041379285e-13 -3.232929120495595043e+01 2.269315213344953452e+00 2.449230909720104155e+00 2.721243493099934518e+00 3.003454725022644425e+02
4.252282357541040396e-13 -3.232088844141199502e+01 2.817179314452145977e+00 1.796508793530001258e+00 2.163503482593769345e+00 6.981853615030443507e+03
4.455111263030414834e-13 -3.227179227002817186e+01 1.037803144325301741e+00 2.128178011089187027e+00 3.013595901120645681e+00 2.093053242036166193e+04
4.519659470733074890e-13 -3.225490765283294081e+01 7.833810972537843753e+00 1.102262759257081948e+00 3.287468797681300181e+00 8.104849465141768451e+04
4.685670936040749499e-13 -3.221633519066834594e+01 2.776610305095729370e+00 1.383545369443373030e+00 2.554270761895088615e+00 6.538581328227528138e+04
4.714198775997430928e-13 -3.220776533471958203e+01 3.604493825362393267e+00 1.337452940294771908e+00 2.375084709669043281e+00 1.702289014237737774e+02
4.910089445549235179e-13 -3.216455214684897612e+01 2.867658498526477473e+00 1.392370448456732746e+00 2.167200285800871651e+00 1.434428060334591919e+03
4.926994117378788541e-13 -3.215861521590049676e+01 3.588266653591158484e+00 1.009480163048815715e+00 2.386663739788082772e+00 5.636965220079624714e+02
5.206380564634515536e-13 -3.210095940044585205e+01 2.193164824312713979e+00 1.408906435742815155e+00 2.176844354792090819e+00 1.798918184372682163e+03
5.603370071513298035e-13 -3.202497609028808512e+01 3.310994512869190221e+00 1.633886329366597723e+00 2.495559762721507369e+00 2.261118625371861981e+03
5.804563760358211298e-13 -3.198719984212734957e+01 2.798321765829091312e+00 1.066571700639805220e+00 2.170185985094484238e+00 1.089749622690588330e+04
6.105520698120805611e-13 -3.193415091114248838e+01 1.311083920204606734e+00 1.775490194362044249e+00 2.491401703129784373e+00 6.744202662298627729e+03
6.780094030703720660e-13 -3.182685333481412471e+01 2.697607714691764969e+00 1.077875439181325223e+00 2.636457970410736262e+00 2.414621301460693701e+02
8.042065522491722340e-13 -3.165365834952682178e+01 2.636647129837189407e+00 2.463916287146348250e+00 2.647624482743464291e+00 2.896499649013288717e+02
8.304013080573576524e-13 -3.161910540386973878e+01 3.500157178907637778e+00 1.235441898063747601e+00 2.503802400954288743e+00 8.655840689313274197e+03
8.327593457755347987e-13 -3.161376979169629564e+01 1.317321789466821436e+00 1.642761486376856261e+00 2.493265980775542179e+00 1.326434522497589796e+03
8.341703859043957508e-13 -3.160957681035573330e+01 1.211479605811022875e+00 1.829083332544094720e+00 2.802986973583574404e+00 3.333397405218349741e+04
8.429062082386475300e-13 -3.159665879918502895e+01 1.862878580692518549e+00 2.450251816593682186e+00 2.227613131810737279e+00 1.533396226142630803e+04
1.016267684225334276e-12 -3.140712242933134490e+01 3.076365603967127882e+00 2.460486550815766282e+00 2.191524196613220177e+00 5.661836981967618158e+03
1.024555589411755866e-12 -3.139650026524601500e+01 4.123086177266712227e+00 1.800720865926203729e+00 2.496936733640247041e+00 2.530249190318092951e+04
1.048089066053626572e-12 -3.137129064353149133e+01 1.797399474396072394e+00 1.921880794908194634e+00 2.984459446196557231e+00 7.657629206483130110e+04
1.075357990517350123e-12 -3.134310559193419721e+01 1.674834991994042399e+00 1.294177576576577060e+00 2.809968856127143866e+00 2.104906489581051403e+02
1.077655727814337470e-12 -3.133847115298495822e+01 3.294699720483625249e+00 1.556687110325296386e+00 2.218477134282303975e+00 6.931273635677762286e+03
1.101525746285196920e-12 -3.131406295168407183e+01 2.308207950767566796e+00 1.940857843406937899e+00 2.176567917043216394e+00 1.259425341806827134e+02
1.124590770339619395e-12 -3.129084000272990806e+01 4.715558567501791032e+00 2.243271236497664134e+00 2.815068963007347769e+00 8.409965951661774307e+04
1.170005669534136023e-12 -3.124875061795797393e+01 2.873829232292445024e+00 2.419431750595834707e+00 2.184534583064411173e+00 2.551975390990744927e+04
1.207898907646828263e-12 -3.121437680222361166e+01 2.051774483692972328e+00 2.030404166933801324e+00 2.828773848485195863e+00 9.372001791170878278e+03
1.210733165375164335e-12 -3.120953311460175783e+01 5.434367771824907933e+00 1.125422887147372597e+00 3.085551351286005772e+00 8.235569318150299659e+04
1.214902093596136934e-12 -3.120359572036826989e+01 3.527279446057172585e+00 1.586894058263948581e+00 2.286013133998050506e+00 2.918193683139269979e+03
1.234322792624977955e-12 -3.118523673888095971e+01 2.766660878122909395e+00 2.018623238469015035e+00 2.173320134124706371e+00 3.788819105687596789e+02
1.234749475082155094e-12 -3.118239111719381285e+01 2.895320231299793878e+00 1.554372124741794758e+00 2.847395197259217969e+00 8.608684305902090273e+04
1.260444893496987975e-12 -3.115929446379283974e+01 3.877976009771406218e+00 2.051902053699775408e+00 2.336732664609596277e+00 3.222339177913961976e+04
1.279270516385336357e-12 -3.114196920611389885e+01 3.788516536868200113e+00 1.863410225214983562e+00 2.324072562660295826e+00 5.667651596745308780e+04
1.421702368245610713e-12 -3.103390420806909233e+01 3.470707499134372487e+00 1.240676969925771589e+00 2.267647234406756418e+00 1.591988806327667589e+02
1.468480626588929115e-12 -3.099903093359515083e+01 3.535207924009103664e+00 1.683029342499665182e+00 2.298572636155940874e+00 3.790431226273139487e+02
1.469428502737158088e-12 -3.099588566096118569e+01 2.459157404693272486e+00 1.593282638071131574e+00 2.173582881166392866e+00 1.816010499894490522e+03
1.480468984774286272e-12 -3.098590029332766704e+01 2.121425035913406365e+00 2.361890808811565101e+00 2.195537986242491524e+00 4.823056241153293740e+03
1.740076289584146046e-12 -3.082183025565768730e+01 3.622904382509428700e+00 2.129196388665119066e+00 2.287387010976154045e+00 8.778634448744500696e+04
1.818514517972302273e-12 -3.077523924361087637e+01 1.242527202171593625e+00 2.401833614913276627e+00 2.608260004960372136e+00 2.507829803431124674e+04
1.851190250808226599e-12 -3.075493040148550250e+01 5.183236350791442071e+00 1.461988381122146574e+00 2.801074826248894922e+00 9.135834068635577569e+04
1.893724517062180890e-12 -3.072971367866336578e+01 3.553262233890962296e+00 1.736426680042661097e+00 2.314401427006892220e+00 4.893417424982859302e+03
2.113950954088421399e-12 -3.061720052585847540e+01 6.644801330835670150e+00 1.433655218904359430e+00 2.934842412597681971e+00 7.803517375260111294e+04
2.172790373828905606e-12 -3.058724698444616408e+01 1.978845982937446291e+00 1.850958861838405412e+00 2.254104935469204651e+00 3.085379474566570934e+04
2.544097556576202024e-12 -3.042698322005817602e+01 2.873753067193997701e+00 2.113401801741415120e+00 2.186621294739049759e+00 2.585433156491082514e+02
2.586490141432659270e-12 -3.040795741360479809e+01 2.104202467847096081e+00 1.928475590501852466e+00 2.203821759459694718e+00 1.432645450160031828e+02
2.602932473356675165e-12 -3.039912052868862347e+01 1.086356937627051655e+00 2.344081062734542531e+00 3.283917421464004338e+00 2.998558965684484792e+04
2.678126805994170155e-12 -3.036814161535757250e+01 1.609130421949958478e+00 2.056286029535858262e+00 2.321691257641758988e+00 5.069385956257995531e+03
2.880442456053099305e-12 -3.029281529958968733e+01 1.240917944599935874e+00 2.395667221958050597e+00 2.657658281792008914e+00 1.190292108439497724e+03
2.879176563578716918e-12 -3.029075487466937844e+01 2.938799887580139103e+00 2.042476278884329144e+00 2.192220887337491764e+00 7.705277762145548877e+03
2.929733778961041641e-12 -3.027084765403350630e+01 3.365852401157916507e+00 1.045277512609281700e+00 2.456951067817396250e+00 1.471995611003678448e+02
2.965298457290246681e-12 -3.025628152499615453e+01 5.566794636059677615e+00 2.010062178261030397e+00 2.949637702544334328e+00 7.673135306240021600e+04
3.126658030989856344e-12 -3.020079450010890554e+01 1.311289198227050479e+00 1.566161958604050053e+00 2.775370690979824140e+00 3.440251093085943285e+04
3.794225312150316464e-12 -3.000477895632285907e+01 4.318344810378224707e+00 1.486961339670655802e+00 3.280934411473797052e+00 4.618639874341984978e+04
3.992110383075761751e-12 -2.995143920337354970e+01 1.819028261610863728e+00 2.024031768999918768e+00 2.868170271575769981e+00 8.238991412711967132e+04
4.026132359650604403e-12 -2.994045300961714418e+01 3.670688232134542428e+00 2.107241834670814384e+00 2.301817213040558308e+00 4.063729350828492898e+04
4.027969393017885891e-12 -2.993749683623976310e+01 3.475393625037543455e+00 1.108602046627428006e+00 2.291998252706760830e+00 4.719313591465881473e+03
4.025115106546792566e-12 -2.993570570415013066e+01 2.483103384346319942e+00 1.622728570659388136e+00 2.184179881507946952e+00 1.526183529115416377e+03
4.248589466657128108e-12 -2.987917217486130639e+01 1.946347465401634391e+00 2.224846132734812354e+00 2.762369467756617958e+00 1.262411120123282444e+03
4.279764602070456662e-12 -2.986936120394663874e+01 6.202298519480205385e+00 1.608547181831306627e+00 2.834215589161400040e+00 9.926490545251721051e+04
5.265552045965422005e-12 -2.965957322038700283e+01 3.812098506614279181e+00 1.227591444060389003e+00 2.345496793655009071e+00 1.751252300291879874e+04
5.552512248846594199e-12 -2.960400872972186903e+01 1.402652696201600602e+00 2.199644021906198343e+00 3.233548474681704477e+00 2.408050638758335117e+04
6.042628160354055819e-12 -2.951692016931822948e+01 3.322851281314575189e+00 2.406512369519424155e+00 2.461862104324991751e+00 1.258156687778596279e+03
6.167647141946666743e-12 -2.949394178574257452e+01 3.379164485771902537e+00 1.014059628178726857e+00 2.442384828468247449e+00 2.773481674921549256e+03
6.778315804900940256e-12 -2.939703054777403324e+01 3.248161743646642119e+00 1.110077454565655319e+00 3.112311492201877972e+00 2.816823932997559314e+04
6.940339373736730751e-12 -2.937090853807367452e+01 1.643551273453344841e+00 1.903127647317641724e+00 2.321424345931030420e+00 3.799032913416341444e+02
8.202119414953230143e-12 -2.920136662639954750e+01 2.858446049237695519e+00 1.641304902340893435e+00 2.205764125692353694e+00 1.942073225538248153e+04
8.370967644783022445e-12 -2.917848972599665913e+01 1.383528553407619155e+00 2.221632570210721358e+00 2.480983091292814802e+00 1.657874205521485010e+03
8.414221340234341674e-12 -2.917083592150498816e+01 6.891291981992807791e+00 1.080946895888152293e+00 3.299842706659184444e+00 6.697966247049513913e+04
8.404263827096385626e-12 -2.916952003698296636e+01 2.104718054851599796e+00 1.378732107673651397e+00 2.217335529408887229e+00 2.291039945667191660e+03
8.644585483959206378e-12 -2.913882604317144143e+01 2.473324342289627609e+00 1.087673818050882923e+00 2.727100409645434542e+00 5.584169281182716077e+04
8.821490793634393897e-12 -2.911606833255426707e+01 2.138359363278412584e+00 1.580421596223127167e+00 2.725713800741769166e+00 2.640857395263034277e+02
9.020103382127006571e-12 -2.909130341706957523e+01 2.899501127197168238e+00 2.086569145891611576e+00 2.204441007504194250e+00 2.719277437168429242e+04
9.295511855976951943e-12 -2.905872752497085898e+01 1.416605143272072098e+00 2.208201911451620703e+00 2.454759208195790965e+00 3.250702815895844537e+02
9.963601369771628093e-12 -2.898682062296015260e+01 2.013515556459951839e+00 1.714761851389455805e+00 2.874532143684851881e+00 1.125535053898321166e+04
1.131113793174985299e-11 -2.885747131455786985e+01 3.429230409401570867e+00 1.352545097887721370e+00 2.396355338319599237e+00 1.731927841322675476e+03
1.152084750887275678e-11 -2.883660099147131817e+01 1.053113042179423475e+00 1.833218212764514909e+00 3.246288790202290109e+00 2.286362316500286761e+04
1.205765013915626368e-11 -2.878855988769725727e+01 1.550390735818274468e+00 2.062588112242119021e+00 2.494555195367469835e+00 4.521541021370229282e+04
1.214875685119426243e-11 -2.877853236473387000e+01 1.272185290704254346e+00 2.192560914333210320e+00 2.705314492356728717e+00 3.454572639327530510e+02
1.247142057514016038e-11 -2.874981953989013306e+01 1.639291666938196057e+00 1.302591836561554528e+00 3.161168909801741034e+00 5.066795535075983935e+04
1.296518503788798928e-11 -2.870849152151419403e+01 2.616392720853922160e+00 1.266251858973633571e+00 2.663747949388814540e+00 5.587194885782067104e+03
1.352207918211486762e-11 -2.866393536806116771e+01 2.530929537601490420e+00 2.295364878179356083e+00 2.197251336071399663e+00 1.539175489283876175e+02
1.444893505416071040e-11 -2.859513849934301177e+01 1.944727875983494947e+00 1.957152559217026688e+00 2.915544977847276620e+00 1.390096217342709133e+04
1.490795691996676033e-11 -2.856136412062460295e+01 1.385612789695336744e+00 1.150652883922612668e+00 2.655025939469561003e+00 2.758261067853826898e+04
1.511946661473369346e-11 -2.854477611918575519e+01 1.801247108991929968e+00 1.693119274602104873e+00 2.774652266908184117e+00 1.016455149603975428e+03
1.567532337599175101e-11 -2.850617149615806767e+01 2.437170928903908962e+00 1.557317125267296598e+00 2.667035722748003046e+00 2.173237530277653775e+02
1.574367447197516636e-11 -2.849932054873814735e+01 3.461672204602325831e+00 1.373894633405666532e+00 2.610258195673285542e+00 1.558104988438076725e+04
1.577109289984240438e-11 -2.849508051147487464e+01 5.205248416710436921e+00 1.015608289902496519e+00 3.368429096876941031e+00 5.124728358683001716e+04
1.591907819165544664e-11 -2.848324093630596110e+01 1.511420103422496997e+00 1.577060050440673322e+00 3.378901472356830471e+00 5.370328459277800721e+04
1.670645964340237157e-11 -2.843246376288447408e+01 2.520572283810398773e+00 2.458907195940692958e+00 3.109630593497535234e+00 5.135163015907694353e+04
1.698911171903367012e-11 -2.841318656077051585e+01 1.785724745281606296e+00 2.193071483133251398e+00 2.287112544395090374e+00 9.575370265506968281e+03
1.715706827624282305e-11 -2.840084897942045572e+01 2.291599334334407434e+00 1.378044841083957195e+00 2.208668901302327292e+00 1.046962361726709787e+03
1.781329639088677103e-11 -2.836081404581832999e+01 3.109290169521562230e+00 1.430830885432766930e+00 2.232757059507843422e+00 6.902196947742409066e+03
1.843073460077785229e-11 -2.832423958265631825e+01 6.541343240680798310e+00 1.895268735704426444e+00 3.341830845650985538e+00 8.471728392036611331e+04
1.949452619466269542e-11 -2.826562549431374194e+01 1.921869914190667883e+00 1.829063764290332017e+00 2.256451711319061193e+00 1.687376227910875286e+03
2.112484793842622057e-11 -2.818280923747524724e+01 6.827163489556336451e+00 1.274859473472733651e+00 3.381236932910211657e+00 9.540889870024408447e+04
2.199942387382054646e-11 -2.813974294704976842e+01 3.479053313097044242e+00 2.019922060382125295e+00 2.477975537482451696e+00 1.392155828909844240e+04
2.195448696559779538e-11 -2.813928767631371386e+01 2.182257033144909375e+00 1.395492460594568884e+00 2.222021340328037109e+00 7.240796150528930411e+03
2.224403321784988302e-11 -2.812368540984759946e+01 4.386803347824140609e+00 2.180644490054784335e+00 2.536175573552184481e+00 8.553627391902414092e+04
2.264609647710723634e-11 -2.810327171640151178e+01 3.016388012120254647e+00 1.314402733089661712e+00 3.108338281692964777e+00 7.445515459974828991e+04
2.346338835814746903e-11 -2.806531794842185690e+01 6.850249134949583762e+00 1.669219764546376883e+00 3.194536513014555545e+00 7.806935797416829155e+04
2.524455015875356087e-11 -2.798964891538288668e+01 1.513378651368113781e+00 1.599192059415510014e+00 2.938355042014505702e+00 4.753945356475948938e+04
2.639620527477240090e-11 -2.794253895228278495e+01 2.103769160734435317e+00 1.155028821620956325e+00 2.233250097503431952e+00 6.791599507637384704e+03
3.174914556553264864e-11 -2.775539339885679269e+01 3.079438506317154545e+00 2.242058860471741522e+00 2.239190266127327966e+00 1.576254984871382021e+02
3.274751027123011288e-11 -2.772193227557266582e+01 2.511168151592467979e+00 2.428446831359658997e+00 2.209469928984931109e+00 1.417527781891135965e+04
3.427416355770895119e-11 -2.767386739122067141e+01 2.446474161681649662e+00 2.108168609845934238e+00 2.659679182148604326e+00 5.711372859466206364e+02
3.540212363984786199e-11 -2.763898740434494883e+01 2.040267917912088613e+00 1.353097271847678140e+00 2.773777511150563591e+00 5.786930346084676785e+03
3.760169793442718521e-11 -2.757621000530480160e+01 1.976956604661397110e+00 2.475153979860833076e+00 2.254390575408903530e+00 6.202763987226226163e+02
3.754231716874995042e-11 -2.757529045793182121e+01 1.370223002936939993e+00 1.425214523448169679e+00 2.526541863485016748e+00 7.371652286400553749e+03
3.861611733081308781e-11 -2.754458947575906791e+01 3.402469608005080026e+00 1.713130471310089664e+00 2.375195146396980928e+00 4.348878961976025494e+03
3.854049919261709714e-11 -2.754404959702446476e+01 1.403060251913293754e+00 1.542836484331567615e+00 2.499496164191286063e+00 5.973049482732724300e+02
3.916200741329203551e-11 -2.752555213433236148e+01 2.318863315674677850e+00 1.087564316239752138e+00 3.018878875989033705e+00 1.828450433618388706e+04
3.946558531520397525e-11 -2.751533017821315141e+01 2.780579769749785601e+00 1.566477775051948074e+00 2.215460995534114463e+00 3.899630749493201165e+03
4.161350844695882522e-11 -2.745983437567256047e+01 1.543507240389373480e+00 1.861419397619929361e+00 2.397842335694524873e+00 2.716634531741377714e+02
4.431904247295109216e-11 -2.739434477515811750e+01 2.806481526332113230e+00 1.200661611277620278e+00 2.218330300270752176e+00 2.455270350662501642e+03
4.454638346335526582e-11 -2.738672824116370208e+01 1.387202241408516334e+00 2.470158485444213348e+00 2.770693175426111488e+00 2.560364616414230113e+03
4.462276437812204508e-11 -2.738251507163597154e+01 2.236741602494683345e+00 2.296723831109996894e+00 2.224067343940044239e+00 2.551281274079103412e+02
4.535955715747526049e-11 -2.736363831598199425e+01 5.407717984294152735e+00 1.770318640940700572e+00 2.712514156519015174e+00 7.424133353042794624e+04
4.698968219209079769e-11 -2.732583116272913415e+01 3.475976554168882959e+00 2.171487284005600760e+00 2.313289832103917476e+00 8.425036257365367783e+04
4.822047159976249913e-11 -2.729747555963709615e+01 2.691002928598928534e+00 1.401311933114908426e+00 2.214473578163156375e+00 1.869025621882236919e+03
4.972099629096981846e-11 -2.726433190803744822e+01 1.369112958449459683e+00 1.499818328376216758e+00 2.882376042211458156e+00 7.932738865048389926e+03
5.230534896900796108e-11 -2.721116057192837445e+01 3.014727860084308375e+00 1.144520959801836657e+00 2.405687131537863177e+00 4.330325103048659366e+04
5.278007825731443747e-11 -2.719962539872975782e+01 3.335453511707584973e+00 2.496604246543195238e+00 2.318733380216821960e+00 4.511733195639484620e+03
5.755355421301570074e-11 -2.711054332055361371e+01 2.760035592637533952e+00 1.201898091331374596e+00 2.787811269227410627e+00 1.465743964878904444e+04
5.983763154242070707e-11 -2.706912445946787926e+01 2.444414708920773283e+00 2.093826739018731509e+00 2.216565096686081482e+00 2.182732026299734116e+03
6.344395937967351699e-11 -2.700810222572528119e+01 3.342320644410092800e+00 2.170524367431104107e+00 2.395976571893546847e+00 1.026767382960499162e+03
6.496272783446789774e-11 -2.698194552501414023e+01 2.306646130951981011e+00 2.004012036769307059e+00 2.240207381120845387e+00 3.169894327514673932e+04
6.611125116329038693e-11 -2.696192026586808055e+01 3.238550462748813974e+00 1.366120535309730988e+00 2.283841735406784590e+00 2.530874844278900468e+02
6.892401231833640887e-11 -2.691775458550726796e+01 2.636869877864024048e+00 1.416606745221983266e+00 2.217614437665571536e+00 2.780626728051021018e+03
7.401090586317091513e-11 -2.684404675363691695e+01 1.415280777597812234e+00 1.608746813758656913e+00 2.633756273239323598e+00 3.013120871567210270e+04
7.643417905264221684e-11 -2.680932924658015182e+01 2.365186341228210587e+00 2.316707051926516492e+00 2.726964428651342587e+00 1.130019940755049902e+04
7.938907643762484650e-11 -2.676889843007531056e+01 2.550602980030219680e+00 1.737805581409924249e+00 2.739058002747541742e+00 1.139788654987403606e+04
8.244648743599219732e-11 -2.672860976676650679e+01 1.337786480403735379e+00 1.586075592484933683e+00 2.613629823108985839e+00 1.764214085976691194e+03
8.743009309001786313e-11 -2.666741967458163387e+01 4.137531797930157573e+00 1.136359516460302865e+00 2.925255548064003452e+00 6.981467132483303430e+04
8.973645249792201488e-11 -2.663888214363521101e+01 1.340072884777215201e+00 1.022593426571124064e+00 2.737647705975410961e+00 3.009205272232180505e+03
9.114506319083004053e-11 -2.662080687422691128e+01 1.354281563733631177e+00 1.264317753902368668e+00 2.734662728180782487e+00 2.149671185245533138e+02
9.492990741415053377e-11 -2.657762040992487584e+01 3.726986412828491524e+00 1.281868525618369059e+00 3.082307325394992858e+00 7.769951075277762720e+04
9.795620953757340261e-11 -2.654373867515772289e+01 2.646454717600303042e+00 2.402467544313668046e+00 3.134691806216793442e+00 5.240462647862057929e+04
9.969540212980413887e-11 -2.652363965366032161e+01 3.639324774520065642e+00 2.133431795017031174e+00 2.850097551315020183e+00 4.305647131422066741e+04
1.006082161504087644e-10 -2.651202528670562941e+01 1.946381338260930516e+00 1.020990249929538907e+00 2.273064173512451269e+00 1.447938281824689852e+02
1.008303323649116062e-10 -2.650731998582197591e+01 3.496226343666891001e+00 1.387818083137554837e+00 2.355140984331472342e+00 1.167412114220218609e+04
1.030979309241378177e-10 -2.648257989032109805e+01 1.922930175983114554e+00 2.155165015037280085e+00 2.345438313604529146e+00 6.136708756446288317e+04
1.048361837907874673e-10 -2.646336023503567247e+01 3.306089675570690112e+00 1.368705995409873477e+00 2.404622506335362786e+00 3.622169089167417155e+02
1.082142663498001416e-10 -2.642914600312911944e+01 4.092256526887344315e+00 1.773758945125647690e+00 2.453162670186466165e+00 3.630362212256130442e+04
1.159607368467031779e-10 -2.635750755416041358e+01 2.439513842524769771e+00 2.472873768145475548e+00 2.224885108141444690e+00 3.326916185080287505e+03
1.260780121778100031e-10 -2.627135835288249410e+01 2.871942510719813324e+00 1.707108357685801492e+00 2.742580683417609855e+00 1.608777235606701834e+04
1.265979250584782494e-10 -2.626474309267926799e+01 1.348032611286142934e+00 1.594465112352219549e+00 2.616721502642302521e+00 5.225735019998148800e+02
1.283316650423786948e-10 -2.624864116664617342e+01 2.628884230797881028e+00 1.434738073320960261e+00 2.225439532938921161e+00 1.000128363765226283e+02
1.354865930033019821e-10 -2.619188652171224163e+01 1.409836472924128614e+00 1.451137552685248799e+00 2.527150242841981864e+00 1.136995599021229282e+03
1.464264115088591609e-10 -2.611173622077437884e+01 3.327528232275600129e+00 1.471000201515311634e+00 2.789049664433158160e+00 7.683221485082927393e+04
1.463781890084987357e-10 -2.610956560426569695e+01 3.216497392532412736e+00 1.628925981017375957e+00 2.296646855270495280e+00 2.827329414022624405e+02
1.463088887443842416e-10 -2.610753914936335818e+01 5.986181492311136942e+00 1.110336301920769930e+00 3.226399321348369043e+00 7.417447691762770410e+04
1.511542909784972250e-10 -2.607245810281379050e+01 2.824377481736935813e+00 2.003724840287702147e+00 2.236226295579966994e+00 4.762065339207904913e+02
1.535975816682075730e-10 -2.605392313626955314e+01 3.554539217498239534e+00 1.611032320339347290e+00 2.335603039528234781e+00 1.900415053938162964e+04
1.538760855100494382e-10 -2.604961157353923440e+01 2.950427682650173633e+00 1.697509643272155477e+00 2.243504138749401466e+00 1.276859850822036606e+04
1.582912588779525379e-10 -2.601882246586082204e+01 1.346671704087989418e+00 1.441777037210528523e+00 2.692784124180001459e+00 1.078827484813750289e+03
1.609335170071273385e-10 -2.599976787065335060e+01 4.181080519718432420e+00 1.433793949003114854e+00 2.779514670981563018e+00 3.277286615392726526e+04
1.726846500639053642e-10 -2.592679211339427781e+01 1.800697146125672887e+00 2.150861162760315359e+00 3.272327223107724059e+00 8.310126401589126908e+04
1.732641505795099508e-10 -2.592094190055036051e+01 3.228668688975028900e+00 2.058054513713015510e+00 2.287713852008745885e+00 1.336946274646774691e+04
1.747866263387444216e-10 -2.590969326057664190e+01 1.714750158475024877e+00 2.271031260950058694e+00 2.428756195861575762e+00 7.434551384172664257e+04
1.978539439001220988e-10 -2.578323011108997775e+01 2.569363976719950760e+00 1.817537780590990248e+00 3.080869525678192389e+00 9.036948649927915540e+04
2.018509103958065967e-10 -2.576072985496366385e+01 4.108239760245522731e+00 1.276193754557581883e+00 2.864331424943387550e+00 7.242635895741001877e+04
2.021376165869405371e-10 -2.575681047683721303e+01 1.741483624820953313e+00 1.742778286913883701e+00 2.794040986057275244e+00 5.446515644914437871e+03
2.032215207087300507e-10 -2.574896259341555549e+01 2.362431051026009143e+00 1.414823059043243569e+00 2.662301113623964710e+00 1.853583959774854065e+03
2.153438592568661415e-10 -2.568852311659394161e+01 2.758615625891288392e+00 2.358100968323952884e+00 2.237179288021397205e+00 3.832771688709448426e+03
2.171231701228543930e-10 -2.567779441574469246e+01 3.880761982015653810e+00 1.445407689938759788e+00 3.485229356766464726e+00 4.860376072814709914e+04
2.170216151199360697e-10 -2.567576225508411270e+01 4.002909146599886725e+00 1.988043101154355785e+00 2.480568966191006197e+00 3.979785348621562298e+04
2.188368017050313932e-10 -2.566493295818681730e+01 3.123232385102190811e+00 2.108501994814490743e+00 2.280190608376574612e+00 5.515603411508104728e+03
2.204262715422586199e-10 -2.565519594296145911e+01 2.908868417416369034e+00 1.490586335292435116e+00 2.248670963197854533e+00 4.679887578049344484e+03
2.285616258677525401e-10 -2.561645334108726146e+01 4.993189057883476778e+00 1.782925593089080829e+00 3.097515782715844157e+00 5.892114983941626997e+04
2.283863691481974622e-10 -2.561472041624706719e+01 1.507749292734222202e+00 2.003783050975421531e+00 2.454944802408984827e+00 2.199960226992213848e+03
2.288220570014775089e-10 -2.561031455467391638e+01 2.346814621271395840e+00 1.320134416791419740e+00 2.664256316045525708e+00 3.830131406109605905e+02
2.377188020749857844e-10 -2.556967074125269335e+01 3.511573768819047814e+00 1.647044023059329731e+00 2.717732466928463708e+00 8.776030168686885736e+04
2.397141009268459569e-10 -2.555881224540539876e+01 1.750098940855040919e+00 1.824700926018897551e+00 2.342152248494273170e+00 1.436611554080541828e+04
2.410490017936552883e-10 -2.555075897274441488e+01 1.255080604417879053e+00 1.416867674998839588e+00 2.943941544286987622e+00 1.255514279058492139e+04
2.435208082130765081e-10 -2.553805681896615098e+01 3.158459738807203987e+00 1.939978292127551018e+00 2.303058642562322511e+00 4.778203770577297837e+04
2.636073886568148548e-10 -2.545629838047022631e+01 2.511945428279120929e+00 1.313777201865343081e+00 2.288242927806023452e+00 2.790947379973163697e+04
2.676968287546728759e-10 -2.543840410832113008e+01 2.970559432147356294e+00 2.032975434847503760e+00 2.259367525438101154e+00 1.128611861161339363e+02
2.787410711755400978e-10 -2.539547592190752923e+01 3.263403498435073491e+00 1.172952389250886851e+00 2.393348217579073900e+00 6.013637855720460266e+02
2.883759726416028666e-10 -2.535899412318727286e+01 4.862992468140706848e+00 2.155919929316655992e+00 3.191352504565053483e+00 8.293990808843536070e+04
2.887749774617765227e-10 -2.535511145238453068e+01 1.371377667565814917e+00 2.288376624400151549e+00 2.615410291527552111e+00 2.912302890862581535e+03
3.052382520229572312e-10 -2.529716658667266671e+01 1.614021112260437540e+00 2.053546875654044257e+00 2.763578735611784687e+00 4.027120640404694427e+02
3.272397938280728584e-10 -2.522506599589906173e+01 2.544358347475360382e+00 1.657070976854431166e+00 2.237124300352428374e+00 4.912562188582176532e+03
3.369850702618301176e-10 -2.519322058503425410e+01 1.599025389633028205e+00 2.012499990978637854e+00 2.762684199652502226e+00 1.766522673437168123e+03
3.519968173859505222e-10 -2.514713707847154467e+01 2.435952309286291140e+00 1.306135522696062701e+00 2.643426172121333018e+00 2.431121473017491610e+02
3.689045819862611076e-10 -2.509772118731310542e+01 3.226014603842079165e+00 2.054437567899880079e+00 2.331665702585783428e+00 6.085051436435132928e+02
3.721616630850660339e-10 -2.508643087445451769e+01 2.939995166635360757e+00 1.909130874213330609e+00 2.647976496354648823e+00 1.385191085419370938e+04
3.759864463462430078e-10 -2.507370611672287097e+01 1.356100003800349230e+00 2.277554677004176575e+00 2.611343524971028618e+00 1.143587570166361729e+04
4.312604326527719677e-10 -2.493404705280001821e+01 6.438553847830951860e+00 1.375719451979837249e+00 3.155468081761309218e+00 7.461256854688501335e+04
4.325654850859097215e-10 -2.492852548699781678e+01 1.377969558539745121e+00 1.663490000121269574e+00 2.696227283049862589e+00 2.863528928115376402e+03
4.416531012418178459e-10 -2.490523447740052276e+01 2.554413163058348424e+00 1.072160358940413616e+00 2.256500813818759443e+00 1.713834965635374829e+04
4.460761568493830740e-10 -2.489276951980085784e+01 2.878921183885181367e+00 1.093353793341086178e+00 3.079090864181890375e+00 6.239026230969777680e+04
4.457947470484740243e-10 -2.489090057483139873e+01 2.233779523360817532e+00 1.109679872625772612e+00 2.374858539971251847e+00 3.232424854449459963e+04
4.505588914052847464e-10 -2.487777041946685941e+01 2.619268369058980639e+00 1.619937689175448448e+00 2.242144559238890000e+00 6.035287609960975715e+03
4.566962354837962413e-10 -2.486174073521906891e+01 1.405690798139349829e+00 1.477967983889758585e+00 2.718887484709878954e+00 2.262133206524265006e+03
4.581192532351463733e-10 -2.485612968404724299e+01 1.512887408551998769e+00 1.680377081372935066e+00 2.464733558335434616e+00 6.851180422817802537e+03
4.780194907921105041e-10 -2.481110770513571850e+01 3.944297943833141140e+00 1.396735193193711311e+00 3.026263457921187339e+00 8.168554024872381706e+04
4.987766906965996557e-10 -2.476610073055823946e+01 5.621814503825930842e+00 1.538290122095869572e+00 2.875958066140428926e+00 6.956630999843424070e+04
4.993743172162189966e-10 -2.476240326326863084e+01 4.073080696687834568e+00 1.696940423263661568e+00 2.689262361118601508e+00 3.328056755557005090e+04
5.239846107509313573e-10 -2.471179689741773799e+01 1.529686463566706234e+00 2.369790922412144951e+00 2.458277049675049231e+00 2.774631350398841278e+03
5.322501715425677962e-10 -2.469364558644106111e+01 3.356131282668478377e+00 1.508211562546920570e+00 2.391639192855119944e+00 9.032278036036099365e+03
5.536483559046149116e-10 -2.465172946392914710e+01 1.357129936105139434e+00 2.235424483602462598e+00 2.666553341858641790e+00 6.871263673615691005e+03
5.602460083052575894e-10 -2.463738322470151232e+01 2.711225703965847611e+00 1.309239255713841033e+00 2.580228677482794275e+00 3.073507699180411237e+02
5.618046433652242154e-10 -2.463210503271854890e+01 1.652250473028135325e+00 1.185862496491346230e+00 3.354606052060726373e+00 4.847372997907897661e+04
5.802910655924812011e-10 -2.459722939762088600e+01 5.213026812894119288e+00 1.102473392017812692e+00 3.351927137514819410e+00 7.523975522198961698e+04
6.135983245979239593e-10 -2.453891869290893268e+01 2.119300812558926328e+00 1.150929361763761039e+00 2.697114301732924879e+00 1.956414087027673077e+02
6.148326455867506735e-10 -2.453440910273385001e+01 1.651956881011948708e+00 1.213868689539318702e+00 2.754115933625208346e+00 1.389079834094992520e+03
6.135519792990998262e-10 -2.453399422611574110e+01 3.072259534211801757e+00 2.095989640143505639e+00 2.575861209226379067e+00 1.397321302625178760e+04
6.350643734868508365e-10 -2.449703284318719909e+01 4.270302594479401748e+00 2.175045066936361238e+00 2.642477812809557847e+00 7.271144461192932795e+04
6.484050393593355547e-10 -2.447374365068868229e+01 2.587230103406255033e+00 1.604738905166674723e+00 2.246757019658744081e+00 2.915566377319851199e+02
6.532967462014023791e-10 -2.446372775123536059e+01 1.417226504303701118e+00 1.980274135218403009e+00 2.714122475205238416e+00 1.508262222991012322e+02
6.538835018929438944e-10 -2.446033000858387041e+01 2.858366611233839727e+00 2.433661638257929027e+00 2.542085939703087050e+00 1.234413798563532652e+02
6.580727832208284720e-10 -2.445144367450579637e+01 1.777168014177477495e+00 1.033487948163499759e+00 2.347096952344303933e+00 8.376814654925779905e+03
6.858795323961516609e-10 -2.440755720895867853e+01 3.083785811901361917e+00 1.470515574419211324e+00 2.470862899843756733e+00 2.535648297735920949e+02
7.023243137679237841e-10 -2.438136392974378452e+01 3.061515410367285916e+00 1.674487545881393036e+00 2.478896980660965976e+00 1.298297982019013943e+03
7.174614562990726665e-10 -2.435753998576454293e+01 3.131686744609507578e+00 1.821908868654112057e+00 2.449141453620057529e+00 1.023192748131773442e+03
7.285778761918011292e-10 -2.433966469321861226e+01 3.245743065476820011e+00 1.015211202246120603e+00 2.362188025376231959e+00 5.410669229790266400e+03
7.962461770850523909e-10 -2.424835080678580468e+01 1.873554503255256076e+00 1.543515076149400311e+00 2.731549289387521284e+00 2.493321501528515967e+02
8.369159292573096895e-10 -2.419603559000911375e+01 1.340835585038782085e+00 1.466227711903732800e+00 2.758888222533871115e+00 2.646840682097070385e+04
8.601314391373079140e-10 -2.416617399873612015e+01 1.877606830090914558e+00 1.762477708600263204e+00 2.319330783338100499e+00 9.522966985818501371e+02
8.864444274080976660e-10 -2.413354077660119046e+01 3.782834921024222030e+00 2.097494560057019619e+00 3.339504365180185452e+00 6.290322955561029812e+04
8.937150443429522865e-10 -2.412287223049289508e+01 3.058887599172548821e+00 1.833189633939179997e+00 2.475490780415995129e+00 1.553492228080943391e+02
9.073202997805762993e-10 -2.410526368275120035e+01 3.184100225764900483e+00 1.960774761079030704e+00 2.425426248091003600e+00 8.669593546212233196e+04
9.085835153586510620e-10 -2.410137240225351007e+01 3.732117059398623926e+00 2.093221732688046011e+00 2.428440337911813351e+00 4.316497178024519235e+04
9.825398355555274577e-10 -2.402061832449540546e+01 1.475113467371987452e+00 2.180510843982565561e+00 2.512229539162327718e+00 8.656220755253396419e+03
9.823817817812539797e-10 -2.401827919989442606e+01 3.867666760258441361e+00 1.027251665690330329e+00 2.601928641992652835e+00 4.838118600912702095e+04
1.004869305053925942e-09 -2.399314644519741435e+01 3.168825457769475218e+00 2.279875426279540207e+00 2.342941987167170392e+00 5.646418492519321717e+02
1.041923836816020729e-09 -2.395443508613648831e+01 1.619865582065878939e+00 1.690053084828354812e+00 2.418050810216085811e+00 2.503601434330390475e+03
1.061041718768952898e-09 -2.393375275443597872e+01 3.178747103507288507e+00 1.610118759632108043e+00 2.807440182011179619e+00 8.113867965017560346e+04
1.096503280457169923e-09 -2.389837765290511129e+01 1.499814040620568445e+00 1.731480390146920900e+00 2.492183186833384134e+00 9.757082040005165254e+03
1.101793862815279237e-09 -2.389106429763252848e+01 1.356073691356560751e+00 1.883286174923308076e+00 2.683612961116367934e+00 7.580806962881210893e+03
1.171793349315493129e-09 -2.382696858103101789e+01 1.281704207654506211e+00 2.276397261487932422e+00 2.841289263585976332e+00 1.724322731634718366e+04
1.218001081313828529e-09 -2.378579287646394391e+01 1.488069679900247744e+00 2.259877553956366469e+00 2.505198104915955071e+00 1.635720353072673788e+04
1.268371561896944509e-09 -2.374277009055209930e+01 2.780812033525268845e+00 1.651012876402319085e+00 2.265286876409045913e+00 3.890003356165466357e+02
1.295425298056623000e-09 -2.371916487680676511e+01 2.555117040304716536e+00 1.682271807094734672e+00 2.676061824602458561e+00 6.997404797184231575e+04
1.299896740632645086e-09 -2.371321910249928422e+01 3.291605331918947108e+00 2.241486598125644658e+00 2.388113325850981461e+00 1.868414571211358634e+04
1.298386861173681373e-09 -2.371188131560633039e+01 1.592964230155436978e+00 1.787795671017652355e+00 2.744360760527618126e+00 4.698275260681717782e+02
1.429217343102156936e-09 -2.361337695160376882e+01 4.335589239606747469e+00 1.718935664047435141e+00 3.369228493880332742e+00 5.621543450876900897e+04
1.443965663674117110e-09 -2.360061067196055618e+01 2.939201041353987964e+00 1.595146361491125653e+00 2.285144708390789425e+00 2.618518722555919339e+03
1.505569275250403266e-09 -2.355633285086902617e+01 3.083320022673913030e+00 2.314136841939446576e+00 2.318175483084996547e+00 5.555262540994377559e+03
1.533454964965591359e-09 -2.353548059687100391e+01 1.142459466687283376e+00 1.773365041534141318e+00 3.402752029998027616e+00 3.298830670882625418e+04
1.612345284563085379e-09 -2.348281411600268953e+01 2.991027079602012417e+00 1.581401786065167236e+00 2.296515187019577908e+00 1.962902253764868874e+02
1.620203401630417342e-09 -2.347545223560473104e+01 5.267055121661813999e+00 1.232615898029575607e+00 2.993833967940470409e+00 5.426294622484337015e+04
1.648980606182057570e-09 -2.345534665097805416e+01 1.698018755463974516e+00 1.843931875468054926e+00 2.389598026094445160e+00 1.232449094030323380e+02
1.679957118936032371e-09 -2.343423566488286980e+01 3.141410997577560593e+00 2.404738739623810240e+00 2.350921675457184445e+00 3.323046375886771102e+02
1.739042305964712060e-09 -2.339716937069892211e+01 1.435968213481063849e+00 1.734653922191885522e+00 2.687755195461053681e+00 1.318228819360205648e+02
1.736347139144658834e-09 -2.339622037233652918e+01 3.484119403225212963e+00 1.724616086367628975e+00 2.496781568845630961e+00 1.742861041213653516e+04
1.766873508161382683e-09 -2.337629232840146543e+01 3.111446067792165593e+00 2.212514069820610718e+00 2.333157995435783505e+00 4.730058771429930857e+03
1.925642558256467268e-09 -2.328774422499049024e+01 4.799256259636006661e+00 1.171258421276153427e+00 3.181413437333939775e+00 7.325543299430352636e+04
1.931408092219077454e-09 -2.328225461516716166e+01 1.638141124733149656e+00 1.142550509196078146e+00 2.420876258854851582e+00 6.565063388224520168e+03
2.474390852894538265e-09 -2.303200968784391023e+01 1.548823827430511946e+00 2.425673650266275239e+00 2.481589433647195087e+00 2.775137508464458733e+04
2.562603118946046647e-09 -2.299448034833466892e+01 3.115127124255654856e+00 2.267818272823613146e+00 2.415642509841426033e+00 7.434054051663570135e+02
2.573974118334509995e-09 -2.298755287944316095e+01 2.319790053559906085e+00 2.308115447476337678e+00 2.648503693844064699e+00 4.318337497774248845e+02
2.588948290426508253e-09 -2.297925220575729810e+01 3.111646301081004928e+00 2.360973727512583054e+00 3.342418736149588288e+00 7.277957670793696889e+04
2.621528342585543868e-09 -2.296424644896653788e+01 2.034313965342736452e+00 2.353972478630894205e+00 2.303213913145422786e+00 1.471880086199585548e+03
2.616385286968630182e-09 -2.296371022982795296e+01 2.948702339918572779e+00 1.853749649208606298e+00 2.298752679672765531e+00 1.182485316630730949e+03
3.016631970521475794e-09 -2.281886296603645903e+01 4.990714481095738897e+00 1.678735701361194321e+00 3.208094515251404211e+00 5.995008533543856174e+04
3.030448907202573104e-09 -2.281179317078964885e+01 2.537319727002742553e+00 2.482428399717636847e+00 2.602736534881914032e+00 2.694680614036265524e+03
3.032850326941515761e-09 -2.280850105423007079e+01 2.696367663205380349e+00 1.612872872602450380e+00 2.817400025465897517e+00 1.807258649624073587e+04
3.219454876783573439e-09 -2.274629188122915124e+01 1.822571164463189008e+00 1.505144292770283609e+00 2.355610095742988186e+00 4.144549728688221876e+03
3.265457241218634450e-09 -2.272960413735393104e+01 1.529749132107287135e+00 2.147097742431081535e+00 2.720300776727008429e+00 1.231492735538692841e+03
3.343728614620060771e-09 -2.270341739751536281e+01 1.911672154968566462e+00 2.349978661810089076e+00 2.331941573279913804e+00 2.275486974404168450e+03
3.391494353668404963e-09 -2.268673329697471885e+01 1.522315501319708053e+00 1.710400584003015645e+00 2.513628416268085530e+00 4.500015481162631659e+02
3.394236458320986316e-09 -2.268342509963302334e+01 5.092447496855672107e+00 1.034353366329399559e+00 3.270107337146621607e+00 6.730274058263366169e+04
3.428333892401550627e-09 -2.267092953601976291e+01 1.990716065497851073e+00 1.411650038480844582e+00 2.891258289429381456e+00 5.216657627271888487e+04
3.478960321824732232e-09 -2.265377044247649607e+01 4.476267789275309994e+00 1.135233903631885033e+00 3.465922414186992206e+00 7.297517970723609324e+04
3.602931565584961789e-09 -2.261625609567549589e+01 2.453870335333348418e+00 2.046704196452051594e+00 2.271208038056807599e+00 2.152632310843040386e+02
3.824633927821095204e-09 -2.255404117597578662e+01 3.074652511247594866e+00 1.623992070473823324e+00 2.347860075533474422e+00 1.947977975987341324e+03
3.954091469741646756e-09 -2.251825307557827216e+01 5.435995784579529477e+00 1.453789745907869690e+00 2.940755789944242693e+00 6.889429748431264306e+04
4.098032907546675878e-09 -2.247999685359693700e+01 4.458843288994780885e+00 1.415317284023419386e+00 2.947503986972388024e+00 7.796681110377598088e+04
4.403343859208468438e-09 -2.240563971323276604e+01 2.365075520724897906e+00 1.598775176020558630e+00 2.829870958089272026e+00 6.437117385901607486e+04
4.410546356360142006e-09 -2.240150536141336346e+01 5.724535481287540861e+00 1.213445337650343347e+00 3.437921833463421173e+00 7.634780501774043660e+04
4.629840923952041671e-09 -2.235048142369928925e+01 2.897186415683653760e+00 1.455676342034326165e+00 2.503729038030318321e+00 1.023759587427865199e+03
4.760886915604282420e-09 -2.232006995583517650e+01 1.180250444299568935e+00 1.833337187592458006e+00 3.275241162070100742e+00 3.228731233234666433e+04
4.883983889713305075e-09 -2.229204267587092758e+01 1.587576977610173135e+00 1.355829423254256927e+00 2.722487220977716227e+00 6.354493085216350892e+02
4.957176958167828176e-09 -2.227466751648630350e+01 2.771360178202616265e+00 1.184564296083147061e+00 2.287192519646571220e+00 1.570024363682798310e+02
5.061134487877748011e-09 -2.225141326827026234e+01 3.046006658683138912e+00 1.111173891941467762e+00 2.344785878620806230e+00 1.047784584806879593e+02
5.382546942444704802e-09 -2.218734226200227866e+01 1.529502519346150446e+00 1.651204202911542795e+00 2.712859039611877687e+00 2.778604958814255497e+03
5.744194730222605440e-09 -2.211981420085701444e+01 1.483566419294098049e+00 1.306835006582067082e+00 2.678671936468743020e+00 4.365948892202862908e+02
5.866985944153256000e-09 -2.209616289933543598e+01 4.305812475084945135e+00 1.217775690427651991e+00 2.805164971079618041e+00 6.036011682145585655e+04
5.950832268088509469e-09 -2.207947284676411570e+01 2.683908591531031451e+00 1.032010817158140581e+00 2.560814743337371358e+00 2.214696745476032447e+03
5.944515764680722053e-09 -2.207803485923891884e+01 2.641559862864721442e+00 1.285648204898004909e+00 2.571187951557981854e+00 5.276230794133547306e+02
6.021457874745229770e-09 -2.206267453164300463e+01 2.392393748952691190e+00 1.220737300016943028e+00 3.355539667817819538e+00 5.944340701831602928e+04
6.263907708564127850e-09 -2.202069970857590420e+01 3.411426488435584048e+00 1.156326441778630976e+00 2.375714408932630306e+00 1.812102689173325052e+04
6.585524735446016946e-09 -2.196812991503276535e+01 1.863305682622956150e+00 2.460159552359235668e+00 2.356079234993235350e+00 5.558873084057276174e+03
6.581961564979056333e-09 -2.196617112243904302e+01 1.466927799967213009e+00 2.141625983705804259e+00 2.986809144907632607e+00 1.826838379029741918e+04
6.665253953228592981e-09 -2.195109587811474228e+01 1.649273625974305491e+00 1.759687442596960194e+00 2.459689510735206142e+00 2.099219326951125186e+04
6.672774693812907967e-09 -2.194746816403039347e+01 1.713289515809032437e+00 1.333165139731436355e+00 2.958335788977761283e+00 1.389136788839654764e+04
6.857678457465172021e-09 -2.191763496634683150e+01 2.357746363659167788e+00 2.463388559190335059e+00 2.645636799657010485e+00 7.494070093095028824e+03
6.875792466582377914e-09 -2.191249702875311556e+01 3.030224106345771329e+00 1.372151614097487204e+00 2.436049196348443857e+00 1.963155102982863980e+02
6.965724760097771838e-09 -2.189700227426722989e+01 1.502513256836060851e+00 1.288369741876990826e+00 2.563419923148762880e+00 1.875334003446700422e+02
7.046005458441557596e-09 -2.188304307892413192e+01 2.526565252269201700e+00 1.626161808411649590e+00 2.388657357142113469e+00 4.182128236920436757e+04
7.722136771754336607e-09 -2.178891282388435968e+01 2.108391987526057498e+00 2.136824267205607697e+00 3.442620387170337359e+00 4.355253059689142538e+04
7.789297368387236493e-09 -2.177775327432742714e+01 2.959974873043065724e+00 1.098734512713456013e+00 2.480373501224128141e+00 3.430698437115462639e+03
8.069549484159922190e-09 -2.173990627880840876e+01 2.792715151615459579e+00 1.049148526268268933e+00 2.298537695815900950e+00 1.066059790708560058e+03
8.166798479929643549e-09 -2.172542696437757925e+01 3.308643698654485377e+00 1.583630914742111706e+00 2.423979105226190089e+00 4.500377872440906503e+04
8.406946034154502326e-09 -2.169394566055300899e+01 2.349589617936882036e+00 1.380146769148014707e+00 2.727405400586047968e+00 9.293367352681878401e+03
8.689348697995049422e-09 -2.165840594550798315e+01 1.694695597141002930e+00 1.822428153297293019e+00 2.718217559097556801e+00 1.917901849043610582e+03
8.926639055866122754e-09 -2.162896397500882628e+01 2.985190652986454030e+00 1.156579125654828344e+00 2.339240239550770095e+00 2.750294264127051520e+03
9.064728247271820041e-09 -2.161111306801007004e+01 2.148021653820527010e+00 1.270052271088319529e+00 3.464342805480489673e+00 5.718164800822079269e+04
9.122224117600756543e-09 -2.160229028663133732e+01 1.986597811929362356e+00 1.405529866784804849e+00 2.694595586279556532e+00 2.658928311992738145e+03
9.241004164538123110e-09 -2.158685337796483239e+01 2.860145204896196169e+00 1.224505430390206762e+00 2.310603248244919694e+00 2.554414099150837501e+03
9.549846646930444652e-09 -2.155147883707877909e+01 4.576757483486722400e+00 1.660435532682344562e+00 2.815687751372729419e+00 8.788832414443825837e+04
9.984048066099576600e-09 -2.150451530760110330e+01 3.055866046142001746e+00 1.226812451100077972e+00 3.112904113017687102e+00 3.002437745313853156e+04
1.005708438808795970e-08 -2.149472663312210230e+01 2.856376809027213248e+00 1.268586042038133854e+00 2.503608016997204810e+00 2.627803658209463151e+02
1.035441098652431950e-08 -2.146309132233506034e+01 1.351392261165057951e+00 1.049677708476816740e+00 2.815711558305482143e+00 1.087459664816483019e+04
1.056233063430861959e-08 -2.144070997559637703e+01 1.504314933468235971e+00 1.219914555255499078e+00 2.585440686560083190e+00 1.172059273584548578e+02
1.064246353768678955e-08 -2.143065194091927950e+01 2.144421847482650190e+00 1.702476576675247655e+00 3.253891365972282124e+00 2.901240537563781618e+04
1.129006051635216621e-08 -2.136908119520933269e+01 2.015942415166394053e+00 1.439846706530414355e+00 2.329727053457244512e+00 9.238009299570441726e+03
1.141827812109926750e-08 -2.135528851815658413e+01 1.885283920290603543e+00 1.809556073875112636e+00 2.359497448885852666e+00 8.073919992146345521e+02
1.143048261680162189e-08 -2.135172023292194154e+01 1.958269351754152510e+00 1.701401936651287805e+00 2.492484309112451779e+00 4.073851618711351330e+04
1.142491994640884652e-08 -2.134970700365260399e+01 1.791687881998753618e+00 2.291752833707085824e+00 3.456359068360625564e+00 4.572956936241654330e+04
1.155586603536365666e-08 -2.133581074364031238e+01 2.455472877430150191e+00 2.449213857797362337e+00 2.289083746492510230e+00 2.408410225900695423e+02
1.170215632650033866e-08 -2.132073080729686865e+01 2.862240057966779716e+00 1.019734836919275356e+00 2.596774544390656914e+00 8.961723505059135277e+03
1.177558942184760568e-08 -2.131197523782265790e+01 1.820917762792149786e+00 2.407447115812309413e+00 3.222591030841656767e+00 4.192287390346361644e+04
1.188295441166485628e-08 -2.130039896266206867e+01 1.506385597481742611e+00 1.709890314719963555e+00 2.577179841345371702e+00 3.796275883861154398e+03
1.201910707479617501e-08 -2.128650629380438630e+01 3.486745983826946116e+00 1.054897847249887777e+00 3.212355216704516181e+00 3.723059583548033697e+04
1.226470283057658298e-08 -2.126377848517273250e+01 2.404350309987990819e+00 1.204560136980539209e+00 2.319124312423095358e+00 2.172305287272939313e+04
1.245750590803742560e-08 -2.124568060810067749e+01 2.354226630637990425e+00 2.415167991731757891e+00 2.660575084756404696e+00 1.049466926646565480e+04
1.255933294040384918e-08 -2.123503988374023166e+01 2.701188071724566875e+00 1.526501087427446723e+00 2.471232284016390501e+00 4.783604804902862088e+04
1.258066053111113263e-08 -2.123084317718794622e+01 3.398812735568396359e+00 1.959878104313797165e+00 2.485853365285519700e+00 2.068586213990202305e+04
1.271998097241761746e-08 -2.121732987149771077e+01 2.838525460298873870e+00 1.068279727648266952e+00 2.504989456249099966e+00 5.337232272858566375e+02
1.277750955072987803e-08 -2.121031737440475595e+01 2.887952121274332207e+00 1.166976525320726266e+00 2.487196149180048721e+00 1.203413613781512822e+03
1.277438465768069306e-08 -2.120806196629601104e+01 4.215861841005558830e+00 1.240312079983474813e+00 3.047766375100213754e+00 4.216990402047600219e+04
1.293480034280754851e-08 -2.119308255343326763e+01 2.970974402345191834e+00 2.000385392208735791e+00 2.349506685956396890e+00 2.546115159996332295e+03
1.311944975640348486e-08 -2.117640809019150083e+01 1.448629845551500983e+00 1.212996737697502825e+00 3.057623407619614486e+00 3.597577495178036042e+04
1.354061912000785091e-08 -2.114230994183161627e+01 2.641310230418167926e+00 1.940521408396034708e+00 2.946332943067740295e+00 9.481984900715955882e+04
1.361782724587325906e-08 -2.113412417226853535e+01 1.789568054408489761e+00 1.293408328505515348e+00 2.393825845808805752e+00 1.000650787075812786e+03
1.379638637932211821e-08 -2.111859723222756813e+01 2.518613003372627723e+00 1.700672726842610505e+00 2.292231771995699940e+00 1.995159390900246763e+03
1.380914576599518397e-08 -2.111517282421293373e+01 2.440251572858874507e+00 2.403805152363722719e+00 2.292567926785157972e+00 3.440576023032359444e+03
1.398897371685888415e-08 -2.109973450588037736e+01 2.233834035979589849e+00 1.905703692677912731e+00 2.647254530617910717e+00 1.155647626610204100e+02
1.435078791105229184e-08 -2.107169908613759901e+01 3.876405920768718261e+00 1.283644478821751589e+00 2.518456968429965137e+00 3.672603914120435365e+04
1.459272431335772795e-08 -2.105248086372668581e+01 1.786632315309296448e+00 1.770654916100634413e+00 2.396393924828228883e+00 4.657977539958586135e+02
1.490292876313002725e-08 -2.102894617860977888e+01 2.761326934325283755e+00 1.022063719804909621e+00 2.307824934612356937e+00 1.541876818638424766e+03
1.487729599629524319e-08 -2.102816764131679150e+01 2.756847234474996799e+00 1.278960349971488997e+00 2.305835619277038173e+00 4.140534192587201687e+03
1.536740367215926039e-08 -2.099325531203317752e+01 2.662519278453642002e+00 2.016262027023871362e+00 2.299584711515008095e+00 2.758128604023011121e+02
1.553872165487198047e-08 -2.097966885356487055e+01 1.867987231294732320e+00 2.393633136479190959e+00 3.450102924210293853e+00 5.355948669058008090e+04
1.599977648194206578e-08 -2.094792918126586656e+01 1.610999226328198475e+00 1.981376618043525717e+00 2.489548417348034004e+00 1.581381150538422844e+02
1.640665591947196109e-08 -2.092031683228533367e+01 2.585225174547027382e+00 1.406933618996851765e+00 2.600455513971590804e+00 5.506913802150389529e+03
1.648211413590279834e-08 -2.091322813233037436e+01 2.267679827664633940e+00 2.004660363810045531e+00 2.639162782882049196e+00 4.163637023162544324e+02
1.707307179008281895e-08 -2.087550146035943399e+01 2.407563869475485063e+00 1.564719502638144411e+00 3.078000302008786271e+00 2.463783475208194068e+04
1.714885331482689960e-08 -2.086857262426209303e+01 3.036401970346885637e+00 2.090505923699149893e+00 2.478287633468561069e+00 1.037969967730485041e+04
1.750386452726597131e-08 -2.084558224684988303e+01 2.355350277343612131e+00 1.988599250772165039e+00 2.299040863963369041e+00 1.729478341892746300e+02
1.852633817723384073e-08 -2.078631052866828455e+01 1.577711839735943089e+00 2.343953886535363296e+00 2.521701790704082846e+00 9.537764311511873530e+02
1.910321606315517534e-08 -2.075314723238132686e+01 3.906668963192081900e+00 1.074484121934458081e+00 2.956327673516505605e+00 6.033546615092598950e+04
2.021265171033626718e-08 -2.069419520288636249e+01 1.850332955283841896e+00 2.190652761833879136e+00 2.380631908535814745e+00 4.344106714860899046e+03
2.025359924249260079e-08 -2.068967141540084498e+01 1.992253986229829188e+00 1.700992296183999830e+00 2.345517742629266156e+00 1.302243749751479481e+04
2.076298768660856106e-08 -2.066233197004669719e+01 2.238231185126998479e+00 1.552142855701300395e+00 2.642083742455843876e+00 1.618403384687403843e+02
2.117152958051828344e-08 -2.064034659872452337e+01 2.561392752203403678e+00 1.462959605554153386e+00 2.641830730607738431e+00 8.021391900492729292e+03
2.146662737988268288e-08 -2.062400441921861827e+01 1.720735881264504830e+00 2.118875954456653776e+00 2.828783634370105826e+00 1.200545757373928609e+04
2.311889667298241698e-08 -2.054735361262080673e+01 2.951872950342635082e+00 2.434572001414525566e+00 2.436797585689411960e+00 1.050479123092868940e+04
2.320298033619178692e-08 -2.054122320034093008e+01 2.743883296167385577e+00 1.961271590128402575e+00 2.312304083936207899e+00 3.134957590926941339e+04
2.407301467305647052e-08 -2.050191244350081021e+01 2.971829074095018175e+00 2.217124949928702016e+00 2.403771455267261548e+00 2.695532070260995852e+02
2.456853654234378847e-08 -2.047903731155646767e+01 1.533659448105280099e+00 1.516825559060768658e+00 2.600079392787311594e+00 3.773744653168692480e+02
2.591802633997122106e-08 -2.042306520923573387e+01 2.417206034052789221e+00 2.416701965767983573e+00 2.303286277331447973e+00 6.857619208210331863e+02
2.607206392880534952e-08 -2.041463953998717074e+01 3.586876691903318370e+00 1.558555617326451204e+00 3.372990612452186454e+00 4.736960358012520010e+04
2.633748012670945555e-08 -2.040201090896195524e+01 3.666077606939394329e+00 2.041477850519021864e+00 3.476161756425945715e+00 6.472698269315604557e+04
2.663923438729936609e-08 -2.038811882748573012e+01 5.458091209067284844e+00 1.377286017393906548e+00 3.422910929234239674e+00 6.645044215220795013e+04
2.849376077600218358e-08 -2.031831879036163002e+01 2.782883440541064957e+00 1.085964540271947332e+00 2.324890140494772606e+00 3.486861878443193064e+02
2.968117111404427230e-08 -2.027499105798835544e+01 2.292417722152852555e+00 2.454309009961781918e+00 2.285054320135984973e+00 7.401689384832688665e+04
2.971095585156105573e-08 -2.027148807185078638e+01 1.350901479780928893e+00 1.184340165751518903e+00 3.431738338276502098e+00 2.583334450122598719e+04
3.207827240224424548e-08 -2.019232500477912140e+01 4.873659088035140030e+00 1.015085994011124981e+00 3.180306295471176714e+00 5.853259593164734542e+04
3.218908338648357236e-08 -2.018637656372563072e+01 1.983478527377448675e+00 1.564858547209848183e+00 2.354301803450008279e+00 4.767592130123819061e+02
3.255648938710476147e-08 -2.017252721801445148e+01 2.081992999877367190e+00 2.402440145651060455e+00 2.336020279233675279e+00 2.845912859989940443e+03
3.438063802452415720e-08 -2.011551037573286393e+01 2.511607447105209889e+00 1.084651835400059827e+00 2.579720112098915941e+00 7.062333713640359747e+02
3.618238863780515910e-08 -2.006193143479617191e+01 2.688083954708042622e+00 1.738229869620571133e+00 2.879986993639395809e+00 7.623970829445296840e+04
3.699122292253786928e-08 -2.003732326733572577e+01 1.880621042451624314e+00 1.671749092725828945e+00 2.690733646036477467e+00 2.804618479646006108e+03
3.844881245060173054e-08 -1.999617612360478702e+01 1.343729182727144478e+00 1.765994527423649707e+00 2.792956258277080828e+00 2.091422739194854512e+04
4.020548572306917989e-08 -1.994900048644153756e+01 1.723786685237481686e+00 1.064153697259480502e+00 2.445765762645414565e+00 3.665673490611304715e+02
4.374877978652796362e-08 -1.986204021170842537e+01 1.684744312668280619e+00 2.061168625514306019e+00 2.464050900422894319e+00 7.132937015630035603e+03
4.416324882882145047e-08 -1.985011096477347081e+01 2.538025131828654857e+00 1.869052537927209823e+00 2.352610663319666173e+00 3.828240552565584949e+04
4.661259590795836799e-08 -1.979363313046785677e+01 2.119569134944740529e+00 1.715094622946767400e+00 2.812864741711440075e+00 5.893575628021846933e+04
4.809151402253657089e-08 -1.975989819563010741e+01 4.196374557102608094e+00 1.034150475753705223e+00 2.848422202215129762e+00 3.865215110343247215e+04
4.803146741602638799e-08 -1.975864756624725160e+01 3.975294701246813389e+00 1.034284030900003426e+00 3.346115286983069925e+00 6.351459914176423626e+04
4.877592168364600666e-08 -1.974076715055819875e+01 2.234832315473473052e+00 2.381118189479095815e+00 2.323764897480253389e+00 3.239035752904558649e+03
4.880199613653306332e-08 -1.973773271706975763e+01 2.560679653628215480e+00 1.380908586672779936e+00 2.315458283017095109e+00 3.292249391383546708e+02
5.135887296023745382e-08 -1.968416621830913016e+01 2.493077510109501738e+00 2.127465800706163979e+00 2.314628408723439446e+00 6.036542068288687233e+02
5.255953297393343009e-08 -1.965855744497222801e+01 3.147455047397347716e+00 2.146978122084690188e+00 2.374510383250474810e+00 4.572865372662463051e+04
5.276476438478104206e-08 -1.965216030678581305e+01 2.232826543802603592e+00 2.106568919597789247e+00 2.348409355517410368e+00 3.871502072905650130e+04
5.365288253132902366e-08 -1.963296873744631554e+01 4.655972441532421513e+00 1.006035710872035693e+00 3.204689672624108088e+00 5.197756063075824204e+04
5.547719327754159454e-08 -1.959703192916891723e+01 6.179293979802396919e+00 1.714157417509958314e+00 3.126582671874838848e+00 9.328016538803816366e+04
5.536997250443707456e-08 -1.959646649927340434e+01 3.349346284382799244e+00 2.011144880068060914e+00 2.422231449096890810e+00 5.542260616300004767e+04
5.551606977315483065e-08 -1.959133140922500971e+01 3.771423664724435021e+00 1.519635409563754758e+00 2.849987398117527881e+00 7.316574311099789338e+04
5.630733702481197146e-08 -1.957467908671821988e+01 2.002714403133838861e+00 2.025510524159550574e+00 2.360326608342655508e+00 1.756407676988423191e+03
5.751096414248463294e-08 -1.955102832316454453e+01 1.540255632218356485e+00 1.359606845736162750e+00 2.574252549658748279e+00 7.770453832296291694e+03
5.762037956097512519e-08 -1.954662761658176606e+01 3.087987307028531969e+00 2.263625421637860402e+00 2.390274568121190768e+00 3.342104180710420769e+04
5.865281030191870822e-08 -1.952636844309167330e+01 3.485887656786333277e+00 1.145501648566009223e+00 2.488338931098829754e+00 3.581463742642453144e+04
5.997340691347288233e-08 -1.950160268766631333e+01 2.059162466495559674e+00 1.045645593823671060e+00 3.420363560894463362e+00 2.978271976034361069e+04
6.666926222788919556e-08 -1.939325992298907408e+01 2.674655659420935638e+00 1.227510423502879755e+00 2.330067435434533873e+00 1.309013066752420627e+03
6.690513638979990983e-08 -1.938722819221542792e+01 2.695533998219819871e+00 1.264573025335797407e+00 2.370405896514848898e+00 2.846702701494018402e+04
6.738218068115628019e-08 -1.937762333215138355e+01 4.382299954965457545e+00 1.225560425985430912e+00 2.854781166452950103e+00 5.690882433796176338e+04
6.777227702039577774e-08 -1.936935071570733413e+01 1.586476776410411071e+00 1.428909351379791692e+00 3.336961288375251300e+00 4.559649122271557280e+04
6.785806086883000722e-08 -1.936558575004835347e+01 2.600131930953182735e+00 1.643127807965938159e+00 2.547719236682214561e+00 1.484804121889424380e+02
6.963318545382005171e-08 -1.933726267732585669e+01 2.422187938783164185e+00 1.751908140546872827e+00 2.320459366916625576e+00 1.336216291946948559e+03
7.013853237495067489e-08 -1.932753161326001745e+01 2.226430088930189566e+00 1.084939356656405618e+00 3.393404678619739823e+00 3.082216983818451990e+04
7.167562528388177107e-08 -1.930335319792110482e+01 2.971793214321540866e+00 2.154437976579908653e+00 2.702905130872752526e+00 2.590663272468938158e+04
7.164276251844475165e-08 -1.930131179596308044e+01 2.531464731532563128e+00 2.329524891378051077e+00 2.322369929280595269e+00 4.108139315587298188e+04
7.149192743441336961e-08 -1.930091939321871308e+01 3.906199913279603031e+00 1.521899273026253496e+00 2.717959103200245252e+00 3.369656040315468999e+04
7.295526632853567078e-08 -1.927815747023366555e+01 1.596300092134862458e+00 1.654247934405280285e+00 2.679362456358764355e+00 4.250291620534513640e+03
7.592262728711466311e-08 -1.923578917383188980e+01 1.953581057436212465e+00 2.269365649706033494e+00 2.377790596637285425e+00 2.668915306310043889e+04
7.660472017976248719e-08 -1.922434523753569025e+01 2.048673869840469841e+00 2.000023667241466185e+00 3.400982815816610660e+00 7.453430486409470905e+04
7.645995833963086110e-08 -1.922373675012621774e+01 2.407295009388626283e+00 1.202123816484435226e+00 2.322596460119667139e+00 1.798476654541585503e+03
7.632654861361820284e-08 -1.922298310538465671e+01 2.874973251721562484e+00 1.311263079207242388e+00 2.932673169492412413e+00 6.009746997354763153e+04
7.636808908581450061e-08 -1.921993900673329847e+01 2.316602105987208393e+00 1.530055796974471027e+00 2.611316720653126477e+00 2.628878705221953851e+02
7.801939279536826320e-08 -1.919604651216043223e+01 2.474036941968749126e+00 1.294730153955527374e+00 2.576987660651981038e+00 1.548180654554006423e+03
7.921794914078647310e-08 -1.917830102982041396e+01 4.282946634116024498e+00 1.813884259585626602e+00 2.661149057173409993e+00 5.705703165493358392e+04
7.965577697164317039e-08 -1.917028937034159597e+01 1.578667797222794045e+00 1.881903406109514787e+00 2.605314756346497340e+00 3.530719732222684797e+03
8.594456489481778121e-08 -1.909180143936243823e+01 1.582198594551111004e+00 1.641033018336665483e+00 2.853006327139912646e+00 1.166659637523022502e+04
8.652973803672877510e-08 -1.908251578634254031e+01 1.925895466076965823e+00 2.265458941438455387e+00 2.799870715456725723e+00 1.495985170198232845e+04
8.935309213001995015e-08 -1.904790808558359672e+01 2.380180568401309760e+00 2.272312590626349049e+00 2.326196376278586442e+00 1.599126884689325436e+02
9.213943077637009728e-08 -1.901470095185311138e+01 3.375513885087308541e+00 1.877338193050119397e+00 2.514262270833533819e+00 6.804346488075936213e+04
9.270348000561609363e-08 -1.900609792114861207e+01 1.615525508084431294e+00 1.559760847051874233e+00 2.643898302458159932e+00 2.257085170705590826e+03
9.394640520476071204e-08 -1.899027947125714633e+01 1.634205054759575670e+00 1.507843602786814063e+00 2.535447644557971447e+00 2.200547387338486715e+03
9.419505605219081721e-08 -1.898513623684683793e+01 2.454143946693767120e+00 1.651964589039400799e+00 2.326268109218011304e+00 1.039502658804201189e+02
9.798344371792812281e-08 -1.894320541078492326e+01 1.439416916574516536e+00 2.318594889208762222e+00 2.711144945583966681e+00 2.129448128803489453e+04
9.841582594301756916e-08 -1.893630230964920003e+01 1.798952420723347601e+00 2.257951256831921327e+00 2.784395324082570067e+00 7.575320141529008106e+04
9.922027583136659914e-08 -1.892566154666276645e+01 2.842412971529789889e+00 2.019709721594970198e+00 2.441530756569928684e+00 1.666177847638851404e+02
1.001819932568050283e-07 -1.891351546904402881e+01 1.946779203926387369e+00 1.546714440765498022e+00 2.385100398825152013e+00 4.624189043692235259e+02
1.005639507512343187e-07 -1.890721008251686541e+01 2.620111847874824207e+00 1.200746409946630067e+00 2.334718609271648759e+00 3.734774221557471492e+02
1.047708763440834104e-07 -1.886372809774329085e+01 2.690125927768531877e+00 1.753482597427848955e+00 2.343666725617540525e+00 5.928222491867347799e+02
1.067507008390804307e-07 -1.884250771620498455e+01 1.606642243478361154e+00 1.690627618396743026e+00 2.617210495197699327e+00 3.104458714221447053e+02
1.083083658457635956e-07 -1.882552153554594554e+01 1.605569907562295784e+00 1.657077265030994173e+00 2.604827837509773758e+00 5.624527760383762143e+02
1.162090782428011707e-07 -1.875261296614954176e+01 1.680062928611134376e+00 2.321658484853418969e+00 2.504436311410736415e+00 1.026676074517511779e+03
1.167710859711403581e-07 -1.874528844539823780e+01 4.370247778973686437e+00 1.802126386882216380e+00 2.785186284933107714e+00 9.227361850947992934e+04
1.193033418381856476e-07 -1.872133459276271239e+01 3.001888122958372485e+00 2.212048762365205867e+00 2.378851664851274528e+00 2.543225706968754457e+04
1.199044632493667891e-07 -1.871380864742344841e+01 2.725002562385251625e+00 1.588114231142981447e+00 2.353345343827071279e+00 1.952639444887373884e+03
1.214309328882000873e-07 -1.869865828597491131e+01 1.916626384061187016e+00 2.441373031559566087e+00 2.367859138418979992e+00 7.912466427841268887e+04
1.269618243533860821e-07 -1.865161748790141871e+01 3.598934040443434235e+00 1.011977333987222449e+00 2.958068654400662467e+00 5.590209101924234710e+04
1.278845140277634576e-07 -1.864187631102615583e+01 2.418938680811593134e+00 1.615737585267783327e+00 2.568910170202684196e+00 5.024792878590107284e+04
1.278036208655586121e-07 -1.864000905970600641e+01 2.614070356407342199e+00 1.445691650578664555e+00 2.532281906475915889e+00 1.707164422814974614e+03
1.294888641565180951e-07 -1.862440904715666434e+01 1.913205373504945905e+00 1.226635939901207673e+00 2.399905322863138846e+00 1.758997120408139381e+03
1.347090594420991798e-07 -1.858238659593748565e+01 2.178196020905214247e+00 1.579756009886955415e+00 2.347737886292650789e+00 4.743240767213022991e+03
1.360052799266808173e-07 -1.857031022555669608e+01 1.766339044039153316e+00 1.854218266680330629e+00 2.669535692990103293e+00 1.480937650066646256e+02
1.373358362588202282e-07 -1.855807464782852989e+01 2.751918383888193098e+00 1.786596301916739682e+00 2.436643979417579153e+00 4.819254784415721952e+04
1.371941424243327650e-07 -1.855660691284926855e+01 1.720995849062365579e+00 1.835654100413683487e+00 2.482778715739700104e+00 3.254178878207266621e+02
1.368774873079376187e-07 -1.855641766101101453e+01 2.756166975650979900e+00 1.760863754983406970e+00 2.479701382636730234e+00 2.284418697788359623e+03
1.370292400946459257e-07 -1.855280959912677829e+01 4.011328991121885679e+00 1.255239349438129537e+00 2.645931114871334700e+00 4.217197368317870132e+04
1.375091218739953886e-07 -1.854681367772150580e+01 2.284138721906226799e+00 1.370616356555521165e+00 2.779567616015708786e+00 5.022792505529542541e+04
1.400782560104458428e-07 -1.852580269558334436e+01 1.909012754106965915e+00 2.170216493323297691e+00 2.398275762485758023e+00 1.580001172916184441e+04
1.408989699853027280e-07 -1.851746082490489087e+01 1.458398896495262553e+00 1.831725156876216065e+00 2.810973086753006278e+00 1.311104285642041395e+04
1.437837780843815555e-07 -1.849469330347669072e+01 1.613742106756630212e+00 1.809236230101773035e+00 2.779645126725957649e+00 9.512204992634307928e+03
1.470634119403958635e-07 -1.846964006602143371e+01 1.613383594084339512e+00 2.347180394828943584e+00 2.547284713675446177e+00 1.335476314082195313e+04
1.490326530683600525e-07 -1.845383850348363453e+01 2.185448040552786075e+00 1.323270798955359595e+00 2.349934007627302535e+00 2.191258400451603848e+03
1.487043837132960723e-07 -1.845354360024706608e+01 3.010763635635247848e+00 2.243708337722281065e+00 2.392649334340169798e+00 2.854703386709009646e+04
1.513513715504172944e-07 -1.843339983599233634e+01 2.715607885091828599e+00 2.404470012320291339e+00 2.493708252191054520e+00 5.217853314700273586e+02
1.597911687025776508e-07 -1.837663616641418329e+01 1.618192631023039008e+00 1.519722579387002392e+00 2.599243904208053291e+00 3.179606433983119132e+03
1.635907816259235976e-07 -1.835063585797816899e+01 2.810355114017227152e+00 1.608754380428529585e+00 2.404879314787200073e+00 2.193346177709981021e+03
1.658424075751841593e-07 -1.833446594804961194e+01 2.588081966786943244e+00 2.322947757036556204e+00 2.534598643008824759e+00 1.450706726569810598e+02
1.656220089317953770e-07 -1.833329579623176642e+01 1.899516320954434345e+00 2.076321660909603573e+00 2.409942704400714675e+00 2.441806399197682538e+02
1.724888142221438042e-07 -1.829017154424959557e+01 2.632062266422618979e+00 1.260466896562894679e+00 2.567197977096661976e+00 6.327709601483382357e+03
1.775201489847712760e-07 -1.825891981564921096e+01 4.670844036821076628e+00 1.163338941046658803e+00 3.125574350543248947e+00 6.003957741048984462e+04
1.812391453509620094e-07 -1.823568652930684308e+01 2.243040204759140455e+00 1.614485336543362459e+00 2.344762870788837716e+00 7.579866074769418447e+03
1.829219082223452608e-07 -1.822394460278906436e+01 2.771213906176934305e+00 2.121795879836051668e+00 3.330864350680369235e+00 5.170296640431373817e+04
1.829637661700150714e-07 -1.822121579936339586e+01 2.201683146831616700e+00 1.052220727650814869e+00 2.352218833828188860e+00 2.424397565273286261e+02
1.829104262829012734e-07 -1.821900737438339846e+01 2.740705555248205805e+00 1.482276811237014380e+00 2.372560227187108683e+00 2.200979150270801711e+03
1.847591664595059641e-07 -1.820645075945424907e+01 2.660821116203565762e+00 1.708673563439769172e+00 2.508947183991580232e+00 1.472892516204685762e+02
1.854455938975968282e-07 -1.820024238885374501e+01 2.587140021818998381e+00 2.363970503890884700e+00 2.346888363001554456e+00 1.350587533214542646e+03
1.873505231614552378e-07 -1.818752261586528718e+01 4.949035650336155889e+00 1.639955522861700654e+00 3.045934987174159225e+00 8.906712574683049752e+04
1.877450160340894992e-07 -1.818291918899473458e+01 1.568728848224404837e+00 1.976497085140306087e+00 2.629151977801516438e+00 2.981222863541459446e+04
1.875425337794764852e-07 -1.818149826702096661e+01 1.984929528886836270e+00 1.848162813096169588e+00 2.652116548414289454e+00 2.134293676314025276e+02
1.937653998039075152e-07 -1.814635578559571627e+01 1.763578477416002599e+00 2.199668726967322741e+00 2.459812035094531613e+00 1.081146082786364423e+04
2.054354438938838005e-07 -1.808537209058158979e+01 2.760694091515977444e+00 1.501984602709500294e+00 2.851649151243192737e+00 6.185727589581054781e+04
2.081664009514376537e-07 -1.806966616908701084e+01 1.925076474284300510e+00 1.120523851512426727e+00 2.407615016115008277e+00 1.888375728408383111e+03
2.110131191299383149e-07 -1.805358362601496225e+01 3.292997823807702673e+00 1.479231531793677501e+00 2.484944234490289450e+00 4.187302680771685118e+04
2.145322470030639573e-07 -1.803454387078204135e+01 3.149378832567657494e+00 1.519879943986419679e+00 2.485088615849506688e+00 1.475381646563999129e+04
2.159998775804134774e-07 -1.802522609260279651e+01 1.458745670235323644e+00 2.474172958553846779e+00 2.946380851590631345e+00 4.335340100891907059e+04
2.328769611902334278e-07 -1.794749368299965298e+01 2.450137163925196759e+00 1.840248441155699410e+00 2.564984234312970290e+00 1.361188749576918781e+03
2.396208603814404499e-07 -1.791644600771635254e+01 2.255172131256165002e+00 2.143667435490651307e+00 2.606678213918426135e+00 1.304433193367118520e+03
2.419007434348149510e-07 -1.790447644260354565e+01 1.537981878247409062e+00 1.634165628127890679e+00 3.483263388814029415e+00 3.232763264870375860e+04
2.437839133698289676e-07 -1.789422170155577163e+01 2.779111592709244238e+00 1.822825967593955987e+00 2.413523801097170018e+00 2.809351342605647005e+03
2.486091892990783045e-07 -1.787212179094019504e+01 1.748926880347882129e+00 1.123756010570598374e+00 2.486482387503557767e+00 1.594590875838844795e+03
2.480823165272358357e-07 -1.787174332095743523e+01 2.156530261671519177e+00 1.093477387692112446e+00 2.665705888071424390e+00 5.722823798455304313e+03
2.482351309720440724e-07 -1.786862752777745555e+01 2.232373852793828384e+00 2.100349524512116872e+00 3.432689017937588183e+00 8.408387340493701049e+04
2.557962050484116905e-07 -1.783612288011473268e+01 2.185272585299822268e+00 2.439820467847030105e+00 2.361010814770911015e+00 1.123167518677314405e+02
2.618194394895776595e-07 -1.781034882960334897e+01 3.603515753534095811e+00 2.168995701134343257e+00 2.526515003781328872e+00 9.708393004983317223e+04
2.626342149270879401e-07 -1.780474168720417438e+01 2.442937747232082568e+00 2.005127581554343230e+00 2.564510771215498863e+00 1.951523719256235267e+02
2.620926153108701405e-07 -1.780430599867954555e+01 2.635560269239471953e+00 1.608305212215213942e+00 2.362240226902531326e+00 1.000049765050047483e+02
2.754912740792459703e-07 -1.775194797847168005e+01 2.757747194748493058e+00 1.961248638619312645e+00 2.441732212975916916e+00 2.153910252641825537e+03
2.843489339626691134e-07 -1.771780180881596323e+01 2.055059216648106535e+00 1.426742453244015607e+00 2.379498819108671448e+00 7.370558177211356451e+03
2.849435935197173072e-07 -1.771321269032372925e+01 1.703174676982134983e+00 2.472859317302344095e+00 2.514261242177671107e+00 2.378085263610164475e+04
3.032840500989610568e-07 -1.764833410808793701e+01 1.988192484352744094e+00 2.303995404875925246e+00 2.396038379119239004e+00 1.278837614125333675e+04
3.027149913578760672e-07 -1.764771219326438256e+01 3.124171398948632827e+00 2.285774891405351728e+00 2.869341468504913450e+00 5.180560317181039863e+04
3.257330818014521971e-07 -1.757192565501612336e+01 2.040345272528484966e+00 1.279152346765525028e+00 2.389045309817998231e+00 1.217590136580357836e+02
3.266935035648425154e-07 -1.756648150013745990e+01 2.533692174283603826e+00 1.832189223690797064e+00 2.767987890277451513e+00 1.778493181142589310e+04
3.263253872330239318e-07 -1.756510892960695358e+01 3.057387568314453574e+00 2.195207342915308502e+00 2.407553085898718859e+00 3.389599622400657245e+04
3.351777154130364895e-07 -1.753584304859620957e+01 2.635474394265111098e+00 1.955896232526823431e+00 2.502360152153882300e+00 1.349980718285902697e+02
3.354716308899899146e-07 -1.753246653839787328e+01 1.543842931444319166e+00 1.497028848651667410e+00 2.971644057771534619e+00 1.645856900054767175e+04
3.360284215876989493e-07 -1.752830818908499211e+01 1.600761871220838239e+00 1.352208546135714062e+00 2.619017069893938121e+00 6.547959346915524293e+03
3.443398203417621842e-07 -1.750137491392790778e+01 3.659583204297199188e+00 2.191606847591527796e+00 2.632880259642272680e+00 6.219854522582168283e+04
3.441699217958714380e-07 -1.749936843940457365e+01 1.767101713726771495e+00 1.227312125508050578e+00 2.487472479565738137e+00 9.428191570127685281e+02
3.476530885272608551e-07 -1.748679882301048849e+01 2.469377490367585359e+00 1.109486820082933756e+00 2.552606236413261342e+00 5.129916741005491758e+02
3.491347619235108796e-07 -1.748004594854220883e+01 1.873281134659654068e+00 1.768594004868380809e+00 2.671074629724984995e+00 4.491651746683381134e+03
3.534680778453017844e-07 -1.746521075539543233e+01 2.081479348089949610e+00 1.379162628057452933e+00 2.377724428257679712e+00 1.013900264519567645e+04
3.538100455856822756e-07 -1.746174375880470464e+01 2.482385826869344392e+00 2.287102546064548658e+00 2.361816581962517869e+00 5.893675983760593954e+04
3.547557161754263526e-07 -1.745657450436915425e+01 2.839285909376805250e+00 1.391098019534405372e+00 2.387661137090657970e+00 8.658687763838754108e+03
3.591289706493946798e-07 -1.744182235983614859e+01 1.694660530345964755e+00 2.447874061269130319e+00 2.616702519520979209e+00 1.786837067082816759e+02
3.582817284411753877e-07 -1.744168430565930095e+01 2.762274237798098664e+00 1.408911120709718912e+00 2.454145377399061356e+00 4.319392518064665637e+03
3.591738855565867430e-07 -1.743669730142418928e+01 2.995979298236878030e+00 2.009381245036019781e+00 2.420652099995002526e+00 5.271751655202244001e+04
3.604136240826120760e-07 -1.743075160583882166e+01 4.029685243732526345e+00 1.450493190903300533e+00 3.285860590775697254e+00 7.605376481097094074e+04
3.680241888208876682e-07 -1.740735526702913916e+01 1.475494466808091820e+00 2.187715775386297246e+00 2.738696553277591761e+00 1.774831122642165428e+04
3.696041516832407541e-07 -1.740057136091581924e+01 1.916663349399643446e+00 2.049961455591736481e+00 2.424634575874168529e+00 2.715129041089411658e+03
3.687987440432218317e-07 -1.740025284737553690e+01 1.486247649256053238e+00 1.949642417264500383e+00 2.760665538935303420e+00 1.389379855586309350e+04
3.798421507637698822e-07 -1.736824815983540660e+01 2.827388035321267257e+00 2.306089050844331023e+00 2.390446995912047790e+00 2.942536849551938212e+04
3.887248996247090193e-07 -1.734263203900232142e+01 4.430932285363885725e+00 1.101719001738027837e+00 3.318568002803217176e+00 5.916800410392732738e+04
3.907033014845446495e-07 -1.733505548132613683e+01 3.442489636924921381e+00 1.811919329667305512e+00 2.616754545432455004e+00 2.719962247606591700e+04
3.936615824511143032e-07 -1.732501232111041034e+01 2.646358800828742197e+00 1.392749899982451911e+00 2.627866249562817114e+00 1.084181456504061498e+04
3.930311432388379694e-07 -1.732411507991736599e+01 2.642665858704220661e+00 2.228707560667040788e+00 2.493649315228781305e+00 9.511339231003963732e+02
3.964295215445542721e-07 -1.731300565971814365e+01 4.455497198396244585e+00 2.251848523296025029e+00 3.466814956922451785e+00 9.933063615378258692e+04
3.966485650998889848e-07 -1.730995327133522821e+01 2.887904541901908484e+00 1.091622247838690329e+00 2.818833533505692657e+00 1.998443487031875702e+04
4.035234624056274700e-07 -1.729026930028409836e+01 2.714880406923156464e+00 1.311450939290303985e+00 2.449464221375538653e+00 6.495516245136955149e+02
4.112546835778056695e-07 -1.726879124287568601e+01 1.915821978461530906e+00 1.055533184797018631e+00 2.819139052488576436e+00 1.130584181487430942e+04
4.103235391728284014e-07 -1.726855796508881014e+01 1.986148398410904070e+00 2.379480017109068868e+00 2.644716738385289201e+00 4.356200143305583879e+03
4.195017253753021158e-07 -1.724393629469787470e+01 1.915559015045733338e+00 2.121128990255969793e+00 3.026863576458882044e+00 2.546748559114445379e+04
4.289958951079912762e-07 -1.721905658316006082e+01 2.714680457290759019e+00 1.671150382883794361e+00 3.335496843090951735e+00 4.013883011216675368e+04
4.379981218503745893e-07 -1.719578931117504794e+01 2.027011332942563637e+00 1.036049545894096591e+00 2.632308710138997476e+00 1.832256174452219057e+03
4.443312363521229708e-07 -1.717893362141756697e+01 2.724283087946296256e+00 2.188900623231242015e+00 2.400452774676656187e+00 6.735429401347351813e+03
4.457312015219377554e-07 -1.717328785036885463e+01 2.410176039854092345e+00 1.318956780676465268e+00 2.361000443120509384e+00 1.666381720961907604e+03
4.466696550959904137e-07 -1.716868463876158302e+01 3.270879834127819574e+00 1.266205474985244717e+00 2.536990807300813167e+00 4.105716767809659359e+04
4.566070725198245732e-07 -1.714418071002279120e+01 4.229276157042573203e+00 1.384600804036055788e+00 3.054736006276554505e+00 6.848043480766739231e+04
4.619099324331554469e-07 -1.713013401289661175e+01 3.565730557805523393e+00 2.067548625350930092e+00 3.403349695161540733e+00 6.565377794313813502e+04
4.618352252733449451e-07 -1.712779576131683257e+01 2.957761609030320482e+00 1.892868981734843636e+00 2.498772929680046495e+00 1.368428841706348794e+04
4.637210043569381107e-07 -1.712122084586024684e+01 1.726437296051781090e+00 1.163236285940428161e+00 2.801758636092760213e+00 9.840618688083677625e+03
4.693640611437938778e-07 -1.710662521643566336e+01 3.667384735002212626e+00 1.699167305747750989e+00 3.363571679194226505e+00 8.789645932377185090e+04
4.748616161398662533e-07 -1.709248050638332828e+01 1.826705942059756449e+00 1.004309300582664433e+00 2.912423443511343635e+00 3.853658266457701393e+04
4.750839155770213996e-07 -1.708951248072545326e+01 2.781705251340317986e+00 1.134410816765059948e+00 2.434319031280562040e+00 5.684820785597404210e+03
4.806668332049973010e-07 -1.707532955787909401e+01 3.732483438503710893e+00 2.013374932416413188e+00 2.574420392358151677e+00 7.687390131980870501e+04
4.950641200696175358e-07 -1.704331664385559009e+01 2.157920421831136082e+00 2.226341725181473663e+00 2.852603386301717059e+00 2.231632099736071905e+04
4.973106993964842034e-07 -1.703628895306638213e+01 1.889367130725472688e+00 2.080908747008495929e+00 2.443086627951659651e+00 1.964822883469326200e+02
5.098963168139764907e-07 -1.700879652884416160e+01 1.385737293351906985e+00 1.390836864560537345e+00 3.296010076969933422e+00 3.390044966922007006e+04
5.263577621429670294e-07 -1.697452279582778800e+01 1.378085149040998214e+00 1.773112034313879537e+00 3.386146203272016209e+00 3.253932569045803757e+04
5.461822274085582586e-07 -1.693505126363411861e+01 2.692542353556780732e+00 1.850913205302740394e+00 2.426280159374137657e+00 1.151851047516344806e+03
5.499747804473859902e-07 -1.692563151008628353e+01 2.674080707204153917e+00 1.143696233367276216e+00 2.460087269587200254e+00 3.918452197885446822e+02
5.582190039927903916e-07 -1.690825256787456610e+01 2.362425983126883899e+00 1.193366112719555172e+00 2.601755981967882381e+00 4.039465856387519307e+04
5.571852080004072735e-07 -1.690760623899627646e+01 2.079348690809186717e+00 2.216350513775713793e+00 3.433808720192750741e+00 4.967900412953293562e+04
5.657649432346541090e-07 -1.688982523622339826e+01 2.189113542185964878e+00 2.390072307384078165e+00 2.379035266707872687e+00 5.317806343592637859e+02
5.749054386882519883e-07 -1.687129836071143885e+01 2.434782199941559533e+00 1.921716745514222779e+00 2.844186375251421595e+00 7.559769966080431186e+04
5.869025964317302992e-07 -1.684814506199858997e+01 2.246026938044383137e+00 1.303428646796631174e+00 2.374259204045404470e+00 9.959927973751866830e+02
5.918722865971994672e-07 -1.683721305401829582e+01 3.752244098390415061e+00 1.604380571750267492e+00 3.035830002517749371e+00 7.891720328891009558e+04
5.989055829598605105e-07 -1.682289997227901779e+01 1.670426545681467534e+00 1.174038983812641046e+00 3.453612524377128956e+00 4.305857615493805497e+04
5.982479550044791567e-07 -1.682149862504271809e+01 1.720648831712438653e+00 1.254399803462437957e+00 2.580982042844622182e+00 2.116095522624505520e+03
6.077863299592742254e-07 -1.680318054431767294e+01 2.128717696961000883e+00 1.096828006821925605e+00 2.388945805021390534e+00 4.089246104789945093e+02
6.096278187575008892e-07 -1.679765529575352545e+01 1.778387150816110651e+00 1.245922931615940810e+00 2.539812100534585060e+00 2.345833465356814850e+04
6.352818914577483958e-07 -1.675393510958616972e+01 2.963233015127495928e+00 1.662844646598901521e+00 3.133615414643645458e+00 3.639744247587476275e+04
6.351778675424162278e-07 -1.675159886749322524e+01 4.429488784991884032e+00 1.190252517405670618e+00 3.338957546913361440e+00 6.156380129255733482e+04
6.398560425694030782e-07 -1.674176071596238202e+01 4.121011356510988932e+00 1.219662495107668665e+00 2.856415145913694609e+00 4.270441404124055407e+04
6.454654943042570753e-07 -1.673053218043569856e+01 2.772465055392883126e+00 1.513987166121297356e+00 3.178759980636748583e+00 6.579592377169051906e+04
6.659559511968423493e-07 -1.669678040452045664e+01 2.479561601208763566e+00 1.006273139006454764e+00 2.370254408156085457e+00 4.263035823865056045e+03
6.807727992732053051e-07 -1.667227531113251615e+01 2.668552630392048819e+00 1.177492985145006221e+00 2.427057255046255690e+00 2.405513427802997285e+03
7.116760099132291072e-07 -1.662538116793733067e+01 2.789103282671036244e+00 2.358381464430881813e+00 2.417607551271915067e+00 6.086446846872649621e+04
7.112257090669433915e-07 -1.662351410112633943e+01 4.677968442699505403e+00 2.000506252081049485e+00 3.077522011461216955e+00 7.705645155694817367e+04
7.145510695863764142e-07 -1.661634946273569113e+01 1.816844375126992261e+00 1.321175575529404789e+00 2.626876059462116331e+00 1.253142578368356453e+03
7.480388748715666860e-07 -1.656804898515203561e+01 1.925204774794724516e+00 1.740684296514421803e+00 2.430990384897091960e+00 1.542172619526612107e+04
7.508826535497371409e-07 -1.656175454756974830e+01 2.442026163417408302e+00 1.736246137969192471e+00 2.375836338915868762e+00 1.377533373031835708e+02
7.493906512165903957e-07 -1.656124352227225316e+01 1.740014206966596699e+00 1.982999435651749520e+00 2.590038803382359145e+00 2.537709979572478005e+03
7.737055365527703835e-07 -1.652681257605708254e+01 6.157393982196336601e+00 1.692044365773179182e+00 3.429254457222935315e+00 9.949228979257553874e+04
7.737250020250767897e-07 -1.652428741761303854e+01 3.438854002956038158e+00 1.940515270957428928e+00 3.333188454639473886e+00 5.619302539317902847e+04
7.839147962429295951e-07 -1.650870359734653192e+01 2.074819838808054318e+00 1.855629143805650028e+00 2.614694766033580642e+00 3.745064383446779743e+02
7.833524974994989705e-07 -1.650692115046565078e+01 1.967644691571810434e+00 1.270142185876698804e+00 2.424050720235114476e+00 6.489954736356674402e+03
8.022181900114689766e-07 -1.648062330529293362e+01 1.981758123227615354e+00 1.916760986455141591e+00 2.426193368393021910e+00 3.401117260448860634e+03
8.074664433430378927e-07 -1.647160243552766445e+01 3.646850762474811436e+00 1.134851591869916909e+00 2.650916817536610459e+00 4.265590624246984225e+04
8.064827197897807421e-07 -1.647032146236884387e+01 1.414339881124109466e+00 1.319131360263639863e+00 2.878819241200284207e+00 2.374305268084393902e+04
8.071978216659978779e-07 -1.646693516312353722e+01 2.122592102929734104e+00 1.836414804068867479e+00 2.397239189933926262e+00 1.001969083109156372e+03
8.234177111134341286e-07 -1.644454031469285837e+01 2.275766744718434875e+00 2.155911334556901870e+00 2.369296742488199659e+00 2.132284469529840135e+04
8.334923920768558281e-07 -1.642987935906250740e+01 1.490801092320989785e+00 1.502650192559463305e+00 2.719163688513797084e+00 1.845493648255171502e+04
8.419143890099090537e-07 -1.641732560021667098e+01 1.799780649457096482e+00 2.315556359746421045e+00 2.507575971705641393e+00 2.217082586598410785e+02
8.428013416792758456e-07 -1.641377265966989896e+01 1.839109679055722868e+00 2.266256925144507939e+00 2.483748749279720336e+00 1.604776894404329539e+02
8.455668414084170487e-07 -1.640799671283545536e+01 2.926194928524636030e+00 1.111948156359865436e+00 2.394720452717389314e+00 2.163828667627159666e+04
8.710014104717814004e-07 -1.637586033730768520e+01 2.110446267308569102e+00 1.731533853683544955e+00 2.390908164829479876e+00 1.037670595518197842e+04
8.759846350682136988e-07 -1.636765538262336506e+01 1.753034759648961716e+00 1.947183312277487310e+00 2.577778810550694466e+00 1.576163851734142725e+02
8.786215781735536319e-07 -1.636214964256531346e+01 3.494990447367753994e+00 1.911807105260190376e+00 2.536823398712495958e+00 5.885039526668153121e+04
9.022074753176726421e-07 -1.633315942293478784e+01 2.176373236525131372e+00 1.260028557740541899e+00 2.392613218995150337e+00 2.699535305912762055e+02
9.017257716226370587e-07 -1.633119348228238721e+01 1.850350239864139823e+00 2.298291263223532610e+00 2.479260992448044654e+00 4.013592492236793532e+03
9.128958769878293554e-07 -1.631638210435833969e+01 2.101455495205167612e+00 1.426166678563069334e+00 2.607595874637254063e+00 1.098062470585243318e+03
9.110447681847951880e-07 -1.631591189567144085e+01 5.103090729047852214e+00 2.082315071710369558e+00 3.259748929762537717e+00 9.421535498600076244e+04
9.154858915993730315e-07 -1.630854898012962906e+01 2.428734940193090885e+00 1.416921889664353174e+00 2.381831879634522142e+00 3.460669387924198190e+02
9.334368933209095807e-07 -1.628663057506001621e+01 3.949951053097550790e+00 1.416177762967384401e+00 2.683204439387208318e+00 4.291770926208016317e+04
9.347967911805384411e-07 -1.628267476349737564e+01 2.715759506837172488e+00 1.152940171249866141e+00 2.706463677468615270e+00 1.530007402499711679e+04
9.332250126962767636e-07 -1.628185759059492455e+01 2.138894951779652054e+00 2.482887586232445098e+00 2.409006361116639461e+00 4.547243984367381927e+04
9.581141457107884875e-07 -1.625303701264513734e+01 2.202228213748073316e+00 2.330112075474157773e+00 2.590268919383403201e+00 1.265288618677119103e+02
9.650312277512254314e-07 -1.624334347235009801e+01 1.576422673169126654e+00 1.122671770071996589e+00 2.638918831867838932e+00 1.570114204869390232e+04
1.008252464627854580e-06 -1.619703005531792428e+01 1.457137253788292508e+00 1.129448777226082390e+00 2.790773913566344522e+00 1.777425785576278577e+04
1.029091878958737742e-06 -1.617407191212003426e+01 1.958748585621106653e+00 1.669547610241181257e+00 2.619161579725520106e+00 2.355944022894847478e+02
1.038307230612682272e-06 -1.616265693034881679e+01 3.643203073667880876e+00 1.299434435215814254e+00 2.739113242015454475e+00 5.176915605488229630e+04
1.042583952466973921e-06 -1.615604645315453070e+01 4.093969866025608972e+00 1.545783286484350150e+00 2.815267193379884070e+00 6.311053904685636371e+04
1.045235102237376353e-06 -1.615100681621677126e+01 2.243101920338201438e+00 1.414620117777577679e+00 2.809774976238776034e+00 4.871085922216989275e+04
1.065660814666095873e-06 -1.612915356455152960e+01 1.704015252645125100e+00 1.737026916158975531e+00 3.169593825325591308e+00 4.884720904153196898e+04
1.069340571453719947e-06 -1.612320648441825455e+01 1.817612822190187494e+00 1.794344867692036161e+00 2.609285669037947564e+00 5.452578513074383864e+02
1.076356389765221914e-06 -1.611416703039413534e+01 2.052140667911754868e+00 1.132984624821086861e+00 2.610001124192724120e+00 4.073084407830966143e+02
1.085610772527339353e-06 -1.610310590194884384e+01 3.088593557099864384e+00 2.009848905625591264e+00 2.618794071552760450e+00 2.403373641068570942e+04
1.092987023752278332e-06 -1.609383431756221228e+01 3.198649267575828237e+00 1.910302059223357940e+00 3.482638772436872365e+00 9.290470560579613084e+04
1.095156591633014287e-06 -1.608935129544570586e+01 2.187676438103553167e+00 2.367188923888752239e+00 2.396892529559228269e+00 1.349673450285701506e+02
1.130738411820932188e-06 -1.605487777344783140e+01 1.888142834818738569e+00 1.987056353928460917e+00 3.191567906650653708e+00 3.051115479758219590e+04
1.147876258100408673e-06 -1.603733515157075828e+01 2.791372878493373566e+00 1.241251374757271542e+00 3.146663056878709952e+00 3.113246578844730175e+04
1.175824960599343728e-06 -1.601077865917688214e+01 1.826751086130398605e+00 1.592039408953202173e+00 2.606926951500541545e+00 2.201221931464717272e+03
1.185632970372117333e-06 -1.599997187035598856e+01 2.482828681918880065e+00 1.702072267759977553e+00 2.394953340214139637e+00 3.719842587722887970e+02
1.186745388765157162e-06 -1.599653406170477865e+01 4.416151470590445882e+00 1.543156994940382720e+00 3.215173195407730056e+00 7.911343791883625090e+04
1.197776676974101530e-06 -1.598478158544143746e+01 3.982686219384444559e+00 1.785955416511483707e+00 2.722615779639112166e+00 7.159244334519703989e+04
1.204661940616587561e-06 -1.597654967417158822e+01 4.528864046183857184e+00 1.413183063722685873e+00 3.497652082507158866e+00 6.569022130798290891e+04
1.231094253056619246e-06 -1.595234524402372323e+01 2.051516281775020545e+00 1.276591593537056646e+00 2.423070797127572007e+00 4.536888621083280100e+02
1.239167629297237758e-06 -1.594330876702652056e+01 1.882131733698430676e+00 1.746994785808528627e+00 2.455144905682216105e+00 1.329072989995801436e+04
1.242588002625770011e-06 -1.593805235100380457e+01 2.045621217138723136e+00 1.874515789868358873e+00 2.421111051634221134e+00 5.187472238235134682e+03
1.246832424258795624e-06 -1.593214237999207938e+01 1.527787721098636808e+00 2.283258175524475853e+00 3.068965649012862507e+00 3.110492515580445979e+04
1.245506683420265110e-06 -1.593070623278761921e+01 4.181814140230616594e+00 1.575188317049932341e+00 2.775428814586476278e+00 5.094928503759577143e+04
1.274518656777870115e-06 -1.590518007131288769e+01 2.553989524049842696e+00 2.195920942062163927e+00 2.482207733683295281e+00 1.293641784055116887e+03
1.272911263791163087e-06 -1.590394204377152221e+01 3.513084738578788890e+00 1.576529895848345131e+00 2.863189266103910668e+00 3.430645875486608566e+04
1.281906841745889270e-06 -1.589439996503403663e+01 4.895076540857404623e+00 1.715683284752332893e+00 3.125556350033363184e+00 9.274197371832244971e+04
1.285732179202702795e-06 -1.588892030920560572e+01 2.388176904780431986e+00 1.770804914484293002e+00 2.429361694190569576e+00 3.546943261371100380e+04
1.285995688787648185e-06 -1.588621538115769738e+01 2.034977131149588558e+00 2.415686510045834456e+00 2.428655099214226620e+00 2.101927142211565751e+03
1.319837788421665192e-06 -1.585773981305968938e+01 1.793291976568552659e+00 2.320021885059382782e+00 2.569707161980649524e+00 1.770029381776632363e+03
1.375211468590762357e-06 -1.581414113991534443e+01 2.783545623306790784e+00 2.072082457905625397e+00 2.466064782349218110e+00 1.212578687223504676e+04
1.384878399617560459e-06 -1.580463631687257120e+01 2.908195374087449991e+00 1.950134130647030117e+00 2.418586301964330332e+00 1.769935626237758697e+04
1.406932952332904622e-06 -1.578633653047666385e+01 2.509756844020887723e+00 2.008738213127496675e+00 2.407253910808562658e+00 2.122747364128676395e+02
1.429031658118121350e-06 -1.576825160180852059e+01 1.442573620758834885e+00 1.793360033181566671e+00 2.919519377307702168e+00 3.045004142441898875e+04
1.447538390271631859e-06 -1.575288420265740719e+01 2.340439104138071880e+00 2.011240527134843692e+00 2.395358898473835207e+00 1.943453012053029397e+03
1.449484458572892433e-06 -1.574904070714804227e+01 3.529595591416400779e+00 1.671454278623000000e+00 2.698721183161961079e+00 3.114438155817079678e+04
1.454038412880917414e-06 -1.574340385702230272e+01 2.571806288429732579e+00 2.117890256947573491e+00 2.455369916634872141e+00 2.698185930968485991e+03
1.474286505263416529e-06 -1.572707450703348542e+01 2.455266688202175196e+00 1.061668696611149043e+00 2.401135278629382697e+00 8.993301667307564458e+02
1.476502230344466074e-06 -1.572307272178484894e+01 3.659468056625219567e+00 1.428305513898478596e+00 3.015647551027662132e+00 6.610169917177868774e+04
1.475962759244882776e-06 -1.572093815955125073e+01 2.251780612914481949e+00 1.906441655407153712e+00 2.410432361254928324e+00 3.102784285153113160e+04
1.477711428073508914e-06 -1.571725409595991785e+01 4.542911476392039738e+00 1.357739979261237240e+00 3.357361333437708151e+00 6.548400441072960530e+04
1.517337966756580774e-06 -1.568829119273399897e+01 1.908768520403314684e+00 2.290117233205891889e+00 2.470821764338160698e+00 3.645170035562970588e+04
1.532196951864307946e-06 -1.567604603283372100e+01 3.772303387010135900e+00 1.511943838204625745e+00 3.145933843520714479e+00 4.619863553638120356e+04
1.532535634312660218e-06 -1.567332501358312591e+01 2.527569263075021500e+00 2.017720302451500025e+00 2.393852901349704965e+00 8.127785293861536957e+03
1.583980818865236191e-06 -1.563780747053066200e+01 2.537360591821296918e+00 2.294362663717268269e+00 2.389139426729222748e+00 2.169863291677553207e+04
1.606764847122846117e-06 -1.562102590885221076e+01 4.505073889356509653e+00 1.512650402531513061e+00 3.371372286849423361e+00 7.756614191971375840e+04
1.604215352462260212e-06 -1.562011389447521026e+01 4.576947997927282685e+00 2.095663582763208410e+00 2.954536890918864955e+00 8.868284607224255160e+04
1.613108068970396628e-06 -1.561208585890685008e+01 2.130072134637711834e+00 2.408850458800823269e+00 2.416837279476545142e+00 2.465722664568130824e+02
1.610339510296120629e-06 -1.561130362182184328e+01 5.363378677779256698e+00 1.632006741188190446e+00 3.381370055519651086e+00 8.467802983803770621e+04
1.613037400976521827e-06 -1.560712966845886385e+01 2.536796561901888403e+00 1.163492813142515514e+00 2.491171681914503555e+00 3.226535042954265919e+03
1.613718581301474552e-06 -1.560420746092981226e+01 2.041034454227567796e+00 1.712786603746813574e+00 2.434961438492908137e+00 4.262279173791943663e+02
1.636343766359479780e-06 -1.558778431230357420e+01 1.367174947932906504e+00 1.633736189073046630e+00 3.132285964954582447e+00 2.872254376615024375e+04
1.699624765116517795e-06 -1.554734115425086394e+01 1.957933932467318616e+00 2.320997665308230040e+00 2.452663863880748085e+00 9.851097164741364395e+03
1.708611947440650541e-06 -1.553956734030411724e+01 3.261007939525384369e+00 1.376237646511926149e+00 2.465499918547662705e+00 2.694733412185919951e+04
1.717799014445799700e-06 -1.553170482592797619e+01 3.645915108975806174e+00 2.250385164178404729e+00 2.831273812349320629e+00 7.446189992619227269e+04
1.769874050844383725e-06 -1.549934026820845823e+01 3.744240199360959753e+00 1.775072012140916922e+00 2.694934740198059231e+00 3.997891399382452801e+04
1.775724921565587912e-06 -1.549353990847936835e+01 2.387809702568279402e+00 1.735086155380100692e+00 2.531868548860830792e+00 1.797113554947758757e+03
1.789195738432838023e-06 -1.548348244380189165e+01 2.502480526103935343e+00 1.622992982810407492e+00 2.488462997214373917e+00 1.476814374858008136e+02
1.823775035130031818e-06 -1.546184010650497243e+01 2.226257703242096930e+00 1.160734950304027624e+00 2.569593334998997669e+00 2.028614889690460586e+03
1.835525517965878621e-06 -1.545291782822891768e+01 1.673222002116403262e+00 1.754232757502106166e+00 2.911627633294950002e+00 1.688270548053989842e+04
1.842160941880022973e-06 -1.544680934708912723e+01 3.272973980162352525e+00 1.713048803698666633e+00 3.271905596805908534e+00 4.675295629221920535e+04
1.841186730211132685e-06 -1.544483832875381957e+01 1.812992095613545462e+00 1.253550831232033147e+00 2.578225755040827405e+00 3.140126294789611165e+03
1.848661386465195243e-06 -1.543828685224742436e+01 1.419745858363637536e+00 1.783717598607601929e+00 3.221108328944713328e+00 3.635480784146334190e+04
1.853552691071499049e-06 -1.543314448346494672e+01 2.574864782315540168e+00 2.219169067344604507e+00 2.756111741985795227e+00 2.582417260900056863e+04
1.856017319453790419e-06 -1.542931568862460168e+01 1.754538879624459868e+00 1.196374983898073063e+00 2.573278611978291330e+00 5.663525034766207682e+03
1.886313600369790488e-06 -1.541062420612596107e+01 2.476062644726201079e+00 2.152428630469227944e+00 2.497828356918251558e+00 1.476897027116771142e+02
1.920945599109945329e-06 -1.538993109020930206e+01 2.372894545069798689e+00 2.087104635541100706e+00 2.542463762230545932e+00 3.978974667048688389e+03
1.945793578156545523e-06 -1.537457875135511109e+01 1.978331791565116626e+00 2.418746947091984012e+00 2.460108939422440688e+00 1.068200402622323736e+03
1.953267894864407079e-06 -1.536824484111034472e+01 1.980100390941176736e+00 1.090964904748415121e+00 2.597858305273326618e+00 8.855511148857320904e+02
1.950633922584515868e-06 -1.536709424629661314e+01 2.038632678449013191e+00 2.120941097016144194e+00 2.442536075887601577e+00 2.368637187377849386e+03
1.978874232792859615e-06 -1.535022054083423804e+01 1.876318367656845343e+00 2.001899049710766487e+00 2.588574804823835951e+00 1.447108226782120710e+03
1.985314733361442773e-06 -1.534447119712723051e+01 2.552323690612129603e+00 1.570053033338775439e+00 2.387066311838143218e+00 2.324530411246227595e+04
2.004827279875993655e-06 -1.533219074219971567e+01 2.780188953602734880e+00 1.989775133112381411e+00 2.550075699530309770e+00 6.859074284830699617e+04
2.035840348106374940e-06 -1.531433997341969189e+01 2.511223339328349624e+00 2.325826470631531251e+00 2.470244779371611354e+00 1.737202962230822436e+02
2.047491953061924689e-06 -1.530613304793845231e+01 2.749925012637574717e+00 1.641948150052395583e+00 2.440613553857057916e+00 3.577479798082598427e+04
2.050484770300495228e-06 -1.530217241603510558e+01 2.207626128972175028e+00 2.336060668239036353e+00 2.412166181758902628e+00 7.892983237882755930e+03
2.099643992986925205e-06 -1.527598085133838701e+01 2.514138920746479933e+00 1.479038706701296446e+00 2.460043488960579339e+00 5.743301452786906793e+02
2.137775430911903086e-06 -1.525548288445287604e+01 1.655224321072154670e+00 1.733740513691532481e+00 2.601319055657364210e+00 2.171441787974225008e+04
2.159772858712078643e-06 -1.524274559638441318e+01 3.552786362726187974e+00 1.015024188825190521e+00 3.122186584204479587e+00 5.419346113384704950e+04
2.170684505082070970e-06 -1.523520609660575253e+01 1.841841605686759920e+00 1.943728604496489432e+00 2.544875233561883832e+00 3.258248199365079017e+03
2.228690004323980886e-06 -1.520633468369414310e+01 2.505145334436840177e+00 2.195913369421198080e+00 2.448323387013455754e+00 3.375692681523585748e+02
2.266964239062733844e-06 -1.518680705771065576e+01 2.424933208476228508e+00 2.090318302527259142e+00 2.395172339743294021e+00 1.032138209059813562e+04
2.291200356899209115e-06 -1.517367280099359839e+01 2.270428700603449812e+00 1.149061355392153816e+00 2.553286474318180233e+00 7.944169638728415066e+02
2.304449783994287692e-06 -1.516540671201886603e+01 3.752586797421741949e+00 1.460185228222114162e+00 2.641164844318454996e+00 4.025878863326225837e+04
2.323737570575530936e-06 -1.515457174337287150e+01 1.620765276252045917e+00 1.596466541973547315e+00 2.802334029547827399e+00 1.312048466511375955e+04
2.323885201682447558e-06 -1.515200821364414985e+01 2.233682641267761060e+00 1.470152532008166091e+00 2.404435272590831563e+00 7.099714477300821272e+03
2.353874701300641692e-06 -1.513668587512053598e+01 2.666782219895496464e+00 2.068896412668510543e+00 2.721485029674918454e+00 2.205979304203050560e+04
2.426220012242476648e-06 -1.510391415883722033e+01 5.130913490630281792e+00 1.912666858604112452e+00 3.135091981087422930e+00 8.611094495982509397e+04
2.423682829790227583e-06 -1.510246044069743299e+01 2.486169333615319221e+00 1.441599004420161201e+00 2.492089311683451935e+00 3.382319488230462866e+03
2.441179192254792520e-06 -1.509276745646796414e+01 1.900742440968031355e+00 2.256690731193575328e+00 2.508174145609094907e+00 1.383359127194906932e+03
2.460885427838808883e-06 -1.508222743934655519e+01 2.427895845134588892e+00 1.378010237254952308e+00 2.411683268023070426e+00 4.777437749532353337e+03
2.456373095493887781e-06 -1.508156274395382468e+01 2.308843369806517387e+00 1.161180264576442855e+00 2.416014645600695676e+00 3.630533020234261699e+02
2.460899269775525382e-06 -1.507722181458335697e+01 2.435505864909381479e+00 2.191955695784145508e+00 2.425571694812453494e+00 2.306984887118439929e+03
2.508126587510057996e-06 -1.505571255956154353e+01 2.482682888342406358e+00 1.099944206656075618e+00 2.467447299264465155e+00 7.802387767556081144e+02
2.542550731554463232e-06 -1.503958085239206710e+01 2.455231725570324652e+00 1.754194360088255245e+00 2.613598793639165585e+00 1.013509537613326756e+04
2.557297005768283127e-06 -1.503129781098743400e+01 3.344497827724932648e+00 1.986133649672775503e+00 2.593514634613828029e+00 7.607705060286018124e+04
2.624910972047887057e-06 -1.500270167448921299e+01 2.152517289745018658e+00 2.359797997121232171e+00 2.428295193479258263e+00 4.711489808849371911e+04
2.685176507586852109e-06 -1.497750219035356345e+01 1.571361952122686034e+00 2.318733985082523930e+00 3.154864179343022101e+00 5.092526668406505632e+04
2.712983753805113651e-06 -1.496469960916523867e+01 3.013227629411726394e+00 2.044453626514346034e+00 2.544109469687724001e+00 2.218230416037055693e+04
2.719107232286158982e-06 -1.495994505154073018e+01 2.206233141023018707e+00 1.279600393838093098e+00 2.425724885020583255e+00 2.769368051542728608e+02
2.714964319770055549e-06 -1.495896984313726996e+01 1.746890306025149053e+00 1.662220466327384960e+00 2.764453062635206404e+00 3.773203088176113670e+04
2.722148973442817218e-06 -1.495382702240977402e+01 3.368513376391935044e+00 1.118139202912611596e+00 2.769118439283669630e+00 4.789706626887159655e+04
2.718250138534315638e-06 -1.495276031268708650e+01 2.324097873379500800e+00 1.104814141685977136e+00 3.302688004716056724e+00 4.998173390205895703e+04
2.711504065018789761e-06 -1.495274516807234555e+01 3.761744889371667622e+00 1.406271812959698941e+00 2.680062205479450732e+00 3.744390200856512820e+04
2.736092354527493527e-06 -1.494121790004697026e+01 2.988474924675523781e+00 1.504891174243990548e+00 3.115676462301107286e+00 3.533982917104789522e+04
2.747723012704910570e-06 -1.493447608122639281e+01 1.976585460382932036e+00 1.883164813844208529e+00 2.583375171442268137e+00 1.742649232372285496e+03
2.766445902383095383e-06 -1.492518522591598717e+01 2.376759395581165446e+00 1.016782713406204630e+00 3.149432814032678163e+00 4.824284441934077768e+04
2.822625789724624128e-06 -1.490258107172294544e+01 1.682407433071034797e+00 2.412258985186696236e+00 2.618906708939644723e+00 2.307543780051687645e+04
2.835309717234397920e-06 -1.489559747563298231e+01 3.975765220750319351e+00 1.167688506450966557e+00 2.875452909810053637e+00 4.831508190708026086e+04
2.869658772910444561e-06 -1.488105552630060124e+01 3.629639919388505831e+00 1.291607255461445725e+00 3.208451209197513698e+00 6.230993423455206357e+04
2.872484799110672526e-06 -1.487757121568803598e+01 2.356537262572526270e+00 2.035530057354415945e+00 2.775329946251051449e+00 7.557647058617777657e+04
2.887732138048290418e-06 -1.486977718780157609e+01 2.104111531588486184e+00 1.099618553269851251e+00 2.443839505999044093e+00 6.301896281690566184e+02
2.962978393467678357e-06 -1.484155367809600001e+01 2.152866815228340336e+00 1.573142556125948444e+00 3.220773773377235027e+00 5.563416891448850947e+04
2.987266450901702810e-06 -1.483088991577595550e+01 2.007365670500110166e+00 1.866282486338374014e+00 2.470837372685760425e+00 4.288141100837368072e+02
2.997018282221914050e-06 -1.482513076605726887e+01 2.296184303291660012e+00 1.066325019027122067e+00 2.687447019562477557e+00 3.910923775252329506e+04
2.994834097183617284e-06 -1.482335981777507783e+01 2.320908504325144950e+00 1.376065698737406473e+00 2.425520717780714985e+00 1.105605528455092355e+02
2.992566920603711099e-06 -1.482161713357254484e+01 1.940936981057009625e+00 1.366044159029343286e+00 2.500236742378866950e+00 1.313976195682835737e+02
2.996886396910552206e-06 -1.481767477253332643e+01 2.147422895366422058e+00 2.312497811551069038e+00 2.431771349971248775e+00 8.102854766518769793e+03
3.023879413079667403e-06 -1.480620807365223257e+01 2.486012094526970806e+00 2.213252908902229699e+00 2.467289676412912858e+00 5.341970761819682593e+03
3.049172630440475758e-06 -1.479537836943605988e+01 2.442538160655029156e+00 1.983014020707443592e+00 2.450662359941272683e+00 4.631052190190468423e+02
3.049103329350481758e-06 -1.479290109752854576e+01 2.324704058924900618e+00 1.090824580167052638e+00 2.527844844645714240e+00 2.745559370546149012e+02
3.071156583806603720e-06 -1.478319442649965154e+01 2.990310336325113560e+00 1.097780974217736683e+00 2.653283165724906301e+00 4.268152301760459522e+04
3.074955562061133910e-06 -1.477945820475550498e+01 2.357894600202752322e+00 1.008282317523200300e+00 2.516905614691518522e+00 1.128524432840065685e+02
3.083728426653747017e-06 -1.477410926152593795e+01 3.928483127680352016e+00 1.714090919960898463e+00 3.311851282303479582e+00 5.743554387039386347e+04
3.103464342044232536e-06 -1.476522963733601834e+01 3.308352153492152947e+00 1.442248974430706765e+00 3.225378647594132175e+00 6.616310697702999460e+04
3.123132270379725046e-06 -1.475641222351544535e+01 2.375747919889764859e+00 2.126139350913550885e+00 2.432421956947425912e+00 2.386413346704901244e+02
3.140468100084138059e-06 -1.474837678927804241e+01 1.909845201227249767e+00 1.330779833712262050e+00 2.553416912019797813e+00 5.800143249021286920e+02
3.160281697925048111e-06 -1.473958748600868773e+01 1.911148933466609856e+00 1.522364321173554913e+00 2.533496924173231690e+00 5.664147822670498726e+02
3.162631806566708218e-06 -1.473634412339643340e+01 1.668249373504726352e+00 1.872320731380913594e+00 2.598616711542571345e+00 2.147694925606597826e+04
3.226086940273171483e-06 -1.471397872533976070e+01 1.890862700865599377e+00 1.423234953377404466e+00 2.612027276581539770e+00 4.968984601742901759e+03
3.221674464401365837e-06 -1.471284741015413111e+01 4.953868197751304159e+00 1.753799423133333590e+00 3.381173378456969303e+00 7.667189761067631480e+04
3.283343845303566116e-06 -1.469138628642126321e+01 2.223425330212307038e+00 2.292909226737784856e+00 2.433508208265487305e+00 2.011240862961648759e+02
3.280073322909006691e-06 -1.468988287785570357e+01 2.883986498438084300e+00 1.686195362634317130e+00 2.430861463275363565e+00 3.195681767898191902e+04
3.280327606184326801e-06 -1.468730535720469454e+01 3.550246802798658674e+00 2.358227469634659457e+00 3.093015520802599116e+00 9.618531764347069839e+04
3.342530914778754350e-06 -1.466602037559725602e+01 3.307789534678795107e+00 1.674559686188121788e+00 2.502634242324557334e+00 2.773312087233951024e+04
3.370601305292256372e-06 -1.465515749722948335e+01 2.459032649176764895e+00 1.429309261208454362e+00 2.999999446729882280e+00 5.443739505518436636e+04
3.417712845512600854e-06 -1.463877708581365411e+01 3.064552641440877689e+00 1.622933419643606934e+00 3.194368158153112258e+00 7.111117304960310867e+04
3.424034285990936138e-06 -1.463442918288603245e+01 2.937247712616890549e+00 2.156751993406436085e+00 2.543691691240571373e+00 9.243544332154685981e+04
3.447697339439539185e-06 -1.462504208418346252e+01 2.028616465479920805e+00 1.011876683076635253e+00 2.472797746194872026e+00 2.053779163460728228e+02
3.473146449323456979e-06 -1.461518771371489578e+01 2.195127957505565330e+00 1.121362300961906922e+00 2.439026637794959207e+00 1.461087006094791718e+02
3.489423918341757193e-06 -1.460801199833566066e+01 2.497825819594813979e+00 2.499481125696686235e+00 2.628268216943334679e+00 5.939624356220335903e+04
3.527075465287285957e-06 -1.459477960707000221e+01 2.317043840893789675e+00 1.996921979323962759e+00 2.522236772068247479e+00 7.649983687542369353e+02
3.520005302748243214e-06 -1.459428615847588162e+01 3.225970029331123090e+00 1.950807056795062389e+00 3.371657637976478661e+00 5.645552626044546923e+04
3.573369002040344558e-06 -1.457673980570831596e+01 3.127776667631175123e+00 2.137872230238953009e+00 2.822041101400188268e+00 4.203572530583385378e+04
3.579279256953305414e-06 -1.457258719927666135e+01 2.298039021455224873e+00 2.499940282126401403e+00 2.554297837638301427e+00 1.552293015729517538e+04
3.572802478800917727e-06 -1.457189835864596539e+01 2.431116853036356495e+00 1.603301383675206582e+00 2.487476736124622612e+00 3.673534300282748154e+04
3.573772038807390521e-06 -1.456912702305433882e+01 2.174780609663070408e+00 1.679145867437971118e+00 2.443213031744064789e+00 1.309379117719098758e+03
3.566889102055618470e-06 -1.456855483862986489e+01 2.233632536399313029e+00 1.655122187595000183e+00 3.126603294946913358e+00 2.811352339696225681e+04
3.562771956718356282e-06 -1.456720977313824150e+01 1.733621275182193333e+00 2.433669230695926444e+00 3.145170071490394292e+00 6.060990476457530167e+04
3.575800951775045615e-06 -1.456105946104055526e+01 2.213093573464027575e+00 1.610010138423810355e+00 2.439410247687292976e+00 2.690508728651889214e+02
3.579035696778375266e-06 -1.455765524886000506e+01 2.324616897125793447e+00 1.916274570696371748e+00 2.518161808253475797e+00 8.534781474373303354e+02
3.570397887937021946e-06 -1.455757161176256886e+01 1.953018680648578309e+00 2.135763325031730275e+00 2.502153283628119951e+00 4.035228619932438960e+03
3.620082431760814077e-06 -1.454125185776425511e+01 1.900056850184281831e+00 1.575644575029837346e+00 2.493719889901756748e+00 2.052789249378918612e+04
3.614707233914294743e-06 -1.454023778868524630e+01 3.507788829655252183e+00 1.086160924284486962e+00 3.019663089815435963e+00 3.708221527690981020e+04
3.640260649400256087e-06 -1.453069336848423454e+01 2.255949288792602037e+00 1.671391882617758506e+00 2.540987097637214642e+00 2.867411878787615478e+03
3.635320602703868852e-06 -1.452955134863299769e+01 2.151921010093468034e+00 1.176806136051667062e+00 2.448022944898928799e+00 1.025464238144102410e+03
3.731027468267911914e-06 -1.450106499816227412e+01 2.190807154142109248e+00 1.303924290727154656e+00 2.565266384522358223e+00 3.505531384026837713e+03
3.723667314908028466e-06 -1.450053963453989070e+01 2.018754611220471951e+00 1.648325014290379364e+00 2.608958353539331920e+00 5.321513519973039365e+03
3.724270490835000381e-06 -1.449787766328179650e+01 2.086892587664716192e+00 2.320442842559886643e+00 2.566695336395544480e+00 3.326005080223685582e+03
3.734148673673532032e-06 -1.449272879402504977e+01 2.795207638989287702e+00 2.270558930784830842e+00 3.290635936779090276e+00 6.472625893082388211e+04
3.781889970952665568e-06 -1.447752477755480882e+01 2.059831117901994801e+00 1.351522427576007157e+00 2.462441685240558620e+00 3.651752657814734903e+03
3.907810500863393029e-06 -1.444227141159788808e+01 2.797439156553318096e+00 1.600301369682075148e+00 2.426539953325882681e+00 1.512234089147106897e+04
3.905283770864785809e-06 -1.444041820530056164e+01 3.374436175971684992e+00 1.690174609655540339e+00 3.115975681808032860e+00 7.740578949156173621e+04
3.960292333830942756e-06 -1.442393081033112701e+01 1.683542677391375308e+00 2.372667084374981084e+00 2.634171758796616025e+00 2.146183853475758951e+04
4.079152198215170378e-06 -1.439185948227862788e+01 1.506729626004080336e+00 1.681356934485967125e+00 3.006546384631282098e+00 2.075746140664500126e+04
4.070546825000851435e-06 -1.439147130908057726e+01 2.006271454550884403e+00 2.249870360368256605e+00 2.498486364055794162e+00 4.592063533894843567e+04
4.089819556207012736e-06 -1.438424780375263801e+01 2.278447080566882832e+00 1.687374171784470800e+00 2.524145262740677076e+00 1.595895341366405660e+02
4.097933233670593374e-06 -1.437976589728143395e+01 2.009437373814884964e+00 1.471254926756352166e+00 2.558408077446697071e+00 3.768894065095628889e+02
4.137274891281713678e-06 -1.436771132226521885e+01 2.086382269493095354e+00 1.796929754681982683e+00 2.468264822105284306e+00 8.607358286023861638e+02
4.143255095263416288e-06 -1.436376692075199912e+01 2.677815175195213282e+00 2.047231522666226766e+00 3.141691564258568992e+00 9.054777713136834791e+04
4.162554320980992122e-06 -1.435661974924037487e+01 1.988817446530131150e+00 1.573647532649336211e+00 2.552939476308869970e+00 3.915312441135012023e+02
4.180851180976029717e-06 -1.434973379692834072e+01 3.959539593135546376e+00 2.242160944001938994e+00 3.025789422924198391e+00 8.978009354946028907e+04
4.215739571205199457e-06 -1.433892361675195737e+01 2.271126116920030302e+00 1.162396037515985858e+00 2.524013993291348790e+00 1.179315442686467748e+02
4.220114701280746014e-06 -1.433538634647049115e+01 2.285956189280401674e+00 2.297868373367094819e+00 2.519448209786086856e+00 1.867967219274333274e+03
4.263336727546267050e-06 -1.432269653148434330e+01 1.814131016269187713e+00 2.264310118502239622e+00 3.386353180168654831e+00 6.498491178834128368e+04
4.265882841488228953e-06 -1.431959949819261091e+01 1.639626890509965795e+00 1.967117927499385299e+00 2.689985329908481937e+00 1.379154567897914421e+04
4.260114093143901018e-06 -1.431845271219652460e+01 1.690009650382584550e+00 2.075987729151451688e+00 3.121146459183610666e+00 2.895451822598293438e+04
4.278223073176038984e-06 -1.431171090097913634e+01 1.572266729780664285e+00 1.672450043324714253e+00 3.396365279072219412e+00 4.291981775437438046e+04
4.359140814700904032e-06 -1.429047367745382147e+01 2.319007612352574466e+00 2.264629575489727209e+00 2.598393595514236765e+00 9.552181348547863308e+04
4.372491362043036755e-06 -1.428491570215766870e+01 2.040189798697186863e+00 2.187921536858451255e+00 2.554683857643877065e+00 3.286385063265929602e+02
4.379581379567075712e-06 -1.428079551016788074e+01 3.221077756789963331e+00 1.776049545448471267e+00 2.992618723127513647e+00 3.873269934866671247e+04
4.518238758845372325e-06 -1.424712639176115658e+01 2.168801900479830458e+00 1.192721339759098997e+00 2.542445854162215468e+00 1.872604673270597459e+03
4.519933042770319634e-06 -1.424425147435927741e+01 1.996494509587738886e+00 1.765336496282109646e+00 2.548106272192489197e+00 2.593106356636653800e+03
4.570324268697255965e-06 -1.423066449620718643e+01 2.341657168872992578e+00 2.078843518301876525e+00 2.483994164515419101e+00 1.541875495314962109e+03
4.561516217911464342e-06 -1.423009358236023836e+01 2.028048322753558619e+00 1.776834306276977582e+00 2.496331652281588376e+00 8.475546268999801214e+02
4.553779770050214247e-06 -1.422929104774789089e+01 1.586450191288459433e+00 1.185798952967796582e+00 2.710814955293439521e+00 2.004115717614595633e+04
4.555907411155849578e-06 -1.422632393156662367e+01 2.093607311389597214e+00 2.159240698882793019e+00 2.436390077717335512e+00 1.703220217557627620e+04
4.572084768749919389e-06 -1.422027936794017755e+01 2.318286650509473024e+00 1.736989466099313484e+00 2.410867169993481163e+00 1.070447436593626844e+04
4.612306912477117944e-06 -1.420902050785046455e+01 1.641581612358020914e+00 1.231768600693708082e+00 2.656223648473662990e+00 1.274297120902469032e+04
4.642816680587481922e-06 -1.419992742925528972e+01 1.995988849590342396e+00 1.088793338444508763e+00 2.526753665680160132e+00 2.023840548706533127e+03
4.647390541848824485e-06 -1.419644276626093493e+01 2.300565078980868705e+00 2.469113133436244834e+00 2.505286052198865132e+00 5.532289124457324760e+02
4.682163739026898911e-06 -1.418648831406384048e+01 1.929264450456477986e+00 1.423993465171631723e+00 2.551990205455694216e+00 3.906906253605615802e+03
4.706662360066201572e-06 -1.417876962615083514e+01 2.206877018879295882e+00 1.127235596543807006e+00 2.454854300604587980e+00 2.736672722829199756e+03
4.840336487618232367e-06 -1.414826441400014900e+01 2.193729006705555484e+00 1.496838402344736974e+00 2.450747224014873105e+00 3.848137406545405611e+03
4.855068012963606610e-06 -1.414272554405278548e+01 2.303065153169651769e+00 2.439353913501887572e+00 2.464224380630214206e+00 4.497938679785191312e+02
4.872244531264212853e-06 -1.413669393425305110e+01 2.173451709122157460e+00 1.033581116871339578e+00 2.536100607707862942e+00 1.617939109263521402e+02
4.906100602873537229e-06 -1.412726920283206589e+01 2.084742579012401009e+00 2.106262601357145492e+00 2.482676837613079890e+00 2.114788554255040253e+03
4.902372343493428885e-06 -1.412552941486100266e+01 2.979103086518006815e+00 2.108778242381434520e+00 2.546349450242849421e+00 7.902984831456204120e+04
4.959256892829695038e-06 -1.411149274502861495e+01 2.264612014347678670e+00 2.499165570870253372e+00 2.461541991970557230e+00 5.606817829217076223e+02
4.968776437727759426e-06 -1.410707503434039189e+01 2.024836324245312458e+00 1.802418932868558255e+00 2.535809759119031170e+00 1.827568509634488237e+03
4.982531980559432768e-06 -1.410181046288618134e+01 1.990178334983928155e+00 1.519552080599993138e+00 2.522255527233677519e+00 3.093474963705932623e+03
4.981616147170814466e-06 -1.409949428861407128e+01 2.168629604719936932e+00 1.420737414630484530e+00 2.439439669301846081e+00 6.828594787146225826e+03
5.012615064955208892e-06 -1.409079090657604993e+01 2.032946107929443524e+00 1.993314574499332359e+00 2.536753968498206113e+00 3.946897075692638737e+02
5.009343946053149209e-06 -1.408894369691666348e+01 2.233071934331749997e+00 1.607484579138322323e+00 2.447257590345152778e+00 4.520978970089574432e+03
5.016834601213797494e-06 -1.408494947725579927e+01 3.541753922360726392e+00 2.262345027845066525e+00 3.290522701381697779e+00 8.340977344295577495e+04
5.027087079742891031e-06 -1.408040794757931558e+01 3.929903922526976512e+00 1.747452985308232565e+00 3.012705679703811423e+00 8.345879829572999734e+04
5.035314403237129136e-06 -1.407627268678366228e+01 5.173886747425109789e+00 1.898386341943756772e+00 3.155109432068818442e+00 9.081008383192030306e+04
5.060524939488311129e-06 -1.406877843364697078e+01 2.266000199055879794e+00 1.997863670314515172e+00 3.499165529423770238e+00 4.903630125225672964e+04
5.081454667804133646e-06 -1.406215108201784680e+01 2.161810852821654194e+00 1.974353329573244054e+00 2.470086527749622451e+00 6.820641231901674928e+02
5.078878654166822770e-06 -1.406015815469172026e+01 2.322791845862470783e+00 2.073422304453631071e+00 2.508341021888482736e+00 4.333649205008846366e+03
5.260727832973736836e-06 -1.402247926608231943e+01 3.704364772230742453e+00 1.227956546801714843e+00 2.806786447870858403e+00 3.671822548895574437e+04
5.249956437146693375e-06 -1.402202887566453171e+01 2.645046549218205367e+00 1.986627513323079519e+00 2.424337646565003723e+00 1.559793884590787638e+04
5.366534964913535602e-06 -1.399756621222545583e+01 2.342144343217274383e+00 2.357233642016860919e+00 2.438056976306182566e+00 1.643800309623165231e+04
5.364595353799363454e-06 -1.399542770464567631e+01 1.923410752956519865e+00 1.697154928061763712e+00 2.560641109303838814e+00 3.103137220099187107e+04
5.379886686276264167e-06 -1.399008134262584235e+01 2.058217861452393382e+00 1.002081602617622025e+00 2.507823176750792804e+00 8.612978347276188060e+02
5.434753209972334562e-06 -1.397743454255386197e+01 2.272960102257580051e+00 1.265392842543299867e+00 2.481847710675778806e+00 5.646891018997332594e+02
5.439944253256728608e-06 -1.397397984129504955e+01 2.335955824549424964e+00 1.672516929380423178e+00 2.560068741281842808e+00 4.223231959022746742e+04
5.503359475766048302e-06 -1.395988993500402664e+01 2.445202546725778525e+00 2.343134500297991529e+00 3.418001378214337471e+00 9.921928058278856042e+04
5.492057785110751223e-06 -1.395944564500887353e+01 3.341777923667853312e+00 1.285139072170336405e+00 2.601379508908129079e+00 3.945096578714144562e+04
5.711851801851802873e-06 -1.391770537490054416e+01 2.096121949707619780e+00 1.497135112083751940e+00 2.525941673987798897e+00 1.207236018335690915e+03
5.762360407250106950e-06 -1.390640147085631639e+01 2.310414085161351494e+00 2.286219052846447219e+00 2.646777350770455950e+00 1.668944567383809044e+04
5.750612289986019672e-06 -1.390594232019221899e+01 3.307081562098196592e+00 1.552302587964231817e+00 3.280095783172246815e+00 6.960495055185958336e+04
5.829152771103158358e-06 -1.388987698702595708e+01 2.005005359628930783e+00 2.469809358178821412e+00 2.514016550452922161e+00 1.344103070116615345e+04
5.826918064178742957e-06 -1.388776042789267251e+01 2.478075425649107100e+00 1.263487449548025499e+00 3.491181371797713151e+00 4.139949857190228795e+04
5.959217334384125245e-06 -1.386280950182743155e+01 3.406360819357311165e+00 1.507297485660089809e+00 2.569711207129898867e+00 2.887426455404477747e+04
5.972710900881384104e-06 -1.385804774295938202e+01 3.158013438242296189e+00 1.867118620031023024e+00 3.416647059742931702e+00 8.508842003266945540e+04
5.977862687258678609e-06 -1.385468556062839340e+01 3.374164313241275082e+00 2.203209846189476906e+00 2.718982316201265625e+00 5.736308303154532041e+04
6.023886642028127925e-06 -1.384451598195116517e+01 2.171389462764109712e+00 1.612768354040113206e+00 2.511307772702135122e+00 6.310019279379069985e+02
6.075542974289586941e-06 -1.383347729083081035e+01 2.121892070080118931e+00 1.369157308685547303e+00 2.499939964729025021e+00 2.462772039853878596e+03
6.115204205349855338e-06 -1.382447049179567600e+01 2.153283005794627503e+00 2.390240505935567583e+00 2.508861772142833235e+00 4.767007133708157767e+02
6.155181681380033078e-06 -1.381545437765682038e+01 2.395144602019042779e+00 2.021343261767609256e+00 2.508360171325327848e+00 6.805900860881830340e+03
6.141579832936663744e-06 -1.381516664370344571e+01 2.428117633028693767e+00 2.470213201622427412e+00 2.554116655311170270e+00 3.280195110900669533e+04
6.182728650075804858e-06 -1.380598895138451532e+01 2.365428715022039441e+00 2.379215073583655027e+00 2.588108351240299143e+00 1.720315753251759816e+04
6.298405850861218589e-06 -1.378495209271554600e+01 3.933032491290500587e+00 2.090024170567695627e+00 2.784909693145623422e+00 7.416435284433315974e+04
6.290987901338431633e-06 -1.378363053713110098e+01 2.351435029897170459e+00 2.488769875773274798e+00 2.536353405672498784e+00 3.188366700480682994e+04
6.415667047504717966e-06 -1.376150567942177183e+01 2.358794774430615249e+00 1.140396718885409388e+00 2.541204562765022601e+00 5.957958295144743715e+03
6.771637407776029937e-06 -1.370500573456632942e+01 3.337201570304964893e+00 1.903988745306703034e+00 2.958137947300519599e+00 4.341177641410221258e+04
6.798075310867918011e-06 -1.369860912494874228e+01 4.653903111965149719e+00 1.741018514632908909e+00 3.255149999038218667e+00 7.186713178695984243e+04
6.806056518385942060e-06 -1.369493577430294096e+01 4.412737268486976561e+00 1.608883025873380612e+00 3.336650981802921301e+00 6.607242674856453959e+04
6.830418781363461956e-06 -1.368886266785694161e+01 1.766296813352765671e+00 2.183412014724749550e+00 3.045649668834218726e+00 5.830910003221138322e+04
6.872519530210689456e-06 -1.368021787170275871e+01 3.560164339542333689e+00 2.281077248980698968e+00 2.852289600980609130e+00 8.366891874729572737e+04
6.946208467079865881e-06 -1.366705268813907637e+01 1.558448238378908224e+00 1.576459670058864226e+00 3.391782969013303450e+00 3.915263061622495297e+04
6.985061491889721300e-06 -1.365897485845696124e+01 2.699817424202619609e+00 1.288325948701777968e+00 2.719974372780858296e+00 1.738820164629813007e+04
7.050087871723435806e-06 -1.364720857372653384e+01 1.739251777379050568e+00 2.377004495721338984e+00 2.938048022616990274e+00 6.132090506629971060e+04
7.117400598473005729e-06 -1.363520608026709091e+01 1.830151626504584517e+00 1.724251621377189458e+00 3.010952611745273622e+00 4.708997619778828812e+04
7.171383002497246061e-06 -1.362515013115855389e+01 2.319436117492664540e+00 1.960024963084630034e+00 2.501268110262106159e+00 5.586666097699164311e+03
7.256506718673524090e-06 -1.361085010973594045e+01 2.776606586888915373e+00 1.974886250201666860e+00 2.428504708769538833e+00 3.245141014861657095e+04
7.263793530447355213e-06 -1.360734643732414284e+01 4.155532977862994137e+00 1.688791210300643275e+00 3.136112745360913223e+00 8.103204968730277324e+04
7.488879071917063501e-06 -1.357432952483770627e+01 1.972758303217332365e+00 1.702104585493660505e+00 2.590289539025829590e+00 6.254575404226545288e+03
7.654059358287597619e-06 -1.355001251237556836e+01 2.183119654843876489e+00 1.509391491038657662e+00 2.479734406832159177e+00 4.436920089038402693e+03
7.712453368338591779e-06 -1.353991231157864128e+01 1.679345169437785001e+00 2.369125406425713010e+00 2.929555052496587653e+00 5.390136545547209971e+04
7.742255722821854546e-06 -1.353355557234808337e+01 2.019374159394314194e+00 1.052282673526000023e+00 2.471007892685572305e+00 9.829830140099418713e+03
7.744479519158657804e-06 -1.353076838511109514e+01 3.436298085139784853e+00 1.887704411170643359e+00 3.350106712929664443e+00 5.789164643614319357e+04
7.764121213853233754e-06 -1.352573537706804707e+01 2.126418442435900946e+00 1.588576930525950281e+00 2.478157647012845466e+00 5.605551044854835709e+03
7.817587702304515948e-06 -1.351637262554534757e+01 1.603037736211852193e+00 1.443209580272411197e+00 2.992163899948105943e+00 3.409085387510234432e+04
8.074589691947649166e-06 -1.348152659887224303e+01 2.426010612951500445e+00 2.408834136145762805e+00 2.479018915842739368e+00 9.019524071902017749e+04
8.287753625475720274e-06 -1.345296969612791749e+01 2.261601038576484424e+00 1.903356142037824661e+00 2.436257605637494272e+00 1.066019525597221400e+04
8.391235083530648050e-06 -1.343806093589988571e+01 2.613062729920085481e+00 1.693160012994092689e+00 3.332845206283362227e+00 6.629285205870140635e+04
8.541608373368431671e-06 -1.341779933036135830e+01 2.405212254300851171e+00 2.156358439803318650e+00 2.418205932964422988e+00 2.599190236743755304e+04
8.598760522410072677e-06 -1.340863058697601673e+01 2.647277709720163408e+00 1.972270744851066127e+00 2.432987973668756521e+00 1.732217711400734697e+04
8.655343771472560972e-06 -1.339957174730032285e+01 2.738957464970484867e+00 2.289006435431695685e+00 3.117706535578899096e+00 5.920463594534254662e+04
8.643015512751109461e-06 -1.339849711494428774e+01 1.960439296211039517e+00 2.244520056950377374e+00 2.539348872660478040e+00 8.993923433281490361e+03
8.759487919933224966e-06 -1.338261120793625736e+01 4.709975829721269491e+00 1.727112107876168201e+00 3.209930180968364688e+00 8.414167324684448249e+04
8.779308200684715228e-06 -1.337785104263727121e+01 2.402813625685218835e+00 1.912153581165015659e+00 3.165184798888978079e+00 7.102495630758114567e+04
8.822287313988955265e-06 -1.337046748549766306e+01 1.452437242786575267e+00 1.363278225658807852e+00 3.002841146781682902e+00 2.452978291678926689e+04
8.868651765999535874e-06 -1.336272586910247107e+01 2.362046029902318267e+00 1.064759917578423920e+00 2.531423210001215729e+00 6.258090718911846125e+03
9.021759924531345948e-06 -1.334310922592051440e+01 1.621035695110108366e+00 1.989818973404789748e+00 2.705862215705812979e+00 1.829414281566285354e+04
9.357107256663557790e-06 -1.330411246559999228e+01 3.065946864436771335e+00 1.229814974015830842e+00 2.758829131629040532e+00 4.739250764869373961e+04
9.379405806382678081e-06 -1.329923224040315333e+01 1.623692284259860674e+00 2.061090228716728312e+00 3.100036088883165508e+00 4.678055812258079095e+04
9.378256080015634095e-06 -1.329685482778909389e+01 2.877305205172177693e+00 1.026820555218091569e+00 2.452972957616646354e+00 2.216058949820625276e+04
9.557086309804386256e-06 -1.327546575324777756e+01 2.991197555055639778e+00 2.315458421937473865e+00 2.732270082367296737e+00 5.501114383040168468e+04
9.763155392883612001e-06 -1.325163300792076093e+01 3.230709193219151842e+00 1.153107507721575997e+00 2.648624014940462956e+00 4.016785393916512112e+04
9.751038302317286397e-06 -1.325037488266208285e+01 3.350224630815078708e+00 2.110753098522621940e+00 2.589035210969472978e+00 6.723632144564692862e+04
9.750006901970592371e-06 -1.324798066164334820e+01 2.568203460838643704e+00 1.995266907111995724e+00 2.448075894805338049e+00 1.394401412259774770e+04
9.927200785652847464e-06 -1.322747011092756786e+01 2.317333213096378852e+00 1.741419534999117058e+00 2.530022167715909376e+00 6.745940472549917104e+03
1.003583342068661445e-05 -1.321408662435874426e+01 1.896750517744216769e+00 2.191903242378211658e+00 3.318808459563626023e+00 6.527929656565430923e+04
1.021820713475660000e-05 -1.319357751228838360e+01 3.190233954917168990e+00 2.385486364088093225e+00 2.881316601250852649e+00 9.204874404125988076e+04
1.033622597336601174e-05 -1.317959384499775055e+01 2.830861640138453428e+00 2.142375303077599824e+00 2.459052241566368480e+00 4.150576658259690157e+04
1.051528014765970570e-05 -1.315991920307897445e+01 2.010822110633337712e+00 1.959466457381203952e+00 3.051536780152439121e+00 2.748713043910471970e+04
1.056513144741390531e-05 -1.315268956177586901e+01 3.917315075742115571e+00 1.927143972582387343e+00 3.461073661057815887e+00 7.099650164289979148e+04
1.082907357037415378e-05 -1.312551414009511142e+01 2.451576361085132660e+00 1.485220973059093508e+00 2.421997945402091457e+00 1.910504455758420590e+04
1.115733598810266080e-05 -1.309315143683353710e+01 4.484583686969854099e+00 1.856680105190898988e+00 3.178465494597388918e+00 9.927316629171193927e+04
1.118397905438190643e-05 -1.308826634187749605e+01 4.216985526912226945e+00 1.716898500815226880e+00 3.442817539788518566e+00 8.396094120147684589e+04
1.123012660499934620e-05 -1.308164861204039831e+01 1.553649722690751300e+00 1.834527945302829588e+00 3.198951601434066649e+00 2.941398978886246186e+04
1.124157166063996577e-05 -1.307812999239759755e+01 3.985571340508669902e+00 2.193389611192401389e+00 3.129841391330387523e+00 8.666753614292065322e+04
1.141955702141652734e-05 -1.305992124079008754e+01 3.396667704308804048e+00 1.279734902865970581e+00 2.635235099796405578e+00 3.888894199855018087e+04
1.162108738507523249e-05 -1.303992732875169835e+01 3.057928263996818163e+00 2.180303950697680904e+00 2.526880636876803976e+00 4.821572274172479229e+04
1.173033044579670686e-05 -1.302807082128151350e+01 1.996613414004377196e+00 1.189109551955174204e+00 2.571668560376592527e+00 6.207777530841775842e+03
1.179017626017646837e-05 -1.302048199013717600e+01 1.623466813089442740e+00 1.652586182625882305e+00 3.440292421405572121e+00 4.176550589278336702e+04
1.182311059556224939e-05 -1.301519251343766648e+01 1.494966113701164501e+00 1.916028946609468209e+00 2.996360631979233080e+00 3.186922453594223771e+04
1.201836872841022065e-05 -1.299631244776068861e+01 1.890532321154886342e+00 1.784830394463842174e+00 2.588233271242347477e+00 8.430971226206233041e+03
1.206217653345296167e-05 -1.299017400412125767e+01 2.787013468462357757e+00 2.409758376657974210e+00 2.653971581850287809e+00 7.038265938219461532e+04
1.204484219279678274e-05 -1.298911212003601179e+01 3.878824701855916324e+00 1.223185923970953493e+00 3.041898557813747850e+00 4.857702248028659233e+04
1.230891432985322709e-05 -1.296492491240325506e+01 1.941293450264370835e+00 1.626828077675485540e+00 2.502868577248347215e+00 1.676133738502869164e+04
1.234996184987477530e-05 -1.295909568055701300e+01 4.555262511556751548e+00 2.109913895366184899e+00 3.394100398141595143e+00 9.359870604548665870e+04
1.232962870477661615e-05 -1.295824345098122166e+01 1.934692391977065551e+00 1.434471803837886084e+00 2.519450100113975743e+00 2.031735217121815367e+04
1.235963241520329443e-05 -1.295331294283023915e+01 2.219979565081461992e+00 1.512099363302537247e+00 2.643754947697675384e+00 9.905764903988720107e+03
1.249827822910217330e-05 -1.293965776139808987e+01 3.261847231921701340e+00 1.426164221957980871e+00 2.654150066740800895e+00 2.490825028165329422e+04
1.247242001025920115e-05 -1.293922884710326926e+01 3.312242698683635744e+00 1.443087473909239860e+00 3.434460734049026520e+00 6.334496819044297445e+04
1.247277954928707097e-05 -1.293670002079325698e+01 1.597144480942629619e+00 2.124523375825849048e+00 3.058528611736575087e+00 2.942918225717058885e+04
1.273181872681293073e-05 -1.291364438283378746e+01 3.746066452375790057e+00 1.704101098031070682e+00 2.803332219040559625e+00 6.387694819011195796e+04
1.273721003358154071e-05 -1.291072102104014618e+01 3.352942448821790933e+00 2.158853257471026410e+00 2.629409112493513945e+00 9.137647782400414872e+04
1.273167880900133588e-05 -1.290865537251117523e+01 4.848391094375664956e+00 1.974978328238089054e+00 3.083266206401654053e+00 9.398256978190576774e+04
1.282058292977728987e-05 -1.289919673374703812e+01 2.414996371262763564e+00 1.835228413893969179e+00 2.472458777249860518e+00 9.141696522992071550e+03
1.291416432327283378e-05 -1.288942393599519320e+01 2.386810347128089926e+00 2.170808778809092843e+00 2.444334421979874605e+00 1.670336700096799905e+04
1.306782379898035147e-05 -1.287509564429539388e+01 3.341115621237626954e+00 1.102797423021468770e+00 2.624051204851324037e+00 2.539939648301368652e+04
1.311669719931285906e-05 -1.286886264057986118e+01 1.530404048625160662e+00 1.168644687845219243e+00 2.890957021739724908e+00 1.880348882076568043e+04
1.318179580012926120e-05 -1.286141188284772241e+01 2.332295190301343357e+00 2.324659617276339851e+00 3.224711302370043775e+00 9.495487547574032214e+04
1.329651063849155136e-05 -1.285024701174958572e+01 2.738307693127624454e+00 1.731484342336748306e+00 3.320633184866510934e+00 4.392871456390246749e+04
1.363901228453379029e-05 -1.282231441791124560e+01 5.249579631291671156e+00 1.866952167778902716e+00 3.395472219580188522e+00 9.398442441621528997e+04
1.362210097918509940e-05 -1.282105510880705879e+01 3.446518777697971991e+00 1.940196188581016612e+00 2.868540596104393714e+00 8.961725386344344588e+04
1.366379894379547620e-05 -1.281549873190998134e+01 3.013733241606697977e+00 1.777804084806238194e+00 3.098169508631622993e+00 4.068654940908953722e+04
1.363125024891599603e-05 -1.281538368531876415e+01 5.159311542684814178e+00 1.838984827410957035e+00 3.329820667918816035e+00 9.477382639099877269e+04
1.368992412421272962e-05 -1.280858855768645554e+01 2.709028292819721795e+00 2.373250262955107104e+00 2.649390607937352371e+00 4.546667979390511755e+04
1.370482444813066861e-05 -1.280500073420466833e+01 1.997935494247577770e+00 2.309468652402771216e+00 3.013557900889749952e+00 3.733017389519322751e+04
1.368885031221901952e-05 -1.280366699888890558e+01 2.072615881907901247e+00 1.076059670046870087e+00 3.356736313338408717e+00 3.259789797487056785e+04
1.379655000128204966e-05 -1.279333009354637873e+01 3.406962814603029077e+00 1.898000367026862589e+00 3.474574049165442879e+00 8.836854361813934520e+04
1.377007165722934993e-05 -1.279275113795462993e+01 2.898007046265012043e+00 2.085567022662704773e+00 3.182637994497432121e+00 5.181533317253857967e+04
1.415019919348077293e-05 -1.276301995327929895e+01 3.093645045702498209e+00 2.168468430098251076e+00 2.594585186864359905e+00 4.033049375956157019e+04
1.424460224590076739e-05 -1.275387060935290329e+01 3.750827662371426729e+00 1.532685664691802785e+00 2.754193079002622113e+00 4.441679625219050649e+04
1.425904187301025920e-05 -1.275035743164941771e+01 4.491079937618491336e+00 1.761788957132435218e+00 3.228603617343341448e+00 8.670848146487573104e+04
1.459212490299403333e-05 -1.272476666156207870e+01 3.493722547151657754e+00 1.679805327982475838e+00 2.633949393631824787e+00 4.664958270443233050e+04
1.474682088018470266e-05 -1.271172112853891711e+01 2.440846147638996655e+00 2.189477000908858884e+00 2.761749084901242934e+00 8.951632470477237075e+04
1.480836964515818284e-05 -1.270505611705667270e+01 3.380374610988442274e+00 1.987509209726676884e+00 2.736999962443079415e+00 8.470160114286946191e+04
1.483029145661577140e-05 -1.270107684541347481e+01 2.120823373000956469e+00 1.002190405966895348e+00 2.638716919005466455e+00 8.281287557951298368e+03
1.496105561414106225e-05 -1.268979812204774760e+01 4.014702107487220673e+00 1.852364018145706392e+00 3.256221180913805746e+00 9.400102257868311426e+04
1.508093144191658867e-05 -1.267931752716958016e+01 2.531013121730697701e+00 2.002175788605515372e+00 2.478228996507963799e+00 1.318200808339617288e+04
1.539169619321518746e-05 -1.265642049878548114e+01 2.531421693837809350e+00 1.581227349156286044e+00 2.429876922393455096e+00 1.775888773776110247e+04
1.553916135497429500e-05 -1.264438527792538203e+01 2.482160193648912383e+00 2.494832774414088128e+00 2.771338773500394481e+00 8.526978543767781230e+04
1.608890787525197208e-05 -1.260711857184092288e+01 2.595861234142860408e+00 2.073900005400659996e+00 3.452047784135543473e+00 8.276916595150031208e+04
1.619056304452936492e-05 -1.259832011015980413e+01 1.691060241596963110e+00 2.134423612453224095e+00 2.652627310222492873e+00 2.414922744932592468e+04
1.618575203643245455e-05 -1.259611730322333223e+01 2.996572630339696897e+00 1.029156562075266512e+00 2.505275647750509815e+00 1.874697450213125921e+04
1.622849622727387254e-05 -1.259097993120902004e+01 1.742950291075721969e+00 1.743693685003679050e+00 2.707654237706116351e+00 3.162534803547261981e+04
1.623029764434973459e-05 -1.258836893404228441e+01 2.542807033047257192e+00 1.993737839416049429e+00 2.961674463921226685e+00 3.223281072822264832e+04
1.627837274204063501e-05 -1.258291125338873684e+01 1.770013765333281253e+00 1.220310221123181549e+00 2.739569033105285101e+00 2.863183850613344839e+04
1.627350135189809172e-05 -1.258071055352517931e+01 2.262190680124835929e+00 2.271376286739158701e+00 3.062702587815535615e+00 4.359229108105587511e+04
1.668753002241480364e-05 -1.255308691929237597e+01 1.965189747932029274e+00 2.398883254329631232e+00 2.682229490496384372e+00 2.067665165020745553e+04
1.667574754923587058e-05 -1.255129323321153478e+01 2.414034201443912675e+00 1.393587024508152306e+00 2.659305397921449376e+00 4.130478016068595753e+04
1.691761090371937649e-05 -1.253439350988253409e+01 3.274656965556701493e+00 1.965067621359514405e+00 2.677490224319595491e+00 7.369272558761396795e+04
1.695947704516118069e-05 -1.252942185926022844e+01 2.426612460747244349e+00 1.301376345345319319e+00 2.445116130962694090e+00 1.227722158753593067e+04
1.695138523697657673e-05 -1.252739909916470751e+01 2.211290396797534363e+00 2.303417753724662287e+00 3.463256028614837945e+00 7.592366864130759495e+04
1.691804992682243819e-05 -1.252686755956312048e+01 1.771919279913242828e+00 1.018119108214929680e+00 2.725220319790218060e+00 1.154341838986263974e+04
1.720253926858335983e-05 -1.250769164972997061e+01 1.981581599323187115e+00 1.102101589351118571e+00 3.078606584928847756e+00 2.201723587888144539e+04
1.725708676972327390e-05 -1.250202576820593947e+01 3.237822346292506648e+00 1.686367252179530762e+00 2.763653843340304839e+00 3.083394130089017199e+04
1.725492544700453612e-05 -1.249965101866702355e+01 1.660754940641062660e+00 1.874178699960723504e+00 3.427261970363921328e+00 4.556533635292134568e+04
1.742550480781342314e-05 -1.248731372800100914e+01 3.136719949881621172e+00 1.189181227630552895e+00 3.147269224336353588e+00 3.841300577245698514e+04
1.747825997431291163e-05 -1.248179083307827497e+01 3.067345454351079415e+00 1.678875349676393069e+00 2.570356811985377021e+00 2.231292633058193314e+04
1.750822436317161216e-05 -1.247757792040627756e+01 3.519256954100337786e+00 1.009974236316120155e+00 3.136870032589636814e+00 4.516665520471052878e+04
1.761086928452642016e-05 -1.246923237013839625e+01 3.605622270809657248e+00 1.001239248214752742e+00 2.991535657237401225e+00 4.365463441479213361e+04
1.766143036926665143e-05 -1.246386546778912141e+01 2.967071920942778718e+00 1.080984362955293987e+00 2.701412757892732497e+00 2.003363743173237162e+04
1.767869378502668116e-05 -1.246038848100447716e+01 3.223645502721707690e+00 1.920841142880018504e+00 2.668668092560121163e+00 6.808697396061113977e+04
1.790487540320348877e-05 -1.244517560989215355e+01 2.342856884183396549e+00 2.437975724445094805e+00 2.605405330668627339e+00 3.017998988670470862e+04
1.809309733817445143e-05 -1.243221815154443988e+01 1.877236476604383419e+00 2.257193915080848434e+00 2.702528737461165953e+00 5.351691125283200381e+04
1.836967177255992197e-05 -1.241454762305958681e+01 2.548222554118647398e+00 2.193855352601813191e+00 3.114982628670327713e+00 4.800471364963798260e+04
1.852111465040154613e-05 -1.240383724083355155e+01 1.986402161821520407e+00 2.042409169360656307e+00 2.531151306323617511e+00 1.114424634028938635e+04
1.854721587512088023e-05 -1.239992896435262359e+01 4.269486416080097158e+00 2.023403344031337703e+00 3.128058479696064875e+00 7.897074669155859738e+04
1.859352212177960831e-05 -1.239493540751181833e+01 2.811770089548272011e+00 2.367119243353667191e+00 2.728614595048075131e+00 5.849631214961192745e+04
1.878256873100974652e-05 -1.238231940998170799e+01 2.594345936704307576e+00 1.608909431997345596e+00 3.236455614046557461e+00 3.771137252278887900e+04
1.880141133512530860e-05 -1.237881671651171800e+01 1.888331108693618310e+00 2.351937518038061725e+00 2.962365824470150955e+00 6.882556109846476465e+04
1.905473419576470169e-05 -1.236293306963569982e+01 2.765124858545864761e+00 2.064945597135638966e+00 2.492980403359913666e+00 4.838346050927964097e+04
1.901046029784535054e-05 -1.236275928488157660e+01 2.012963449403844418e+00 2.305827453568947139e+00 3.299393360100919992e+00 7.130626920532135409e+04
1.936508044388533640e-05 -1.234177718750263786e+01 2.467865186713227299e+00 2.105210042199533671e+00 2.747989184166707233e+00 7.784775874521338847e+04
1.935001242607045302e-05 -1.234005559289746579e+01 3.265564842274491397e+00 2.141102169603409600e+00 3.115852450147402308e+00 6.172170055848408811e+04
1.946813038730354803e-05 -1.233146986507926712e+01 3.668685795629468505e+00 1.789572842417914478e+00 3.165968844586403819e+00 8.301596962335568969e+04
1.972886286791212932e-05 -1.231566597084612269e+01 1.943199379703898666e+00 1.506583401594201232e+00 3.425648637639292726e+00 3.683555242474097759e+04
1.991173727024357043e-05 -1.230393928411280768e+01 2.452737667005316702e+00 2.129277424274503616e+00 3.445232001118333276e+00 5.753433090358220215e+04
2.051715721961814323e-05 -1.227148718089745572e+01 2.416019114287757841e+00 2.043732229322347216e+00 2.790386212984708791e+00 2.319027423139925304e+04
2.070124784617767387e-05 -1.226005467366877788e+01 1.740938311952432649e+00 1.800818060171100798e+00 3.445472562453685939e+00 4.033139815512490895e+04
2.080751509126758114e-05 -1.225243443062919191e+01 3.146490855344208804e+00 2.231068218716861118e+00 3.216029236507055522e+00 7.087174084468571527e+04
2.098303701898291304e-05 -1.224153430423932853e+01 2.284032528970917575e+00 2.391311474344109733e+00 3.207727043499568165e+00 9.282618887202817132e+04
2.098920161023185775e-05 -1.223874055811119455e+01 2.073073248754192743e+00 2.139884699883784158e+00 2.514876799869857571e+00 1.186175499565944847e+04
2.114816899149936751e-05 -1.222869532530850023e+01 2.776125426222176173e+00 1.136360048996110983e+00 2.707006149305573039e+00 4.161882494239483640e+04
2.139052232401116103e-05 -1.221480071267620282e+01 1.552361006950349509e+00 1.076228218184851704e+00 3.078765097196201062e+00 2.165458283829647553e+04
2.140696085334909654e-05 -1.221153251188840194e+01 1.917575413960351360e+00 1.253741769585408505e+00 2.575377872695441717e+00 8.780845897568293367e+03
2.193058452982625674e-05 -1.218486643812581249e+01 2.243355560491769651e+00 1.371762443941382692e+00 2.663666515756577091e+00 3.812075697503922129e+04
2.192889262987599773e-05 -1.218244358906607161e+01 1.901378754388935999e+00 1.832690916018999694e+00 2.697501358574456276e+00 1.253840768936036693e+04
2.195156546598731813e-05 -1.217891019793421670e+01 2.324061322789342299e+00 1.281903918852144830e+00 2.462480109103980741e+00 1.061048314491496967e+04
2.238727496790173378e-05 -1.215675593889593564e+01 4.085530733802833936e+00 1.597029924108130938e+00 3.035706849009502495e+00 6.352656157014062046e+04
2.236935597978621530e-05 -1.215505666891932890e+01 3.927449905252351936e+00 1.859753605566000667e+00 2.907715573801189279e+00 8.093387107329202991e+04
2.238191658433847942e-05 -1.215199531706663727e+01 3.691528527559513773e+00 1.757013444518280787e+00 2.740047654050413950e+00 4.786691635372609016e+04
2.294305074403877275e-05 -1.212473356371781819e+01 1.848637663228186456e+00 2.048467485234413132e+00 3.475445963857814569e+00 5.504799035577662289e+04
2.321122208621424139e-05 -1.211061278221254867e+01 4.082016621764793740e+00 1.886992577147792227e+00 2.968016717727984588e+00 6.547084908026952326e+04
2.368260097015137747e-05 -1.208800801229667776e+01 2.279166163764224873e+00 1.257362464678676961e+00 2.523654177544444543e+00 7.711031504208267506e+03
2.532392918077197512e-05 -1.201849888839539915e+01 3.348860723886532220e+00 1.747022587806523974e+00 2.698898570941383745e+00 5.735381028241524473e+04
2.562767548645679522e-05 -1.200407581331133677e+01 2.903465072990482287e+00 1.970368025950147484e+00 2.686818155466250246e+00 2.666032818958728240e+04
2.559471795422748811e-05 -1.200286265426364452e+01 3.286210169520223268e+00 1.105030012230017844e+00 3.287090282407489905e+00 4.689526510104987392e+04
2.660831601748297462e-05 -1.196152485538264720e+01 3.063544000406610568e+00 1.061923215700630418e+00 2.593044072877809469e+00 1.993725601013789128e+04
2.662594989451453720e-05 -1.195836235436475725e+01 2.941726146991592739e+00 1.993973836333539307e+00 2.513761011873992146e+00 2.697854292445904139e+04
2.700486081777231284e-05 -1.194173177445854073e+01 1.610201966064696011e+00 1.488374595801332134e+00 2.943606345803898350e+00 1.973515401566573200e+04
2.705014264397883995e-05 -1.193755637592376395e+01 3.715261594671557255e+00 1.793782515781608078e+00 2.906638105573225772e+00 4.961523713344495627e+04
2.759113881989046910e-05 -1.191525399062438062e+01 2.253967447264960455e+00 1.508586385651225825e+00 2.593887811828611500e+00 9.532013882221081076e+03
2.801374745989725467e-05 -1.189755328415299473e+01 4.414360838440077650e+00 1.865839939020819571e+00 3.370239996868769516e+00 7.837438096868098364e+04
2.936004857632310933e-05 -1.184811379629536177e+01 2.248699890380974953e+00 1.228216639234717356e+00 2.476050745321379143e+00 1.074727866580722184e+04
2.976213988173898137e-05 -1.183201154253902310e+01 2.351897954581095629e+00 1.000899256964409512e+00 2.468792731425203169e+00 1.156815812555444609e+04
2.992824763955207886e-05 -1.182394588302505234e+01 3.229335001594173971e+00 1.605250250730557937e+00 3.453801876347989630e+00 5.409115781235750183e+04
2.990692945903784643e-05 -1.182215844651863179e+01 2.009720187588191820e+00 2.425987324764162345e+00 2.604365213514936883e+00 5.792193317487197055e+04
2.987501739522600104e-05 -1.182072606202873999e+01 3.144645317009839403e+00 2.123157612990052456e+00 2.611686286562175052e+00 7.398958280425111298e+04
3.029588998950740483e-05 -1.180423659514301171e+01 2.336111499972614247e+00 2.222465037237399077e+00 2.527014722629167487e+00 1.497531111622982644e+04
3.059012176831976909e-05 -1.179207151573460877e+01 3.202584717976208140e+00 2.264656728559152121e+00 2.653576837228830421e+00 9.662594394715594535e+04
3.061283531077532629e-05 -1.178882927893487320e+01 2.474727167226840052e+00 1.695488142508164708e+00 2.653835484915966880e+00 4.725510574130433088e+04
3.077230332841411305e-05 -1.178113361171281248e+01 2.894222198344706065e+00 1.173080978027271515e+00 2.639752109263528990e+00 1.851630986827509696e+04
3.072364282985656916e-05 -1.178021617159694401e+01 2.293417408792726597e+00 1.678238825417600388e+00 2.555089493288512870e+00 9.588420605865367179e+03
3.101466460879345310e-05 -1.176828851001928378e+01 2.148907211598467093e+00 2.408557245384788992e+00 3.080055371914473206e+00 8.606692701380110520e+04
3.104979130569458790e-05 -1.176465656742398735e+01 4.125491017412954875e+00 1.938929493721591291e+00 3.476604241940671081e+00 9.891037177945730218e+04
3.147284031938467309e-05 -1.174862369271729357e+01 4.121152989847318260e+00 2.004086309774184116e+00 2.936224290643596913e+00 7.853272712364568724e+04
3.171851688027701354e-05 -1.173834801548539275e+01 2.573693304404102822e+00 2.047266658405429318e+00 2.648096637132220099e+00 2.014494464769609840e+04
3.219396900631763821e-05 -1.172096951747975169e+01 4.643100168753730550e+00 1.873409535065778675e+00 3.370814236020804433e+00 8.518047717758144427e+04
3.228975035642758171e-05 -1.171549880110368136e+01 2.870993232609355683e+00 1.752928277054018880e+00 2.495893588852801770e+00 3.471214969921291777e+04
3.286825616452443861e-05 -1.169524132077235734e+01 3.080396680381067842e+00 1.296524449089256015e+00 2.861495406101187911e+00 4.976537893689362681e+04
3.386581106381766486e-05 -1.166284267225373483e+01 2.580041407455034186e+00 2.202424187554216317e+00 2.476495273668264829e+00 2.705814094132998798e+04
3.438982506647741136e-05 -1.164498791687150714e+01 2.469030745836336305e+00 1.557476246258131969e+00 2.570786838478082537e+00 1.213732362629871204e+04
3.441286048725932927e-05 -1.164181830865905809e+01 2.056689460938199598e+00 2.317887645260847229e+00 2.587002008821372989e+00 1.657801382861951060e+04
3.460875670969980182e-05 -1.163364192040854483e+01 2.268682603729832437e+00 1.542432092608140293e+00 2.548482474002979892e+00 3.273326820186065743e+04
3.515474294584310707e-05 -1.161548911094549119e+01 2.029239630737426303e+00 1.654950407237486543e+00 3.055487839179349407e+00 2.513529310063338926e+04
3.546201078121820365e-05 -1.160428664989074754e+01 1.991378259510407700e+00 1.586958321302446517e+00 2.651514178262584842e+00 3.402936388575238379e+04
3.609325575875711734e-05 -1.158414262774867076e+01 3.137652988522316999e+00 1.742262461166252274e+00 3.021455456360928160e+00 4.036434719169777964e+04
3.639771316203627903e-05 -1.157324270709688818e+01 1.600186453866785596e+00 1.838921187385030853e+00 3.256671341333357450e+00 3.876495961948968761e+04
3.654333230218555028e-05 -1.156674991174600109e+01 2.886447662897483557e+00 1.041405112368724684e+00 3.353594799818856664e+00 4.487879603369357937e+04
3.649071162538039276e-05 -1.156569090236025943e+01 2.323288003472379959e+00 1.850774808553282247e+00 2.459381926091235293e+00 1.794439780292955402e+04
3.663243058312365814e-05 -1.155931472497225521e+01 3.429492671579768892e+00 1.234535661384230210e+00 3.277381588368845744e+00 5.011098793512268458e+04
3.697772718153831428e-05 -1.154743289122504102e+01 2.301184139988584842e+00 2.035236472809199615e+00 2.947976781953743242e+00 6.898429874670007848e+04
3.694523190609483830e-05 -1.154581205726324100e+01 3.032013727215281396e+00 1.816239832788659747e+00 2.740362723218726426e+00 2.894535543979296199e+04
3.700466097293063789e-05 -1.154170477759545399e+01 4.144491018608007060e+00 1.794201730977706744e+00 3.050053161440996696e+00 7.762293965257318632e+04
3.780179436285148410e-05 -1.151789208313162227e+01 3.024537626421228254e+00 2.222085130477027271e+00 2.601499691411492510e+00 5.441026505963335512e+04
3.806364921863796035e-05 -1.150848891659659223e+01 2.924521227359394349e+00 1.684247587228735688e+00 2.957346699683994551e+00 6.338402202378743823e+04
3.801794109019647228e-05 -1.150719047228845326e+01 3.289634594177987204e+00 1.529401321078684983e+00 3.495057689346666496e+00 6.159385788006695657e+04
3.800268728073331453e-05 -1.150509177940718608e+01 3.630073536594202732e+00 1.555399897611464022e+00 2.819219852465337350e+00 4.259764412009507214e+04
3.859494630512842473e-05 -1.148712731138542154e+01 2.635056519988530521e+00 1.343746878359873609e+00 2.460454337739368391e+00 1.973588099130292539e+04
3.871110392525543462e-05 -1.148162217253282869e+01 1.800936206503659154e+00 1.290920482329325658e+00 2.747357316824363238e+00 2.900151401718469060e+04
3.942262562917208811e-05 -1.146090874851685193e+01 3.983508958702919767e+00 1.744357296473707297e+00 3.063742426795389662e+00 7.480732146494512563e+04
3.968089563441249985e-05 -1.145187880095350330e+01 3.291944839712206861e+00 2.204497724945210013e+00 2.965290615097478266e+00 6.590131784115226765e+04
3.963719845275673039e-05 -1.145048062233686537e+01 1.560070704495005511e+00 1.405446610419678777e+00 2.877615865629215008e+00 2.260771872399008498e+04
4.001539216731142421e-05 -1.143848447026863013e+01 2.238858248876327117e+00 2.282386711701420268e+00 2.493493465795622477e+00 3.631201772930724837e+04
4.008523895935549709e-05 -1.143424049375397189e+01 4.288041392554692521e+00 1.747840465932454901e+00 3.246552518099319329e+00 7.493400314116945083e+04
4.025118925327819441e-05 -1.142760910445383082e+01 2.898187113431152984e+00 1.967646117701502551e+00 2.731762936786017892e+00 2.912710673575922556e+04
4.124422268252969003e-05 -1.140073760775639578e+01 1.567030424419939783e+00 1.253999057887082769e+00 3.035936719272372741e+00 2.201355208177566237e+04
4.154986984804123691e-05 -1.139085426566843751e+01 1.552740953695605830e+00 1.759574686683237577e+00 2.977170694472024426e+00 2.977297236285274266e+04
4.185952576229586236e-05 -1.138092926673122918e+01 1.574641569843203026e+00 1.019271853473337597e+00 2.882756613394210188e+00 2.069630839928446949e+04
4.184906457889495102e-05 -1.137867920962030688e+01 2.345561839401546056e+00 2.219316392222784096e+00 3.024370058301071751e+00 4.177557430374249088e+04
4.239404251050997864e-05 -1.136324080900889655e+01 3.169508971426723942e+00 2.006435050807571230e+00 2.718146193801708854e+00 3.814946194770940201e+04
4.272549474704785650e-05 -1.135295284581042097e+01 3.173431217860144482e+00 2.126876469744215736e+00 2.732352054509377126e+00 4.661122223260498868e+04
4.526720848391506706e-05 -1.129266575870914657e+01 2.615831728093055641e+00 1.259843589997232893e+00 2.607504427907467281e+00 3.617359555690091656e+04
4.547629496153452280e-05 -1.128555745420905509e+01 2.711091069044876622e+00 2.125032477161291400e+00 2.489960010076905039e+00 2.908762268959443827e+04
4.548226446605434432e-05 -1.128292619653377926e+01 3.990456752183408451e+00 1.798193444772924421e+00 3.357398548955017326e+00 6.905159650000421971e+04
4.560764409039521440e-05 -1.127767331851450194e+01 2.514734525270116094e+00 2.418461293272661017e+00 3.198537543656844839e+00 9.294269980704062618e+04
4.597365827742534873e-05 -1.126718006822546059e+01 2.514095041525954422e+00 1.943405799912515608e+00 3.052419099899625898e+00 7.060853475504831295e+04
4.618842717097704307e-05 -1.126001938197310182e+01 2.048997488106695464e+00 1.231953154545114781e+00 3.411661196073938029e+00 3.760855256722714694e+04
4.632933384358912205e-05 -1.125447333373293546e+01 2.584245512139501599e+00 1.925229999425595029e+00 2.632301179298309535e+00 1.863499207727716566e+04
4.632679352033502209e-05 -1.125202816708993048e+01 2.537565778677507211e+00 1.374568247926486020e+00 3.078552783044899321e+00 2.959132830156267300e+04
4.630268939200619368e-05 -1.125004860892151726e+01 1.973251487018445882e+00 2.380421077011690478e+00 2.763951282759084194e+00 2.844553000841553876e+04
4.679170352379340706e-05 -1.123704274247131174e+01 2.856989033856940807e+00 2.284500054797627300e+00 3.430344822586467668e+00 8.213782443220238201e+04
4.747553166490241304e-05 -1.122003419907211885e+01 1.967403269208700456e+00 2.355906277127760351e+00 2.574815928725525005e+00 2.836504420037678574e+04
4.752164867578717871e-05 -1.121656328573885730e+01 2.956952281806307870e+00 1.081886633727596969e+00 2.548840054743259920e+00 1.939560241640427921e+04
4.777599690355340299e-05 -1.120872529800218231e+01 3.263312479963496937e+00 1.062027577791227362e+00 3.188609596954875336e+00 4.472191897332733060e+04
4.767941870567201729e-05 -1.120824882344009232e+01 2.386590196879962100e+00 1.563717652511027900e+00 3.259235785496321647e+00 5.509530568940137891e+04
4.834434916019086893e-05 -1.119189931310398478e+01 2.316270578809579206e+00 1.934135748712616509e+00 3.045149850965667149e+00 6.453679309942027612e+04
4.854714733323392534e-05 -1.118521321883307529e+01 2.250806854943075308e+00 2.195192475111059416e+00 3.447757322688699944e+00 6.228943804493818607e+04
4.845360749961211675e-05 -1.118464186078596967e+01 2.335294441163349166e+00 1.266934721361375304e+00 2.484106496539295605e+00 1.273690618282725700e+04
4.834960298477953308e-05 -1.118429064395814265e+01 3.189041201900853828e+00 1.557759107954333366e+00 2.717505579094819268e+00 2.850827754773831839e+04
4.844936836066793994e-05 -1.117972935322692152e+01 1.899268572674298161e+00 2.139035904599003501e+00 3.365625393209918048e+00 5.657073779948334413e+04
4.983096769035475664e-05 -1.114911202260791612e+01 1.585152387992579737e+00 1.378931285530610396e+00 3.124102224676885697e+00 3.062545997648097546e+04
4.982829275157191066e-05 -1.114666570429833925e+01 3.788474372629938358e+00 1.856913663527632430e+00 2.835543792202037672e+00 5.977249466141084849e+04
5.032596232295825526e-05 -1.113422756103907396e+01 3.221074485063754711e+00 1.152555427889710771e+00 3.230996764661344223e+00 5.040011072625549423e+04
5.118550596422610170e-05 -1.111479224921452591e+01 2.928950421285036576e+00 2.049001057576179896e+00 3.204243704949323313e+00 5.372752669298978435e+04
5.203138851435961721e-05 -1.109590149279808102e+01 4.021413525141653622e+00 1.852851244764929239e+00 3.465388902119787673e+00 8.571342516604300181e+04
5.285286413754977343e-05 -1.107773674998982472e+01 3.785645714863940192e+00 1.739305506320808270e+00 3.463157312889500794e+00 6.921991391072374245e+04
5.281430489635481970e-05 -1.107596657446149280e+01 2.068898470234169729e+00 2.136230571955380242e+00 2.686961331692460320e+00 5.351255928990602843e+04
5.333270641339048771e-05 -1.106369888279949087e+01 2.834550999111991487e+00 2.142918509327524479e+00 2.537565702171347581e+00 5.173880779659742984e+04
5.380846260029562527e-05 -1.105231790234613065e+01 2.996631541896376039e+00 2.156426964052986506e+00 2.645731430691732999e+00 4.020639836368797842e+04
5.408923043712313551e-05 -1.104461355621703689e+01 3.226263596196033756e+00 1.152809574856144437e+00 2.728395436522379924e+00 2.714755335540102169e+04
5.525000927677681706e-05 -1.102088014624388279e+01 3.181133580664260663e+00 1.413414541220552989e+00 2.925304121357362952e+00 3.403770256815508037e+04
5.534744713860927101e-05 -1.101661811861321816e+01 1.994475291095615610e+00 1.061692771866901142e+00 2.999413881303738094e+00 3.779544462188252510e+04
5.538705091064211316e-05 -1.101340282619000810e+01 1.815826032005942503e+00 2.037283017510369998e+00 2.614394575622788430e+00 2.376180448449950927e+04
5.754564607074655591e-05 -1.097267017696330349e+01 2.033645971284389287e+00 1.065519892526587853e+00 2.542892718857745926e+00 1.197697903867533023e+04
5.741745270177633687e-05 -1.097240034339881731e+01 1.753073338271869730e+00 2.133925186785941897e+00 3.268160251781018655e+00 4.741224118320330308e+04
5.798883913980792726e-05 -1.095999809114153578e+01 2.863812359502226457e+00 1.836288677028704353e+00 2.923410170970207833e+00 3.414051410566975392e+04
5.941894983674053671e-05 -1.093313545823436428e+01 2.015541505279425216e+00 2.323960517770712997e+00 2.794419586077385276e+00 2.776452743875497617e+04
5.999599669095934953e-05 -1.092097081636843292e+01 1.658287873567914072e+00 2.012030636525468097e+00 2.903041648479302239e+00 2.370485187386966209e+04
6.054276053379730008e-05 -1.090939875348316690e+01 3.027401124182497405e+00 2.210921299592841116e+00 2.880589931322766528e+00 5.484380966331405943e+04
6.048759459958847744e-05 -1.090781035847628289e+01 3.916408676191839966e+00 1.763391089235141207e+00 2.974332001094747824e+00 6.843901186491991393e+04
6.086513685181663651e-05 -1.089908810923967941e+01 4.295685494471644716e+00 2.028751007722187971e+00 3.297679448768366051e+00 8.664637762990576448e+04
6.227989688863974996e-05 -1.087360996319227269e+01 3.132598857078428001e+00 1.612078418830325433e+00 3.296131034053323638e+00 4.853802605359176960e+04
6.214427131724057241e-05 -1.087329001594359212e+01 3.154755771516184026e+00 1.499069360253605154e+00 3.088450453038384058e+00 5.911025840545071696e+04
6.218754001804653489e-05 -1.087009399612230709e+01 1.885781081192802411e+00 2.163741913329246813e+00 3.313080588545127547e+00 4.947243677472493437e+04
6.224646215509725916e-05 -1.086664695366726185e+01 3.025237010239905100e+00 1.788318239283902544e+00 2.538048784024359072e+00 2.910379781197913690e+04
6.492803308334938643e-05 -1.082196918136489749e+01 2.140250021460297525e+00 1.111546684510904326e+00 3.393029710976375846e+00 4.149585235535910761e+04
6.592818339504515881e-05 -1.080418263534253498e+01 2.106680032080957332e+00 1.044750888877972184e+00 2.550554993286707095e+00 1.011885563120445113e+04
6.587115023408430788e-05 -1.080254808986267889e+01 3.190531677138441768e+00 2.116730417858024182e+00 3.283826411269441969e+00 9.961555804916629859e+04
6.706842504976128644e-05 -1.078203528689760304e+01 3.020742795379887102e+00 1.626647822056253467e+00 2.761809080826306495e+00 5.346093036270263838e+04
6.774154157309489658e-05 -1.076954905021108644e+01 3.676177059480413067e+00 1.538525546799283772e+00 3.291807912073052123e+00 6.068106079799435975e+04
6.767656477919835095e-05 -1.076800869734592503e+01 1.955668985572970753e+00 2.438134938727887224e+00 2.853369130943978593e+00 5.098611687000413076e+04
6.831864257481213155e-05 -1.075606597389990782e+01 2.047865024460080896e+00 2.460249206182604453e+00 2.798129257191770858e+00 5.842033275360881817e+04
6.822487723062089658e-05 -1.075493938743229094e+01 2.777610975052323017e+00 1.293853353865342060e+00 2.548627020898285522e+00 1.734545986774186167e+04
6.883084313848043671e-05 -1.074359670863355198e+01 2.036238960190527969e+00 1.284590065378127699e+00 3.327301461037230013e+00 4.382700181842727761e+04
6.918754484458230635e-05 -1.073592779591836077e+01 3.183849941891929269e+00 1.135721395262623723e+00 3.223236378252026135e+00 4.874873579725623858e+04
6.955554089075233377e-05 -1.072812307161915513e+01 2.035971879715212651e+00 2.405842905330367376e+00 2.882535673039900992e+00 7.254610566626004584e+04
6.962646614098677252e-05 -1.072460389884120424e+01 2.734491942468135761e+00 1.028478113121653159e+00 2.494225865388020047e+00 1.986545543693676882e+04
6.980066993849059034e-05 -1.071960504685227278e+01 2.187456928830846081e+00 2.312283086537994414e+00 2.569264944446715937e+00 2.082708125811245554e+04
7.110815735397185027e-05 -1.069854659360214910e+01 2.361733979242929049e+00 2.054087784004402728e+00 2.499942709127631169e+00 3.597081141212644434e+04
7.226141135908717926e-05 -1.067995839733994501e+01 2.767552008747842684e+00 1.956896414277792262e+00 2.497195402248786777e+00 3.352012857057760266e+04
7.269283160944671192e-05 -1.067150587721522648e+01 2.204099303841673407e+00 2.080505349334603071e+00 2.556225734204681910e+00 1.455750377563190705e+04
7.263260237840008220e-05 -1.066983476494454131e+01 2.172563393805474696e+00 1.080143125578636898e+00 2.663814712060260881e+00 3.114874024321164325e+04
7.317381091636145692e-05 -1.065991107196308008e+01 2.303296681933672652e+00 1.136238529307113332e+00 2.507717039668186487e+00 1.239877467821966457e+04
7.315230529575276954e-05 -1.065770501293985539e+01 2.907806445747318502e+00 1.412960038609001323e+00 2.810598864380415840e+00 2.537773322308617207e+04
7.323534844255616622e-05 -1.065407044791895430e+01 3.369155177904019638e+00 2.167246671742884878e+00 2.835368295552352258e+00 6.559523229245802213e+04
7.390515135706162732e-05 -1.064246612189036156e+01 2.361782023963101995e+00 2.459317930875154712e+00 2.830663166504241879e+00 9.305990525651797361e+04
7.404031436583882373e-05 -1.063813892095896207e+01 2.890857354452629924e+00 1.729297943430354811e+00 2.605003337595285018e+00 4.563595846891285328e+04
7.607230773858965605e-05 -1.060856434895869427e+01 2.085224060973668081e+00 1.159824979809671586e+00 2.603218832844684361e+00 2.674779016354860505e+04
7.631831694763973402e-05 -1.060283568022316558e+01 1.968095812557970170e+00 1.990036632984731657e+00 2.575732483516189220e+00 1.622844452284185718e+04
7.725489294749402554e-05 -1.058813840164902587e+01 2.861256060769334475e+00 2.150369840633840290e+00 2.553469470051016543e+00 3.875741352067610569e+04
7.738047224082459145e-05 -1.058401420241382063e+01 2.853927581707417893e+00 1.004324811473598977e+00 2.531067204226456813e+00 2.478073574484500205e+04
7.822665042097533164e-05 -1.057063826683224228e+01 3.378027964254066262e+00 1.344664534753972518e+00 3.268562528787511745e+00 5.152937192800577759e+04
7.825495886898777747e-05 -1.056777645500720375e+01 3.394209986559757475e+00 2.252512770040118184e+00 2.794744851220597681e+00 9.263822775015520165e+04
7.818495079665829285e-05 -1.056617147057135853e+01 2.924301684001507251e+00 2.106592961890264348e+00 3.478386358307729687e+00 8.649259184221972828e+04
7.801761966255411993e-05 -1.056581396025792330e+01 2.332751242343446219e+00 2.304510572331220253e+00 2.992774504813381142e+00 4.779654795150659629e+04
7.895620568182181538e-05 -1.055135531425156792e+01 2.545966355728006114e+00 2.142101188547369084e+00 3.226370955197847223e+00 8.261808716912681120e+04
7.896976764886810569e-05 -1.054868356331290080e+01 1.656854510698634320e+00 1.966634818513578242e+00 2.891066856035686250e+00 2.346243079049689186e+04
7.888285745149043360e-05 -1.054728471961111680e+01 3.026531330487536753e+00 1.721311929889046244e+00 3.162227373219148596e+00 4.443142249072525010e+04
8.072484880148799379e-05 -1.052170221091186342e+01 2.547528616627853459e+00 1.108940142313815436e+00 2.691593843770856864e+00 1.653259595306537449e+04
8.118726290064070411e-05 -1.051349028051303414e+01 2.412836995163099019e+00 1.872113946730887379e+00 2.517837595332462541e+00 1.533274980648819474e+04
8.112332891472831466e-05 -1.051177807862903002e+01 1.852780891078310344e+00 1.370738120611674438e+00 2.862225169284538406e+00 3.426376726387580857e+04
8.325058965692814757e-05 -1.048339344274560325e+01 3.069507133952608768e+00 1.796439337328423314e+00 3.132698731313907636e+00 7.150380218594960752e+04
8.380139145752587887e-05 -1.047429904269190537e+01 2.776334995092073932e+00 2.396722249312481345e+00 2.972572107410017317e+00 8.612773548539823969e+04
8.365147574186902475e-05 -1.047358958540660545e+01 2.775839846126530119e+00 1.971123368549436705e+00 3.369690142872833416e+00 5.524196304501852865e+04
8.420763166843446611e-05 -1.046446310001387836e+01 2.712639609342408775e+00 1.784849908604154045e+00 2.820692370174760821e+00 2.666182620615749693e+04
8.402404400800239550e-05 -1.046414565847168987e+01 1.915789441474156751e+00 2.069248794663066882e+00 2.963556844318822492e+00 2.731011032972661633e+04
8.452794997466128485e-05 -1.045566640594512364e+01 1.983023556226447548e+00 1.081162044366938524e+00 2.567363676398147998e+00 1.486925338018145339e+04
8.506804996592395548e-05 -1.044679713052195247e+01 2.525888767399972146e+00 1.019044749123066307e+00 3.292911555966326453e+00 3.869646289969425561e+04
8.639187754021087370e-05 -1.042885499310763464e+01 3.081725700460620221e+00 1.628011519900098181e+00 3.241132786554423273e+00 6.390597797719823575e+04
8.636820072387255175e-05 -1.042662909366054791e+01 1.710257303847538157e+00 1.658876034081281592e+00 2.720553747141549294e+00 2.065858572037493650e+04
8.633663100734001569e-05 -1.042449468524901235e+01 2.749422300434479549e+00 1.942988395097892118e+00 2.580680803188334593e+00 4.961027176451959531e+04
8.930334086116489107e-05 -1.038820975570533278e+01 3.548944326169689134e+00 1.784440709826255134e+00 3.048137744507501079e+00 7.336522214996443654e+04
9.031837961039612119e-05 -1.037440767540703845e+01 2.322129193546832227e+00 1.561627193892235921e+00 3.460830249183617369e+00 4.479464113818961050e+04
9.108412591016030633e-05 -1.036346511452958907e+01 1.633845274307097695e+00 1.803353081767647748e+00 2.926956199560087235e+00 2.311898661779301619e+04
9.156224788557140563e-05 -1.035572960880773330e+01 2.815508897868909344e+00 2.195520696983983999e+00 3.003174345666046019e+00 5.293852298058247106e+04
9.144549928507785712e-05 -1.035450549595607939e+01 2.616559928992770345e+00 1.672379066035331707e+00 2.530534842759891934e+00 1.708500317616813845e+04
9.261487616082252810e-05 -1.033929887611290432e+01 2.796611063470937797e+00 2.168428958311444887e+00 2.819123685474997920e+00 9.217431862815293425e+04
9.377940342766749094e-05 -1.032430340230852650e+01 2.378968436199080383e+00 2.332648576404949381e+00 2.543574640642101148e+00 3.989736616533471533e+04
9.460791399302351571e-05 -1.031300752455688574e+01 1.949704524019942209e+00 1.379536820686215748e+00 3.368515552488885234e+00 3.709676335056887183e+04
9.459463173451002299e-05 -1.031064792709200084e+01 3.295906967883294847e+00 2.126012958314621670e+00 2.854854198524503950e+00 5.821060792793361907e+04
9.526974532361278986e-05 -1.030103636203859452e+01 2.718490280609988208e+00 1.457321081401661500e+00 2.557209926845166681e+00 3.360548469136274798e+04
9.503444436439308573e-05 -1.030100925640329557e+01 3.416066037818322521e+00 1.747679053258056836e+00 3.284535012598045700e+00 7.224182783223922888e+04
9.547143625180732392e-05 -1.029392154863857556e+01 3.530724892050312036e+00 2.061026944242928760e+00 3.244952821205803417e+00 7.091548673705970577e+04
9.620848478570779075e-05 -1.028373110132921475e+01 3.171154391352851931e+00 1.789415217316529860e+00 3.428665333681502503e+00 7.128128571969758195e+04
9.625698295425785963e-05 -1.028072713383679826e+01 2.135753157497659593e+00 1.517431013860746525e+00 2.666715875522919443e+00 1.334132353185985994e+04
1.001254199206776650e-04 -1.023882505520311348e+01 3.410871487952451542e+00 2.016093511493913581e+00 3.295525764301587834e+00 9.244896664761251304e+04
9.989195068333088241e-05 -1.023865954587932769e+01 2.104548163720730614e+00 1.140652643006835110e+00 2.542144891801864759e+00 2.037973414160537868e+04
9.977554660723755354e-05 -1.023732552522859685e+01 2.233804685063692119e+00 2.242983331294992499e+00 2.639384160871359075e+00 2.095069708100379648e+04
9.969319728583063921e-05 -1.023565121174447512e+01 3.049554282726687049e+00 2.004683384384114753e+00 2.590534486610476250e+00 3.832326235662891122e+04
9.969176511893328943e-05 -1.023316557759112833e+01 3.526996485856763730e+00 1.347272657695352205e+00 2.954920419041542790e+00 4.843774894825524098e+04
9.946459885010469962e-05 -1.023294686414226362e+01 2.226060756626242476e+00 2.295452199456934572e+00 2.864487781428417978e+00 3.632167618312192644e+04
9.934289880514912132e-05 -1.023167116464996163e+01 2.239759253238478021e+00 2.443495356470188895e+00 2.748493062045452628e+00 6.090651640523756214e+04
1.002708360704073512e-04 -1.021987376885513221e+01 2.213185691841524250e+00 1.985671651023606099e+00 3.236964599919461616e+00 6.293646028772291174e+04
1.005977865688681704e-04 -1.021411839942111044e+01 2.199416060665163819e+00 1.780669112781766650e+00 2.650064479397822303e+00 1.445839362617513143e+04
1.005268132438784682e-04 -1.021232416418585309e+01 3.346784604939736951e+00 1.097858128874665828e+00 2.969179473519311330e+00 4.193653606745989237e+04
1.008962764046938016e-04 -1.020615563168725437e+01 3.232254764212340259e+00 1.266745136590485821e+00 2.739392838148511533e+00 4.069992504974809708e+04
1.015618719353516105e-04 -1.019708046606337781e+01 2.060757888945155436e+00 1.262962267679001549e+00 2.956804697473415011e+00 3.976494847949448013e+04
1.013672948253419628e-04 -1.019649815165531059e+01 2.342444175457081723e+00 1.130283997955651376e+00 2.499280551388898708e+00 1.636038888073569797e+04
1.012999113773108660e-04 -1.019466311814669623e+01 3.422019241570459780e+00 1.386183646099273581e+00 3.053939987686090873e+00 4.435292785155163438e+04
1.012136630620701831e-04 -1.019301489631212299e+01 2.476783979485658982e+00 2.274767573397999953e+00 2.582828840397211501e+00 6.422238393086539872e+04
1.014081087206644450e-04 -1.018859559892790756e+01 2.571047185691473391e+00 1.871481241840222687e+00 2.722283010496065359e+00 5.563451901877447381e+04
1.019286771858504220e-04 -1.018097532912346637e+01 2.201486695060186349e+00 1.735202324828546416e+00 2.505400143810394997e+00 1.879169484256086798e+04
1.031276747623886136e-04 -1.016678087313884582e+01 2.872818109674203590e+00 1.550272587550399761e+00 2.590131026065240594e+00 3.820494921201324178e+04
1.028920327442709348e-04 -1.016656844187416908e+01 2.959069402505523527e+00 2.198101620559165248e+00 2.660059594597894872e+00 4.814191602614140720e+04
1.034840889327441312e-04 -1.015833078377783139e+01 1.885622565272916384e+00 2.161705127349998534e+00 2.630231472883082677e+00 2.146450948033612440e+04
1.032940513461472816e-04 -1.015766886627383414e+01 2.061932798956665813e+00 1.693494625434216916e+00 2.535642726251313483e+00 1.989276233676358970e+04
1.030935231264741564e-04 -1.015711208677329225e+01 3.816426784965357477e+00 1.971779097303330897e+00 2.938325232375584406e+00 7.034525709380691114e+04
1.051739429007388148e-04 -1.013463307598165919e+01 1.952639825011074137e+00 1.248503700672743522e+00 2.667350908641047624e+00 1.294305796259305862e+04
1.054829779090486102e-04 -1.012919906148249716e+01 1.828311748012951155e+00 2.020719832918847381e+00 2.638591499154457232e+00 2.380661995791429945e+04
1.060101280840510657e-04 -1.012171401703675677e+01 1.764751297568511568e+00 1.436492099054208049e+00 2.695316595186004971e+00 2.201084952857602548e+04
1.060099209611670769e-04 -1.011921597084145574e+01 1.923708915960214760e+00 2.285307064252922071e+00 3.132848106985379744e+00 5.581000319662641414e+04
1.066278319014457414e-04 -1.011090408963716847e+01 3.602573037691144453e+00 1.833398686866507976e+00 2.869846881243164116e+00 6.650993342334080080e+04
1.073209178394332635e-04 -1.010192507666482875e+01 3.150307270645107849e+00 2.098792874462906966e+00 3.061483673533972105e+00 5.792433134741384856e+04
1.076195496721565062e-04 -1.009664633491986763e+01 3.073548753837984204e+00 1.708517227731106036e+00 2.933670318267193711e+00 3.706658638433871965e+04
1.079775609452837936e-04 -1.009082521803505728e+01 1.881228837082336014e+00 1.814460886231705095e+00 2.755223565395461982e+00 1.711347443777522494e+04
1.079343691415487225e-04 -1.008872530527705180e+01 2.013245177015851262e+00 1.502081350251070813e+00 2.623545390590630966e+00 1.273353609523440537e+04
1.097678859751545364e-04 -1.006938064570920233e+01 2.201940114039907748e+00 1.565954877497146125e+00 2.915630599858758831e+00 2.210013555615589939e+04
1.103108812819995850e-04 -1.006194608145808367e+01 2.803673547281853029e+00 1.761948920476810398e+00 2.516540305975869529e+00 3.103759636214151760e+04
1.124745055231055887e-04 -1.004002207615671338e+01 2.057058684481285926e+00 1.619449434205146199e+00 2.545589869900095170e+00 1.678341029927746786e+04
1.128148495662516931e-04 -1.003450067905676235e+01 2.426123256518784022e+00 2.078596270372981003e+00 2.503154581351707098e+00 2.238934758219413561e+04
1.156365792038277919e-04 -1.000729631926314767e+01 3.134062465278719234e+00 2.132466114673030155e+00 2.695581227852239969e+00 5.214424492812140670e+04
1.157710251309192369e-04 -1.000363433547609304e+01 2.810559923000540916e+00 2.192878700285695537e+00 3.223183266193885288e+00 9.346129515866284783e+04
1.155159310168116265e-04 -1.000334020321540507e+01 2.787514051670689774e+00 2.064931990256393401e+00 2.597008870195949282e+00 5.601214715015404363e+04
1.153972560927402145e-04 -1.000186807811510725e+01 1.676029956742153715e+00 1.417135601029706260e+00 2.797524433373148156e+00 2.334846823736366787e+04
1.151738070534461569e-04 -1.000130630146540689e+01 2.665853637588618152e+00 1.277541715593175198e+00 2.860758177055199525e+00 4.520575094126892509e+04
1.150486429305530892e-04 -9.999893633610762222e+00 2.016236195630564776e+00 2.227132617845676066e+00 3.064084040441072077e+00 6.320613085323716223e+04
1.153256545203770224e-04 -9.994988749677125028e+00 2.579359228862222686e+00 1.043426302070897815e+00 3.117719344588283370e+00 3.141666260010448968e+04
1.152977121303091937e-04 -9.992731070224346368e+00 2.590440989244279457e+00 1.982634478295129066e+00 2.922061149121905288e+00 6.974107515222973598e+04
1.158496433313316152e-04 -9.985455482384494985e+00 2.563409997909698479e+00 1.185857328068455230e+00 2.715069363922046008e+00 1.791393433574989467e+04
1.159316805460794360e-04 -9.982247597755989688e+00 3.211335143509364443e+00 1.278608966200965869e+00 3.213599167782135169e+00 4.674206356675411371e+04
1.160247306631990381e-04 -9.978945290791280343e+00 1.637951542572560371e+00 1.305069209599782010e+00 3.104173361292245747e+00 2.554062119100060227e+04
1.172446268592958532e-04 -9.965986074630764691e+00 3.445507927077081423e+00 2.060808736459508683e+00 3.162630785954259505e+00 6.702371279424644308e+04
1.185805020065507152e-04 -9.952156582792735406e+00 3.484812429793951338e+00 2.019471917690577989e+00 3.390428917388317309e+00 7.330969690011643979e+04
1.189827999779191880e-04 -9.946269709882921362e+00 3.749635869763952023e+00 1.925537395704084886e+00 3.202219047361784199e+00 8.736422148754553928e+04
1.198355072918400526e-04 -9.936628624701267398e+00 2.485245737105555186e+00 1.189959277266136262e+00 2.597922790486486555e+00 1.447098980790048336e+04
1.200702769309069923e-04 -9.932171442095025782e+00 3.647356086746551540e+00 1.733561582415564795e+00 3.089657049449997750e+00 6.899915449846263800e+04
1.215268535705150114e-04 -9.917613399145935205e+00 2.732631561439067269e+00 1.103475539611108669e+00 3.029457317951942841e+00 4.561115620737081190e+04
1.217240666091187219e-04 -9.913491920537198965e+00 2.041444704105551011e+00 1.038383454061002409e+00 2.562481090678295992e+00 1.665359549888782203e+04
1.220851220558788529e-04 -9.908030131339058855e+00 2.407723817900492058e+00 2.011640220307051141e+00 2.547231988671134317e+00 4.148386638843185938e+04
1.246308785782581643e-04 -9.884892257241141067e+00 2.796401803240794237e+00 1.973772639030098919e+00 2.632460094870092249e+00 2.586634665638676597e+04
1.250920361469330363e-04 -9.878698898997274824e+00 3.641202918508857245e+00 2.034978649741353784e+00 3.083523842839404505e+00 6.890655646384431748e+04
1.254586791292440289e-04 -9.873272200156158362e+00 1.789004012783124820e+00 1.265850498757300713e+00 2.687371945454023248e+00 1.924534641298810675e+04
1.254694126566117225e-04 -9.870686649532487422e+00 2.930599274122535736e+00 2.337442628439511783e+00 3.164616667922266480e+00 8.817551566088186519e+04
1.253184873649435091e-04 -9.869390258716785880e+00 2.285730470873057474e+00 1.717359404180074822e+00 2.729098971391119566e+00 4.504249266527745931e+04
1.254525324030542240e-04 -9.865821195385610309e+00 2.317410706680701260e+00 2.320183367363794602e+00 2.907098817231422494e+00 8.536625405502613285e+04
1.251477069467734867e-04 -9.865753959276100105e+00 2.560011740600677044e+00 1.999467522210621295e+00 2.498073391228454732e+00 2.602752543389274069e+04
1.265989162773122534e-04 -9.851724705084507150e+00 2.051852929453050312e+00 1.865591202580947128e+00 2.598812309565921908e+00 3.256295640938054203e+04
1.296811401642728281e-04 -9.825169985021780406e+00 3.263470692012251817e+00 1.618854529125681507e+00 2.715405927102136019e+00 3.470530601717787067e+04
1.303028729883289245e-04 -9.817887121631564185e+00 2.809813381135039645e+00 1.914075542215331494e+00 2.841922335130728339e+00 6.675001890338002704e+04
1.336646410650044387e-04 -9.789914670150654530e+00 2.431058495427724342e+00 1.516263504508787552e+00 2.545249303651540895e+00 3.029497891390855148e+04
1.353403924386882779e-04 -9.774955624096840268e+00 2.820384599250992164e+00 2.340842628130548775e+00 2.855410140292163668e+00 7.256349303108471213e+04
1.353367493122079371e-04 -9.772482542708859299e+00 2.560918506495788005e+00 1.378489798598625304e+00 2.526984394493257291e+00 2.729443979440999465e+04
1.353375869757325275e-04 -9.769976353252289414e+00 2.089821091803068853e+00 1.441759559013668701e+00 3.010551038527969681e+00 4.339502642573264893e+04
1.358263445616697746e-04 -9.763871462937714796e+00 3.404284909442815366e+00 1.900595488878291217e+00 2.749608369545830211e+00 4.971704257863867679e+04
1.381504130457943146e-04 -9.744405613346534878e+00 2.212368840362785249e+00 1.650753414809579933e+00 2.544177710879981902e+00 2.776662179200025275e+04
1.393787505351296301e-04 -9.733053603025721756e+00 2.633553379255349824e+00 1.016676305347812947e+00 2.962818786804735982e+00 2.573076274439204644e+04
1.392543661914552296e-04 -9.731446421175970585e+00 2.958452228780133808e+00 2.017278405354694826e+00 3.454032948973113193e+00 7.876001301406478160e+04
1.389871983904253741e-04 -9.730866823568327106e+00 3.209916062792331104e+00 2.043055815033071543e+00 3.264232314812983926e+00 8.936293978143802087e+04
1.391053662158262905e-04 -9.727516978246640633e+00 1.933529302069804334e+00 1.104575579770787908e+00 2.682688095295758579e+00 1.382590971783958958e+04
1.408083021436808135e-04 -9.712849248472863906e+00 1.632752511466224021e+00 1.319129714504879258e+00 3.020944030681691039e+00 2.746828529464317398e+04
1.410921143585191790e-04 -9.708335684149323797e+00 3.309039182988444683e+00 1.570107683317621072e+00 3.049109006449694625e+00 5.907495270636458008e+04
1.436709039324986345e-04 -9.687723359816741819e+00 2.993342569815837351e+00 2.272681463170360239e+00 2.751346095110454915e+00 9.989473794297598943e+04
1.443197513495577235e-04 -9.680717321144797438e+00 2.329918094010847263e+00 1.573291934227540434e+00 2.798396639569837419e+00 1.981216347214521375e+04
1.440467707902826165e-04 -9.680110610551567518e+00 3.222297451748481478e+00 1.692158898267933642e+00 2.996725707881617407e+00 6.303965176612314099e+04
1.440887258104952087e-04 -9.677319393252735935e+00 2.861414258453297332e+00 1.091954005774468994e+00 2.550056497659064725e+00 2.432230092667714416e+04
1.446766803082370398e-04 -9.670747192789812985e+00 2.253475845406343048e+00 2.079356926753341828e+00 3.135209502833281370e+00 6.664623205629798758e+04
1.458327593694384871e-04 -9.660288173177740134e+00 3.398926648516500837e+00 2.184229011352027072e+00 2.827455758184671097e+00 9.768750896948721493e+04
1.471436236637315223e-04 -9.648839513027166248e+00 2.693516371860420477e+00 1.571141772965587879e+00 2.509689637055064537e+00 2.197540154846316000e+04
1.469637085220875533e-04 -9.647562979050603005e+00 2.566694022332981717e+00 2.319149813519923331e+00 2.660305390859889041e+00 8.035291367946864921e+04
1.467541928226309071e-04 -9.646489625053680683e+00 2.635241660452708246e+00 1.654583994180851336e+00 2.504096475656751419e+00 2.590787465898807204e+04
1.466429990956349960e-04 -9.644747599126928250e+00 1.697927232746963666e+00 1.518328469853814644e+00 2.957498425903480666e+00 2.182322989341869834e+04
1.468903032046600264e-04 -9.640562583044591349e+00 1.884733511599973488e+00 1.402521505363574672e+00 2.629794002745202697e+00 2.019293670264660977e+04
1.473086436929961962e-04 -9.635218651924462918e+00 2.324214035274302148e+00 1.715201476158961569e+00 3.355139298701407924e+00 5.556044133354518272e+04
1.481256263672797485e-04 -9.627187914026810844e+00 2.211900038772758315e+00 1.997304506397848289e+00 3.435527659974619397e+00 5.939650115945305151e+04
1.492964835519397428e-04 -9.616814503179961449e+00 3.136182248120095828e+00 1.565262625007188602e+00 2.635137823553681091e+00 3.067484657629757930e+04
1.494424999889588555e-04 -9.613336951158352406e+00 3.810690032238053249e+00 1.892607273323395400e+00 3.021271386205695464e+00 7.574815403984219301e+04
1.517604092027679944e-04 -9.595445632543086134e+00 2.652569729685479327e+00 2.336776043916640511e+00 2.895536480624941511e+00 6.310308804181657615e+04
1.521113251874777427e-04 -9.590635999227517416e+00 2.765845796626822839e+00 1.231167647593415682e+00 2.605173140672917054e+00 3.251189500286155453e+04
1.524377031884600474e-04 -9.585992645642248178e+00 2.406834251676526204e+00 1.381207975327142456e+00 3.412342365348784767e+00 4.502013846812796692e+04
1.521400005168545614e-04 -9.585447501580739882e+00 2.528582337656210655e+00 1.690661171242455740e+00 2.655645035724930825e+00 4.375191864675215766e+04
1.545956500038717107e-04 -9.566935655892690349e+00 2.093201113705529970e+00 1.652054961497667174e+00 3.001653843547282818e+00 2.518799343270878671e+04
1.554331113117101619e-04 -9.559033167806163078e+00 2.012000721538169667e+00 1.945702663180028269e+00 2.575924898094483773e+00 2.664052200328713297e+04
1.561442406318623783e-04 -9.551968455059814289e+00 2.895776253990728133e+00 2.056489278837532186e+00 3.354394514949447181e+00 6.296458838885705336e+04
1.558449867477896048e-04 -9.551386816013234693e+00 2.499405847284783100e+00 1.361829741723730169e+00 2.825313226592518490e+00 4.371471877503531141e+04
1.555082583415207044e-04 -9.551049816032433526e+00 3.480845923713002499e+00 1.507703551908414985e+00 3.063097424618283604e+00 4.829778215556599753e+04
1.579201014954767425e-04 -9.533159436160305589e+00 2.037066838803948787e+00 2.041714386368866041e+00 2.720267574760416363e+00 4.570175607155618491e+04
1.575697040652121190e-04 -9.532880728691250027e+00 3.069921277367215762e+00 2.199466518657142267e+00 3.401133652020698506e+00 9.266786600496379833e+04
1.593868070424625299e-04 -9.518914657974786309e+00 3.073328956662412903e+00 1.744374786922339826e+00 3.326544956548082244e+00 6.655203709597262787e+04
1.592662354526276668e-04 -9.517171415824297043e+00 3.060115898075642438e+00 2.087484569356303332e+00 3.446951720572317690e+00 7.360053891480923630e+04
1.617125037814737851e-04 -9.499428563919176227e+00 2.737637831211725548e+00 2.328624718597120946e+00 2.914399441669533353e+00 6.751066881505597848e+04
1.659643300798839972e-04 -9.470975768317231314e+00 3.509437585415690286e+00 1.940858544627910298e+00 2.848489030159579993e+00 5.723699859678633948e+04
1.669443136049926480e-04 -9.462588349204779092e+00 2.915960476175154081e+00 1.906350432612817780e+00 2.560962830983626315e+00 3.521644992853776785e+04
1.676713906558285829e-04 -9.455742598626741824e+00 1.962677731793194713e+00 2.090228253592121721e+00 2.978079250595611960e+00 5.343399751690550329e+04
1.674683038044796912e-04 -9.454454552206481566e+00 1.752187728566179548e+00 1.070785352934061851e+00 2.758597951415972194e+00 2.179252499852831170e+04
1.685958855473262854e-04 -9.445244012911029330e+00 3.727084095817898124e+00 1.899917740117179843e+00 3.126173236650982012e+00 8.077153453070465184e+04
1.682370228979963335e-04 -9.444874818875124589e+00 2.287550027578717948e+00 1.030767906464643779e+00 3.087803202880049724e+00 4.085860033278682386e+04
1.699818426377653474e-04 -9.432057031214386100e+00 2.557767929800364826e+00 2.361892506253044477e+00 2.745777085229584635e+00 5.961951580501186254e+04
1.700421409283802083e-04 -9.429202360401966132e+00 3.295664955233511773e+00 2.094152790660278374e+00 3.478339873073994504e+00 8.560173833092443238e+04
1.734726048274480895e-04 -9.406728964875426868e+00 1.735739481669277051e+00 1.711888649851049271e+00 2.824739625131731824e+00 3.010139190146353576e+04
1.733954878433939799e-04 -9.404673612203641397e+00 3.203186302510068195e+00 2.017669999929462943e+00 3.197788583785597272e+00 6.089019563656691753e+04
1.765670605957035634e-04 -9.384047903617377173e+00 1.773536057804045551e+00 1.257292502145173962e+00 3.015509321610672977e+00 3.229400729944931663e+04
1.769864254591131333e-04 -9.379175617235691931e+00 1.848609079427538715e+00 1.125801718491530767e+00 3.226358201246670276e+00 3.157062494589024936e+04
1.765831341466709713e-04 -9.378956874071208816e+00 1.841239023065609270e+00 1.024991700685968565e+00 2.860616310804223961e+00 2.879143714311324584e+04
1.772381964338869240e-04 -9.372754084108908756e+00 2.651514453254252945e+00 1.781208827375799775e+00 2.573881018159572598e+00 2.009791625605619993e+04
1.775050025970706456e-04 -9.368749862383330296e+00 1.864508555335488316e+00 1.290551263584142072e+00 2.704159797218704142e+00 1.584144915636608130e+04
1.780895758449270623e-04 -9.362961995751483357e+00 2.372039874519608293e+00 2.259748627879281990e+00 2.608285306455914387e+00 2.675622016633738531e+04
1.803946485999242922e-04 -9.347601711438821681e+00 2.613140456852000248e+00 2.021261319025807968e+00 2.592606307006736444e+00 4.900329501296674425e+04
1.805837611738563692e-04 -9.344053933587776584e+00 2.877688962548166973e+00 1.964053981739591670e+00 2.970632096957491974e+00 4.197553665425292274e+04
1.812367810569279398e-04 -9.337944295571714903e+00 2.109436904051869011e+00 1.380974269628677531e+00 3.101793560775194081e+00 2.727267989161678634e+04
1.819801160069165456e-04 -9.331351226148084876e+00 2.212785393216437857e+00 1.877876418273318970e+00 3.301540173479166285e+00 5.727054688824454206e+04
1.818811546871449043e-04 -9.329395176989693894e+00 3.486994150934173753e+00 1.456912174066196553e+00 2.987395451603650276e+00 4.947242933536665078e+04
1.817200410682734987e-04 -9.327781387658394152e+00 2.048623986675281561e+00 1.596820454607991380e+00 2.590148479481084287e+00 1.536607451152394242e+04
1.812960759854801221e-04 -9.327617180785129136e+00 2.846995712122370570e+00 2.171287125250966010e+00 3.325454404450577162e+00 7.027280380049116502e+04
1.836910610894059272e-04 -9.311993323883390516e+00 1.934712956489092139e+00 2.213587362745621068e+00 3.140893805498573776e+00 5.383475699692763737e+04
1.834978488886104418e-04 -9.310545709799072256e+00 3.186744108410061393e+00 1.673354333570596264e+00 3.354573607917512135e+00 6.241687807809511287e+04
1.838583271236072418e-04 -9.306083154795302903e+00 1.905600485112605824e+00 2.026948706650121501e+00 2.743111645708383062e+00 2.003290690080855711e+04
1.842945402034920947e-04 -9.301213414816432490e+00 3.145148723231486532e+00 1.518003611412374054e+00 2.832687647361632255e+00 4.999677655739755573e+04
1.845213065255058417e-04 -9.297483715211058097e+00 2.446401473732661813e+00 1.125220776184274740e+00 2.744879310958990182e+00 1.793336852733026535e+04
1.862897999341778081e-04 -9.285445129194334513e+00 2.290993726995231405e+00 2.271224323473953088e+00 3.184210837034584962e+00 7.288649769126038882e+04
1.880589308504573235e-04 -9.273493278865583278e+00 3.780362957598088158e+00 2.152803591035576503e+00 3.024789632331666311e+00 9.334601840490692121e+04
1.883732442369813952e-04 -9.269323318217310259e+00 3.226523848602103950e+00 1.737797715203880378e+00 3.365532315268756847e+00 6.553497636144341959e+04
1.893940485822590480e-04 -9.261418896768983444e+00 2.925664922812259761e+00 1.155018705692504311e+00 2.594012432228424814e+00 2.223688189316565331e+04
1.910972094244339748e-04 -9.249966406105388117e+00 2.546194254657988321e+00 1.934732812511269939e+00 2.765869489820605320e+00 2.534872759929806489e+04
1.906525372872418819e-04 -9.249796059718185859e+00 2.351262761301644133e+00 1.517696908444267745e+00 2.994974829307940567e+00 2.672965081636688774e+04
1.912512186879993252e-04 -9.244160809635936005e+00 3.304960387892089013e+00 2.088060450062635631e+00 3.416479564678168934e+00 8.843474613871307520e+04
1.918056837389655353e-04 -9.238765858861318847e+00 2.321573110420330099e+00 2.062232578999159571e+00 3.200486560095792132e+00 6.683181367072676949e+04
1.915739060245783638e-04 -9.237474988135870646e+00 2.917020493235923162e+00 1.374502462539837211e+00 2.893806559094089792e+00 2.992219571860653014e+04
1.917874034234583614e-04 -9.233861169836059091e+00 2.725448071606945355e+00 1.474816290838830701e+00 2.588698491277523051e+00 3.417127584538074734e+04
1.917533782141876350e-04 -9.231538596649524919e+00 2.703633158281324000e+00 1.954786737636316385e+00 3.402640750633601829e+00 6.956718332726572407e+04
1.922087973203676612e-04 -9.226666387360346278e+00 3.203883301166605246e+00 1.224791054034623627e+00 2.938610064883556028e+00 3.763018138913961593e+04
1.917795424112190975e-04 -9.226402158833288070e+00 2.457349763617494798e+00 2.088604180687596568e+00 3.036542705504670536e+00 4.136097986455130012e+04
1.929448709883650238e-04 -9.217844148993155073e+00 2.536464644920378042e+00 1.945653445412751870e+00 3.203140721404968527e+00 4.527776496743591997e+04
1.929769388245111640e-04 -9.215177960737376495e+00 2.223427771016888599e+00 1.824659233022119631e+00 2.528211075259599205e+00 2.474517882094644301e+04
1.950799540900352959e-04 -9.201839159044450156e+00 2.254103814678818818e+00 2.351640035447796873e+00 2.712921885825933188e+00 6.784404570821661036e+04
1.949348974512315894e-04 -9.200083010951210838e+00 1.726645833999773449e+00 1.268734574730768339e+00 2.781572643066628103e+00 2.115438752766399557e+04
1.986105413066178538e-04 -9.178902826264977222e+00 2.361303335109653290e+00 1.099256222569849228e+00 2.648803979503712380e+00 1.493893689678628834e+04
1.987747770152470980e-04 -9.175576244554944694e+00 3.017146857780280023e+00 1.810434557292905033e+00 3.245832723953840926e+00 6.858450763939585886e+04
1.984462496083576008e-04 -9.174730373917585169e+00 1.851408245344683845e+00 2.198194436537366681e+00 3.065243102942278863e+00 4.873996070754263928e+04
1.987729929539193917e-04 -9.170585219885522221e+00 2.903663031229438474e+00 1.786838703088269531e+00 2.583491476269126785e+00 2.728709372130643897e+04
1.990604401324940983e-04 -9.166640156677203777e+00 1.971013113483078394e+00 1.417215688895495651e+00 3.304748492891402378e+00 4.102839092670311948e+04
1.994887980142470208e-04 -9.161990570098199171e+00 2.690899299985054505e+00 2.130181766784968733e+00 2.650697836649001715e+00 3.090396948935153341e+04
2.003458057457235537e-04 -9.155203752319851063e+00 2.157486640479764350e+00 1.554885774470025961e+00 2.542396879027318590e+00 1.996293916245279252e+04
2.009635865491397910e-04 -9.149624924346811738e+00 2.762067788319166883e+00 1.841123549205737175e+00 2.874882727295728913e+00 6.129852407274449070e+04
2.013957643629176245e-04 -9.144976705452426913e+00 2.127222537783939771e+00 2.021070784945618204e+00 2.556712408058170460e+00 2.848129814951274238e+04
2.017460632424758883e-04 -9.140738860635870822e+00 2.353054621420720416e+00 2.137938536253970678e+00 2.984733102558075668e+00 3.896013722120799503e+04
2.026097194034114058e-04 -9.133967090519870879e+00 2.744328999771556088e+00 2.091481614134768741e+00 2.591494114459373943e+00 4.992664371751344152e+04
2.031430897196031691e-04 -9.128838048347322598e+00 2.764728346640529466e+00 2.370339523307566587e+00 2.955258146472199421e+00 9.693968889915669570e+04
2.027215187505925571e-04 -9.128415446138719247e+00 2.435596463057966066e+00 1.152745905249108693e+00 2.666097920780570174e+00 3.301213029774857569e+04
2.023353149479866560e-04 -9.127822358391545876e+00 2.672023192837503558e+00 1.840537182517134163e+00 2.781922008450109729e+00 2.672229621414899157e+04
2.028223212221972964e-04 -9.122918323688589126e+00 1.822317456516434619e+00 1.670204470521850393e+00 3.266992467805359013e+00 4.064977391491328308e+04
2.026606704259020374e-04 -9.121215648401037157e+00 1.673800493673097911e+00 1.460785592388682996e+00 2.917643912698601127e+00 2.216796043071427630e+04
2.024324980158274457e-04 -9.119842166703392650e+00 1.855756063635181086e+00 1.890002951677859144e+00 2.996109831842947102e+00 2.666564466719872144e+04
2.039936191678509117e-04 -9.109659939781035831e+00 1.970544525520019796e+00 2.199940882109699736e+00 2.783713667552758508e+00 2.530718189760903988e+04
2.078694041594018394e-04 -9.088338636653572777e+00 3.090962155760588637e+00 2.070898389809568751e+00 3.258329006251426296e+00 8.648549541032807610e+04
2.076697387886225433e-04 -9.086799631012510758e+00 2.254673454949196465e+00 2.170205924442660361e+00 3.293552050926456864e+00 5.806098356621108542e+04
2.072703006266604327e-04 -9.086224912968468459e+00 2.384812724353550184e+00 1.450743633690575907e+00 3.313904617432576138e+00 4.049429796233621892e+04
2.070044156977911298e-04 -9.085008529635864249e+00 2.772188698055461309e+00 1.244347793157329685e+00 2.549347521481029499e+00 2.505340358683274826e+04
2.111378636772855003e-04 -9.062737352075547648e+00 3.012821047994664880e+00 1.640703611000335016e+00 3.196373523314664844e+00 6.048357086177095334e+04
2.112110706740996506e-04 -9.059890686124278503e+00 2.733411611208489411e+00 1.809820815070310562e+00 2.532216269607741932e+00 2.710631719914291534e+04
2.151970094763035917e-04 -9.038694722841599472e+00 2.296622190685217557e+00 1.111597372156734931e+00 2.568965641338988526e+00 1.442030395033900641e+04
2.181219147729872797e-04 -9.022694505997655767e+00 2.444896073174914974e+00 1.281567290867769326e+00 2.669124873265369402e+00 1.667813230887772079e+04
2.197829775137607089e-04 -9.012608060918928743e+00 2.165811242863691977e+00 1.820038374996922226e+00 3.410514336122339785e+00 4.763102967399774207e+04
2.225003063166524503e-04 -8.997820176237693701e+00 2.044314532751024149e+00 1.682191608764121771e+00 2.657601348996655233e+00 3.220094596280315091e+04
2.220149832467532554e-04 -8.997503782849809895e+00 3.415074569564521045e+00 2.046347689675269699e+00 3.413868048063714689e+00 8.102450802445736190e+04
2.217262260279125572e-04 -8.996305249802007964e+00 2.748100869822046821e+00 1.807578033867411893e+00 2.537151616662039810e+00 2.965035509542569707e+04
2.229201921493656870e-04 -8.988434829880558752e+00 3.031099584746551834e+00 1.722469770859125449e+00 3.016791467397348825e+00 4.118108058685158176e+04
2.227271659771642336e-04 -8.986801103093007725e+00 1.927490670506588177e+00 2.248959617691860924e+00 2.931639853630690684e+00 5.233259758575289743e+04
2.232179161840842745e-04 -8.982100157619415270e+00 2.008770340445297453e+00 1.726099019577512772e+00 2.646392324836952525e+00 1.610241429508904730e+04
2.227363332802064552e-04 -8.981759944600518963e+00 2.783986292864968348e+00 2.259183867002072965e+00 3.124904756176503540e+00 6.981719631255880813e+04
2.265537549124244533e-04 -8.962266409250291943e+00 2.077595570397995584e+00 1.938958101094172104e+00 3.143742403060191482e+00 3.630683014086912590e+04
2.282372368853197674e-04 -8.952363053895815881e+00 2.834916171625133430e+00 1.597434013303266509e+00 3.384764657636935681e+00 5.542296356659323646e+04
2.277359089828906533e-04 -8.952061990868218189e+00 3.937335186840979606e+00 2.097256954425029463e+00 3.256232884159594221e+00 9.507912414043028548e+04
2.277610484984297088e-04 -8.949451608064766361e+00 2.657645447034425956e+00 1.638324925745286542e+00 3.267820076472650381e+00 5.689192413195111294e+04
2.279126243524344541e-04 -8.946286325567111675e+00 3.246483187254360914e+00 1.913264640459283905e+00 3.122315600644845368e+00 5.494577707525523874e+04
2.283941075519413204e-04 -8.941675975907394047e+00 1.711513018987893542e+00 1.696059675199119710e+00 2.804874047200506926e+00 2.417460103268735838e+04
2.302841295027243057e-04 -8.930934762371499858e+00 3.170122414997151417e+00 2.021909991687994790e+00 3.431547663038386098e+00 7.710492043554729025e+04
2.319795173290262658e-04 -8.921099574153226186e+00 3.281123775756300986e+00 1.962140003257358822e+00 3.218370160221728060e+00 6.185990669578336383e+04
2.321510162813721317e-04 -8.917860562397988744e+00 2.957691683109075598e+00 1.312507667514962506e+00 2.728014055212138800e+00 3.988014947961865255e+04
2.337613793499528450e-04 -8.908447805852180323e+00 3.078257301150669534e+00 1.665451899732060426e+00 2.796619695991018339e+00 5.213503178716010007e+04
2.346428056629896585e-04 -8.902184272640356610e+00 2.921521058218423228e+00 1.264901571795184143e+00 3.178924848374142798e+00 4.221014944857350929e+04
2.354251239941979013e-04 -8.896355736468725794e+00 1.878286006821712206e+00 1.585761251925349669e+00 2.705473321946024079e+00 2.756863618908144417e+04
2.366749344483002639e-04 -8.888561039501432504e+00 2.693142707448089812e+00 2.266055087801523094e+00 3.159431166609209640e+00 7.058209390749811428e+04
2.391951400305316472e-04 -8.875468950275129387e+00 2.188636127008317889e+00 1.438918379249743307e+00 3.117117939771221646e+00 2.958355914795265562e+04
2.393599302194428929e-04 -8.872280251290748154e+00 2.982461503329200347e+00 1.904742622498933446e+00 2.820654507207601913e+00 3.718429026877100114e+04
2.400025605904126968e-04 -8.867099062135288534e+00 2.702363880282227182e+00 2.270529375253027116e+00 3.190331903472695796e+00 7.414506708088614687e+04
2.420024049360428725e-04 -8.856300990687536512e+00 1.847872374024103870e+00 2.106174837817923251e+00 2.962075077791424871e+00 3.081180335519168148e+04
2.415967706941383997e-04 -8.855478554907964650e+00 2.099036683195122599e+00 2.137359371585850987e+00 2.653680152976534146e+00 4.356083934002564638e+04
2.411283697011049748e-04 -8.854919208504977490e+00 2.186938479007181080e+00 1.937945398236011529e+00 3.064651349110588008e+00 5.637174953560584254e+04
2.410976048408347647e-04 -8.852546803706962564e+00 1.952110316584237726e+00 1.139678071901706113e+00 2.737279884413855502e+00 1.577286274567378860e+04
2.412765231414487925e-04 -8.849304979888312772e+00 2.176465738558274410e+00 1.601870655382508168e+00 2.752509463600045780e+00 1.798976750101157086e+04
2.430535671875189488e-04 -8.839466794399204019e+00 2.959634935075294848e+00 1.032624867875086228e+00 3.027727752754241664e+00 4.207036597273343796e+04
2.426312390698959209e-04 -8.838705898520336390e+00 2.405062597224699061e+00 2.319922652018985509e+00 2.703988483305855617e+00 4.041047539635818248e+04
2.427204154140937562e-04 -8.835838427453214905e+00 2.356996662109984264e+00 2.146204989870561519e+00 2.596386431157156949e+00 4.675442585411576147e+04
2.422306102508096188e-04 -8.835358447223935485e+00 2.705990526106695881e+00 1.854475288994382520e+00 2.590348840229110383e+00 2.314659254590226192e+04
2.418238645854086700e-04 -8.834539025680607338e+00 3.582023712138718174e+00 2.023420257716276538e+00 2.967210758100670809e+00 7.067412234161273227e+04
2.438752946866459402e-04 -8.823591647253348214e+00 2.009282790580766420e+00 1.819853533974753024e+00 3.059945145557680490e+00 4.801886772005975945e+04
2.435207824048935042e-04 -8.822546366981036670e+00 3.640574853445593728e+00 1.925367662693443283e+00 3.290301099156745845e+00 7.666615247217089927e+04
2.433665518881924410e-04 -8.820679903781016407e+00 2.738366089441643503e+00 2.272609217640824131e+00 2.823471446192706846e+00 5.600491943594651821e+04
2.432001776546770775e-04 -8.818863773967354547e+00 2.334272356526335468e+00 2.336045865248429720e+00 2.715179917310844626e+00 4.050778532624881336e+04
2.427173877393049787e-04 -8.818350901449957036e+00 3.231985091374639740e+00 1.628649012872566137e+00 2.714705454309520150e+00 4.194967476154211181e+04
2.429586748577904326e-04 -8.814857287982384548e+00 3.376881873570132697e+00 2.045642644282538392e+00 3.362102646723311494e+00 8.513732535960820678e+04
2.454480524914860371e-04 -8.802163328515376861e+00 2.874716742026266925e+00 1.631867192480399797e+00 3.048892214673368350e+00 3.846470530579244951e+04
2.452985969394388195e-04 -8.800272423072989625e+00 3.233316557037815286e+00 1.854491819585257995e+00 3.197505515014656741e+00 7.212879825700186484e+04
2.458052893490941457e-04 -8.795708938732538229e+00 2.531345464518806931e+00 1.265003060914695165e+00 2.894817760035071075e+00 2.388876582293469619e+04
2.467842513552349665e-04 -8.789234175916405434e+00 2.971320713966890015e+00 1.442352086608856832e+00 2.605325594799703381e+00 2.752908056829962879e+04
2.472764542113249056e-04 -8.784741695990838650e+00 2.750077949282122347e+00 1.653296076669123149e+00 3.151561632913766786e+00 5.773128488587585889e+04
2.471664680261404651e-04 -8.782686585307891036e+00 2.697510909045108818e+00 2.053983108790833789e+00 2.708717468062136202e+00 3.039447507026001040e+04
2.484806088159463664e-04 -8.774883844988936588e+00 2.698736525439637379e+00 1.960584473775298209e+00 2.913242599456805415e+00 6.698422448848397471e+04
2.480349610905941576e-04 -8.774178946178240679e+00 2.806945719821488883e+00 2.042201613281393158e+00 3.278918926187485372e+00 7.656310782508992997e+04
2.489706417301128390e-04 -8.767913669732019244e+00 3.092175739506499266e+00 1.226890853053289376e+00 2.709708328149582179e+00 2.954733422090153181e+04
2.490023334770489929e-04 -8.765286386732507040e+00 1.742218483883337665e+00 1.232103346734257920e+00 2.895586683286889951e+00 2.701444757241712796e+04
2.501588888815524554e-04 -8.758152383038501299e+00 1.733287447576819851e+00 1.957101562542726159e+00 2.936511240529224409e+00 3.553087563224795304e+04
2.506758564466335642e-04 -8.753587958581103834e+00 2.596455430497023986e+00 1.323204976345970785e+00 2.552531870221617538e+00 1.863277919992544412e+04
2.511515571878197763e-04 -8.749192084140023695e+00 2.098147652778946881e+00 2.307736774523818202e+00 2.808191895389814174e+00 5.944839245748278336e+04
2.519132419498162868e-04 -8.743663904289839195e+00 3.475962782411089691e+00 1.959496692944677543e+00 2.872020537310444155e+00 6.443116367814834666e+04
2.518652320701002126e-04 -8.741354503461250758e+00 3.619270200129981241e+00 1.953852376033425431e+00 2.999391734713610980e+00 6.808496086148546601e+04
2.526703414459677234e-04 -8.735663013697170243e+00 3.412929863252253782e+00 1.499934982336334599e+00 2.961986197839033164e+00 4.884548387852790620e+04
2.525963695766604046e-04 -8.733455816956212203e+00 3.798938597421826380e+00 2.095638704677832642e+00 3.108118031366261746e+00 9.299226088125535171e+04
2.537216741200142510e-04 -8.726510759505751835e+00 2.424848088316329697e+00 1.464503754126222468e+00 2.526314937478965295e+00 2.275508868409974821e+04
2.537392465798839571e-04 -8.723941503099357675e+00 2.990724763417230925e+00 1.318922631059805006e+00 3.173094840112707704e+00 4.367669058386136749e+04
2.549780526831340027e-04 -8.716571181001981472e+00 1.725416972329651744e+00 1.916078288166628063e+00 2.822192654657859290e+00 2.622161650339281914e+04
2.546066343566407244e-04 -8.715528910803172380e+00 2.609122500785481691e+00 1.671318320292906057e+00 2.566858025384838982e+00 3.361426084422746499e+04
2.551586891909337729e-04 -8.710862992390879356e+00 1.870976659733505132e+00 2.261765846455317419e+00 2.789874515991219717e+00 3.296592862396501732e+04
2.578229920079113074e-04 -8.697975382573030600e+00 3.067653101563315943e+00 1.227744817949730116e+00 2.747272860949030893e+00 2.881488562381491647e+04
2.579486294337934751e-04 -8.694988200172355519e+00 2.638560547448360438e+00 1.640708207666911944e+00 3.410802808419115539e+00 5.217312303788789723e+04
2.592942697914122751e-04 -8.687285061007097298e+00 1.749210311079043567e+00 2.107880334235167741e+00 2.890055726405181602e+00 3.207269266803505161e+04
2.604723812321932028e-04 -8.680251821115684052e+00 3.253591714755590836e+00 2.007410548924922544e+00 2.939214948219342816e+00 5.443739431028500258e+04
2.618672621390382782e-04 -8.672410912224968627e+00 2.517168211303842718e+00 1.613033580416686874e+00 2.551842287908052231e+00 2.992279426508180040e+04
2.618402083450675441e-04 -8.670014228658359912e+00 2.164120214482867510e+00 1.167139038917078819e+00 2.929478430983703419e+00 2.132587923741185296e+04
2.631649596701638415e-04 -8.662467595911017781e+00 2.714837426849898705e+00 2.100759467314501805e+00 2.582123112201163195e+00 4.300364601363772090e+04
2.650347300207805718e-04 -8.652887780465830403e+00 2.917624549025564562e+00 1.037195752788272252e+00 2.653978965416111446e+00 2.947425920670647611e+04
2.644742416636977362e-04 -8.652504793005315165e+00 3.002900971347287395e+00 1.334584605101027943e+00 3.136174016302843981e+00 4.232551100478068111e+04
2.651304169398896547e-04 -8.647526810225910410e+00 1.964283971586443522e+00 2.276364741244994772e+00 2.778111523855336884e+00 3.096220355142482003e+04
2.676273644097624475e-04 -8.635653072889654780e+00 2.445648051181231075e+00 2.061439650432990156e+00 2.630785960772532128e+00 4.959207925354903273e+04
2.767777026302299008e-04 -8.599533988129747897e+00 2.565446990288497098e+00 1.327567688041141336e+00 2.750014241032522122e+00 2.041320368264179706e+04
2.852821998932210997e-04 -8.566769789114445643e+00 2.917226245567571929e+00 2.073598766207845667e+00 2.814643999491392101e+00 7.416684382601964171e+04
2.849138731558245813e-04 -8.565561719403119056e+00 2.868128581553650580e+00 1.436202317108012494e+00 2.940948030113463396e+00 3.228687102985750971e+04
2.853276251546363784e-04 -8.561610572572712741e+00 3.148253352349449141e+00 1.645896273034598734e+00 2.911626342173504245e+00 3.930417857686655043e+04
2.846644485349330558e-04 -8.561437541488814418e+00 2.829105186638823710e+00 2.013478954642264895e+00 2.681886895561992112e+00 5.716192465855622140e+04
2.850257353570261965e-04 -8.557669178856830428e+00 3.129585403899042273e+00 1.639970837570818185e+00 3.183493331189240383e+00 5.954773265978979180e+04
2.845380469383708660e-04 -8.556881677274040143e+00 2.919527221270077355e+00 1.184744681246932441e+00 2.758235917319248998e+00 2.510916707082546782e+04
2.859112972247685814e-04 -8.549567041397279965e+00 2.352976448744985571e+00 1.254418756792057277e+00 3.280642189136195874e+00 3.991780663858120533e+04
2.875367240944553681e-04 -8.541398066486491913e+00 2.983306366248468677e+00 2.148032933787898280e+00 3.067626085408714509e+00 8.967335778937223949e+04
2.873154931935599488e-04 -8.539667763132563039e+00 2.369711070301704581e+00 2.187884047121562148e+00 2.862375851401037785e+00 6.994221220007953525e+04
2.904482284069667968e-04 -8.526323309603911937e+00 3.552793534053666491e+00 2.074006475069923638e+00 3.305910366585579130e+00 8.525919521302990324e+04
2.905203593656037388e-04 -8.523574996836146056e+00 2.386455754602708090e+00 1.313126078050540269e+00 2.633846570812059973e+00 1.616331522375110762e+04
2.919877451251156968e-04 -8.516036821909095167e+00 2.611478875157027701e+00 1.631407666068211304e+00 2.797553107061120592e+00 2.433871017995277725e+04
2.912681286490364282e-04 -8.516004407315707070e+00 2.099919096715824551e+00 2.290446329125069624e+00 2.650677634358980850e+00 4.023296674174508371e+04
2.908969093642621833e-04 -8.514779713494705859e+00 1.882445681775624102e+00 1.132685107597898311e+00 3.063873268914089731e+00 3.307007512801694975e+04
2.916518621961912091e-04 -8.509687816330284704e+00 3.354967339727897624e+00 2.133548041542826290e+00 3.007803973465816849e+00 7.290237236175700673e+04
2.916929451424251783e-04 -8.507046963284931707e+00 1.767315658399864375e+00 2.120166023251498721e+00 2.893981114629780915e+00 3.428973091073643445e+04
2.920131080520217953e-04 -8.503449962697214204e+00 2.592781711774696074e+00 1.296075672563792303e+00 3.235358880940312876e+00 4.664259521915885125e+04
2.930854722799384137e-04 -8.497284373804323110e+00 2.970214589128536531e+00 2.208214150666211406e+00 3.278569421826975638e+00 8.182065485709247878e+04
2.926468047621464384e-04 -8.496282217160407768e+00 2.810941595277977711e+00 1.768460599096268959e+00 3.289907781516738794e+00 6.200793973772670142e+04
2.951175086781880727e-04 -8.485375043019034891e+00 2.495710322679911997e+00 1.661069694209753145e+00 2.798104414241496141e+00 4.731242317049029953e+04
2.944246865547928333e-04 -8.485225417421210281e+00 2.966688800633195289e+00 2.218866635996780357e+00 2.986888732778349986e+00 9.543464123473280051e+04
2.973462362677814714e-04 -8.472851416057272544e+00 2.119009135519131615e+00 1.859314351878329497e+00 2.951388310068366660e+00 2.693943158607432269e+04
2.974593048949596748e-04 -8.469971229187059691e+00 2.951736888360876332e+00 2.232381780238616109e+00 2.801342939341132876e+00 6.577121556803563726e+04
2.973678671386650050e-04 -8.467778672294279829e+00 2.097763699458083053e+00 1.422017179470354886e+00 2.703094008325168218e+00 3.179862441466140808e+04
3.001182717638961519e-04 -8.456072018369727772e+00 2.007719209141194838e+00 1.874845369680513629e+00 3.158964228495628301e+00 3.573455613238630758e+04
2.995956922892741860e-04 -8.455314781214054776e+00 1.719930347043648666e+00 1.356862046005692157e+00 3.010368820393247713e+00 2.412787532049953734e+04
2.994779369753253770e-04 -8.453207905897610175e+00 3.235229916638173719e+00 1.966032886379586841e+00 3.053126569166648707e+00 7.743759951826624456e+04
3.004018407215517284e-04 -8.447627607107435210e+00 1.853738196323472698e+00 1.708373884388308284e+00 2.691471267451072347e+00 2.133972012115409962e+04
3.003546247621015548e-04 -8.445284795459985006e+00 2.171176007611243630e+00 2.182965797320407297e+00 2.772186056121968889e+00 2.735020283611437844e+04
3.009853697571242032e-04 -8.440686996437523959e+00 3.336648987362224705e+00 1.907456274295789456e+00 3.240394169376384248e+00 6.348820640960940364e+04
3.033609249764560208e-04 -8.430325386380170372e+00 2.740441349407620741e+00 2.060504135687520666e+00 2.647734297501477041e+00 5.405281554779307044e+04
3.034868707394932589e-04 -8.427410304490656756e+00 3.122040193401761865e+00 1.539266151600287458e+00 2.833827879579404740e+00 3.518270872669558594e+04
3.072775779564260504e-04 -8.412497152744236928e+00 3.248111531249257666e+00 2.131920002386307189e+00 3.030332069801782602e+00 9.255187455224413134e+04
3.067243326850016983e-04 -8.411799249485500951e+00 2.398866815462244784e+00 1.479861104833078311e+00 2.659335196166113136e+00 1.735932345431928115e+04
3.073025015339866700e-04 -8.407416045079324718e+00 2.087976449204117291e+00 1.426647213932282776e+00 2.805038578627065071e+00 3.597256023612368153e+04
3.087251722236068860e-04 -8.400297183688898883e+00 2.270372314412754555e+00 1.201147295231338452e+00 2.703985743651206697e+00 3.225677753029703308e+04
3.090420559848035308e-04 -8.396771283399857566e+00 3.119927814819916101e+00 1.259934150143670717e+00 3.046206850110049658e+00 4.515443258542788681e+04
3.084507071255070641e-04 -8.396186606381446538e+00 1.927113329550719234e+00 1.247782260189771453e+00 3.021085142858862316e+00 3.497197324654149998e+04
3.134244280829751278e-04 -8.377690382279897818e+00 2.087043645061505526e+00 1.398182602583053491e+00 2.588675297100836659e+00 1.922638244038681660e+04
3.129174092484373975e-04 -8.376809367042097776e+00 3.271766923135746463e+00 2.109580368037207165e+00 3.317900313371808352e+00 8.119140892123673984e+04
3.155396678507110288e-04 -8.365964250355961696e+00 2.395375837437450972e+00 1.972324427580677941e+00 2.538446313677956923e+00 2.577235417568316916e+04
3.200672530895501823e-04 -8.349217514930195705e+00 2.320244882343861725e+00 1.410048152750768446e+00 3.317788629900142894e+00 4.503455129837017012e+04
3.195129273627299424e-04 -8.348450920318795099e+00 3.028917134704336878e+00 1.212255547495772356e+00 2.766504145336151410e+00 3.736379921659285901e+04
3.197685855634362865e-04 -8.345151090481182976e+00 2.011567219727457889e+00 1.559550837853838079e+00 2.645788333548037663e+00 2.669786293084402496e+04
3.211037964329151607e-04 -8.338484230310900358e+00 3.560293197541399390e+00 2.088465140493016570e+00 3.204994468689319476e+00 9.076196831832989119e+04
3.215245277889753456e-04 -8.334674822056346244e+00 3.371218932594199913e+00 1.693141818077614991e+00 2.869639396842365908e+00 5.160495496604404616e+04
3.209502867200498513e-04 -8.333962413441632577e+00 2.523402177980753169e+00 1.167277428763723535e+00 3.179117145376258780e+00 4.335564692984653084e+04
3.211253059381209869e-04 -8.330917246410187715e+00 2.812725399672125093e+00 1.173518277477621163e+00 2.681782438638343979e+00 3.368251522849500907e+04
3.225590714238215956e-04 -8.323962367878635860e+00 3.200795722720566783e+00 2.148566178326613674e+00 3.107897630498234420e+00 7.200362421511139837e+04
3.218997250228943711e-04 -8.323508570474105639e+00 2.710574731233415413e+00 2.198450929531368114e+00 2.938687983788224933e+00 8.415496810843738785e+04
3.215527710075596229e-04 -8.322086984346459104e+00 3.246513470959818015e+00 1.984995001828258054e+00 2.918290337459249706e+00 5.354727420310043817e+04
3.214058289621934072e-04 -8.320044065246943177e+00 2.135047572784207759e+00 1.527236319888880089e+00 3.002756821295939016e+00 4.348526729467709811e+04
3.212954864789806133e-04 -8.317887436208371454e+00 2.527157303223698026e+00 1.858632426384921210e+00 2.581076834623383220e+00 2.113353063244165241e+04
3.224278040118755450e-04 -8.311869406901465140e+00 1.900749533232856336e+00 1.952116963956753715e+00 3.072130084153060992e+00 4.613200405131245498e+04
3.255738114637718363e-04 -8.299659455275781639e+00 1.799933200541063316e+00 1.932621029279683711e+00 3.117023755686719078e+00 4.075383782712709944e+04
3.273276919572112886e-04 -8.291786869355806999e+00 2.113780209474430016e+00 1.497492337655042416e+00 2.580783033103143165e+00 2.114796501504113621e+04
3.301812583657457107e-04 -8.280606883103860838e+00 2.055737613075516723e+00 2.319728458214204814e+00 2.900933205507762125e+00 5.210276411864571128e+04
3.321811511841303425e-04 -8.272068198339027845e+00 2.471919085730284849e+00 1.296975909421666184e+00 3.272211651385055653e+00 4.175852343081186700e+04
3.366799954675990785e-04 -8.256115743665713325e+00 1.750867861532927838e+00 1.739683882653291880e+00 2.944123128138910417e+00 3.279115384876677126e+04
3.374821371524851753e-04 -8.251236072590739212e+00 2.651523347281163900e+00 1.895255564220197586e+00 3.035401249475657259e+00 6.357305428338883939e+04
3.371824312032419479e-04 -8.249624531783689818e+00 2.667291968512882860e+00 1.938126093507129166e+00 2.727340448433346332e+00 5.488659874230377318e+04
3.381765751866197241e-04 -8.244180483678828608e+00 2.530919436129244193e+00 1.664954325222559373e+00 3.013864400554354450e+00 5.284367294006238080e+04
3.378292934621946429e-04 -8.242707935572610722e+00 2.708905598169705886e+00 1.899088554746993340e+00 2.617913507534137540e+00 2.554779850927964435e+04
3.378925599796217105e-04 -8.240020679478138987e+00 1.772082371951424928e+00 1.681992886010644783e+00 2.922045317820796573e+00 2.331184432872581237e+04
3.433088966058878014e-04 -8.221618039458830296e+00 2.020934443178411311e+00 2.106774610336088482e+00 2.634163051466245964e+00 2.404500717547669046e+04
3.430661195677503928e-04 -8.219825457539450042e+00 3.225961589998475265e+00 2.035687037357288176e+00 2.829902142169339108e+00 5.648450229429019237e+04
3.433488061541417526e-04 -8.216501796538558722e+00 1.861832942701965754e+00 1.401306147263558843e+00 3.080127740074389386e+00 3.544490101677486382e+04
3.430011950090080240e-04 -8.215014723395892560e+00 1.880067626024873428e+00 1.854467855836521517e+00 2.741168100854620704e+00 2.052625936182099395e+04
3.440901617458250877e-04 -8.209344933417018098e+00 1.961310986863228578e+00 1.551096017137277183e+00 2.841280830106068578e+00 3.540063986745219881e+04
3.443969668048740742e-04 -8.205953689219025904e+00 2.158477033099719389e+00 1.055948673988125419e+00 3.191603117528708733e+00 3.375117544992173498e+04
3.444810296104053792e-04 -8.203209632052486100e+00 3.271318893123927651e+00 1.555569010151743869e+00 2.834143416535921389e+00 4.174343465328933962e+04
3.451220457109951630e-04 -8.198850544388422534e+00 2.540803251201976032e+00 2.294967151415301387e+00 2.721019955413044755e+00 5.094804640404335078e+04
3.445788159115499723e-04 -8.197925806772465407e+00 3.309103565017205373e+00 1.528101009301956692e+00 2.955658272861829694e+00 4.975634236347514525e+04
3.445657059537800986e-04 -8.195463853821687294e+00 2.792922981350283163e+00 1.120829794947767910e+00 3.044758036553539604e+00 3.497616876524793770e+04
3.444638895865805993e-04 -8.193259389365007195e+00 3.035843258705614112e+00 1.783914700071950632e+00 3.023247105438802596e+00 6.271879258643455250e+04
3.455859912470731171e-04 -8.187507153024700557e+00 3.339149658100444285e+00 1.951655353559703876e+00 3.276760426315554753e+00 6.962175737511579064e+04
3.467504002144654622e-04 -8.181643441165405761e+00 2.062420571098134481e+00 1.830282936092911594e+00 2.785088385004564682e+00 4.127293557091050752e+04
3.486258540050785450e-04 -8.173749358964293776e+00 3.377849772240963500e+00 2.027145620654588143e+00 3.011050193268993258e+00 8.065666342521530169e+04
3.479010966118429443e-04 -8.173330420304878885e+00 3.234601182531786634e+00 1.739748979097513804e+00 2.755699550177381774e+00 4.469541247587028920e+04
3.473236559354710542e-04 -8.172491583279992255e+00 2.958903594424065364e+00 1.212192695024645328e+00 2.654854382511381949e+00 2.795951565308085264e+04
3.487304245172509996e-04 -8.165949453403314351e+00 2.827334262261917974e+00 1.164298728337003652e+00 2.867387440703177859e+00 4.095701811500735494e+04
3.479804587183811092e-04 -8.165602329457303910e+00 3.224077780646186220e+00 1.372065521303560631e+00 2.969873139684238605e+00 4.345170380618276977e+04
3.483541643511458034e-04 -8.162028978639288113e+00 2.962559922941883084e+00 1.671089489758713187e+00 2.625727155339327101e+00 3.240457981755208311e+04
3.481465701510563825e-04 -8.160125084848377952e+00 1.878573167549765444e+00 1.058860896873036195e+00 2.715320225040986468e+00 1.863748417747976418e+04
3.479367793406944339e-04 -8.158227859837513307e+00 2.785466823748490750e+00 1.734531897513439613e+00 2.679885663627318948e+00 2.546574231407069237e+04
3.488014146792695297e-04 -8.153245906673905807e+00 2.991701629067604173e+00 1.375049613525390679e+00 2.657339264760135045e+00 2.951010483302814100e+04
3.523126329039891159e-04 -8.140729711472060259e+00 2.717027289238814536e+00 1.701688673457421253e+00 2.931821716228884878e+00 3.275524438352111247e+04
3.518132009277219713e-04 -8.139648298991579267e+00 2.856498483687774037e+00 1.954915073502724976e+00 2.702310144669998415e+00 3.308600391330286948e+04
3.525274751802955509e-04 -8.135120091558279753e+00 3.134612889664671886e+00 1.353258129725374070e+00 2.971186381949181943e+00 4.003027189335721778e+04
3.522379214449617639e-04 -8.133441794079462994e+00 2.575570575814939644e+00 1.145395690684401835e+00 2.785180558300950793e+00 3.728189316764104296e+04
3.513623103193079305e-04 -8.133430740325209740e+00 3.001509740808279592e+00 1.028947666704496555e+00 2.769025040092045309e+00 3.165316500989924680e+04
3.523657992260230821e-04 -8.128078816199234780e+00 3.106635427903744251e+00 1.255422061911936948e+00 2.974767826645799751e+00 4.353375785329680366e+04
3.544049638481599801e-04 -8.119808429570625208e+00 2.737755217380331008e+00 1.913105478211473365e+00 2.698314828806217758e+00 5.186745924659723823e+04
3.559186445547496782e-04 -8.113046476342770319e+00 1.848015193922680099e+00 1.449524694530242019e+00 2.875969989924216819e+00 3.128253979215908839e+04
3.556829294131619518e-04 -8.111208968273174946e+00 2.419610328343503980e+00 1.909801129786262486e+00 2.648828704830145320e+00 2.092279563186395535e+04
3.564645598919096033e-04 -8.106513830877194238e+00 3.045255682651904827e+00 1.700900881172511925e+00 2.937371395926702267e+00 5.676514735560474219e+04
3.579011232874926155e-04 -8.099991898228724452e+00 2.908997889913526702e+00 1.256418260082416971e+00 2.681704965310820477e+00 3.350640769678573997e+04
3.585272294763957625e-04 -8.095744043482651975e+00 2.346681086328101795e+00 1.179212766412704116e+00 2.561353911631375269e+00 2.223555776758744469e+04
3.580265674868476650e-04 -8.094641460042701908e+00 1.735840582600348680e+00 1.077662738552837896e+00 2.988624783953095054e+00 2.328056170954419213e+04
3.575032267620828074e-04 -8.093604266545774806e+00 2.128077791959304577e+00 1.623847865798325518e+00 2.753434935187605959e+00 3.738471909068147215e+04
3.605030135308317021e-04 -8.082748338548135791e+00 2.165895281377942627e+00 1.755120192603814910e+00 2.850435951649040955e+00 4.472656199373250274e+04
3.603720563571561632e-04 -8.080611666898875001e+00 2.323449984406826374e+00 1.904325155564004834e+00 3.013115271572702092e+00 5.634213906168605172e+04
3.604741680271829926e-04 -8.077828356347318106e+00 2.797334828414356434e+00 2.102185502582919252e+00 2.921035689991590800e+00 7.665958216041936248e+04
3.663641876359554294e-04 -8.059120767692274256e+00 3.030303023463178924e+00 1.106527576963144632e+00 2.804542619901964073e+00 3.433674802691359946e+04
3.681543868678419464e-04 -8.051746274823823768e+00 2.297969122024151378e+00 2.273464277032448244e+00 2.630477770369963331e+00 3.941312069221205456e+04
3.694599182989792173e-04 -8.045706395552869594e+00 2.841333328551384874e+00 1.908943010344293700e+00 3.160450884489756085e+00 6.779519923120533349e+04
3.687760593933913224e-04 -8.045059079848570605e+00 3.168064128689293657e+00 1.861087524017178252e+00 2.821248975308544793e+00 5.821504274490792886e+04
3.712047115769296279e-04 -8.035994960889750516e+00 2.860234460180874905e+00 2.244888304916060839e+00 2.804552894332293267e+00 6.705339944848300365e+04
3.735319084017232265e-04 -8.027245222828712556e+00 3.358880706947668493e+00 1.979732338505006961e+00 3.092976479350270758e+00 7.747367767984699458e+04
3.744013795421995442e-04 -8.022420225275698868e+00 2.847548101130541909e+00 2.123618863589889383e+00 2.674308341635971864e+00 5.345023989320355759e+04
3.758697824847193557e-04 -8.016005894319789604e+00 3.309708082498450832e+00 1.810714665034084625e+00 2.843743749541890686e+00 5.416249309795339650e+04
3.765391348993172020e-04 -8.011726668753183844e+00 1.801556823560548359e+00 1.431369095768712851e+00 3.127647618733620849e+00 3.058981575891180546e+04
3.797013551193771847e-04 -8.000863618394440380e+00 2.704667288257394553e+00 1.008016616099904450e+00 2.702884634886211668e+00 3.198780752540772664e+04
3.799638730345809693e-04 -7.997672477307751215e+00 3.296516239711103857e+00 2.154628073706032154e+00 3.167277232642049078e+00 9.064591273569694022e+04
3.791528038936498404e-04 -7.997309354218008259e+00 2.951428694153812593e+00 2.250580455356417708e+00 3.065182972990763144e+00 7.943458489722186641e+04
3.786885104273291099e-04 -7.996034659610142370e+00 2.509643145143481746e+00 1.646778476617635878e+00 3.079686918180744915e+00 5.246673472079215571e+04
3.779537258128813052e-04 -7.995476884905627912e+00 2.454579569645281012e+00 1.296742486221885482e+00 3.232245803834433051e+00 4.420536351994980942e+04
3.778031141467703925e-04 -7.993375456668770696e+00 1.984570079773604556e+00 1.240897753030879125e+00 2.657904262617284630e+00 2.263628871827115290e+04
3.769367552152843226e-04 -7.993171239221608992e+00 2.545147234927033431e+00 1.370462225679588419e+00 2.733988533063401505e+00 3.836198309135711315e+04
3.761784498200500932e-04 -7.992685023159120661e+00 3.062029340487091300e+00 1.888382468291598171e+00 3.083900287171730703e+00 6.880766210731967294e+04
3.753910628575470596e-04 -7.992280337663756562e+00 2.807511250900870614e+00 2.158332552914531188e+00 2.964627060932340186e+00 8.200206454670272069e+04
3.746411904726655194e-04 -7.991779912032466626e+00 2.438555250613890113e+00 1.264192918121682219e+00 2.684361610888806204e+00 1.798935551488004421e+04
3.746515239247605517e-04 -7.989252330149190229e+00 2.704944051651979819e+00 1.914955962609240503e+00 3.116894686181907126e+00 4.535929017939566256e+04
3.739012451255172660e-04 -7.988756942466480382e+00 2.538382882464237600e+00 1.965168931304041466e+00 2.853298428834516010e+00 5.961438433084535791e+04
3.795548524035841239e-04 -7.971249529543163348e+00 2.032166058061468217e+00 2.243354345337909894e+00 3.016775540486221985e+00 4.768092336891922605e+04
3.797303416877686804e-04 -7.968287280868555200e+00 2.799246106626970931e+00 1.598638788284794776e+00 3.165143170883716550e+00 4.281048789473046781e+04
3.803060814341211252e-04 -7.964272248591248271e+00 2.439400623177738314e+00 1.040124832223277895e+00 2.699407864862656048e+00 3.130326827084246543e+04
3.831422146638297876e-04 -7.954342416627581791e+00 2.452823039355294998e+00 2.275622386060788926e+00 2.671360939969877002e+00 5.254526649780313892e+04
3.828151377088302872e-04 -7.952696451056174176e+00 2.467471203510361200e+00 1.630785013028433372e+00 3.151744465056432798e+00 5.198349250808658689e+04
3.819493032511618916e-04 -7.952460768749917364e+00 2.896213165356033681e+00 1.083671812947966773e+00 2.701713187099958446e+00 3.132931136675277230e+04
3.833702046082446374e-04 -7.946247540548851518e+00 2.306609477837035183e+00 2.008151766241054847e+00 3.297435602407207789e+00 5.848686082421439642e+04
3.828111621527754646e-04 -7.945206836164561359e+00 2.403597747248403138e+00 1.500684902360278627e+00 2.922855807431340658e+00 2.561770836562348995e+04
3.821943450977899510e-04 -7.944319418512804987e+00 1.880899830296803410e+00 1.068237667660650425e+00 2.779732388735628668e+00 1.812280073970797457e+04
3.851469064436021999e-04 -7.934123817862339223e+00 2.818511371231774643e+00 2.045045810366170169e+00 3.142328937338380701e+00 5.471373934038298466e+04
3.884309442106243936e-04 -7.923133250318280751e+00 2.763153291193348071e+00 2.007769984606196267e+00 2.602800340664762402e+00 3.618971493788671069e+04
3.879759767591559635e-04 -7.921805232409773190e+00 2.834422910637775406e+00 2.002216794731757066e+00 2.710679901235442557e+00 5.630478550209079549e+04
3.873878584158538035e-04 -7.920822245273693163e+00 2.634994230717389918e+00 1.496571479210007993e+00 2.707962731845376503e+00 2.166795675826396109e+04
3.889269572501320217e-04 -7.914357099124878836e+00 2.332340839650297148e+00 1.003538739586692374e+00 2.740549174534495869e+00 1.776727073916630980e+04
3.905113268073442771e-04 -7.907791679779244909e+00 2.568292682039971631e+00 2.271953250612916531e+00 2.769970033037152390e+00 5.030638075404820847e+04
3.897962763188862084e-04 -7.907124420318343283e+00 2.499915615523215617e+00 1.937889845817978740e+00 2.699270982148449960e+00 4.939485237023978698e+04
3.901961548278284984e-04 -7.903599080768858087e+00 2.696096500004526497e+00 2.227594627978353614e+00 2.707104158445452935e+00 6.102234553092849819e+04
3.904160748296206193e-04 -7.900535625574962140e+00 1.957272994977678593e+00 2.150250412848695891e+00 2.729985133079968485e+00 3.775999810383139265e+04
3.919456932970766922e-04 -7.894125361861215495e+00 2.773019480431481831e+00 1.777904674126044693e+00 3.333641192505269579e+00 5.400788085253152531e+04
3.919203207556377368e-04 -7.891690098795824504e+00 3.101766483006954900e+00 1.954615099488359542e+00 3.177617166252554526e+00 5.863568857057869172e+04
3.928316930416293545e-04 -7.886867396388689500e+00 2.919041461211444588e+00 2.139771345349676057e+00 3.187788879816385368e+00 6.785529432267394441e+04
3.937255608418979767e-04 -7.882094534036562017e+00 2.240581929958526786e+00 1.207933991471794810e+00 2.618189837867388903e+00 1.620661650817820919e+04
3.948738907217947281e-04 -7.876682204616946237e+00 2.315025097611780769e+00 1.818651614644237080e+00 2.912508292460330050e+00 5.090258520955621498e+04
3.946999287378655675e-04 -7.874622852425814834e+00 2.688885976195708682e+00 1.397501393154519267e+00 3.047387952205722783e+00 4.768494718781258416e+04
3.944676828765527384e-04 -7.872711436814223696e+00 2.217695396406857977e+00 2.089576112959115939e+00 2.599386818840511815e+00 2.380196652142182211e+04
3.943079228874945522e-04 -7.870616520313449271e+00 3.022876854867669216e+00 2.170014853789975273e+00 3.086399285279994853e+00 8.764931431383924792e+04
3.958365195004205964e-04 -7.864247358074496930e+00 1.905052886222754926e+00 1.154784302501964621e+00 2.702684284935903403e+00 1.949056553228703706e+04
3.949096228683602250e-04 -7.864091718690164434e+00 3.064854006797448793e+00 1.891566267530409906e+00 2.844974024221099462e+00 6.097942060579908866e+04
3.966234333898071424e-04 -7.857261354503808803e+00 2.402139178793558205e+00 1.635750525284516366e+00 3.044499188128010569e+00 3.210186828583022725e+04
3.965458355376534887e-04 -7.854957019806136920e+00 1.951778304480254578e+00 1.523728930419597116e+00 2.812684050312488360e+00 3.293609292206690589e+04
3.971341681709512818e-04 -7.850974475863217172e+00 2.628559967073161197e+00 2.041555681068313532e+00 2.635186053101688852e+00 2.884948941616718366e+04
3.966344749198248590e-04 -7.849733516067145089e+00 3.065937127369007698e+00 1.461021272616671585e+00 3.125013179204696456e+00 4.571553665515353350e+04
4.003187751726122279e-04 -7.837987486893911004e+00 3.064859135098378928e+00 1.206709448740693302e+00 2.875788272219987896e+00 3.768537280991346779e+04
4.009507562050641316e-04 -7.833910037262414860e+00 2.529028475784391716e+00 1.985211973825071308e+00 3.233682243157184111e+00 6.438680225795642764e+04
4.002946021795324616e-04 -7.833047873077234158e+00 2.556311449460616281e+00 2.263426383221291971e+00 2.933713001932881870e+00 7.885552999189637194e+04
4.031024093629228633e-04 -7.823558007356846034e+00 2.067498361825458986e+00 1.917012077612945786e+00 3.247270239675862591e+00 4.341911499363739858e+04
4.027490691314223096e-04 -7.821934943773973359e+00 3.171910696056981394e+00 1.856671588185527799e+00 3.255171872093479912e+00 6.587679806368461868e+04
4.021228487196209329e-04 -7.820991018782365245e+00 2.684781691142511306e+00 1.824486137527884466e+00 2.674867145792248380e+00 4.575632365749228484e+04
4.011238211187803659e-04 -7.820978494058590691e+00 2.113658267880253572e+00 1.018554483842779579e+00 2.721435925937730094e+00 1.647015354346280947e+04
4.003485074746942888e-04 -7.820413218086529561e+00 2.580780763337767958e+00 1.500824201917398959e+00 2.919125212114455525e+00 4.686325350692340726e+04
3.999671135141047332e-04 -7.818866327033696884e+00 2.493306387132649959e+00 1.738937795825839183e+00 2.582434481823003836e+00 3.274434429845033446e+04
3.994805482729289737e-04 -7.817583580706481960e+00 2.650930981659432195e+00 2.040542515066347207e+00 3.184402696084768447e+00 6.999458084915659856e+04
3.989138488511451705e-04 -7.816503178637018046e+00 1.755837449253699445e+00 1.820733370401261375e+00 3.015991249227769622e+00 3.085364660472405376e+04
3.987349957950198282e-04 -7.814451629256167209e+00 3.307827612088871660e+00 1.979041517270472061e+00 2.919750317298076325e+00 5.921018087320321501e+04
3.990352361896639137e-04 -7.811198930304054322e+00 3.019592528583435520e+00 1.671106498683788910e+00 2.996322476778163768e+00 5.614815778277065692e+04
3.983083622261275603e-04 -7.810522169786597857e+00 2.043069768597638891e+00 1.404413244246355275e+00 2.693054305414946725e+00 1.703114692725877831e+04
3.975337707000300438e-04 -7.809968766325393830e+00 2.110206402116086011e+00 1.389996135908275310e+00 3.235825926489322768e+00 4.043439199667901994e+04
3.972036465293757161e-04 -7.808299541830572288e+00 3.238844729915464349e+00 2.149927006950606234e+00 2.945900794203335948e+00 8.199659941285930108e+04
3.969655767776942277e-04 -7.806399085987723474e+00 2.466002554823876647e+00 2.224585522752052569e+00 2.714277673522665690e+00 6.125226606579902727e+04
3.992270377619505672e-04 -7.798218382538649074e+00 2.860972980319861581e+00 1.226460833583800536e+00 3.099232872012667173e+00 4.072701292048377945e+04
3.997980625766462130e-04 -7.794289078473818577e+00 2.045872009265381486e+00 2.130153279435460512e+00 3.147095235126650348e+00 4.775912801780152950e+04
4.021727593501273307e-04 -7.785866908616719151e+00 2.173919409586554163e+00 2.116199735959909400e+00 2.918629946334261316e+00 3.363567559663480642e+04
4.038106761208605771e-04 -7.779302509887354944e+00 2.575892709960766247e+00 1.614700987765309126e+00 2.751881279737653507e+00 2.300394798063129201e+04
4.049768004077600701e-04 -7.773918872024992766e+00 2.744462489624108770e+00 1.342165652817524535e+00 3.201071858947959647e+00 4.348821919829234685e+04
4.083046447748184564e-04 -7.763235080398789734e+00 2.707985638348979762e+00 1.102657748584768838e+00 2.903849401076875836e+00 3.968985474282133509e+04
4.085297314737355639e-04 -7.760183960829976968e+00 2.800160127146297029e+00 1.391458424463815291e+00 3.077242312685129821e+00 3.789222904466633190e+04
4.095864599676750915e-04 -7.755100638087625953e+00 2.759291282468735673e+00 2.207644645256125138e+00 3.063208598220354517e+00 6.438645008030506142e+04
4.098812516520385779e-04 -7.751881166916524180e+00 2.894322537536509365e+00 2.170710604742176919e+00 2.894847644789233065e+00 8.095144688132469309e+04
4.100410121908485772e-04 -7.748991470117506886e+00 3.218990066506634218e+00 1.602159874767228764e+00 2.872749104374172191e+00 4.215255208809926262e+04
4.094050662011929661e-04 -7.748043606698781893e+00 2.099725753306266984e+00 2.090978325303202823e+00 2.742162198812192475e+00 4.539315329443438532e+04
4.089229695464692994e-04 -7.746721854759308634e+00 2.634986849505612572e+00 1.469701821267248354e+00 3.069499413008318633e+00 3.518920777098845429e+04
4.097019601147437306e-04 -7.742318685737261674e+00 2.209102338139880661e+00 1.487126792249661378e+00 2.803918701521214807e+00 2.010860086776280150e+04
4.146429669574094932e-04 -7.727830825188997110e+00 2.808993359949622182e+00 1.734038751223604624e+00 3.012027711045981881e+00 5.719868901832028496e+04
4.143650680414882772e-04 -7.726001262421444693e+00 2.588314158480291116e+00 1.875220480513638988e+00 2.585369906944785079e+00 2.436212615478708540e+04
4.138355460159108003e-04 -7.724779991484773234e+00 2.101636714940632533e+00 1.182931030891096302e+00 2.629146558385458743e+00 2.300043986024906917e+04
4.149376977047487271e-04 -7.719620271598986783e+00 3.171867637348294799e+00 1.956881925835448621e+00 2.800075638776631681e+00 5.093713753909244406e+04
4.147931913920672314e-04 -7.717468592520965842e+00 2.570505314198881841e+00 1.245244785381377062e+00 3.198531920999111655e+00 4.228693419379991246e+04
4.177113382797546033e-04 -7.707958038859350935e+00 2.151927467801504346e+00 1.164263266225192606e+00 3.055862124926363776e+00 3.758707840056331770e+04
4.176586302153577693e-04 -7.705584229808158270e+00 2.730781873578640440e+00 2.162247347570286138e+00 3.228019144000255025e+00 7.201424377852477483e+04
4.172763541552759140e-04 -7.703999932453156063e+00 2.026348265235212054e+00 2.126107924374894598e+00 2.821762876929378994e+00 2.778356789691316590e+04
4.165064949432260247e-04 -7.703346598960298053e+00 1.889615090690090593e+00 1.705606462828177294e+00 2.792531573111737941e+00 2.065337230752961113e+04
4.166252583283660800e-04 -7.700561497869196081e+00 2.669055557597495909e+00 2.253061007621263823e+00 2.757369157267460125e+00 5.716158251045602810e+04
4.159186975113943847e-04 -7.699758852060885950e+00 3.058321758951933589e+00 1.341960317833800875e+00 2.863891734500286113e+00 4.238340804767419468e+04
4.176265958460995001e-04 -7.693160932635585425e+00 2.748358284824026665e+00 1.143776702698281245e+00 2.601720691156148124e+00 2.464855196850942230e+04
4.189607917809471901e-04 -7.687471314705126346e+00 2.470743244327681776e+00 1.083232455092774771e+00 2.950825251251874004e+00 2.544612813149526119e+04
4.183460904728359244e-04 -7.686439596959992571e+00 2.426137102429563264e+00 1.201604076960070877e+00 3.187735290581298120e+00 3.790849263105839054e+04
4.188247977984220927e-04 -7.682795965750480960e+00 3.384263889232955513e+00 2.070010096460708660e+00 3.060203745780005757e+00 7.785001032162643969e+04
4.186551218351251954e-04 -7.680701171801730176e+00 2.488597536639281405e+00 1.636251638188380486e+00 2.578225412990994947e+00 2.042819251052985783e+04
4.179939534956002593e-04 -7.679781687448384631e+00 2.977253507031361046e+00 2.132292511259504586e+00 3.143553969063731302e+00 6.756790438765773433e+04
4.176423046515222951e-04 -7.678123318867335456e+00 3.019932864559554453e+00 2.056586324958403544e+00 2.743495957503446547e+00 5.494650545854219672e+04
4.190618259541594283e-04 -7.672230189533647327e+00 2.168209353206871803e+00 1.994277944888593668e+00 2.686367015337488340e+00 4.127606769631672068e+04
4.214292569440239119e-04 -7.664096727622922600e+00 2.529175232981406118e+00 1.809145160747952730e+00 2.705451654960430385e+00 4.557116295429468300e+04
4.234778599058242380e-04 -7.656747420674301807e+00 2.902126577238102634e+00 1.030388172576446992e+00 2.696378663760629735e+00 2.789057561625007293e+04
4.260523939702875519e-04 -7.648186325299749733e+00 3.363145159658812666e+00 1.855476370202284953e+00 3.118214435959025366e+00 6.381696736287681415e+04
4.250900445476054972e-04 -7.647947638539967841e+00 3.036123548471742595e+00 1.679371127215381065e+00 3.239933665335136492e+00 5.574736812930621818e+04
4.250182102476210595e-04 -7.645616638899041639e+00 2.974688505297394148e+00 1.290462645062745439e+00 2.903449556460633296e+00 3.422464155809252406e+04
4.247501471172047548e-04 -7.643747547633133799e+00 1.991029048533514922e+00 1.774424666370264969e+00 3.054792549284463199e+00 4.416428986464338232e+04
4.246784121771651765e-04 -7.641416449277479650e+00 1.891884142244399269e+00 2.151062458718771442e+00 2.839968526328724430e+00 3.111974596230580937e+04
4.237949711353076023e-04 -7.640998874910352789e+00 2.257428620223408622e+00 1.381260133222765862e+00 2.962485007751554988e+00 4.130316761934196984e+04
4.261141119996269730e-04 -7.633041475604262160e+00 1.975659638366772164e+00 1.699503236129374484e+00 2.959213837858689633e+00 2.513361076603938272e+04
4.251543015977096046e-04 -7.632796488930994272e+00 2.867248158725648199e+00 1.726572712727610703e+00 2.620304262749595825e+00 3.228756188948019189e+04
4.248784242150688956e-04 -7.630945587216149129e+00 2.012329017407989085e+00 1.685705983788573503e+00 2.788760131992770841e+00 3.579847727759314876e+04
4.259094981458699629e-04 -7.626021776514360972e+00 1.760286157004691932e+00 1.101044953105394075e+00 2.972453280983810675e+00 2.460210300137657396e+04
4.252784747493502547e-04 -7.625004465490743399e+00 2.775548066688661386e+00 2.267829278442733187e+00 2.881886554534341727e+00 7.587196397556494048e+04
4.252594374002257823e-04 -7.622549230924137831e+00 2.504775450328969200e+00 1.206656748187056927e+00 3.177484099773493220e+00 3.883583567800163291e+04
4.247689706072721363e-04 -7.621203231996957150e+00 2.401777619910286266e+00 2.084028449252276705e+00 3.236720870751323087e+00 6.275127252526251687e+04
4.257282113398528451e-04 -7.616447513436845895e+00 2.795589443895030612e+00 1.243268174564529760e+00 2.613559903572723719e+00 2.564891284527479729e+04
4.248777740398980863e-04 -7.615947117478997441e+00 2.319847193657225137e+00 2.286569867153729785e+00 2.688775438793974182e+00 4.403654535654781648e+04
4.247486299407822290e-04 -7.613751119566281034e+00 1.762272081383446931e+00 1.389381777938238915e+00 3.000930235484521535e+00 2.815032581591139387e+04
4.263936460111164626e-04 -7.607385683281242095e+00 2.106198225624504428e+00 2.092539194282181825e+00 2.949928613319757531e+00 5.344886367975345638e+04
4.275042608448203986e-04 -7.602284399331363574e+00 2.816977554949196882e+00 1.439748437624315480e+00 2.849238696557903960e+00 2.917521730007416045e+04
4.265517312284718187e-04 -7.602015002523986098e+00 3.052345047520405696e+00 2.215073604193264600e+00 3.024942407270275524e+00 8.195921971712853701e+04
4.306211426354818314e-04 -7.590019970414573436e+00 2.745992310783835322e+00 2.004335109310097618e+00 3.274517924240229583e+00 6.743018603838929266e+04
4.302246440166197024e-04 -7.588441154331709626e+00 1.953551618550436908e+00 2.218659371349181786e+00 2.797057012753662253e+00 3.975532010794121743e+04
4.304575687274868464e-04 -7.585399898306883770e+00 3.360630156995853657e+00 1.962839521182628610e+00 2.987286131979511428e+00 6.643807506584684597e+04
4.295454095086102711e-04 -7.585021192265190670e+00 2.350651832094037719e+00 1.746046426124380435e+00 3.102689113914176566e+00 5.208579761697777576e+04
4.285286069916168145e-04 -7.584891157963641994e+00 2.766514896780602584e+00 2.111525151458714333e+00 2.697411198611703309e+00 4.067233238482780871e+04
4.276772427183576789e-04 -7.584379849244214711e+00 2.341386380951603563e+00 1.223263476850696030e+00 2.696684146170343688e+00 1.776180330345621769e+04
4.293348920893499477e-04 -7.578011405914482523e+00 3.139289347057393265e+00 2.135726278430422731e+00 3.053804888397144701e+00 8.413715987695043441e+04
4.289797251705384866e-04 -7.576338997410516640e+00 2.737620084810148846e+00 2.113317780520302502e+00 2.651334869308290543e+00 4.243444690933809761e+04
4.279789713611357603e-04 -7.576174592506006888e+00 2.967844022977755625e+00 1.832240476526497019e+00 2.759693592858933009e+00 5.168460225555754732e+04
4.281563419469095475e-04 -7.573260240742786031e+00 2.762224160191459443e+00 1.675171828738578839e+00 3.024547270581361413e+00 5.455594974710974202e+04
4.282928523475385083e-04 -7.570441458489981734e+00 3.101928971525336642e+00 1.933348548740361217e+00 2.990553946532008567e+00 5.078959189556434285e+04
4.275395863802559297e-04 -7.569701770737351509e+00 2.508032726649848332e+00 1.747125023266915322e+00 2.602571177082491971e+00 2.116237063283306998e+04
4.280340393598716870e-04 -7.566045930912965289e+00 2.794738281405790836e+00 2.238609683005227780e+00 2.972188969222036903e+00 6.801199875675940712e+04
4.285064994340278188e-04 -7.562442748750124011e+00 2.367533146458855153e+00 1.804006863342898281e+00 2.709282038821978489e+00 4.292833928761155403e+04
4.278036888037662863e-04 -7.561584235206140647e+00 2.785084147669850907e+00 2.119887937917566134e+00 2.975531982884867865e+00 5.189609445632638381e+04
4.280038676716119562e-04 -7.558616422390089795e+00 1.903027916858849089e+00 1.862335181437356768e+00 2.701806614982164234e+00 2.510921091397631972e+04
4.293014543441198237e-04 -7.553089291611690292e+00 2.844975420122362486e+00 1.633837601104548121e+00 2.852121130180468977e+00 4.960219236602306046e+04
4.291259063420335782e-04 -7.550998290701356197e+00 2.815795331525743350e+00 1.142169482922271273e+00 3.045214909364964750e+00 3.816465443430485902e+04
4.318512792270700913e-04 -7.542167386622747216e+00 2.276089719567735870e+00 1.775691021395313651e+00 3.282026660462189938e+00 5.118601094037132134e+04
4.325573372999289533e-04 -7.538033765170156997e+00 3.352786898804399840e+00 1.972216847284049113e+00 3.118906365539661163e+00 6.920670274668557977e+04
4.325463095994091134e-04 -7.535559259688785261e+00 2.186310725619167616e+00 1.843792771774712236e+00 2.599543887415936450e+00 2.853115247845718841e+04
4.324305952184982738e-04 -7.533326814535524996e+00 2.459594227234151109e+00 1.460032406980569242e+00 2.585046520209942855e+00 2.740378591175212205e+04
4.371923350361570050e-04 -7.519875430337529920e+00 2.030221525525982784e+00 1.933540373411795077e+00 3.092970394667830192e+00 3.573028815160446538e+04
4.379468558913279016e-04 -7.515651085113479901e+00 2.501572373607629185e+00 1.743806982561180163e+00 2.886485789682005088e+00 2.860490845248000551e+04
4.375772381686649404e-04 -7.513995419945906029e+00 2.154010998671360699e+00 2.108052102768897651e+00 2.709593607336646670e+00 4.472811564257614373e+04
4.376956396807397368e-04 -7.511224872289754551e+00 2.343668585595321208e+00 1.394294093311122085e+00 3.013477234934497595e+00 4.335294664958053909e+04
4.380928648780665772e-04 -7.507817746374083612e+00 2.601689259474517790e+00 2.068453843334391529e+00 2.681622868285555406e+00 3.088540363255936973e+04
4.394370278969130655e-04 -7.502254228923163737e+00 2.505565764342876367e+00 1.193222926261543693e+00 2.571211762468050388e+00 2.211508543165685114e+04
4.392904946117092324e-04 -7.500087741377956974e+00 2.063686480610411156e+00 2.181739496524991662e+00 3.075066444929887233e+00 4.999652286388397624e+04
4.390615639446866607e-04 -7.498109014528001381e+00 2.724490790421699060e+00 2.074157763617630046e+00 2.697447569622976715e+00 3.608275502996236173e+04
4.380960499810515390e-04 -7.497810476017357395e+00 3.057689338118441125e+00 1.710980537327282391e+00 2.749296995852549053e+00 3.670967352774926258e+04
4.388238310101354568e-04 -7.493650618117099427e+00 2.491659952880882489e+00 1.551389572859561028e+00 2.620425822163417351e+00 3.256059845294108163e+04
4.409201272991441264e-04 -7.486384912739329600e+00 3.081127774292897303e+00 2.105460890778898531e+00 2.836252294116497374e+00 6.434283597970804840e+04
4.404620498673604838e-04 -7.484924365283060155e+00 2.586006546710887477e+00 1.812673898727154231e+00 2.838391491860025262e+00 2.917807085196181288e+04
4.433106610617268254e-04 -7.475977863769261766e+00 2.169025477250705158e+00 2.145269510167060467e+00 2.898483460940907808e+00 3.450509689761712070e+04
4.447865408037789494e-04 -7.470154171052715952e+00 2.395582638338983994e+00 2.013282756803918438e+00 3.286918002503401937e+00 5.629442434241039882e+04
4.437289101553544622e-04 -7.470034841297223949e+00 3.166144945062094429e+00 1.828955015323617594e+00 2.959840022871547127e+00 6.097093697913565848e+04
4.443099382643885377e-04 -7.466226276490677272e+00 2.812365968972045049e+00 2.200643154680740121e+00 2.890613785045180961e+00 5.907958110922537890e+04
4.468961807317384520e-04 -7.457922344780261170e+00 2.340095772820163234e+00 2.114140446656165295e+00 2.747860394275038587e+00 5.412235391615505796e+04
4.458591709768282372e-04 -7.457745512531269938e+00 2.279678998043792149e+00 1.088823481425687856e+00 3.008333080692058736e+00 2.575347155076912532e+04
4.452668582576446298e-04 -7.456574870639955499e+00 2.036155308992821933e+00 1.296924910498269856e+00 3.066975493097078065e+00 2.696318750494742198e+04
4.469658547970536294e-04 -7.450266450329690926e+00 2.226781332178924711e+00 1.492741517553327624e+00 3.110296984170492607e+00 3.199041285386851814e+04
4.462105523479524766e-04 -7.449457723460280789e+00 2.311089259477772551e+00 1.435708540930879185e+00 2.860384210315228160e+00 2.248619662981600777e+04
4.454582847863233514e-04 -7.448645048863570040e+00 2.446846624229572775e+00 1.423846347979806248e+00 3.184415449267312681e+00 4.602784836938538501e+04
4.478212907349718441e-04 -7.440854406325021486e+00 2.523109986403090144e+00 1.119661105964475656e+00 2.577007742669263024e+00 2.207878336069702345e+04
4.481991942918323339e-04 -7.437510890834956534e+00 2.577528875308376044e+00 1.219726515974019376e+00 2.592290976160707139e+00 2.541515422257713362e+04
4.483858413812456378e-04 -7.434594539714463046e+00 1.835929138921764459e+00 1.141345775018514086e+00 2.977588459044703484e+00 2.842276419183680264e+04
4.474946468860393047e-04 -7.434084079169432258e+00 3.007141103069136623e+00 1.345536017530205797e+00 2.996675734069496055e+00 3.993318926148980972e+04
4.484780837197688947e-04 -7.429388839972803638e+00 2.826909136382103060e+00 1.915576283047802031e+00 2.829085343767860472e+00 5.858205907117729657e+04
4.474711325587074585e-04 -7.429136627161493145e+00 2.423353990316367668e+00 1.127904006108525259e+00 2.643183470925777101e+00 1.776139505433951490e+04
4.513613919770669653e-04 -7.417980323336073489e+00 1.799964689507591364e+00 1.753192467281524669e+00 3.011237262432562289e+00 2.908178512517987838e+04
4.552267283947710212e-04 -7.406953055543969100e+00 1.914167183777452541e+00 1.766569207865478663e+00 3.148647230060903190e+00 3.548609706005948101e+04
4.578952549081925284e-04 -7.398608197662667862e+00 1.831558698971176513e+00 1.019929835818226049e+00 3.032206262709828515e+00 2.668593163438181364e+04
4.596531021247973595e-04 -7.392276575375385406e+00 2.876803378920845145e+00 2.108446496914424095e+00 3.177840965310082311e+00 6.579541782186020282e+04
4.599782087333610463e-04 -7.389069538504698720e+00 3.184179794492297599e+00 1.899057244770599118e+00 2.907253380448981073e+00 5.027576345245263656e+04
4.589631403126203041e-04 -7.388778752040780162e+00 1.851083529589757193e+00 2.012294483704921255e+00 3.009010441924931722e+00 3.497491424574756093e+04
4.591418159224654291e-04 -7.385889525055594262e+00 2.326882543371941559e+00 1.763156998204643777e+00 3.133913742401566616e+00 5.189214361233282398e+04
4.584270592473093362e-04 -7.384947461116997403e+00 2.699785552943470446e+00 1.425113209303071171e+00 2.753275130461083187e+00 2.398251950254859912e+04
4.597050208875872639e-04 -7.379663629698297811e+00 2.301029728731152080e+00 2.262166642414817019e+00 2.881412388402943225e+00 6.281360926846964867e+04
4.592485302900056374e-04 -7.378157130696348709e+00 2.658484261016015093e+00 1.830580822238597971e+00 3.010607727984942805e+00 5.818854943683765305e+04
4.636801030906617183e-04 -7.366053773083180545e+00 2.050202633626185378e+00 1.371637057686556416e+00 2.941300551664348895e+00 3.632900245337645174e+04
4.693005074369007898e-04 -7.351505350483795276e+00 2.483497537480876094e+00 2.107710386161952609e+00 3.224593584295990745e+00 6.059391579485206603e+04
4.699801103737863330e-04 -7.347558279091941813e+00 2.358612619635419350e+00 1.749238215825301257e+00 2.659516686792776863e+00 2.005283382081843956e+04
4.689951908566529558e-04 -7.347156140190235440e+00 2.337774987372793323e+00 1.902093687443119574e+00 2.613781974427213939e+00 2.148011166841099839e+04
4.686512481152274698e-04 -7.345389770144032937e+00 2.343289881968192656e+00 1.241617913362935921e+00 2.619282944565689775e+00 2.651007704272598130e+04
4.717263407159027599e-04 -7.336349623721504010e+00 2.871898542075971061e+00 1.203260396175924729e+00 2.958671915738317004e+00 4.125050295842380729e+04
4.708829670851756620e-04 -7.335639068932357176e+00 1.868624500393490928e+00 1.644830601455877783e+00 2.762157954489463219e+00 2.146535541536959136e+04
4.722328981741257328e-04 -7.330276362322114991e+00 2.444825558351430672e+00 2.190267390472508513e+00 2.706004675857417219e+00 5.491435506534885644e+04
4.711999235484608511e-04 -7.329966184458188039e+00 2.219696762367305620e+00 1.607092674336551896e+00 3.283130482476440015e+00 4.362726603305557364e+04
4.720193145656752741e-04 -7.325728749108633586e+00 2.963913166109819919e+00 1.288581894013331119e+00 2.734772004382781230e+00 3.169091599625712115e+04
4.712556495332915324e-04 -7.324847927457033059e+00 2.005681164303873665e+00 2.137283420029695957e+00 2.754405558561721534e+00 2.729733254735338778e+04
4.771265764934036588e-04 -7.309966839335267252e+00 2.686566855071577997e+00 1.804020478508970404e+00 2.977829584264981566e+00 3.722535964298119507e+04
4.799689598833846329e-04 -7.301527219645623568e+00 2.424302113881425580e+00 1.840620003313494513e+00 3.019610144610876290e+00 3.531668402291231905e+04
4.810166183609296980e-04 -7.296846835431090028e+00 2.875694070660101964e+00 2.083068593483052844e+00 3.110910799124363635e+00 7.484994498411125096e+04
4.893412091483352773e-04 -7.277188639180332430e+00 2.295092710272131242e+00 1.725677776039163058e+00 3.087647968177174462e+00 3.461268814749857847e+04
4.881865741143185224e-04 -7.277050997756248307e+00 2.233129374529255973e+00 1.449313191497742626e+00 3.041988466163215943e+00 4.265274556141803623e+04
4.904745606225707939e-04 -7.269875241060693050e+00 2.312692564224399838e+00 2.212955110601900088e+00 2.734506503671335409e+00 3.390913124650548707e+04
4.915290801619150727e-04 -7.265227550561622394e+00 2.431834887030174031e+00 2.175104573947106434e+00 2.860850401389313902e+00 4.037696072969389206e+04
4.932652148463142431e-04 -7.259201664004771182e+00 2.516123204881554276e+00 1.010048034639871917e+00 3.054871834144929466e+00 3.262415384663087752e+04
4.924017407508665201e-04 -7.258453725005556301e+00 2.092528288913050982e+00 1.603895064576962959e+00 3.243858640893520828e+00 4.203427612112733186e+04
4.921101504232632852e-04 -7.256546080138579491e+00 1.913382999881519941e+00 1.242490699388580699e+00 2.914685662849254122e+00 3.039949026706442964e+04
4.924972796688999611e-04 -7.253259717464982437e+00 2.414293179176692394e+00 1.447084232116134128e+00 2.592028246522965595e+00 1.961236492197313783e+04
4.943342845905923308e-04 -7.247036676755456597e+00 3.176642741044938489e+00 1.641752782285978096e+00 2.862982721423838584e+00 4.732699333148877486e+04
4.955170912693388809e-04 -7.242146808396314306e+00 1.990655619726156011e+00 1.244597871629294916e+00 2.684454877627516556e+00 2.274714975394067369e+04
4.971390439375323895e-04 -7.236378901103750927e+00 1.950660679746053505e+00 1.644981816115008932e+00 3.177258145089639108e+00 3.634300868164777057e+04
4.970763369061554759e-04 -7.234005044860260192e+00 2.360607880551099491e+00 2.256181478458049838e+00 2.997993582855194461e+00 5.997787820887081034e+04
4.992408846340534809e-04 -7.227159940536771465e+00 2.997578966397761224e+00 1.489302569192626713e+00 2.750620064260367315e+00 3.895994130032545218e+04
5.011894286395332391e-04 -7.220764523847366334e+00 2.863754191139406213e+00 1.042893430361709672e+00 2.856893682278034419e+00 3.081568439512503392e+04
5.012301606757340808e-04 -7.218183256408744697e+00 1.966088943332916950e+00 1.996482630811138304e+00 2.748873027255380741e+00 3.521977017145145510e+04
5.001714281300553800e-04 -7.217797758626418592e+00 2.441326907731516282e+00 1.963940589165517281e+00 2.587743152389665013e+00 2.608457614913349244e+04
4.998992146310357555e-04 -7.215842147180790533e+00 2.556878829561129329e+00 2.262724195753469392e+00 2.797866490901230740e+00 5.954859079838238540e+04
4.987366473222426327e-04 -7.215670458987483826e+00 2.558409556479183333e+00 1.209955322085734197e+00 2.880410402504136158e+00 2.504547669018627494e+04
4.996670064115767531e-04 -7.211306765169569921e+00 2.591769176220514392e+00 2.097663228535643576e+00 2.966017811471659105e+00 4.526462701523915166e+04
4.985418841773026858e-04 -7.211061048258712525e+00 2.945073003200222139e+00 2.119553618018309660e+00 2.845413784683012981e+00 6.915446872482362960e+04
5.002176777866910963e-04 -7.205205295291110090e+00 2.586774153641475227e+00 1.799905176840310927e+00 2.659705101085083623e+00 4.115344545329495304e+04
5.009425660480542296e-04 -7.201257198660223402e+00 3.025169784593875200e+00 2.107897010580434216e+00 2.985097325341292240e+00 7.654384883061776054e+04
5.044378915481423278e-04 -7.191803931255209115e+00 2.816143014374178133e+00 1.669584467399317429e+00 3.224664420474700588e+00 5.405012995482498809e+04
5.041023612577082971e-04 -7.189969309363576144e+00 2.548576009569422318e+00 1.190923671874845047e+00 2.921818068376359712e+00 3.970896879929136048e+04
5.074992084115475827e-04 -7.180753503412415029e+00 1.851896498793153434e+00 1.764535513614735374e+00 3.083450757665560982e+00 3.333375912323754892e+04
5.062807633958531619e-04 -7.180657270770756995e+00 2.758555119420186941e+00 1.578446333426824832e+00 3.061414518911568017e+00 5.118807010459297453e+04
5.064427040074886586e-04 -7.177837458663645975e+00 1.833019043089755273e+00 1.734318086992341579e+00 2.795026213280194405e+00 2.401933105622142466e+04
5.071829250560287499e-04 -7.173876917100956874e+00 3.147256927505162061e+00 1.880118442885881702e+00 2.908733454107037097e+00 4.895927970281329181e+04
5.071505207322162933e-04 -7.171440809944000350e+00 2.127907726324703930e+00 1.303240394282433101e+00 2.623935138655184574e+00 2.174887470825213677e+04
5.067065389505480324e-04 -7.169816637173902940e+00 3.205473422236489789e+00 1.956682555731194650e+00 3.035766986347950169e+00 5.955534394726229220e+04
5.107822376527133617e-04 -7.159305304578303719e+00 2.266645568398667709e+00 1.779033663320605640e+00 2.629599106610283954e+00 2.004903459751047194e+04
5.097267965371549787e-04 -7.158873765427759217e+00 2.184001526215789468e+00 1.597770485442215005e+00 2.788911256195515609e+00 2.070683637100620763e+04
5.090331294991887060e-04 -7.157735552689775460e+00 1.835912638719075396e+00 1.933616374152915540e+00 2.849663952510649079e+00 3.177098126283275997e+04
5.079644097866827402e-04 -7.157337268897768112e+00 3.035387066378648413e+00 1.800853813274801096e+00 2.741005629900638674e+00 3.991131888346988853e+04
5.073615000284396707e-04 -7.156024887224608833e+00 2.498536989616687354e+00 1.105731541768734782e+00 3.075362541641814662e+00 3.351799430476182170e+04
5.096647575733360448e-04 -7.148995483061468370e+00 2.379199200787197821e+00 1.680196101245450047e+00 3.291907807857801682e+00 4.822719733926227491e+04
5.088682779207921681e-04 -7.148059457497521585e+00 1.954179958899698866e+00 1.449577220495007701e+00 2.862889308271503452e+00 2.110181366228879779e+04
5.108371579803284599e-04 -7.141697788358653654e+00 2.876236670132456208e+00 2.089459777223967141e+00 3.196580061860229360e+00 6.976325610456029244e+04
5.108510443142733797e-04 -7.139170605243659651e+00 2.891216845664839941e+00 2.117418524804531188e+00 3.000491271396166226e+00 7.558534260362069472e+04
5.098836795222320322e-04 -7.138566034210787947e+00 3.166380433706999398e+00 1.632874644251407714e+00 2.988668018192337072e+00 5.132423241963022156e+04
5.098142646176152901e-04 -7.136202182185043874e+00 2.730124675595469341e+00 2.186506529706100377e+00 2.799413071124000396e+00 5.218789520956632623e+04
5.100413179951368732e-04 -7.133256916433415640e+00 2.538964106840346346e+00 1.212228607189840934e+00 2.899126251482578187e+00 2.559049665081678177e+04
5.156258210674930995e-04 -7.119867305085937126e+00 2.945303219791359783e+00 2.011761062167357839e+00 2.941501372346004395e+00 6.818158039879413263e+04
5.152128193771548029e-04 -7.118168597734914727e+00 2.654862543657646068e+00 2.221454498279539447e+00 2.993190712038286350e+00 7.382106898333216668e+04
5.171788379654364883e-04 -7.111859925026479345e+00 2.063764843576916697e+00 1.176842738197854121e+00 2.768464961334731633e+00 1.837145584277021044e+04
5.177077809618047281e-04 -7.108337700885680732e+00 2.970003023606779369e+00 1.969735440476428678e+00 3.054898785377608839e+00 6.836662782428624632e+04
5.168015923765561202e-04 -7.107589620859300794e+00 2.258472294707329020e+00 1.624301037292139815e+00 2.677606157268267673e+00 1.909387021366991394e+04
5.171939684466822160e-04 -7.104330669653265318e+00 2.837481522149305935e+00 1.277656296947048187e+00 2.969660172017576372e+00 4.270189819477467245e+04
5.169523088172041153e-04 -7.102298030294962317e+00 2.199725007706610391e+00 2.011637576250512538e+00 2.680170159735348001e+00 4.000190055168377876e+04
5.157114919575739309e-04 -7.102201169546772164e+00 2.658333009884552567e+00 1.590020498661648851e+00 2.940334981614815213e+00 3.209269531840558921e+04
5.152703240506313447e-04 -7.100556990526385448e+00 2.137180995235909542e+00 1.415325163794288077e+00 2.722611697192949265e+00 3.086326691281571038e+04
5.143634858932715761e-04 -7.099818468020771434e+00 2.097359979398334406e+00 1.279463296495713553e+00 3.100153659651999405e+00 2.966432181815996955e+04
5.141277903299176864e-04 -7.097776800673519126e+00 2.248282471786221759e+00 2.131108720652592936e+00 2.935338658159384106e+00 5.779963463264005259e+04
5.157246524501970164e-04 -7.092175650773367757e+00 2.115641738823050844e+00 1.299637550432483302e+00 3.153130783010563931e+00 3.717158747418381972e+04
5.148802562547611207e-04 -7.091314293045003936e+00 1.921154019907132415e+00 1.802642175854496820e+00 3.068944124006315111e+00 4.081128426978082280e+04
5.159848640132882547e-04 -7.086671222803174963e+00 2.483371046839251584e+00 1.666307903997039652e+00 2.602774283177965664e+00 3.097292461851556436e+04
5.146979146133124359e-04 -7.086668499551152856e+00 1.800968555862107134e+00 1.831196677009569118e+00 2.923906005658091001e+00 2.894520110859551278e+04
5.188782048071799652e-04 -7.076079471739546989e+00 2.638263798599351784e+00 1.999098783112926769e+00 2.617936980543729142e+00 3.327654003402997478e+04
5.206459109290534609e-04 -7.070178477382613735e+00 2.197658909779619751e+00 1.193945461485816262e+00 2.710273099884258130e+00 2.889119673336183041e+04
5.236508627979007948e-04 -7.061923484667711470e+00 2.021436153736411168e+00 2.213906220426743676e+00 2.853510997130039861e+00 4.434756764635065338e+04
5.224233975632564539e-04 -7.061770288990331323e+00 2.544313719853480205e+00 1.516487027959751765e+00 3.006362774096271728e+00 4.706148238071835658e+04
5.214979249309345749e-04 -7.061043359153449828e+00 2.341464463846889554e+00 1.644419695317104413e+00 3.169093145935343081e+00 3.839173572392114875e+04
5.288718940347762092e-04 -7.044502418301483715e+00 2.297433559710883255e+00 1.146377412625147141e+00 3.122041948845201365e+00 3.365354061953479686e+04
5.288629379602425217e-04 -7.042019352743391636e+00 2.813397425720593148e+00 1.506394800964943048e+00 2.807771223209739375e+00 4.344943093900789972e+04
5.287367512934533671e-04 -7.039757981155766231e+00 2.556785374034249880e+00 1.736006670001015273e+00 2.975215423796621295e+00 5.213736311366526206e+04
5.298135355879526409e-04 -7.035223529549181620e+00 2.505267957259071476e+00 1.088256960917088012e+00 3.019690411875777691e+00 3.043632829654339366e+04
5.293581026342118485e-04 -7.033583509113160659e+00 2.187207788446734913e+00 1.824670482318676124e+00 2.709184360068874309e+00 2.080666724120503204e+04
5.282214570545131025e-04 -7.033233032535650686e+00 2.118074384205800520e+00 1.504470180578634242e+00 3.076591663721637282e+00 3.006338459028426587e+04
5.287453054315203061e-04 -7.029741802842359277e+00 1.941779192986869518e+00 1.617256973752689397e+00 2.997043511092581269e+00 2.657048493036038053e+04
5.274923925496114796e-04 -7.029614211007592317e+00 2.776844264588979705e+00 1.365724091709477284e+00 2.639975298599296138e+00 2.839242155231332799e+04
5.264845592829657745e-04 -7.029026650500820317e+00 1.833192828966233145e+00 1.806483373224778255e+00 3.034567488817833336e+00 3.265366419261917326e+04
5.305042609678842398e-04 -7.018920664540439169e+00 2.738758698327599550e+00 1.555093980730382519e+00 2.615612298581269091e+00 2.782844630828662412e+04
5.347086268988396470e-04 -7.008526678630674134e+00 2.991182622643112854e+00 2.080385718443187315e+00 3.032463166778109454e+00 7.393765684034925653e+04
5.353933123982296824e-04 -7.004747014389949733e+00 2.900828784970809426e+00 1.785030908957669915e+00 2.961681117824994658e+00 4.116925325529655674e+04
5.388650581074009693e-04 -6.995783470998174991e+00 2.653869829199980490e+00 1.678405532560065749e+00 3.075172823313634396e+00 5.286461599771258625e+04
5.399023397805190238e-04 -6.991360383602639672e+00 1.922055082445913721e+00 1.674388260596320510e+00 3.134163706414708095e+00 3.785637484527993365e+04
5.401885502676128737e-04 -6.988330408771020963e+00 2.087528482767529336e+00 2.113546184337326661e+00 2.914140402896834736e+00 3.417969142675972398e+04
5.416141048142718946e-04 -6.983194890425570733e+00 3.019031545866559085e+00 1.650847242223700162e+00 2.998059881920802194e+00 5.276338072623869084e+04
5.410121373373266273e-04 -6.981806940947799411e+00 2.450372827637747442e+00 1.682780013347031645e+00 2.688384032910595245e+00 3.856676336512431590e+04
5.407159987726741467e-04 -6.979854469596013189e+00 2.701273770725432843e+00 1.655727824429924944e+00 2.778928167370393609e+00 4.525776230106583535e+04
5.398616863214129912e-04 -6.978935684238965820e+00 2.517055197168633907e+00 1.041551117219152944e+00 2.818769835266162538e+00 3.427708609127454838e+04
5.397063970535265990e-04 -6.976723372012157753e+00 2.467549263780588031e+00 2.263968488208071506e+00 2.836508943262592730e+00 5.837453001804591622e+04
5.395814433490469511e-04 -6.974454920446896189e+00 2.756846875952895903e+00 1.176552207249528248e+00 2.733772946071547416e+00 2.394894688742918879e+04
5.383837918324092375e-04 -6.974176980992706554e+00 2.603773537782431369e+00 1.740269425683093285e+00 2.610598162028726854e+00 3.313558667514702393e+04
5.404082702852056009e-04 -6.967923744571304034e+00 2.099764996694069463e+00 2.105962553537486848e+00 2.667572382670274855e+00 3.251764003358260379e+04
5.439720377537724276e-04 -6.958850810199977310e+00 2.306217094975175019e+00 1.795675275147854633e+00 3.135119832428593156e+00 5.130686661044059292e+04
5.432268467022455943e-04 -6.957721656286890877e+00 2.119894161687430945e+00 1.901133979589586964e+00 2.648168951930981674e+00 3.046144174616990858e+04
5.442834744464677965e-04 -6.953278450680167921e+00 2.532907530483300640e+00 1.099103463359155874e+00 2.735246133409018565e+00 3.209632960916888624e+04
5.438915332598902525e-04 -6.951498814961189154e+00 2.660973068567722422e+00 1.984850786986413596e+00 3.032870766316568378e+00 6.384571919344789058e+04
5.439456907553325959e-04 -6.948899245844980754e+00 2.926051632427608240e+00 2.036183700987466594e+00 2.857411272453842077e+00 4.822870634995816363e+04
5.434387363297327926e-04 -6.947331674983566963e+00 2.047221809967378459e+00 1.876467746184524499e+00 2.764801667381501016e+00 2.222555818966031802e+04
5.423509476499619028e-04 -6.946835357758883944e+00 2.895437993099694296e+00 1.562945551783205156e+00 2.682679619807749827e+00 3.411056440845777979e+04
5.452773093566313936e-04 -6.938954164783380563e+00 2.635614697589931055e+00 2.079829617872504421e+00 3.115138726588754459e+00 5.442608630098909634e+04
5.444966629906751628e-04 -6.937886840768115349e+00 2.476438278533644954e+00 1.962603168091554551e+00 2.636054484387234886e+00 2.550625624867237639e+04
5.452343560422887687e-04 -6.934032941225173552e+00 2.673698696086465265e+00 2.210015386628506384e+00 2.827032416942690141e+00 6.541843938098645594e+04
5.455159016551961414e-04 -6.931016699093349942e+00 2.889455609865933639e+00 1.207282753802098929e+00 2.760175393692042345e+00 2.937975806416129126e+04
5.470455573753702687e-04 -6.925716569714815307e+00 2.472851321384439416e+00 2.074903449246606524e+00 2.948985928309515003e+00 6.235622729955962131e+04
5.468662720400795010e-04 -6.923544357260529303e+00 1.858871226009748856e+00 1.799433414323859060e+00 3.031109327480212556e+00 3.164250431968381599e+04
5.455830225694779543e-04 -6.923393665493227545e+00 2.333399699122071791e+00 2.115352842096041464e+00 2.787422362110834495e+00 3.171616733698670578e+04
5.479064246558966239e-04 -6.916644140106887662e+00 2.384410611228965138e+00 1.962247941228266068e+00 3.231309483895496104e+00 5.598891902258209302e+04
5.507663352336423374e-04 -6.908938009324925744e+00 1.985817558586272957e+00 1.104638179759654726e+00 2.874303449563440083e+00 2.926222611937073452e+04
5.499679404616149986e-04 -6.907888668089116280e+00 1.841138902791626730e+00 1.107600030090927445e+00 2.948392115373651201e+00 2.627827354899876445e+04
5.547846562410427415e-04 -6.896668622867474951e+00 2.936272982404211085e+00 1.790387788751608200e+00 2.922596220272357215e+00 5.564687887576247158e+04
5.603434918560909429e-04 -6.884198680542855442e+00 1.936585148114221111e+00 2.066313455018171652e+00 3.001272167523518775e+00 4.247393207188636006e+04
5.669195078513396876e-04 -6.870031322358119752e+00 2.966226746317366381e+00 1.717432888515345368e+00 3.059435624942557830e+00 5.560938628152661840e+04
5.667277032316898368e-04 -6.867869707385850120e+00 2.043275624443436467e+00 1.587261256811579369e+00 2.995854855793356197e+00 2.688261708416236434e+04
5.691567159161999359e-04 -6.861092834939827689e+00 2.525436726710932334e+00 1.505826193785898770e+00 3.035002422614354156e+00 4.661929389312985586e+04
5.690493883826219269e-04 -6.858781425623869055e+00 1.935710575648594389e+00 1.631720353544282576e+00 3.089708547217318912e+00 3.780589096174649603e+04
5.713157494281267349e-04 -6.852306621494516747e+00 2.748771785029693770e+00 1.056672516675873474e+00 2.915723660799537598e+00 3.116179701190305423e+04
5.702118869926653443e-04 -6.851740631227291267e+00 2.521234339898292376e+00 2.150316642566780345e+00 3.123256806831958166e+00 6.097074585817082698e+04
5.698065805946416580e-04 -6.849951683594642127e+00 2.746955207508277930e+00 1.805278122289453169e+00 3.041846820935446338e+00 4.205629524597914860e+04
5.693937105915706804e-04 -6.848176525440876183e+00 2.807724385998866534e+00 2.177841594709695627e+00 2.931470967043734444e+00 7.170348920376155002e+04
5.684882856077120910e-04 -6.847267947359800822e+00 1.937063679320873533e+00 1.767139317033915802e+00 2.761615455728037460e+00 2.207014700061289477e+04
5.687299070471805518e-04 -6.844343013174498225e+00 2.718980133024079482e+00 1.248759552541274465e+00 2.925625159201913128e+00 3.068418302374536870e+04
5.701017043516218904e-04 -6.839433880947759725e+00 3.000845323810110266e+00 1.979299342957077323e+00 2.817758267251519122e+00 5.693250440852265456e+04
5.688633878321730248e-04 -6.839108340930549090e+00 2.310953089541738503e+00 1.887708749464383384e+00 2.642238212685775078e+00 2.210729948819302808e+04
5.703957361580094592e-04 -6.833918260653562449e+00 2.969761463031390658e+00 1.408011186927529579e+00 2.978279848824509912e+00 4.436411985138812452e+04
5.738710887681793254e-04 -6.825343867477666748e+00 2.567143489372597287e+00 1.827373276446821126e+00 3.062160168008546179e+00 4.018389512772138551e+04
5.779452406027622792e-04 -6.815769529804177829e+00 2.488687436494797733e+00 2.152364623425822465e+00 2.797319843755369906e+00 3.876924180814476858e+04
5.768229169004063499e-04 -6.815213338262084974e+00 3.020998206189497104e+00 2.066265433495424020e+00 3.065847482737322771e+00 6.461631912980115158e+04
5.754549997087898003e-04 -6.815087622824000491e+00 2.566457588433980419e+00 2.103585604754968585e+00 2.826492361944969112e+00 6.110425368084826187e+04
5.786777053226027211e-04 -6.807002972158340270e+00 2.675825835609487502e+00 2.007398264295426671e+00 2.658443505186836919e+00 4.352210217853672657e+04
5.779281376743063223e-04 -6.805799122887258967e+00 2.778316030673009251e+00 1.903083299177825927e+00 2.947770353468932569e+00 5.967699878515734599e+04
5.809375637237589821e-04 -6.798105366939896754e+00 2.176828805407542866e+00 1.376418495886826854e+00 2.773378693588854027e+00 1.967331775194712100e+04
5.806001951231045408e-04 -6.796186266884942206e+00 2.719918689928356059e+00 1.545398397900483278e+00 2.706561627625017952e+00 2.519619080812088578e+04
5.809164397669618930e-04 -6.793141729437653709e+00 2.118944975912078199e+00 2.113700361894760071e+00 2.678197198558903036e+00 2.850226722111103663e+04
5.794823371951987167e-04 -6.793113471618661414e+00 1.855910799784810550e+00 1.562763206740264366e+00 2.869551998841346041e+00 2.912556399674616114e+04
5.808706798188120702e-04 -6.788220504537503253e+00 2.469386418230621771e+00 1.141402583452308495e+00 3.061380796365430701e+00 3.309514573255313735e+04
5.813454745235535192e-04 -6.784903453889252312e+00 2.492383127738156290e+00 2.227950367287493627e+00 2.790459366206484493e+00 5.801476241032699909e+04
5.845313122435731243e-04 -6.776938304079791031e+00 2.939474909739223651e+00 1.811671108287943088e+00 2.739041973393441243e+00 3.730679886116422131e+04
5.852531579044932888e-04 -6.773204152369006081e+00 2.764838198954487236e+00 1.592029756246478023e+00 2.735239969457602172e+00 2.735410489130140922e+04
5.905245481981264734e-04 -6.761737447888509500e+00 2.020857422655520264e+00 1.059744314280864685e+00 3.049093415033655941e+00 3.085680526108890263e+04
5.923580112011195362e-04 -6.756137453799128778e+00 2.726470199326914035e+00 2.028904629989878305e+00 2.762414642926872332e+00 5.539224930999676872e+04
5.951341097868897414e-04 -6.748961879798998531e+00 3.132724572915035921e+00 1.923327150450897527e+00 2.904072217301391756e+00 5.677560245617963665e+04
5.945587375878698183e-04 -6.747429141634944116e+00 2.285616186818104190e+00 2.095424653823013905e+00 3.056474277998238342e+00 5.767293760460100020e+04
5.931380806581574520e-04 -6.747321431629202948e+00 2.299970751082795584e+00 1.314101394544909596e+00 2.881525758742386589e+00 2.309383784241504691e+04
5.984538165963090026e-04 -6.735899297778875194e+00 2.169321397335544521e+00 1.672413493025190601e+00 3.000268311959052081e+00 2.921012160922313706e+04
5.970780265715596412e-04 -6.735700851919696142e+00 2.180937078981483701e+00 1.189096994155154796e+00 2.651625163630968451e+00 2.415156118707355927e+04
5.959521547593450578e-04 -6.735088267953357466e+00 2.312048441042747982e+00 1.408740979939084204e+00 2.626480339470552039e+00 2.660829671520900592e+04
5.951073425494000793e-04 -6.734006857626717135e+00 2.942312882023825349e+00 1.886650314263515593e+00 3.177570798806465646e+00 5.708696908010749758e+04
5.956493686795321773e-04 -6.730596468187028947e+00 2.970552573125730955e+00 1.972721890504593567e+00 2.826273316554988035e+00 5.722078871925351996e+04
5.955902195121799258e-04 -6.728195775107296939e+00 2.861846505156135922e+00 1.241516983548638153e+00 2.897062799447713388e+00 3.859403866240761272e+04
5.956485430040925908e-04 -6.725597854364965045e+00 2.242753139239600291e+00 1.139372461405800063e+00 2.664853241837035647e+00 1.811355237574857529e+04
5.950192555015722815e-04 -6.724154887337389752e+00 2.833216770116379291e+00 1.418334306270783607e+00 2.682505806696811934e+00 2.848607555316457365e+04
5.958117707242442098e-04 -6.720323858295953912e+00 3.035664732121024834e+00 2.049621104080443956e+00 2.898686728336572038e+00 6.265564935728217824e+04
5.968479055435598011e-04 -6.716086338195953687e+00 3.068590871004140741e+00 1.683855968805632042e+00 2.853826652738358671e+00 4.155839552491455834e+04
5.957694041592550074e-04 -6.715394968121956687e+00 2.708588177085429649e+00 1.418970988685882784e+00 2.827581152030516520e+00 2.757978379001698340e+04
5.972406588969545425e-04 -6.710428508652557689e+00 2.065904985395621729e+00 1.726674123561556140e+00 2.855670999809261978e+00 3.876479487012331811e+04
5.962559751268060870e-04 -6.709578591217518095e+00 2.620392592031403289e+00 2.215029777303024972e+00 2.884893634034176202e+00 5.850502563252889377e+04
5.966150704514800373e-04 -6.706476522222966530e+00 2.855180591862919837e+00 1.630047501915975472e+00 2.910927634741322656e+00 3.611845916246360139e+04
5.960505238914571126e-04 -6.704923219444490101e+00 2.420964527412144296e+00 2.094764941906024802e+00 2.632510827757992722e+00 3.656443055925418594e+04
5.948659347356005309e-04 -6.704412594161672345e+00 2.387763788150248256e+00 2.114918086426685662e+00 2.808930419183930383e+00 3.453930096768232033e+04
5.935810157263213217e-04 -6.704074944798263935e+00 2.336465873532141746e+00 1.716713241735169593e+00 2.596521304786093776e+00 2.599448177729753297e+04
5.924149155773435248e-04 -6.703541394250522423e+00 2.531958245880227665e+00 1.537331394879575930e+00 2.640890095881399002e+00 3.189640057522814095e+04
5.945168238478764321e-04 -6.697499639661080195e+00 2.907311839907412487e+00 1.811447231587751894e+00 2.805729849891839933e+00 3.723856373197552603e+04
5.949240882432650559e-04 -6.694314839925063154e+00 1.864029754794576332e+00 1.485092088045771197e+00 3.030713878147370366e+00 2.871615037150722856e+04
6.002249323186709465e-04 -6.682944182385606169e+00 2.007353376828361569e+00 1.601268746113968078e+00 2.904041411744635592e+00 3.633308607281414152e+04
5.999317398100669938e-04 -6.680932772785918239e+00 1.833156701180526760e+00 1.645370379469326405e+00 2.993122997397054341e+00 2.962166830086786649e+04
6.022249583355817346e-04 -6.674617594098068096e+00 2.630337322910114128e+00 1.367766548190436637e+00 3.137087123576081105e+00 4.222042306813829055e+04
6.048598406656640518e-04 -6.667751891676512166e+00 2.322396500305980549e+00 1.442607989825647641e+00 2.607068700132228134e+00 2.449073951222950564e+04
6.034949495189531480e-04 -6.667510982695596056e+00 2.416379937234057529e+00 2.091719838616618254e+00 3.097948122358852086e+00 6.085493666974522057e+04
6.078854719086372333e-04 -6.657762158895626392e+00 2.726506579775266559e+00 1.908544856532521816e+00 2.830944160069428506e+00 5.461862596387266967e+04
6.066958911963910754e-04 -6.657220992002659266e+00 2.802049865500555459e+00 1.689781444611799799e+00 3.172628562207029823e+00 4.784517998565501330e+04
6.061949940810948964e-04 -6.655546947824162451e+00 2.030781288348339153e+00 1.163216804826013639e+00 3.065922944242070347e+00 3.205800738746896241e+04
6.061735942646248121e-04 -6.653082250316618484e+00 2.226866976690650812e+00 2.169244184573220657e+00 3.016918010441528075e+00 5.501406620354970073e+04
6.068094042138588197e-04 -6.649533909147348432e+00 2.699532961419282895e+00 1.362788784899375605e+00 3.088545505849802364e+00 3.966355906150756346e+04
6.064824843309076126e-04 -6.647572806495876563e+00 2.977968023646044404e+00 1.985458757567782673e+00 3.115717325726154563e+00 6.578213854037305282e+04
6.052142230642753532e-04 -6.647166171480754393e+00 2.470629365331194371e+00 2.010945440637877724e+00 2.744822626648736996e+00 2.952386877811939121e+04
6.053049296360913907e-04 -6.644516307561984192e+00 1.885690897442634739e+00 1.179850869237686117e+00 2.879173928608655508e+00 2.162484146681637867e+04
6.128668709929209046e-04 -6.629600918391092890e+00 2.790049673335411651e+00 1.161532041060978182e+00 2.717040468970030265e+00 2.572204675751954710e+04
6.168328665296014292e-04 -6.620650548163561133e+00 1.966797134223526644e+00 1.040914558295689352e+00 3.009454477176972453e+00 2.482127398805156554e+04
6.189690795375028072e-04 -6.614693335391845785e+00 2.212232128192666458e+00 1.829323918247559355e+00 2.637324396005823246e+00 2.203746628414147199e+04
6.202982802269177637e-04 -6.610048195057680154e+00 2.832866748517750111e+00 2.049058803314633082e+00 2.781469792631615423e+00 5.600003461514085939e+04
6.204799261069781670e-04 -6.607255401582698084e+00 2.063927253950546881e+00 1.717725557339147446e+00 2.952706612983620804e+00 4.107178314990874060e+04
6.253162506207130943e-04 -6.596991131792672824e+00 1.962067999851712319e+00 2.072805297610518238e+00 2.791421511205446571e+00 3.458581698198684899e+04
6.240853687235709078e-04 -6.596461486683055320e+00 2.289732535130625468e+00 1.436734017987695067e+00 2.620752064387882996e+00 2.531717742298743178e+04
6.267587762849257099e-04 -6.589686914758607905e+00 1.966856580516806563e+00 1.404971122738351008e+00 2.755449464754888389e+00 2.627861673614971733e+04
6.261039345435558557e-04 -6.588232267605880210e+00 2.670966106743366542e+00 1.003245740998624846e+00 2.821516702526222886e+00 2.501776872798190379e+04
6.262480329492670517e-04 -6.585502143151915178e+00 2.098654803369463195e+00 1.092238362032651011e+00 2.668305277288491872e+00 2.012691668709784790e+04
6.265345446700351911e-04 -6.582544742592737030e+00 2.469943556364842863e+00 2.173383128030961231e+00 2.700658369873150111e+00 4.655211850157145818e+04
6.342611589376787777e-04 -6.567787862311845082e+00 2.325704210282332873e+00 1.367506432751778522e+00 2.836975218797729958e+00 3.705551778702119191e+04
6.333821326289429182e-04 -6.566674729509388797e+00 1.884307846926523977e+00 1.616073152922006928e+00 2.842459170741635788e+00 2.920466069769003661e+04
6.339955278426061486e-04 -6.563206754010549204e+00 1.929272447469179141e+00 2.021310019216673304e+00 2.971179211060944514e+00 3.981594016167466179e+04
6.328022545924828551e-04 -6.562590675216588565e+00 1.835997250806849834e+00 1.475339028828305032e+00 2.968038333139928930e+00 2.746202897606158876e+04
6.319614020579650488e-04 -6.561420334958123490e+00 2.640441919511680613e+00 1.254710382957436865e+00 2.817350351132991815e+00 2.523118074352145049e+04
6.306200794110218425e-04 -6.561045066187347174e+00 2.088951572682207658e+00 1.765798233507627879e+00 2.950678911224073442e+00 4.254570540545265976e+04
6.295941698336026153e-04 -6.560173217598372908e+00 2.024104922424122766e+00 1.119530628910320846e+00 2.733201744655082255e+00 1.916201379251497565e+04
6.285377692885941742e-04 -6.559352533988684897e+00 2.693679676844837445e+00 2.013772758655201667e+00 2.746783595041216497e+00 3.634377989483987039e+04
6.281473576101271813e-04 -6.557473869727716398e+00 2.461141064148945290e+00 1.129777927452255248e+00 2.997803182661608723e+00 3.746450316777253465e+04
6.329882999931408074e-04 -6.547296715996679950e+00 2.521603179843121101e+00 1.128282157493172067e+00 3.046323085530456165e+00 3.483332509798392130e+04
6.332964125595198475e-04 -6.544310075718380304e+00 2.787346008993492052e+00 1.687849834637870972e+00 2.679344927379770702e+00 2.969249535106696567e+04
6.319128108499233280e-04 -6.543997227432972963e+00 2.523234593084692001e+00 1.506348332735325757e+00 2.765418993115657642e+00 2.339833774890173663e+04
6.304730189337956047e-04 -6.543778293183963868e+00 2.680753873729010195e+00 2.101444521582565450e+00 2.914989661208650773e+00 4.788124285524072911e+04
6.290654786928766198e-04 -6.543513303593718078e+00 2.706406320517989794e+00 1.275609370125676767e+00 2.689747228835845938e+00 3.076154724897167398e+04
6.300769837476523794e-04 -6.539406646201827655e+00 2.574139700382294560e+00 1.913975750700538603e+00 2.880832712330561041e+00 3.471614990212395060e+04
6.378708635224701259e-04 -6.524612799961392540e+00 2.737847813192114899e+00 1.401435176265547922e+00 2.688920279342254638e+00 2.511860510008959682e+04
6.393925126870809604e-04 -6.519730127894163729e+00 2.760729167583008348e+00 2.158037357985634230e+00 2.986255644398726261e+00 6.749360463952645659e+04
6.380536107374767301e-04 -6.519326345363265496e+00 2.282154219575931009e+00 2.237543099827212778e+00 2.807242424877247622e+00 4.851971431787732581e+04
6.385555662119771127e-04 -6.516039956687027512e+00 2.886819869361616941e+00 1.616841940985701553e+00 2.989284605741559631e+00 4.997869113375938468e+04
6.374079400373581670e-04 -6.515338795726632881e+00 2.252759186996825758e+00 2.140005777125845832e+00 2.863087774728648505e+00 5.334775547177555563e+04
6.407978213800751997e-04 -6.507534658642327940e+00 2.356364002691270887e+00 1.946425204396617481e+00 2.977303803593470910e+00 5.378664625719239848e+04
6.452940204150233285e-04 -6.498042596012455263e+00 2.843168042141683394e+00 1.257988669711216811e+00 2.903268868994921093e+00 3.473636042323283618e+04
6.449646318813830872e-04 -6.496053173546983750e+00 2.901398712799614366e+00 1.598646234165926217e+00 2.993484227627650540e+00 4.077393553591434465e+04
6.457860522004867446e-04 -6.492280394163443269e+00 2.087369639295866719e+00 2.144837533720707956e+00 2.753610625143759538e+00 3.927266523871658865e+04
6.458523788337910878e-04 -6.489677692615131832e+00 2.236364407111334440e+00 1.857704496432889929e+00 2.958346579053459102e+00 4.819388870912764105e+04
6.461727622559029077e-04 -6.486681752685655056e+00 2.751185314013897099e+00 1.886272950510104796e+00 3.153145348570816076e+00 5.918794338025618345e+04
6.447127624205752170e-04 -6.486443766520266330e+00 3.062272227322695439e+00 1.875773236817048772e+00 2.963245448005050520e+00 5.064811981173977256e+04
6.433106999460522007e-04 -6.486120843365935862e+00 2.687210033802336362e+00 1.653456126022645467e+00 2.885421721495365244e+00 3.218633753674330364e+04
6.436345024938348695e-04 -6.483117632267274999e+00 2.695701527562464506e+00 2.004738102406301792e+00 2.938094486287774032e+00 4.364448055094791926e+04
6.435262049813725380e-04 -6.480785905758052579e+00 2.791134920050895918e+00 1.140778376379700587e+00 2.838622022671128509e+00 2.995961098964469420e+04
6.430432829556360702e-04 -6.479036618491325505e+00 2.106598373115078360e+00 1.415471950272679802e+00 2.661202780356093811e+00 2.367308551457584326e+04
6.489217159126128322e-04 -6.467436567749068388e+00 2.273484256554552108e+00 1.889050499664602034e+00 3.198445073517776294e+00 5.037976068890448369e+04
6.493948606606425502e-04 -6.464207708890585380e+00 2.010277506128749891e+00 1.405717040052703259e+00 2.746020381687188650e+00 2.696688916180890010e+04
6.493509422968586327e-04 -6.461775340853204597e+00 2.300516908231689417e+00 1.635417459347340507e+00 2.717805481915370081e+00 3.574871422641438403e+04
6.492649623967581890e-04 -6.459407758606472427e+00 2.834404691523406239e+00 1.754742842693611138e+00 3.059691883574170657e+00 5.498227371003614826e+04
6.496279088062339958e-04 -6.456348903558500218e+00 2.358934536552664607e+00 1.074118908032373643e+00 2.826605670442051910e+00 2.145873833649199514e+04
6.539542442793845828e-04 -6.447211268412742058e+00 2.758051149822571269e+00 2.080591061419362120e+00 3.019683759223128927e+00 5.488734719521709485e+04
6.527803445019804852e-04 -6.446507960875421439e+00 2.543965961728054115e+00 1.934362605046780814e+00 3.213583883363581251e+00 5.522806034314334102e+04
6.522138019730598039e-04 -6.444876229236690790e+00 2.526070331919915812e+00 1.579314003377949138e+00 2.796027501455370157e+00 2.509776893498584832e+04
6.510661969723113493e-04 -6.444137332450553757e+00 2.248268866624796303e+00 1.460603003170465097e+00 2.947835099644011692e+00 2.621907027642446337e+04
6.498337421864517792e-04 -6.443532105626395889e+00 2.606318934123041053e+00 1.879513627276170773e+00 2.819621882950811287e+00 3.209018991689904215e+04
6.497384225517791219e-04 -6.441178799496008800e+00 2.210082313751064120e+00 2.155279915340319263e+00 2.716278620313987702e+00 3.209229141653079205e+04
6.489366647747206451e-04 -6.439913531549844805e+00 3.065993748631176796e+00 1.841834898752022109e+00 2.870693367012844277e+00 5.127197788615476748e+04
6.479028351145432784e-04 -6.439007915248476266e+00 2.224062813548458806e+00 1.468743257834814742e+00 2.640522880409531759e+00 2.573122791264720581e+04
6.495001277166645133e-04 -6.434045621797789494e+00 1.921787108486209261e+00 1.403417943382039956e+00 3.041010466760815767e+00 2.891707837792402643e+04
6.487244241933586529e-04 -6.432740644052573842e+00 2.697650650028027730e+00 1.395285704783473468e+00 2.795777497081753271e+00 3.869192757373455970e+04
6.509469324097956521e-04 -6.426820532696631005e+00 2.465710562500451175e+00 1.036351300927679908e+00 2.994446769863389424e+00 3.495903269262597314e+04
6.511797654143614434e-04 -6.423962913107943429e+00 2.774804879363593546e+00 1.410669335571601124e+00 2.905900226506276773e+00 3.279740983888961637e+04
6.513633781127378067e-04 -6.421180983560339506e+00 2.648846899549550216e+00 1.003077787138173527e+00 2.896879810392377408e+00 2.859357972196915944e+04
6.566064750183072491e-04 -6.410663788092858972e+00 2.854569804281492207e+00 1.509073007235782526e+00 3.004364259631392198e+00 4.676811167351624317e+04
6.562624891626148323e-04 -6.408687809717179107e+00 2.061165060699897911e+00 1.001816475470193923e+00 3.035478422619672934e+00 2.935045786972112910e+04
6.595995413097873296e-04 -6.401115759268288130e+00 2.120333271852820278e+00 1.681223793833789948e+00 2.957626371414313837e+00 2.753233655704065677e+04
6.584064527265651645e-04 -6.400426204614517722e+00 2.151407306209773385e+00 2.117581175831213969e+00 2.946229312166382286e+00 3.889760780945917941e+04
6.574611968307499674e-04 -6.399362908463460897e+00 2.814300412212421332e+00 1.571797248273856251e+00 3.033656202467492680e+00 4.055598583881018567e+04
6.559819389898018539e-04 -6.399115398009525002e+00 2.567369812262846995e+00 1.842916506080016115e+00 2.635001635949032028e+00 3.513140531887058023e+04
6.565033815889410136e-04 -6.395820809882098779e+00 2.562603430120696579e+00 1.856450530675742394e+00 2.820676967491195342e+00 3.075320127689151923e+04
6.573813687322896697e-04 -6.391984334557575309e+00 2.315907570815669114e+00 2.136154566257682852e+00 2.981262094501448967e+00 4.493601977474429441e+04
6.571925895551603523e-04 -6.389771544230699263e+00 2.791120081143003251e+00 2.018288485184932313e+00 3.102880068915498502e+00 6.418567160690816672e+04
6.659678608450449351e-04 -6.374007242160296904e+00 2.744059860695160946e+00 1.657122630008251551e+00 3.115351403798038987e+00 5.118869345119514037e+04
6.643740456267812353e-04 -6.373903341949466395e+00 2.731276512504870357e+00 1.391345102913895015e+00 2.797111428990420645e+00 2.753273901489847776e+04
6.656629484943366992e-04 -6.369465195451698314e+00 2.102100999029378414e+00 2.163770403828485289e+00 2.931169687710411864e+00 4.197566477283648419e+04
6.675881124767303956e-04 -6.364077269273715309e+00 2.429530265861348237e+00 1.828834057816760117e+00 2.712774681655668818e+00 2.434609739041981811e+04
6.682967818873098613e-04 -6.360516295412802279e+00 2.312045261298694587e+00 1.698849431005515331e+00 2.671149432051776351e+00 2.120859446376704364e+04
6.689607543490341032e-04 -6.357023259294781958e+00 2.373611960267408616e+00 1.939498883550276886e+00 3.069656896117997746e+00 5.452409627152934263e+04
6.708631689294507813e-04 -6.351683459488463690e+00 2.772182569391338891e+00 1.211350385304531763e+00 2.749379788656612256e+00 3.164827663593799298e+04
6.710621054042672845e-04 -6.348886965369040070e+00 2.507748577423701164e+00 1.714894474946031533e+00 2.657482743369202094e+00 2.343530655438457688e+04
6.717382313283459761e-04 -6.345379926626611322e+00 2.163781920668096603e+00 1.420937674401805406e+00 2.824586940433428062e+00 3.426067862294908991e+04
6.714684793603089771e-04 -6.343281580325204949e+00 2.129507711204107423e+00 1.412292095173329765e+00 2.729636668394750387e+00 1.963219709055084240e+04
6.707938355872090572e-04 -6.341786814283418394e+00 1.901842184047774387e+00 1.674885274214599873e+00 2.786210636772684879e+00 2.504967460493402541e+04
6.752669318745442139e-04 -6.332640587216941341e+00 2.162992987899676312e+00 1.807789919541531898e+00 2.765410828182375269e+00 2.278882893791626702e+04
6.736263071625167532e-04 -6.332573137805161068e+00 2.773800646441282769e+00 1.380383992239501367e+00 2.916767165740004497e+00 4.191163046517661132e+04
6.766790909860667886e-04 -6.325551510284538104e+00 3.012970296401319192e+00 1.733453334143816083e+00 2.855401189170869714e+00 4.783604270929344784e+04
6.756421407699888257e-04 -6.324585096232843817e+00 2.602804533668380493e+00 1.810956075005273336e+00 2.793965261114558452e+00 4.749836458336268697e+04
6.764450981691514297e-04 -6.320897365929011080e+00 2.551539863119936857e+00 1.304146018572322374e+00 3.083116033194098993e+00 4.026040759088855702e+04
6.776077180332986099e-04 -6.316680121024026207e+00 2.556612877171113407e+00 1.536520063702634387e+00 3.123823543973178296e+00 4.004970427612444473e+04
6.764750697785573393e-04 -6.315853059383626622e+00 1.956446358961214660e+00 1.143166189573474156e+00 2.945896552331920493e+00 2.882147291654419678e+04
6.803585835962197917e-04 -6.307628666547707930e+00 2.548364554988597597e+00 1.997073018437022673e+00 2.649686569306571648e+00 3.248890912521561040e+04
6.805029447806215052e-04 -6.304916505086850087e+00 2.785904067098691872e+00 1.668798055225545252e+00 3.159316986870542632e+00 4.950814076442205987e+04
6.813430706894465366e-04 -6.301182700374927670e+00 2.682889792284044006e+00 1.130881435843641203e+00 2.766659600660613449e+00 3.199131432302228859e+04
6.842833377231004018e-04 -6.294376586259241790e+00 2.171360117360028319e+00 1.871915182449391146e+00 3.060679278425890715e+00 3.643863241597325396e+04
6.848328289167683602e-04 -6.291073891445520871e+00 2.675683643556105995e+00 1.290111190224426885e+00 2.792206402280844380e+00 2.576442288823555646e+04
6.835980692368290486e-04 -6.290378527714270973e+00 2.706135681321011344e+00 1.330936751487664660e+00 2.836013513900382144e+00 3.845741615222496330e+04
6.832147299370496278e-04 -6.288439452092597470e+00 2.677566357889211268e+00 1.728592436380651076e+00 3.191110936753606353e+00 5.098658850875787903e+04
6.847068969847186926e-04 -6.283757795468195795e+00 2.318637355345572804e+00 1.172708802901816894e+00 2.769768262614421328e+00 2.033698526777671213e+04
6.844278027643825677e-04 -6.281665489794038493e+00 2.663006202130863365e+00 1.287216964121799645e+00 3.039696611442863627e+00 3.968115353474317089e+04
6.858548638443626427e-04 -6.277082617944779841e+00 2.151029956613041083e+00 2.182063218904145785e+00 2.792763738326089928e+00 3.695410172014332784e+04
6.842937704000655623e-04 -6.276861340239262788e+00 2.085329632332337813e+00 1.081240560281912844e+00 3.040402993797166609e+00 2.825530820437988223e+04
6.830539667450633229e-04 -6.276174783829488568e+00 2.784669680378583756e+00 1.918265183574760169e+00 2.985965758578531748e+00 5.910422227048454806e+04
6.824992673435394900e-04 -6.274487200977626244e+00 2.591388523276396239e+00 1.484584505770382368e+00 2.699111703120254724e+00 3.446094977949904569e+04
6.835554221899767420e-04 -6.270440915803294324e+00 2.698871058620046615e+00 1.942165878189231032e+00 2.698638819992064342e+00 3.424300001942700328e+04
6.828218278937713470e-04 -6.269014695927556780e+00 2.750183211682900364e+00 2.112061276270100763e+00 3.035058569535078909e+00 6.318299181894851790e+04
6.821888041345763312e-04 -6.267442196109197283e+00 2.439244668844575692e+00 1.467350841965849639e+00 2.725402334554295258e+00 2.163371481082488390e+04
6.874143723052849242e-04 -6.257311382137162425e+00 2.298860593078578152e+00 2.145974742491388199e+00 2.748465594187921468e+00 4.688238747626038821e+04
6.880921738831784294e-04 -6.253825851919757817e+00 2.889723105872314957e+00 1.385278588178542547e+00 2.825967340603551925e+00 3.672744238365994534e+04
6.883112601631651440e-04 -6.251007505893562133e+00 2.265734677157914323e+00 1.112782041901528851e+00 2.753233591309872885e+00 1.959962479082273057e+04
6.884160661755665085e-04 -6.248355252051279507e+00 2.506148469272215795e+00 1.870015756325068335e+00 2.624798973714834283e+00 3.174732136758294655e+04
6.884183648367991123e-04 -6.245851912998764632e+00 2.041633059096956693e+00 2.074959289312990229e+00 2.993907273661694735e+00 4.026573189982932672e+04
6.869730803751674698e-04 -6.245453547407839423e+00 2.131942651740164951e+00 1.597812141257582308e+00 3.155009227176866382e+00 3.814587632090722036e+04
6.900655198992841199e-04 -6.238462105087834608e+00 2.352348385376235917e+00 1.419867946142977289e+00 2.884245372191650336e+00 3.895642224499590520e+04
6.884012646552350621e-04 -6.238376753117540474e+00 2.535744167334785359e+00 1.038365462536833927e+00 2.638726730128168274e+00 2.316019439553713892e+04
6.955994235107883748e-04 -6.225474700832452690e+00 2.285915038371465258e+00 1.386479247281250604e+00 2.646905061089265487e+00 2.603780082329719153e+04
6.959248919845440612e-04 -6.222506913850843979e+00 2.045708326208635963e+00 1.446429704284547313e+00 2.837819133181639586e+00 3.199720403441744565e+04
6.953533576811140107e-04 -6.220828509869782863e+00 2.105069287053002114e+00 1.820137716064595734e+00 2.667035534167876865e+00 2.608055987515678498e+04
7.023951435838170091e-04 -6.208252526281983208e+00 2.350607010475521008e+00 1.074559281220860418e+00 2.942330850224045502e+00 2.557737625584467969e+04
7.007551871307957309e-04 -6.208090062273474707e+00 1.938027523369543204e+00 1.761024580941076279e+00 2.979527789626822631e+00 2.962404369038489313e+04
7.083677686595427027e-04 -6.194785248459902860e+00 2.082121884575054871e+00 1.912004057645003030e+00 3.043319711883816225e+00 4.543813734753539757e+04
7.095264078046047921e-04 -6.190650938336927034e+00 2.225009458475113000e+00 1.832870575106382294e+00 3.051635202502341659e+00 3.589749388140063820e+04
7.084658560214303086e-04 -6.189646788501955932e+00 3.017989828479415770e+00 1.913579811820268262e+00 2.894347330625920200e+00 5.258809445413832873e+04
7.073410756704162248e-04 -6.188735678289777553e+00 3.008080025589776607e+00 1.856002757314007656e+00 2.986304909661678941e+00 5.037765930420793302e+04
7.068692720646100420e-04 -6.186902910889320317e+00 2.906408703589218767e+00 1.862347266127517997e+00 3.113357489178133708e+00 5.451725091514360975e+04
7.057973110423091832e-04 -6.185920553114129028e+00 2.588541537199141818e+00 1.585283610499508944e+00 2.890422299699601183e+00 3.021952143384502779e+04
7.048236568724919847e-04 -6.184801015118573275e+00 1.991026745424834266e+00 1.766569619428951521e+00 3.042386361996368471e+00 3.284119602427695645e+04
7.047442207118200094e-04 -6.182413725066093768e+00 1.907883338387459604e+00 1.762535401728140938e+00 2.886367844434152730e+00 3.237848254309675031e+04
7.035919513954240782e-04 -6.181550080925344304e+00 2.893819518604206831e+00 1.825869579690314382e+00 2.975800832904114568e+00 4.484543175712435914e+04
7.046094701177417485e-04 -6.177604948313126343e+00 2.602246790506007823e+00 2.144878121152832051e+00 2.845070849083831899e+00 4.812853415966690955e+04
7.036242014731927544e-04 -6.176504245638835044e+00 2.369682924469381113e+00 1.961748094217709903e+00 2.882723537267537495e+00 5.123280768218592129e+04
7.030007649231931029e-04 -6.174890674652559142e+00 2.718748090640353166e+00 2.062341160178795096e+00 2.875398566478370554e+00 6.007850819397172017e+04
7.037409705652878690e-04 -6.171338305633093491e+00 2.179240014942650294e+00 2.034139261520334419e+00 3.024493764223676440e+00 5.030561790919854684e+04
7.092257957674887557e-04 -6.161074707957661545e+00 2.385868385683556525e+00 2.062982039293419501e+00 2.968390801066314921e+00 4.168620223805663409e+04
7.091537489792791148e-04 -6.158676298238676239e+00 2.668935581192508621e+00 2.121862909117711915e+00 2.866305603654448753e+00 4.952194104711048567e+04
7.074539283196794055e-04 -6.158576146132557660e+00 2.540870338815642171e+00 1.063170502714806620e+00 2.975767252870635371e+00 3.230049201876374718e+04
7.067531274694008802e-04 -6.157067232840508275e+00 1.961702788950581366e+00 1.196117750313126837e+00 2.988256927981381317e+00 2.920023764561420830e+04
7.080433599629624292e-04 -6.152743319842841174e+00 3.013367057729797516e+00 1.894602549904783384e+00 2.893580009215936055e+00 5.259972942383529880e+04
7.087979859246575044e-04 -6.149178096788413761e+00 2.292910509228406113e+00 2.181996217491210643e+00 2.744758852226836687e+00 4.365453105410866556e+04
7.075088492755511735e-04 -6.148498517297691812e+00 1.909417834651344181e+00 1.107808685391709069e+00 2.940563181717999353e+00 2.592666774399857968e+04
7.074194538464715102e-04 -6.146124877663799779e+00 2.263120603994108748e+00 1.800921878558357836e+00 2.758984267661764633e+00 2.356531965364714779e+04
7.076326078137311262e-04 -6.143323611053691735e+00 2.519648757966503894e+00 1.968311749476205463e+00 3.052739059105328945e+00 4.465571323334853514e+04
7.081348357964505156e-04 -6.140114132945469372e+00 2.736192092635534756e+00 1.275938899240951940e+00 2.967237571985250177e+00 3.851298515293745731e+04
7.064777854198855478e-04 -6.139956896059006297e+00 2.261329030101435933e+00 2.068768466007349538e+00 2.824402559190548168e+00 3.231864511172693892e+04
7.057682528795148095e-04 -6.138461724652362506e+00 2.157201937997431873e+00 2.002120571336954313e+00 2.711283109246285683e+00 3.640326066480299050e+04
7.040901522205023598e-04 -6.138342249456005817e+00 2.715550819977917030e+00 1.189403531996553243e+00 2.906948754924944645e+00 3.221220542110831957e+04
7.054838367154648389e-04 -6.133864793912629843e+00 2.593685322819355932e+00 2.069534533501379059e+00 2.776171026021877708e+00 3.863330468683048821e+04
7.037294878021317472e-04 -6.133854622512901145e+00 1.966769266093877366e+00 1.930881166309193819e+00 2.776819135011496797e+00 3.030795757280495309e+04
7.111170274180404283e-04 -6.120911642763272376e+00 2.752299547119569478e+00 1.247777347537824877e+00 2.934586050229015086e+00 3.683008457094978075e+04
7.115991620271855476e-04 -6.117733876345518240e+00 2.805726910249818129e+00 1.296759499774806423e+00 2.782180517367792927e+00 3.045252295756047897e+04
7.120906257921226241e-04 -6.114543467818794653e+00 2.877880116754564899e+00 1.996367546697201512e+00 2.864002104777499724e+00 5.659376357259310316e+04
7.119817980567467574e-04 -6.112196307988666533e+00 2.158207504932243559e+00 1.309465439914877738e+00 2.755303703253642489e+00 1.996808564993459368e+04
7.107710349723049071e-04 -6.111398308994907325e+00 2.567375908285782327e+00 1.417716898131656578e+00 2.708975159192875015e+00 2.294339821254612980e+04
7.096696193944109898e-04 -6.110449117605248226e+00 1.959004416043090169e+00 1.754006643376495367e+00 3.063263804786639177e+00 3.593560558183360990e+04
7.111935189176247368e-04 -6.105804083271632265e+00 2.369440748280803533e+00 1.879100702322826999e+00 2.634854440418194166e+00 2.577726339599092171e+04
7.116465952357762734e-04 -6.102667221365701167e+00 2.882372206715456020e+00 1.967881278958119262e+00 3.003889549665107239e+00 6.072169327058601630e+04
7.121512189149724727e-04 -6.099458379569053790e+00 2.872357744703484261e+00 1.924322593783949653e+00 2.761169313307885176e+00 4.407308717043064826e+04
7.132207673206851593e-04 -6.095457650472680733e+00 1.940878731651810796e+00 1.688088010711441544e+00 3.045226421508043124e+00 3.453428084653966653e+04
7.116093902520706591e-04 -6.095219502872465611e+00 2.753609762841921160e+00 1.464833391745487212e+00 2.690852670779312561e+00 2.899238464894753997e+04
7.116148139910305655e-04 -6.092711881109226013e+00 2.452465815537767213e+00 2.119881491354203007e+00 2.721765794678320027e+00 3.682053717113254970e+04
7.168909731178198068e-04 -6.082824885317248409e+00 1.886377568196257570e+00 1.280973707463458844e+00 2.897831049570092965e+00 2.538095157764545002e+04
7.190858674076658266e-04 -6.077267877798421480e+00 2.763709064156102624e+00 1.506231043422061600e+00 2.948230083340056318e+00 3.593816206086742750e+04
7.181609389324552454e-04 -6.076054961685219524e+00 2.519646551745735596e+00 1.136180241259278523e+00 2.702492280813798331e+00 2.867870425892243657e+04
7.201251116734789029e-04 -6.070823691419155566e+00 2.366617209321391968e+00 1.817150198220981450e+00 2.752176134808242747e+00 4.161928054190522380e+04
7.186945983788528428e-04 -6.070312145922493130e+00 2.890665238419485306e+00 1.477104163327431330e+00 2.842957666939037953e+00 3.981464690508974309e+04
7.190335161951842517e-04 -6.067340682898057835e+00 2.303076895618793252e+00 1.769817077510766890e+00 3.193417957826937048e+00 4.523266744815788115e+04
7.180997709160952128e-04 -6.066140138444531260e+00 2.540333948651781082e+00 2.030286562208173606e+00 2.682331001245579216e+00 4.178707856841682951e+04
7.165358066914923833e-04 -6.065820434079971513e+00 1.993957359009649322e+00 2.053187207040870099e+00 2.821521857936208910e+00 3.496803682994425617e+04
7.161379257112589951e-04 -6.063875872462715755e+00 1.945141431304340918e+00 1.003847786284158605e+00 2.909774665116598324e+00 2.254302412565142004e+04
7.149111124293773718e-04 -6.063090437861560211e+00 2.520371197998446000e+00 1.127512029991925679e+00 2.657088161596658615e+00 2.542438762748342197e+04
7.132772088058583542e-04 -6.062878517538527134e+00 2.417041521964254702e+00 1.741565890272424921e+00 3.198060422571431083e+00 4.638531054903231416e+04
7.131881431998672366e-04 -6.060503393485891621e+00 2.181474089147365181e+00 2.043169324473063320e+00 2.820687190272861411e+00 4.531785215680245892e+04
7.146364410919063201e-04 -6.055974715166884792e+00 2.001365182612618643e+00 1.395333050038174871e+00 2.771163731499085792e+00 2.667987424475035004e+04
7.156181859411423710e-04 -6.052101889678518809e+00 2.822401878981333656e+00 1.404882719932487811e+00 2.956948328420779593e+00 3.827063834937583306e+04
7.178847080657748628e-04 -6.046439672116479258e+00 2.245338378256710676e+00 1.850049516608926803e+00 2.736552046141399686e+00 3.858480110810611950e+04
7.184460304650388835e-04 -6.043158066024258090e+00 2.482248898746430843e+00 2.141407416850436451e+00 2.931641758768456008e+00 5.884186013701283809e+04
7.172934837471639947e-04 -6.042263575873419335e+00 2.438010297055869913e+00 1.332090389382886819e+00 3.055068596313444740e+00 3.432692877907939692e+04
7.172810824516265326e-04 -6.039780865034721558e+00 2.240007824325933150e+00 1.539829613257733376e+00 2.979796804683807476e+00 4.095676439838601073e+04
7.171981619070373105e-04 -6.037396475692743181e+00 2.719719540031241056e+00 1.934234600816369554e+00 2.697536285657057498e+00 4.103838926319019083e+04
7.159035980295172302e-04 -6.036703136274475412e+00 1.894542635666425001e+00 1.652093068369883122e+00 2.843911606630647793e+00 2.586977633878584675e+04
7.146504730507378467e-04 -6.035955080258464278e+00 2.343102190515780947e+00 1.701621723074514980e+00 2.628834738618229139e+00 2.742862360715556497e+04
7.162199083678319434e-04 -6.031261400150399687e+00 2.994646638115459947e+00 1.844971481871024555e+00 2.994027876668117649e+00 5.123236157936840755e+04
7.172280356528242104e-04 -6.027354823154826846e+00 2.202783825112270666e+00 1.896936952345463112e+00 2.682000696997342004e+00 3.318054204093872249e+04
7.179217457894519500e-04 -6.023888080589517635e+00 2.684198270597638825e+00 1.473968489008189664e+00 3.022563955254276014e+00 3.771949902738239325e+04
7.168317743262543965e-04 -6.022907465846430775e+00 2.683578683969053191e+00 2.052651789271423777e+00 2.872127968483590976e+00 4.472742369959404459e+04
7.154813939320771874e-04 -6.022293060176226120e+00 2.547956132505290405e+00 1.030835308415525953e+00 2.944198901800678669e+00 3.244698178184468634e+04
7.141936283992355444e-04 -6.021594540737886803e+00 2.621138555505647449e+00 1.602741047117812956e+00 2.684369524034300625e+00 2.538524568713458575e+04
7.259453590038675167e-04 -6.002773905634494866e+00 1.950859992472841808e+00 1.183454091722373480e+00 2.968797296852495382e+00 2.529433696426025926e+04
7.245757473605118903e-04 -6.002162347028932921e+00 2.244255846749549033e+00 1.042269806996676484e+00 2.875597952711453686e+00 3.126822687339131517e+04
7.242620574268453281e-04 -6.000095369880121154e+00 2.225927514202404645e+00 1.908182855655323085e+00 3.150634412762072678e+00 4.512834526640816330e+04
7.234844922787296486e-04 -5.998669543012205452e+00 2.421925815621868594e+00 1.322706223759301247e+00 2.647084270640508219e+00 2.618042707873013205e+04
7.270186810418193587e-04 -5.991296481274900998e+00 2.724444632714927650e+00 1.856335538041139932e+00 2.689374354771475240e+00 3.847724616659115418e+04
7.256150098519348985e-04 -5.990729069835341924e+00 2.416067927437342888e+00 1.616841098671029986e+00 2.679077128597270097e+00 2.223518751815301584e+04
7.256191362207248512e-04 -5.988223383132336153e+00 2.555771979537786009e+00 1.892338744087438851e+00 2.662013366981139217e+00 2.950916884117860900e+04
7.243278936554628684e-04 -5.987504472896312713e+00 1.896440435998144602e+00 1.520225242220725415e+00 2.848644435380227158e+00 2.592810502980924502e+04
7.227844799925462220e-04 -5.987137568122703257e+00 2.291104745992648795e+00 1.898042088557054585e+00 2.911821259992610322e+00 3.176671813839243987e+04
7.219712619445071717e-04 -5.985763319847116293e+00 2.802454865716824894e+00 1.858461496265183976e+00 2.945799044467565242e+00 4.269295492404603283e+04
7.230212654169506942e-04 -5.981810020072387601e+00 2.647371894605955234e+00 2.028618009157980406e+00 2.739079656511937966e+00 3.835187246059426980e+04
7.220340821518277455e-04 -5.980676311571674120e+00 2.343600823658639420e+00 2.014778217210857925e+00 2.655361525709183379e+00 3.099603395292310597e+04
7.209875599118898293e-04 -5.979626771347060554e+00 2.227873005788366445e+00 2.185941333052441315e+00 2.856989672576480288e+00 4.562159190349051642e+04
7.192294758768138065e-04 -5.979568187973367976e+00 1.932397509504060640e+00 1.698527545435661645e+00 3.010290015766214466e+00 3.399275079833301425e+04
7.174432767508251733e-04 -5.979554766831457258e+00 2.126014380355575106e+00 2.032778295104852084e+00 3.061837966808277578e+00 4.528973638095081697e+04
7.168460017905535324e-04 -5.977887618340188780e+00 2.598759906905099282e+00 1.338260043783361830e+00 2.914203106583275193e+00 3.960655406289172970e+04
7.177182356371969310e-04 -5.974171591993831854e+00 2.888456296687682556e+00 1.531153161124013673e+00 2.958018800912218360e+00 4.453120512708265596e+04
7.187998251629276790e-04 -5.970165742872088011e+00 2.407090509858133665e+00 1.851400741871995770e+00 2.684288433876670599e+00 3.764830297395164234e+04
7.173162164064084871e-04 -5.969731884104918507e+00 2.154538984067116747e+00 1.807155482353820730e+00 2.663163230015482164e+00 2.587037964399925113e+04
7.158699100099305285e-04 -5.969250194024037448e+00 2.503676300419353407e+00 1.828504913937706533e+00 3.036631328978558031e+00 5.221100628837961267e+04
7.144578300800993225e-04 -5.968724679100447794e+00 2.829721533138560563e+00 1.417657221634978537e+00 2.779945732524323088e+00 3.437157659711942688e+04
7.131446853425453839e-04 -5.968064329974845705e+00 2.398321866811331748e+00 1.275614623852971974e+00 3.062121462964559448e+00 3.492670919680771476e+04
7.117023343687602565e-04 -5.967588900257128515e+00 2.412629509059399879e+00 1.109999321217456814e+00 2.657577260192710789e+00 2.062307579434514992e+04
7.116091538477578669e-04 -5.965219835083281019e+00 2.387059373904111936e+00 2.168036162521985943e+00 2.930422261834549680e+00 5.423851069726685819e+04
7.107882570540443494e-04 -5.963874079148348883e+00 2.050778421887574421e+00 2.031927112910207889e+00 2.755832690434334875e+00 2.986016879589329255e+04
7.100093979655807894e-04 -5.962470448027801240e+00 2.471553904584713024e+00 1.746330931123468710e+00 2.678496171153267547e+00 3.588009058600607386e+04
7.100310044062262170e-04 -5.959940017287084224e+00 1.978771832910011241e+00 1.888983541755451245e+00 3.028151069860339106e+00 3.852357386644530925e+04
7.101725092462251752e-04 -5.957240743254724968e+00 2.065226786880893783e+00 1.620446956443361453e+00 3.015831404675530791e+00 3.003678310061853699e+04
7.089593861079874874e-04 -5.956450413001000754e+00 2.456152240960937316e+00 1.311893032222057887e+00 2.686636432323904256e+00 2.930947824724241218e+04
7.076270184327411797e-04 -5.955831509789535794e+00 2.782884862405317072e+00 2.038908055190559399e+00 2.801310855379108400e+00 4.771970345329746488e+04
7.064481149153329287e-04 -5.954998894729325976e+00 2.004458187931453583e+00 1.535690731796055530e+00 2.751496058417166601e+00 2.650847478695814789e+04
7.053110805200426972e-04 -5.954109700091629875e+00 2.408929661802751365e+00 1.057237230928252281e+00 2.652083555137771942e+00 2.085365804567405939e+04
7.036220411479301084e-04 -5.954007315926284072e+00 2.836898875533199860e+00 1.630093273584831914e+00 2.754412424020374228e+00 3.376468436056746577e+04
7.040609079788995913e-04 -5.950883785115656188e+00 2.882331011490390171e+00 1.944909091443190796e+00 2.874014067832227681e+00 5.448889272222271393e+04
7.047969213675735374e-04 -5.947338948028050076e+00 2.967981987096867780e+00 1.797358250900954468e+00 2.999218921832158102e+00 4.910084554553412454e+04
7.045409099959164300e-04 -5.945202255346956122e+00 2.112267923667823233e+00 2.081173950014155505e+00 2.736111312934564221e+00 3.341727720216706803e+04
7.049544312989199047e-04 -5.942115490278986556e+00 2.745561225891090196e+00 1.739545256351932689e+00 2.694807106426833965e+00 3.644352538330633979e+04
7.043275481007869052e-04 -5.940505139403352786e+00 2.129904051409178045e+00 1.374342368128375291e+00 3.051026444756706368e+00 3.059464524841177263e+04
7.033180524351410586e-04 -5.939439443376350880e+00 2.767382424262853746e+00 2.084831714791139490e+00 2.872833921257245571e+00 5.418259351679929387e+04
7.039150630344265811e-04 -5.936090954766267913e+00 2.137675416527179184e+00 1.403400742150654246e+00 2.816547620909685357e+00 2.158942327080286486e+04
7.058099944246366613e-04 -5.930902582985597249e+00 1.970380266053607610e+00 1.759179281336882728e+00 2.909040475017307781e+00 3.531000409816834872e+04
7.055263697697320259e-04 -5.928804506532555862e+00 2.724042582921818223e+00 1.637636747993377107e+00 2.816491761054095377e+00 4.359489315925515257e+04
7.040927261613520987e-04 -5.928338593764811648e+00 2.256655766733415724e+00 1.156418653848314104e+00 2.676184533353588524e+00 2.471543452647807135e+04
7.039483240080701872e-04 -5.926043704480541408e+00 2.107957240652889475e+00 1.900363097290980630e+00 2.796734897805374764e+00 2.562208018535138763e+04
7.057366907038508785e-04 -5.921006445963173270e+00 2.310184473994221221e+00 1.953109272909048233e+00 2.669860138441513264e+00 2.654663351972677265e+04
7.049429237417326969e-04 -5.919631814243485834e+00 2.581833698013759282e+00 1.857048076784853397e+00 2.979937795057072680e+00 5.321944955181962723e+04
7.039480036273628718e-04 -5.918544159600282129e+00 2.332886375562379655e+00 1.214907266269878328e+00 2.969383187917142841e+00 3.592017353773091600e+04
7.025149129957738211e-04 -5.918082025100477317e+00 2.848065446598874395e+00 2.012719540831317211e+00 2.971616938575410316e+00 5.964100754165558465e+04
7.012436835979921719e-04 -5.917393205097342346e+00 2.191497554686966609e+00 1.964238241951877573e+00 2.672304734781520530e+00 2.804891624650017548e+04
6.998753719085502650e-04 -5.916846375485055098e+00 2.704691851592380125e+00 1.678522987308353809e+00 2.790083758494761312e+00 3.068543409982652156e+04
7.002220727112378742e-04 -5.913851123085153816e+00 2.231301631553052722e+00 1.146643179024523507e+00 2.835074285632019908e+00 3.118855322131676803e+04
6.995688915308999074e-04 -5.912284378470319623e+00 2.482112478381132803e+00 1.299114079712939240e+00 2.708820301590341373e+00 3.053775431147983181e+04
6.988221310341599614e-04 -5.910852406733766884e+00 2.853126752280559675e+00 1.494360708232230106e+00 2.806267426150336419e+00 3.801775867176620523e+04
6.975266722846482689e-04 -5.910207901747773107e+00 2.753793391978488270e+00 1.706837029002677308e+00 2.905685594800167415e+00 3.661877492683474702e+04
6.966268163829323875e-04 -5.908998801256317712e+00 2.534943806496835705e+00 1.193263368941991809e+00 2.705060661069418337e+00 2.900241445961123827e+04
6.973456472491696648e-04 -5.905467459606880354e+00 2.226847231318744846e+00 1.422564455456931665e+00 2.788914503763582964e+00 3.313134466462726414e+04
6.959261038526891752e-04 -5.905005172474528941e+00 2.458880416943698854e+00 2.165563121481742570e+00 2.794956353172287855e+00 4.611489072098369797e+04
6.962271502539759283e-04 -5.902072682150505401e+00 2.511518229814497793e+00 1.122746971279403372e+00 2.980701235732051479e+00 3.361431845581935340e+04
6.964338324106503827e-04 -5.899275865968011345e+00 2.112221268474870239e+00 1.383910068595816778e+00 2.825779911747225537e+00 3.163533944393534330e+04
6.953059028121228152e-04 -5.898396757887572228e+00 2.455552596515768293e+00 1.130165740888225967e+00 2.914814409143717810e+00 2.669862862956450772e+04
6.947929449103546710e-04 -5.896634774361565690e+00 2.033615725176500355e+00 1.195354758824418218e+00 2.969578934934633985e+00 3.038799721781327389e+04
6.937902557668959537e-04 -5.895578964838943392e+00 2.472778561105735129e+00 1.272667112392855238e+00 2.843927033142037430e+00 3.572091522964102478e+04
6.947290109302929617e-04 -5.891726797348090017e+00 2.184575575434788419e+00 1.014106749359249937e+00 2.703376672809256753e+00 1.965867177724319845e+04
6.942182371180435430e-04 -5.889962280766900982e+00 2.647317725625802254e+00 1.224246292245134260e+00 2.958009535774466237e+00 3.601370527115807636e+04
6.932692745005858284e-04 -5.888830167335216359e+00 2.519540553868604427e+00 2.113387607121238077e+00 2.915889553590399252e+00 4.682060540923374356e+04
6.916437394478819724e-04 -5.888677658885692168e+00 2.232083213923200304e+00 1.869503025230752291e+00 3.052404286187031524e+00 4.793123131232822925e+04
6.925910735263065676e-04 -5.884808911015106503e+00 2.224698733165741960e+00 1.091845061472166201e+00 3.005396715086081194e+00 3.211370390115802002e+04
6.931727130917241615e-04 -5.881469461167748491e+00 2.492709667677097229e+00 1.956447238835612890e+00 2.923774987556399640e+00 3.783666833529130963e+04
6.934998946462215619e-04 -5.878497566707954647e+00 2.022614247302353618e+00 1.850846755021972712e+00 2.879936077914844184e+00 2.750387461760241786e+04
6.944921506646889540e-04 -5.874567794554934608e+00 2.556155810136376161e+00 1.563712673582893675e+00 2.906599231115123416e+00 4.375844320745277946e+04
6.929235481644561209e-04 -5.874328981551602880e+00 2.403970223607435841e+00 1.568937277172437472e+00 2.673397955838759277e+00 2.205692782566429014e+04
6.926939281037518140e-04 -5.872160415106301379e+00 1.998962878326944415e+00 1.231019843221572430e+00 2.941180936029983428e+00 2.959601267467949583e+04
6.915151219444174227e-04 -5.871363635359431399e+00 1.960599742269472312e+00 1.559295155965968460e+00 2.954721594339478674e+00 3.283596232917078305e+04
6.902896259733020193e-04 -5.870637397237542743e+00 2.198818877483906142e+00 1.331770925474417666e+00 2.803520605278164268e+00 2.135197552935904241e+04
6.888204266394951439e-04 -5.870268046473012369e+00 2.600844275200396627e+00 2.083361176214141963e+00 2.812223976510260570e+00 4.249743768735304184e+04
6.956002184345302236e-04 -5.857973558043516604e+00 2.641825693327166658e+00 1.120762067979123922e+00 2.765218134807263084e+00 3.029940861929162566e+04
6.939549265773123712e-04 -5.857841643444081647e+00 2.734745454025654166e+00 1.651659063948159201e+00 2.700573907737008117e+00 3.064493617543722576e+04
6.945930287099535451e-04 -5.854422550696684269e+00 2.133656207307297326e+00 1.482921404921597741e+00 2.728828617121966005e+00 2.083601466672117385e+04
6.984910665007729646e-04 -5.846326265479479645e+00 2.192824341773866426e+00 1.719962511602283195e+00 2.657536986280854663e+00 2.420099853103898931e+04
6.970764286143294993e-04 -5.845853596118687712e+00 2.381653068387541872e+00 1.872524027702922256e+00 2.639672862766018646e+00 2.874489021063190012e+04
6.976596221983014491e-04 -5.842517318003380922e+00 2.154441506018601959e+00 2.000519797438290226e+00 2.915750360301126776e+00 3.364649646578344255e+04
6.976394343685377811e-04 -5.840046254925067792e+00 2.914839506663607693e+00 1.800453604326063939e+00 2.850157135386644836e+00 4.802411536076570337e+04
6.978990802087606206e-04 -5.837174146465852864e+00 2.781695804711947329e+00 1.683458750201024978e+00 3.064702685741598209e+00 4.977065836955237319e+04
6.989682964374026265e-04 -5.833143268938984605e+00 2.052079503754836054e+00 1.595972334999745446e+00 2.710766051094348317e+00 2.333497469638301118e+04
6.976037979697493957e-04 -5.832597337629460199e+00 2.087808123836726093e+00 1.707041990307105461e+00 2.774559988780314068e+00 3.297612346979607537e+04
6.960174465333472454e-04 -5.832373927668268010e+00 1.994008995763700609e+00 1.865335466591150126e+00 2.949822394641957946e+00 3.847185858974521398e+04
7.005019966587781519e-04 -5.823451438440049976e+00 2.430253078465477667e+00 1.708788082228899219e+00 3.171580550607182580e+00 4.596581944172066142e+04
6.995268478238586551e-04 -5.822344479728386091e+00 2.540731649831831973e+00 1.593240034310461795e+00 2.965433045268835777e+00 3.348551988738195359e+04
6.985813395099626632e-04 -5.821197033796238429e+00 2.477616457759646895e+00 1.554392360790614713e+00 3.110235414101714113e+00 4.461424709924509807e+04
6.977679069420429127e-04 -5.819862118622977754e+00 2.592383018094250868e+00 1.743341322562607765e+00 3.039445438296325630e+00 4.007521113748645439e+04
6.966338682286826300e-04 -5.818988678461870734e+00 1.928763270240478001e+00 1.503549325536427173e+00 2.844658963338547508e+00 2.715382151382478332e+04
6.989539912943947561e-04 -5.813163735231184681e+00 2.598668794813372429e+00 1.805658555748330896e+00 3.151374912921042437e+00 4.841386579229398194e+04
6.975438931034539432e-04 -5.812683213650633007e+00 2.090258913922152573e+00 1.776624379545166832e+00 2.907007041819800186e+00 2.759009304727218114e+04
6.973809593182960734e-04 -5.810416823060653435e+00 2.597892445424203167e+00 1.056964132354176522e+00 2.684517425543747393e+00 2.391823217449424556e+04
6.963278374815478180e-04 -5.809428074248278229e+00 2.660719685180303440e+00 1.862807483608377446e+00 3.061259786506747904e+00 4.541466857728932519e+04
6.957542945060433926e-04 -5.807752081675391587e+00 2.019280419708023189e+00 1.900014832308775325e+00 2.915656421299051004e+00 3.032776526597805423e+04
6.959012602561390854e-04 -5.805040871724568063e+00 2.580904754724518746e+00 1.515053710435226186e+00 2.656620030523795695e+00 2.859440545587666566e+04
6.969499441221387427e-04 -5.801035062545729204e+00 2.392029767785539551e+00 1.596607317287987549e+00 2.672972890389563094e+00 2.232117384738369219e+04
6.964268480813665162e-04 -5.799285894723034573e+00 2.088021031204158273e+00 1.317370629706545060e+00 2.708337570025296959e+00 2.150431160484948487e+04
6.951305014768395128e-04 -5.798649054699798633e+00 2.783803156803046797e+00 1.443882164358227582e+00 2.780841025495150554e+00 3.120364383723000356e+04
6.959558867524257746e-04 -5.794962377323857439e+00 2.258440355276399636e+00 1.348220221476660319e+00 2.983644861510781343e+00 2.828235028223560221e+04
6.946578211333105440e-04 -5.794329273916009271e+00 2.641345002138984821e+00 1.610364467791937315e+00 2.757144786990441965e+00 2.766010649198671672e+04
6.963643839048523415e-04 -5.789375591118472997e+00 2.650672771002436257e+00 2.102856536278491895e+00 2.954792092035208206e+00 5.527874683617392293e+04
6.958719411855954218e-04 -5.787583003690490280e+00 2.677703665477264128e+00 1.608008942861428592e+00 3.087652240468536924e+00 4.285977642348417430e+04
6.942799350265712634e-04 -5.787373410777993499e+00 2.551192556340802220e+00 1.958443808282660736e+00 2.708286005640056615e+00 3.204535141871678570e+04
6.936016073096483870e-04 -5.785850911739340852e+00 2.418991353538149980e+00 1.021086704272135659e+00 2.941986794963245888e+00 3.217414853418027997e+04
6.938802856440695046e-04 -5.782949207991588736e+00 2.067279702231894056e+00 1.785539947176101983e+00 2.714235463703767337e+00 2.456902382912490793e+04
6.929985442428120666e-04 -5.781720756018795981e+00 2.208121413320283111e+00 1.700008806897164160e+00 2.681832901876869180e+00 2.238640137682990826e+04
6.922122220791158314e-04 -5.780356066640503165e+00 2.137399482849567711e+00 1.044353184628105558e+00 2.730142811371316647e+00 2.443494150913128760e+04
6.912451496211651208e-04 -5.779254118557748399e+00 2.262536422371645539e+00 1.915433429191770509e+00 3.076429105738854197e+00 4.105977185576641205e+04
6.900824282703823306e-04 -5.778437602828967457e+00 2.014002998272269807e+00 1.212317005171865247e+00 2.785343367049046837e+00 2.520684810430436119e+04
6.892613872680038384e-04 -5.777128083534499581e+00 2.444510858622709559e+00 1.867452615812823957e+00 3.124653659360595359e+00 4.513209823314003006e+04
6.889880898336427735e-04 -5.775024669845589820e+00 2.132405335390090251e+00 1.561378821473401235e+00 2.682898183333830566e+00 2.493643145350891791e+04
6.878112699302106484e-04 -5.774234171207107025e+00 2.401472668272410793e+00 1.145566948346204761e+00 2.854596510682338106e+00 2.378351510285517361e+04
6.871272922268893300e-04 -5.772729092403688256e+00 2.668274743467358601e+00 1.889680248489720604e+00 2.701112330091552050e+00 4.007445189673588902e+04
6.863625412168770186e-04 -5.771342680681399884e+00 2.633764038136841901e+00 1.188053100951808272e+00 2.904668337057957572e+00 3.103389186592223632e+04
6.849721647374524668e-04 -5.770870452529958783e+00 2.796578003383479061e+00 1.533621310407083271e+00 2.964857963628842796e+00 4.455917529093146732e+04
6.838106241743160474e-04 -5.770067640500700534e+00 2.343542350072827851e+00 2.025879642929359292e+00 2.783443500254747072e+00 3.148726978646493080e+04
6.829581380022636990e-04 -5.768815088212692288e+00 2.110414733862846060e+00 1.843405683432241648e+00 2.755748467704795424e+00 3.437101267421669036e+04
6.830702206741787229e-04 -5.766150988146314660e+00 2.275843452611251205e+00 1.159313563457702534e+00 2.703956845166893608e+00 2.635298788652332951e+04
6.848416404898928370e-04 -5.761061024777742290e+00 1.959413495418242279e+00 1.611132080352404738e+00 2.967553356730515901e+00 3.315624991418579157e+04
6.831357421105024690e-04 -5.761055070783691612e+00 2.748505383144042469e+00 1.694449362002325321e+00 3.100941661244474012e+00 4.679210634650639986e+04
6.835450767393282459e-04 -5.757956050682702553e+00 2.803673679765683158e+00 1.686072033200316067e+00 2.734541897617476458e+00 3.651677404295578890e+04
6.828101528662693966e-04 -5.756531794278518355e+00 2.011665924187412635e+00 1.655066916266409560e+00 2.806318215427290319e+00 2.333935180213112108e+04
6.831630933129656221e-04 -5.753515033858008998e+00 2.453303987738844061e+00 2.156591607028294444e+00 2.857536958544334205e+00 4.845658610888109251e+04
6.820246214906004528e-04 -5.752682895462584156e+00 2.485040764375632705e+00 1.035588884153191058e+00 2.667690210873442602e+00 2.185212990802891727e+04
6.842102304456591745e-04 -5.746983429695198708e+00 2.625032219988935545e+00 1.656829549781721367e+00 3.009142192813980543e+00 4.793171041347784922e+04
6.832133076360196377e-04 -5.745941533872145790e+00 2.157069846060518437e+00 1.458762875483278876e+00 2.932742870524665868e+00 3.626006549546191673e+04
6.820657701956391820e-04 -5.745122564116064368e+00 2.194111735092013404e+00 2.128949798667742144e+00 2.761897770951200037e+00 3.748565863933796936e+04
6.809224519345311770e-04 -5.744300228692623023e+00 1.927941536457785210e+00 1.448034439307694488e+00 2.953286650808461644e+00 2.793886493250762578e+04
6.807263039352819860e-04 -5.742088332360712144e+00 2.637280299289427976e+00 1.977610324975699552e+00 3.080881036991286681e+00 5.176449925338226603e+04
6.843223870815780653e-04 -5.734319521820830268e+00 2.551661136163266619e+00 1.474753454253159735e+00 2.684616876418286502e+00 3.098042171667391449e+04
6.839892368152385074e-04 -5.732306472698252442e+00 2.876416763706533430e+00 1.616242575735633125e+00 2.996358964444556072e+00 4.416529798196827323e+04
6.853861088877310397e-04 -5.727766312472807542e+00 2.433827671957459859e+00 1.251003517801162923e+00 3.021230286489525962e+00 3.374240890407174447e+04
6.878005537392205141e-04 -5.721749751461365108e+00 2.707554007170661414e+00 1.466662315863614952e+00 2.754501385552834858e+00 2.827256990553386277e+04
6.879252469975724983e-04 -5.719068475136345420e+00 2.943545354373530376e+00 1.826559024743904747e+00 2.954861602380554064e+00 5.054553832688582042e+04
6.912042067819051342e-04 -5.711813350874761497e+00 2.671814257591316633e+00 1.522121955385162817e+00 2.807913110099409248e+00 2.919168675906584394e+04
6.903319117495806479e-04 -5.710576141092895242e+00 2.223729575598587971e+00 1.023831446747280438e+00 2.810947812282223346e+00 2.094247628453509606e+04
6.891373231500063593e-04 -5.709808095482258317e+00 2.377743008530035951e+00 1.809960585156281221e+00 2.847127563994131361e+00 2.895931966240675683e+04
6.875570616764384692e-04 -5.709603829648148832e+00 2.554790922016662691e+00 1.922467915839074060e+00 2.791950759451738318e+00 4.779360481758368405e+04
6.860175530391902097e-04 -5.709345439627542262e+00 2.465759991431944353e+00 1.928647305566897785e+00 2.804569117130526479e+00 3.156433784558879415e+04
6.856627709661591548e-04 -5.707362735202513804e+00 2.677392178133466416e+00 1.970460934862519720e+00 2.719251958910108069e+00 4.025239123921459395e+04
6.841412486762999106e-04 -5.707084254330485606e+00 2.441584766981263588e+00 1.290884305932012754e+00 3.036706201495949831e+00 3.533748113954284781e+04
6.830231326259629965e-04 -5.706219926404616949e+00 2.057181441068175243e+00 1.012519600584594004e+00 2.849803431464561498e+00 2.137843921018203037e+04
6.814777992300731762e-04 -5.705984980272302387e+00 1.933856756003847766e+00 1.805030165092273320e+00 2.896391951891926553e+00 2.985716639542020494e+04
6.798928507162313754e-04 -5.705813441268579034e+00 2.069622614867844490e+00 1.687522632729033800e+00 3.032680970893248062e+00 3.258385521869914737e+04
6.795892759525886621e-04 -5.703760044813758867e+00 2.354440817669968489e+00 1.513401875630832283e+00 3.083628159526148771e+00 4.194142987983116473e+04
6.806823655044813353e-04 -5.699652880841704850e+00 2.347163880172557615e+00 1.750735736267970744e+00 2.868904587119836869e+00 4.375751949400502053e+04
6.793600827856802757e-04 -5.699097354173529695e+00 2.699840515044725109e+00 1.891510387612875599e+00 2.721948976371499462e+00 4.176330885904232127e+04
6.781531084020900628e-04 -5.698375568498765809e+00 2.038056209693534626e+00 1.484579233158048961e+00 2.994211296238316056e+00 2.840527926174284949e+04
6.770191140298205835e-04 -5.697549148606415592e+00 2.700502932452459870e+00 1.862025829580211678e+00 2.749778548675373191e+00 3.437391514065122465e+04
6.777210979479464641e-04 -5.694012811196854429e+00 2.165037451050161987e+00 1.543285875128381113e+00 2.774715263327113934e+00 3.237470782589338705e+04
6.772147318086206309e-04 -5.692260250524650012e+00 2.152184466859107914e+00 1.993844930791366821e+00 3.006396780122240209e+00 4.652305153781559056e+04
6.772778392279622979e-04 -5.689667068146634143e+00 1.996201421358738681e+00 1.518518744697058276e+00 2.770828194078067686e+00 2.291444871172986677e+04
6.758670404411105557e-04 -5.689252283586965220e+00 1.987564300071593015e+00 1.419771759379572007e+00 2.967510565566527259e+00 2.688390712071460439e+04
6.745780447321369448e-04 -5.688661278057869808e+00 2.478592843402961599e+00 1.031696234184056760e+00 2.671029841663087545e+00 2.385388732349551719e+04
6.748011154760775315e-04 -5.685830650829360344e+00 2.485459303495285432e+00 1.285752357009553926e+00 3.011345360049805464e+00 3.409944704281218583e+04
6.738347332271050084e-04 -5.684763776628740217e+00 2.636342321582203052e+00 1.817291119760539475e+00 3.104708973528240712e+00 5.218884702580387238e+04
6.763239831017096816e-04 -5.678576428371190588e+00 2.282432782462689769e+00 1.359476397359700828e+00 2.693933254264598176e+00 2.079103867599326986e+04
6.753107347932635991e-04 -5.677575721759906102e+00 2.650084103880416819e+00 1.678749803163689824e+00 3.036175061350072646e+00 4.864683226560988260e+04
6.738947733010250711e-04 -5.677174678521633489e+00 2.034988007823804512e+00 1.947546705920625509e+00 2.824197766634152895e+00 2.868573048632256905e+04
6.736155216994836560e-04 -5.675089148981079745e+00 2.234907534041188804e+00 2.074187296452623119e+00 3.013132656931786446e+00 4.571587068319738319e+04
6.734902600845806128e-04 -5.672775120442206997e+00 2.146479891732808731e+00 2.069901053494323406e+00 2.806397440044538172e+00 4.126910772097158770e+04
6.748605694229560525e-04 -5.668242548829305782e+00 2.039944270218912781e+00 1.402512650778764858e+00 2.846348679527962222e+00 2.255534576949937400e+04
6.798591005879397759e-04 -5.658363082864255489e+00 2.503723752446735951e+00 1.697916458821293162e+00 3.093250766113169625e+00 4.106303339048945782e+04
6.789070651634645463e-04 -5.657264406512527266e+00 2.594116859088003046e+00 1.220494630469668440e+00 2.726154608970736248e+00 2.386721133480488788e+04
6.776406814734761436e-04 -5.656631475417409405e+00 2.202149059659471941e+00 1.640197404645964641e+00 2.900158143392628673e+00 3.943375630349706626e+04
6.773804341609411354e-04 -5.654515598310744018e+00 2.250218944684325262e+00 1.980157141390364250e+00 2.720635357618689021e+00 3.787352925537305418e+04
6.772190013474148644e-04 -5.652253945987640193e+00 1.964211347237351468e+00 1.522622942460909012e+00 2.847434036065035201e+00 2.388620370662402638e+04
6.762124075548341020e-04 -5.651241415498926557e+00 2.128588150425246184e+00 1.740960004305076581e+00 2.793422595483171289e+00 2.387651788841828966e+04
6.746995701680258157e-04 -5.650981143984823873e+00 2.274225835319986011e+00 1.503111562861476402e+00 2.869268510048933241e+00 3.744994024095439818e+04
6.740221195108290000e-04 -5.649485725907621436e+00 2.678304475497933712e+00 1.576178537697519477e+00 2.987186040596413239e+00 3.761571561620227294e+04
6.747469001301991580e-04 -5.645910996760404643e+00 2.700576312256391720e+00 1.657104361849224272e+00 2.708695354882407536e+00 3.515465698926748883e+04
6.753182491292314057e-04 -5.642564594594621674e+00 2.035423596045909278e+00 1.973285156664962736e+00 2.786955043491464945e+00 3.253501584531548360e+04
6.745675924614498485e-04 -5.641176772709290077e+00 2.584353914573825683e+00 1.360529744823393727e+00 2.800911227027208295e+00 3.557171838769268652e+04
6.747461986223681667e-04 -5.638412036421639684e+00 1.931439257623497330e+00 1.497471448980715714e+00 2.854636122085544514e+00 2.525873733931788229e+04
6.733442527275867789e-04 -5.637991936028934781e+00 2.434384428663249889e+00 2.137929987413404564e+00 2.868698851795500104e+00 4.607292320547531563e+04
6.722227408675796219e-04 -5.637158909319824218e+00 2.248593768114495184e+00 1.624207761599254951e+00 2.673897010970363919e+00 2.813904079457568150e+04
6.717332824053924610e-04 -5.635387293992167201e+00 2.589764746815867991e+00 2.042552121198351056e+00 2.814231157579427212e+00 5.157941885196501244e+04
6.702333940240921134e-04 -5.635122653531567494e+00 2.164083197625662258e+00 1.660420858724291238e+00 3.075822831616251918e+00 4.120267396745242877e+04
6.693467947263663379e-04 -5.633946350962488303e+00 2.410686199156174325e+00 1.548538430922027143e+00 2.855678846190782050e+00 2.654116191826649811e+04
6.697355533840654296e-04 -5.630865716516564312e+00 2.329979823515764270e+00 1.752187816093513595e+00 3.106316434586900765e+00 4.020414458062153426e+04
6.686916230527017828e-04 -5.629925652778224432e+00 2.009058459095444338e+00 1.985323815097520317e+00 2.893429454093860542e+00 3.697511327032960980e+04
6.673418756128975159e-04 -5.629446182802882781e+00 2.003015825318989140e+00 1.834049090322925402e+00 3.001026618964259818e+00 3.445831667392470990e+04
6.667416894586221301e-04 -5.627845955816328072e+00 2.458836291123227991e+00 1.873928042677055039e+00 3.139745280249967685e+00 4.982983671603078255e+04
6.653442065945673048e-04 -5.627444143899975160e+00 2.632145064103366572e+00 1.981672054359667312e+00 3.078370937626326409e+00 5.483842787845486600e+04
6.638557184173676752e-04 -5.627183820221643096e+00 2.103645967109929682e+00 1.244133505026709052e+00 2.843438290246169231e+00 2.962197983284900693e+04
6.628158173711230176e-04 -5.626251504808467807e+00 2.188941382909059374e+00 1.589375481952825631e+00 2.712056797546377851e+00 2.955905673552048393e+04
6.612775225357986385e-04 -5.626075050258092958e+00 2.650669958223387024e+00 1.493677734883367414e+00 2.730105063173314139e+00 3.417446705953524361e+04
6.621249797875255723e-04 -5.622294325208723187e+00 2.451936212003984039e+00 2.068036628838794577e+00 2.741944401981208923e+00 3.606651673493002454e+04
6.612131201903534514e-04 -5.621172445798623407e+00 2.684165692596350183e+00 1.699685905786395335e+00 3.102203795904300954e+00 4.591944620513644622e+04
6.598406198680884698e-04 -5.620750333736825866e+00 2.618837730391539775e+00 1.292706379198359290e+00 2.793983791192172994e+00 3.385117125889712770e+04
6.586724164380655753e-04 -5.620022335535115765e+00 2.428317468819111813e+00 1.316021901362445679e+00 2.895396062001872828e+00 2.673890704939096759e+04
6.572104842984158009e-04 -5.619744315530930123e+00 2.684784662238932196e+00 1.495981456485727001e+00 2.821882786216888928e+00 3.929529631932913617e+04
6.563953039336099891e-04 -5.618485449631818618e+00 2.061982070651349197e+00 1.131953179026779610e+00 2.973088115740545767e+00 2.622226346490572905e+04
6.562461069262296755e-04 -5.616212772961385546e+00 2.615260649793935688e+00 1.566967146157035806e+00 2.779724692356094096e+00 2.769702062666365964e+04
6.553775932168833408e-04 -5.615037106817488244e+00 2.565507427311295441e+00 1.617253094275834968e+00 2.659209526611971519e+00 2.751185668625471590e+04
6.547609818071552148e-04 -5.613478398780050505e+00 2.194901330439991138e+00 1.921718552754272391e+00 2.758387680357995642e+00 2.635116651249457573e+04
6.539650225041376093e-04 -5.612194786929348034e+00 2.454296656997162707e+00 2.073009357517803686e+00 2.780520059657667353e+00 4.810645295511327276e+04
6.533689557937082679e-04 -5.610606668302626332e+00 2.496428616491776609e+00 2.003896588435488013e+00 2.857488249783727952e+00 5.175903562507903553e+04
6.538229087999116026e-04 -5.607412121409014460e+00 2.307965737478574031e+00 2.049137442594136438e+00 2.836384535671630402e+00 4.786073584587543155e+04
6.523341513154208788e-04 -5.607191721886868763e+00 2.732638944559007577e+00 1.959419301807004743e+00 2.841132302196287540e+00 5.166846351526478247e+04
6.512674231001517808e-04 -5.606328308516250303e+00 2.546873370268180725e+00 1.939000881456894421e+00 3.112082418321404198e+00 5.234120857739384519e+04
6.505792494058445889e-04 -5.604885535566009658e+00 1.971135991486140160e+00 1.849341641136587722e+00 2.937282320235940158e+00 3.510975741759684024e+04
6.490787363257205381e-04 -5.604694625747134396e+00 2.589219564029597631e+00 1.740443483654088297e+00 2.666350897877478143e+00 3.041171428181066949e+04
6.476474349193584498e-04 -5.604402188175302335e+00 2.560141235002236115e+00 1.595532341693426392e+00 2.738629447406789374e+00 3.680105758626708121e+04
6.462568982511752644e-04 -5.604051554504584587e+00 2.644709109155447990e+00 1.932588307898507329e+00 3.066863866164910135e+00 5.512554047250058647e+04
6.489908141035521548e-04 -5.597330091866457913e+00 2.787334315069122326e+00 1.684500901334789580e+00 2.979503316575640604e+00 4.827271412603222416e+04
6.487580975325613845e-04 -5.595188738398767292e+00 2.432623188279653625e+00 1.683148756161879422e+00 2.957650269000153820e+00 3.288014899114032596e+04
6.477460074609784919e-04 -5.594249998827128145e+00 2.765673337605407234e+00 1.498029341310074258e+00 2.984007606118548761e+00 4.247709255688391568e+04
6.464283298646963201e-04 -5.593786321158058961e+00 2.409402616884951165e+00 1.193947595052657462e+00 2.762383803951151684e+00 3.042695470523475888e+04
6.488611476621984750e-04 -5.587529908865011663e+00 2.228570791533158957e+00 1.271248934966781929e+00 2.717178458601758440e+00 2.694129201165882841e+04
6.479797473415772110e-04 -5.586389212785377367e+00 2.498595151723550067e+00 1.945916244830449893e+00 2.875796481154792694e+00 3.617447719872768357e+04
6.466477410323950370e-04 -5.585946958030485021e+00 2.751254656075872163e+00 1.535660751274501079e+00 2.907268684323372376e+00 3.569942379029911535e+04
6.498289713447316174e-04 -5.578539447287559128e+00 2.610645347945369288e+00 1.085429240045728383e+00 2.837845018178160039e+00 2.774695828888221877e+04
6.495571987936162679e-04 -5.576457756426630219e+00 2.504682974253725991e+00 2.083181969090180274e+00 2.868831071504538421e+00 5.348189923379375250e+04
6.493113837322166473e-04 -5.574336262870838610e+00 2.666122493987825859e+00 1.379261212664617986e+00 2.884348680673509691e+00 3.160134532928017143e+04
6.479510105651698501e-04 -5.573933562032028277e+00 2.303084324809893779e+00 1.515998784053731008e+00 3.046842526518163119e+00 4.086427075477172184e+04
6.465302692308682632e-04 -5.573628637274822495e+00 2.292731234542681573e+00 2.107281389739648514e+00 2.971298734326076829e+00 4.789761299628010602e+04
6.451103428793754542e-04 -5.573327278150891573e+00 2.661579851427907872e+00 1.918264044898707610e+00 3.064677511755467876e+00 5.470331855391553836e+04
6.436474100138610916e-04 -5.573097578353688242e+00 2.000716115917682281e+00 1.581539176152754855e+00 3.008143205070211490e+00 3.351847578287879151e+04
6.436429860569378584e-04 -5.570604451638748067e+00 2.632516176921242401e+00 1.577441924895252257e+00 2.818112363366384265e+00 2.955155039885078804e+04
6.422524667278726616e-04 -5.570267177804478997e+00 2.038793615992672947e+00 1.783497399860310306e+00 2.983709084414930768e+00 3.865538682454616355e+04
6.429748755082185900e-04 -5.566643004932200434e+00 2.623616714599763977e+00 1.472604089065184363e+00 3.011677876229269302e+00 4.252523350245076290e+04
6.423943358164695919e-04 -5.565046309175224692e+00 2.241704901125724181e+00 1.827722318498681497e+00 2.699797760152092163e+00 3.301969939914198039e+04
6.421784909974137100e-04 -5.562882366137637646e+00 2.107595242625112775e+00 2.002660862124051810e+00 2.898884534628162868e+00 3.371797187795796344e+04
6.423459637811272833e-04 -5.560121611608535019e+00 2.044802524200690197e+00 1.223414160389400207e+00 2.753407149753465344e+00 2.202721632366672566e+04
6.419561588664057664e-04 -5.558228641558604188e+00 2.585341626123702774e+00 1.333482810323415535e+00 2.916191746113161010e+00 3.801482876592241519e+04
6.404989458576401283e-04 -5.558001179022934224e+00 2.711011548132857829e+00 1.764714589416290336e+00 2.738622593995089005e+00 4.010313220253382315e+04
6.428204753020918486e-04 -5.551883167889344328e+00 2.558129519615798930e+00 1.027746047221550274e+00 2.868917234199475086e+00 3.004335819016264577e+04
6.415783095826157979e-04 -5.551317405326141596e+00 2.748742098483895724e+00 1.379335152156655031e+00 2.818836624192339269e+00 3.235153666166077528e+04
6.400862482017949428e-04 -5.551145724457393626e+00 2.470874329781205692e+00 1.109541911744758025e+00 2.810626467045142185e+00 3.115213250970625086e+04
6.386383016026186054e-04 -5.550910398609841145e+00 2.165769347454785443e+00 1.889958237872905844e+00 3.077889707405055297e+00 4.464694727899022837e+04
6.378666420004545966e-04 -5.549619418128376225e+00 2.802901427510696042e+00 1.656734827754240413e+00 2.785690987349986436e+00 3.522612785451319360e+04
6.365750078532484433e-04 -5.549146399261005058e+00 2.656804442751754536e+00 1.447983878636897703e+00 2.874080278212576278e+00 3.127120606023693108e+04
6.369744772768682044e-04 -5.546019066846541890e+00 2.153699870952035411e+00 1.614196007123649856e+00 3.077416660396861126e+00 3.558276894764831377e+04
6.371455700620056155e-04 -5.543250500652134427e+00 2.350358738261093094e+00 1.771911489466905243e+00 2.656358232115265672e+00 2.912358882835626355e+04
6.356302670903009235e-04 -5.543131601303812772e+00 2.669166452758596098e+00 1.783585802268183418e+00 2.844210618236829191e+00 3.460385392445084290e+04
6.377270559257900828e-04 -5.537338274768146995e+00 2.606734369615372859e+00 2.067469183979536496e+00 2.783946297589255270e+00 4.722499846224467910e+04
6.375681405275344113e-04 -5.535087496124142525e+00 2.668910510103742251e+00 1.285350862743749989e+00 2.752486713654919370e+00 3.044571349118600483e+04
6.360765827940243703e-04 -5.534929685257529819e+00 2.445538286345033008e+00 1.546799502683262384e+00 3.009184187495813401e+00 4.313982472645841335e+04
6.350820147868310771e-04 -5.533994506849475137e+00 2.826340147940016312e+00 1.554530154534894182e+00 2.936152154850822704e+00 4.024697362846761825e+04
6.365031825646872863e-04 -5.529259236460125848e+00 2.102804434221915653e+00 1.594795107532997358e+00 2.880629987263854996e+00 3.524685735352048505e+04
6.353505732114421998e-04 -5.528571724198670267e+00 2.354778694991085164e+00 1.679279575115817380e+00 2.668146488183759768e+00 2.996084307856970554e+04
6.363961454822372700e-04 -5.524427414854668150e+00 2.281538238802548246e+00 1.585788034244715927e+00 2.657629238394605409e+00 2.394360832910731915e+04
6.355911169286658806e-04 -5.523193195864974925e+00 2.359465442448667183e+00 1.443414119662464579e+00 2.652848566756836224e+00 2.351644936962587599e+04
6.360431288319620072e-04 -5.519982280876895686e+00 2.065838639281678546e+00 1.834836084424558145e+00 2.895929139185995815e+00 2.884836968405016887e+04
6.352664307251726502e-04 -5.518704167706243169e+00 2.188927900443888408e+00 1.739861448706785385e+00 2.732454277701827916e+00 2.332113364771112902e+04
6.339709629092870041e-04 -5.518245500985955232e+00 2.323018483435456805e+00 1.690330524701177506e+00 2.723920563363610547e+00 2.341995612600329696e+04
6.324007920058189770e-04 -5.518225296831063886e+00 2.197833224072840430e+00 1.918966461524934441e+00 2.712769240796111703e+00 3.354815442127498682e+04
6.309073866932197582e-04 -5.518089575054593965e+00 2.765746982013794764e+00 1.633132786809770698e+00 3.028384857465991509e+00 4.650337664696704451e+04
6.298563309109950388e-04 -5.517256907340640559e+00 2.222073065722274254e+00 1.795123870300772140e+00 3.118570102597305826e+00 4.221309345918497274e+04
6.283807456817873654e-04 -5.517102388860978479e+00 2.346230796417867026e+00 1.917429397220811405e+00 2.737112935986609319e+00 2.762738550747196859e+04
6.275502369509342905e-04 -5.515924927859363613e+00 1.996550058372572822e+00 1.329924972300361219e+00 2.912518300554188588e+00 2.897111166437525753e+04
6.289052896067392215e-04 -5.511267982145776401e+00 2.563050544874154735e+00 1.484445661658713389e+00 3.063969147925331704e+00 4.093237340288642736e+04
6.301469525282342877e-04 -5.506795604380223530e+00 2.013541543829202585e+00 1.034683520117491096e+00 2.826416268746061888e+00 2.191912157493919585e+04
6.303811878064678135e-04 -5.503923958125869653e+00 2.875697610521029457e+00 1.708212872976659913e+00 2.977689803477367114e+00 4.584568109873068170e+04
6.294093255330683199e-04 -5.502966853481733978e+00 2.345168522237359721e+00 1.033726919707931735e+00 2.757777533124209590e+00 2.768416181664173928e+04
6.295806096426584311e-04 -5.500194755816989911e+00 2.782604905845572851e+00 1.711643375709825499e+00 2.832407499385576344e+00 3.629265942605529563e+04
6.285312364858145363e-04 -5.499362927694430248e+00 2.365433402275549657e+00 1.604323162926029500e+00 2.925491249723505494e+00 2.959057598905092163e+04
6.282372372981473007e-04 -5.497330793015947847e+00 1.995197711406034857e+00 1.788615071150591929e+00 2.975115794944253267e+00 3.260492759988497346e+04
6.279158956546814375e-04 -5.495342421163895708e+00 2.869258389030390433e+00 1.713540168879500669e+00 2.895246837093927716e+00 4.600542487953803357e+04
6.274883619456102495e-04 -5.493523530412985245e+00 2.060968590245353838e+00 1.872395590423179712e+00 2.966267601489950057e+00 4.026846153487431002e+04
6.262596923126889431e-04 -5.492983525520589438e+00 2.437174887587909566e+00 1.849072799596717775e+00 3.131939307468174505e+00 4.772855292238009861e+04
6.258693267403008659e-04 -5.491107048462864348e+00 2.120683030444555861e+00 1.071039662793769942e+00 2.725636990011384597e+00 2.225323576167012288e+04
6.243067201996323895e-04 -5.491106868161434562e+00 2.070508045884080772e+00 1.199730407512143993e+00 2.934302509720472685e+00 2.475895997831156274e+04
6.228259902683446749e-04 -5.490981484133984125e+00 2.374673950715667115e+00 1.280742093884144950e+00 2.891934608792615435e+00 3.511711717122518166e+04
6.230404241650905816e-04 -5.488137251563972363e+00 2.078594526523225738e+00 1.294522093549275832e+00 2.741808497575347392e+00 2.438997743163748601e+04
6.220524636115152802e-04 -5.487224218722198010e+00 2.567249235158136855e+00 1.110389682374039122e+00 2.888688720078661287e+00 3.123259270509732960e+04
6.209041930263462395e-04 -5.486571863055893949e+00 2.427426565609390519e+00 1.962540900527536047e+00 2.694484668905680724e+00 3.765771902185280487e+04
6.209170342135930231e-04 -5.484051181838715650e+00 2.454309669415954964e+00 1.213323877508914350e+00 2.898285990934506451e+00 3.457185597344458802e+04
6.196100041942056774e-04 -5.483658399920324555e+00 2.804746916392506950e+00 1.748342634417550112e+00 2.907216792658340321e+00 4.030640051468499587e+04
6.193003065996148743e-04 -5.481658351528351680e+00 2.456093323528099504e+00 1.400238570126213444e+00 2.686655249851477745e+00 2.868719044044589100e+04
6.188582353111452602e-04 -5.479872430206149225e+00 2.656687137959875322e+00 2.061365711179569793e+00 2.938788592327727489e+00 5.404964571158046601e+04
6.173228547412615026e-04 -5.479856502113991112e+00 2.818776129012773080e+00 1.631073009908391214e+00 2.897583583015837849e+00 3.875691084656378371e+04
6.160811254683067366e-04 -5.479370002495696390e+00 2.409863796778464184e+00 1.762232576945375939e+00 2.707922281690929189e+00 3.594099688920490735e+04
6.147637868386089666e-04 -5.479010546961566419e+00 2.145304877078234362e+00 1.159620569356120567e+00 2.822554758801304686e+00 2.156511489721483667e+04
6.134833308880517210e-04 -5.478595561281493609e+00 2.869748416403522295e+00 1.761615404544757180e+00 2.834871732286289969e+00 4.190754968985135201e+04
6.141073835445647272e-04 -5.475078849924956970e+00 2.466565607608487198e+00 2.104278899387817425e+00 2.862868101862565684e+00 5.153489304174104473e+04
6.132186565427024836e-04 -5.474027083121630888e+00 2.721409677401190219e+00 1.409144323503802587e+00 2.938186107058571750e+00 3.817697066505996918e+04
6.117025500447263384e-04 -5.474002519523612165e+00 2.233275775525749740e+00 1.326570138156666134e+00 2.718770175464121586e+00 2.733758073758746104e+04
6.102967426107351384e-04 -5.473803352367981212e+00 2.324533935346281499e+00 1.277079969619462796e+00 2.668845792756394442e+00 2.200162900373858065e+04
6.094219077956988199e-04 -5.472737838861664095e+00 2.806569321781765325e+00 1.893774410695859389e+00 2.828650369120396135e+00 4.257636428885854548e+04
6.080621076705528460e-04 -5.472471627023645979e+00 2.518937650535832073e+00 1.210109430228601957e+00 2.951622298707840653e+00 3.235882891468460730e+04
6.066080637187428641e-04 -5.472365766075703242e+00 2.627662378269191912e+00 1.214465540133221833e+00 2.830235772202362554e+00 3.265053606775902153e+04
6.061049654389842872e-04 -5.470695473181220514e+00 2.852150905378170620e+00 1.669164071664763327e+00 2.823152106708595621e+00 4.001351204205348768e+04
6.054656578401371994e-04 -5.469250810189061340e+00 2.658153060366867049e+00 1.418315922516272254e+00 2.743737065495793992e+00 3.261402243029074452e+04
6.047862161564964084e-04 -5.467873620687639935e+00 2.458867765399214811e+00 1.011769888976109311e+00 2.683000264592321216e+00 2.253426402007211072e+04
6.039263952719231207e-04 -5.466796326170272557e+00 2.134899925851974078e+00 1.760564616389088455e+00 3.003752236944906784e+00 4.145211509440174996e+04
6.031412495912359889e-04 -5.465597240488966335e+00 2.041000960996193214e+00 1.905556244093507656e+00 2.775558327545481596e+00 2.964666503367560654e+04
6.027271377862695404e-04 -5.463784068049222675e+00 2.142799650499046749e+00 2.033033927174356936e+00 2.754801176596395340e+00 3.240795593148861735e+04
6.037379122630114666e-04 -5.459608470876822217e+00 2.462227072103245540e+00 1.512661256098009055e+00 2.962328722556280880e+00 4.175245749642640294e+04
6.046667163045160416e-04 -5.455571230448487796e+00 2.736079564540857323e+00 1.758663402620460392e+00 2.909893848784146808e+00 3.871144497251399298e+04
6.050180406045220505e-04 -5.452490377779432684e+00 2.581788773573471918e+00 1.096577533252642622e+00 2.826637622536023908e+00 3.043251233725898783e+04
6.062679121623780346e-04 -5.447926666896646175e+00 2.068224694263069541e+00 1.567547938768117266e+00 3.041288062275951276e+00 3.408171739991511276e+04
6.061348066304119136e-04 -5.445646240030950658e+00 2.396640072347845152e+00 1.740265473454583711e+00 3.080629717627549891e+00 4.001175409336440498e+04
6.061698801270554810e-04 -5.443088377519918808e+00 2.645077169983067744e+00 1.203234628304700182e+00 2.840237870458415692e+00 3.174714079902428784e+04
6.051521083657969901e-04 -5.442268809329847912e+00 2.360419564300552331e+00 1.838966798075602593e+00 3.125341136357464578e+00 4.548795579821859428e+04
6.045009313442020662e-04 -5.440845443807864612e+00 2.778795956640364384e+00 1.820676242269745337e+00 2.838884265803227169e+00 4.710477364786699763e+04
6.075485847627741911e-04 -5.433316507611694490e+00 2.317460219559604351e+00 1.613555882525781637e+00 2.824268269398857889e+00 2.522764153144692318e+04
6.062862987944724969e-04 -5.432896339787263607e+00 2.419904661386301559e+00 1.754559918449077660e+00 2.753303280757386950e+00 3.905833337321434374e+04
6.056404155759105524e-04 -5.431462218230328709e+00 2.089364192571117496e+00 1.259011500266101979e+00 2.991977007747444794e+00 3.015400140016989099e+04
6.054741010442671887e-04 -5.429236865310196336e+00 2.450268944833450480e+00 1.101233517523637850e+00 2.709195125401028470e+00 2.183464727461569782e+04
6.074760044101080439e-04 -5.423435979025525988e+00 2.322346404914086726e+00 1.595939227222191947e+00 2.734034139824623288e+00 3.332644317874041008e+04
6.067016410135542661e-04 -5.422211514783350950e+00 2.011446042854470928e+00 1.748277341136647234e+00 2.896018929583416224e+00 3.439812409018421022e+04
6.055565008177346553e-04 -5.421600783243460064e+00 2.526559779765172653e+00 1.712668418856733377e+00 3.022682677385057026e+00 3.861300241944994195e+04
6.041065993038500148e-04 -5.421497983270587184e+00 2.226940954513028093e+00 1.035808787746833382e+00 2.763924668498170867e+00 2.645864505956578068e+04
6.028293552388877151e-04 -5.421114490839942235e+00 2.414121186243288530e+00 1.195457863110763963e+00 2.702248752938809062e+00 2.682634599637076462e+04
6.036870257622244888e-04 -5.417192760175840505e+00 2.298277192988213535e+00 1.544474299099056314e+00 2.743438455134346921e+00 2.253512687495489808e+04
6.022020033986251637e-04 -5.417155711705182952e+00 2.753324015361104937e+00 1.657871513629403548e+00 2.780570318905257743e+00 3.959488010335664148e+04
6.031700385164863194e-04 -5.413049509981038732e+00 2.488091883225652445e+00 1.550995138557654140e+00 2.708717288761444131e+00 3.268631618395789337e+04
6.042300658822736831e-04 -5.408793625358743640e+00 2.197155624285409115e+00 2.030481374870159339e+00 2.990582493773525030e+00 4.205178021638991777e+04
6.030590797373677238e-04 -5.408233486271702084e+00 2.172992988935659842e+00 1.918258041593182694e+00 2.714511500661184407e+00 2.766461102727003163e+04
6.027843786126502179e-04 -5.406189102840449401e+00 1.993143547030245211e+00 1.741940671452084644e+00 2.902296935256164723e+00 3.345833960240094166e+04
6.025105262665807725e-04 -5.404143518352658937e+00 2.387604882166204590e+00 2.042324558572818916e+00 2.800311053541634010e+00 3.528351066496627755e+04
6.012747489167760912e-04 -5.403696671534367724e+00 2.437446338024950698e+00 1.844539671850650597e+00 2.723669729606673418e+00 3.886517575472452154e+04
6.015954102855911078e-04 -5.400663511119738303e+00 2.141252097136126853e+00 1.387002699757859725e+00 2.876233778730563184e+00 3.254013538017386600e+04
6.004828716595383324e-04 -5.400014536898044781e+00 2.659841399815096263e+00 1.355963730171207748e+00 2.770662544217796341e+00 3.252268790439306395e+04
5.991918687695913176e-04 -5.399666792580003261e+00 2.678690698944176773e+00 1.496274492186175253e+00 2.749030767874112602e+00 3.402601219617734750e+04
5.979923344593227486e-04 -5.399170719308154176e+00 2.036660259891346136e+00 1.040237579031406900e+00 2.792868576360413968e+00 2.227426527763888225e+04
5.971138865744633935e-04 -5.398140794566071321e+00 2.245433704824138843e+00 1.358423286277161912e+00 2.878471734144652405e+00 2.453862146196849426e+04
5.957919566862368782e-04 -5.397857114381778842e+00 2.102774378029104607e+00 1.907372913287708638e+00 2.770749302303233907e+00 3.390562394201298594e+04
5.946020782949361372e-04 -5.397356248706407733e+00 2.751265780173185238e+00 1.974155146530738314e+00 2.829137655608349178e+00 4.552502685080493393e+04
5.936872577639031815e-04 -5.396395975915950771e+00 2.443843517986520553e+00 1.099488384686862608e+00 2.780490260260568114e+00 2.270642570539460212e+04
5.952621800810750999e-04 -5.391246707262144611e+00 1.999722207507294236e+00 1.322578154513487592e+00 2.856732830076470275e+00 2.712154981934456737e+04
5.945978963289966874e-04 -5.389863281948978013e+00 2.686454748417526961e+00 1.513517368225751003e+00 2.837840312271968202e+00 3.940006159715482499e+04
5.940841436236535917e-04 -5.388227689284269317e+00 2.745421789691677716e+00 2.001747756897080954e+00 2.926866593134468175e+00 5.192481336890424427e+04
5.926488298706346488e-04 -5.388146623425211779e+00 2.441468806855573881e+00 1.979521977629994600e+00 2.768775121997502087e+00 3.268590261924517836e+04
5.917903481356851262e-04 -5.387096224048391058e+00 2.208466381019138502e+00 1.894163837163593600e+00 2.965574888795310837e+00 4.516869606634906086e+04
5.912689004005649163e-04 -5.385477748400672837e+00 2.630409735006190797e+00 1.526009065736767756e+00 2.893047547972511069e+00 4.150807622076845291e+04
5.910529858249056545e-04 -5.383342986633300242e+00 2.758112361477607966e+00 1.759418332956720121e+00 3.050191487691034098e+00 4.750426855103746493e+04
5.896582246637339713e-04 -5.383205565725549313e+00 2.083263996190583445e+00 1.908904008328611290e+00 3.001047019216461109e+00 4.103355305240910820e+04
5.885734832487645764e-04 -5.382546870307931997e+00 2.464149661913671796e+00 2.001973821420740762e+00 2.730255288622434939e+00 4.185561401091032167e+04
5.882169428337740737e-04 -5.380652824295998116e+00 2.683741684473130551e+00 1.467122537332902876e+00 2.740800993918332651e+00 3.213538033175205419e+04
5.867569563977732784e-04 -5.380637964073745394e+00 2.425321298032775186e+00 1.664523146828875699e+00 3.030354372957001274e+00 4.522977765950798494e+04
5.854288421832646748e-04 -5.380404012313602102e+00 2.770567414497922432e+00 1.662069439351428146e+00 2.764750987447746500e+00 3.636647773139707715e+04
5.840996648919249707e-04 -5.380177027217596830e+00 2.121770643852827209e+00 1.715589368687159721e+00 2.761244653644455926e+00 3.169074136068641019e+04
5.829352582798430710e-04 -5.379672523625379732e+00 2.399703463516124735e+00 1.857204147919774062e+00 2.712979396950087274e+00 2.721928740409147576e+04
5.815934188274890070e-04 -5.379477044025067656e+00 2.074403512044907139e+00 1.704808993106288639e+00 3.039452646987112150e+00 3.753565043179572240e+04
5.801496712708315278e-04 -5.379462530381235119e+00 2.064051935994518416e+00 1.504525045806901051e+00 2.769590087153148250e+00 2.263503329276848672e+04
5.801668286560985070e-04 -5.376932956751505621e+00 2.254293158267879349e+00 1.996439498876761087e+00 2.856938269020855792e+00 4.536919014031726692e+04
5.796477464592773941e-04 -5.375328069198992864e+00 2.395275602785106983e+00 2.065923963672778640e+00 2.796026739147424056e+00 3.694748150644350972e+04
5.785501528285948809e-04 -5.374723417066458175e+00 2.752518585656856587e+00 1.774263054706541665e+00 3.048389112015275515e+00 4.925579728398411680e+04
5.811118980970399195e-04 -5.367805320547024195e+00 2.417382547369842705e+00 1.526044299257776515e+00 2.663771896738866385e+00 2.420887792400635226e+04
5.797957235257869459e-04 -5.367572813861163361e+00 2.448870531914340898e+00 1.873010030360811040e+00 2.753010800342183817e+00 2.913937569952985359e+04
5.785383575778878414e-04 -5.367243804877077196e+00 2.617590082206139979e+00 1.668439535658586159e+00 2.869134668318916059e+00 4.408605137666385417e+04
5.787987431327436521e-04 -5.364293831297053394e+00 2.414213759529108216e+00 1.221344176899415990e+00 2.854274082276085700e+00 2.499544036771815445e+04
5.811650273849239962e-04 -5.357713897777191647e+00 2.237208201002217400e+00 1.508980857958215793e+00 2.735911999758873669e+00 3.031048682062445732e+04
5.800146533813512004e-04 -5.357195286874816276e+00 2.165149936202503067e+00 2.060723641564606634e+00 2.783164532492334420e+00 3.698253777229184925e+04
5.787171044883426428e-04 -5.356934889658726995e+00 2.454455805969019799e+00 1.512011032921637632e+00 2.863218880281509726e+00 2.771466898587406104e+04
5.778143104391076420e-04 -5.355996099706205271e+00 2.692790217399833264e+00 1.852676713966068700e+00 2.778759957329351327e+00 4.421855789675482811e+04
5.775145936100375358e-04 -5.354014942149677658e+00 2.184900486124170538e+00 1.987744734079349485e+00 2.870443575640731826e+00 3.297395558990277641e+04
5.766473662014498167e-04 -5.353017725297958940e+00 2.209542471112599493e+00 1.649238172813440872e+00 2.906739221380040483e+00 2.772610653560376886e+04
5.754669867630208581e-04 -5.352566792473271384e+00 2.309124179719765912e+00 1.503747493685174019e+00 2.690870981053647526e+00 2.234100390067676562e+04
5.745788831328652990e-04 -5.351611259228799433e+00 2.040436540114757058e+00 1.921770315180410194e+00 2.805461445716699309e+00 3.183113766324454991e+04
5.739797907362397932e-04 -5.350154466623579630e+00 2.153880429351092918e+00 2.004377709148626785e+00 2.835383998700287567e+00 3.205103745432228970e+04
5.728703034759838808e-04 -5.349589309916490620e+00 2.142825078994479604e+00 1.618802482752839778e+00 3.010654312843864311e+00 3.191780872953890503e+04
5.727741779120248088e-04 -5.347257120377321371e+00 2.750907139788611122e+00 1.877465834791735455e+00 2.779013192932330956e+00 4.341236126281820907e+04
5.715416316993005702e-04 -5.346911327597072550e+00 1.996706235185040645e+00 1.618694242858465415e+00 2.859353604079618805e+00 2.554805737909261006e+04
5.725210700684633903e-04 -5.342699116182559216e+00 2.291071052984187340e+00 1.473843339511642814e+00 3.057471231804532064e+00 3.555794322759775969e+04
5.733961382417327281e-04 -5.338671835961923406e+00 2.619673136917332279e+00 2.010724317833538333e+00 2.881435938354887760e+00 5.247623285856567236e+04
5.726295692432087315e-04 -5.337509622903080952e+00 2.185368613245642688e+00 2.032727521168788520e+00 2.765967926416079692e+00 3.211597464008461247e+04
5.716488752878899236e-04 -5.336723706044502080e+00 2.320653682929480599e+00 2.078977595922459010e+00 2.824376807757468910e+00 4.615814344651557622e+04
5.713036244526668774e-04 -5.334827844616846448e+00 2.180931303253578424e+00 1.654311190773895657e+00 2.702632568562670201e+00 2.773376305789824255e+04
5.708289484402470247e-04 -5.333159054672518273e+00 2.550269453676292208e+00 1.277239367854029028e+00 2.950392546745471911e+00 3.442970993825282494e+04
5.704593178630252290e-04 -5.331306797405112263e+00 2.200715410339266764e+00 1.666453048205206677e+00 2.731386473021578443e+00 2.312534778418319547e+04
5.690376566541498855e-04 -5.331302042198739599e+00 2.008340373907188336e+00 1.798793873978463909e+00 2.873973954840109535e+00 2.851655177722912049e+04
5.686257197566672557e-04 -5.329526222872967622e+00 2.537803710763686826e+00 1.676198831621175334e+00 2.674945467284370881e+00 2.962901956222201625e+04
5.694769819232068818e-04 -5.325530290521641064e+00 2.082716098412094041e+00 1.345188917665688599e+00 2.903242149893999091e+00 2.459007168836126584e+04
5.689428458950818602e-04 -5.323968672047100448e+00 2.559277983450330307e+00 1.675712254373316501e+00 2.941426686263089341e+00 3.498412760643941147e+04
5.695262247612769679e-04 -5.320443823972976993e+00 2.083130739491961148e+00 1.403829634011934724e+00 2.773828120095764405e+00 2.707925590709502285e+04
5.691350864432025494e-04 -5.318630838328537891e+00 2.685712808845775346e+00 1.606262149302920106e+00 3.030089059808054319e+00 4.477149526846443041e+04
5.684044069635167066e-04 -5.317415505075337556e+00 2.061571825607463104e+00 1.123285507570161545e+00 2.945419099134342744e+00 2.691590333195753556e+04
5.669875445341479407e-04 -5.317411318372203155e+00 2.785457688842218449e+00 1.839741243050074360e+00 2.947715908707951193e+00 5.052643980707163428e+04
5.665287274301983875e-04 -5.315720864984550431e+00 2.153736656769757118e+00 1.372747688577711456e+00 2.957486255243393813e+00 3.378514402712360607e+04
5.653314880673253502e-04 -5.315336390900204933e+00 2.196584337138034027e+00 1.920684747051447427e+00 2.714813690532797530e+00 3.177780180956092954e+04
5.639563060443491573e-04 -5.315271877602350870e+00 2.022283011763629901e+00 1.564451913340924039e+00 2.967143300658324545e+00 2.927793513873293705e+04
5.658080938241563445e-04 -5.309493690684128353e+00 2.112880549154179555e+00 1.312394553633280392e+00 2.851420334054106220e+00 2.294993065379459949e+04
5.656071107411707712e-04 -5.307348968011651458e+00 2.626968528754698440e+00 1.920575052786617443e+00 2.755402264182181593e+00 3.613354876214713295e+04
5.653311210199276661e-04 -5.305337040160901907e+00 2.506457972223460562e+00 1.730865700236934090e+00 2.892433134572202746e+00 4.514091556391980703e+04
5.641162260895433858e-04 -5.304988349652314028e+00 2.735379025649691709e+00 1.723037591948865188e+00 2.815392025597557968e+00 4.304177242054127419e+04
5.640599177278607206e-04 -5.302588171585331800e+00 2.146586832542309864e+00 1.980884922805867365e+00 2.979183617922775973e+00 4.372019373914767493e+04
5.647850624448374351e-04 -5.298803416230152052e+00 2.578249565262234366e+00 1.377446978638557695e+00 2.709637092608153441e+00 2.568017943998553528e+04
5.644735195086076967e-04 -5.296855181696654924e+00 2.360923569784326048e+00 1.951732342449982616e+00 2.697347316454617339e+00 3.067920300234100796e+04
5.631954798022528914e-04 -5.296621875654434319e+00 2.012419318526268874e+00 1.058644714520014851e+00 2.855907158343474084e+00 2.381268654379979489e+04
5.629370257073610523e-04 -5.294580887534772629e+00 2.760266299370645271e+00 1.949376345458967430e+00 2.898695294701151504e+00 4.681410246010101400e+04
5.618083833645918200e-04 -5.294087817658672535e+00 2.460144411862227987e+00 2.104933302147199647e+00 2.855334682631794685e+00 4.743602440403970832e+04
5.627884625592241520e-04 -5.289844829589113395e+00 2.071393684786116740e+00 1.502271949588268152e+00 2.933614732123233093e+00 3.333634596301250713e+04
5.618766297862236043e-04 -5.288966348704446041e+00 2.205169421208474922e+00 2.087840083583051065e+00 2.901883273397747764e+00 4.229781657535947306e+04
5.608422875335371087e-04 -5.288308915938984889e+00 2.249831766660312482e+00 1.891405648402793460e+00 2.699762476439856229e+00 2.761932053328334223e+04
5.600477390815133700e-04 -5.287226626091162451e+00 2.627424255851937396e+00 1.717702975034607782e+00 3.029198271997158187e+00 4.789033755691951956e+04
5.587134606956649548e-04 -5.287111905485433638e+00 2.069456709068069333e+00 1.028770276765419212e+00 2.919447432243824192e+00 2.633805019897699822e+04
5.577994854145299592e-04 -5.286249101880642343e+00 2.361095565098684013e+00 1.221097975004307390e+00 2.972077531452248511e+00 3.341792648209351319e+04
5.567469747908104609e-04 -5.285637782118153716e+00 2.453385942372268147e+00 2.021496860594578227e+00 2.918134540206467342e+00 4.156069378338193928e+04
5.567241522543895206e-04 -5.283178775612946687e+00 2.795895430660524816e+00 1.809127314205481563e+00 3.005660798033072290e+00 4.846765817656723084e+04
5.555243528973823801e-04 -5.282836206828763537e+00 2.300370774303420074e+00 1.650873077592713400e+00 2.882258294533620813e+00 2.786272855939059809e+04
5.543015393742856773e-04 -5.282539820974794686e+00 2.474269184849685388e+00 1.460552390240993592e+00 2.675103266880114017e+00 2.470809338387814933e+04
5.535982444968279292e-04 -5.281309421316207064e+00 2.339248350133847687e+00 1.478586206930914138e+00 3.028992162127825072e+00 3.931211009888398985e+04
5.542216890501305707e-04 -5.277683887102136318e+00 2.168726977383597543e+00 1.858913353936498813e+00 2.757807189780513646e+00 2.615044869257922255e+04
5.533232779810545038e-04 -5.276806234352806158e+00 2.224389608776502936e+00 1.138029300336493854e+00 2.702006575926020560e+00 2.272386361262798164e+04
5.536972049327789931e-04 -5.273630678711848319e+00 2.184382226785841485e+00 1.375066316814409051e+00 2.815038991420928838e+00 2.262024017560020002e+04
5.524854712303417688e-04 -5.273321517916295775e+00 2.170715687854375187e+00 1.135642548113977579e+00 2.775699110922199342e+00 2.649997223259232487e+04
5.514281681195222842e-04 -5.272737072532942548e+00 2.182912151449180271e+00 1.209999390878951919e+00 2.721565984402168237e+00 2.151631481817700114e+04
5.504979688265069192e-04 -5.271925388079298003e+00 2.751847908596598558e+00 1.643385563796352811e+00 3.004924050388498191e+00 4.338593880138257373e+04
5.493031776197867264e-04 -5.271598129361869667e+00 2.431204306498401468e+00 1.281431119731230250e+00 2.796089410363110872e+00 3.217121243827502258e+04
5.481895801463794286e-04 -5.271127478253151644e+00 2.382590097704369914e+00 1.607580394578903338e+00 3.078249269354991213e+00 4.256858871985204314e+04
5.477250392002410264e-04 -5.269475246803291490e+00 2.769530783992334211e+00 1.936858495641149647e+00 2.841798526956825555e+00 4.665042504979174555e+04
5.465188314974626406e-04 -5.269179889157049601e+00 2.200330319904583831e+00 1.326379445955048642e+00 2.978694176487550749e+00 2.883081592200279192e+04
5.453081493354572937e-04 -5.268897608043764613e+00 2.382792305240106767e+00 1.582472665388714228e+00 2.696637246030643809e+00 2.358138441958724798e+04
5.451861565830303088e-04 -5.266621346493887579e+00 2.340239365750502731e+00 1.480791289417209722e+00 2.967741462122166052e+00 3.907288049372191745e+04
5.446842735908675494e-04 -5.265042342263189568e+00 2.554356216985201655e+00 1.583734418444587622e+00 2.890280566789969807e+00 3.160769903046588661e+04
5.446258570657837653e-04 -5.262649596429833210e+00 2.214371984006617389e+00 1.058845340919928546e+00 2.954555301203130480e+00 2.827657543596430332e+04
5.433024192223464633e-04 -5.262582548169568497e+00 2.304172996888596892e+00 1.516396764896895011e+00 2.791101830781338666e+00 3.424786509622065932e+04
5.425091740374922552e-04 -5.261543658606962381e+00 2.144463184318988080e+00 1.389465434212477923e+00 3.014364301597698859e+00 3.263981762470128888e+04
5.416364913895240852e-04 -5.260653558206764835e+00 2.467856157383399029e+00 1.383986067158317734e+00 2.689731172997618103e+00 2.757168746093873415e+04
5.420817714079892739e-04 -5.257331794730395025e+00 2.553244013335486784e+00 1.058917423095591559e+00 2.818219701823454937e+00 2.846722544077209750e+04
5.407702253301554553e-04 -5.257254188045692445e+00 2.589699933376825136e+00 1.649410302502250847e+00 3.034017221729271796e+00 4.582996745514850772e+04
5.401832388600360949e-04 -5.255840241325993034e+00 2.380595933377412710e+00 2.085102492170324062e+00 2.767699382947222730e+00 4.025013315052698454e+04
5.402825139075659181e-04 -5.253156477893313969e+00 2.466849779869543013e+00 1.131616908520892251e+00 2.699183190980449787e+00 2.494024230661162073e+04
5.398324776865392680e-04 -5.251489789625069626e+00 1.989047822647529662e+00 1.433135439397519750e+00 2.838210668282875826e+00 2.486435605816027964e+04
5.401229764822685015e-04 -5.248451806689541144e+00 2.468380877877980328e+00 1.986968898276465723e+00 3.008727291647511848e+00 4.558607111925981735e+04
5.391792963532871614e-04 -5.247700492656775850e+00 2.367248136089318500e+00 1.851253308168830269e+00 3.078847063478812984e+00 4.289875649112846440e+04
5.419191369474272209e-04 -5.240131858061577219e+00 2.220074192578389116e+00 1.846573417649463700e+00 2.703138131628884722e+00 2.680141435147731318e+04
5.410331528139599539e-04 -5.239268096960580934e+00 2.367175070571864826e+00 1.611190907957351204e+00 2.884750848507759535e+00 4.031694387196345633e+04
5.399241760416583586e-04 -5.238819939585206420e+00 2.264272481324543396e+00 1.675649383522283431e+00 2.715712257334652602e+00 2.361729777124822795e+04
5.394500066793912188e-04 -5.237198540167584682e+00 2.349915574961192632e+00 1.234546274059860282e+00 2.865125570608747729e+00 3.274837332935937957e+04
5.382410910865093870e-04 -5.236942070066769261e+00 2.653857247529444852e+00 1.319544705725387290e+00 2.839705847483023682e+00 3.120805120253245332e+04
5.375097790338034288e-04 -5.235801701159207511e+00 2.707729085107412725e+00 1.436204836175492661e+00 2.799823803048432591e+00 3.326586761418089736e+04
5.365627086954639436e-04 -5.235065214506035680e+00 2.408733782639885579e+00 1.436270758742734799e+00 2.926802894919692477e+00 2.944754307034843805e+04
5.362644864377207792e-04 -5.233121170333365768e+00 2.499580395356583384e+00 1.871700780931580210e+00 2.690270214834506568e+00 3.321397049761530070e+04
5.358382132464073640e-04 -5.231416379997330779e+00 2.249110173633327214e+00 1.818278786382184764e+00 2.811846335268219033e+00 2.723141204156933236e+04
5.356883168956761343e-04 -5.229196160940674076e+00 2.175250371421588724e+00 2.054264335319698986e+00 2.926551036693901153e+00 4.273325360939076927e+04
5.368228273680039197e-04 -5.224580544890337741e+00 2.087131224492319248e+00 1.954780215972652169e+00 2.939579985818834285e+00 3.613693555126982392e+04
5.355436931345568903e-04 -5.224466174832426368e+00 2.203463842507190851e+00 1.811346437761836015e+00 3.057398210003670957e+00 3.894040640701598750e+04
5.346518110491489846e-04 -5.223632939995235702e+00 2.074005383079952747e+00 1.225348873521640236e+00 2.914243264600161254e+00 2.883610786724965510e+04
5.349120167743473368e-04 -5.220646375802317607e+00 2.230259719189651602e+00 1.488237885864453602e+00 2.763937710051510344e+00 3.102136337685310718e+04
5.343250205014673767e-04 -5.219244348116005128e+00 2.505057476547500883e+00 1.767714928180492029e+00 3.095333135289674686e+00 4.692823998749894963e+04
5.332172720091063207e-04 -5.218819673651530877e+00 2.168607076476933848e+00 1.967531380308823241e+00 2.781892600765575985e+00 2.983459098207643910e+04
5.324263717414627140e-04 -5.217804035553370134e+00 1.988987777238187427e+00 1.599275698727294692e+00 2.926420605438236677e+00 3.025747102356108371e+04
5.333828274060162028e-04 -5.213509237906533755e+00 2.415950162276074842e+00 1.079280993454904136e+00 2.878228608593414339e+00 3.064462202289774359e+04
5.327508105529834767e-04 -5.212194862118291638e+00 2.113852985304538024e+00 1.907551926361750416e+00 2.960256276881136017e+00 3.519523259991886152e+04
5.315051804459040288e-04 -5.212035709971455155e+00 2.621231860527751145e+00 1.983563361434379502e+00 2.898029959321559712e+00 5.174872209223984828e+04
5.302108206918548956e-04 -5.211973952201789828e+00 2.039716434438469950e+00 1.258336980036695696e+00 2.842394803669195724e+00 2.665121978036552900e+04
5.290205741048600602e-04 -5.211721330997035828e+00 2.240533186460861970e+00 2.069789612131313739e+00 2.808805530664699290e+00 3.633377696377201937e+04
5.283699650249713874e-04 -5.210451924874921481e+00 2.449174596489417599e+00 1.081968202430779513e+00 2.903744057644197518e+00 2.982755003166274764e+04
5.296420837639858551e-04 -5.205547189780461714e+00 2.419136179609316262e+00 1.857682423839489116e+00 2.825160092203540252e+00 3.101190610573233789e+04
5.285828213853921995e-04 -5.205049151229711235e+00 2.776281076933933001e+00 1.807170778949418022e+00 2.877961750302013400e+00 4.111221966646945657e+04
5.299266979241249679e-04 -5.200009963369296884e+00 2.303300794487259218e+00 1.021631160929231230e+00 2.925532813606297911e+00 2.701288654419005979e+04
5.296724618615831787e-04 -5.197989835526748870e+00 2.547364884832799437e+00 1.198897071231438849e+00 2.823917442643960385e+00 3.144862476367111958e+04
5.289572014351829167e-04 -5.196841130620844851e+00 2.151123194640974567e+00 1.710567324189584015e+00 3.057876859034637018e+00 3.785634119561224361e+04
5.302756992453315325e-04 -5.191851595995774282e+00 2.651399669368728063e+00 1.909896743556216636e+00 2.785886761246605836e+00 4.482504169908705080e+04
5.290479702578040509e-04 -5.191669545783130779e+00 2.373831596104381436e+00 1.246096441900590657e+00 2.742062261384050181e+00 2.218575673191381429e+04
5.277877777973156428e-04 -5.191554387628389833e+00 2.726589293797864411e+00 1.778624086486370048e+00 2.907456411200469937e+00 3.984424773162805650e+04
5.270581784634774565e-04 -5.190437716532210644e+00 2.089909703011606279e+00 1.495583277381520970e+00 2.781787627120665185e+00 2.295180663110816386e+04
5.268276605289952180e-04 -5.188375179357173295e+00 2.066975149571701476e+00 1.117223211313993936e+00 2.868749400511101832e+00 2.657036836440453408e+04
5.257403937797763827e-04 -5.187941111591163335e+00 2.433249781216555885e+00 1.739333671503650258e+00 3.063746539659239154e+00 4.624863461253060086e+04
5.250261369909121553e-04 -5.186800608449801508e+00 2.581975162695072434e+00 1.583140014015315344e+00 2.941571339877771862e+00 4.303664860785363999e+04
5.237730818214643728e-04 -5.186690113978008831e+00 2.331564073802764092e+00 1.187069406146782358e+00 2.954556366060773875e+00 3.210453657287121314e+04
5.237573260727380582e-04 -5.184220195679900556e+00 2.214925021106017411e+00 1.300544170284231082e+00 2.914494732306311064e+00 2.580762278646167761e+04
5.226539878748703242e-04 -5.183829000491252614e+00 2.330738958209412903e+00 1.092155460132900213e+00 2.895292703708542081e+00 2.556631237663753927e+04
5.213668037765810956e-04 -5.183794822553008608e+00 2.485355626867288503e+00 1.107158370379466295e+00 2.771020170576622199e+00 2.366419534460423165e+04
5.201599038807231627e-04 -5.183612382779131167e+00 2.546506705063015907e+00 1.074898884218755901e+00 2.795863672843398540e+00 2.593306037371376078e+04
5.207229807358484822e-04 -5.180030461040627365e+00 2.460636812476749924e+00 1.075817695110275585e+00 2.814789904364702444e+00 2.939434827189425050e+04
5.200898126968855374e-04 -5.178747141160366496e+00 2.381227161834392980e+00 1.938919172496821552e+00 3.061581320737131406e+00 4.821128856767647812e+04
5.217569098737763218e-04 -5.173046865028359420e+00 2.147715386809851523e+00 1.541145838880706442e+00 2.879580109843572266e+00 3.441083332639494620e+04
5.208133776436998019e-04 -5.172356877262491714e+00 2.167860649327897793e+00 1.765453005630516214e+00 2.738708931875943442e+00 3.120802816812943638e+04
5.204385700145286540e-04 -5.170576794562434131e+00 2.684285438256564849e+00 1.650435457006340201e+00 2.741608688180172670e+00 3.413999533145281748e+04
5.205234589143825728e-04 -5.167913697547015239e+00 2.524042113218530226e+00 1.145874637687610109e+00 2.770373662033330575e+00 2.867651473647055172e+04
5.212762395194445219e-04 -5.163968543095140973e+00 2.514969952495879291e+00 1.752137476299415741e+00 2.935626105725490653e+00 3.552367349353808822e+04
5.220485704513951053e-04 -5.159988024151003216e+00 2.518650219692569081e+00 1.749942097451265610e+00 2.687491911949848600e+00 3.038345977792686608e+04
5.210624000140712166e-04 -5.159378850264545235e+00 2.170383300021583306e+00 1.944308482466337695e+00 2.791581725891249643e+00 2.947610439420274270e+04
5.212115138045424721e-04 -5.156592718587427626e+00 2.361137619336947768e+00 1.039170872385422273e+00 2.763919954524095779e+00 2.701974724531617539e+04
5.202820694297187595e-04 -5.155877548828390111e+00 2.610136976351295157e+00 1.535499339319120082e+00 2.742362209039096221e+00 2.822506045246329450e+04
5.198371962204500346e-04 -5.154232976183865667e+00 2.085933746821189594e+00 1.607826534699199339e+00 2.825711738496125669e+00 2.451342120226535917e+04
5.193439260444874216e-04 -5.152682320244185377e+00 2.494505726436080817e+00 1.051130900788143752e+00 2.809167009515763702e+00 2.854426804899003400e+04
5.184940733447610233e-04 -5.151820057328744262e+00 2.291850170010365950e+00 1.698682241863517461e+00 2.851615544494585208e+00 3.945700621229692479e+04
5.181532132893255840e-04 -5.149977677470356952e+00 2.575370727607710464e+00 1.847587357112261408e+00 3.006949358469110933e+00 5.006156302761648112e+04
5.172040951929869059e-04 -5.149311089673906494e+00 2.169817556991983309e+00 1.215621165543105064e+00 2.885881985286491869e+00 3.017574620973434867e+04
5.161838132939368905e-04 -5.148785725185302198e+00 2.227269946768589026e+00 1.632388911662493003e+00 2.829577520955505854e+00 2.529635609862176352e+04
5.152568202853060036e-04 -5.148083198017063822e+00 2.371558012886138211e+00 1.818325820336627263e+00 2.817341045427712576e+00 4.200874373750599625e+04
5.144019849980790288e-04 -5.147243622769883231e+00 2.483481491962756138e+00 1.309338023510633997e+00 2.953532432577550271e+00 3.529706096589110530e+04
5.145792495454041236e-04 -5.144399078976224615e+00 2.286914914415240752e+00 1.848269248361911865e+00 2.821396445135043951e+00 2.880227436466561267e+04
5.158394665909957991e-04 -5.139453048728158002e+00 2.557431269976383703e+00 2.032230003707291566e+00 2.825019523935719867e+00 4.243297458159334201e+04
5.151231621291706923e-04 -5.138342632709445468e+00 2.440758530962030548e+00 1.524247540272194890e+00 2.856493766204970086e+00 3.830855375975179049e+04
5.140609842079941778e-04 -5.137906749810512430e+00 2.223762072826330982e+00 1.873262517383572412e+00 2.724159904990361092e+00 3.269131603174771953e+04
5.128738210550922490e-04 -5.137718802485441216e+00 2.346749970673908336e+00 1.304773012526102338e+00 2.782193208864717882e+00 3.081936463652092061e+04
5.122247891717908843e-04 -5.136485084506608345e+00 2.130583593565143374e+00 2.026455272536904939e+00 2.888687717690056722e+00 3.845914347108516813e+04
5.111142453753083010e-04 -5.136155517168613294e+00 2.255070539364706583e+00 1.176877836890538598e+00 2.920304310100876322e+00 2.616329319125167240e+04
5.100075842377525077e-04 -5.135823057884601361e+00 2.472012616843481947e+00 1.137505326650583681e+00 2.900214007828738616e+00 3.035691594283570157e+04
5.088620629576792254e-04 -5.135571670876258210e+00 2.485832582809652802e+00 1.886864390434198180e+00 2.852290436409072871e+00 3.443256340411240672e+04
5.085734415396496889e-04 -5.133639021680306058e+00 2.175815411615591444e+00 1.820577450332885761e+00 3.047469792559699187e+00 3.919820458779701585e+04
5.081861730751453506e-04 -5.131900791675232831e+00 2.712789817588011854e+00 1.510920378198483460e+00 2.924533151482589410e+00 3.843840693526578980e+04
5.072520062561223847e-04 -5.131240720686324863e+00 2.351814672738764322e+00 1.775547681968453251e+00 2.943101288127797144e+00 4.463071069753960910e+04
5.065488199475664437e-04 -5.130127948637121627e+00 2.045963106773241336e+00 1.364816997736489679e+00 2.920501139322779771e+00 2.942134510199359283e+04
5.054285954081193331e-04 -5.129841881438412798e+00 2.608997786251725515e+00 1.318006494084712710e+00 2.874115375576498543e+00 3.410482981545069924e+04
5.043618381020386612e-04 -5.129454711323743865e+00 2.260233975722524047e+00 1.792897636985142151e+00 2.694209042793773268e+00 2.684819005208040471e+04
5.035672683811331929e-04 -5.128531349760689473e+00 2.618029507008432066e+00 1.914988227994693704e+00 3.034854543968888319e+00 4.967159167375253310e+04
5.027271428490193020e-04 -5.127701091176184889e+00 2.238260706470694750e+00 1.594102190986354417e+00 2.827416700235673375e+00 2.499389100105585385e+04
5.018413127002533270e-04 -5.126964694987298010e+00 2.478798558413755071e+00 1.077759543524457131e+00 2.857492495296045654e+00 2.960226949051543488e+04
5.029843491715564087e-04 -5.122189599898248069e+00 2.090768792344170013e+00 1.095231559220389839e+00 2.890908865002344896e+00 2.693920283240714707e+04
5.032258864691466172e-04 -5.119209506785149522e+00 2.156404515377433828e+00 2.032532518885964645e+00 2.814759102767350640e+00 3.608306840920136892e+04
5.026462172539839391e-04 -5.117862077330030068e+00 2.452920527383334992e+00 1.922079802574575780e+00 2.876683066704662117e+00 4.768036322593243676e+04
5.014368823124049556e-04 -5.117770912867372957e+00 2.373918229937928448e+00 1.705841639156536305e+00 3.083898033635813718e+00 4.369546463400361972e+04
5.011057475754406325e-04 -5.115931502729861080e+00 2.290749054094374682e+00 1.299916318808336246e+00 2.990735536796661265e+00 3.237045706011429138e+04
5.007410459712699448e-04 -5.114159561396372844e+00 2.594001733891836192e+00 1.528285027060267698e+00 2.738666212914556475e+00 2.787031270888415020e+04
4.995668019134440760e-04 -5.114007327835834893e+00 2.005883498387271313e+00 1.413477568302645038e+00 2.884093583809528738e+00 2.742108620611841252e+04
4.989325897841800439e-04 -5.112777658533730119e+00 2.634900963499539728e+00 2.012389751400167626e+00 2.844375786310879839e+00 4.737100043596310570e+04
4.978181194079064377e-04 -5.112513866304474242e+00 2.641919000966069575e+00 1.628117022590283014e+00 3.031930978271689892e+00 4.316963001080846152e+04
4.968656404531584777e-04 -5.111929006139478204e+00 2.427184914375521085e+00 1.220139809882604176e+00 2.783984454655029417e+00 2.358560294798527320e+04
4.957776051489849387e-04 -5.111621205088552777e+00 2.476925158849831554e+00 1.433102004500757198e+00 2.975986731202858504e+00 3.390656161312982294e+04
4.945933918255422668e-04 -5.111512660192635060e+00 2.158100316534822039e+00 1.103265692611989257e+00 2.862646753632329677e+00 2.308985394312796416e+04
4.934746330988389095e-04 -5.111277199023119167e+00 2.608360203982975634e+00 1.819316335039655952e+00 2.758520991927103871e+00 3.310535149212848046e+04
4.945728882245184390e-04 -5.106554116520940489e+00 2.336890971605432910e+00 2.050668672566156481e+00 2.815764227389957242e+00 3.707994724443714949e+04
4.935703228020995367e-04 -5.106083307745951316e+00 2.762241972731520168e+00 1.815610607173546498e+00 2.930745962429245566e+00 4.819305042706580571e+04
4.932336161853078955e-04 -5.104265726241773216e+00 2.401982820288137699e+00 1.779401738453831650e+00 2.851171101009646325e+00 4.290510968069731462e+04
4.924502547641689248e-04 -5.103355204591079719e+00 2.442479070692684218e+00 1.581657359432741439e+00 2.686654270716219539e+00 2.547093838867898376e+04
4.925504231284731421e-04 -5.100651817188615489e+00 2.277533492123983816e+00 1.780418165909465777e+00 2.690714700841899898e+00 2.830730161210814913e+04
4.919648813909834268e-04 -5.099341319888764268e+00 2.722848224334339928e+00 1.724930080507793617e+00 2.782873297802850310e+00 3.922606058545540145e+04
4.931424881658465209e-04 -5.094450499614365135e+00 2.598212118484995781e+00 1.286983842549205503e+00 2.765257995717986805e+00 2.914112309185069171e+04
4.937407633314083895e-04 -5.090738045683375290e+00 2.446457434784458762e+00 1.948213987354640686e+00 2.740627585967667201e+00 4.013323408401040797e+04
4.935372274045635513e-04 -5.088650363048166980e+00 2.612306950353832757e+00 1.967004601038800038e+00 2.772289408166900060e+00 4.077631771641411615e+04
4.923343766619666783e-04 -5.088590541534895983e+00 2.315482723680482025e+00 1.954876585173131565e+00 2.721572857158377268e+00 3.515382357911948930e+04
4.914512553139846430e-04 -5.087885895230845001e+00 2.204187853623897020e+00 1.817196508551955025e+00 2.765407556621218177e+00 2.620394866830015962e+04
4.912805611687790603e-04 -5.085733282267795197e+00 2.165777166076134463e+00 1.849336411552891191e+00 2.942057334570404858e+00 4.149019819763973646e+04
4.903320343093269798e-04 -5.085165871884194999e+00 2.216284157804198518e+00 1.444503060848170151e+00 2.753787800709520006e+00 2.245489797462078423e+04
4.896356697908002802e-04 -5.084087071037641792e+00 2.600620189064561938e+00 1.513058210439957918e+00 2.998310786401361838e+00 3.997093673052130907e+04
4.903488361100861569e-04 -5.080131606301439007e+00 2.478498822172965799e+00 1.734150289135962142e+00 2.881370882018781554e+00 4.385332342017281189e+04
4.897729286310074578e-04 -5.078806781807334580e+00 2.695073731811811868e+00 1.762636384789357358e+00 2.771191414595556957e+00 3.943364952895751048e+04
4.892272296980436364e-04 -5.077421590594311418e+00 2.570228357804710928e+00 1.824733504841422604e+00 2.717105118184475199e+00 3.573345597939649451e+04
4.881307113006665642e-04 -5.077165433533417094e+00 2.375000380651366427e+00 1.239887860949599352e+00 2.888548661537709172e+00 2.661452977094348171e+04
4.871573193095816491e-04 -5.076661546032981143e+00 2.384692163695020461e+00 1.647246395860471946e+00 2.894073156787401402e+00 4.107954120605084609e+04
4.864135544689025879e-04 -5.075689457365183621e+00 2.566845377182261689e+00 1.257257711082896856e+00 2.861040219364260562e+00 3.002493187539852806e+04
4.858499014760854604e-04 -5.074348923048102478e+00 2.384924987519868811e+00 1.679175025956029188e+00 3.015061818756182177e+00 4.379105180955740798e+04
4.851546732744646735e-04 -5.073280900483640110e+00 2.488465370748665251e+00 1.114124479004775958e+00 2.843381986545788997e+00 2.665434383167925989e+04
4.842697467304294518e-04 -5.072606575124318340e+00 2.137385776590052355e+00 1.554643242148696647e+00 2.970210329340326361e+00 3.571064023872497637e+04
4.831160196344534198e-04 -5.072491823456666715e+00 2.336963304846011447e+00 1.823675051484614063e+00 2.992194178380691127e+00 3.707501938951404009e+04
4.819547090779894541e-04 -5.072398509479671525e+00 2.088519250049511111e+00 1.601832700641855789e+00 2.821144192261908490e+00 3.104341962080796293e+04
4.824422002059392564e-04 -5.068887533262771861e+00 2.337690812125526651e+00 1.485441853134431778e+00 2.942458946303772027e+00 3.808922175408867770e+04
4.823917566420783481e-04 -5.066492097501100744e+00 2.751200444123035993e+00 1.805659045967529686e+00 2.853111272978338331e+00 4.521834749050166283e+04
4.812397006145394248e-04 -5.066383170494298760e+00 2.787804498724180569e+00 1.763667734952987010e+00 2.932782164622295351e+00 4.399604153786529787e+04
4.800793830218110544e-04 -5.066297183023442230e+00 2.259507329355733507e+00 1.070585514932133275e+00 2.918618170233462372e+00 2.903848475266808600e+04
4.792127591796553035e-04 -5.065603982099118774e+00 2.306561005793226649e+00 2.001545378079889748e+00 2.882201628446197539e+00 4.608852263845688140e+04
4.788568037053357877e-04 -5.063847050253011517e+00 2.075927277279655758e+00 1.935221552783265020e+00 2.864772102250012331e+00 3.557688667331372562e+04
4.779158791010704567e-04 -5.063313922686796253e+00 2.157399843464872013e+00 1.411548755494882235e+00 2.959797378399796841e+00 3.346620526702953794e+04
4.772978833455909634e-04 -5.062107865186371569e+00 2.204896454088313362e+00 1.678845616069804647e+00 2.862607437381020858e+00 2.697437882258919490e+04
4.763652913406773016e-04 -5.061563675847719601e+00 2.410408565525608005e+00 1.704079960261907445e+00 2.682226223981513336e+00 2.877113047474889026e+04
4.777125216374242646e-04 -5.056239522149009069e+00 2.700605286530173732e+00 1.944974439112966635e+00 2.845131811847609882e+00 4.672234396969444788e+04
4.774614873245054984e-04 -5.054265152696624241e+00 2.365673322428754499e+00 2.003280007580962252e+00 2.734162237172664156e+00 3.571715380305237341e+04
4.773529748991404802e-04 -5.051992448009221093e+00 2.564530798299384351e+00 1.760939083833426011e+00 2.900179752962252611e+00 4.573564728209159512e+04
4.761855107234863518e-04 -5.051941147829134948e+00 2.218909332206743468e+00 1.796761126750635151e+00 2.962684098835282498e+00 3.355319093095742573e+04
4.751730013531443343e-04 -5.051569703446754822e+00 2.435721596588254823e+00 1.964907753486420106e+00 2.722242206994980762e+00 3.600281571649408579e+04
4.744952063781369815e-04 -5.050497139017577020e+00 2.694696524720189057e+00 1.804558864591817358e+00 2.788727159135847344e+00 4.169571863306541491e+04
4.737464792271817962e-04 -5.049576329888258996e+00 2.568704940389653579e+00 1.335899299374152527e+00 2.740265179693098574e+00 2.882649583087613064e+04
4.728382948402683585e-04 -5.048995195879898645e+00 2.293029326262070455e+00 2.037949120720435214e+00 2.782739790999006591e+00 3.539917831049006054e+04
4.726042922872735440e-04 -5.046990207551589336e+00 2.292424786464674291e+00 1.889848303877713853e+00 2.958045999227564948e+00 4.568752141571583343e+04
4.727012418204997271e-04 -5.044285089671568301e+00 2.507511092020188403e+00 2.054934958944224288e+00 2.889143656535182458e+00 4.796626491366852133e+04
4.716984081720972458e-04 -5.043908838923981897e+00 2.294940310886790513e+00 1.338338209211785923e+00 2.711137064998596635e+00 2.622542243892856277e+04
4.721141069748768055e-04 -5.040527946113200208e+00 2.196837344785881552e+00 1.731869816896035141e+00 2.789739344968666934e+00 2.545155547707914957e+04
4.709826128957528648e-04 -5.040427476507461257e+00 2.517676962615722491e+00 1.198705367349991890e+00 2.782127424413342709e+00 2.939031455770241155e+04
4.704622947383553001e-04 -5.039032837439697765e+00 2.599822029328142214e+00 1.883619644015336547e+00 2.746484733166108416e+00 3.961564080711849238e+04
4.696634718592923542e-04 -5.038232233626230183e+00 2.123603024428565966e+00 1.183566052016610026e+00 2.876947250734692485e+00 2.388745921809126594e+04
4.685775065431526613e-04 -5.038047131026985426e+00 2.177085281561497609e+00 1.868570001668751868e+00 2.837370848668439471e+00 3.864256108144547034e+04
4.681126639790380586e-04 -5.036539652603280182e+00 2.187579882645281248e+00 1.179946735760532661e+00 2.731480619305060031e+00 2.349557977062159989e+04
4.671512011835877607e-04 -5.036095678009499643e+00 2.498709305043749218e+00 1.134266965565233543e+00 2.730610925580446935e+00 2.512144959992104850e+04
4.661676159060753515e-04 -5.035703394308862713e+00 2.533459227528488622e+00 1.529627018486459988e+00 2.704472375792739136e+00 2.730010346207823022e+04
4.659874113993726940e-04 -5.033590034950533365e+00 2.445103123347206253e+00 1.466140284341096223e+00 2.753062507856018915e+00 3.237008475120555158e+04
4.655188817250168355e-04 -5.032095996407425886e+00 2.305512384537702797e+00 1.823344746151035034e+00 2.904210044488050535e+00 4.351085111661405972e+04
4.649246600878800492e-04 -5.030873283402756968e+00 2.432047016531511119e+00 1.810009369160447745e+00 2.730080816852189951e+00 2.835844773566957883e+04
4.647549963081173355e-04 -5.028738277474596785e+00 2.584454681069574988e+00 1.665705341553395558e+00 2.778081987825547827e+00 3.838685975081440120e+04
4.640955657646350999e-04 -5.027658162827951749e+00 2.538667216603226695e+00 1.761239671976199350e+00 2.765695267324421724e+00 3.021858242554161552e+04
4.637165192659663021e-04 -5.025975238884344165e+00 2.203671139424642433e+00 1.026023577139021592e+00 2.918089642663721506e+00 2.710280852771013087e+04
4.632829812557215615e-04 -5.024410596544429453e+00 2.620187136294427788e+00 1.586744211957094031e+00 2.900703753542625662e+00 3.444386528390965395e+04
4.622051113029311022e-04 -5.024239898128755932e+00 2.595519944976269144e+00 1.327389087459373895e+00 2.825076249223992253e+00 3.270250283780113750e+04
4.617191748624430766e-04 -5.022791794896862783e+00 2.429014138214817375e+00 1.728239795073077456e+00 2.842803938408797304e+00 4.158682481634631404e+04
4.616008612836115950e-04 -5.020548073488998675e+00 2.144991536480174599e+00 1.223436064151409930e+00 2.866481361079881829e+00 2.375008024710186146e+04
4.605401036577631509e-04 -5.020348715438671228e+00 2.156461786900001343e+00 1.703706285256547437e+00 2.861399568792159620e+00 3.619796559074182733e+04
4.593983676785241507e-04 -5.020330917457679121e+00 2.735263108544720101e+00 1.718256711630018696e+00 2.802792805524335851e+00 3.942419195734720415e+04
4.594739268319666535e-04 -5.017666456837713618e+00 2.126261280409915688e+00 1.845667757271975962e+00 3.000590829475165755e+00 3.958393551689513697e+04
4.586330841514535579e-04 -5.016998145095278083e+00 2.100573368884580461e+00 1.702491834859553244e+00 3.001258803363738181e+00 3.640806491964009183e+04
4.576831795532021832e-04 -5.016571457500945463e+00 2.525920395984647016e+00 2.029222452578914648e+00 2.935317660889392499e+00 4.913132290705645573e+04
4.572440777224075453e-04 -5.015031319306383573e+00 2.413061711509440599e+00 1.819638866554788903e+00 2.793368227193983255e+00 2.953568029245423531e+04
4.561533565139455843e-04 -5.014919593426766298e+00 2.479915392874741720e+00 1.226691847066741836e+00 2.854988326997971892e+00 3.209140812276307770e+04
4.553945009694533369e-04 -5.014084576156020212e+00 2.371712656772780647e+00 1.786157402415530893e+00 2.877622726546963605e+00 4.314631852757671004e+04
4.545986119801155231e-04 -5.013333796410434751e+00 2.247852774846562873e+00 1.590331447364717654e+00 2.788607070861643500e+00 2.425894202552312345e+04
4.536666856492488874e-04 -5.012885898720932154e+00 2.714743506412192087e+00 1.888666553875249621e+00 2.820512099590339883e+00 4.427410296229516825e+04
4.537690398764807238e-04 -5.010160308687860997e+00 2.149838166176033738e+00 1.276415991512110271e+00 2.787114130349431118e+00 2.704441183964924130e+04
4.539669616539814727e-04 -5.007224230840769508e+00 2.617012325147165086e+00 1.736565185853681470e+00 3.039018902922350662e+00 4.418188309471947287e+04
4.549033909851602007e-04 -5.002663585645735544e+00 2.220632434304117719e+00 1.979344183777075106e+00 2.833392216222256899e+00 3.301818822487846774e+04
4.546088240962471434e-04 -5.000811332634346407e+00 2.170268021945102266e+00 1.532491031888711941e+00 3.014172875550597208e+00 3.372446544570618425e+04
4.538168592455696674e-04 -5.000054931622885945e+00 2.644776292725951272e+00 1.846361240987260732e+00 2.812877464535826100e+00 3.672273769427168008e+04
4.532238557943101941e-04 -4.998862488220760625e+00 2.575459847287746129e+00 1.789829481047250148e+00 3.053457151126305558e+00 4.695626785302845383e+04
4.533895229002689342e-04 -4.995997024591623870e+00 2.427956473007761407e+00 1.873650381124107422e+00 2.837608428840430186e+00 4.438454192887656245e+04
4.532083204451017432e-04 -4.993896766238727025e+00 2.023414062744528064e+00 1.712912680440019653e+00 2.897703466464218280e+00 3.147838995108950985e+04
4.520938967856566221e-04 -4.993858760037373834e+00 2.473446640848268707e+00 1.118430694289205718e+00 2.740439091895404911e+00 2.395928933358389986e+04
4.511528703732181796e-04 -4.993442413778780065e+00 2.701892835885496336e+00 1.516717585774588484e+00 2.861651546749101271e+00 3.693464503158960724e+04
4.510009845195216377e-04 -4.991279132076462233e+00 2.512291106880096159e+00 1.753551450711967163e+00 3.037475922117006455e+00 4.651718794019264897e+04
4.508084653204979782e-04 -4.989206094118125989e+00 2.054921545921443382e+00 1.282906083837326960e+00 2.817365626886713326e+00 2.386055071144497924e+04
4.507086771545676298e-04 -4.986927472418408946e+00 2.396162817945004520e+00 1.702116786196895326e+00 2.797484448065045370e+00 3.845392281447994901e+04
4.505194904494914314e-04 -4.984847314395513429e+00 2.640853409760728354e+00 1.706770241058927606e+00 2.773347461739468223e+00 3.850509728066533717e+04
4.500168578818700572e-04 -4.983463610524476728e+00 2.424161669563379196e+00 1.898467638512407962e+00 2.737026919290113103e+00 3.095245100912618364e+04
4.507971975503324434e-04 -4.979231089014743539e+00 2.545673159565090327e+00 1.448872357987266657e+00 2.760342807403119103e+00 3.244055748977169060e+04
4.511690774350395170e-04 -4.975906490765137136e+00 2.340553321936955644e+00 1.054863834552735913e+00 2.837262453964696007e+00 2.853243593344390683e+04
4.504123194742534991e-04 -4.975085225799158017e+00 2.043570904279648381e+00 1.315913233767740831e+00 2.877623461889655676e+00 2.526047297286932007e+04
4.503329740701262187e-04 -4.972761403026844107e+00 2.677201133784010256e+00 1.600704813717478192e+00 2.914042286931801229e+00 4.195226465160106454e+04
4.493653145291222751e-04 -4.972412479507457128e+00 2.632698159014606354e+00 1.691438928166943745e+00 2.785031571971565700e+00 3.233269696423575442e+04
4.492302805449912705e-04 -4.970213024014661585e+00 2.288968177964886053e+00 1.537354023650512991e+00 2.985820339613460384e+00 3.237065964113147493e+04
4.487615468093418330e-04 -4.968756984023963597e+00 2.173572491312988575e+00 1.879634170683846639e+00 2.945223730600389445e+00 3.468891153714780376e+04
4.476561305412883889e-04 -4.968723282617366621e+00 2.024549914223532809e+00 1.672634180842282881e+00 2.866927920631444415e+00 2.821448865203047535e+04
4.469478381341236294e-04 -4.967806759954741302e+00 2.398222937659118426e+00 1.948551262714953491e+00 2.723216682402415767e+00 3.416482710548683826e+04
4.462023452416655320e-04 -4.966976116529838059e+00 2.345181498733166059e+00 1.846820567842085925e+00 3.062897994371670762e+00 4.359003991675735597e+04
4.453239637002543274e-04 -4.966446628934967578e+00 2.372995260243791371e+00 1.170376792400498633e+00 2.727318725766568974e+00 2.591045992396555084e+04
4.448149274411414907e-04 -4.965090352278974883e+00 2.356076564868337275e+00 1.758515183110012758e+00 2.795930088954304171e+00 2.771930377510167818e+04
4.438773356630239253e-04 -4.964700401313749012e+00 2.495413467901064219e+00 1.392402341193945681e+00 2.710328641571738473e+00 2.575005444179619735e+04
4.429661534172062804e-04 -4.964255290542043397e+00 2.156953897461331593e+00 1.395135224640553062e+00 2.980601516753410785e+00 3.137598737825644639e+04
4.429288098528350059e-04 -4.961839597521855438e+00 2.375595390038842236e+00 1.722494954130667333e+00 2.838889280423680717e+00 4.031013948380255897e+04
4.440465406394600366e-04 -4.956819276347976810e+00 2.353383545478168859e+00 1.565211336678320020e+00 2.951319658722720618e+00 3.161035345573693121e+04
4.431183948240528954e-04 -4.956411663269345347e+00 2.276051323676073768e+00 1.614747992474653060e+00 2.956063525954312432e+00 3.950647313250139268e+04
4.424520503330069934e-04 -4.955416556799717931e+00 2.166357034776134505e+00 1.869312039855055785e+00 2.992063985138041282e+00 4.138421360569724493e+04
4.425962204937585213e-04 -4.952590766293642588e+00 2.252769715865206468e+00 1.696864842161863507e+00 2.702654784088815987e+00 2.641433004865707335e+04
4.419053171133870681e-04 -4.951653010092021745e+00 2.525123368717052230e+00 1.322222957063112769e+00 2.870179005231634051e+00 2.962022470699573751e+04
4.413474739898364495e-04 -4.950416166468862400e+00 2.125736655117909102e+00 1.853985180547977230e+00 2.910174533974252853e+00 3.214586124592193664e+04
4.403614953283206852e-04 -4.950152684655286350e+00 2.271175100875070907e+00 1.046338912157906753e+00 2.909364527892773999e+00 2.757561337888341950e+04
4.393807260397704709e-04 -4.949882359828420064e+00 2.193895116741362727e+00 1.551811798264163933e+00 2.835191458277436460e+00 3.345625578341270011e+04
4.384892443187571429e-04 -4.949413371384941307e+00 2.166356340942697578e+00 1.564794100200344928e+00 2.877201039836786212e+00 2.634537200401477457e+04
4.382566788585119254e-04 -4.947443891024785323e+00 2.606711151209981647e+00 1.406476904340132617e+00 2.780264342801938682e+00 3.165749633063139845e+04
4.378029024575459693e-04 -4.945979839837462144e+00 2.463436850776089315e+00 1.760621531313886212e+00 2.879727087311526379e+00 3.278768965922230564e+04
4.368439543785632845e-04 -4.945672607022808975e+00 2.610056774863804829e+00 1.941509323731129166e+00 2.854893231251871555e+00 4.087652069472532457e+04
4.368902930835697287e-04 -4.943066536543866185e+00 2.315827651475212079e+00 1.008810460948500243e+00 2.852833081197959419e+00 2.417835455488296066e+04
4.367468994425113111e-04 -4.940894804716449151e+00 2.531019148185337908e+00 1.421736276093070739e+00 2.728600434058041646e+00 2.646658491942721957e+04
4.358644454348662377e-04 -4.940417364504726905e+00 2.146756787372927633e+00 1.093257845728154765e+00 2.883584237639057690e+00 2.721642703944079767e+04
4.349854475169039969e-04 -4.939936078001927022e+00 2.485528822558528805e+00 1.261374367979715139e+00 2.733698964318698632e+00 2.732158827110473067e+04
4.339144797151520214e-04 -4.939901191211227172e+00 2.285896907874493067e+00 1.482235948152405225e+00 2.704204411692908039e+00 2.637077753292208581e+04
4.329903177177967465e-04 -4.939533287723282484e+00 2.357122295799345846e+00 1.024736471222598588e+00 2.866107913317724076e+00 2.548757641659855290e+04
4.332824687837726540e-04 -4.936358786384664299e+00 2.162950778181012890e+00 1.505534773813352212e+00 2.937503628767345276e+00 2.846134241046944953e+04
4.328910209513237646e-04 -4.934762641937246563e+00 2.115423848624066405e+00 1.428030526091089492e+00 2.956263358779611661e+00 2.915256038634963625e+04
4.319881617943813982e-04 -4.934350469932004657e+00 2.081554227161099835e+00 1.270135304731870640e+00 2.912042883627369516e+00 2.640318512458959958e+04
4.309305604804620051e-04 -4.934301689997499629e+00 2.548476032745706554e+00 1.420289202361460834e+00 2.751407830696976475e+00 3.092628848286412176e+04
4.303273890291193994e-04 -4.933202365719099980e+00 2.324693853765179341e+00 2.059913538612551775e+00 2.826643729034802099e+00 4.200519633618648368e+04
4.293657929337104653e-04 -4.932939434749326502e+00 2.225425660453731691e+00 1.142721466689450738e+00 2.743932184903159932e+00 2.462278206901686644e+04
4.288548635243852954e-04 -4.931630106322756113e+00 2.521875823995942234e+00 1.536802114877065195e+00 2.709159080461292390e+00 2.854701848277062527e+04
4.282089499259781186e-04 -4.930637377334684324e+00 2.643713355269873055e+00 1.656321958728263599e+00 2.988565559763816992e+00 4.409754891442580993e+04
4.279484822805654080e-04 -4.928745834713319063e+00 2.483995683710047420e+00 1.837423906433238052e+00 2.850784751859285926e+00 4.461098851425151952e+04
4.269430975347927371e-04 -4.928597911240949259e+00 2.352998520119136128e+00 1.553470574987007691e+00 2.804231329632616010e+00 3.510535753701102658e+04
4.260073744903086117e-04 -4.928291997417245440e+00 2.254238674950854282e+00 1.078205780118047796e+00 2.845802759294027151e+00 2.349030198157991617e+04
4.260001149801746333e-04 -4.925809038371046000e+00 2.278187874181306860e+00 1.574373631022845998e+00 2.896021893201271347e+00 2.818452535867364350e+04
4.253795311345598168e-04 -4.924766869688382620e+00 2.548170386779716523e+00 1.388591488612318514e+00 2.756054566627887503e+00 2.684049184498090835e+04
4.244037798579987169e-04 -4.924563341489521129e+00 2.489420225447651180e+00 1.557173250128775832e+00 2.953120821648834493e+00 4.091678157289596857e+04
4.238602659607669434e-04 -4.923344815045519240e+00 2.563212667463847350e+00 1.716215570708897076e+00 2.853909215267722566e+00 3.313823913419141172e+04
4.232807593333193664e-04 -4.922212962025867888e+00 2.234048243306644643e+00 1.060055570534105707e+00 2.738107056499654135e+00 2.261638914934565764e+04
4.223475088220349618e-04 -4.921920198764089704e+00 2.558975214211381743e+00 1.292042192138946888e+00 2.767794934703385668e+00 2.869457200105952143e+04
4.218473380740359849e-04 -4.920605164079535854e+00 2.340051723783298510e+00 2.012006266469721361e+00 2.968447223387262746e+00 4.606247621063615225e+04
4.208096796457953879e-04 -4.920567990427422878e+00 2.577803677414396866e+00 1.394325084831864903e+00 2.910347961737008049e+00 3.444166279273093824e+04
4.198940882679158462e-04 -4.920246145860561526e+00 2.651099567095046350e+00 1.960361453129340070e+00 2.900063251772924566e+00 4.811865054501920531e+04
4.192057366254497335e-04 -4.919386836935585094e+00 2.268381799132719312e+00 1.290965670169269774e+00 2.958845438134670047e+00 3.199196274092511158e+04
4.184758518124551195e-04 -4.918629468044533937e+00 2.406880751086662329e+00 1.091911184658490575e+00 2.822676892270233218e+00 2.866613822649216672e+04
4.178519711875713981e-04 -4.917621420657974696e+00 2.499977067960020616e+00 1.908015689198983456e+00 2.977737172858610393e+00 4.907584866318792774e+04
4.169404121860860739e-04 -4.917305339395009689e+00 2.659873077043151124e+00 1.495998833324578170e+00 2.814026868107258217e+00 3.305216114387329435e+04
4.165123484957138533e-04 -4.915832545130491837e+00 2.378320618099794448e+00 1.623122329683647669e+00 2.983691579255169035e+00 3.446731934597517829e+04
4.165598954774476126e-04 -4.913218396610647964e+00 2.567915767480276834e+00 1.391330681819951565e+00 2.888066552544379384e+00 3.220722951510087296e+04
4.159856635513404025e-04 -4.912097857496458886e+00 2.127881121107441320e+00 1.010363829313132067e+00 2.797754154991863196e+00 2.313424005274003866e+04
4.154256122644198559e-04 -4.910945088134098135e+00 2.316723173825940396e+00 1.322996882891778636e+00 2.918590988661438956e+00 2.806213788041098815e+04
4.148133895257177122e-04 -4.909919899238735397e+00 2.581180990424448041e+00 1.811459361650680444e+00 2.882417209849464257e+00 4.590712172475123225e+04
4.138504782688760581e-04 -4.909743909558619279e+00 2.188244908364260333e+00 1.103048603196824740e+00 2.802914405849811885e+00 2.234857427955173989e+04
4.128850646882319185e-04 -4.909579394049853107e+00 2.292603141731991201e+00 1.629160973779326227e+00 2.881303821380170493e+00 2.836237464775380067e+04
4.120826292506545420e-04 -4.909024768872502165e+00 2.365921564988531234e+00 1.556152571251303129e+00 3.005294050764154790e+00 3.978613488062470424e+04
4.112331200377119730e-04 -4.908588398810717734e+00 2.332628886180903027e+00 1.651143329636538537e+00 3.039576448237927497e+00 4.126099176719686511e+04
4.105369632881904532e-04 -4.907782685157178193e+00 2.440783522246529724e+00 1.962965432904357765e+00 3.004748944771438168e+00 4.789788177843567973e+04
4.100896867604566457e-04 -4.906372770574214393e+00 2.583779528504564382e+00 1.954837500743534795e+00 2.781404428201354584e+00 4.096385322559583437e+04
4.090692257779839514e-04 -4.906364256645424859e+00 2.366063845901118956e+00 1.485145300372783028e+00 2.711403460629711493e+00 2.404473882269408932e+04
4.081545097056514743e-04 -4.906102851572638812e+00 2.171120440322488410e+00 1.890426522881942351e+00 2.790289791088667926e+00 2.919740212744570090e+04
4.078132553892036883e-04 -4.904439292302143372e+00 2.384749914370690060e+00 2.059671488871224199e+00 2.857057580962608867e+00 4.400562452200583357e+04
4.086904485612864952e-04 -4.899790634542678269e+00 2.349372701352296922e+00 1.920626723897524757e+00 2.843560129506313316e+00 4.370131436362177919e+04
4.078266449270364388e-04 -4.899406460318742162e+00 2.654258320791353043e+00 1.666853966640520657e+00 2.922124527327147447e+00 3.783388354479615373e+04
4.069087622419102573e-04 -4.899159665630275384e+00 2.307872091723351726e+00 1.649804306372536278e+00 2.784861684000873527e+00 3.502084076160049153e+04
4.066681794134182075e-04 -4.897251085625573985e+00 2.746579898116009222e+00 1.761805321914086342e+00 2.849148534787819376e+00 4.138234645234349591e+04
4.064949934682578832e-04 -4.895177041826138442e+00 2.578405291244699082e+00 1.626100005125873604e+00 2.894908803905580363e+00 3.404945791809643561e+04
4.059013610116450729e-04 -4.894138477636367668e+00 2.371625467359120609e+00 1.978112609525286558e+00 2.959251110921722550e+00 4.201408738124613592e+04
4.052048883169924931e-04 -4.893355818284163661e+00 2.507732013620578293e+00 1.767314605615729173e+00 3.052615054716022236e+00 4.398379624603682169e+04
4.051182403475771200e-04 -4.891069678574409885e+00 2.332004260990915512e+00 2.040664842676230162e+00 2.806477354823418757e+00 4.124988483877031831e+04
4.044677165725932971e-04 -4.890176731931569876e+00 2.585618147420386759e+00 1.366371932123400912e+00 2.850074246380708498e+00 3.348714336040805210e+04
4.043371455200322237e-04 -4.887999605988872176e+00 2.322590465680871574e+00 1.876763902224533043e+00 2.724854856201131881e+00 3.377800657361928461e+04
4.033693593160606224e-04 -4.887895987994754776e+00 2.231700807875473647e+00 1.460546103459848588e+00 2.830446136335030616e+00 3.244302260268473765e+04
4.029435990463545213e-04 -4.886452055133102768e+00 2.190321961684334351e+00 1.689959960688426133e+00 2.763742776086669295e+00 2.505811601383640300e+04
4.045966618966863456e-04 -4.879857980226229408e+00 2.108888007248711727e+00 1.443187913936878175e+00 2.911005153601305295e+00 3.132955251386409145e+04
4.040415499823456929e-04 -4.878730935383146949e+00 2.501021270669787633e+00 1.472649188775975171e+00 2.981585373958263396e+00 3.743853418940254051e+04
4.047780240609712122e-04 -4.874409826434255244e+00 2.301862848724072208e+00 1.978837640518657182e+00 2.805392585743764045e+00 3.365217802892778127e+04
4.039732461495152294e-04 -4.873900001180755837e+00 2.217993412656198871e+00 1.508609803810979200e+00 2.923202327064462924e+00 2.836814398404641906e+04
4.031068839387469860e-04 -4.873546907073343704e+00 2.521775058272762937e+00 1.789512837880529394e+00 2.976855936551972448e+00 4.671223828026442789e+04
4.028711530530812890e-04 -4.871631863192662948e+00 2.330101182679575000e+00 1.734003187203136287e+00 2.989293490575096968e+00 3.576257427790488873e+04
4.019288500338809756e-04 -4.871473571557938698e+00 2.433128089794449611e+00 1.211206552314521900e+00 2.722147511376657114e+00 2.457805950809504793e+04
4.013906959387345420e-04 -4.870313397479884898e+00 2.363601481153302597e+00 1.467593313304442315e+00 2.698561169298135276e+00 2.513108986531681512e+04
4.007772265923726339e-04 -4.869342926269881744e+00 2.240945917310987134e+00 1.014534647936792267e+00 2.862211880463024105e+00 2.407128175314938926e+04
4.003773673924376992e-04 -4.867841133697362821e+00 2.395075689991883472e+00 1.602913976595845558e+00 2.711812712670397918e+00 2.551157957818141585e+04
3.996456585828342769e-04 -4.867170353581976805e+00 2.418160777517861515e+00 2.048421854533849285e+00 2.875312443931140827e+00 4.461939666061265598e+04
3.996348068732788602e-04 -4.864697507278392230e+00 2.080262268930969771e+00 1.455823231245869875e+00 2.811672134449392679e+00 2.727793928147528277e+04
3.995349470241895914e-04 -4.862447416259864319e+00 2.473232910856977718e+00 1.663860369813777940e+00 2.782648986996807849e+00 2.821225584732790230e+04
3.985496341139296004e-04 -4.862416611716489534e+00 2.283852700611500364e+00 1.123705423986921970e+00 2.906128395049912161e+00 2.893957577403630421e+04
3.978686883746338854e-04 -4.861626632407881843e+00 2.302415520733829268e+00 2.020566901674801574e+00 2.879412627274542391e+00 3.903390824366633024e+04
3.971812104413230361e-04 -4.860856028526737482e+00 2.293172889344379239e+00 1.809523158524992681e+00 2.729632542910114701e+00 3.288776569240019307e+04
3.968081099334855593e-04 -4.859295841004628969e+00 2.363673724483172034e+00 1.186990719166312935e+00 2.910446436699945405e+00 3.035153446312041706e+04
3.959675738332654087e-04 -4.858916330904568426e+00 2.417297320859432386e+00 1.461924096158605080e+00 2.743011384976520972e+00 3.068604403561759682e+04
3.951645876173983567e-04 -4.858446298919367301e+00 2.581061791437719410e+00 1.518199284754746969e+00 2.758347542634348670e+00 3.253067245408027884e+04
3.953718916024733768e-04 -4.855421834849015461e+00 2.272448657707475839e+00 1.897485179261479082e+00 2.833127105227912779e+00 4.084849907641031314e+04
3.946489127181105564e-04 -4.854752113449873008e+00 2.467164036118826065e+00 1.514101443831073812e+00 2.712875460836142949e+00 2.621479031436940568e+04
3.948712135774200532e-04 -4.851688984385062575e+00 2.331153083539793780e+00 1.445445324932792541e+00 2.774508869398462974e+00 3.131595267798748682e+04
3.946520396108768635e-04 -4.849744190254653198e+00 2.298318704384055167e+00 1.099438173002274199e+00 2.893000448833439542e+00 2.866027319367870950e+04
3.937280341536444125e-04 -4.849588252239653841e+00 2.357455274645289034e+00 2.049806433962944041e+00 2.857050899254004239e+00 4.362381300935522449e+04
3.949134875446607220e-04 -4.844081932508216504e+00 2.175392837301054705e+00 1.529793649328767602e+00 2.914394398091097571e+00 3.451908644847241521e+04
3.941698863589584382e-04 -4.843466654529771986e+00 2.392352670395820446e+00 1.463654129473978660e+00 2.870638425684040484e+00 2.793057245621709444e+04
3.934215831289334590e-04 -4.842866887034018575e+00 2.049552742308824005e+00 1.581822146122929151e+00 2.851083160106548942e+00 2.678167109989100936e+04
3.926360992900418184e-04 -4.842365427644729436e+00 2.593518733418609390e+00 1.515549649270066856e+00 2.795938026075924565e+00 3.009200397832298040e+04
3.918315275123887879e-04 -4.841916683891076545e+00 2.064750410254586388e+00 1.734349416749390915e+00 2.832437397324657269e+00 2.825336177622495961e+04
3.912111969749682699e-04 -4.841001094671717908e+00 2.267781926243385815e+00 1.687245584135472765e+00 2.758405997306195623e+00 2.535150290434580529e+04
3.903472413006819994e-04 -4.840711949251198298e+00 2.120166733700972195e+00 1.933885705314005055e+00 2.877276194883469529e+00 3.481813275973383134e+04
3.894009286010164262e-04 -4.840639176914660169e+00 2.431960636186528468e+00 1.902481314596316420e+00 2.939038907213618934e+00 3.896219231867487542e+04
3.891704643329407928e-04 -4.838731195262367279e+00 2.279744370919901453e+00 1.937613653651913515e+00 2.928018898564071826e+00 3.719229744257109269e+04
3.885672001013898663e-04 -4.837782526463419330e+00 2.316230921241998253e+00 1.717966486829011430e+00 2.723757428652452628e+00 2.608807391730284144e+04
3.876485279188843203e-04 -4.837649581338201443e+00 2.274428482845777921e+00 1.370440866357925058e+00 2.925913743296796543e+00 3.369575694725276117e+04
3.868396223712053947e-04 -4.837238459887233333e+00 2.291546348634833752e+00 1.612625148233791217e+00 2.984171015272854444e+00 3.953030917870500707e+04
3.864027116579480574e-04 -4.835868534484879966e+00 2.386482368508534346e+00 1.496253704078819968e+00 2.874483864890235107e+00 2.826778880983823547e+04
3.859194730213063988e-04 -4.834619925961883169e+00 2.590891454890886347e+00 1.829610567910557872e+00 2.773656916672679884e+00 4.011074356333680043e+04
3.855946673131185626e-04 -4.832961921488332813e+00 2.358272797748289129e+00 1.999075821073159842e+00 2.960430243621397395e+00 4.418099473218825005e+04
3.851786830113312671e-04 -4.831541316207935033e+00 2.310152459510515843e+00 1.371147733930394130e+00 2.811330203862862476e+00 2.427370224432581745e+04
3.844655689812757362e-04 -4.830894417123788642e+00 2.524312781075567003e+00 1.695435267079925978e+00 3.011842089122589439e+00 4.023204431336271955e+04
3.837327737706124888e-04 -4.830302245850178089e+00 2.209649281410152266e+00 1.902278392529994644e+00 2.853634360228620714e+00 3.982361573224981112e+04
3.828501404635272116e-04 -4.830105020098678814e+00 2.470494299866651478e+00 1.527988505501754357e+00 2.714826395170134354e+00 2.654529007868292683e+04
3.824604430712728073e-04 -4.828623423435360884e+00 2.344463764189730792e+00 2.034678994943475594e+00 2.848189179999983445e+00 4.369884218830304599e+04
3.817553565818809997e-04 -4.827968678897965660e+00 2.219461206513587026e+00 1.898057112855731976e+00 2.894667495122326351e+00 4.151262129008512420e+04
3.809180313904957809e-04 -4.827664443273675943e+00 2.541519441995190753e+00 1.405859824252554180e+00 2.743453666328313112e+00 2.851088534149184852e+04
3.800324934683980711e-04 -4.827491896354840328e+00 2.480227752928841234e+00 1.753492254461092470e+00 2.945171047376825779e+00 3.644251246072566573e+04
3.791740742226042712e-04 -4.827253256169508511e+00 2.121715559648988059e+00 1.893790482876080983e+00 2.821425826694811789e+00 3.119838371772750179e+04
3.783383667446714514e-04 -4.826959709217105932e+00 2.710378985987580425e+00 1.799526399416909506e+00 2.839979314063302951e+00 4.259135856279126892e+04
3.774511374052563371e-04 -4.826807531572660181e+00 2.306650916926113126e+00 1.392544838820727993e+00 2.761469445678234713e+00 2.942944275423111685e+04
3.766508294154298042e-04 -4.826430078192355921e+00 2.651732087186335018e+00 1.676774231496767964e+00 2.802040334771112917e+00 3.412406735672912328e+04
3.758316538809197607e-04 -4.826107340457725492e+00 2.403461127728323987e+00 1.469120452555661149e+00 2.987822854757471447e+00 3.511732402169186389e+04
3.753741200609148109e-04 -4.824825472406261362e+00 2.605936470093342727e+00 1.428722244888234405e+00 2.800003903590684295e+00 3.125036305402456492e+04
3.751699198972323476e-04 -4.822869611478315832e+00 2.296286710836358047e+00 1.663493333508751615e+00 3.009048261832735438e+00 3.578631199349190138e+04
3.743975910186008674e-04 -4.822430344209394981e+00 2.484310496720546713e+00 1.607603666847662316e+00 2.974226653796649522e+00 4.183695376479719562e+04
3.734801793663309602e-04 -4.822383718674472242e+00 2.410207297734176635e+00 1.868564007527046655e+00 2.889542889174478990e+00 3.511131998938592005e+04
3.735362413364858936e-04 -4.819733622990614919e+00 2.168594052524520865e+00 1.267916123345435686e+00 2.888803803285773242e+00 2.541754525283702606e+04
3.726399775216519155e-04 -4.819635908732800011e+00 2.618130567056863089e+00 1.567819385674087407e+00 2.953551413277707649e+00 3.864682045850376744e+04
3.717904810999293069e-04 -4.819418181793018618e+00 2.451048654876048172e+00 1.117048965034958652e+00 2.783728828090038743e+00 2.714140940772250542e+04
3.712620369500299199e-04 -4.818340542194613718e+00 2.613665981295581364e+00 1.751839891724491949e+00 2.804871360712560602e+00 3.409314143083648378e+04
3.703540396682785752e-04 -4.818289242442859610e+00 2.366179739280103167e+00 1.096108901345647535e+00 2.742351374307760548e+00 2.501375531354214399e+04
3.704733135558354999e-04 -4.815467240594332843e+00 2.599000539749363181e+00 1.675486495677398491e+00 3.005567353466172875e+00 4.215884982975462481e+04
3.701524115674337820e-04 -4.813833810570498528e+00 2.124596550488357938e+00 1.670864246932608044e+00 2.923765746968538970e+00 2.989860723813902223e+04
3.693062470256180778e-04 -4.813622416975505303e+00 2.359805380122702800e+00 1.077228426344571055e+00 2.736558902787922243e+00 2.404387226123145228e+04
3.684810581817378949e-04 -4.813359346730599064e+00 2.316165946283691657e+00 1.491796526956846503e+00 2.910742976601147447e+00 3.638034502428507403e+04
3.676070825983609775e-04 -4.813233997117285057e+00 2.690426492129606384e+00 1.623730913333850445e+00 2.890194790364044142e+00 4.045367079454596387e+04
3.670168357194730194e-04 -4.812340933649528196e+00 2.104641220690617764e+00 1.543097678962134456e+00 2.873311887059171621e+00 3.154796520768937262e+04
3.664700697593757184e-04 -4.811331801604461944e+00 2.403403904995248475e+00 1.059281924781294570e+00 2.785343689306845505e+00 2.393253416645825928e+04
3.656780252161098308e-04 -4.810995420844017545e+00 2.601144520593388076e+00 1.576294804734644783e+00 2.766732079500778152e+00 3.380557563896205102e+04
3.649748665920592942e-04 -4.810420161987213561e+00 2.193976512882857222e+00 1.058179596327317951e+00 2.841103373849627189e+00 2.644985795402113945e+04
3.643393572631416872e-04 -4.809662921058623475e+00 2.424408168923008589e+00 1.233503828341232289e+00 2.781699164399916491e+00 2.899917968930374627e+04
3.639350722502606968e-04 -4.808273175759397056e+00 2.332775948968443203e+00 1.755721226265823942e+00 2.951549590935067080e+00 4.283238268290516862e+04
3.631193339162994138e-04 -4.808017130735355416e+00 2.450587915502850489e+00 1.450635102367298312e+00 2.968534709144441397e+00 3.485203823048256163e+04
3.626186544523743904e-04 -4.806896911183345722e+00 2.206450208045805716e+00 1.359369656271154136e+00 2.738733261504790129e+00 2.340755526078590265e+04
3.618318159553339107e-04 -4.806569147488187532e+00 2.089169448739399026e+00 1.378591613767888857e+00 2.830841269076894040e+00 2.442269133617578700e+04
3.614283983296458073e-04 -4.805184700810645637e+00 2.282310638226079824e+00 1.568303062145453008e+00 2.732671056239676322e+00 2.429055336655945212e+04
3.605682297669597115e-04 -4.805067451466760176e+00 2.254215352255826144e+00 1.209746397685570463e+00 2.748622316131003274e+00 2.263489070492340761e+04
3.601843221270421011e-04 -4.803632748218644721e+00 2.543108938561883914e+00 1.497363560421457018e+00 2.894973210968344368e+00 3.253897479494810977e+04
3.594614601187927773e-04 -4.803141687252812986e+00 2.189666217931744541e+00 1.914869358313602943e+00 2.927580306404336419e+00 3.589426877378943027e+04
3.585924549460308515e-04 -4.803062133903931219e+00 2.450124092785839647e+00 1.395478431984355172e+00 2.832673440326587855e+00 3.378060660158011160e+04
3.579200249183897954e-04 -4.802439087185137900e+00 2.455138083598274346e+00 1.996114890094810246e+00 2.802731343996216928e+00 4.298948083778462023e+04
3.572056539674355220e-04 -4.801936977093632208e+00 2.590803815431609536e+00 1.598744673442718867e+00 2.914137914080411118e+00 3.544264171444812382e+04
3.565700777065984356e-04 -4.801217862603222919e+00 2.156542864702261308e+00 1.761992447360920755e+00 2.870412903051633435e+00 2.905156036639386366e+04
3.559146589197331018e-04 -4.800557674568449507e+00 2.605217226731328939e+00 1.694017721449309288e+00 2.922201174302298643e+00 3.730577709272728680e+04
3.550540617452742505e-04 -4.800478590059563011e+00 2.135552798867780933e+00 1.341789581986250646e+00 2.775554711796501817e+00 2.551627238770428085e+04
3.541957589916234768e-04 -4.800398902754873909e+00 2.317871897696155425e+00 1.218351727737096102e+00 2.838226952102850476e+00 2.458622119134400054e+04
3.534365584439948184e-04 -4.800044652235836651e+00 2.155901675103846227e+00 1.034613495291428320e+00 2.841686262380600958e+00 2.533309059275133404e+04
3.528587693700178918e-04 -4.799180764440213132e+00 2.314207094739459070e+00 1.108095520167339476e+00 2.868532831488505686e+00 2.869164968946598674e+04
3.520883207845660321e-04 -4.798866599102051822e+00 2.552108498996530361e+00 1.354949418219807633e+00 2.808070443998825994e+00 2.883031521223629170e+04
3.512933957683391341e-04 -4.798626894858833758e+00 2.139907012755382087e+00 1.850758632450717034e+00 2.966697660348118326e+00 3.843791329787439463e+04
3.509107393908621349e-04 -4.797216767151508243e+00 2.430043518538664848e+00 1.946693590739159152e+00 2.758453998410442587e+00 3.473965049351636844e+04
3.507396289418526769e-04 -4.795204504235741183e+00 2.425843846553401573e+00 1.400859146379606290e+00 2.817919051294695443e+00 2.623838547948696942e+04
3.499586543846933367e-04 -4.794933637370884405e+00 2.427692261599844414e+00 1.358524932038614796e+00 2.898411784892958032e+00 2.952278472641278495e+04
3.492572270554750689e-04 -4.794439963551759831e+00 2.627948264245433485e+00 1.668519400799546748e+00 2.877318757052121700e+00 3.562881103189761052e+04
3.486646193781058728e-04 -4.793638170371957941e+00 2.420623488428226278e+00 1.625271414195274655e+00 2.976648885917861698e+00 3.530172946272588888e+04
3.478521204859728725e-04 -4.793471206217817304e+00 2.264781834493604151e+00 1.511799887582381041e+00 2.752220342689805754e+00 2.383797220323731017e+04
3.471898177090557125e-04 -4.792876999065648569e+00 2.315647825324175013e+00 1.192630004676863642e+00 2.887938106252318615e+00 2.664156905866243324e+04
3.468999276172688188e-04 -4.791212309227178778e+00 2.442441434757454566e+00 1.263984162930728239e+00 2.871427507945872648e+00 3.187372290942789550e+04
3.463308121226745017e-04 -4.790354231865128654e+00 2.247354014833847113e+00 1.197984281189784062e+00 2.742781089452052345e+00 2.287220212928519686e+04
3.457866376285616034e-04 -4.789426723951383025e+00 2.266300592603010422e+00 1.560353232219622077e+00 2.860117977896224239e+00 3.541411389808899548e+04
3.450752363721167840e-04 -4.788986184849895800e+00 2.480149298001068203e+00 1.403953546685005271e+00 2.939687988282352116e+00 3.394453467372477462e+04
3.443813695094726022e-04 -4.788498978957552055e+00 2.505505758443977715e+00 1.437996963220514735e+00 2.814136813837165185e+00 2.792949731885494839e+04
3.437487225845394607e-04 -4.787837721690793913e+00 2.104197876483934859e+00 1.543171066287714055e+00 2.781806069913542956e+00 2.661299806590527442e+04
3.430950466933321103e-04 -4.787241141705071534e+00 2.326776999681055003e+00 1.711417000843867386e+00 2.709151812494036360e+00 2.722534444016214547e+04
3.424471362944569585e-04 -4.786631355342873206e+00 2.642919700726667376e+00 1.645090326123217261e+00 2.962771399203487199e+00 4.057156854142596421e+04
3.417313553059193008e-04 -4.786223736961030539e+00 2.438779655479466957e+00 1.723464943927993431e+00 2.736207733762526129e+00 3.432893096069737658e+04
3.408960700834394691e-04 -4.786171003532217583e+00 2.354321712886427331e+00 1.268930797333746030e+00 2.740228005977477288e+00 2.332824021721177269e+04
3.401231344659150831e-04 -4.785940942307064461e+00 2.365639104001287851e+00 1.838978956709474311e+00 3.039657230071956207e+00 4.432035316979818163e+04
3.393026243505642891e-04 -4.785856248184384931e+00 2.600299144103859206e+00 1.424249853322793413e+00 2.846717086381751027e+00 3.333801603491439164e+04
3.386131022524851032e-04 -4.785390490225976734e+00 2.190672383986890903e+00 1.344303117024970406e+00 2.782996953373180649e+00 2.762054626509159425e+04
3.377734221968735785e-04 -4.785373332377948152e+00 2.391360215999555727e+00 1.863167912129406467e+00 3.028181624473218925e+00 4.302841474616849155e+04
3.369354096092171081e-04 -4.785357405444945478e+00 2.367282691422619045e+00 1.061692633162895527e+00 2.841267129516356071e+00 2.770499706410120780e+04
3.363726238722091941e-04 -4.784529109449905171e+00 2.564537502441959660e+00 1.593034951036120361e+00 2.757713933660400407e+00 3.375358320778121561e+04
3.356578808086652641e-04 -4.784156225192599088e+00 2.500854812421486439e+00 1.420658183797429475e+00 2.765998103172760292e+00 3.121487184464592065e+04
3.356219236762284170e-04 -4.781763355281222871e+00 2.320889291416526223e+00 2.009420624604406846e+00 2.793192414979345006e+00 3.691844088608670427e+04
3.348057012051848763e-04 -4.781698287387314394e+00 2.257426464549207701e+00 1.326128933725145842e+00 2.862363037992690096e+00 3.138060910815461830e+04
3.348724722516491377e-04 -4.778998875044694117e+00 2.532154532803878588e+00 1.709865693306700241e+00 2.817186511797769022e+00 4.012052911515023152e+04
3.350005946324549405e-04 -4.776116347701225173e+00 2.603252885311462261e+00 1.469878623564179199e+00 2.892709402611838954e+00 3.532385100340314966e+04
3.341871802778784042e-04 -4.776047398553262546e+00 2.073057149467458338e+00 1.798698291483313838e+00 2.877579425614600339e+00 3.252973419687383648e+04
3.338109615138996184e-04 -4.774673805290706952e+00 2.700651242002003016e+00 1.774592676062115792e+00 2.855832943287515580e+00 4.275406639543744677e+04
3.330260947083531859e-04 -4.774527805149163306e+00 2.409164235622520689e+00 1.519516001825652829e+00 2.840044685804433922e+00 3.601794840821466642e+04
3.327525205124169292e-04 -4.772849622507303380e+00 2.609066133982450797e+00 1.508266597952029553e+00 2.911962241243403859e+00 3.761421333747313474e+04
3.326675928801575439e-04 -4.770604882698604499e+00 2.378554982394184059e+00 1.494358977298964053e+00 2.980149404327771201e+00 3.751299040209934174e+04
3.321135632513262594e-04 -4.769771686133056576e+00 2.309319298782900098e+00 1.996563499466960323e+00 2.808270507120807835e+00 3.572135130795337318e+04
3.317092144101781073e-04 -4.768489929630463031e+00 2.400997907977230561e+00 1.966708602658299387e+00 2.911426060026823137e+00 3.993112802957786334e+04
3.312832448928955463e-04 -4.767274920341650457e+00 2.533152508503279332e+00 1.526671164488612398e+00 2.775791079624290170e+00 2.832636530622109058e+04
3.305149338767073160e-04 -4.767096810567433174e+00 2.414735172810339225e+00 1.144598239244420057e+00 2.743521321544114322e+00 2.453823819771869967e+04
3.296996516844411407e-04 -4.767066560931963792e+00 2.501170795414412229e+00 1.618731793826078569e+00 2.987473400087292674e+00 4.191248849704754684e+04
3.288793389763150282e-04 -4.767057721883008803e+00 2.237012316487748453e+00 1.838524082351999045e+00 3.014464425782846568e+00 4.008632232141023997e+04
3.288789632580969347e-04 -4.764558864303307217e+00 2.273216366755904438e+00 1.934290460206295581e+00 2.779602022732294397e+00 3.729326957992721145e+04
3.286412378053962108e-04 -4.762781961366106209e+00 2.382700089064653692e+00 1.246659863200477281e+00 2.729371517963555149e+00 2.399235299629788278e+04
3.281231536901631240e-04 -4.761859648065946971e+00 2.386872958952369395e+00 1.642740517144242851e+00 2.708184252067301845e+00 2.901441291739809458e+04
3.278760419325228866e-04 -4.760113038530382035e+00 2.397468589878553047e+00 1.344612753764688584e+00 2.902591979330518157e+00 3.379902303484548611e+04
3.273069432624444168e-04 -4.759350259508529746e+00 2.481981521412480518e+00 1.876781330518023427e+00 2.745825347384736492e+00 3.361679567550605134e+04
3.265350090456198610e-04 -4.759211486324132601e+00 2.669130081024295276e+00 1.762298380597494774e+00 2.832498675224758067e+00 4.168474883170255634e+04
3.260108944288743938e-04 -4.758317855245179473e+00 2.568474725066861364e+00 1.400459297843934525e+00 2.831096867803582384e+00 3.303827093545707612e+04
3.253822918762487929e-04 -4.757747880799547247e+00 2.500248503812363410e+00 1.485842287237663095e+00 2.960154480750218919e+00 3.765421924129899708e+04
3.249185625116208283e-04 -4.756674080504197377e+00 2.515290533450362798e+00 1.795671697059385563e+00 2.911411389078773393e+00 3.669628592444714013e+04
3.242045626811700240e-04 -4.756373971682595680e+00 2.625576993657187774e+00 1.831700188066912371e+00 2.865839835722406193e+00 3.868571877173313987e+04
3.238290504999678473e-04 -4.755032899909751976e+00 2.371448777723604628e+00 1.548959270244653297e+00 2.743520887262682173e+00 2.505645609288784908e+04
3.232286785402703607e-04 -4.754388598729321735e+00 2.620690811861643432e+00 1.828523546365204977e+00 2.813235955445503311e+00 3.696530873417999828e+04
3.225171568904396341e-04 -4.754092320065927524e+00 2.202484148613705894e+00 1.816360550702853072e+00 2.789437770351684165e+00 3.455193644575614599e+04
3.217676268243757545e-04 -4.753919025346407423e+00 2.081090744199905807e+00 1.668397860613018757e+00 2.883791568796570726e+00 3.226930502389511093e+04
3.210721281557867013e-04 -4.753582858353219365e+00 2.674894911182950086e+00 1.714133164538276244e+00 2.865452227480403291e+00 3.779116488578403369e+04
3.210525699197515847e-04 -4.751143775605275898e+00 2.510084515488822721e+00 2.003585668580901480e+00 2.872689284383731945e+00 4.433109319866615260e+04
3.204164329928599537e-04 -4.750627151676567905e+00 2.377508621580418868e+00 1.480735119352314832e+00 2.709659486759106173e+00 2.652209164659736416e+04
3.197414805067138048e-04 -4.750235858675322831e+00 2.260009306985061528e+00 1.845237492576135008e+00 2.855475600083632770e+00 3.105096569674833518e+04
3.191438834608268239e-04 -4.749606608120764406e+00 2.516620390390147399e+00 1.623594501778715227e+00 2.863062622144100899e+00 3.983734331663521152e+04
3.186157265101966863e-04 -4.748762896989216387e+00 2.284300851912514307e+00 1.289063145166899016e+00 2.881784589295811827e+00 3.138373084718754762e+04
3.178540628580265193e-04 -4.748656298933768838e+00 2.069062488400217781e+00 1.525266765788772849e+00 2.900037043201791231e+00 2.963222175394696023e+04
3.171765914313716102e-04 -4.748289965014598657e+00 2.338671543401983133e+00 1.179294805920515943e+00 2.734816743237991066e+00 2.474271927407968542e+04
3.174421862829823943e-04 -4.744952943242019217e+00 2.395548660374688055e+00 1.132644983047475629e+00 2.747368318287147115e+00 2.513934868502653626e+04
3.170631633880924673e-04 -4.743647646927874106e+00 2.363125027383475629e+00 1.171193789642445138e+00 2.777017419219782290e+00 2.361399537210209019e+04
3.163113465645817210e-04 -4.743521652085306961e+00 2.310565364058767113e+00 1.077119108403419068e+00 2.749603573525877032e+00 2.315843981229889323e+04
3.156637458475896794e-04 -4.743071102930573879e+00 2.366285010303629477e+00 1.433950495200588371e+00 2.796355539756714137e+00 3.214758550712820215e+04
3.153464091888106961e-04 -4.741576908250816125e+00 2.123506029964240316e+00 1.213586932790636119e+00 2.837026307038657436e+00 2.406957171259033930e+04
3.152750188671796347e-04 -4.739303320861493418e+00 2.154606072671293671e+00 1.212853159750727272e+00 2.815256527309567325e+00 2.342429895979535650e+04
3.145002790786582416e-04 -4.739263691034366843e+00 2.154127642684702693e+00 1.696325110302203898e+00 2.923969888783377158e+00 3.062363328698223268e+04
3.137444386308630459e-04 -4.739169889737419261e+00 2.591520099671749122e+00 1.696943587456097857e+00 2.890721164585473790e+00 3.583193847974370874e+04
3.133499986628221273e-04 -4.737927882143670999e+00 2.632570740109917207e+00 1.575658723425218621e+00 2.797479585188169082e+00 3.375239457941523142e+04
3.128560871745988937e-04 -4.737005355125220696e+00 2.392146837480892518e+00 1.482225671323679217e+00 2.871944752070117346e+00 3.595010082142524334e+04
3.123920657496012795e-04 -4.735989634632536749e+00 2.501199908143911799e+00 1.424254916075033073e+00 2.928569625746444416e+00 3.553743297672898188e+04
3.119150831268640190e-04 -4.735017673247523540e+00 2.119884302349448912e+00 1.233553099220403571e+00 2.805874475367929222e+00 2.418902178825892770e+04
3.113330059514355882e-04 -4.734385556534666861e+00 2.198345276794231307e+00 1.267538169386771774e+00 2.779302161303186303e+00 2.643571772195375161e+04
3.105669813603025584e-04 -4.734349055470724821e+00 2.302212329789968592e+00 1.573631582959567066e+00 2.723694208635703440e+00 2.495729429365036776e+04
3.100604531116759699e-04 -4.733481366042123994e+00 2.408324015829612641e+00 1.923201204810960352e+00 2.905982417180532185e+00 4.599082414932576648e+04
3.093186754951525387e-04 -4.733376596804362180e+00 2.123143366829697509e+00 1.407938999558089765e+00 2.793967303786233813e+00 2.658057449742768222e+04
3.091679051308609985e-04 -4.731364142927432681e+00 2.136501087998268655e+00 1.863439846949088263e+00 2.894088037541483249e+00 3.297433651955474488e+04
3.084124711382304129e-04 -4.731310575484016567e+00 2.591879887477903655e+00 1.780273000048203436e+00 2.982253588081578144e+00 4.595998249748037051e+04
3.077448453991668358e-04 -4.730977638934917628e+00 2.390006041437616080e+00 1.774948018871067568e+00 2.875033171307070923e+00 3.222724786463200508e+04
3.074227337252878416e-04 -4.729524871312722922e+00 2.250124600950549780e+00 1.665172499576233811e+00 3.018647642744459070e+00 3.752427373582195287e+04
3.066637327600148168e-04 -4.729496840304693528e+00 2.631451809956546040e+00 1.780307170834667829e+00 2.794209388287825835e+00 3.949015338870094274e+04
3.059084051390649006e-04 -4.729462927013569740e+00 2.305021861515537562e+00 1.318362179714622773e+00 2.818404097360291072e+00 3.043775303186054225e+04
3.056420821324213732e-04 -4.727833903421967854e+00 2.090182106030950671e+00 1.764658964226462068e+00 2.840688019853208957e+00 3.169616097135521341e+04
3.049737978832485073e-04 -4.727522790209453873e+00 2.112780275991009926e+00 1.313128919009025619e+00 2.836373990477380591e+00 2.443108256471546702e+04
3.047153999110163020e-04 -4.725870428608293317e+00 2.196474042447944086e+00 1.666794421577077578e+00 2.753392265632390590e+00 2.562977467418244851e+04
3.045008019227074124e-04 -4.724074933828408263e+00 2.252630948056300930e+00 1.723736567382291529e+00 2.882383391457073341e+00 3.857520410679343331e+04
3.040850656036444785e-04 -4.722941171218772105e+00 2.272004134966270961e+00 1.090761193715622746e+00 2.849684119305972541e+00 2.453774856956147414e+04
3.035912763859946852e-04 -4.722066343344827999e+00 2.557745341808765893e+00 1.738082924652804007e+00 2.922723517392688652e+00 3.720359630804905464e+04
3.028655487396955366e-04 -4.721959681048846669e+00 2.532542468659108703e+00 1.866487937035654188e+00 2.972824649625437576e+00 4.256008987933617755e+04
3.021908842075655423e-04 -4.721689769929823477e+00 2.595332234106674463e+00 1.774537486625679783e+00 2.774551860920122071e+00 3.447216813164185442e+04
3.015845801402870785e-04 -4.721198146576037757e+00 2.588022699947397420e+00 1.499901458454239167e+00 2.877601333769339575e+00 3.688909776192165737e+04
3.009877533248000113e-04 -4.720679077254424705e+00 2.135162613994413316e+00 1.551827476789728433e+00 2.773607008578306221e+00 2.717301907321761246e+04
3.004656185176517321e-04 -4.719915321368293171e+00 2.249310639286521862e+00 1.733858825710699936e+00 2.729599371450224243e+00 2.724835910900169984e+04
2.997381620115383222e-04 -4.719839354291511135e+00 2.216111587297198149e+00 1.921816889851683419e+00 2.912041142418919648e+00 3.589768614698687452e+04
2.990109856892063617e-04 -4.719768340395795292e+00 2.371802172506717543e+00 1.413696961341084801e+00 2.818558922588392690e+00 2.575204467925043355e+04
2.982904512741592004e-04 -4.719680974017499864e+00 2.237728102046890655e+00 1.520594823650941896e+00 2.925184994902708446e+00 2.928343929307753206e+04
2.976361528552575256e-04 -4.719376877597860620e+00 2.067531643008833075e+00 1.580453233623300369e+00 2.896257274840513318e+00 2.926237511759759218e+04
2.970025674776783330e-04 -4.719007871075685756e+00 2.554301213747440347e+00 1.935453926006395653e+00 2.817000324189111726e+00 4.356092009199612949e+04
2.969375161617688100e-04 -4.716726921171683351e+00 2.101273514393041442e+00 1.485672659768336956e+00 2.873722359389795145e+00 2.644961948206443412e+04
2.963919329355866553e-04 -4.716065978311969609e+00 2.152369467950149495e+00 1.599981585879487023e+00 2.871632472199239672e+00 2.718910360808546466e+04
2.957780875300100544e-04 -4.715639185682252155e+00 2.195461663225394044e+00 1.262509566882922485e+00 2.921369172766031141e+00 2.875804550182354069e+04
2.953408846430528780e-04 -4.714618424168112831e+00 2.169135637888207846e+00 1.839769947559044549e+00 2.961538287992127927e+00 3.624204164725225564e+04
2.948102794997001360e-04 -4.713916625437782670e+00 2.160147255958468016e+00 1.661996302741434395e+00 2.917017429715112353e+00 3.583473902150561480e+04
2.941890445193091224e-04 -4.713526085280682842e+00 2.423644498755888055e+00 1.711014453275095493e+00 2.854120066258243327e+00 4.038844692592327192e+04
2.940004212999475014e-04 -4.711667454216335038e+00 2.438183414416255967e+00 1.553647132722205892e+00 2.777942864140585666e+00 2.676249215039754199e+04
2.938819361756535059e-04 -4.709570545496053029e+00 2.391319786296655092e+00 1.173710051902587814e+00 2.860176260104030810e+00 2.712455218285338560e+04
2.931849316118737892e-04 -4.709445078720539968e+00 2.259773543160346954e+00 1.226658179472504218e+00 2.797822291192708200e+00 2.335695353037208042e+04
2.924853515918319179e-04 -4.709334069157073976e+00 2.268117821372940046e+00 1.743927647445259632e+00 2.744678667996261368e+00 3.182243905222937246e+04
2.921224162712246497e-04 -4.708075706327105259e+00 2.382346665724436985e+00 1.268975510427829967e+00 2.908224948152237310e+00 3.100628237321953929e+04
2.921781747974171888e-04 -4.705384850705138788e+00 2.221638592769227483e+00 1.627056556627770600e+00 2.998167847230067906e+00 3.510082520962781564e+04
2.919356774421599343e-04 -4.703715159276864455e+00 2.139392305230257918e+00 1.479779803942748106e+00 2.837015453559320832e+00 2.513709366928701638e+04
2.913281165931926606e-04 -4.703298474150599873e+00 2.541028149828364224e+00 1.597883994786893025e+00 2.741943643506483674e+00 3.121773853192179740e+04
2.911969713913399463e-04 -4.701248738720395615e+00 2.314315395267243058e+00 1.499255922337216829e+00 2.918437019921937825e+00 3.615459707411087584e+04
2.906231226449900828e-04 -4.700721337942422196e+00 2.110061894833323404e+00 1.258452790195573101e+00 2.860651053648131992e+00 2.640611298930895646e+04
2.899706730858740548e-04 -4.700468863970292510e+00 2.446905865218117704e+00 1.799288466169224554e+00 3.007255855443676129e+00 4.098467518343234406e+04
2.893062341343844313e-04 -4.700262893767086503e+00 2.312524332380510028e+00 1.897131791966687242e+00 2.842985267797649485e+00 4.145775145984254050e+04
2.886715885723219579e-04 -4.699958984316561228e+00 2.490051231249359009e+00 1.588288370958681028e+00 2.939866474908912508e+00 3.470132833864103304e+04
2.880212233716811904e-04 -4.699714484863432240e+00 2.253256850032747227e+00 1.361431757375707763e+00 2.946581532569701345e+00 3.053878622781264858e+04
2.873569984687109275e-04 -4.699523314682922503e+00 2.148215946522212150e+00 1.812173964352143063e+00 2.827225461615864965e+00 3.433298456773304497e+04
2.866956232074259914e-04 -4.699327547880166378e+00 2.195682687061216498e+00 1.465082261001377173e+00 2.746040889194106160e+00 2.452349101560305644e+04
2.859847605924084233e-04 -4.699310129788770496e+00 2.247543610364250988e+00 1.466530623333953454e+00 2.743804805104158362e+00 2.751008299222186179e+04
2.853921198358086832e-04 -4.698884560832183865e+00 2.358737890728693998e+00 1.080501681126595503e+00 2.852005838039550767e+00 2.657308381271807229e+04
2.847253598211821226e-04 -4.698723588637530035e+00 2.545348577854092742e+00 1.673834150121890296e+00 2.973690397554067388e+00 3.885671754273981787e+04
2.840691912251625700e-04 -4.698530814984531290e+00 2.209232038758243366e+00 1.655722876675378652e+00 2.881192101292231911e+00 3.613811684856634383e+04
2.835737354058307587e-04 -4.697776475581731503e+00 2.188025250120923637e+00 1.681804906960851387e+00 2.800960675439260861e+00 3.263988630897620897e+04
2.833038362816376840e-04 -4.696228706391583074e+00 2.286201602009387379e+00 1.535720453222303883e+00 2.883719101090217674e+00 3.564957294821780670e+04
2.826801441993139993e-04 -4.695932628609476467e+00 2.384668437490570003e+00 1.742141204734690252e+00 2.754776280800439014e+00 2.797673979908801630e+04
2.824472273635558403e-04 -4.694256927203623420e+00 2.303389223178986533e+00 1.317758142750499850e+00 2.822659393701340225e+00 2.465276747264529331e+04
2.818159867791068156e-04 -4.693994325750816543e+00 2.207574135833657358e+00 1.915869795740327453e+00 2.871963760258267051e+00 3.969575206587320281e+04
2.814663405709186533e-04 -4.692735785800667969e+00 2.186064612129104301e+00 1.885704717487965087e+00 2.811942920247799904e+00 3.556508081591511291e+04
2.808727482487133591e-04 -4.692346940989683191e+00 2.124797280921549181e+00 1.278709565442428087e+00 2.804024500025629862e+00 2.500420289726189731e+04
2.802538151133328434e-04 -4.692052979437344007e+00 2.686944117063697401e+00 1.707133902647816948e+00 2.910978183788841100e+00 4.178165814501400746e+04
2.796119808437956458e-04 -4.691845795163355426e+00 2.317492221572839739e+00 1.891059299471840704e+00 2.786306331023038929e+00 3.823117629205773846e+04
2.792120713019677304e-04 -4.690777049271195764e+00 2.267025492996362690e+00 1.440977247853106880e+00 2.968440722327212455e+00 3.262375655792072939e+04
2.785644914043566844e-04 -4.690599055005647777e+00 2.235849402325442270e+00 1.697145517208300314e+00 2.790592270795810848e+00 2.637429961265667589e+04
2.783532907196836878e-04 -4.688857517750339099e+00 2.438999564971081835e+00 1.719799217210645770e+00 3.027784000490856720e+00 4.265730978468222747e+04
2.777860326570198561e-04 -4.688397503903238395e+00 2.397569827128160913e+00 1.812307415306007918e+00 2.774745758159266718e+00 2.994287629773181834e+04
2.771907237392511134e-04 -4.688042851935330546e+00 2.259838385788681236e+00 1.434892560868886502e+00 2.811009489826116425e+00 3.105521962313506447e+04
2.768001960123862870e-04 -4.686952722666529070e+00 2.391354253009401631e+00 1.466823215684018633e+00 2.963333025698334122e+00 3.387091363287721470e+04
2.761521477238970202e-04 -4.686796680848591024e+00 2.543409168400819986e+00 1.966306274044699931e+00 2.907645554290782641e+00 4.504373861947201658e+04
2.757760331608766430e-04 -4.685659592307965582e+00 2.355671070342109097e+00 1.542300128703945505e+00 2.717231005244468367e+00 2.574502961041426897e+04
2.752679807760553604e-04 -4.685003555824236443e+00 2.319670585427910492e+00 1.093130015006738454e+00 2.758810237476506888e+00 2.471819480558427676e+04
2.746703291148960054e-04 -4.684677079238392494e+00 2.210685890001344855e+00 1.339250119889439095e+00 2.749456711752347182e+00 2.500377311806144644e+04
2.740174946891350762e-04 -4.684556700966814091e+00 2.403453210262946449e+00 1.715740922401599367e+00 2.752911479108953063e+00 3.460880065609524900e+04
2.733700467335334317e-04 -4.684422294658799224e+00 2.168945872339461012e+00 1.886218150390263970e+00 2.885690173803391101e+00 3.345355879000966524e+04
2.728919048906910646e-04 -4.683672890553423507e+00 2.490901208863943506e+00 1.666822462038130448e+00 2.757005090299633920e+00 3.470384285411234305e+04
2.722962206131839132e-04 -4.683358134459839839e+00 2.505626701357985819e+00 1.402748479500592893e+00 2.906330644989390422e+00 3.396790040111021517e+04
2.716990651590007284e-04 -4.683053578830990382e+00 2.412014614264588630e+00 1.801418835900477244e+00 2.761331312558028106e+00 2.980264848562844782e+04
2.711839100273204088e-04 -4.682451429048628988e+00 2.532222905093489018e+00 1.913382581380624892e+00 2.898259364001830374e+00 4.666978160507249413e+04
2.710659023862726602e-04 -4.680386680994169879e+00 2.239453430004661794e+00 1.929880998744048615e+00 2.870305714507402239e+00 3.449549794868150639e+04
2.704618683352425206e-04 -4.680117533534692953e+00 2.161452317623429042e+00 1.585336102894565391e+00 2.762317815398313670e+00 2.550879636530398420e+04
2.699973323513462156e-04 -4.679336575777666596e+00 2.451700498519319815e+00 1.738005174904131200e+00 3.024073307171984748e+00 4.151704375509347301e+04
2.693858428785081156e-04 -4.679103942513931358e+00 2.464349165564093891e+00 1.890233582790436184e+00 2.862281640246675973e+00 4.463395709788129898e+04
2.690075438692386884e-04 -4.678009231214863561e+00 2.129211306695963479e+00 1.228920542374211111e+00 2.870712329018848319e+00 2.570598656719234714e+04
2.684662937647419980e-04 -4.677523283805181009e+00 2.587176561470524661e+00 1.771613044842024198e+00 2.969629749472417757e+00 4.149688984215020173e+04
2.679872757228272408e-04 -4.676809153809493580e+00 2.354196331687089749e+00 1.959045794743848212e+00 2.780466037684855785e+00 3.853891282504431001e+04
2.673183636580841733e-04 -4.676808333207936208e+00 2.138657693739948851e+00 1.888897862738441180e+00 2.838012952028643454e+00 3.275063323593614041e+04
2.666956085775808063e-04 -4.676640689270482376e+00 2.463117970445020344e+00 1.807969120520815931e+00 2.748761544065782658e+00 3.611753205099459592e+04
2.663206479587400602e-04 -4.675547628275040779e+00 2.223826562452820177e+00 1.020556427252119702e+00 2.790601408030537023e+00 2.389310748759983107e+04
2.658494009903134047e-04 -4.674818667785937798e+00 2.162802056700097175e+00 1.317883287497528144e+00 2.781728738226873165e+00 2.573078902217040377e+04
2.654029108544476707e-04 -4.673999564907843407e+00 2.685364852552048376e+00 1.767135889336528320e+00 2.852770003559561118e+00 4.061336642862909503e+04
2.648753747938535868e-04 -4.673489222975703683e+00 2.268670545898473279e+00 1.957842289903314548e+00 2.922887674024945426e+00 4.294149869819789456e+04
2.642557210961206100e-04 -4.673331379714611877e+00 2.207247792042846601e+00 1.522932695071987919e+00 2.972461065336316377e+00 3.266387956449458579e+04
2.637764890224803503e-04 -4.672646542487029819e+00 2.217524629861780561e+00 1.226469860847061000e+00 2.763701052922111323e+00 2.339417810965937315e+04
2.631772811928766729e-04 -4.672420776477703264e+00 2.162320099869198042e+00 1.240890985161115623e+00 2.782346764033756692e+00 2.419541909662769831e+04
2.628983984174802844e-04 -4.670981014813483156e+00 2.471065289610850257e+00 1.750760770198016347e+00 2.947702097915777308e+00 4.406297999321385578e+04
2.622422562620948107e-04 -4.670979935782498593e+00 2.170970771743962580e+00 1.374932154057907141e+00 2.851814561425295214e+00 2.969124027976496291e+04
2.624134638490389546e-04 -4.667827288393142204e+00 2.186792160020578191e+00 1.134210529808416856e+00 2.876899745304900335e+00 2.621891749008041370e+04
2.620284018116656247e-04 -4.666795752799898445e+00 2.333224999278579848e+00 1.856203858490880210e+00 2.838614126897493151e+00 3.193490224852831307e+04
2.614705895370342910e-04 -4.666426845676721058e+00 2.212511735283504866e+00 1.836940491912535389e+00 2.758422842205908943e+00 3.078540907447283462e+04
2.608195321223528789e-04 -4.666419934191712748e+00 2.527144732465622656e+00 1.742151591167485636e+00 2.875573918844980703e+00 3.464405362137595512e+04
2.605283460635786147e-04 -4.665036985209804143e+00 2.330626374381018717e+00 1.544409995767419330e+00 2.792099525917696390e+00 2.563558208412053500e+04
2.598923264887115117e-04 -4.664981238196137525e+00 2.133608037558617720e+00 1.241011502560104507e+00 2.829345722836047461e+00 2.435265003221716324e+04
2.594417463845433754e-04 -4.664216461208691378e+00 2.127654806486641181e+00 1.653048176811499737e+00 2.868815832204303362e+00 2.796352039743504065e+04
2.589023482709633200e-04 -4.663797697645428286e+00 2.346547462326864064e+00 1.951995273818028398e+00 2.773569775790198477e+00 3.461270253309678083e+04
2.582794802351627106e-04 -4.663706399199188724e+00 2.146347553004692710e+00 1.299157094814114455e+00 2.796650633625027194e+00 2.571280810280297737e+04
2.582412683626091900e-04 -4.661354357912275148e+00 2.288658238206633833e+00 1.347295987185707311e+00 2.731367774475733867e+00 2.449824200079182629e+04
2.576657819149352725e-04 -4.661085328340219824e+00 2.206397672071680915e+00 1.393995712180591706e+00 2.921276789065387902e+00 2.842059253599320073e+04
2.572112508967156494e-04 -4.660350919373922096e+00 2.401309217098562154e+00 1.873967643315125109e+00 2.954884696342355177e+00 4.556146436048310716e+04
2.566567706972645423e-04 -4.660008984835661394e+00 2.581453676085742721e+00 1.505757567928464713e+00 2.807560106466895800e+00 3.374164641084022151e+04
2.560290327639858717e-04 -4.659957807263507945e+00 2.650775525010727662e+00 1.718692163734393485e+00 2.810527281894435792e+00 3.748419908752099582e+04
2.555120514661949152e-04 -4.659479077850527950e+00 2.313751727006479353e+00 1.705451930523236737e+00 2.720228072834762312e+00 2.843720569756367331e+04
2.549503525640536253e-04 -4.659179824171555850e+00 2.261833747030553621e+00 1.705396641384955725e+00 2.728587513669734843e+00 2.804993116534263754e+04
2.550011660741256770e-04 -4.656480536559371330e+00 2.485089390103375262e+00 1.710291137388174842e+00 2.738007300739688787e+00 3.325704889708601695e+04
2.546387964160388680e-04 -4.655402598194346986e+00 2.442847652377430290e+00 1.400531842383391679e+00 2.929133560974726436e+00 3.349788195301262022e+04
2.540852785641892707e-04 -4.655078701498679195e+00 2.099959884988223280e+00 1.788381507895352884e+00 2.844801889815719242e+00 3.095093423778150827e+04
2.535727903825316445e-04 -4.654597731184610510e+00 2.203038968972264033e+00 1.663148848915309230e+00 2.798271334743328786e+00 2.612231451642548564e+04
2.529553548308956430e-04 -4.654535644509969927e+00 2.297241388114249272e+00 1.062861377985899747e+00 2.783991487260897735e+00 2.342923727504704948e+04
2.541084146495768410e-04 -4.647487649265197085e+00 2.124652483820062443e+00 1.857440545191701098e+00 2.868539238298963845e+00 3.292258610634089564e+04
2.536626915608503996e-04 -4.646743256064235439e+00 2.127428818363246599e+00 1.445044036446554436e+00 2.891289797528546757e+00 2.713687256736815107e+04
2.532138375267072375e-04 -4.646014315190908128e+00 2.416253462353928239e+00 1.366722982946410481e+00 2.748933707891181299e+00 2.826565855939502944e+04
2.528585342710546000e-04 -4.644918475282752368e+00 2.300562003232602404e+00 1.689945237764759689e+00 2.864854331635084073e+00 2.935852707354175072e+04
2.523080760860214053e-04 -4.644597789558911671e+00 2.360347646036999425e+00 1.878417071886460121e+00 2.888079968703066491e+00 4.351655960608060559e+04
2.519399613792585517e-04 -4.643557843916318539e+00 2.210599568723991215e+00 1.105338589232563562e+00 2.866493417331054339e+00 2.564918091143630227e+04
2.515378856377577656e-04 -4.642655037633414139e+00 2.529167794964993554e+00 1.917548302410103878e+00 2.957468150442097876e+00 4.475720600636973541e+04
2.512431694371960512e-04 -4.641327381862945245e+00 2.501406132994389964e+00 1.896253925648781591e+00 2.985840688644523233e+00 4.554137735872684425e+04
2.507180725753525006e-04 -4.640919563527313940e+00 2.550494920578661340e+00 1.561614308929558437e+00 2.950618057927862914e+00 3.874654586873004155e+04
2.501533787945187299e-04 -4.640674409630232589e+00 2.392792479845412323e+00 1.257086891851622035e+00 2.837174010495832732e+00 2.637480379935245219e+04
2.495738088274881711e-04 -4.640493956139769338e+00 2.503129345384665694e+00 1.346505583012798768e+00 2.779489689630265659e+00 2.894147699059856677e+04
2.492888358011632671e-04 -4.639136447205766345e+00 2.396146229725669041e+00 1.160108981184268195e+00 2.769791005105890491e+00 2.474462602681479621e+04
2.492628271220225520e-04 -4.636740784152556749e+00 2.288163241927600566e+00 1.362172182626482986e+00 2.883355955003500171e+00 3.220418658811416390e+04
2.489003846248779325e-04 -4.635695899875882375e+00 2.289353152020623838e+00 1.318499476397911874e+00 2.903334552110308220e+00 2.809950184696335054e+04
2.488546651274253720e-04 -4.633379602673485032e+00 2.264730842970789748e+00 1.045423507047000156e+00 2.829523266900795697e+00 2.587679678258862623e+04
2.483595059707621668e-04 -4.632871337218225527e+00 2.214632597877626008e+00 1.241212848091644450e+00 2.816480667494943635e+00 2.387224056742028188e+04
2.478490952275826196e-04 -4.632428580570970844e+00 2.280468599791667828e+00 1.343648079847536536e+00 2.798341420424142800e+00 2.416745705287671444e+04
2.473375420008629534e-04 -4.631994684016569330e+00 2.212973016478804844e+00 1.346194487795520978e+00 2.928285742923374624e+00 2.943906983669040346e+04
2.469901400542395733e-04 -4.630900237524606666e+00 2.477393704516216655e+00 1.508996020199051546e+00 2.950482383111244111e+00 3.746278807513332868e+04
2.464223748755459630e-04 -4.630701619885633669e+00 2.440956475161915940e+00 1.933919942873282727e+00 2.956493450723689520e+00 4.299224658610807819e+04
2.458603944012345251e-04 -4.630484782139157929e+00 2.260899364594792349e+00 1.708050399911396733e+00 3.002947513108129574e+00 3.927805384803417837e+04
2.455577043986619922e-04 -4.629216686464997288e+00 2.377286315782825010e+00 1.204358221059868672e+00 2.859965871914027957e+00 2.729588277553660737e+04
2.449908275870918439e-04 -4.629027883123203679e+00 2.556945398456738516e+00 1.877784600728442221e+00 2.882764208232293957e+00 4.549303128874971299e+04
2.449462019478143289e-04 -4.626710052000879259e+00 2.428298573131785876e+00 1.501187953172463008e+00 2.849276394394924861e+00 3.549914868152535200e+04
2.443362742518811331e-04 -4.626703204899399680e+00 2.488400944014587779e+00 1.644365668287149251e+00 2.950380708496706639e+00 3.616130708658436924e+04
2.439037785832157883e-04 -4.625974857099087956e+00 2.264051740551508374e+00 1.397031508855833160e+00 2.861610118070725406e+00 3.193676939285756453e+04
2.433494073477360448e-04 -4.625750353661008951e+00 2.248936268427342622e+00 1.695470801397003902e+00 2.863637892434287124e+00 2.891221834345715979e+04
2.431297931818249855e-04 -4.624153225482008800e+00 2.181449425335309833e+00 1.837592589435684598e+00 2.895916859389476627e+00 3.822761425908960518e+04
2.426118938600904087e-04 -4.623785632610313279e+00 2.466360897085913439e+00 1.828620169347620061e+00 2.907189747549334236e+00 4.460861235582999507e+04
2.422284170681912206e-04 -4.622867501375022670e+00 2.512611586292861077e+00 1.637902560548774034e+00 2.798168175121244161e+00 3.660600980335341592e+04
2.416360236743608813e-04 -4.622816094988973390e+00 2.317004694690147470e+00 1.477007294360733969e+00 2.959870413365020880e+00 3.271673421862163741e+04
2.411296810581686030e-04 -4.622413770100930464e+00 2.330470186053922532e+00 1.439659220829825781e+00 2.875528122297442035e+00 2.779185775576171363e+04
2.409819525259668499e-04 -4.620526609644862504e+00 2.190975098570111967e+00 1.731512898549655954e+00 2.893323080325258090e+00 3.690457507757961139e+04
2.404912250137742811e-04 -4.620065052096114400e+00 2.209886402614563483e+00 1.889295104272771031e+00 2.931901853960415139e+00 4.037528142666192434e+04
2.400021230205386991e-04 -4.619600885325292339e+00 2.354218955092326482e+00 1.547480033263362031e+00 2.967620490422920643e+00 3.770283363966676552e+04
2.395161394930353700e-04 -4.619127851686693376e+00 2.417078760602941578e+00 1.964277435171604136e+00 2.789231489398418695e+00 3.906033629105573345e+04
2.390170047343462756e-04 -4.618713955630470380e+00 2.122073689218308523e+00 1.381459043473647785e+00 2.811261002517981389e+00 2.515330416441697162e+04
2.384668057806811419e-04 -4.618518533021629402e+00 2.291895174568934657e+00 1.673636726328217472e+00 2.917900765434767507e+00 3.891846031971417688e+04
2.378988234162247493e-04 -4.618403182957723452e+00 2.344444270135823682e+00 1.744891454640030481e+00 2.726036655167573208e+00 2.891373856261767651e+04
2.375095540024586599e-04 -4.617540804502701768e+00 2.150540693844078532e+00 1.827282655958502700e+00 2.899073933873678399e+00 3.681285443897362711e+04
2.370184273970452450e-04 -4.617110763704378229e+00 2.267926956126690818e+00 1.707053817065726342e+00 2.869329334761151262e+00 3.772868226074025733e+04
2.367331573600410792e-04 -4.615815066046203619e+00 2.235126203899556963e+00 1.784112765569855874e+00 2.823704726507394014e+00 2.894126106618767881e+04
2.362812742326333157e-04 -4.615225719230108048e+00 2.097025911967846490e+00 1.649366732955410919e+00 2.834461756049816650e+00 2.796070931050624495e+04
2.360607836257545226e-04 -4.613659324947516183e+00 2.538304962976302370e+00 1.614268409042329377e+00 2.916973665674612803e+00 4.041681392982642137e+04
2.358349394294105973e-04 -4.612116503419593450e+00 2.508073101308302633e+00 1.403437380340086360e+00 2.771577502959797989e+00 2.927921582382734414e+04
2.355427066887275718e-04 -4.610856412781138225e+00 2.154026840480375515e+00 1.761971443116086888e+00 2.943997306008350634e+00 3.674019847675450001e+04
2.349891042992284431e-04 -4.610709506161922988e+00 2.452740134501735447e+00 1.495992193666023207e+00 2.824663052598878288e+00 3.457650779570435407e+04
2.344741839145892380e-04 -4.610403162637547680e+00 2.306299814434853879e+00 1.546725584419385680e+00 2.907296375470612482e+00 3.637073279103854293e+04
2.339273453118515531e-04 -4.610238077521702671e+00 2.308215407029499122e+00 1.777808639831444104e+00 2.822878107006415060e+00 3.797872108758376999e+04
2.334256117701385307e-04 -4.609885207338116686e+00 2.312731914550279821e+00 1.946242919536481430e+00 2.830146658095606504e+00 4.067653887727029360e+04
2.329386245683676983e-04 -4.609473649550568375e+00 2.344212113284227517e+00 1.990222286546557529e+00 2.826205197986614959e+00 4.056807140283860645e+04
2.325624221402116895e-04 -4.608589983231105691e+00 2.404545000531390198e+00 1.942219395718250308e+00 2.847078152557799058e+00 3.686958194156822719e+04
2.327056473351423469e-04 -4.605474315796130647e+00 2.368929420399208841e+00 1.306333955472579467e+00 2.869994728531367389e+00 3.149903221529589791e+04
2.329969636550715010e-04 -4.601723232589587376e+00 2.320163033824271359e+00 1.989952590908328434e+00 2.859236912571048173e+00 3.889036070178539376e+04
2.325255943844318650e-04 -4.601248352204495795e+00 2.367284968186561311e+00 1.134640272532948524e+00 2.815105458905842628e+00 2.716421999639588466e+04
2.320747427436747792e-04 -4.600689167766816468e+00 2.346074183764797372e+00 1.069866270229840488e+00 2.796501017126624689e+00 2.476198680695302392e+04
2.315791785995141518e-04 -4.600326815309763617e+00 2.375955219143620845e+00 1.141779985591106161e+00 2.823657115315407751e+00 2.737487580920703112e+04
2.311734694467400166e-04 -4.599580275861262280e+00 2.474253805083169055e+00 1.838308768900030366e+00 2.773064651395640734e+00 3.296937288810025348e+04
2.310952626030706456e-04 -4.597418636814504467e+00 2.212171366046119747e+00 1.833059500356752247e+00 2.968374875687958436e+00 3.746096456208099698e+04
2.305390432765521650e-04 -4.597328421306690061e+00 2.370506446496079000e+00 1.455722649043310835e+00 2.814857250869992722e+00 3.270029491622842761e+04
2.301503024396348972e-04 -4.596516070186779324e+00 2.356796364846588165e+00 1.826244141828096357e+00 2.766924812845827475e+00 3.610192563735424483e+04
2.295841130296589181e-04 -4.596479186617388635e+00 2.121177652984382433e+00 1.737153177373551793e+00 2.903490935907476533e+00 3.142921835572798955e+04
2.290137726387251325e-04 -4.596466510274149542e+00 2.269604208377364429e+00 1.553107966511197535e+00 2.735861032140992855e+00 2.551594944223015045e+04
2.290585177855048490e-04 -4.593771147455409043e+00 2.426294544168102085e+00 1.259830935382906469e+00 2.859941238900495897e+00 2.945990656797449265e+04
2.295033832552032774e-04 -4.589330883302404018e+00 2.505354866935761926e+00 1.829197415300444218e+00 2.757910817297887007e+00 3.466789509747985721e+04
2.290044554615491639e-04 -4.589007195018142582e+00 2.406978477760155055e+00 1.508516769431310633e+00 2.780257926343794761e+00 2.639106536415485971e+04
2.285142530099294961e-04 -4.588650069747082227e+00 2.398302924606907194e+00 1.175555200914845777e+00 2.834370638499143169e+00 2.735837816109119012e+04
2.279868282750035515e-04 -4.588460797985105089e+00 2.311634791950474721e+00 1.258008043062656123e+00 2.750796685932399122e+00 2.415234653870961483e+04
2.277332755867155401e-04 -4.587073554312079970e+00 2.199686565623218293e+00 1.121730156484040286e+00 2.824709303212910250e+00 2.541712124209988542e+04
2.274289053068534949e-04 -4.585910969141375304e+00 2.201878668347015289e+00 1.558871787120654773e+00 2.959729945626041747e+00 3.439464765069490386e+04
2.270158593356397367e-04 -4.585228774591411316e+00 2.265358991292135027e+00 1.149482068166046478e+00 2.870469129663661967e+00 2.695554614634280733e+04
2.265850994739156631e-04 -4.584628065070624814e+00 2.264459510751170690e+00 1.953946820711172982e+00 2.808513909833371791e+00 3.516140864535138098e+04
2.261253125437102398e-04 -4.584159328660288857e+00 2.235739308497934008e+00 1.298851118079402234e+00 2.886742944842769276e+00 2.996449060815123084e+04
2.255755461139020328e-04 -4.584093535683520848e+00 2.532426283463260486e+00 1.948547085833316039e+00 2.860628333374139576e+00 4.213272414611430577e+04
2.253756345343447892e-04 -4.582480157567362156e+00 2.309758173952881855e+00 1.883311275854679501e+00 2.791033329283660436e+00 3.153073645829306770e+04
2.248854731805367173e-04 -4.582157390017767007e+00 2.236408904303354372e+00 1.422335357998967709e+00 2.756795524385241336e+00 2.682893275880592773e+04
2.246512116216295906e-04 -4.580699625670749064e+00 2.171789970494355515e+00 1.894832467147071320e+00 2.893441647081418822e+00 3.734833620777657052e+04
2.242036770050063847e-04 -4.580193743485954094e+00 2.151604675048303328e+00 1.622315146396510865e+00 2.783968067348800091e+00 2.650004865903458631e+04
2.238489843497942636e-04 -4.579277007061410387e+00 2.259163279700410865e+00 1.797028167780641450e+00 2.841298050372277118e+00 3.013032069735147525e+04
2.233447253085354218e-04 -4.579032223286908732e+00 2.484437715575747330e+00 1.796826489569207874e+00 2.771597402892145734e+00 3.219489129039118416e+04
2.228474053606615440e-04 -4.578761398207896072e+00 2.159395528091874183e+00 1.770873595397979727e+00 2.796828982621129889e+00 2.875611369093165194e+04
2.223826369204870814e-04 -4.578349166619083199e+00 2.543285774921697051e+00 1.743287785147071833e+00 2.850576212709474699e+00 3.451450491468690598e+04
2.219072359272616967e-04 -4.577989216184539245e+00 2.339390846524784795e+00 1.283498220677041335e+00 2.896150769628848654e+00 2.911204002148616200e+04
2.217614148714572905e-04 -4.576146558373549666e+00 2.430156599154220665e+00 1.868332359385194152e+00 2.794504163610184833e+00 3.973981859992528916e+04
2.215092983001362974e-04 -4.574784087161332558e+00 2.360750735213370977e+00 1.914759370870792399e+00 2.764312727607464382e+00 3.459455940713742893e+04
2.209990482013263018e-04 -4.574590259819945715e+00 2.333098634296382645e+00 1.239872020480625725e+00 2.787084563120111991e+00 2.763017298295994988e+04
2.204993655401028569e-04 -4.574353837033480197e+00 2.326559759055796928e+00 1.117149692865236910e+00 2.776054377373102344e+00 2.441683638887048073e+04
2.200825047662515539e-04 -4.573746156833003340e+00 2.161167359012887701e+00 1.701552845771590716e+00 2.947935130418398941e+00 3.578097756604354072e+04
2.195375193589324428e-04 -4.573725505618718934e+00 2.204912831517621630e+00 1.486161797922580075e+00 2.915133495462693514e+00 3.305288570189916209e+04
2.193989177749476355e-04 -4.571857039375619713e+00 2.500818687872903734e+00 1.560407206617691722e+00 2.880645576029617239e+00 3.233354075715319050e+04
2.193101000394715925e-04 -4.569761944372244145e+00 2.438016500537705245e+00 1.459806621993981590e+00 2.743758527120940371e+00 2.860814111572952243e+04
2.188067079539607459e-04 -4.569559926544352280e+00 2.601593661349836939e+00 1.762052109349750317e+00 2.916155089839771897e+00 3.953921639054869593e+04
2.186604702687311528e-04 -4.567728491858303208e+00 2.213547274690461197e+00 1.838293445875601062e+00 2.928542525774257665e+00 3.964976609819777514e+04
2.182331573713932834e-04 -4.567184634070336813e+00 2.254028357885272005e+00 1.729893848601854911e+00 2.940534736631893686e+00 3.930148990738298016e+04
2.177887310164756875e-04 -4.566723185439714783e+00 2.348654592252783058e+00 1.965614397942919034e+00 2.876714946013597896e+00 3.865327380709470162e+04
2.172751878850891964e-04 -4.566583957489908308e+00 2.385021033301933713e+00 1.588107775603360139e+00 2.747914911760083179e+00 2.654799576975047967e+04
2.168053095771709004e-04 -4.566248894611891984e+00 2.171969720521626623e+00 1.232276220490142293e+00 2.866665699972823500e+00 2.688054225927025254e+04
2.164336984655614363e-04 -4.565464396659708157e+00 2.256709969918749170e+00 1.849596706385252753e+00 2.820513669348317709e+00 3.740715827270680893e+04
2.159586032408893509e-04 -4.565161916893010208e+00 2.554273242937294519e+00 1.874425404857212651e+00 2.872814818127020331e+00 3.938460477255855221e+04
2.156228909024530504e-04 -4.564217648131272398e+00 2.503047959415661161e+00 1.721517028995107612e+00 2.787176203738120694e+00 3.129600924268105882e+04
2.151974023531359227e-04 -4.563692897182066055e+00 2.134731762384154852e+00 1.790228232450683743e+00 2.837625864416218668e+00 3.026734995098460058e+04
2.146684619421571050e-04 -4.563653854061247017e+00 2.444223701894681966e+00 1.870702169062367304e+00 2.983838084655260126e+00 4.276526295714373555e+04
2.142264511327465889e-04 -4.563215016142780023e+00 2.306373836316168546e+00 1.777027948758426401e+00 2.849495059423286847e+00 3.886883020863994898e+04
2.137481775973837806e-04 -4.562950072626772879e+00 2.325393541328756974e+00 1.717816254225835948e+00 3.009222022767864324e+00 3.962210454046530504e+04
2.133305921960941022e-04 -4.562405616024853394e+00 2.307373993776161925e+00 1.377659733630085759e+00 2.909776624981201820e+00 2.927918448504133994e+04
2.129753123244738867e-04 -4.561572400135070815e+00 2.419802857600465984e+00 1.215773894178089787e+00 2.807369466717762219e+00 2.666070159499117290e+04
2.125186596292703140e-04 -4.561218860017609344e+00 2.538525481730000255e+00 1.829978184516298345e+00 2.793211039134349427e+00 3.945933811297966167e+04
2.122518372101134623e-04 -4.559975173515074864e+00 2.357494292317677154e+00 1.195809074768422242e+00 2.858712729103750849e+00 2.772627386265267705e+04
2.117443647477193979e-04 -4.559868934130723694e+00 2.173179625337297693e+00 1.579887858042609672e+00 2.832138760839516767e+00 3.148699922488918310e+04
2.113744418865746533e-04 -4.559117487726529916e+00 2.464882312691813127e+00 1.663447814540536029e+00 2.950044454707941632e+00 3.621440712589185569e+04
2.109129453815366206e-04 -4.558803187336209817e+00 2.219435849964759733e+00 1.714556491168109709e+00 2.947938178572234058e+00 3.341071151502090652e+04
2.105469771999962821e-04 -4.558039856727122086e+00 2.398648799971048184e+00 1.800899017943083935e+00 2.776484030746302345e+00 3.044516408407287599e+04
2.100731524117969073e-04 -4.557792839669525975e+00 2.253878788473909101e+00 1.815442675515699378e+00 2.887524879983164539e+00 3.249579810495544734e+04
2.096255603444948030e-04 -4.557425761326833857e+00 2.515254561552129342e+00 1.438526738563443264e+00 2.863399088123585123e+00 3.386937138089977816e+04
2.091070485409561824e-04 -4.557402339732991692e+00 2.342069530974944858e+00 1.608616561202953044e+00 2.985828620796190602e+00 3.607513794945419795e+04
2.086299957931420882e-04 -4.557186326569531154e+00 2.414838675490067477e+00 1.687639081060664292e+00 2.753627666823403874e+00 3.342587193124699115e+04
2.081333698102252698e-04 -4.557069579316626928e+00 2.239506851873120929e+00 1.932198467113958262e+00 2.912925910091441306e+00 3.812814586938471621e+04
2.081087819036528614e-04 -4.554687721635950481e+00 2.448198195054092086e+00 1.501372056549320932e+00 2.821604405729305043e+00 2.835877631298354390e+04
2.077260255427259303e-04 -4.554028627987064759e+00 2.369030854715938883e+00 1.905248227371491243e+00 2.765290533326246525e+00 3.558423742913528986e+04
2.074654803579904924e-04 -4.552783688436201182e+00 2.357915423414710610e+00 1.211335969512658206e+00 2.825448143475630669e+00 2.844369205982308631e+04
2.071836515979187405e-04 -4.551643048829120630e+00 2.226080375710115078e+00 1.437402956680157828e+00 2.881980539104425532e+00 2.724846898646890259e+04
2.066820685296549300e-04 -4.551566942809452954e+00 2.342173119631779432e+00 1.195750529319581146e+00 2.763003648247078559e+00 2.493623546494696348e+04
2.062814732990035042e-04 -4.551007043160833376e+00 2.349653180779323502e+00 1.509274642057413907e+00 2.734065508596689842e+00 2.785591565683688532e+04
2.061274932983762280e-04 -4.549253777690168477e+00 2.247094159822896842e+00 1.740171169021730302e+00 2.789037530526994768e+00 3.362843730085325660e+04
2.057176633076701112e-04 -4.548743992310440021e+00 2.410193967660658299e+00 1.535228426718798556e+00 2.804685143635432532e+00 2.741900400765326413e+04
2.052420142543061343e-04 -4.548558814380475823e+00 2.408112760967567656e+00 1.353662602574808638e+00 2.770650448944961486e+00 2.564797846980888062e+04
2.048061444400761958e-04 -4.548184759683008060e+00 2.401137146796348709e+00 1.437993790898806967e+00 2.933595248066218630e+00 3.331837286743626464e+04
2.043420262746411978e-04 -4.547953465241161730e+00 2.141420567137426900e+00 1.300000254990024695e+00 2.843012108266309124e+00 2.629735598284630032e+04
2.038677979650052618e-04 -4.547776919968690379e+00 2.478834028122861799e+00 1.826299842379986771e+00 2.801361644976911869e+00 3.344703762085091148e+04
2.033977869265802044e-04 -4.547585051392144528e+00 2.522481557225991100e+00 1.904132677215919722e+00 2.944402222791195456e+00 4.563047203498124145e+04
2.029245846978270447e-04 -4.547414248481607579e+00 2.332298261432081521e+00 1.872146989248329785e+00 2.984462091046154342e+00 4.126843769445343787e+04
2.024469644550035239e-04 -4.547270706229257442e+00 2.394048075800535358e+00 1.316802810171260774e+00 2.864073364218717721e+00 2.829123977672060573e+04
2.021280093588701649e-04 -4.546347448157733950e+00 2.443428891531594704e+00 1.452712146389633974e+00 2.833583878347955665e+00 2.840663103687048715e+04
2.019241218936156438e-04 -4.544856661904129957e+00 2.167958518639055310e+00 1.365725824556522916e+00 2.880481041477390480e+00 2.925726046524909907e+04
2.015746616355488033e-04 -4.544088812580695524e+00 2.129229982081135120e+00 1.673047886002819951e+00 2.892235174376355467e+00 3.314454162076323701e+04
2.012564552416085963e-04 -4.543168663028160914e+00 2.541429219955045671e+00 1.913641036073411517e+00 2.822102553209702158e+00 4.009614508271799423e+04
2.009561674614795165e-04 -4.542161842600219046e+00 2.465411821296333628e+00 1.540638059838276952e+00 2.829965116882308784e+00 2.938438490915131479e+04
2.004780759507528761e-04 -4.542043760658343032e+00 2.372501579369355351e+00 1.922194683381349911e+00 2.846581790375068088e+00 4.215880234344198107e+04
2.000662957346503832e-04 -4.541599864252748198e+00 2.497182586932605197e+00 1.555279934031055911e+00 2.836220271756195288e+00 3.610178990051014989e+04
1.995993238847785730e-04 -4.541436678026305351e+00 2.516665687313116795e+00 1.678126161650520309e+00 2.754420531727902688e+00 3.239358661712776666e+04
1.991880181544111522e-04 -4.540999461032948048e+00 2.449941170242143418e+00 1.437902410993054048e+00 2.803882863951788540e+00 2.752954018149971671e+04
1.987178594837087336e-04 -4.540862627379201655e+00 2.584469598536842661e+00 1.777630540963005323e+00 2.888902823467155212e+00 3.824154795684539567e+04
1.984175699619709519e-04 -4.539874905341339861e+00 2.207410424005953775e+00 1.804312056305115153e+00 2.853579927716245024e+00 3.670133990022738726e+04
1.979474073149766898e-04 -4.539747278757057636e+00 2.602868215122601914e+00 1.861285439552160081e+00 2.884992148481243746e+00 4.157648388492885715e+04
1.975814314261115014e-04 -4.539097844164492912e+00 2.275221369160374874e+00 1.741450298174837208e+00 2.748801618949855197e+00 3.077492568442688571e+04
1.971892221756129618e-04 -4.538584868154069696e+00 2.250461829644113010e+00 1.595181109370519490e+00 2.745000984950520806e+00 2.779666830746629785e+04
1.967554270306927713e-04 -4.538287184246581951e+00 2.307791412289402988e+00 1.360193549235680255e+00 2.770597623361987338e+00 2.803506356219864392e+04
1.963985744600923414e-04 -4.537602517002937041e+00 2.439914703941569840e+00 1.553960165684388439e+00 2.821593184361415041e+00 3.517026683672780200e+04
1.959768253646375520e-04 -4.537252240242787060e+00 2.420014810152279150e+00 1.730120965852075976e+00 2.744516138145875139e+00 2.959581011529434181e+04
1.956567106622157323e-04 -4.536387007157598461e+00 2.387750688646108177e+00 1.735171459946657890e+00 2.751841842077942690e+00 3.351160945507924771e+04
1.952223446280417570e-04 -4.536109516688832777e+00 2.276397221395324966e+00 1.324909771096917765e+00 2.793983590139866635e+00 2.436444960635232928e+04
1.948576583796381829e-04 -4.535479319559231115e+00 2.239198744385053619e+00 1.659260990041271144e+00 2.975211551905741381e+00 3.492379782449827326e+04
1.944174273125872027e-04 -4.535241119869122706e+00 2.357141336795183673e+00 1.383096722289339997e+00 2.862692004426817149e+00 3.242794824109851834e+04
1.939927231316625233e-04 -4.534928005817911334e+00 2.461163017418387611e+00 1.660700877823048982e+00 2.802621772011880452e+00 3.655814940016823675e+04
1.935261623101721014e-04 -4.534835945479439800e+00 2.357413727366199474e+00 1.860561336597300830e+00 2.764156865897252402e+00 3.549168778439005109e+04
1.930436631477333424e-04 -4.534832257303202496e+00 2.618228114792751526e+00 1.810954236842611698e+00 2.879991211138783758e+00 4.326776726276586851e+04
1.926260765373522703e-04 -4.534497772149711281e+00 2.202565091882760395e+00 1.309459588679465103e+00 2.840869855607274008e+00 2.839669120779313380e+04
1.923021015267863435e-04 -4.533681073635687397e+00 2.436700515304404568e+00 1.759382911362549207e+00 2.974871441427661800e+00 4.328556862715156603e+04
1.919851019626956235e-04 -4.532830879474207819e+00 2.202618030445154584e+00 1.782615541531185066e+00 2.954629183165036643e+00 3.833235112273965206e+04
1.915191062629959277e-04 -4.532761079294953532e+00 2.289433558142639047e+00 1.816971156850650582e+00 2.764522466630872533e+00 3.357419741185390740e+04
1.913524341690841959e-04 -4.531131721726366024e+00 2.321042234660587233e+00 1.538011310503860862e+00 2.735091278188645170e+00 2.766172822157229166e+04
1.908777458863276867e-04 -4.531115505328825677e+00 2.466282091037637958e+00 1.838796374888689522e+00 2.897766852245184488e+00 3.711529261504819442e+04
1.907573821402199432e-04 -4.529246284527379096e+00 2.476869880994016171e+00 1.883703898953246192e+00 2.947140595092869741e+00 4.552745083775624516e+04
1.904022160196436038e-04 -4.528609893498968475e+00 2.238472726700412974e+00 1.326281730790104696e+00 2.820370265372305951e+00 2.474417566843877648e+04
1.899686104496552022e-04 -4.528389804194728363e+00 2.226692357414215007e+00 1.351426359304028102e+00 2.763259828849076172e+00 2.496712138631868220e+04
1.898239965933343752e-04 -4.526651345418165384e+00 2.427331886621217460e+00 1.350460532576415851e+00 2.868481096570995703e+00 3.186485487003026356e+04
1.896230604387880722e-04 -4.525210445335292597e+00 2.335800017643233861e+00 1.690609893664317909e+00 2.990106178613503030e+00 3.727114188983963686e+04
1.892069160737312804e-04 -4.524907444296543346e+00 2.586119328263162931e+00 1.653588369830641280e+00 2.936252770897818110e+00 3.964171161390651832e+04
1.887733502683526423e-04 -4.524701564038450030e+00 2.342775744823505146e+00 1.222755324256664666e+00 2.849469384907126646e+00 2.876682437843220032e+04
1.884287047311425617e-04 -4.524028943441870787e+00 2.373035996333328956e+00 1.634964834100293363e+00 2.934176927629100096e+00 3.341305866666352085e+04
1.879914167224173256e-04 -4.523852348491263164e+00 2.339692389171509124e+00 1.792284412150226824e+00 2.906126964164188919e+00 4.145292298608705460e+04
1.877063390267363940e-04 -4.522869939405939732e+00 2.133201112326685411e+00 1.632641819288498608e+00 2.840066486329403617e+00 3.081221188958112907e+04
1.872672212532179440e-04 -4.522712067069149633e+00 2.205969986295296614e+00 1.787034682724882639e+00 2.834493534185180685e+00 3.543636957441410777e+04
1.870990990183248764e-04 -4.521110236787374781e+00 2.449129525305739463e+00 1.340143869066526161e+00 2.803457197111352439e+00 2.740231919525391640e+04
1.867613176965296430e-04 -4.520417228908522489e+00 2.588484294057579849e+00 1.844915257678676701e+00 2.894702752570443405e+00 4.085457517777332396e+04
1.863187646203854947e-04 -4.520289659411748318e+00 2.352883395697992430e+00 1.174750180132283273e+00 2.785700251488047563e+00 2.600839097416181176e+04
1.858703799955989595e-04 -4.520199105512983095e+00 2.249683141180947032e+00 1.186611851961802078e+00 2.841962683596226391e+00 2.526495883888167009e+04
1.855832515178713513e-04 -4.519245077933525145e+00 2.245751998135247174e+00 1.504675996884292211e+00 2.769146349736634427e+00 2.502253910758144048e+04
1.852295952397796646e-04 -4.518652543591272774e+00 2.267706222494466406e+00 1.687392185606574335e+00 2.963223456957795321e+00 3.865101189841516316e+04
1.847882458100150497e-04 -4.518538102286596470e+00 2.309423264027395728e+00 1.817659151361933567e+00 2.766633160588640283e+00 3.422758568590515642e+04
1.843650955982591546e-04 -4.518330647685065315e+00 2.490020603683536393e+00 1.767756318978804364e+00 2.766573748406575994e+00 3.222531378099093490e+04
1.839899235555964366e-04 -4.517867661722522854e+00 2.539093142366390499e+00 1.491394227305872011e+00 2.804206853891312079e+00 3.122895801095568095e+04
1.835475875804163119e-04 -4.517774687810166334e+00 2.308487178162057063e+00 1.937085407088734224e+00 2.824339252424969970e+00 3.928008005332440371e+04
1.831191907858651128e-04 -4.517611397950029861e+00 2.353940273918464943e+00 1.377274021950553262e+00 2.886197827136415484e+00 2.890739388338222489e+04
1.828622781624068166e-04 -4.516515363382469062e+00 2.157840209390495811e+00 1.765224821395069199e+00 2.801966117903110565e+00 2.972240453200448610e+04
1.826160796607577820e-04 -4.515362630784872877e+00 2.552157246348258912e+00 1.736659525752462629e+00 2.777226279813515220e+00 3.423417735306483519e+04
1.821698307769520982e-04 -4.515309266434123892e+00 2.461073144790622003e+00 1.621602947488530289e+00 2.839270552461079511e+00 3.056381402791776054e+04
1.819187008753380883e-04 -4.514188765756993682e+00 2.153261636751955699e+00 1.495777723274553273e+00 2.792551660295133686e+00 2.619467914806872795e+04
1.815778954639018811e-04 -4.513563916802311837e+00 2.349849540954994431e+00 1.898110920820549552e+00 2.842026823716322870e+00 4.106463126299220312e+04
1.812080941791215907e-04 -4.513102592073234831e+00 2.413512688660537364e+00 1.395507235805628854e+00 2.901266743982371388e+00 3.144980185484696995e+04
1.808300115186303844e-04 -4.512691227451590237e+00 2.297855410734316983e+00 1.195925684433161829e+00 2.772723217955032737e+00 2.462926941316755619e+04
1.803938963237789979e-04 -4.512605881616405412e+00 2.300495640177354417e+00 1.125392952426025106e+00 2.811537698651587647e+00 2.499404792350643766e+04
1.801056749119281136e-04 -4.511704893078603007e+00 2.269831649996552958e+00 1.306055156903574765e+00 2.815548471396633001e+00 2.480878413582286521e+04
1.797092392454737028e-04 -4.511408447246424203e+00 2.300456916515453809e+00 1.329719229821530124e+00 2.856918356161395778e+00 2.656570344754340476e+04
1.793177072706375282e-04 -4.511089521028477378e+00 2.375693269189311785e+00 1.553275344638837652e+00 2.817699688829451432e+00 2.755788896827678400e+04
1.789318717185790330e-04 -4.510743526078972110e+00 2.326829983062612239e+00 1.929629282502345999e+00 2.818483211288162593e+00 3.478165367069286003e+04
1.786375192395687312e-04 -4.509889934037508041e+00 2.384499166373568624e+00 1.350331869124718365e+00 2.777522375702196289e+00 2.552205348020046222e+04
1.782793709792912778e-04 -4.509396834749132665e+00 2.434948153149095962e+00 1.474428856217719463e+00 2.816494017277500372e+00 3.314110673347518605e+04
1.778616448122980896e-04 -4.509242682826344328e+00 2.585443809318078490e+00 1.771447173118149143e+00 2.800243594280676707e+00 3.676653081717983150e+04
1.774282336461711592e-04 -4.509182444876393525e+00 2.130328642555473717e+00 1.682736582835714367e+00 2.817063171805738619e+00 2.890607909692511021e+04
1.771781720600929292e-04 -4.508092806468875224e+00 2.222339459170090237e+00 1.446333613731029200e+00 2.765607523083259967e+00 2.499803473034865965e+04
1.767678353823385912e-04 -4.507911447464737265e+00 2.421879358468018495e+00 1.797939273277303629e+00 2.947099201742026331e+00 4.354728538590758399e+04
1.763626713941436803e-04 -4.507706146779622003e+00 2.143852984365855807e+00 1.662633843635562325e+00 2.927542650012799896e+00 3.237220779113986282e+04
1.759441636360491634e-04 -4.507581961911986568e+00 2.203039341785548721e+00 1.212002270829346973e+00 2.831401246819930329e+00 2.637597603744731168e+04
1.755125927942486209e-04 -4.507537860402030638e+00 2.507439409539875541e+00 1.482276738467329213e+00 2.846626924892621702e+00 3.102181483420432778e+04
1.751860626179859641e-04 -4.506900030476436392e+00 2.376562033343819991e+00 1.660414663799192558e+00 2.977754731059381932e+00 3.999569997286897706e+04
1.747739960814972612e-04 -4.506754966227984660e+00 2.321191842620981216e+00 1.627057660296888919e+00 2.740487603887298285e+00 2.690809977413426168e+04
1.744185901131258410e-04 -4.506290554067730270e+00 2.215141186109319982e+00 1.306070097713834421e+00 2.887229916496374393e+00 2.748617145970366255e+04
1.741276431949509353e-04 -4.505460042691899147e+00 2.415614783547767708e+00 1.940045361251040656e+00 2.856846207052731401e+00 4.304171394103533385e+04
1.736969105118800157e-04 -4.505436767803239206e+00 2.241419613654429988e+00 1.645616867719718712e+00 2.793238891198395635e+00 3.209463964574469355e+04
1.734146961928764231e-04 -4.504562840661282763e+00 2.491937020765739863e+00 1.540883498628425219e+00 2.808011981539240587e+00 2.955046146983335711e+04
1.731485968358304893e-04 -4.503598487480736878e+00 2.430634585573027362e+00 1.596052307139900428e+00 2.954123899231332118e+00 3.554597668552236428e+04
1.727190110588508812e-04 -4.503582594046837251e+00 2.336331342422254931e+00 1.227371588173893580e+00 2.768309653254113822e+00 2.556048510007460209e+04
1.723226048940651835e-04 -4.503380324644322030e+00 2.311845331165915063e+00 1.395508133951637975e+00 2.921855576197364801e+00 3.221745116566974684e+04
1.719477616602172224e-04 -4.503057935141123735e+00 2.450427709597706727e+00 1.476622851839126227e+00 2.755283355786930066e+00 2.767426457386264519e+04
1.717530937889466547e-04 -4.501690710279738106e+00 2.138810198299507359e+00 1.502714288146647537e+00 2.894592709088978033e+00 3.029791039320542768e+04
1.714032987220389520e-04 -4.501229402815823732e+00 2.412647609669798854e+00 1.948318700114453517e+00 2.882749636034770635e+00 4.382010648129654874e+04
1.710762645214140907e-04 -4.500639206115786273e+00 2.535950621877711697e+00 1.733660321316172981e+00 2.812719693660111542e+00 3.868357971055533562e+04
1.706674724894040719e-04 -4.500531596569306458e+00 2.245554438551044196e+00 1.641482996936613148e+00 2.946180086949667931e+00 3.696610908370583638e+04
1.703632619995856909e-04 -4.499815661990645310e+00 2.282362975636884617e+00 1.513990882585213082e+00 2.951788750626348268e+00 3.279272235852250014e+04
1.700746318383782605e-04 -4.499011303019961439e+00 2.555111719024649730e+00 1.593599699694874028e+00 2.810077494318647062e+00 3.507866473839374521e+04
1.697805440917673451e-04 -4.498241968555426240e+00 2.447304299390224536e+00 1.477117881208749317e+00 2.803153416937763431e+00 3.255208016510686502e+04
1.693718567694843535e-04 -4.498152020903937398e+00 2.348238438399885553e+00 1.399626956687007429e+00 2.901096016795315258e+00 3.296049149560368824e+04
1.690293158647930452e-04 -4.497676488012109175e+00 2.221882936852203727e+00 1.495404323253479273e+00 2.831793639035883992e+00 3.114208117803594723e+04
1.686798518486610295e-04 -4.497246103967381003e+00 2.471820668489546957e+00 1.670126924771798027e+00 2.961518851924653362e+00 4.119088817282371019e+04
1.682852044154054254e-04 -4.497088469185149151e+00 2.535579235794841235e+00 1.580220456164641574e+00 2.923466154003487638e+00 3.663291199044148379e+04
1.679205151155268173e-04 -4.496757911414868580e+00 2.491464859179774560e+00 1.519132714566951092e+00 2.885150786491338160e+00 3.256197665389208851e+04
1.675278544974214670e-04 -4.496599021600617974e+00 2.232498040523830163e+00 1.589063094024344425e+00 2.855994266316989716e+00 2.768167520781333951e+04
1.672579792005596678e-04 -4.495711248452255226e+00 2.232432487322768999e+00 1.479463540490915996e+00 2.787639615356532374e+00 2.505513599393036930e+04
1.668759348764549269e-04 -4.495498023152435962e+00 2.247552024186179942e+00 1.290640968242061426e+00 2.774384426756888011e+00 2.447353489265121607e+04
1.665317862337022028e-04 -4.495062455036817894e+00 2.318868003181246085e+00 1.300182940728349834e+00 2.834183429208906979e+00 2.590865242594799565e+04
1.661977285119097415e-04 -4.494570439415907614e+00 2.561020302626265011e+00 1.559264538047289150e+00 2.884618922073904912e+00 3.532357692252928246e+04
1.659108716991117803e-04 -4.493797927857655417e+00 2.185441565579389955e+00 1.315899800155237998e+00 2.877961156443432422e+00 2.713681647861719102e+04
1.656045552724760253e-04 -4.493145905290305997e+00 2.182924086624523419e+00 1.300692946626879509e+00 2.838245402752555879e+00 2.735692300228667591e+04
1.652609822914517920e-04 -4.492722719376436302e+00 2.135382162168325770e+00 1.671388639999437542e+00 2.912737639988195237e+00 3.179070294955110512e+04
1.648738748118095863e-04 -4.492567868025413524e+00 2.321607254062107550e+00 1.851375436391338170e+00 2.972700171080688847e+00 3.975485327454788057e+04
1.645967537825661039e-04 -4.491750088354288906e+00 2.193836040749006067e+00 1.780534230202548862e+00 2.884562960768137341e+00 3.668886152246043639e+04
1.641887005787549824e-04 -4.491732274886016896e+00 2.444786463134765775e+00 1.326060927857162008e+00 2.839438434369432329e+00 3.000286483713354028e+04
1.639178022759649233e-04 -4.490883558002860987e+00 2.350040731338933764e+00 1.488014239621952228e+00 2.738573071968520178e+00 2.661733696883915036e+04
1.635662156614996979e-04 -4.490530757440324372e+00 2.205814624523553480e+00 1.408227607950173654e+00 2.831459257873208291e+00 2.937927829309586014e+04
1.632864442642229658e-04 -4.489742669258121488e+00 2.569212114247259038e+00 1.567619764949674588e+00 2.886431525925265085e+00 3.650118497907304118e+04
1.629571480128154967e-04 -4.489261383930424287e+00 2.295370212421392164e+00 1.776419399866478788e+00 2.757028415292094969e+00 2.917457898112539260e+04
1.626146473450924325e-04 -4.488865379417466883e+00 2.454333424648119433e+00 1.644664109891916137e+00 2.935875451742485875e+00 4.025193788927248534e+04
1.623897387296110452e-04 -4.487749413978356472e+00 2.447259345370218497e+00 1.438584886933296447e+00 2.899666459891135695e+00 3.398891819842898985e+04
1.619935054721621250e-04 -4.487692409796412818e+00 2.480768116548902391e+00 1.523526380477240316e+00 2.766464264040924270e+00 3.081660913708663065e+04
1.617026674049747148e-04 -4.486989392089194340e+00 2.275713227892884216e+00 1.507119605797561990e+00 2.875830537185082747e+00 3.375875887588907062e+04
1.613312576505000740e-04 -4.486788902384102329e+00 2.191763415668246395e+00 1.726462411341946002e+00 2.954913704935806962e+00 3.510509477128133585e+04
1.609696333906019132e-04 -4.486532919833017274e+00 2.519960190360480023e+00 1.493489974521780228e+00 2.812173981704021664e+00 3.284101780198142660e+04
1.607667162106974235e-04 -4.485294307966880112e+00 2.315830165103231142e+00 1.150733734791590912e+00 2.820255614986955095e+00 2.610484580402478969e+04
1.603804056743361164e-04 -4.485200125714354336e+00 2.334991814237591168e+00 1.879300854364984730e+00 2.782197900596366402e+00 3.251221683221650528e+04
1.599971442315719641e-04 -4.485092688025313024e+00 2.291568864215802304e+00 1.671525752584371194e+00 2.953267895186822756e+00 3.862106243282846117e+04
1.596082516504244780e-04 -4.485026268797646765e+00 2.220251361277894464e+00 1.804592385579848912e+00 2.786581823988246942e+00 2.972991813476194875e+04
1.592901464752167768e-04 -4.484521294690440918e+00 2.576008580259067315e+00 1.809009478554827410e+00 2.806774600260227182e+00 3.809805602251561504e+04
1.589988448054351728e-04 -4.483851717727961983e+00 2.443989523050145607e+00 1.952708250448273120e+00 2.899743031856431230e+00 4.382358785509286099e+04
1.586147266174187771e-04 -4.483770495827201330e+00 2.447868730415704075e+00 1.843081199808230153e+00 2.763359277699743100e+00 3.456335999932738923e+04
1.583219914108515574e-04 -4.483117774941050016e+00 2.392517511749668646e+00 1.750167390032445036e+00 2.958026540707010543e+00 3.705322019160373748e+04
1.581219604197434082e-04 -4.481882017892090175e+00 2.279717023837781298e+00 1.944025930098271848e+00 2.844007262286019966e+00 3.886345375587757007e+04
1.577987602747225545e-04 -4.481428102473477892e+00 2.368175544255981535e+00 1.966462415112927076e+00 2.874337900842016680e+00 4.019985312607331434e+04
1.574115288061913415e-04 -4.481385075971775045e+00 2.254554095521037027e+00 1.299740109994366399e+00 2.770399042214389596e+00 2.477593016833955335e+04
1.570597210517094445e-04 -4.481122532663985858e+00 2.344302444836868116e+00 1.877774953216231779e+00 2.778237071907274203e+00 3.267217660695759332e+04
1.567449407726331377e-04 -4.480628751327700776e+00 2.216552911723403962e+00 1.903399039761579203e+00 2.836661601374498964e+00 3.420053106313029275e+04
1.563974290544978632e-04 -4.480348264841557793e+00 2.254142152638284990e+00 1.925310153443631211e+00 2.852680571842312052e+00 3.541864088223940053e+04
1.561757081883539760e-04 -4.479266946595762633e+00 2.210962309294175920e+00 1.353679372760041799e+00 2.793431518712274020e+00 2.469859263196960455e+04
1.557881392564754847e-04 -4.479251652015637575e+00 2.202560629954981142e+00 1.474155430756272755e+00 2.792778126100333935e+00 2.522158297460923495e+04
1.555212980580038869e-04 -4.478465967303501216e+00 2.422698062764911064e+00 1.465964172081491546e+00 2.854987239903825191e+00 2.925047259219168700e+04
1.552128907232040202e-04 -4.477950991463723440e+00 2.284308313404248114e+00 1.281300572127852089e+00 2.824238257495730320e+00 2.853521557642816333e+04
1.549104192478025096e-04 -4.477401645036586331e+00 2.387998238249871008e+00 1.524345529175458402e+00 2.859350413886500686e+00 3.517761477904653293e+04
1.549046120638356287e-04 -4.474939133107730171e+00 2.387399653510136943e+00 1.584216766044196367e+00 2.949762344973063222e+00 3.449925381554881460e+04
1.545309948875272870e-04 -4.474853964170962151e+00 2.569153051436280144e+00 1.853303899310373870e+00 2.847011026146728518e+00 3.918168792940956337e+04
1.543296370150236353e-04 -4.473657839642502410e+00 2.415796002938257470e+00 1.815259284953798513e+00 2.930573411096693892e+00 3.740860424656044052e+04
1.541440608432487810e-04 -4.472361029382507347e+00 2.159932833086108950e+00 1.720147763513919070e+00 2.918487186068783323e+00 3.259722048101282780e+04
1.538654488256405173e-04 -4.471670142964081052e+00 2.237663918866014345e+00 1.368971588772306403e+00 2.770073534549614358e+00 2.604909123647082015e+04
1.535116364485051459e-04 -4.471472282911059359e+00 2.546366513016895983e+00 1.729204583989132127e+00 2.910729270792119294e+00 3.760326541559606267e+04
1.531509296163356606e-04 -4.471324751314018187e+00 2.308679793327804486e+00 1.366010357241032036e+00 2.864648954075591725e+00 2.733410981900869956e+04
1.528213992275951889e-04 -4.470978740319461409e+00 2.578671435089064268e+00 1.598264145583351947e+00 2.830317992850408526e+00 3.457250839278013882e+04
1.524466964805093168e-04 -4.470933650875366538e+00 2.287948482397755612e+00 1.307753819587110566e+00 2.816623195092908816e+00 2.870731453898171094e+04
1.522334108880843439e-04 -4.469833713577895828e+00 2.406685555170370971e+00 1.292341264512597121e+00 2.788353182499616612e+00 2.770866270732250996e+04
1.519289241370445171e-04 -4.469335847423476338e+00 2.352965077777658731e+00 1.425804002698019879e+00 2.888186247981848087e+00 3.332179921927383111e+04
1.516429151415088332e-04 -4.468720139990528750e+00 2.192286100516522840e+00 1.501343414496560724e+00 2.925795535251423551e+00 3.082579385784917031e+04
1.514556500915648822e-04 -4.467455811123635989e+00 2.356225485565170530e+00 1.647400371892909998e+00 2.744216004822050969e+00 3.028818305867517483e+04
1.511853297245359471e-04 -4.466742221140423297e+00 2.588018190065108914e+00 1.666902275647774934e+00 2.847223739058225345e+00 3.828025192638362205e+04
1.508349759114128790e-04 -4.466562290114200806e+00 2.192726110243061299e+00 1.345703007048441036e+00 2.859385139740923787e+00 2.630658737960844155e+04
1.504928081249429217e-04 -4.466333358045303292e+00 2.408564695832889235e+00 1.550224312165243257e+00 2.802676504914962230e+00 2.783901464104547995e+04
1.501797281296764935e-04 -4.465915890173560499e+00 2.498753801630338334e+00 1.809197741712507357e+00 2.924012760760516194e+00 4.392078539634677873e+04
1.498882623121861990e-04 -4.465358555958911069e+00 2.375982984264217279e+00 1.225747661330520266e+00 2.816345416238613453e+00 2.734680560739066641e+04
1.495592576824835958e-04 -4.465055967793178482e+00 2.481988861832524318e+00 1.927602071940796025e+00 2.830808866593449658e+00 3.949352958798585314e+04
1.492086031263491143e-04 -4.464903306735150679e+00 2.205049566727989685e+00 1.627610258806875265e+00 2.947327129978688731e+00 3.497835413862271525e+04
1.488973071875491550e-04 -4.464491799724934040e+00 2.284524948637008723e+00 1.337064811073097603e+00 2.783784225042396532e+00 2.760183232303869954e+04
1.485468023433573050e-04 -4.464348578663885903e+00 2.525457878211025520e+00 1.553691801172509157e+00 2.890610473398629310e+00 3.438077355480309052e+04
1.482057477115484060e-04 -4.464147158958533979e+00 2.482419777172387043e+00 1.585612745744281238e+00 2.820289718629050313e+00 3.554814306675998523e+04
1.478414567059873827e-04 -4.464108193442168471e+00 2.277622542377834236e+00 1.700367783178928338e+00 2.762783606991848551e+00 2.760707571343574091e+04
1.476360201167882340e-04 -4.462998733421805753e+00 2.601239675279940933e+00 1.671021543786298746e+00 2.898330672614369163e+00 3.937566456487371761e+04
1.473844700327031859e-04 -4.462204039686588075e+00 2.252867970668436026e+00 1.856098331259397050e+00 2.782162689834215552e+00 3.254215849460156460e+04
1.470288866882816928e-04 -4.462119578990098034e+00 2.167033495566040635e+00 1.413423950477091573e+00 2.865124138824770572e+00 2.910024191653397429e+04
1.466704057472178644e-04 -4.462060722896927345e+00 2.407904164066319463e+00 1.897357433022039519e+00 2.950039704169763244e+00 4.408366629682431812e+04
1.464459589591478057e-04 -4.461092174968276147e+00 2.391973437960199345e+00 1.737986118998439800e+00 2.921302660996697664e+00 4.125743588888389786e+04
1.460942319790340597e-04 -4.460996816521751285e+00 2.200059766937817241e+00 1.706784540232680225e+00 2.783530142628114934e+00 3.030407303299737760e+04
1.457520581721947865e-04 -4.460841708166253028e+00 2.558666196122346470e+00 1.879281188053755214e+00 2.842507468230834444e+00 4.036066688615637395e+04
1.454280356821443501e-04 -4.460567290413359309e+00 2.449568636695807822e+00 1.552547109651052137e+00 2.849453860425364748e+00 3.585870472237117065e+04
1.450767168826441809e-04 -4.460485970091863095e+00 2.183992163754926441e+00 1.760305212989559553e+00 2.941784929975001184e+00 3.532264371887626476e+04
1.447415804589051328e-04 -4.460298705872817848e+00 2.209322523046298947e+00 1.320673967985757313e+00 2.870891017547921642e+00 2.688356108723327270e+04
1.445614778948994079e-04 -4.459043784914136666e+00 2.257236497281239540e+00 1.461696604376969244e+00 2.784085577866324712e+00 2.891407255853426977e+04
1.442319273418189035e-04 -4.458826044066519501e+00 2.229914610802822938e+00 1.871565987600581238e+00 2.918142291264961941e+00 3.925834739337129577e+04
1.439831410040614613e-04 -4.458052438185857724e+00 2.557431761956312943e+00 1.696784813692444605e+00 2.865723397329591027e+00 3.546440786364407541e+04
1.436809638291708868e-04 -4.457653341850647877e+00 2.332675903245373217e+00 1.552446049202868217e+00 2.818351183498196466e+00 3.340668178821813490e+04
1.434641623513407526e-04 -4.456663390249594237e+00 2.178692288308474723e+00 1.730147501621945860e+00 2.905890703266843289e+00 3.192775260759487355e+04
1.431349945707305435e-04 -4.456460451614903562e+00 2.298526550773088761e+00 1.305488378143919270e+00 2.870621464248753529e+00 2.983737442049324454e+04
1.427781125443088679e-04 -4.456456889888542605e+00 2.189475188135105554e+00 1.872558576357232774e+00 2.884859175133804854e+00 3.632521835674921749e+04
1.424391856306650916e-04 -4.456333513433773597e+00 2.292205597323303756e+00 1.336263802451318483e+00 2.888601053505371219e+00 3.043972616734488838e+04
1.420994154957947483e-04 -4.456221732782697842e+00 2.174456515867922768e+00 1.673499530816203062e+00 2.869027954946333114e+00 3.368758541510661598e+04
1.417689463465820056e-04 -4.456050060577736893e+00 2.478503861992171764e+00 1.450994096903788000e+00 2.820546670004017820e+00 3.232786214457520327e+04
1.414472881671399740e-04 -4.455821528654391628e+00 2.420830653555343659e+00 1.954727143262498856e+00 2.882666942561681545e+00 4.290906716042569315e+04
1.411291607753765022e-04 -4.455573149604100003e+00 2.459203013483109324e+00 1.876707503354986706e+00 2.848030959420188246e+00 3.654984992513697944e+04
1.408397047751165740e-04 -4.455126256434688514e+00 2.337993228293620884e+00 1.472167859640406418e+00 2.747557144466312273e+00 2.749304921630987883e+04
1.405528308871984594e-04 -4.454665215901961517e+00 2.190366497136500001e+00 1.598425832708070482e+00 2.830827114416875734e+00 2.703745477555973048e+04
1.402773023966699998e-04 -4.454127459595079941e+00 2.552809225336953869e+00 1.763705318726015436e+00 2.832485606656775623e+00 3.550286948218107136e+04
1.400813905210838571e-04 -4.453025039997780432e+00 2.207628175955083094e+00 1.340091836476968057e+00 2.793857093901803701e+00 2.629666236507251233e+04
1.397763180792269773e-04 -4.452705237671975347e+00 2.374176664700517136e+00 1.770003865528305242e+00 2.771443430110664519e+00 3.487605973962678399e+04
1.396306976220858752e-04 -4.451247591386394475e+00 2.356259253525670783e+00 1.799994511728245206e+00 2.768929760358887826e+00 3.047249037578615025e+04
1.393028528967586732e-04 -4.451098293736002631e+00 2.392074323342368025e+00 1.325945458569463442e+00 2.862119937071683218e+00 2.910525861967299352e+04
1.389579348341138647e-04 -4.451077394310045676e+00 2.444124268445287740e+00 1.512842857346705872e+00 2.846652804220000998e+00 2.979728556696999658e+04
1.388571139901653858e-04 -4.449303207031864105e+00 2.173256621550137879e+00 1.364458495220307599e+00 2.819865543239388650e+00 2.685001951934560930e+04
1.385361538837859795e-04 -4.449117324112434879e+00 2.281182915516846155e+00 1.775819987218476559e+00 2.763284466197654776e+00 2.946177782603598826e+04
1.382444712304531365e-04 -4.448725006044231378e+00 2.187806067198797777e+00 1.426391241132344057e+00 2.849973176699823973e+00 2.634461259997620073e+04
1.379242342420604708e-04 -4.448544147392091475e+00 2.174848327088713340e+00 1.464174852931957149e+00 2.801482946460028156e+00 2.741085929073162333e+04
1.377384299589904369e-04 -4.447392203079985507e+00 2.365160339168166370e+00 1.849599153812375274e+00 2.835710323829765400e+00 3.998546652564072429e+04
1.374215954121405826e-04 -4.447195115259525267e+00 2.500878015313968028e+00 1.714370002257571413e+00 2.771420440805632879e+00 3.447182533983163012e+04
1.371404922155122503e-04 -4.446742763551219113e+00 2.320960119722991877e+00 1.803518799908117254e+00 2.779597715824213555e+00 3.489110543521010550e+04
1.368228760420258261e-04 -4.446561440809466248e+00 2.180963217843066015e+00 1.468850758013003466e+00 2.814148766242217992e+00 2.851211875510244499e+04
1.365531776443655587e-04 -4.446034535976511215e+00 2.556142181370591349e+00 1.676704084306822384e+00 2.940068771458511865e+00 4.019768902000346134e+04
1.362571756173163503e-04 -4.445704557309398730e+00 2.193452402240632537e+00 1.655506051543378376e+00 2.782060870401211972e+00 2.906098392226393116e+04
1.360260841341338249e-04 -4.444901992097569199e+00 2.383035312968333042e+00 1.702821621900194149e+00 2.773646162097611612e+00 2.885364474497248375e+04
1.357834392297683308e-04 -4.444187396566244175e+00 2.508782775825385780e+00 1.787890355815700438e+00 2.953779811557322610e+00 4.358212780338098673e+04
1.354775367107132573e-04 -4.443942808703351233e+00 2.549357237812032384e+00 1.773296118291074475e+00 2.804944042531950732e+00 3.537072024847954162e+04
1.351509828866561574e-04 -4.443856109289933798e+00 2.281894507994451260e+00 1.824211760129778259e+00 2.771575257855309893e+00 3.086594664998695953e+04
1.348236186307982332e-04 -4.443781259022264507e+00 2.442504477403252050e+00 1.890474952256995467e+00 2.950596890829018548e+00 4.249944572534952749e+04
1.345335895184813070e-04 -4.443434750487329055e+00 2.349044263903138585e+00 1.659591050874709595e+00 2.742711630296349234e+00 2.960625746250751763e+04
1.342419511556872840e-04 -4.443104877103149164e+00 2.323890109856308506e+00 1.302628487359406506e+00 2.876712796325958443e+00 2.870343904081724031e+04
1.339353432701974344e-04 -4.442891483952097431e+00 2.162480349858902695e+00 1.558844096236835508e+00 2.814671637261307424e+00 2.904374066956715251e+04
1.339209069337805630e-04 -4.440499275623339237e+00 2.345060145751728609e+00 1.793040401623883451e+00 2.980943662657586923e+00 3.943990223943813908e+04
1.335869625369259686e-04 -4.440495984007931440e+00 2.507438836491150624e+00 1.597805895806133192e+00 2.832948324856620737e+00 3.165185726630721183e+04
1.333125103828745406e-04 -4.440052580431926188e+00 2.511084895743332712e+00 1.642291152683263533e+00 2.940158733207118402e+00 3.759947644343995489e+04
1.330461705984486976e-04 -4.439552439210413759e+00 2.359437092495952459e+00 1.673506366653165989e+00 2.772311929828776833e+00 2.805375682601841254e+04
1.327661721905068709e-04 -4.439159177434567560e+00 2.285791726350157038e+00 1.227188283633655619e+00 2.813341933338717293e+00 2.697063015101333076e+04
1.324999860222522707e-04 -4.438666114613386782e+00 2.310275438948718119e+00 1.386136851795520819e+00 2.850642141684233799e+00 2.699856533383634087e+04
1.322026122565936150e-04 -4.438412967441400347e+00 2.238439947096635851e+00 1.732908122188138389e+00 2.851822356297907923e+00 2.978180794075927406e+04
1.319316163011339410e-04 -4.437964924524174570e+00 2.578726765703438506e+00 1.652539342400348055e+00 2.868765682388854543e+00 3.855069665031487966e+04
1.316163460128196960e-04 -4.437857433545554287e+00 2.153515180387015615e+00 1.625467182544669154e+00 2.821854145775611666e+00 2.766983068252273370e+04
1.312901910936442975e-04 -4.437838582094271622e+00 2.378986190482531793e+00 1.353409340089851254e+00 2.881019635660669209e+00 3.019145133008753328e+04
1.311585011609443211e-04 -4.436342130198255518e+00 2.487208823572707672e+00 1.576537443935404070e+00 2.774136647459226168e+00 2.991626102432740663e+04
1.308409350030898053e-04 -4.436266305746280558e+00 2.210567636327079644e+00 1.844170622385049585e+00 2.840398768547814701e+00 3.570653331510436692e+04
1.306141305046279986e-04 -4.435501246738240866e+00 2.587237919740891900e+00 1.725817444071729545e+00 2.866950910528334173e+00 4.032815786607349582e+04
1.302897798274421355e-04 -4.435487609199174841e+00 2.369106715813349862e+00 1.318062236470730841e+00 2.869141053339615777e+00 2.983970103402098903e+04
1.299734406986925966e-04 -4.435418527281957068e+00 2.409385026320374212e+00 1.748666136719090547e+00 2.885352111145615517e+00 3.372805974536971917e+04
1.296870761139480100e-04 -4.435124212646507580e+00 2.391614885457641115e+00 1.508153562149424198e+00 2.828230817815131637e+00 2.810871337884241075e+04
1.294339670490388344e-04 -4.434577810411627574e+00 2.364583138108276916e+00 1.868479803849729226e+00 2.959391976183771700e+00 4.290646876857124153e+04
1.291180176372283810e-04 -4.434521803014973784e+00 2.223020868783135207e+00 1.810930248326900749e+00 2.926012249361422235e+00 3.511034193063709972e+04
1.288755641146315011e-04 -4.433901334996552812e+00 2.376361454747471402e+00 1.677563379701703772e+00 2.958440818164643105e+00 3.992547945163879194e+04
1.285578828635249450e-04 -4.433869401334430194e+00 2.140722819000450805e+00 1.511804192626166499e+00 2.869910364636533373e+00 2.833719260991868941e+04
1.282470990117714723e-04 -4.433789790543439580e+00 2.297765809050160257e+00 1.815274592929801312e+00 2.969907999728587100e+00 4.066285804172075586e+04
1.279305798337720642e-04 -4.433760882798539527e+00 2.171067944637700808e+00 1.498694955929605888e+00 2.845815556897765219e+00 2.678915939234206598e+04
1.276317879046001637e-04 -4.433599193152748974e+00 2.249911009308798171e+00 1.864973675001091014e+00 2.932961385604878402e+00 3.758015130702428723e+04
1.273243464188281962e-04 -4.433510914962106142e+00 2.545644407460558867e+00 1.656330040642086221e+00 2.856168499671385419e+00 3.852455448105745745e+04
1.270372554153530490e-04 -4.433268261380073127e+00 2.358230438848174071e+00 1.625291371699535858e+00 2.890435840856347749e+00 3.754267229865235277e+04
1.269144036754769412e-04 -4.431735782127121936e+00 2.385472178362185058e+00 1.697124393094337602e+00 2.935711287682616355e+00 3.500990171291389561e+04
1.267075232872475366e-04 -4.430867190235970199e+00 2.476724031516368107e+00 1.481630481998675641e+00 2.857349497033210284e+00 3.116069208198365595e+04
1.264188101629367593e-04 -4.430648369326072533e+00 2.312129517224880804e+00 1.892434269145861991e+00 2.792323101237937699e+00 3.367357750494789798e+04
1.262815098830576024e-04 -4.429235034300339713e+00 2.484365660421497424e+00 1.777319609288960489e+00 2.776552471466697813e+00 3.585521049925873376e+04
1.259699432778186743e-04 -4.429205321466376688e+00 2.437346886054362116e+00 1.566878037702438720e+00 2.799992085196839398e+00 2.869436998442509866e+04
1.256830731887234424e-04 -4.428985208410578522e+00 2.487938361530372511e+00 1.581930706288172228e+00 2.815341873818183238e+00 3.048611305122658450e+04
1.254457905812510069e-04 -4.428374936851369625e+00 2.251767261061893066e+00 1.369724797483072853e+00 2.888974070503627090e+00 2.837005355405464070e+04
1.253333388893923387e-04 -4.426771755495193972e+00 2.214061376368237521e+00 1.590183723041095787e+00 2.787725893261299603e+00 2.642372947998954260e+04
1.250314233526227635e-04 -4.426683562016327400e+00 2.406280406532240068e+00 1.945983368536298164e+00 2.874660976744712215e+00 4.241093731740116345e+04
1.247632859352982096e-04 -4.426330425103031985e+00 2.333361612149126518e+00 1.694963676092868354e+00 2.864403583302457257e+00 3.068620069384485396e+04
1.245067874237644338e-04 -4.425888422668542432e+00 2.271331487998804910e+00 1.772690951643783652e+00 2.945911721822336293e+00 3.561477506230551080e+04
1.242387770323860380e-04 -4.425543319345193183e+00 2.376409686267763721e+00 1.602901420611865468e+00 2.965576279857072173e+00 3.641041474918051972e+04
1.240542276803102489e-04 -4.424529864536220991e+00 2.225913436014264946e+00 1.767035636231129470e+00 2.816050727926091568e+00 2.942650558284742146e+04
1.237908708345779568e-04 -4.424155038255036310e+00 2.541201652300686398e+00 1.772519204534322990e+00 2.942704298688361586e+00 4.298162847486449027e+04
1.235070565318840410e-04 -4.423950362201521713e+00 2.307629838220129237e+00 1.284686017567036487e+00 2.840960015749053547e+00 2.645686882520832296e+04
1.232152770823846839e-04 -4.423815608843387537e+00 2.437134396224113875e+00 1.824774070391752101e+00 2.976789102406703691e+00 4.248290995699197083e+04
1.229677608852790488e-04 -4.423326440154515815e+00 2.279616833653799635e+00 1.661989792519007914e+00 2.964159268484799270e+00 3.527498536046421941e+04
1.227004001273380020e-04 -4.423003041814194347e+00 2.391290498283098476e+00 1.791426072984795059e+00 2.784188680652113224e+00 3.621199368191583926e+04
1.224381182511312947e-04 -4.422642909330933847e+00 2.252703180869794597e+00 1.272514392149562301e+00 2.841450724447414089e+00 2.791142928636306897e+04
1.221622436413322208e-04 -4.422398627389905634e+00 2.510893570052289636e+00 1.792455473772303520e+00 2.823317801226339352e+00 3.977621275945250818e+04
1.218696973119521123e-04 -4.422296235411049103e+00 2.282288079253281143e+00 1.600040548637294169e+00 2.945088800122939610e+00 3.318767372010571853e+04
1.216245944418617008e-04 -4.421809448543148946e+00 2.281585836397863165e+00 1.868629419841078221e+00 2.932708306777408680e+00 4.082338783486009197e+04
1.213496880198878950e-04 -4.421572293289451672e+00 2.540816534495977219e+00 1.846616759851193779e+00 2.900590135225733501e+00 4.043483088926864002e+04
1.211212379334942313e-04 -4.420956644191265106e+00 2.394150203072583860e+00 1.419407001692472914e+00 2.770697675305572538e+00 2.658300749085452117e+04
1.208748039338580240e-04 -4.420493322832118821e+00 2.391930642986600741e+00 1.800511370230936325e+00 2.777896654017183664e+00 3.577162291664475197e+04
1.205887980237836020e-04 -4.420362259943203753e+00 2.546408924463295698e+00 1.655947900382288784e+00 2.828993273109258411e+00 3.709936481210136844e+04
1.203633452479899049e-04 -4.419733609486112158e+00 2.481262029884164111e+00 1.442418858223713407e+00 2.803819482472792668e+00 3.032186345671530580e+04
1.200637164735925236e-04 -4.419726082066947725e+00 2.456366924143999597e+00 1.388151646797500582e+00 2.832638076691726958e+00 2.999209155454812571e+04
1.197930681229899115e-04 -4.419482832618520263e+00 2.420673681558861201e+00 1.700261266527152815e+00 2.763913755520051918e+00 2.976542814670256848e+04
1.195524343953212917e-04 -4.418993597861352818e+00 2.393002860722444058e+00 1.580455861050677369e+00 2.747919071632381360e+00 2.926624628327149912e+04
1.193278260190406745e-04 -4.418374108558063895e+00 2.349286217277074318e+00 1.915002387688066188e+00 2.843891068654673671e+00 4.040384393681921210e+04
1.191688344464441744e-04 -4.417207390087781960e+00 2.198818688839561553e+00 1.824023992579551390e+00 2.822073889305756200e+00 3.148468938266263285e+04
1.189141699137660746e-04 -4.416846682898593279e+00 2.429826947717222740e+00 1.475163050701690626e+00 2.890799064332969959e+00 3.175062230778291269e+04
1.187007163619064790e-04 -4.416143317887442521e+00 2.451208963597492740e+00 1.419628556543081510e+00 2.798124476631958846e+00 3.020113729579268693e+04
1.184604558347258419e-04 -4.415669455700379942e+00 2.446176816805026633e+00 1.521684475044261520e+00 2.786953116809800512e+00 3.190735381920883810e+04
1.181878505800477459e-04 -4.415473341829029508e+00 2.171690491682474189e+00 1.382457693479185235e+00 2.836495119112766528e+00 2.635912541665816752e+04
1.178979853760703711e-04 -4.415428934715055931e+00 2.177711141569430797e+00 1.709138734754929168e+00 2.910667124026161456e+00 3.221760083007797948e+04
1.176159323408810039e-04 -4.415324149170065660e+00 2.352766974776735687e+00 1.716157295872638100e+00 2.778007732548790187e+00 2.885049723800356151e+04
1.174239967944128431e-04 -4.414457366043794018e+00 2.352234061316170077e+00 1.792085342178549423e+00 2.775866436492690603e+00 3.049310368072652273e+04
1.171864443630052534e-04 -4.413982446525453796e+00 2.261885245418905566e+00 1.216415341867501887e+00 2.818738142147226178e+00 2.596029997799397097e+04
1.169498956801931483e-04 -4.413503053520940078e+00 2.428060146541112019e+00 1.379632571415002840e+00 2.849380442478319786e+00 3.113907684957201855e+04
1.166831769093836885e-04 -4.413286282378255265e+00 2.135117103698591645e+00 1.597900629107408932e+00 2.864144308823371787e+00 2.950262732712363868e+04
1.167233792267225888e-04 -4.410441799186333611e+00 2.443995629491774846e+00 1.453050359007836523e+00 2.873030259641746298e+00 3.358036720239740680e+04
1.164930753408134059e-04 -4.409916822442722761e+00 2.311733547778679121e+00 1.406138776393331069e+00 2.759094835830143921e+00 2.624693527011376136e+04
1.162154479843203325e-04 -4.409802875899147878e+00 2.305283223210357946e+00 1.640506666904069544e+00 2.970059708840775858e+00 3.675182073935731751e+04
1.159992804840926560e-04 -4.409164666183466252e+00 2.301901824109140016e+00 1.940229233879064985e+00 2.875452825517091249e+00 3.889634003005950944e+04
1.157708718839257862e-04 -4.408635659184739097e+00 2.279321960872023656e+00 1.330269253271944230e+00 2.876204792311820135e+00 2.809023524228378665e+04
1.154861260730164998e-04 -4.408598252380409477e+00 2.469040513451280283e+00 1.693917463984030203e+00 2.842478985940260383e+00 3.239080737041919565e+04
1.152100442621767313e-04 -4.408491720310435014e+00 2.327537912126818487e+00 1.695652869872877000e+00 2.772315951373495402e+00 3.270401674903986714e+04
1.149379894886967630e-04 -4.408355893453807184e+00 2.453471364331649252e+00 1.825352631284741234e+00 2.875849278658040298e+00 3.616078847248253442e+04
1.147163263437975164e-04 -4.407786301013800312e+00 2.174565331419969993e+00 1.372245480135322993e+00 2.834277369865989993e+00 2.696910835862002932e+04
1.144447552786601610e-04 -4.407656434636360032e+00 2.528374402614430139e+00 1.749912264616757529e+00 2.852054455118345988e+00 4.032715765012933116e+04
1.142288862758937572e-04 -4.407044444687908680e+00 2.402282793466411714e+00 1.716841488601555055e+00 2.750731746411754219e+00 3.085960172798292115e+04
1.139817330399691439e-04 -4.406710455483500155e+00 2.430919602266089719e+00 1.442135282357060344e+00 2.784413732513082440e+00 2.770398112985687840e+04
1.137468375665223280e-04 -4.406273398715660150e+00 2.204332821393405695e+00 1.413201309478859136e+00 2.792064784067899375e+00 2.580171966483574579e+04
1.134690949954524026e-04 -4.406218145492639238e+00 2.515795254326702590e+00 1.839246259357402158e+00 2.802297295137977429e+00 3.705354949400453188e+04
1.132221381005962471e-04 -4.405896941639080744e+00 2.445813522970865073e+00 1.650278775326728287e+00 2.757693424249428649e+00 3.148330554073387611e+04
1.129763915443161317e-04 -4.405569782049244765e+00 2.421261243791076989e+00 1.944380284595196517e+00 2.861408291247487412e+00 4.137854439008878398e+04
1.127771772049774928e-04 -4.404834665697833884e+00 2.302063633921619612e+00 1.463450145977734707e+00 2.791008318918850151e+00 2.980656232222222025e+04
1.126274436500504170e-04 -4.403663241628390068e+00 2.398873808960998222e+00 1.850618590678677178e+00 2.775296355160387307e+00 3.379146398598312953e+04
1.124311817232766665e-04 -4.402907338093906553e+00 2.537992061388372633e+00 1.862747669745730583e+00 2.897649884032035494e+00 4.117032337627430388e+04
1.121705842046478925e-04 -4.402727868696082680e+00 2.283062980415984988e+00 1.567366731300659843e+00 2.891971679053842337e+00 2.986581292270838094e+04
1.119032595819529404e-04 -4.402613910234934202e+00 2.268727057908077160e+00 1.506796959521357948e+00 2.868591029039918361e+00 3.296229075878808362e+04
1.116649800255018252e-04 -4.402245515753616445e+00 2.445606365032770402e+00 1.393251696107870252e+00 2.846203254526629145e+00 3.052060805258872279e+04
1.114010047016287072e-04 -4.402112308229142457e+00 2.425344862476306318e+00 1.924607007160027639e+00 2.843640482012564252e+00 3.838203705567773432e+04
1.111676766466512410e-04 -4.401708992623746042e+00 2.419404531083618970e+00 1.914759947508115179e+00 2.869685640728194542e+00 3.855101540778855269e+04
1.109367954097752320e-04 -4.401288026133526543e+00 2.450020526112027142e+00 1.611296154002350267e+00 2.818446112900609535e+00 3.008853807616346239e+04
1.106900890926759440e-04 -4.401014348265460896e+00 2.215189320300633646e+00 1.684450687135746305e+00 2.923476765000160960e+00 3.596730854409817402e+04
1.104752133724904546e-04 -4.400457472122594638e+00 2.476345701797700194e+00 1.778381269906086803e+00 2.928108551946966287e+00 4.274619559980239137e+04
1.102416913925226375e-04 -4.400073504579203210e+00 2.254057706314195997e+00 1.544114317597303110e+00 2.901156903190537761e+00 3.402577778157323337e+04
1.099855417866630030e-04 -4.399899735696685354e+00 2.412211580413076817e+00 1.901115939402122645e+00 2.800182180355064610e+00 3.783524935549390648e+04
1.097815150245736051e-04 -4.399256490968982192e+00 2.307334101720730946e+00 1.789967135569331624e+00 2.879514458351092543e+00 3.290850858939735917e+04
1.095302553790068718e-04 -4.399047838624749573e+00 2.170631954967025212e+00 1.742858498034786319e+00 2.898466376601620542e+00 3.250220663721725577e+04
1.093745314058621447e-04 -4.397970594167929903e+00 2.505947811167765771e+00 1.887891029639635176e+00 2.913970489447622825e+00 4.353561122503557999e+04
1.091055604872912698e-04 -4.397932796120747057e+00 2.404726908194680490e+00 1.496548304983404520e+00 2.806491246372698534e+00 3.224734562946391816e+04
1.088560676336378016e-04 -4.397722125346000155e+00 2.446376004632309975e+00 1.565672440688083311e+00 2.770690591979394934e+00 2.887460145365727294e+04
1.086079059141280409e-04 -4.397504451224479638e+00 2.279334408092246633e+00 1.244570622601378851e+00 2.800728625966534047e+00 2.588724659497325410e+04
1.083460492519539785e-04 -4.397418390063526417e+00 2.449330953675326938e+00 1.917592740865629697e+00 2.912135443940055968e+00 4.233737476882397459e+04
1.080918623407680127e-04 -4.397267211729532832e+00 2.483643999980938766e+00 1.581613983868717321e+00 2.811307869521110447e+00 3.447171298573946115e+04
1.079129770920018782e-04 -4.396423519894961274e+00 2.542655204203754238e+00 1.686104284589691193e+00 2.881468020236742866e+00 3.600354819086336647e+04
1.076779264205039152e-04 -4.396104045703803642e+00 2.427917796147707641e+00 1.844558645137742037e+00 2.816772909796138258e+00 3.416787458066381805e+04
1.074899790799657836e-04 -4.395351029185395220e+00 2.383271787462082791e+00 1.911193714068815330e+00 2.809542056481051375e+00 3.614675955914667429e+04
1.074183808481976582e-04 -4.393517343277979492e+00 2.365123182399918811e+00 1.529636854260599144e+00 2.821773923039201826e+00 2.783351095773763154e+04
1.071687439996788828e-04 -4.393344015591718943e+00 2.273882681069869793e+00 1.625012295178904331e+00 2.851744824095717945e+00 2.869842751854695962e+04
1.069597449549652046e-04 -4.392796106246283472e+00 2.325803001270952741e+00 1.392692988668344123e+00 2.767523896090854585e+00 2.584416247110516997e+04
1.067045872234064164e-04 -4.392684505379185644e+00 2.320234837862316990e+00 1.811503203895824532e+00 2.971245120924994154e+00 4.010911290562794602e+04
1.064431847353684927e-04 -4.392637288410304208e+00 2.340370431030868392e+00 1.620872620493528871e+00 2.754144366230473651e+00 2.769330156222775986e+04
1.061850024853149194e-04 -4.392565775247497584e+00 2.459122392880273900e+00 1.794051044640881720e+00 2.966811338877456627e+00 4.103984175497327669e+04
1.059651613484735691e-04 -4.392138280981722431e+00 2.297945039022795122e+00 1.310250326170617985e+00 2.778930626105485580e+00 2.593010944453242701e+04
1.057510452075351008e-04 -4.391660952910537041e+00 2.421226323483421705e+00 1.415420717599387590e+00 2.871917411404575571e+00 3.085069050572752167e+04
1.055128144431282972e-04 -4.391416245091391168e+00 2.316031464531738582e+00 1.530458143087570111e+00 2.755895092715724637e+00 2.823738277122491127e+04
1.052614112881194276e-04 -4.391301767072162576e+00 2.237159016247689092e+00 1.622177251542065601e+00 2.774371974473206492e+00 2.925245511166008873e+04
1.050021734782236976e-04 -4.391267604811384118e+00 2.480656778235971860e+00 1.634071116039617966e+00 2.813786473603633986e+00 3.573467946705904615e+04
1.047756653167214870e-04 -4.390927110799527355e+00 2.156939998322852770e+00 1.481826376237005860e+00 2.860152978557857217e+00 2.797002516253720023e+04
1.046357053086298091e-04 -4.389763810220511431e+00 2.458243109829772344e+00 1.712924215621857371e+00 2.913806160399032397e+00 3.574355557029366173e+04
1.044279814559612016e-04 -4.389250993401294210e+00 2.264512637882588830e+00 1.385335585691998217e+00 2.787691802970778454e+00 2.533731588316544730e+04
1.042580611509541771e-04 -4.388379471668797827e+00 2.351146844717464823e+00 1.681030767939166726e+00 2.933694764835804492e+00 3.437021341909819603e+04
1.040578587551804069e-04 -4.387801575917972485e+00 2.226888605053054082e+00 1.820947017186551387e+00 2.922608659526148678e+00 3.807407914192043245e+04
1.038157838080790775e-04 -4.387630635567330906e+00 2.202506231842285445e+00 1.707682567149378716e+00 2.933201307547399495e+00 3.560322645066145924e+04
1.036024513122451999e-04 -4.387187663686717976e+00 2.308648777485075687e+00 1.634628574553518066e+00 2.764878354003937222e+00 3.058835521856928972e+04
1.034256230209626534e-04 -4.386395918326600807e+00 2.330960248610459473e+00 1.262510735330745870e+00 2.835176147044511374e+00 2.753725644317308252e+04
1.032030315852730469e-04 -4.386050426104993072e+00 2.446688297581550486e+00 1.661985051953282166e+00 2.963500270149852511e+00 3.897778547490554774e+04
1.029878915254902949e-04 -4.385637231233079802e+00 2.532044483054669559e+00 1.575763041493190020e+00 2.883430662975668302e+00 3.556089125512035389e+04
1.027370577082818134e-04 -4.385575768147933928e+00 2.450568202536751894e+00 1.766552711229892658e+00 2.914341631314097292e+00 3.663351083888558787e+04
1.024830433567599017e-04 -4.385551300319741053e+00 2.341142728858354616e+00 1.817976248400898776e+00 2.970734331260503236e+00 4.080442449564729031e+04
1.023478340983191147e-04 -4.384371504380371931e+00 2.448987020540265291e+00 1.738427965562704625e+00 2.967290790861540017e+00 4.144845504430992150e+04
1.021110109289781123e-04 -4.384188090637326063e+00 2.313813209495655165e+00 1.764044337908747373e+00 2.893228387775560684e+00 3.314933205309900950e+04
1.018654032987086934e-04 -4.384096288172300682e+00 2.338122310946549653e+00 1.875554801884359524e+00 2.946070527459422550e+00 4.021235381555881759e+04
1.016621123689061620e-04 -4.383593963982786335e+00 2.520759100054430046e+00 1.647030151461992942e+00 2.922323148378617397e+00 3.738722215708498697e+04
1.014817873479573527e-04 -4.382869307161326056e+00 2.377838112229357925e+00 1.724664818947670986e+00 2.974892969292223022e+00 3.864665071095991152e+04
1.012542679729119572e-04 -4.382613796630160152e+00 2.547822733515960891e+00 1.622392601421833280e+00 2.863391916764015832e+00 3.722576982034949469e+04
1.010129200083594812e-04 -4.382500225012361028e+00 2.339831193711009671e+00 1.923970859966836588e+00 2.892304576895888601e+00 3.898960695869237679e+04
1.008255589811929279e-04 -4.381856769729900236e+00 2.401184993537557322e+00 1.892496571115660053e+00 2.894336992482787529e+00 4.273468473940971307e+04
1.005744315008435635e-04 -4.381850589217160419e+00 2.370987569380226034e+00 1.640103057156991895e+00 2.963849993233842905e+00 3.669917215911823587e+04
1.003827439893436045e-04 -4.381258334677551325e+00 2.578112606405886353e+00 1.699416609240069764e+00 2.879166106497235589e+00 3.788562383518416755e+04
1.001485831723618862e-04 -4.381093739591332081e+00 2.291062571530766423e+00 1.256505010561211222e+00 2.835698457631383285e+00 2.734322400715477852e+04
9.990812721192941911e-05 -4.380997618729029597e+00 2.284609562522792015e+00 1.763656533386902758e+00 2.782051897031911469e+00 3.307909275884938688e+04
9.966586778115741317e-05 -4.380925385430511909e+00 2.467842270572399688e+00 1.504518152684241494e+00 2.786807391487547747e+00 3.077958514416580510e+04
9.942855074897379486e-05 -4.380809351252664463e+00 2.183727256226404290e+00 1.710301712394113993e+00 2.922737720977861109e+00 3.450540835451121529e+04
9.918429712806517136e-05 -4.380768947866444663e+00 2.454410848891616759e+00 1.650049566860280148e+00 2.854254446476303109e+00 3.202957203837438647e+04
9.894459509192185954e-05 -4.380688606608861058e+00 2.277737948796983325e+00 1.834002064204174998e+00 2.950016116152821777e+00 3.963733514127127273e+04
9.873666097609056327e-05 -4.380292338613148040e+00 2.204656087333863645e+00 1.617809478970116288e+00 2.929392737829377591e+00 3.385497837257097126e+04
9.849805613240828286e-05 -4.380211841260344130e+00 2.356113741755030855e+00 1.516173530713653905e+00 2.792711411650538711e+00 3.135005074306295865e+04
9.832794785881157683e-05 -4.379440355912892713e+00 2.525962831018162991e+00 1.623340327334788391e+00 2.798677753665755219e+00 3.349293648231797852e+04
9.823216551880861063e-05 -4.377914941711995134e+00 2.483846017945218865e+00 1.544458879290470987e+00 2.820342932049118012e+00 3.387291364864877687e+04
9.800002309286712004e-05 -4.377780940235250107e+00 2.546843038998495068e+00 1.606852780394174784e+00 2.831951582641599074e+00 3.417926057733751804e+04
9.776399287155486200e-05 -4.377692316345620505e+00 2.365872861601395538e+00 1.344516729860589122e+00 2.784643664283312781e+00 2.763210899832164796e+04
9.752899915720250970e-05 -4.377598893512852030e+00 2.379353697808324952e+00 1.704933157716987280e+00 2.808433261878734655e+00 2.984644635144061976e+04
9.730295903617196718e-05 -4.377419254346306410e+00 2.370630308886922943e+00 1.397869704926610890e+00 2.859160793359153629e+00 3.161579530605371838e+04
9.718049268756319317e-05 -4.376178655737126277e+00 2.327723669650234140e+00 1.446667274100021272e+00 2.785348564979522212e+00 2.605748214060746614e+04
9.697309458274118346e-05 -4.375815089955253256e+00 2.183462038960076956e+00 1.712118177701059452e+00 2.890981801210758650e+00 3.146822046088742718e+04
9.673946604297204615e-05 -4.375727206673875713e+00 2.232460869355632926e+00 1.376600039604963355e+00 2.870825905977143933e+00 2.769187784179516893e+04
9.650631797113676670e-05 -4.375640177142015474e+00 2.280740912053763836e+00 1.548757124038358857e+00 2.927665466709459707e+00 3.462326067866408994e+04
9.630530679398030991e-05 -4.375225230366634577e+00 2.362180509382688420e+00 1.774815915947014933e+00 2.846519681632156296e+00 3.211358454766581053e+04
9.607651304228180067e-05 -4.375103769666853104e+00 2.508243653323666944e+00 1.897037844624356318e+00 2.875549509381238877e+00 4.159788548762383289e+04
9.592551956979566226e-05 -4.374176602012005866e+00 2.574807172178795511e+00 1.699208352756664375e+00 2.892760912806280338e+00 3.865996174854859419e+04
9.573478148817622950e-05 -4.373666979190121040e+00 2.410437905218226984e+00 1.886182477927884404e+00 2.847297430192894829e+00 4.107801923524434096e+04
9.551062396800566717e-05 -4.373511167509685826e+00 2.444555875807658651e+00 1.721439677542288660e+00 2.778364497944687095e+00 3.467064714765350800e+04
9.531479406068862437e-05 -4.373063619201767338e+00 2.456544854553794899e+00 1.538373599458700447e+00 2.780877475270751020e+00 3.123771169324016228e+04
9.514209325390656836e-05 -4.372377161957301084e+00 2.453295416504649662e+00 1.866319271876138330e+00 2.936367241424753693e+00 4.130689090978963213e+04
9.491884405678456397e-05 -4.372226401132436990e+00 2.316213513280226621e+00 1.795910215035843471e+00 2.859429229295415986e+00 3.244709382485549577e+04
9.472609479919122995e-05 -4.371759140051035608e+00 2.242174157222204478e+00 1.572187264063480860e+00 2.844466022221384005e+00 2.774354120809150118e+04
9.449074643693969506e-05 -4.371746746144435036e+00 2.254922413882350263e+00 1.326409772850033697e+00 2.791798225778785003e+00 2.612490979104338112e+04
9.432525455510597321e-05 -4.370999689998148696e+00 2.295174139543651126e+00 1.667712655368118746e+00 2.922237665561233655e+00 3.289965815697626385e+04
9.410692143759759266e-05 -4.370817056595074135e+00 2.236742062553453092e+00 1.587119155235148904e+00 2.938427096382650205e+00 3.375732515398900432e+04
9.394123308880131262e-05 -4.370079247690116020e+00 2.387639619158063109e+00 1.613877442609980672e+00 2.927191428786969141e+00 3.790503790342394495e+04
9.371485059657016614e-05 -4.369991986969393061e+00 2.253152205845491807e+00 1.852735113855829230e+00 2.900517436020156659e+00 3.888565364869022596e+04
9.354009786344582428e-05 -4.369358456029826421e+00 2.285324977653167888e+00 1.524903369226864536e+00 2.764499973701843860e+00 2.649446481376278462e+04
9.334442595018481133e-05 -4.368952497641939381e+00 2.298595706524682480e+00 1.875182039851418736e+00 2.915591761407473115e+00 3.758153892322605680e+04
9.320540863793521616e-05 -4.367942901943716372e+00 2.250074819641247004e+00 1.574861347281101498e+00 2.832645712943868688e+00 2.745528692927092197e+04
9.298916728720691435e-05 -4.367765648961184688e+00 2.256814307367647210e+00 1.686739162881635723e+00 2.771306364891658269e+00 2.834923121408241423e+04
9.279975458975322144e-05 -4.367304659265618838e+00 2.300621944024245913e+00 1.484060886365015985e+00 2.800637704040429998e+00 2.628916371507436270e+04
9.257228754617180370e-05 -4.367258828245242697e+00 2.342071231026317424e+00 1.860579726396581979e+00 2.932731699473824616e+00 3.856345002378028585e+04
9.237034453819045635e-05 -4.366942673970420685e+00 2.255423240953945196e+00 1.610299689760803288e+00 2.929957941613181127e+00 3.538881045093156717e+04
9.213972000484055899e-05 -4.366942533845536545e+00 2.244160611428061003e+00 1.544643486943648947e+00 2.921807705195429428e+00 3.354239636436014553e+04
9.192346756481844020e-05 -4.366792297993153937e+00 2.416449060032516361e+00 1.793774947747958093e+00 2.782777388003808472e+00 3.222165926832549303e+04
9.169862438189802021e-05 -4.366741276685329964e+00 2.269950551730846922e+00 1.561220856684792935e+00 2.772153120814877525e+00 2.902219064335719668e+04
9.156082319090543984e-05 -4.365745168777003471e+00 2.308654261604495161e+00 1.605734039441700789e+00 2.768276158110686946e+00 2.717936222873517545e+04
9.133768068541292496e-05 -4.365685239214737834e+00 2.207204982799123361e+00 1.377445939426498622e+00 2.849824093719393936e+00 2.840115212981629520e+04
9.111897175068433207e-05 -4.365582620034347272e+00 2.380760911481903719e+00 1.613764012680227289e+00 2.791969111664151182e+00 2.830660392918921571e+04
9.090649079761535826e-05 -4.365417249998798432e+00 2.546623786107947485e+00 1.647140875943074345e+00 2.864305963758791762e+00 3.534931431217373756e+04
9.068129852080354376e-05 -4.365397509195743098e+00 2.364665338987006038e+00 1.377505044234330400e+00 2.781516251230448766e+00 2.798345616192931993e+04
9.047474838184881647e-05 -4.365177866180690813e+00 2.233460943917227937e+00 1.717341907719348360e+00 2.783061104748556502e+00 2.891234661475576286e+04
9.027271227358095581e-05 -4.364913429454210458e+00 2.401588801636460158e+00 1.698919349199049744e+00 2.797999673008752186e+00 2.998321634284761967e+04
9.025735598794692495e-05 -4.362583553864164188e+00 2.236108505720378670e+00 1.607369094648841923e+00 2.889915680658130981e+00 3.435807926350053458e+04
9.003199983970434895e-05 -4.362583493636822851e+00 2.438639696043947591e+00 1.776269965002791773e+00 2.938517534174096113e+00 3.815095252899177285e+04
8.987145287515825316e-05 -4.361868306598914558e+00 2.266718494582023347e+00 1.374644892301000398e+00 2.850477140775575791e+00 2.697910308435946354e+04
8.969351184202362267e-05 -4.361350219848649346e+00 2.405329217490331573e+00 1.790546626140092634e+00 2.971334342561719577e+00 4.088079175294084416e+04
8.948439817720495193e-05 -4.361184366504761378e+00 2.278749635927106887e+00 1.881744592060073717e+00 2.916392128979210074e+00 3.818088489063911402e+04
8.935207963961195666e-05 -4.360164138007237788e+00 2.517639798704566445e+00 1.744808151141080010e+00 2.938246581017107673e+00 4.166861209399023210e+04
8.916882129987868937e-05 -4.359717213060522845e+00 2.502262262494856948e+00 1.785665077931469558e+00 2.846228595027938901e+00 3.557197659002282307e+04
8.894890313213800676e-05 -4.359686571797194432e+00 2.449910320358131610e+00 1.730736066869717149e+00 2.842558735375968926e+00 3.286927074451665248e+04
8.873273853094540040e-05 -4.359619740534448340e+00 2.247708527365212205e+00 1.349509301140730644e+00 2.813790304676413001e+00 2.575072364061280314e+04
8.857709079897925909e-05 -4.358875399231253667e+00 2.259996623013160288e+00 1.831257905391157736e+00 2.940164862976410554e+00 3.831265290011548495e+04
8.838588743642054760e-05 -4.358536342032624411e+00 2.524771969725655651e+00 1.831839403060457006e+00 2.907205129171055447e+00 4.294094351890783582e+04
8.817300752718223067e-05 -4.358447775480263076e+00 2.444214030798952386e+00 1.759075635087720801e+00 2.967073900507753770e+00 4.128982363928656559e+04
8.796800174744951112e-05 -4.358275522699878834e+00 2.153739935755908164e+00 1.591790366564486359e+00 2.844866517747033363e+00 2.924276655260960251e+04
8.775269231532394803e-05 -4.358226111015904181e+00 2.439352569613680632e+00 1.500276615581288997e+00 2.865378465029450705e+00 3.110253928310449555e+04
8.753774693038811751e-05 -4.358178560717023586e+00 2.313589760604654710e+00 1.387451626653478431e+00 2.805039274886794054e+00 2.907448891492004623e+04
8.737409835083862972e-05 -4.357549773350298139e+00 2.173862954687187266e+00 1.543781499455329609e+00 2.824617985045624557e+00 2.892059324882299552e+04
8.719357747995691002e-05 -4.357117979097671956e+00 2.319828313421433919e+00 1.468917790637904064e+00 2.841757216324028779e+00 3.202906732312787426e+04
8.701790020396381841e-05 -4.356634807585413327e+00 2.408391464547241956e+00 1.452993398747958631e+00 2.888362752444371573e+00 3.298634668835486809e+04
8.682773174572895223e-05 -4.356322593748961580e+00 2.515474393631612404e+00 1.543375785075666862e+00 2.850655398669029950e+00 3.380901267003553221e+04
8.661755133622743282e-05 -4.356246188194968560e+00 2.361528593838303269e+00 1.888630226695175773e+00 2.934397488838484946e+00 4.175916883941012202e+04
8.646701148957857297e-05 -4.355485683412221753e+00 2.280722567921210864e+00 1.775734392395426742e+00 2.779848280417305695e+00 3.016537613308566506e+04
8.625899955959172630e-05 -4.355394261359277763e+00 2.544357439563115886e+00 1.710864549334474960e+00 2.895590831327528480e+00 3.753892212521429610e+04
8.607441389288169480e-05 -4.355036454606661778e+00 2.237327210827750879e+00 1.360067643399321735e+00 2.807394639156389538e+00 2.577242062709950187e+04
8.590668432334426161e-05 -4.354487013411752372e+00 2.350209618510353149e+00 1.430979970271349266e+00 2.794534527422527503e+00 2.653853598640319979e+04
8.569815207106371382e-05 -4.354417391940789805e+00 2.533984964258136685e+00 1.755684175445917150e+00 2.889651979582681385e+00 3.766795007749519573e+04
8.550165206134574829e-05 -4.354212956436365189e+00 2.415541892464483364e+00 1.912300861598963841e+00 2.831273131450499747e+00 3.969813354814915510e+04
8.536998459252902378e-05 -4.353254084003879143e+00 2.205714162456497984e+00 1.681159155987977272e+00 2.898816329856238827e+00 3.143201213326059224e+04
8.517064225165132930e-05 -4.353091854602633148e+00 2.288685777292926105e+00 1.509053951022305107e+00 2.911763060695607752e+00 3.362251168185685674e+04
8.498604494814054899e-05 -4.352761588616241184e+00 2.207586477334940511e+00 1.471653045276882565e+00 2.795444894139859748e+00 2.666966973886881169e+04
8.479521545147719239e-05 -4.352509534903997945e+00 2.307487013541190457e+00 1.740641228791454997e+00 2.795734542279354695e+00 3.422008573566588166e+04
8.458903390465653393e-05 -4.352444019213323578e+00 2.454351712489568182e+00 1.559749023619672936e+00 2.792716405186584261e+00 3.245489887758436817e+04
8.438054598118417487e-05 -4.352411777367402479e+00 2.336390799316161893e+00 1.345287985809745290e+00 2.836126599453093533e+00 2.728684029150110291e+04
8.420288213299755302e-05 -4.352019504276819717e+00 2.527350954135827443e+00 1.652148842229011594e+00 2.906563064911388494e+00 3.889311144304547634e+04
8.404900820360902399e-05 -4.351348594838368555e+00 2.416182216238494274e+00 1.507225369435787110e+00 2.836785581532601519e+00 3.348687338003161130e+04
8.384367937694240172e-05 -4.351294549239282716e+00 2.358803028343189556e+00 1.632192454986473473e+00 2.948631630103082379e+00 3.776222926495656429e+04
8.364774112021274640e-05 -4.351134231421578846e+00 2.234337708295478286e+00 1.722928973865286428e+00 2.915609797811021142e+00 3.311248168667082064e+04
8.360146642397004563e-05 -4.349187593653936368e+00 2.248689265098657852e+00 1.664647122133112278e+00 2.945464452464801930e+00 3.460373218419340265e+04
8.345281202124042296e-05 -4.348467307928249426e+00 2.456201953992932729e+00 1.591871676459585050e+00 2.906407810781800549e+00 3.741048495500557328e+04
8.324481233332792815e-05 -4.348462841942776436e+00 2.446531493711758820e+00 1.509517262134055571e+00 2.893647217988241760e+00 3.462986993146565510e+04
8.304344359272565978e-05 -4.348384766905692977e+00 2.398165327425113347e+00 1.596289838542896300e+00 2.758509565011542097e+00 2.967691369635655428e+04
8.293013963793244986e-05 -4.347250092280836142e+00 2.287848619076402468e+00 1.288332773050542723e+00 2.816626153072535388e+00 2.712376747209046516e+04
8.272426671240258676e-05 -4.347235664938481570e+00 2.451997970422153728e+00 1.721117467647734323e+00 2.790464725494098630e+00 3.158058463873484288e+04
8.253664192517451220e-05 -4.347006315262124332e+00 2.188020721128084212e+00 1.500488233776991809e+00 2.810872262066094862e+00 2.780781461920448783e+04
8.240592009854415657e-05 -4.346091374356582548e+00 2.510638559334379849e+00 1.569154294613460898e+00 2.834830327726462151e+00 3.451916831096243550e+04
8.220743577954074276e-05 -4.346002896971307372e+00 2.474662481385588197e+00 1.564698401526447569e+00 2.834762158873941118e+00 3.120543748964622500e+04
8.203482633491434770e-05 -4.345604786046051160e+00 2.427999410750713682e+00 1.416022067285907626e+00 2.829807607976742467e+00 2.935866672173157349e+04
8.188219164200247853e-05 -4.344967127600464885e+00 2.472416669787482313e+00 1.672046478529235491e+00 2.778452980645334414e+00 3.321776017711669556e+04
8.175442741911965940e-05 -4.344028688204426558e+00 2.348926193687291608e+00 1.567979769339725937e+00 2.911811237552988541e+00 3.218934726419530125e+04
8.156241530019224203e-05 -4.343880095495940452e+00 2.481585646006344792e+00 1.868316868862166302e+00 2.877765788205385533e+00 4.242730845892523212e+04
8.137630095501220131e-05 -4.343664566988031162e+00 2.365771717666144358e+00 1.809252001269154420e+00 2.828697663561861475e+00 3.830779590687002928e+04
8.122098745185767923e-05 -4.343074974620445339e+00 2.196941858244417123e+00 1.708965539610631579e+00 2.922378347287398981e+00 3.424018743380164233e+04
8.103765636755605407e-05 -4.342834714477755043e+00 2.376862744946358408e+00 1.698834302879555835e+00 2.762509739048330637e+00 3.178126853564217527e+04
8.085090250339215575e-05 -4.342641905897693277e+00 2.202286303716253002e+00 1.830513252265806301e+00 2.875210176323056643e+00 3.510009201954437594e+04
8.066937008514767711e-05 -4.342389704168084563e+00 2.317559594671203094e+00 1.838530750277197479e+00 2.790227611891697546e+00 3.242101461517497228e+04
8.047010394685029345e-05 -4.342362918643518199e+00 2.449736272233292489e+00 1.835806614768061618e+00 2.835425836804224886e+00 4.010533045164176292e+04
8.027580443229265553e-05 -4.342280393665356897e+00 2.300882361641884533e+00 1.804413580994594035e+00 2.883432307207198342e+00 3.910129306818959594e+04
8.009591440042492395e-05 -4.342023808010781138e+00 2.234935524237391835e+00 1.782777843529307127e+00 2.813542804179808510e+00 3.362395814896612865e+04
7.991697764209813458e-05 -4.341760338213202175e+00 2.197350475845271323e+00 1.505503088326312078e+00 2.895020274861727305e+00 3.065870440727147798e+04
7.983540512875664317e-05 -4.340281575192784125e+00 2.405220243499038624e+00 1.464919924547877228e+00 2.787509074423367483e+00 2.999541381348156938e+04
7.974244004328243508e-05 -4.338946713071305084e+00 2.403343944747523775e+00 1.755988991189059378e+00 2.836996483686277770e+00 3.837428470275943982e+04
7.955686057879054313e-05 -4.338776661134113866e+00 2.519439266066376248e+00 1.647870978599142999e+00 2.832796152888787500e+00 3.345033792291207646e+04
7.936086236348860099e-05 -4.338743325154357677e+00 2.393759002225798849e+00 1.621931723379374635e+00 2.761393629591410548e+00 3.053979261607883745e+04
7.918712587897676998e-05 -4.338434920973098130e+00 2.331874428281223821e+00 1.741438583480929392e+00 2.790468604842924805e+00 2.973040910508114393e+04
7.903381843338032613e-05 -4.337872812245850085e+00 2.520917077339426715e+00 1.749424112773148465e+00 2.802138164934937947e+00 3.556074519178640912e+04
7.886248029641706352e-05 -4.337543074697751244e+00 2.479607163309351048e+00 1.871016949864543477e+00 2.862828948379887883e+00 4.179530576648669376e+04
7.867953065333275478e-05 -4.337365626304413802e+00 2.179733325686775025e+00 1.665209579890240210e+00 2.902968887384098640e+00 3.211414964367076391e+04
7.849062314293228995e-05 -4.337269487302258142e+00 2.318121170526054264e+00 1.307327163250402879e+00 2.824779193301373503e+00 2.686577798245154554e+04
7.830038975068062852e-05 -4.337196073904223681e+00 2.379411479175961741e+00 1.355831842305015744e+00 2.804273503858748740e+00 2.749274085215321975e+04
7.811261836177407108e-05 -4.337097044020143954e+00 2.344478857281607542e+00 1.459493840813202548e+00 2.873841579720402883e+00 2.948880153704452096e+04
7.792707145596572513e-05 -4.336975246559219066e+00 2.175112430094384486e+00 1.555981728264715702e+00 2.819880905127770010e+00 2.822061789134087303e+04
7.774482127476243685e-05 -4.336816713104930443e+00 2.381227315553283042e+00 1.548051927508394598e+00 2.796483700387655258e+00 2.792159165108144953e+04
7.765809163857165720e-05 -4.335432903832240115e+00 2.350426803009962207e+00 1.785261102324506188e+00 2.782489663964385240e+00 3.104572024213938857e+04
7.748526087927125046e-05 -4.335160918477928504e+00 2.410629231326280486e+00 1.789344216078762484e+00 2.961915936655572956e+00 4.145309102562185581e+04
7.734788330483254677e-05 -4.334435443063243909e+00 2.260481459828225681e+00 1.732814651238193671e+00 2.943509574849040078e+00 3.553269648935533041e+04
7.717478436562059398e-05 -4.334175878259297399e+00 2.375891153922643717e+00 1.375234210601055995e+00 2.856354691431608472e+00 3.019005710034404183e+04
7.699693008459047340e-05 -4.333983102519750830e+00 2.328685214838577711e+00 1.406819195586603399e+00 2.777021023947486622e+00 2.750777329110379651e+04
7.686233167596871003e-05 -4.333232733207141862e+00 2.507795481130017823e+00 1.564598791633273978e+00 2.874421107566097255e+00 3.478237149642932491e+04
7.667586257053146074e-05 -4.333161694913133744e+00 2.250653890114030276e+00 1.584024604279318016e+00 2.841645926747200512e+00 2.802417864153807750e+04
7.651083311731257544e-05 -4.332816314363888921e+00 2.180358003637905551e+00 1.507477370528572669e+00 2.821548399095634263e+00 2.762688661257697095e+04
7.633022368496492863e-05 -4.332679678242580046e+00 2.489843680379403068e+00 1.582828843532293694e+00 2.904469021808841145e+00 3.590674943481238734e+04
7.615434256204991006e-05 -4.332486550409935688e+00 2.321714718803734367e+00 1.390470729427333740e+00 2.820131950597723147e+00 2.964116997656238527e+04
7.596597227428466485e-05 -4.332463147756575594e+00 2.246426094764171211e+00 1.681525957572701513e+00 2.919657034378794869e+00 3.286767048395368329e+04
7.579425995658635386e-05 -4.332226090932804752e+00 2.312574850216206901e+00 1.741865884928330610e+00 2.777465859985008834e+00 3.262994694707540475e+04
7.562661829390265975e-05 -4.331940339497666770e+00 2.405160674657083941e+00 1.481964811938901283e+00 2.775600680384571639e+00 2.814868922475160434e+04
7.549691200986434069e-05 -4.331156899660422610e+00 2.467177156555538708e+00 1.799859093137127442e+00 2.799220059111825698e+00 3.708117196245277592e+04
7.531348878532212845e-05 -4.331089401848857712e+00 2.444549831758238589e+00 1.911237620562439066e+00 2.862081394371092102e+00 4.015615460729429469e+04
7.517131609138343040e-05 -4.330478931311387392e+00 2.187439314405882129e+00 1.739683052493781190e+00 2.901634269029554680e+00 3.433427937805133843e+04
7.509916413793449319e-05 -4.328939225826763604e+00 2.287150320708315920e+00 1.533613896001701615e+00 2.772634132210615832e+00 2.677422339718212970e+04
7.491324490215487666e-05 -4.328917945182858773e+00 2.539180430970977564e+00 1.652657496773292323e+00 2.884036374424015392e+00 3.659950685725455696e+04
7.474686617353241361e-05 -4.328641367255302796e+00 2.388978317638121407e+00 1.404598506195460228e+00 2.810143827415856332e+00 2.774445210882526590e+04
7.456891730139961509e-05 -4.328524892321954809e+00 2.361757284097673715e+00 1.589708851505577503e+00 2.944091652777614421e+00 3.582134985495651199e+04
7.440219731279885474e-05 -4.328263179370249958e+00 2.453057669029739873e+00 1.793963281878860672e+00 2.830457959227429043e+00 3.913900018621104391e+04
7.422127345347033674e-05 -4.328197841241159693e+00 2.302520381025643825e+00 1.852782873557993870e+00 2.837509137344100374e+00 3.773925967154882528e+04
7.404881807769691344e-05 -4.328024075099396129e+00 2.314194614409969208e+00 1.526452009783450414e+00 2.773314903564959355e+00 2.680395139979901796e+04
7.388133363407892065e-05 -4.327788448024630696e+00 2.396864459573798012e+00 1.525979171378386789e+00 2.880701267429144785e+00 3.119630552301325588e+04
7.370670944576483230e-05 -4.327654822239741961e+00 2.302927764607636707e+00 1.601757998732957322e+00 2.883257979329004961e+00 3.534278879921720363e+04
7.359285046956823327e-05 -4.326700773890088669e+00 2.332243820859190908e+00 1.413981273210076273e+00 2.813921175572585920e+00 2.682031864345750000e+04
7.341362891206837534e-05 -4.326639056162358443e+00 2.185379264481904116e+00 1.512294706726323268e+00 2.839388469871193976e+00 2.929871339185305624e+04
7.323987528452424354e-05 -4.326508637575322780e+00 2.380152471285237770e+00 1.634401663851375863e+00 2.762892729200306263e+00 3.068325011231434110e+04
7.308773146821205058e-05 -4.326088134049230760e+00 2.457582705806361734e+00 1.716780687012095630e+00 2.775279153226479778e+00 3.265946008935604914e+04
7.295493235328846641e-05 -4.325406769070674784e+00 2.512794807145774190e+00 1.570006487455045896e+00 2.835741042356130670e+00 3.394187352400329110e+04
7.280163198582807348e-05 -4.325010282208242351e+00 2.341728645202047598e+00 1.756634899618396695e+00 2.822282973903978309e+00 3.657805958633006958e+04
7.264173809227380760e-05 -4.324708993058839823e+00 2.479822003160499388e+00 1.656879826688313795e+00 2.834265203660368826e+00 3.674320713309862913e+04
7.246740033026524436e-05 -4.324611844426922147e+00 2.454520177665229674e+00 1.582092921578104106e+00 2.847725626922368747e+00 3.141829052911630788e+04
7.229090720742565159e-05 -4.324550298057595832e+00 2.235834565334759105e+00 1.727576377367731064e+00 2.933593066254518433e+00 3.647484187314123847e+04
7.211072626279533128e-05 -4.324545852073311103e+00 2.344112685368759941e+00 1.756528419667355845e+00 2.965187375259582758e+00 3.911383549407441024e+04
7.196868277195457434e-05 -4.324017591655135995e+00 2.353715697678938845e+00 1.872902646689345252e+00 2.932371109183660618e+00 4.126829692980631080e+04
7.179553664289102652e-05 -4.323926344173470326e+00 2.407977737338560242e+00 1.773387280856164594e+00 2.790697015577065621e+00 3.188466225400531403e+04
7.163705874577857863e-05 -4.323636134230918415e+00 2.457620370424752121e+00 1.687424148002899527e+00 2.786361382100491557e+00 3.140012969003381659e+04
7.147488040172754139e-05 -4.323402589628571491e+00 2.200188077113892415e+00 1.638025239260574084e+00 2.826647497505144102e+00 2.829432886820482236e+04
7.130284302365728672e-05 -4.323312453817479195e+00 2.244327488059055131e+00 1.346067317226864013e+00 2.839895834493268989e+00 2.795992243957605388e+04
7.115288487150853072e-05 -4.322917784501676408e+00 2.544026775822346043e+00 1.720731051536438461e+00 2.836794654257022152e+00 3.778441676559630287e+04
7.098026714467452008e-05 -4.322846743674866765e+00 2.426184377703068495e+00 1.856875839850513632e+00 2.804136407001307951e+00 3.751622671905033349e+04
7.082150631340917264e-05 -4.322585938485047130e+00 2.174635425385487597e+00 1.601458434690615329e+00 2.886038342324019457e+00 3.063094754468342580e+04
7.065023843500441614e-05 -4.322507170546316502e+00 2.474770143271105116e+00 1.797742810004298919e+00 2.803724898086788819e+00 3.731553230639113463e+04
7.047696697630506581e-05 -4.322462707666301363e+00 2.389667361039850668e+00 1.506937092433076941e+00 2.862474201044517219e+00 3.390265350151877647e+04
7.032280932730436093e-05 -4.322152451352636149e+00 2.317680782309711418e+00 1.366802485485254071e+00 2.792749277754092319e+00 2.764813179130106437e+04
7.021391233190548450e-05 -4.321202181784768115e+00 2.427135048998655620e+00 1.750192405741354706e+00 2.839957527816059368e+00 3.855943052841981989e+04
7.010010824728556177e-05 -4.320324316324201774e+00 2.406030250209940213e+00 1.734408625667426262e+00 2.962447391616769288e+00 4.007127175515656563e+04
6.992581430498909895e-05 -4.320313770121522623e+00 2.257499393138861610e+00 1.450795525170239131e+00 2.823173770487224399e+00 2.659040988953190754e+04
6.978310155751924967e-05 -4.319856772119314847e+00 2.294325858129297124e+00 1.641406505234581203e+00 2.828680069380535400e+00 3.397061618733009527e+04
6.961285573649189076e-05 -4.319799395405941489e+00 2.377925213037752172e+00 1.898040506417772999e+00 2.910258363892536337e+00 4.157997236760756641e+04
6.949277420022585141e-05 -4.319025875723784935e+00 2.369442461850366666e+00 1.879654432764419569e+00 2.866468185906284827e+00 3.653408078631550597e+04
6.933593529299122103e-05 -4.318785335954041571e+00 2.340753716275877583e+00 1.372672558194353964e+00 2.846861389821781607e+00 3.002061436451224290e+04
6.917108082256864126e-05 -4.318665786459610523e+00 2.340408829415846270e+00 1.896949825339438567e+00 2.824524173175683828e+00 3.755137129297124193e+04
6.901630732352504502e-05 -4.318405839851449102e+00 2.455308539679733393e+00 1.867977932330795898e+00 2.827391315517470360e+00 3.948262851910086465e+04
6.885633392085082878e-05 -4.318226437658535311e+00 2.404283800617965650e+00 1.552604236097252954e+00 2.857072006425322108e+00 3.486640645969370235e+04
6.873775730377267284e-05 -4.317450009439523839e+00 2.360610959415475829e+00 1.807373724506018631e+00 2.809508148225871693e+00 3.682578423525521794e+04
6.859203003973306733e-05 -4.317072306743796162e+00 2.313376522272818647e+00 1.810684120656614660e+00 2.825296071238230233e+00 3.198276316013450560e+04
6.843634111956641139e-05 -4.316844668092660875e+00 2.519867428309516377e+00 1.630736883020209582e+00 2.897638678621026642e+00 3.692833875714608439e+04
6.830034053771599333e-05 -4.316333902072142514e+00 2.381479682351621108e+00 1.665344224181010579e+00 2.956465520740108488e+00 3.742475336612178944e+04
6.817742230240877587e-05 -4.315635195791865719e+00 2.328433273326552477e+00 1.602830476099337265e+00 2.939939081305834367e+00 3.449358206843765947e+04
6.802300285871384455e-05 -4.315402729240123136e+00 2.329951336985453647e+00 1.618543892293220932e+00 2.944338821778044402e+00 3.642922273376370867e+04
6.794606476937168596e-05 -4.314034429249486990e+00 2.448503556970383244e+00 1.720430360639375822e+00 2.777831664931933897e+00 3.219024951452772075e+04
6.777905596548242746e-05 -4.313995416386943837e+00 2.427878213591736500e+00 1.887258010655893603e+00 2.843937099112050504e+00 4.032893039828896144e+04
6.762443369099914404e-05 -4.313779291670897464e+00 2.260117145054483689e+00 1.347083852614245458e+00 2.844897003706623018e+00 2.829217541491219527e+04
6.746024544288127794e-05 -4.313710186573604055e+00 2.259469828000036706e+00 1.464533211453181494e+00 2.894212440020093702e+00 3.141386803656606571e+04
6.730721240447033922e-05 -4.313481255667450220e+00 2.357188964148914323e+00 1.830596306040245924e+00 2.834087872153750354e+00 3.846957647284131235e+04
6.717892952584413957e-05 -4.312889004907513701e+00 2.360236014603123600e+00 1.499540685236364412e+00 2.890644048731933147e+00 3.105660089519418398e+04
6.702516639082767335e-05 -4.312680487909565485e+00 2.358682014575243624e+00 1.364867308553570524e+00 2.832765195251624846e+00 2.803982559799658702e+04
6.690003110106107096e-05 -4.312049222524505510e+00 2.191242043782757776e+00 1.460782261762180179e+00 2.838315511717724338e+00 2.818787885525155798e+04
6.673559309235031431e-05 -4.312010214384966567e+00 2.252560997935116660e+00 1.401932709959036849e+00 2.811118226429176303e+00 2.810565338414793223e+04
6.659376674638366059e-05 -4.311637673777722668e+00 2.326695798765279655e+00 1.596489368159330846e+00 2.894075469712934279e+00 3.577485729728981823e+04
6.645643209082433131e-05 -4.311202078123357317e+00 2.252261403821982366e+00 1.855221370330864428e+00 2.835350205496972364e+00 3.546313772531231371e+04
6.630058400934649664e-05 -4.311049948806936705e+00 2.289473754508422054e+00 1.494329299951471679e+00 2.788090801257818274e+00 2.913193307640795683e+04
6.615240034391344252e-05 -4.310787478266625783e+00 2.248748574758942187e+00 1.589243078434009693e+00 2.818154501620934838e+00 2.754636865575683260e+04
6.604289262672145540e-05 -4.309944235323243333e+00 2.500567202213555440e+00 1.587092167692553346e+00 2.854156297200926229e+00 3.552230373319466162e+04
6.589444735995527618e-05 -4.309694475163154515e+00 2.219723291060536674e+00 1.540028581772153515e+00 2.793233077434059020e+00 2.766217898802140553e+04
6.575533181438141471e-05 -4.309307894543374040e+00 2.462353428283652335e+00 1.583616682815870202e+00 2.871858148960883206e+00 3.284373943787903409e+04
6.559289990910706293e-05 -4.309281197547848663e+00 2.228255393919905902e+00 1.539510430637540672e+00 2.897828939817411964e+00 3.034089978904503369e+04
6.544283626140440463e-05 -4.309071621789227535e+00 2.365459652060396323e+00 1.725374626269201128e+00 2.954591296571531522e+00 3.955996018987853313e+04
6.528003166420093630e-05 -4.309062458839559184e+00 2.372317820297500823e+00 1.713781060784681287e+00 2.957426075636245599e+00 3.771922652718995232e+04
6.513458965643095886e-05 -4.308792915311297378e+00 2.215654747668889257e+00 1.520635638522035205e+00 2.825549624858907372e+00 2.714021019679691017e+04
6.498626323068460895e-05 -4.308572741898666791e+00 2.338917391675733981e+00 1.687007518299741271e+00 2.768233312025733639e+00 3.125051618385386973e+04
6.482418260009330463e-05 -4.308569932533540481e+00 2.399332135231167396e+00 1.738504571904797569e+00 2.905133883262946526e+00 3.503142404068736505e+04
6.466400709064545655e-05 -4.308543912462176273e+00 2.421762647520913525e+00 1.547259406098183909e+00 2.864526793254698944e+00 3.498392531794208480e+04
6.451896017134481159e-05 -4.308289517797426527e+00 2.304363177220368986e+00 1.423528465792141207e+00 2.779136397770671785e+00 2.690218366155776312e+04
6.438701711738557159e-05 -4.307836639316727556e+00 2.287964925384682324e+00 1.440788621454113461e+00 2.806673117216870850e+00 2.645302271080366700e+04
6.425777038006978670e-05 -4.307345998317064328e+00 2.339419082320870924e+00 1.508496076329310487e+00 2.775513798928863185e+00 2.917211681125552423e+04
6.413415464671495510e-05 -4.306771598724189687e+00 2.545706292294435791e+00 1.756621793235551010e+00 2.886326392235562643e+00 3.869825948957866058e+04
6.397978750993840974e-05 -4.306681441226622553e+00 2.260695253679934069e+00 1.851249898183291220e+00 2.858593000741568524e+00 3.713403759636537870e+04
6.382462259959186760e-05 -4.306609604487205090e+00 2.306092001217041165e+00 1.469687293204743561e+00 2.890597514400982782e+00 3.019636284000435990e+04
6.366631344044557854e-05 -4.306593063240093500e+00 2.390671664154950360e+00 1.726103113405150324e+00 2.902545903380095993e+00 3.451934254719097225e+04
6.350748451266612646e-05 -4.306590889253241627e+00 2.339372745347974902e+00 1.571315689000162497e+00 2.792851523406305603e+00 2.764618637473791023e+04
6.338689919506606868e-05 -4.305991451758442778e+00 2.426471949037748210e+00 1.667356629545616364e+00 2.949364193486951891e+00 3.810342223512118653e+04
6.336306779029427546e-05 -4.303867489805939250e+00 2.336705925850764309e+00 1.829409279360245666e+00 2.816783040551973816e+00 3.274783922900435209e+04
6.320631541266396832e-05 -4.303844430971427215e+00 2.227234091994275467e+00 1.431166148759509760e+00 2.812841883057925596e+00 2.784626218106942542e+04
6.308576109149340049e-05 -4.303253566700666610e+00 2.401876894139746366e+00 1.752861191165235200e+00 2.821925550127406979e+00 3.198080660529932356e+04
6.293447194261024016e-05 -4.303154597359346134e+00 2.479548740271324547e+00 1.653593537523850632e+00 2.821558940372629554e+00 3.579753158577627619e+04
6.278038487897122822e-05 -4.303105972553924907e+00 2.198217313597157219e+00 1.454835251065869750e+00 2.834370273374270610e+00 2.809710928827447424e+04
6.266168037643273989e-05 -4.302498552012476551e+00 2.201022621749078922e+00 1.730779750798324912e+00 2.818234301323105484e+00 3.109431158352541752e+04
6.251628695396606414e-05 -4.302321540489593588e+00 2.453340135032804348e+00 1.691811235808225788e+00 2.924225242378739154e+00 3.662011175642481976e+04
6.236858097332294043e-05 -4.302187016018669041e+00 2.311229508847032932e+00 1.601394635372393349e+00 2.827151698758129328e+00 2.843345786215958287e+04
6.222431119321170838e-05 -4.302002875969932916e+00 2.237618830234206602e+00 1.451521150515802994e+00 2.881602984284876268e+00 2.926411111483320201e+04
6.206963246800456882e-05 -4.301991795389497497e+00 2.245583268347652872e+00 1.694634289501997459e+00 2.784748391327399375e+00 2.948945291605253442e+04
6.196755670584462930e-05 -4.301137685398504829e+00 2.260767176665857914e+00 1.842590185796363356e+00 2.914815028562134813e+00 3.779206051842490706e+04
6.181747899456519759e-05 -4.301062498445811677e+00 2.265469445340185128e+00 1.713341999679392824e+00 2.807344260703489525e+00 3.309146909545746166e+04
6.170536331617400001e-05 -4.300377801706039449e+00 2.363101086428035291e+00 1.671680539854741632e+00 2.947096534414750391e+00 3.825673949445534527e+04
6.156284504507059867e-05 -4.300190130837775904e+00 2.389295901057028715e+00 1.751256443926013429e+00 2.787774631617210286e+00 3.117588720952269796e+04
6.142894740692107130e-05 -4.299867474356056540e+00 2.287455027564353927e+00 1.795609463598412336e+00 2.863368397255129594e+00 3.276156391393008016e+04
6.128559566692915958e-05 -4.299703820181224323e+00 2.186601119905955404e+00 1.547389857451348050e+00 2.879154616524880694e+00 3.008065640737211652e+04
6.115308721931455010e-05 -4.299368307681818990e+00 2.366285745529653539e+00 1.542969872305297363e+00 2.865345869225197628e+00 3.440417834231095912e+04
6.104840796757449292e-05 -4.298581531847922577e+00 2.410451846912362139e+00 1.789763029568340436e+00 2.836832556910249714e+00 3.873636826440202276e+04
6.092371012080157719e-05 -4.298126226851533005e+00 2.422803784423230411e+00 1.639475445442522883e+00 2.776156318724839256e+00 3.200357702820316626e+04
6.078057471086623559e-05 -4.297978411511719443e+00 2.331976768758623031e+00 1.510862772561262890e+00 2.912680870465873095e+00 3.347367058983955940e+04
6.063209381551789309e-05 -4.297924300745073367e+00 2.253751123024567704e+00 1.755576812860748959e+00 2.793248159515467233e+00 3.170314878252058406e+04
6.050277647606643207e-05 -4.297559398397236663e+00 2.334122974525233651e+00 1.660281075040630938e+00 2.865388704582255919e+00 3.635364457006556040e+04
6.035908077933930209e-05 -4.297437249734246123e+00 2.398412190626368456e+00 1.478693144718507657e+00 2.785783730231264244e+00 2.825422769510178114e+04
6.022022730736237501e-05 -4.297240356885161816e+00 2.363065876812870947e+00 1.756437984052036994e+00 2.936832714098518871e+00 4.017422452934072498e+04
6.007950283368182265e-05 -4.297079922197641011e+00 2.491319334329735291e+00 1.697503190847547305e+00 2.816656759789835096e+00 3.632375189642611076e+04
5.994837471433567380e-05 -4.296764884128032591e+00 2.342953260379471825e+00 1.653045600940117765e+00 2.766718547705850462e+00 3.046166778478171909e+04
5.986686000007230098e-05 -4.295625557952764240e+00 2.539336942840970668e+00 1.764151877514454902e+00 2.870674040257318094e+00 3.802014874646502722e+04
5.975865380704745497e-05 -4.294934640632410705e+00 2.317271734025615260e+00 1.709186412365411689e+00 2.828655378404450360e+00 3.006915083781341309e+04
5.964412298792093407e-05 -4.294353035787463746e+00 2.468332970447862706e+00 1.854051202885637295e+00 2.883132150315981690e+00 4.185184575578673685e+04
5.951941925054985555e-05 -4.293946021285399262e+00 2.467602880508149799e+00 1.588844428931397212e+00 2.852442259259644786e+00 3.558648591073854914e+04
5.937243796337625867e-05 -4.293918543214102712e+00 2.443137943723087790e+00 1.864344023315656518e+00 2.913514997925508609e+00 4.218277392332300951e+04
5.923047105643081437e-05 -4.293812531286095968e+00 2.493166245795666924e+00 1.753770448686955419e+00 2.835351461285816832e+00 3.852095844253326504e+04
5.908405572281301351e-05 -4.293787551257782553e+00 2.339546018359290880e+00 1.424256641310115423e+00 2.872114191460089394e+00 2.978765558135545507e+04
5.894060550519089012e-05 -4.293718404043419312e+00 2.360772315228528928e+00 1.663452202935378210e+00 2.767486613959531550e+00 3.092587381552261650e+04
5.880509736742821743e-05 -4.293520113477939049e+00 2.428807089565005572e+00 1.710250302707268411e+00 2.943161373113336587e+00 3.775085561592817248e+04
5.866436257394500156e-05 -4.293416223256382835e+00 2.182719629101041114e+00 1.527969094413715867e+00 2.844834733783384806e+00 2.884310388934646835e+04
5.858638093758338221e-05 -4.292246392183663772e+00 2.286990497376856890e+00 1.426251207861823023e+00 2.796279013067046737e+00 2.820975272072874577e+04
5.848992835037423039e-05 -4.291394080082557849e+00 2.483453048178604128e+00 1.563604237377088424e+00 2.841137863074486347e+00 3.238456620638307868e+04
5.835549411673208125e-05 -4.291195142291440945e+00 2.339551388838690738e+00 1.705200635841610524e+00 2.767707783007783640e+00 3.031556938904893832e+04
5.821426145343593648e-05 -4.291118287672693654e+00 2.318992006189998012e+00 1.428138585486385281e+00 2.802923646798110902e+00 2.914894731320743085e+04
5.806927645039355835e-05 -4.291111935196424199e+00 2.435126296780075084e+00 1.827689222455156859e+00 2.865158485725221915e+00 4.075562843844814051e+04
5.792731480622395878e-05 -4.291059622900139203e+00 2.252803541366537043e+00 1.642635986538008241e+00 2.829100352593160395e+00 2.858598812188682132e+04
5.780566584056335579e-05 -4.290661858749975188e+00 2.276540906606241421e+00 1.549496788609945774e+00 2.776621028736791175e+00 2.827166452760179163e+04
5.770109602107162297e-05 -4.289972486047885170e+00 2.435780028554232146e+00 1.820941193938587332e+00 2.798105872474300426e+00 3.479294267063190637e+04
5.760367725203355147e-05 -4.289162247702198449e+00 2.276519454743943349e+00 1.844812293029784112e+00 2.907140046645817932e+00 3.673519650081374130e+04
5.746020989706677058e-05 -4.289155948078009928e+00 2.231640799722339974e+00 1.529756765927213102e+00 2.807062222401762952e+00 2.920527932221692754e+04
5.731693373126498718e-05 -4.289152546890156792e+00 2.253490714851561716e+00 1.384345804370431088e+00 2.829523829798751056e+00 2.827414161227477598e+04
5.717527321309510627e-05 -4.289127136108755955e+00 2.383615483151821923e+00 1.398222799954932150e+00 2.830337855747677267e+00 2.980053797813260462e+04
5.706686162630970091e-05 -4.288525063164840390e+00 2.383764899058974152e+00 1.429913224973674568e+00 2.791813332968993144e+00 2.835307410541164427e+04
5.693675124393712627e-05 -4.288307630104387869e+00 2.520082019866806800e+00 1.713819775241146370e+00 2.861454162039149374e+00 3.586541334498866490e+04
5.681878084021887634e-05 -4.287881734877115214e+00 2.338016079154509708e+00 1.831197719545689218e+00 2.798863217844314022e+00 3.524709558268678666e+04
5.669459893431624890e-05 -4.287569705241306650e+00 2.365091819387702188e+00 1.497021217126272230e+00 2.785585584590177799e+00 2.978203518316334885e+04
5.656313377108738793e-05 -4.287391228357346762e+00 2.471282280833691836e+00 1.846353184514977208e+00 2.820470766120818151e+00 3.800825579034374095e+04
5.643671381174965784e-05 -4.287128753713099094e+00 2.545200981816311714e+00 1.710658171326084442e+00 2.868400421223484820e+00 3.822028183811342751e+04
5.630645339871140359e-05 -4.286939500771610234e+00 2.295823198275107835e+00 1.512583380123059484e+00 2.902956741439485899e+00 3.121032033539424810e+04
5.618480860757765435e-05 -4.286602243661675971e+00 2.390000277884933855e+00 1.606833415816208310e+00 2.769787273906452629e+00 3.034656298037749730e+04
5.606965977059858878e-05 -4.286153812370355531e+00 2.231706869410380989e+00 1.428177946171622192e+00 2.861264972626725189e+00 2.828918022651936917e+04
5.593985518465516770e-05 -4.285971555538933941e+00 2.539167707839049104e+00 1.708220794993427383e+00 2.879718561207359695e+00 3.877626327980330825e+04
5.581191769515415956e-05 -4.285761229198653766e+00 2.487979263881201497e+00 1.563562935758491479e+00 2.837572837945304904e+00 3.264317446425625531e+04
5.568116981806522003e-05 -4.285606629078433372e+00 2.259976523588401065e+00 1.791651516255026388e+00 2.806943041571038577e+00 3.134368791774040074e+04
5.554546373593429408e-05 -4.285546802715499481e+00 2.319513489908441528e+00 1.459264825713795455e+00 2.891505063398375874e+00 3.089956741564857293e+04
5.542737959937232432e-05 -4.285174966283817000e+00 2.352464396011713088e+00 1.437989575885853410e+00 2.825100960023821273e+00 3.062561844253660456e+04
5.530693342952512301e-05 -4.284850375405936163e+00 2.369367990849751582e+00 1.760716537090813993e+00 2.883979306092088191e+00 3.935571943060179183e+04
5.517496801668989509e-05 -4.284739282075117117e+00 2.346884417275495238e+00 1.745973447706478998e+00 2.929341986345864512e+00 3.588914246626410750e+04
5.505354325090160286e-05 -4.284442429219299520e+00 2.235243889885406787e+00 1.454628141953006271e+00 2.877885738003592930e+00 3.000546524179371045e+04
5.491800406595633732e-05 -4.284407416879874475e+00 2.309126880687882188e+00 1.807789017262641185e+00 2.788965616166675598e+00 3.263853910910761624e+04
5.480695004535234845e-05 -4.283931642990037147e+00 2.237333002428341988e+00 1.817739169701286572e+00 2.852509102526227469e+00 3.548881302701543609e+04
5.467083130917692915e-05 -4.283918335808134970e+00 2.340921941001370854e+00 1.680251588611872515e+00 2.846690259088768826e+00 3.608038503831492562e+04
5.457791248032126526e-05 -4.283119386969701736e+00 2.351218467456443584e+00 1.589075766588647909e+00 2.914581517388680432e+00 3.306092782965373772e+04
5.449700954919855296e-05 -4.282102825040589700e+00 2.402197329357573352e+00 1.585978341732796615e+00 2.871138977324729336e+00 3.155471145149750737e+04
5.438815222249237787e-05 -4.281602314432942258e+00 2.394457858989205157e+00 1.896527022858177869e+00 2.879586958309543920e+00 4.079354795762545837e+04
5.426420203982900716e-05 -4.281383907634948471e+00 2.433936146404448220e+00 1.841578582110016127e+00 2.845735950852446461e+00 3.994374612735545816e+04
5.412976001207656405e-05 -4.281364527295826505e+00 2.422809488460053284e+00 1.884023846793787316e+00 2.862926423796879227e+00 3.829189805582156987e+04
5.402050442758564685e-05 -4.280884968433415594e+00 2.351858338223039357e+00 1.403508692106137712e+00 2.854549714570338459e+00 2.927256599168368848e+04
5.389401521769601608e-05 -4.280729217719466462e+00 2.272060577932044190e+00 1.742254336447519147e+00 2.786308105793393608e+00 3.045355739480839839e+04
5.376578555697662305e-05 -4.280611345875634299e+00 2.285793173388016353e+00 1.737849944872185581e+00 2.829830756763699107e+00 3.041347558290847883e+04
5.365126489732315068e-05 -4.280243608911320052e+00 2.438910700671085507e+00 1.738326465226256001e+00 2.834800240092593349e+00 3.303865926840165048e+04
5.353355401524268929e-05 -4.279940019384303795e+00 2.404621243217761162e+00 1.428292578072162033e+00 2.831499519112134600e+00 2.963360502268471464e+04
5.340421886330087430e-05 -4.279858906771284666e+00 2.270368312009592326e+00 1.439392647661591251e+00 2.875924858571297982e+00 3.059231756052345736e+04
5.329694507400155963e-05 -4.279369640703017730e+00 2.444067161975490787e+00 1.551059044990890534e+00 2.829737643411485593e+00 3.361045736186132126e+04
5.318151925309760284e-05 -4.279037701011674244e+00 2.236472860743017765e+00 1.641945299511358591e+00 2.821785576467430889e+00 2.846573473841173836e+04
5.305202454493310220e-05 -4.278975627257420200e+00 2.435805313054373311e+00 1.826180195996846445e+00 2.809536191805212191e+00 3.495103275249812577e+04
5.293425150251303464e-05 -4.278698048787590302e+00 2.296983614268063079e+00 1.619309658802266849e+00 2.840676808116459284e+00 3.387403854293252516e+04
5.280612026592027854e-05 -4.278621556425468597e+00 2.329153305288569342e+00 1.540609746057385543e+00 2.852457423841639805e+00 2.911405644204964483e+04
5.267880770135969956e-05 -4.278535410780428094e+00 2.420644863671052249e+00 1.499864355429181506e+00 2.874251396634551980e+00 3.203425370723058586e+04
5.255175130759678914e-05 -4.278450231279380844e+00 2.378326060047008195e+00 1.825491145068799170e+00 2.867970061831656370e+00 3.997180843415229901e+04
5.245019918039880568e-05 -4.277884522183294180e+00 2.360999728591895774e+00 1.591108133366850641e+00 2.829526422003396213e+00 3.391467375608591828e+04
5.231967458159387754e-05 -4.277876167188599865e+00 2.372572748459456538e+00 1.598717003584775531e+00 2.779221217913370623e+00 3.112562775103886452e+04
5.219930657739585466e-05 -4.277679443705014961e+00 2.250901077105768255e+00 1.652737222666502248e+00 2.874137398716899661e+00 3.044532452177608502e+04
5.209009926621167613e-05 -4.277273757124816278e+00 2.273312965451431467e+00 1.451389357996692553e+00 2.830677236212853387e+00 2.996541152719935417e+04
5.196919438094295852e-05 -4.277097527264658083e+00 2.356390448497586387e+00 1.811651661879405628e+00 2.852009642356886587e+00 3.375856603626797005e+04
5.184220748343574246e-05 -4.277044020782032163e+00 2.206622988765384097e+00 1.620921433191671257e+00 2.814484042445925649e+00 2.982127098289882997e+04
5.172103370811593749e-05 -4.276884114221013000e+00 2.345872209307167999e+00 1.391119194010721705e+00 2.842544937155002227e+00 2.982300516463820531e+04
5.159336155902701328e-05 -4.276855642293138082e+00 2.231814806520740824e+00 1.631082335881548939e+00 2.906787454670166859e+00 3.197969589573447593e+04
5.146636292610056091e-05 -4.276820207337230784e+00 2.404393794615577118e+00 1.887370140503933147e+00 2.833504503593016199e+00 3.750544621465902310e+04
5.134125880817557607e-05 -4.276753960352142947e+00 2.256693516464856941e+00 1.482804011737441474e+00 2.819258814901486332e+00 2.700426584578893744e+04
5.122592968251853509e-05 -4.276502811587300279e+00 2.188170040561517204e+00 1.605201815487514505e+00 2.851712671517266706e+00 3.075376897911390188e+04
5.109973322179813692e-05 -4.276469378059864823e+00 2.356732140126335029e+00 1.400305594549853927e+00 2.798510319619707420e+00 2.800542460446516634e+04
5.097803941580597218e-05 -4.276353714247869142e+00 2.499719746328735948e+00 1.731131155515194919e+00 2.812051249790906038e+00 3.609617814788749820e+04
5.085315047744437745e-05 -4.276306577680161425e+00 2.217772123092843550e+00 1.604426023164950976e+00 2.842081513045145336e+00 3.163238148122458733e+04
5.073017649726788841e-05 -4.276227723825130056e+00 2.314232362718038338e+00 1.394514878263294122e+00 2.797881869470674410e+00 2.695961548227947060e+04
5.061237548727720576e-05 -4.276052533310202186e+00 2.355948000392925845e+00 1.470221773356259254e+00 2.855886155668455384e+00 3.222321929292204368e+04
5.050732370942714557e-05 -4.275630304832038320e+00 2.358752269460874018e+00 1.398943497122547175e+00 2.814504863197421436e+00 2.915372675977186373e+04
5.041930856999885034e-05 -4.274874446289104846e+00 2.413849182173060992e+00 1.880379140838465801e+00 2.899530795755680401e+00 3.991888342582133919e+04
5.030280614163409891e-05 -4.274687790893795913e+00 2.192220348162526644e+00 1.712144593532177961e+00 2.876492122346832936e+00 3.310887622496589029e+04
5.017780624590988255e-05 -4.274675832262909481e+00 2.481161285669604144e+00 1.741965633609314112e+00 2.813227784848162383e+00 3.395131201574023726e+04
5.005517584168982248e-05 -4.274622740712644031e+00 2.252218958349216926e+00 1.854698163778716546e+00 2.859386927077183227e+00 3.586719740207303403e+04
4.993915335978508038e-05 -4.274443322987606209e+00 2.489577236172173080e+00 1.847501418556492414e+00 2.846061267778333903e+00 3.855121208764063340e+04
4.981579186947646115e-05 -4.274416614971485728e+00 2.204963256448159825e+00 1.730038648200520335e+00 2.824553660665874766e+00 3.102772913246391909e+04
4.973979088566815322e-05 -4.273443420329234854e+00 2.312179816099134921e+00 1.488345593878594553e+00 2.900697042604697629e+00 3.177828806460168562e+04
4.963397496121325453e-05 -4.273073076250931024e+00 2.495458845675350368e+00 1.668070560441791583e+00 2.818955759937205041e+00 3.543340111133140454e+04
4.951189352517809667e-05 -4.273035740597876497e+00 2.316641494273078639e+00 1.583578901417055151e+00 2.786891817207460154e+00 3.066570964649070447e+04
4.938863894826869274e-05 -4.273028237607494617e+00 2.474598334739608774e+00 1.595798507699889290e+00 2.877003636621417115e+00 3.616461661003782501e+04
4.926832233040230851e-05 -4.272967329100998413e+00 2.236690630038741467e+00 1.592054508188284867e+00 2.814061019273558895e+00 2.779715662014032932e+04
4.916518576243206944e-05 -4.272562887975436041e+00 2.426735992125141461e+00 1.713181433910566653e+00 2.933374548028561790e+00 3.721472031610053091e+04
4.904384106465724198e-05 -4.272534040850999304e+00 2.372500748646474200e+00 1.526697081067209583e+00 2.860792574956916745e+00 3.376494488546337379e+04
4.892959617633754391e-05 -4.272366202369839883e+00 2.534919785175818507e+00 1.726568842972264095e+00 2.881712707102324966e+00 3.910709950656074943e+04
4.881872140862250864e-05 -4.272134779835011997e+00 2.281197430805132598e+00 1.630635383990585829e+00 2.921905798348685579e+00 3.318503267406147643e+04
4.870850117560205847e-05 -4.271895077565755372e+00 2.263250513114798412e+00 1.463974181169593880e+00 2.886329757161944620e+00 3.018810030855211153e+04
4.859462048056146458e-05 -4.271735819467943784e+00 2.416612850410844615e+00 1.597916116442673395e+00 2.789974010890666101e+00 2.962384371706396996e+04
4.850459603332335913e-05 -4.271090097520124473e+00 2.263233033589402421e+00 1.734990742940400121e+00 2.934681056503393393e+00 3.599980649327552237e+04
4.839399615308274011e-05 -4.270872894943176235e+00 2.343880596559881013e+00 1.398355689332240415e+00 2.806244837219304955e+00 2.858996117142797448e+04
4.828221211220027741e-05 -4.270685440970901858e+00 2.276038477453938391e+00 1.744252630472798771e+00 2.803286220882508673e+00 3.010645817233095295e+04
4.816973259228061381e-05 -4.270517785253920451e+00 2.352793507033736020e+00 1.774144851075393881e+00 2.931123106977204351e+00 3.686302888767278637e+04
4.805559385199648781e-05 -4.270390108591904266e+00 2.425650499352190792e+00 1.648319038427439542e+00 2.863866400878765983e+00 3.245587233023615045e+04
4.794201397443136287e-05 -4.270256416110082220e+00 2.251697684888854578e+00 1.467746796211192750e+00 2.879709129719863370e+00 3.071848543949171653e+04
4.783606112076592670e-05 -4.269968882726900006e+00 2.197695132816699370e+00 1.692092874945992698e+00 2.832681202527802533e+00 3.008571669759855286e+04
4.776092044319084004e-05 -4.269040913387706304e+00 2.524751535498958699e+00 1.746019741365063993e+00 2.861329422433054326e+00 3.908823867032388080e+04
4.764498299539927841e-05 -4.268971318649476210e+00 2.449775354406155348e+00 1.723995947696133069e+00 2.809198754542122423e+00 3.605260649343521072e+04
4.752698160071762510e-05 -4.268951071077619730e+00 2.396514719757656842e+00 1.560272567205371441e+00 2.858102226610499841e+00 3.462396191636503499e+04
4.741247342539223143e-05 -4.268863308030525161e+00 2.320786142712087496e+00 1.855800405756220517e+00 2.855287477380887395e+00 3.845683599812669127e+04
4.731132414356469283e-05 -4.268498976634809594e+00 2.295935101872055295e+00 1.845774169384439611e+00 2.836336537855975504e+00 3.378670409840803040e+04
4.719383924959167021e-05 -4.268485294848058054e+00 2.292488284947206800e+00 1.736468308583950293e+00 2.875209010089878170e+00 3.222308509581752514e+04
4.709956417872905474e-05 -4.267984906673440548e+00 2.268401779408352414e+00 1.387401296535375028e+00 2.850869377594976051e+00 2.866336209756659809e+04
4.698373497391332784e-05 -4.267947177116324653e+00 2.309181723262652142e+00 1.611858007049270736e+00 2.811486401293951332e+00 3.252910367604296334e+04
4.686996456687065221e-05 -4.267871598600531335e+00 2.412882927937495037e+00 1.710624236454157954e+00 2.796908920563630829e+00 3.118525457445374559e+04
4.678840509624603749e-05 -4.267113236673763410e+00 2.309513327069927957e+00 1.617810423262806996e+00 2.776991857795834573e+00 3.004409669025854600e+04
4.668217641143863699e-05 -4.266886224149168072e+00 2.442151488518595759e+00 1.559448368339119373e+00 2.796849036245777853e+00 3.033471805636129284e+04
4.657659768159910058e-05 -4.266650435232188343e+00 2.371570796670817938e+00 1.682971716899572590e+00 2.948262028850566541e+00 3.745585151449521800e+04
4.646589223441826877e-05 -4.266530111432233596e+00 2.359287104614150810e+00 1.630453396621357687e+00 2.904595289946034775e+00 3.685028242272569332e+04
4.637025347936784441e-05 -4.266090489707285549e+00 2.274896985252240267e+00 1.452613044868243719e+00 2.880470137120980212e+00 3.074632574012841724e+04
4.626124949914769741e-05 -4.265943987751236399e+00 2.238062019642882206e+00 1.786689384486089160e+00 2.904848829707600721e+00 3.641519456447381526e+04
4.615369873783690827e-05 -4.265771550811495061e+00 2.325800215261707660e+00 1.401817918982166455e+00 2.801371335666663409e+00 2.814539692601307615e+04
4.604123501756808470e-05 -4.265711246171548510e+00 2.357627504143220420e+00 1.458422878974867665e+00 2.786400754449190664e+00 2.788785032262779350e+04
4.593094536704473357e-05 -4.265609573642474395e+00 2.211930347171278122e+00 1.499594884992498933e+00 2.840527907113776784e+00 2.792333682389233945e+04
4.581834010917196660e-05 -4.265564204516762992e+00 2.212533190298855867e+00 1.727274588648730180e+00 2.886298063215883225e+00 3.250842680252769060e+04
4.570731719596186698e-05 -4.265490255766945182e+00 2.444863777614338041e+00 1.827847732588258722e+00 2.913023095489588599e+00 4.171797673847791157e+04
4.559363499680263942e-05 -4.265480531173247769e+00 2.316987089785962350e+00 1.757834055737598433e+00 2.809566068639398839e+00 3.482729369791789213e+04
4.548160274037192988e-05 -4.265440745732596461e+00 2.426476059186870593e+00 1.529567904704192793e+00 2.888861433492449393e+00 3.390266006041871879e+04
4.536942851369621204e-05 -4.265410157078410869e+00 2.322923520281163778e+00 1.808299707043293791e+00 2.846093142433324008e+00 3.307561933128476812e+04
4.525990958643345721e-05 -4.265327011992473771e+00 2.390880592713560127e+00 1.475558545531633126e+00 2.805821750489841282e+00 3.046780869675314534e+04
4.517064400483696251e-05 -4.264801247625122471e+00 2.391983708077543014e+00 1.772129795460154034e+00 2.856861147093806785e+00 3.365647629064486682e+04
4.507343688175996955e-05 -4.264455564223345263e+00 2.434389044223508769e+00 1.708270236024939104e+00 2.914462837505604309e+00 3.612309266792372364e+04
4.499001642705843166e-05 -4.263808046567575616e+00 2.320412368080715382e+00 1.568561784573677231e+00 2.910337968149874222e+00 3.473300019042121858e+04
4.487844545018965996e-05 -4.263791031852067093e+00 2.427269799026912089e+00 1.820296901382108423e+00 2.853854992319778905e+00 3.560326774737200321e+04
4.477554340813900665e-05 -4.263586570255826658e+00 2.262277580429779444e+00 1.807967396204953392e+00 2.911110985671926610e+00 3.603494430356941302e+04
4.468009265184606045e-05 -4.263220606672571300e+00 2.230707034984146464e+00 1.760388508370070548e+00 2.846819975328990893e+00 3.145305005835792690e+04
4.456938584665556309e-05 -4.263201447207046968e+00 2.365570825583998449e+00 1.457920371321120179e+00 2.794620765673451857e+00 2.785476947946827568e+04
4.446736813003450547e-05 -4.262993034820230953e+00 2.473648188241653667e+00 1.633889342595365779e+00 2.898457504342532243e+00 3.553831204717626679e+04
4.436266234524092301e-05 -4.262850477066406185e+00 2.466821173730795458e+00 1.757962439977541091e+00 2.934462974496951482e+00 4.051059641842062410e+04
4.429264965788490391e-05 -4.261929913206863318e+00 2.378875061735705732e+00 1.642563404573077257e+00 2.850626051761541824e+00 3.095741178658296485e+04
4.418503086480394246e-05 -4.261862591041959192e+00 2.357140441454109503e+00 1.596538523841663615e+00 2.782237252404397232e+00 2.849793468790638872e+04
4.407963299071782082e-05 -4.261750815719379304e+00 2.380330977081108745e+00 1.467281849255104520e+00 2.809519894809811902e+00 2.832545328547397366e+04
4.397949327532095341e-05 -4.261525191194353468e+00 2.281243603204482717e+00 1.754870298375295956e+00 2.881554153087113157e+00 3.285114568683276593e+04
4.387026089561838068e-05 -4.261511992370436097e+00 2.396074883467411265e+00 1.499670707707698725e+00 2.833704163055526415e+00 3.231942853987882336e+04
4.377738576348316670e-05 -4.261131277267104167e+00 2.329063151537998699e+00 1.653387389831817433e+00 2.777176941417891953e+00 3.092736530270192816e+04
4.367713644209372977e-05 -4.260923882904199544e+00 2.402047194456110368e+00 1.608975363302681094e+00 2.785930727198139500e+00 2.951302766694762613e+04
4.357501484972126077e-05 -4.260764722356109147e+00 2.385505813212350557e+00 1.484778782932823615e+00 2.879567950387512898e+00 3.170459014694984580e+04
4.346901054168781622e-05 -4.260700371671770625e+00 2.244053360823613730e+00 1.494285521741091527e+00 2.799451546306270355e+00 2.778786762918119348e+04
4.337458155458021709e-05 -4.260375063483641256e+00 2.393969567424848677e+00 1.554273370082858374e+00 2.833650938437579203e+00 3.353071383673043601e+04
4.328032401024675267e-05 -4.260050533663739536e+00 2.276339065350830193e+00 1.650197011730198948e+00 2.781810690488923488e+00 2.976083413696616117e+04
4.318948575794804873e-05 -4.259651574153091147e+00 2.224516985155758686e+00 1.522124403672484805e+00 2.863455833325056599e+00 3.088913144564754839e+04
4.311379486424580604e-05 -4.258905642192302388e+00 2.416908869555466133e+00 1.824547214300246800e+00 2.801354788623006797e+00 3.587520033286921534e+04
4.300707909582539924e-05 -4.258883922268497990e+00 2.305335906414418989e+00 1.756110402880865617e+00 2.902520439434959965e+00 3.419824205334333965e+04
4.291150851197577596e-05 -4.258608600907361819e+00 2.288561400871556462e+00 1.633050339197853917e+00 2.854345205981701383e+00 3.432347145289963373e+04
4.281310742796212699e-05 -4.258404350527305482e+00 2.530635557854150175e+00 1.737736318196968721e+00 2.886176246060436767e+00 3.885491364701334533e+04
4.271755579671214557e-05 -4.258138676028795366e+00 2.348574495506965842e+00 1.847899873232927259e+00 2.885332245570875642e+00 3.643401849622473674e+04
4.261306271005112093e-05 -4.258087811889310181e+00 2.374437699489652775e+00 1.887729528732742024e+00 2.865009229570678606e+00 3.973255630331205612e+04
4.251571583170109990e-05 -4.257874862695149254e+00 2.278256580079444316e+00 1.484256315481208066e+00 2.789131239109587934e+00 2.733960764014524466e+04
4.241140327989548485e-05 -4.257831383188317886e+00 2.201331271193767147e+00 1.679310839112997833e+00 2.839991308847098495e+00 2.999765457859592061e+04
4.231438755430355847e-05 -4.257621495019384028e+00 2.239174716852907476e+00 1.561075705401711922e+00 2.870686718712775587e+00 2.943707262013737272e+04
4.221001786156319835e-05 -4.257591071593649801e+00 2.309388899401979778e+00 1.735594443537617604e+00 2.787002967162139466e+00 3.238834573600555086e+04
4.211048158214901146e-05 -4.257451976149589257e+00 2.305514859916631742e+00 1.841997306813794033e+00 2.835098434435882275e+00 3.678557390278982348e+04
4.202403030834263726e-05 -4.257007049681005739e+00 2.346907564140479518e+00 1.653599529949030700e+00 2.841213736893823949e+00 3.026070605552969937e+04
4.192162357422356885e-05 -4.256946884983567436e+00 2.253324242349999285e+00 1.647363295143257078e+00 2.793863520462877226e+00 3.021472032188935918e+04
4.181747726928486679e-05 -4.256934285913050786e+00 2.348438391994902119e+00 1.610394359234562423e+00 2.910191806585669116e+00 3.310984786861752946e+04
4.171320669308517878e-05 -4.256930868615664387e+00 2.213978809382134205e+00 1.713517724428934796e+00 2.875274684213450893e+00 3.171782499154503603e+04
4.162765305986928415e-05 -4.256483971103971697e+00 2.360605095726604929e+00 1.643943336402043709e+00 2.880679307636615505e+00 3.660535066022752289e+04
4.153521775874789056e-05 -4.256206966493074617e+00 2.290764893847706318e+00 1.739003470667129791e+00 2.908946907072646137e+00 3.410746859691159625e+04
4.143293284424239573e-05 -4.256172610612688700e+00 2.194756808762905909e+00 1.613626967745342755e+00 2.851643083592923844e+00 3.089025935484158254e+04
4.135007903238381609e-05 -4.255674321776504954e+00 2.309346559133177657e+00 1.560293320942108597e+00 2.903159816479912614e+00 3.423890694822980004e+04
4.126589657369780361e-05 -4.255212244519738007e+00 2.335284179565872531e+00 1.802978831291362827e+00 2.934045025494179448e+00 3.797143026370916050e+04
4.116803878449895116e-05 -4.255086456905485370e+00 2.416695279064075663e+00 1.725591868760108394e+00 2.941055200417572735e+00 3.958681513488514611e+04
4.109045671101286141e-05 -4.254472756819493995e+00 2.382775629393805161e+00 1.486163878743917977e+00 2.874722089616775555e+00 3.129588906862434305e+04
4.100490693795491473e-05 -4.254056913590899214e+00 2.207147847423997167e+00 1.671274686246685404e+00 2.851915970925931632e+00 3.237754021246973934e+04
4.091543768956420216e-05 -4.253741213092330220e+00 2.459413435755397170e+00 1.590415142326759845e+00 2.877467972176704691e+00 3.371654966601058550e+04
4.081720087518605182e-05 -4.253645071903416230e+00 2.287853525253896514e+00 1.568082017026192654e+00 2.780575525561881811e+00 2.866436914353193424e+04
4.073571894390956864e-05 -4.253143331648637115e+00 2.302207608852036458e+00 1.621252235044241541e+00 2.900464932325812928e+00 3.201837806473575256e+04
4.063991667310581826e-05 -4.252997901645860779e+00 2.292129270911049677e+00 1.524236386975468038e+00 2.873163307048069548e+00 3.274051398749661530e+04
4.053883068824594286e-05 -4.252988357347464721e+00 2.246841926982344528e+00 1.544874810509165419e+00 2.899641133854089503e+00 3.144182172906714550e+04
4.043885605054955377e-05 -4.252957548368286211e+00 2.375505331836392564e+00 1.558423894562086742e+00 2.809907786448530231e+00 2.879277015931979258e+04
4.034358808661445004e-05 -4.252816179853587286e+00 2.397853030085626891e+00 1.811420683441999913e+00 2.924076018185101766e+00 4.100119047323409177e+04
4.026356044965816259e-05 -4.252301801841297468e+00 2.472345220295639301e+00 1.778299470743363475e+00 2.818090505830426196e+00 3.723699150717080192e+04
4.017047271175200855e-05 -4.252116438464815573e+00 2.240392589814988789e+00 1.671821763834369978e+00 2.885680299880985178e+00 3.462532078813511907e+04
4.008054758826827020e-05 -4.251857535482276518e+00 2.343420297298579591e+00 1.693530842863584240e+00 2.827739727771548139e+00 3.039580971481251618e+04
3.998092935713916499e-05 -4.251846080194163768e+00 2.460834640001971607e+00 1.793895182549071876e+00 2.878329108864748243e+00 3.681087237685050786e+04
3.989168558378393864e-05 -4.251580733724894756e+00 2.347010223432373532e+00 1.585298385926940501e+00 2.887770407142109530e+00 3.159600934846020391e+04
3.980432156928384921e-05 -4.251273166008910920e+00 2.246892861446603717e+00 1.619451558818442827e+00 2.898767400555498863e+00 3.158435834296647226e+04
3.971061324802050449e-05 -4.251130166360138851e+00 2.330705010769416941e+00 1.408067089658208371e+00 2.833751898873262842e+00 2.963488239346802584e+04
3.961307229092211088e-05 -4.251089482404222686e+00 2.238410684841892095e+00 1.446134178740344334e+00 2.859394356783321989e+00 2.914151483509673562e+04
3.951706102906291486e-05 -4.251016151106683516e+00 2.465497273152089885e+00 1.792847513802004356e+00 2.882534016020597001e+00 3.712067387113544100e+04
3.944264424301775171e-05 -4.250401082359199556e+00 2.338091417877656841e+00 1.473880020766912047e+00 2.806871754812041431e+00 2.762732663199368108e+04
3.935247065098268336e-05 -4.250189895098978710e+00 2.373780809740058118e+00 1.578673766255772826e+00 2.893024372874827055e+00 3.234159326577649335e+04
3.925584478440896034e-05 -4.250148309700645832e+00 2.294834654741726876e+00 1.744159599324498711e+00 2.939044729848331095e+00 3.715175291180267232e+04
3.916249486797757171e-05 -4.250029129313501741e+00 2.410838135421841777e+00 1.587699709835256323e+00 2.826599038697361621e+00 3.023454409113314250e+04
3.908479096471026041e-05 -4.249515241112353792e+00 2.484437883663567437e+00 1.748249047864492534e+00 2.809343903558080946e+00 3.504409510182872327e+04
3.899675008512785030e-05 -4.249270343040660869e+00 2.367284301468163044e+00 1.580702417202904719e+00 2.862358023831579779e+00 3.476902697181041731e+04
3.891173582217227062e-05 -4.248952757336320829e+00 2.313151722343572025e+00 1.557041281995603210e+00 2.887401213857800908e+00 3.404169497668695840e+04
3.881583594772816746e-05 -4.248920348203283126e+00 2.259110443581101801e+00 1.475068968958400006e+00 2.880891435236841325e+00 3.013585167532015839e+04
3.873610671462144310e-05 -4.248476499434556075e+00 2.443067494953863772e+00 1.831038742433561017e+00 2.894343741774079160e+00 4.125571999654915271e+04
3.868067921390390651e-05 -4.247408424294870422e+00 2.390566321149389939e+00 1.639496174062040623e+00 2.843147085082934122e+00 3.094822736768262621e+04
3.858778240348419950e-05 -4.247312946223579466e+00 2.383643613058954891e+00 1.842700454584550229e+00 2.852846110129157786e+00 3.553595701362741238e+04
3.849580740839021086e-05 -4.247199317667011975e+00 2.422112177541059008e+00 1.808795909149578440e+00 2.893491464066269447e+00 3.704482088075540378e+04
3.841262782033699562e-05 -4.246862399525022980e+00 2.372235065754603411e+00 1.446625744402269209e+00 2.824401041369642762e+00 2.869014316883225911e+04
3.831868281149720495e-05 -4.246811075430796834e+00 2.228957387618434538e+00 1.599730043908538457e+00 2.869698556487884744e+00 2.983790483049239265e+04
3.823387056613609800e-05 -4.246526867754354839e+00 2.212829036678737982e+00 1.749143589053653969e+00 2.838703115053753390e+00 3.177088560141672860e+04
3.814456465472974487e-05 -4.246365379975681975e+00 2.362732000481995165e+00 1.412689497911417513e+00 2.828194610713373969e+00 2.941905126743584333e+04
3.805376359546721487e-05 -4.246248663292443659e+00 2.386644400917428133e+00 1.506675600393673431e+00 2.880444088122669832e+00 3.183538286411793524e+04
3.796333684259610197e-05 -4.246127780491150361e+00 2.315883310638616521e+00 1.695366911652925968e+00 2.780530850137468590e+00 3.119240827613997317e+04
3.787934638181223134e-05 -4.245842641346497359e+00 2.449760839356571740e+00 1.854296693507030636e+00 2.844799409633840703e+00 3.765881451154424576e+04
3.778720759085636585e-05 -4.245778032722451911e+00 2.383857019854658255e+00 1.696208790926842180e+00 2.943400749698963814e+00 3.757088344181129651e+04
3.769584277213203352e-05 -4.245698837470104792e+00 2.410026414042818921e+00 1.603353692711028566e+00 2.822107626326250340e+00 3.402516962668000633e+04
3.760958993549772195e-05 -4.245489585195761251e+00 2.429151169614663708e+00 1.637792309751089803e+00 2.915208711247838647e+00 3.746858235787823651e+04
3.752064702443183504e-05 -4.245357285770548827e+00 2.484609107674967010e+00 1.614392327843776176e+00 2.822366960633273525e+00 3.305678370723827538e+04
3.743768914483488764e-05 -4.245070726401874772e+00 2.389194329289458185e+00 1.624578518445691344e+00 2.858769617040336719e+00 3.137756978107785108e+04
3.739055939062622692e-05 -4.243830404701529169e+00 2.309060364377124142e+00 1.436502555708793594e+00 2.815450062880879400e+00 2.926620383591019709e+04
3.730282404138305876e-05 -4.243679619198493569e+00 2.386805615864299845e+00 1.442648305884487669e+00 2.815915122538655613e+00 2.956310239658775390e+04
3.721082110332821804e-05 -4.243649045694255051e+00 2.474699232239628177e+00 1.826118804965259024e+00 2.904544083933715992e+00 4.009834604306463734e+04
3.712370605355878915e-05 -4.243492911808255386e+00 2.277347693723307476e+00 1.486905172297930511e+00 2.887718043022520220e+00 3.118396834041489637e+04
3.704192829344462223e-05 -4.243198186366376135e+00 2.272288178363703448e+00 1.847947916168426907e+00 2.861178216756150583e+00 3.515884348483067151e+04
3.695161600769266937e-05 -4.243139273124738153e+00 2.269162767980734685e+00 1.528605768258623154e+00 2.795798488831328310e+00 2.747904396573710619e+04
3.686574667459607466e-05 -4.242965809015720069e+00 2.207548827836499417e+00 1.596407592334321279e+00 2.837094424278973293e+00 3.041929712739727256e+04
3.680119997759109552e-05 -4.242218201817549605e+00 2.438657463956404481e+00 1.636173121614675541e+00 2.886072099404669800e+00 3.393993233302371664e+04
3.670984864200928992e-05 -4.242203580119753070e+00 2.465699631539757686e+00 1.602864402617136808e+00 2.834761998539116590e+00 3.226534547682921402e+04
3.662083470990561092e-05 -4.242131321735000071e+00 2.415189454448150475e+00 1.695997880110891476e+00 2.892918119505857089e+00 3.857249089205867494e+04
3.653293113543856449e-05 -4.242034577828777131e+00 2.282037102192392197e+00 1.656753914836617714e+00 2.873852195416618738e+00 3.510698496071260888e+04
3.644693723006761242e-05 -4.241891226233229339e+00 2.332989602461135181e+00 1.456324318092928838e+00 2.818841247641972636e+00 3.012099792860649177e+04
3.636163430446239534e-05 -4.241734438380863281e+00 2.411225435750254054e+00 1.614383565203460602e+00 2.783814577863834128e+00 3.030138330259538998e+04
3.627921583315858576e-05 -4.241503643835208948e+00 2.327397019009915802e+00 1.434642844628823521e+00 2.861727326819106132e+00 2.964280221072877976e+04
3.620326291469388031e-05 -4.241099404012754093e+00 2.476914597621203473e+00 1.846677787809436921e+00 2.863413987089120205e+00 3.913371771311432531e+04
3.611768859373990978e-05 -4.240965920467715478e+00 2.416604163279647999e+00 1.554684032281941075e+00 2.887998930943583620e+00 3.476732837071640824e+04
3.603053916968451117e-05 -4.240881765434190598e+00 2.355491422723891670e+00 1.610852764800960069e+00 2.924585288549101048e+00 3.588402154690995667e+04
3.594115119106430713e-05 -4.240865742790667525e+00 2.490168046543165481e+00 1.604550331433501231e+00 2.849816151454101387e+00 3.464480207707918453e+04
3.586060227453224730e-05 -4.240609391348934665e+00 2.312004662669094657e+00 1.753599860753092043e+00 2.801569007593114335e+00 3.377537703298030101e+04
3.579903763974642285e-05 -4.239827643073513563e+00 2.297647033334266009e+00 1.401163093418412942e+00 2.841194531576519466e+00 2.832350686021041474e+04
3.573302897183990609e-05 -4.239173212194313756e+00 2.274281924209619721e+00 1.664510621572948379e+00 2.927878980838653167e+00 3.494970703724741907e+04
3.567204611071888085e-05 -4.238381294592580062e+00 2.298136957747983544e+00 1.837878593257823656e+00 2.835470661285410365e+00 3.389243403256312740e+04
3.558523274591613296e-05 -4.238317913255190916e+00 2.482840843160854849e+00 1.617444795548067971e+00 2.822412748752329836e+00 3.366536494674331334e+04
3.550652815092027789e-05 -4.238032083396920058e+00 2.298001084557830254e+00 1.685935531972651447e+00 2.849458341335904699e+00 3.512977158083720133e+04
3.542509976788056907e-05 -4.237828052661958722e+00 2.427021359369012199e+00 1.558819807439440153e+00 2.798574024894427748e+00 3.129071927146430971e+04
3.533830425975974747e-05 -4.237781172402027785e+00 2.380431715814959936e+00 1.849359029138667232e+00 2.916672875605994086e+00 4.048311758073631063e+04
3.525336366545108157e-05 -4.237687706708380908e+00 2.491725574526138853e+00 1.717631359820612769e+00 2.896401741795076923e+00 3.722212512202524522e+04
3.516865793593387633e-05 -4.237593368131949312e+00 2.335891742816517791e+00 1.659487307098094888e+00 2.775881471256849586e+00 3.007021882241049389e+04
3.508888304204919791e-05 -4.237364296691595200e+00 2.499136038963783335e+00 1.819979347923985191e+00 2.871314327673881728e+00 3.930957451327383751e+04
3.500575304307782659e-05 -4.237236233906455318e+00 2.466306243961508660e+00 1.590218647795041518e+00 2.816766983664062973e+00 3.289358885506054503e+04
3.492822805087419339e-05 -4.236953325590555153e+00 2.210855125741114868e+00 1.748066065125545521e+00 2.851708351857172197e+00 3.268511402795567847e+04
3.484777414411227900e-05 -4.236759388990153141e+00 2.406767993931332672e+00 1.840972001901682642e+00 2.816691280015308330e+00 3.555350584895882639e+04
3.476546024717326881e-05 -4.236624282275800901e+00 2.442482136067048781e+00 1.813095206523511971e+00 2.810890108413307331e+00 3.636709425255177484e+04
3.468186604225162743e-05 -4.236531696636057553e+00 2.325422535648678402e+00 1.657674480236347225e+00 2.883373608870479110e+00 3.623077890745185869e+04
3.460753644550226620e-05 -4.236177179858390041e+00 2.386451418990095164e+00 1.861643451878544520e+00 2.887404332112484706e+00 3.808805189930926281e+04
3.452383008968894939e-05 -4.236098841715121743e+00 2.359355872343987137e+00 1.440582857112544968e+00 2.808853870172283163e+00 2.829038580099343744e+04
3.444680832002440805e-05 -4.235832308113526956e+00 2.310881765714249081e+00 1.803806256038673395e+00 2.800202541127892353e+00 3.331022760769796150e+04
3.436813513345214442e-05 -4.235618823713203973e+00 2.441980154114116175e+00 1.830361657422336030e+00 2.909731510071986271e+00 3.953477757811392075e+04
3.428528261451142497e-05 -4.235532470750197120e+00 2.269374549522849893e+00 1.730505945472138762e+00 2.926344270448002938e+00 3.569275068421708420e+04
3.420773231754432593e-05 -4.235296944877460668e+00 2.501277382110814962e+00 1.669191876069485492e+00 2.870316107183780385e+00 3.570120562959367817e+04
3.413066168609468320e-05 -4.235052504588757927e+00 2.332860469070004772e+00 1.538755169370696674e+00 2.906154964710685906e+00 3.316247174418426584e+04
3.406374722335498426e-05 -4.234514967062890989e+00 2.246880594072411252e+00 1.815209246850886693e+00 2.876739865788755957e+00 3.488029208625674073e+04
3.399150443484577546e-05 -4.234138030717330636e+00 2.256405925372440446e+00 1.529174883186722456e+00 2.864639725850087970e+00 2.920494747258858115e+04
3.391035743964363077e-05 -4.234028157632641509e+00 2.269092477826040177e+00 1.635218586287438658e+00 2.820580895609588357e+00 2.877528420538420687e+04
3.382877748084556170e-05 -4.233936809539255997e+00 2.416455740611798131e+00 1.754075172447833619e+00 2.798301596672574831e+00 3.270510405144674587e+04
3.374576946325143960e-05 -4.233893594322864828e+00 2.386005912231511594e+00 1.839496273581908259e+00 2.896684618841143255e+00 4.056973869499965804e+04
3.366369621873649062e-05 -4.233828661393619797e+00 2.437176028962233065e+00 1.789353588205299772e+00 2.921220124334380497e+00 4.080067289851997339e+04
3.358026165940446427e-05 -4.233810210808060859e+00 2.395415825893096873e+00 1.799434484127135914e+00 2.858197308044480245e+00 3.471246709548375657e+04
3.350062191839118354e-05 -4.233684651160743329e+00 2.229182550104149563e+00 1.548827739920001001e+00 2.881674017959266809e+00 3.137052935810190684e+04
3.343637296627880188e-05 -4.233104336140745438e+00 2.308652898422724142e+00 1.527694342407337036e+00 2.888826035123374325e+00 3.100246240060331547e+04
3.335477725653380614e-05 -4.233047646371664641e+00 2.368441016455364867e+00 1.782155867651569192e+00 2.790240097283515297e+00 3.290901584729796014e+04
3.327149455398789102e-05 -4.233047643554733952e+00 2.276955186775921902e+00 1.643819854890408383e+00 2.804475357791039514e+00 2.868755542011409852e+04
3.318882225016861611e-05 -4.233035514526054754e+00 2.377425153933854673e+00 1.771925613448033676e+00 2.790845340089966875e+00 3.252148797082364763e+04
3.313206670033696567e-05 -4.232247058643894277e+00 2.239559011153384294e+00 1.774761144465692109e+00 2.899515001784048529e+00 3.508314079277136625e+04
3.305516174049428991e-05 -4.232070920701988648e+00 2.246727092386095137e+00 1.515722719061879387e+00 2.882042465189944558e+00 3.110260034516805899e+04
3.297644871073546240e-05 -4.231955023300860930e+00 2.429756249508431942e+00 1.672888626263500100e+00 2.799311413691968564e+00 3.386614379312308301e+04
3.290227740535955886e-05 -4.231706777124546015e+00 2.423653852177971135e+00 1.690351878849529754e+00 2.932759208526041661e+00 3.768363670412107604e+04
3.283050743210301871e-05 -4.231390466799454408e+00 2.409568124042255288e+00 1.520504060876226138e+00 2.803375227953828652e+00 3.073413679130711535e+04
3.276499269065277618e-05 -4.230888005140105435e+00 2.374075848500339259e+00 1.695824532101932736e+00 2.876559123175895127e+00 3.294233995892217354e+04
3.268733237877996989e-05 -4.230761040726986444e+00 2.342209516918496437e+00 1.815532088925297272e+00 2.928956343367287829e+00 3.933334658396888699e+04
3.261636511488902741e-05 -4.230434494744184093e+00 2.330461858928825514e+00 1.519031198384593218e+00 2.788344107008293271e+00 2.796491713057444576e+04
3.253600374288219930e-05 -4.230401370904449898e+00 2.355276580626711080e+00 1.779452298791907916e+00 2.933534465394496582e+00 3.782069596817556885e+04
3.246738962683179446e-05 -4.230012465048193171e+00 2.472298171503413133e+00 1.777928713032929098e+00 2.894924319625197917e+00 3.781821631590375182e+04
3.239698801605896762e-05 -4.229683198537856015e+00 2.409435961599708076e+00 1.805904348786733005e+00 2.931568754979701819e+00 3.978636987076273363e+04
3.233064910215050560e-05 -4.229232985617673357e+00 2.426915843431395992e+00 1.585335350489866180e+00 2.879363521187535024e+00 3.549707549711792672e+04
3.225025261069301529e-05 -4.229222778446734665e+00 2.488512952176892945e+00 1.737497218334710158e+00 2.912236998273435518e+00 3.940764028562040039e+04
3.216983655329293598e-05 -4.229219394027796675e+00 2.479281004111022924e+00 1.632428377292942656e+00 2.845545023619907354e+00 3.557050139515579940e+04
3.210230232496693941e-05 -4.228820903464365344e+00 2.223757929995816784e+00 1.500919814401127761e+00 2.833825715962740244e+00 2.881810760479211967e+04
3.203154167978445411e-05 -4.228527559715636208e+00 2.396819515566833037e+00 1.771452273731453753e+00 2.914478198833840406e+00 3.688894114134648407e+04
3.195455746846381247e-05 -4.228433840126274212e+00 2.378059238186087665e+00 1.856195698871607735e+00 2.853444746244574226e+00 3.624838541423597781e+04
3.187822443192106129e-05 -4.228325497536646438e+00 2.306753076532207292e+00 1.411920444983937983e+00 2.844956241313856715e+00 2.891899396306331619e+04
3.180169307491821255e-05 -4.228229124829059771e+00 2.309944684912183188e+00 1.672254636683151441e+00 2.808808813596998633e+00 3.303178947468085244e+04
3.172768935250806289e-05 -4.228058873775298210e+00 2.396219942772005229e+00 1.822195413500764527e+00 2.901864098593668118e+00 3.759114132771122968e+04
3.165248763922635635e-05 -4.227931910650278624e+00 2.420310601895097946e+00 1.628677566953534495e+00 2.897776731437861741e+00 3.692495288111091213e+04
3.157714039427499456e-05 -4.227815200982977473e+00 2.398101004228865296e+00 1.590950688307383398e+00 2.784256258045860744e+00 3.028310788809139922e+04
3.150349330773610421e-05 -4.227650216206477296e+00 2.263103928303785040e+00 1.607919187367166547e+00 2.907826892398539975e+00 3.253877388163244905e+04
3.142740183167123166e-05 -4.227568472389801713e+00 2.304524181619086676e+00 1.708693886645300974e+00 2.884936700957750233e+00 3.259635772312233894e+04
3.134997980457252621e-05 -4.227535031661094678e+00 2.470121905955144026e+00 1.599667558777843057e+00 2.872773621199716132e+00 3.443712867334845942e+04
3.127480205817739371e-05 -4.227435927289668882e+00 2.248664362827529573e+00 1.790470146379987693e+00 2.833647097051453123e+00 3.387261716783994052e+04
3.119698384508131538e-05 -4.227427236037128999e+00 2.286781496622657617e+00 1.427429168798465264e+00 2.814092385816351793e+00 2.761191880544503874e+04
3.112805526735425523e-05 -4.227139143380039599e+00 2.337751209745328573e+00 1.500906661872223324e+00 2.889340903443006425e+00 3.210027349597996363e+04
3.105486555809637241e-05 -4.226993157700499992e+00 2.317857110971098145e+00 1.836025185331654042e+00 2.914109492940836432e+00 3.857714396537684661e+04
3.098945149823792346e-05 -4.226601782219216119e+00 2.297938656079752118e+00 1.655734995172056578e+00 2.783406724920941322e+00 2.952076475069171283e+04
3.093764194798553793e-05 -4.225775026011458380e+00 2.470380281303072412e+00 1.773999289885128894e+00 2.847456541494386428e+00 3.870041012095133920e+04
3.086162447143933629e-05 -4.225735168964297905e+00 2.400629197786474656e+00 1.578846404847491725e+00 2.788688737928950001e+00 2.985409433413128136e+04
3.080382037641131069e-05 -4.225109934064958495e+00 2.332790939476862668e+00 1.629725185889688621e+00 2.779041719001241084e+00 3.001221811080784028e+04
3.072841713664916426e-05 -4.225060788464320538e+00 2.208808329746588139e+00 1.571265317651217241e+00 2.847724213374046798e+00 2.930767057172711793e+04
3.065639275552966344e-05 -4.224907441139402309e+00 2.488219325310282670e+00 1.791581358581488370e+00 2.882331607640368443e+00 4.019821752118741279e+04
3.058399211250606230e-05 -4.224771916049563814e+00 2.365779065942252846e+00 1.578002625907722223e+00 2.782059916497856111e+00 2.922242428920311067e+04
3.051014548129774186e-05 -4.224689387515116579e+00 2.292507205733524511e+00 1.791765467135435941e+00 2.804695395355020882e+00 3.261126032158820090e+04
3.043532407895708296e-05 -4.224644744425831711e+00 2.438759018148712432e+00 1.587888911408400050e+00 2.822018143742210050e+00 3.113083118534640380e+04
3.036335521970410543e-05 -4.224512193643398028e+00 2.228403702235186579e+00 1.635282366152785327e+00 2.898672968631767155e+00 3.286834663922231266e+04
3.029956342957867066e-05 -4.224115350400765578e+00 2.396859526066690282e+00 1.691824365422003318e+00 2.797801520873779424e+00 3.384836543454095954e+04
3.023139953852408020e-05 -4.223867550482348854e+00 2.300703301896537489e+00 1.828078490507419218e+00 2.844551113232684614e+00 3.391616080858810892e+04
3.016230622463827126e-05 -4.223655647997044404e+00 2.394360035895085392e+00 1.490900958184199210e+00 2.863613238670103200e+00 3.202542741292226492e+04
3.008710876664469978e-05 -4.223651854708798226e+00 2.313799642497606168e+00 1.683223236612178653e+00 2.782523133575463881e+00 3.014053031498428390e+04
3.001905109456623572e-05 -4.223416437950208824e+00 2.395737082708092824e+00 1.643767061773195426e+00 2.803541421553483293e+00 3.024497154565518576e+04
2.994813577212961149e-05 -4.223281576593513442e+00 2.328322224675524854e+00 1.810317070566124453e+00 2.802680620047824256e+00 3.380348263952963316e+04
2.989157126998953024e-05 -4.222672111216205337e+00 2.356401427878596522e+00 1.725134368821939823e+00 2.822791143493001087e+00 3.123011327265023283e+04
2.982398067107132537e-05 -4.222435864144400419e+00 2.375696128143624630e+00 1.834361042683507970e+00 2.876733449597150827e+00 3.634484679012455308e+04
2.975140200084246906e-05 -4.222372397587584203e+00 2.321869359122645804e+00 1.809679592732504894e+00 2.844849540456428461e+00 3.714256415170084802e+04
2.967937067281741675e-05 -4.222296440219230895e+00 2.443589276863710857e+00 1.593497962832250980e+00 2.881598024048380058e+00 3.559229010582296178e+04
2.961106545477403180e-05 -4.222100530144115460e+00 2.431131574081973667e+00 1.802719041677136591e+00 2.859093387727419611e+00 3.576995892926600209e+04
2.954724007595324790e-05 -4.221758313502264492e+00 2.327563163279001479e+00 1.519448177731826277e+00 2.792455185544388652e+00 2.798917986366808327e+04
2.947348621615179332e-05 -4.221757567673650513e+00 2.352226105575453641e+00 1.509549150940955986e+00 2.793533058313726780e+00 2.832129709870283114e+04
2.941197977408972398e-05 -4.221346587889273749e+00 2.487749005709252614e+00 1.658936281775054145e+00 2.835109964905329516e+00 3.400741032528273354e+04
2.933934884617699684e-05 -4.221319075460840509e+00 2.397653881277808097e+00 1.621518385314934640e+00 2.894271751675184134e+00 3.648344850901060272e+04
2.927025804632275301e-05 -4.221176737814211322e+00 2.306265963837895949e+00 1.743191065175373478e+00 2.899157360151683793e+00 3.763827681383597519e+04
2.923109077975991822e-05 -4.220015758988967747e+00 2.419035418231279433e+00 1.707491799993029469e+00 2.865591501598598878e+00 3.361688926668209751e+04
2.916282263244878987e-05 -4.219853953996791418e+00 2.392261748409063582e+00 1.646993200677950409e+00 2.844601791668772695e+00 3.132783696334801061e+04
2.910169765170114383e-05 -4.219452143525315613e+00 2.370415140823268985e+00 1.840517993226508331e+00 2.878215116622910408e+00 3.659376603024685755e+04
2.903319870076061278e-05 -4.219308696540397641e+00 2.306093200270049604e+00 1.754952481188640112e+00 2.922822637641937504e+00 3.597341963067984034e+04
2.897358673590593280e-05 -4.218864041803596088e+00 2.389286184800576862e+00 1.668752057770940489e+00 2.874993782092796657e+00 3.705309747931114543e+04
2.890526105155208453e-05 -4.218725032690756827e+00 2.259056477386304440e+00 1.698125249879793852e+00 2.882329589885302745e+00 3.523263811481316952e+04
2.883423175198215300e-05 -4.218685370734995388e+00 2.396140731824086156e+00 1.751672623208762936e+00 2.934744326347534571e+00 3.820226570459255890e+04
2.876834751409140640e-05 -4.218472916447723264e+00 2.262338181026473549e+00 1.627366815608313866e+00 2.825272659098551742e+00 3.200618994257320082e+04
2.869701942754842008e-05 -4.218455389873719596e+00 2.297194461312436431e+00 1.705985450867633535e+00 2.857409463588310050e+00 3.131307703293152372e+04
2.862635612908619200e-05 -4.218420818106759285e+00 2.475326159505903956e+00 1.601176816652882806e+00 2.848279035370274936e+00 3.440334998697036644e+04
2.855987775358422151e-05 -4.218245797422037313e+00 2.485335577046619004e+00 1.640965049891431660e+00 2.840244830706539325e+00 3.518440926696250244e+04
2.849853527859684847e-05 -4.217895962327115278e+00 2.326188451422014136e+00 1.520521532439788048e+00 2.891487666913112431e+00 3.276196585327280263e+04
2.843333454892695274e-05 -4.217686445965636466e+00 2.511023475444853492e+00 1.719831862211453899e+00 2.875038257551925547e+00 3.775906563212259061e+04
2.836695754085119460e-05 -4.217523653604866141e+00 2.338870669765826360e+00 1.579292331007683181e+00 2.909359145401356983e+00 3.334680832950825425e+04
2.830124946833222459e-05 -4.217342700048540394e+00 2.478967208359895480e+00 1.709471998320828856e+00 2.903955461427978779e+00 3.884588479649701185e+04
2.823374903696306205e-05 -4.217230617806695392e+00 2.357295753084931444e+00 1.519737277445853518e+00 2.886991937301903732e+00 3.203582896637991144e+04
2.816854483092474563e-05 -4.217042730687732721e+00 2.469540573501388447e+00 1.706475052757135735e+00 2.880601443671259254e+00 3.565966084892049548e+04
2.810072406418680062e-05 -4.216953311131067750e+00 2.240141564536199503e+00 1.674027713351330382e+00 2.808343600172706456e+00 2.995458600959945034e+04
2.803274097463790465e-05 -4.216875506972358245e+00 2.267470174119279758e+00 1.701274338993024271e+00 2.918197178882577347e+00 3.567317417535546701e+04
2.796417413365392970e-05 -4.216824458851932356e+00 2.227967916701195428e+00 1.647579555202841162e+00 2.831832670275194364e+00 3.145797720843801289e+04
2.790024443590332894e-05 -4.216613204615144994e+00 2.408100697998587059e+00 1.663890239816262051e+00 2.793840699034907615e+00 3.295103201822438132e+04
2.784771430014587685e-05 -4.215997763350408434e+00 2.400849771327340232e+00 1.769506919983802273e+00 2.855975105740359510e+00 3.412056957941088331e+04
2.778659799942306258e-05 -4.215694836443658389e+00 2.426584344228013723e+00 1.685073909547575965e+00 2.816289766194589372e+00 3.513329468994139461e+04
2.772314292587462200e-05 -4.215481105488727565e+00 2.426919008279722068e+00 1.622019824491371054e+00 2.870360703407354386e+00 3.296139169703425432e+04
2.765594187266450248e-05 -4.215408053728827653e+00 2.229536612137521079e+00 1.709960946237197632e+00 2.848748542914733228e+00 3.318455551870509225e+04
2.758695718414265306e-05 -4.215405559310813288e+00 2.299947578567127060e+00 1.538186153585666460e+00 2.827338663367612526e+00 3.137708509068609055e+04
2.752241587967275234e-05 -4.215247859010112563e+00 2.424714416175528964e+00 1.765582864159286114e+00 2.891569977337881792e+00 3.617218481230528414e+04
2.745397107532025581e-05 -4.215237831287537595e+00 2.501417016687534023e+00 1.743689780144161983e+00 2.844576546671368611e+00 3.745358349318899127e+04
2.738714164923597799e-05 -4.215175034175825175e+00 2.390000535103615764e+00 1.519554873389871830e+00 2.830392518556173354e+00 3.210964265653133043e+04
2.731964371224139199e-05 -4.215142661209628550e+00 2.263879204047987592e+00 1.750798099626435178e+00 2.873709323247616965e+00 3.590086186637013452e+04
2.725694950483085449e-05 -4.214940138252149637e+00 2.289509558749054374e+00 1.432332299371516848e+00 2.847682340477919016e+00 2.892729302821555757e+04
2.719101329944031934e-05 -4.214862129240485089e+00 2.389171033923028986e+00 1.607462596359119367e+00 2.882018480750212497e+00 3.579080760823500896e+04
2.713450086456892381e-05 -4.214442641726220629e+00 2.337867520350685790e+00 1.664058702697361891e+00 2.781391849598046306e+00 3.014368252463927274e+04
2.706721362574695134e-05 -4.214425488404444309e+00 2.476186493383992993e+00 1.810151936029295250e+00 2.868529555710729539e+00 3.982216576960564271e+04
2.700622337822093815e-05 -4.214181319613594212e+00 2.263360466066513865e+00 1.530750275883725031e+00 2.802704821166369875e+00 2.873164639061146227e+04
2.693977078822205084e-05 -4.214144991833854270e+00 2.482901861342171390e+00 1.683104328734168709e+00 2.896393351953085116e+00 3.701154146605974529e+04
2.688654148371293981e-05 -4.213622809730494190e+00 2.360569341040889668e+00 1.721183902947544864e+00 2.784409873568411964e+00 3.171263137008561534e+04
2.683259084361658948e-05 -4.213131429598236721e+00 2.341254908051542127e+00 1.538325845069672404e+00 2.806929195925922826e+00 3.093991162384915515e+04
2.676833863306367979e-05 -4.213028859715786112e+00 2.492530100494174672e+00 1.675244019626727532e+00 2.880447643423944548e+00 3.638825831441232003e+04
2.670345227247797464e-05 -4.212955798905045235e+00 2.425398276316490964e+00 1.855161763431762978e+00 2.842069532153114420e+00 3.815588550424912683e+04
2.663945851235881494e-05 -4.212855135194633505e+00 2.386477865145239630e+00 1.802004041625634434e+00 2.883717131576211568e+00 3.965992369748772035e+04
2.657750609815833921e-05 -4.212683431918836874e+00 2.448203278246966264e+00 1.559988823398813507e+00 2.834773322338643098e+00 3.289374101951313060e+04
2.651162853704297343e-05 -4.212665205086952191e+00 2.353223104253461262e+00 1.456660712783644396e+00 2.808025341935285191e+00 2.874492109016215545e+04
2.644566805980646450e-05 -4.212656288113660885e+00 2.213387292336357337e+00 1.636297773149113066e+00 2.838429522522350368e+00 2.984198653012091381e+04
2.638879433123248212e-05 -4.212309191653037743e+00 2.285510204452659622e+00 1.535929699247789548e+00 2.793759136646158492e+00 2.854181192706291768e+04
2.633209548268809926e-05 -4.211960098840068056e+00 2.347748102326266739e+00 1.493502627670897143e+00 2.829104279756053941e+00 2.878913938261389558e+04
2.626759226297844160e-05 -4.211912708534459426e+00 2.226263250341615763e+00 1.520939984181009619e+00 2.849311324612806118e+00 2.964626042873843471e+04
2.620698810242154227e-05 -4.211722557877917161e+00 2.269721360412069178e+00 1.496299103440073663e+00 2.805198684687788546e+00 2.828165830216461836e+04
2.614214830968695789e-05 -4.211699764966180481e+00 2.345090113400024823e+00 1.847079118791486341e+00 2.905951249801935088e+00 3.911881101937298808e+04
2.608100963068628667e-05 -4.211541205405401556e+00 2.480435902139725979e+00 1.803824659772644168e+00 2.864807117068119968e+00 3.953015353648182645e+04
2.601930155911081171e-05 -4.211410024286573517e+00 2.237240494568746296e+00 1.629070269659015580e+00 2.832364253604107596e+00 2.919522140266522183e+04
2.597082473711977794e-05 -4.210774872075695008e+00 2.322374604927489372e+00 1.771616524443027973e+00 2.926935545187800081e+00 3.707535150544978387e+04
2.591713466773705766e-05 -4.210344334400285327e+00 2.351619171711764267e+00 1.708866714977087975e+00 2.916229666678157528e+00 3.803049722701087012e+04
2.586029901255675623e-05 -4.210039718526849661e+00 2.306486942890851655e+00 1.708857525237772679e+00 2.853069822285906554e+00 3.135097068049111476e+04
2.579599658752196502e-05 -4.210029345686572277e+00 2.321023394742032231e+00 1.466155336018873934e+00 2.855975028225605783e+00 2.948980919889387587e+04
2.578198391431383980e-05 -4.208072704438373890e+00 2.468014497830701703e+00 1.665227645544798296e+00 2.894731647304069622e+00 3.749390116050191136e+04
2.573136396162269612e-05 -4.207538019102297966e+00 2.321047921108135181e+00 1.719598255263540931e+00 2.864708217965329595e+00 3.652499444167733600e+04
2.566865422098465625e-05 -4.207478087178905923e+00 2.309276173030557988e+00 1.746779986317986699e+00 2.918463252876155156e+00 3.562048340373792598e+04
2.560514822175568317e-05 -4.207455220868128620e+00 2.365097871128461371e+00 1.572393216178749054e+00 2.790025486010300426e+00 3.044310549706820530e+04
2.554994488108212791e-05 -4.207113495196410646e+00 2.213163303210638144e+00 1.670542570965359186e+00 2.853652404885897997e+00 3.088229922973360954e+04
2.549013802871143101e-05 -4.206957021160055099e+00 2.459695871936907530e+00 1.709533684017942257e+00 2.913280777001892474e+00 3.870220522720827285e+04
2.543386889040593306e-05 -4.206666947857120142e+00 2.230158367331649405e+00 1.587475968997626996e+00 2.882479778830186579e+00 3.128116710961679200e+04
2.538033593072585770e-05 -4.206273956307743589e+00 2.396584927582633195e+00 1.696871998512800683e+00 2.795529771092022830e+00 3.344501031605856406e+04
2.531830990442594730e-05 -4.206220808929723276e+00 2.329247855703072911e+00 1.681822433752139245e+00 2.879791312415265647e+00 3.237075342854916380e+04
2.525796013925636190e-05 -4.206107295468171081e+00 2.325260122160601295e+00 1.862294995262389286e+00 2.874082405702165222e+00 3.750604431735306571e+04
2.520992376028972977e-05 -4.205510937537600746e+00 2.394762989731260117e+00 1.667792953446006088e+00 2.876316904720726875e+00 3.701218631935310259e+04
2.515079287272073039e-05 -4.205359232744473097e+00 2.359863461985735267e+00 1.573384220504383535e+00 2.786254084858235558e+00 2.943265080627473435e+04
2.509453451017827595e-05 -4.205098580719006662e+00 2.308869073585787746e+00 1.783141437670141105e+00 2.838810391712573100e+00 3.604594870485654246e+04
2.503515338366787491e-05 -4.204967682015221975e+00 2.471620267900648926e+00 1.710321531863211675e+00 2.904580732727890080e+00 3.753019351041276968e+04
2.498061611974630451e-05 -4.204648485632866084e+00 2.453930911153046956e+00 1.666424917063229261e+00 2.807436914997442301e+00 3.280773460613058705e+04
2.491953878958931556e-05 -4.204596468440496615e+00 2.218595501924447433e+00 1.649711374229707594e+00 2.880391885029999877e+00 3.219258737317789928e+04
2.487415428055338268e-05 -4.203919370852641890e+00 2.277995006235549624e+00 1.596813536268200107e+00 2.883441271414071139e+00 3.367567593762314209e+04
2.482885733543669664e-05 -4.203242075601693273e+00 2.399313495241841565e+00 1.740859433503348486e+00 2.908192738851326897e+00 3.921039608413226233e+04
2.476764764158442665e-05 -4.203210383598701583e+00 2.474384170944405437e+00 1.762687864115850100e+00 2.904438163474939216e+00 3.969313363920715346e+04
2.470759917779497458e-05 -4.203137799210964864e+00 2.307502988948500366e+00 1.630177931538419056e+00 2.830389749219746953e+00 2.948290764764121923e+04
2.464598550115550661e-05 -4.203134627315725069e+00 2.406835391422398551e+00 1.558141598581312071e+00 2.810104410298839284e+00 3.177331447335439952e+04
2.458870099150892836e-05 -4.202961626412363927e+00 2.431208064675934644e+00 1.819752377336878890e+00 2.890035984768550392e+00 4.033479991887976212e+04
2.453298521181294773e-05 -4.202730107317446340e+00 2.309577668513792315e+00 1.694931618687127273e+00 2.838783069077873034e+00 3.069872497799764824e+04
2.448525366897079809e-05 -4.202177609268481717e+00 2.314892488619110900e+00 1.722424015022485211e+00 2.927599591490440023e+00 3.614144837274850579e+04
2.442441079829818512e-05 -4.202165579804372442e+00 2.336434282996992184e+00 1.819481475181470076e+00 2.818379034287741280e+00 3.547390566869261966e+04
2.436704382935276749e-05 -4.202017097946965762e+00 2.247986347010465291e+00 1.723611419152865976e+00 2.853899637539135448e+00 3.145811704117628688e+04
2.430793981932381428e-05 -4.201945616033535558e+00 2.426110521793608310e+00 1.715507278253306067e+00 2.818528432162962005e+00 3.566399937159925321e+04
2.425094762478189372e-05 -4.201792960617019901e+00 2.373848845517211092e+00 1.752681385926834867e+00 2.909712895835522950e+00 3.908641547793652717e+04
2.419115143820718168e-05 -4.201761731297979807e+00 2.422099864315935047e+00 1.795902388224448476e+00 2.883448006481960757e+00 3.663651431316431263e+04
2.414137587318290813e-05 -4.201321444927308413e+00 2.318943035941785080e+00 1.517687114734400877e+00 2.800160040910808057e+00 2.954904086925225783e+04
2.408231913305457821e-05 -4.201270729232221335e+00 2.324681274719355262e+00 1.816035814454758590e+00 2.907606535562129224e+00 3.713309739195679867e+04
2.402476305494697601e-05 -4.201163562177057109e+00 2.265636025371807971e+00 1.725533142722204927e+00 2.819906464535213431e+00 3.291568695667334396e+04
2.396497644402945280e-05 -4.201155204868715742e+00 2.264243742779082691e+00 1.710957951672996025e+00 2.909621472630708361e+00 3.556783531568202307e+04
2.391675692248641935e-05 -4.200669314820613565e+00 2.260644160141106696e+00 1.546118069084488011e+00 2.827568876011306465e+00 3.046951635472743146e+04
2.385860362198124029e-05 -4.200603763396745904e+00 2.357898563616695586e+00 1.730267722374936090e+00 2.791116223069511015e+00 3.154783105569550753e+04
2.383617800905609720e-05 -4.200293883198241041e+00 2.233679504109047365e+00 1.518817365560857446e+00 2.838293977861266804e+00 2.920156697358299789e+04
2.383911421801694814e-05 -4.200170707908593926e+00 2.421776038252075214e+00 1.600905328996061971e+00 2.884330550126946946e+00 3.559627976449748530e+04
2.384343567167345279e-05 -4.199989448572489792e+00 2.401351211101429683e+00 1.741260727619029502e+00 2.826027196815047660e+00 3.268511447227786994e+04
2.384386284878248354e-05 -4.199971532812013741e+00 2.391903181169098502e+00 1.813286447093873432e+00 2.906941889292204095e+00 3.791977397360304894e+04
2.384408999477616173e-05 -4.199962006464996733e+00 2.461536900966173391e+00 1.774025232266765784e+00 2.825238066707597362e+00 3.542662514381137589e+04
2.385492537573200705e-05 -4.199507683412077697e+00 2.465777065658364631e+00 1.779939576497481690e+00 2.904019657202258742e+00 3.885207730472715775e+04
2.386285769669958538e-05 -4.199175215282590301e+00 2.310582256998695794e+00 1.793232602692218514e+00 2.911787375659343535e+00 3.816509742085578182e+04
2.386619333662252416e-05 -4.199035441293534454e+00 2.302528518709367145e+00 1.775675899320807272e+00 2.806950084523770705e+00 3.327271062723689829e+04
2.386702294544112380e-05 -4.199000681062262430e+00 2.301565343872013614e+00 1.540535580792524950e+00 2.853489587244295134e+00 2.942499946581121549e+04
2.387726720105561194e-05 -4.198571550971932353e+00 2.363626510865370456e+00 1.510093017751410471e+00 2.828848285930261941e+00 3.148992663060472114e+04
2.387960155164966521e-05 -4.198473791187552706e+00 2.461943137324388520e+00 1.798808215304803948e+00 2.903624505420500768e+00 3.992243046848302038e+04
2.388226579837346344e-05 -4.198362227428663829e+00 2.279200193417396658e+00 1.656123534111093809e+00 2.864110404030554502e+00 3.435171493641451525e+04
2.390327949045994508e-05 -4.197482727432837457e+00 2.301507142874021472e+00 1.508841657053972662e+00 2.799172581129346860e+00 2.864194288265937939e+04
2.390370940340558802e-05 -4.197464742073140798e+00 2.302977762270869810e+00 1.738324613854028478e+00 2.904433279227061071e+00 3.452288593177982693e+04
2.390718549338715694e-05 -4.197319332120232005e+00 2.402121399359290699e+00 1.527560507673602075e+00 2.850117528694229740e+00 3.116232885707665992e+04
2.390819372292813630e-05 -4.197277160352169467e+00 2.304695162195915970e+00 1.623125555133553499e+00 2.800199867609934223e+00 3.117386691670780419e+04
2.391149186943880683e-05 -4.197139219398561494e+00 2.300307128696687631e+00 1.593348536179060249e+00 2.897804364466420868e+00 3.411773420151830942e+04
2.392264495554055864e-05 -4.196672896097082273e+00 2.249014470042955072e+00 1.704172671021578322e+00 2.813908249657569804e+00 3.071054596049513566e+04
2.393681320097483298e-05 -4.196080818944771806e+00 2.273933047778595729e+00 1.706901204199383404e+00 2.826267493755417082e+00 3.040195114624571579e+04
2.393852584762245811e-05 -4.196009272855183880e+00 2.228181780263059686e+00 1.690016436154753166e+00 2.876177806281941418e+00 3.341408797121105454e+04
2.393929307424122539e-05 -4.195977223499713027e+00 2.368052888706165149e+00 1.505763006982863583e+00 2.870937260913408284e+00 3.210763624502004677e+04
2.394131402869235909e-05 -4.195892807090876531e+00 2.463029217222749256e+00 1.609721990135058567e+00 2.839866959063764185e+00 3.413447173233854846e+04
2.394534253050459617e-05 -4.195724555552292401e+00 2.235959132052325771e+00 1.521352868769438871e+00 2.837776033755754490e+00 2.899096188418590100e+04
2.395149888012751435e-05 -4.195467488510896459e+00 2.246998462878221137e+00 1.785497127692220687e+00 2.850233185943187308e+00 3.367247368030835787e+04
2.395217280396716393e-05 -4.195439351885209334e+00 2.448473275829386786e+00 1.662982337540950484e+00 2.808595367465033021e+00 3.355067232820720528e+04
2.395379525851602142e-05 -4.195371616919604918e+00 2.334248447654733827e+00 1.514234147431809507e+00 2.802899474952068815e+00 2.840519509154189655e+04
2.396844703850371322e-05 -4.194760135497119791e+00 2.244397696878030590e+00 1.528567506586023361e+00 2.826501823900373189e+00 2.931866753571466688e+04
2.397053528838261196e-05 -4.194673014336893324e+00 2.220783920893723895e+00 1.611828119471491849e+00 2.854146770614025996e+00 3.014867788213667154e+04
2.397967059461418612e-05 -4.194291981297560312e+00 2.417911716791613763e+00 1.707775250000878042e+00 2.838776363143267201e+00 3.281075095537200832e+04
2.398075658905955826e-05 -4.194246694192779401e+00 2.426164464686040745e+00 1.753297671693036186e+00 2.919487026610358082e+00 3.806406237727535336e+04
2.398165915876486625e-05 -4.194209057652114936e+00 2.402437678667412868e+00 1.552015248933202196e+00 2.845517903904345669e+00 3.100909676847246010e+04
2.398334492450963294e-05 -4.194138766164483556e+00 2.383725559866379129e+00 1.557352333346494699e+00 2.850610942675357418e+00 3.077861829054677219e+04
2.398565118872981219e-05 -4.194042609713076075e+00 2.270035859763653630e+00 1.786370049166103646e+00 2.879494082767188434e+00 3.427567292363610613e+04
2.399109923597059771e-05 -4.193815497738381026e+00 2.356830738472944553e+00 1.775763096826225462e+00 2.813760507867261396e+00 3.529478946681913658e+04
2.399351028160474366e-05 -4.193715005282138364e+00 2.347984900074885584e+00 1.465714606204793213e+00 2.837982537777731906e+00 3.042454477979226067e+04
2.400082451314159354e-05 -4.193410209658873455e+00 2.286642200938191039e+00 1.485045549223972916e+00 2.822144044265772145e+00 2.813238721395798711e+04
2.400317659634636556e-05 -4.193312214360467749e+00 2.378946037547538861e+00 1.557818239741296962e+00 2.838951381424684062e+00 3.022508293949342624e+04
2.400874044670906119e-05 -4.193080444802813389e+00 2.423921924437121955e+00 1.800562093459044943e+00 2.915950255417609327e+00 3.932424377850518067e+04
2.401220430456924742e-05 -4.192936180341373387e+00 2.391208158823816987e+00 1.791652124260870282e+00 2.923598637670180356e+00 3.880620936571064522e+04
2.401267059696928451e-05 -4.192916761554711158e+00 2.352616980153555470e+00 1.773827797244362792e+00 2.807541169611383225e+00 3.247624868532491746e+04
2.401676951623122149e-05 -4.192746077938070748e+00 2.439997673350287499e+00 1.669938839843762679e+00 2.803352021232358382e+00 3.271891008929939198e+04
2.401951647848438173e-05 -4.192631707636571115e+00 2.311963341377758940e+00 1.553062853575319036e+00 2.896501272540192851e+00 3.276799615254602031e+04
2.402171171838283630e-05 -4.192540317804028582e+00 2.293326714110084374e+00 1.659741344535528018e+00 2.852569107680731797e+00 3.057041337187652607e+04
2.402973608991642657e-05 -4.192206326968202390e+00 2.289764845321548226e+00 1.802025602827320716e+00 2.880077343938849843e+00 3.712382149923046381e+04
2.403079392824000970e-05 -4.192162305883814000e+00 2.380501297396289129e+00 1.820074323700333618e+00 2.863251062988977580e+00 3.885370716447135055e+04
2.403296289318075014e-05 -4.192072052225521261e+00 2.252114154607900876e+00 1.691414245193890942e+00 2.892748447390657951e+00 3.289868941195069783e+04
2.403598871377948118e-05 -4.191946157214228919e+00 2.375805669998169112e+00 1.557068755088091949e+00 2.892132840027561880e+00 3.361207811438101635e+04
2.403960087136389347e-05 -4.191795887290449940e+00 2.408537533832527444e+00 1.697878444325841452e+00 2.798502732077865929e+00 3.189805377114422663e+04
2.404773258468601092e-05 -4.191457681246774314e+00 2.472054563608622857e+00 1.734229751979733392e+00 2.832824424045734091e+00 3.661148890707339888e+04
2.405298577271741106e-05 -4.191239256731229545e+00 2.348563373708402402e+00 1.633306034488599234e+00 2.799350314870372003e+00 2.957036957366657225e+04
2.405558921660054845e-05 -4.191131024721188147e+00 2.299137382770108040e+00 1.725692643124536296e+00 2.864651265531843460e+00 3.598236151469249307e+04
2.405568429570331879e-05 -4.191127072254507091e+00 2.495822671487665456e+00 1.735091386417314530e+00 2.860486393555651929e+00 3.760259392139297415e+04
2.405946957691536432e-05 -4.190969729674666411e+00 2.318788345004798135e+00 1.708545108197074391e+00 2.884527248463175209e+00 3.671287597082110733e+04
2.406486588396846761e-05 -4.190745464465638115e+00 2.245851134606366539e+00 1.577659150559146628e+00 2.855514038499704199e+00 3.159008670195390732e+04
2.406567325623022632e-05 -4.190711915194166082e+00 2.254553020318687206e+00 1.678848819134842962e+00 2.837043053120038572e+00 3.284918588928547251e+04
2.407172151918859028e-05 -4.190460623531281570e+00 2.366698360612781826e+00 1.528020967263462149e+00 2.879477578891623590e+00 3.282991986673599604e+04
2.407197388601421535e-05 -4.190450139632049265e+00 2.451992060157928588e+00 1.717727453032431573e+00 2.851931113485743019e+00 3.745503946984327922e+04
2.407198830157193518e-05 -4.190449540779896509e+00 2.331445262738458979e+00 1.516335286190865439e+00 2.805371997136009377e+00 2.844793596478195832e+04
2.407723668948609532e-05 -4.190231535695248866e+00 2.337791255467147167e+00 1.855600769685072482e+00 2.858325180837047341e+00 3.667529815764710656e+04
2.408237566629059038e-05 -4.190018121318653144e+00 2.375774492093470247e+00 1.594552074175600076e+00 2.871635883070367434e+00 3.487086334269105282e+04
2.408733796252954894e-05 -4.189812087448709477e+00 2.348276626133524836e+00 1.807488863807201085e+00 2.811596229491609478e+00 3.388055909784159303e+04
2.408752709939874026e-05 -4.189804235351187955e+00 2.380408503126382413e+00 1.677370073393130934e+00 2.802552703312440219e+00 3.079359840500083010e+04
2.408898685543865926e-05 -4.189743635032876057e+00 2.346343642912471328e+00 1.596856125970724793e+00 2.798159787830470702e+00 3.121055800698515668e+04
2.408979617431397313e-05 -4.189710038548100535e+00 2.313802924999419641e+00 1.839678501176207348e+00 2.884189537080247057e+00 3.692243324192416912e+04
2.409693969583954449e-05 -4.189413545272556938e+00 2.376155332558469002e+00 1.571151034649330036e+00 2.813791212450215795e+00 2.960844408630178441e+04
2.409864790960997131e-05 -4.189342658543876219e+00 2.349183938851649778e+00 1.782538955479795906e+00 2.812984299882118400e+00 3.505563181070217252e+04
2.410264972957690369e-05 -4.189176612392744303e+00 2.289016862110091921e+00 1.810962697114855802e+00 2.872971626558035396e+00 3.485181901962201664e+04
2.410420218319532786e-05 -4.189112204386113980e+00 2.394912385195909543e+00 1.501518944051620119e+00 2.837151932458077841e+00 3.097533849233625369e+04
2.411695163956253246e-05 -4.188583413361693708e+00 2.312554695872246491e+00 1.718478616416295957e+00 2.834318298112500134e+00 3.113695188602183043e+04
2.412304879584389403e-05 -4.188330629105524672e+00 2.284960877854957495e+00 1.744349634097043467e+00 2.816647689583971381e+00 3.124894611337509195e+04
2.412638658240024231e-05 -4.188192273639375074e+00 2.397017004777072025e+00 1.702148737545003065e+00 2.816069033972445457e+00 3.173074080409625822e+04
2.413372448923860840e-05 -4.187888175421115911e+00 2.372597127795758265e+00 1.780103598628348216e+00 2.887237455040481127e+00 3.895895465773015894e+04
2.413641696815802033e-05 -4.187776616646232242e+00 2.262949401102109626e+00 1.703225553489813082e+00 2.852614552073007737e+00 3.415196753202805849e+04
2.413652577188633237e-05 -4.187772108790602132e+00 2.311190201491765350e+00 1.644045290194528608e+00 2.804265050767715373e+00 3.184292035506447428e+04
2.415408803937698983e-05 -4.187044751365262663e+00 2.257278876627981656e+00 1.708919684350650225e+00 2.849410831785926135e+00 3.389986682669011498e+04
2.415855086533961891e-05 -4.186860003602502545e+00 2.335802873416205294e+00 1.723003733322393982e+00 2.876514174497147192e+00 3.706679930576879269e+04
2.416110014423447259e-05 -4.186754486329762770e+00 2.362247741320195882e+00 1.768497817253844362e+00 2.818714264156970462e+00 3.259244293148866564e+04
2.416769377117848364e-05 -4.186481620965214034e+00 2.448411999430391894e+00 1.732216047024624617e+00 2.901329386136279886e+00 3.704655558436678257e+04
2.417420315894747195e-05 -4.186212314702046022e+00 2.262993661998708550e+00 1.760591862612749914e+00 2.898272672309277098e+00 3.575474308518612088e+04
2.417508677956484858e-05 -4.186175763157294227e+00 2.467825121933620025e+00 1.742930079471872062e+00 2.836039090470823254e+00 3.512223314474861400e+04
2.418420322880668189e-05 -4.185798733248534020e+00 2.332959515230188519e+00 1.536705087418891225e+00 2.814424882381916682e+00 3.089967084980935397e+04
2.418541159838369879e-05 -4.185748769254331592e+00 2.385134033366826500e+00 1.671288232984454281e+00 2.915219334329865131e+00 3.555941687648862717e+04
2.419405220881103448e-05 -4.185391567671707946e+00 2.344132794786949248e+00 1.601544752341030220e+00 2.869517023805506994e+00 3.130408979200065733e+04
2.419686360493527859e-05 -4.185275372469360988e+00 2.369749844271609618e+00 1.525897793326888907e+00 2.848708628081622063e+00 3.244769007622991921e+04
2.419927586085304075e-05 -4.185175684521254880e+00 2.278807465871800275e+00 1.558942314196533507e+00 2.802808988782770960e+00 2.866656664107502002e+04
2.420230638171400525e-05 -4.185050460480035817e+00 2.243736078559798397e+00 1.709260312192597331e+00 2.848102551150150763e+00 3.122625125546079653e+04
2.421563366575490235e-05 -4.184499950302841498e+00 2.291140437794736417e+00 1.474791125949531434e+00 2.824477151022223076e+00 2.841301561471739114e+04
2.421664833547194478e-05 -4.184458049749107289e+00 2.490547164804991276e+00 1.726787222175096170e+00 2.849836056082634350e+00 3.672327486157637031e+04
2.421861566046064546e-05 -4.184376814515623266e+00 2.333172668185362397e+00 1.635457052754848206e+00 2.791809866675337481e+00 3.094803878909802006e+04
2.421976852301166452e-05 -4.184329213317909080e+00 2.361426129366858362e+00 1.764573677573773036e+00 2.898593469921239674e+00 3.559520222429679416e+04
2.422601186218514515e-05 -4.184071467889580731e+00 2.376952326081321232e+00 1.839161977831070605e+00 2.863364007515187382e+00 3.652000375588841416e+04
2.422784184003141104e-05 -4.183995933016405822e+00 2.375632391578818670e+00 1.822644644663746316e+00 2.837082690983873334e+00 3.736093334297150432e+04
2.423857186635288379e-05 -4.183553151070052323e+00 2.294729829883653149e+00 1.646017979368167961e+00 2.801817538481771397e+00 3.117542703164352861e+04
2.424116578895342799e-05 -4.183446140482597109e+00 2.432706784681314627e+00 1.817121470943919848e+00 2.901040133891518380e+00 3.937955380298254022e+04
2.424757983350497452e-05 -4.183181582408074028e+00 2.403969749638645403e+00 1.713038260790589407e+00 2.799332811027140266e+00 3.358137778656498267e+04
2.425398188853165944e-05 -4.182917588638117579e+00 2.413043794448457735e+00 1.633810938531541801e+00 2.824647885403536840e+00 3.414724329163906077e+04
2.425494498335426462e-05 -4.182877880696311834e+00 2.388320160176517604e+00 1.734503975428333566e+00 2.917497153314731140e+00 3.672328684536227229e+04
2.425562924580592348e-05 -4.182849669838677009e+00 2.339377135445144695e+00 1.593256358692992425e+00 2.904458003921128295e+00 3.438508812378290168e+04
2.426503535849166993e-05 -4.182461954094044643e+00 2.352382174294494810e+00 1.830663811551738185e+00 2.835604093960777838e+00 3.677348762603862269e+04
2.426613761982509632e-05 -4.182416529214902035e+00 2.440889896382427260e+00 1.750442454578569507e+00 2.862849018735489359e+00 3.838359762307363417e+04
2.427180784491356520e-05 -4.182182888294997625e+00 2.286181971491318965e+00 1.788520655202306298e+00 2.885532904599713788e+00 3.483849532106865081e+04
2.427330186229330247e-05 -4.182121336579936788e+00 2.304769127973910869e+00 1.802700068606061912e+00 2.821156978575299235e+00 3.418462450058381364e+04
2.427334242018242835e-05 -4.182119665696616195e+00 2.234974270622597015e+00 1.739932836494822554e+00 2.869144772255444842e+00 3.331294415707994631e+04
2.428093689138700596e-05 -4.181806841724174717e+00 2.369331410357447432e+00 1.677390748122965292e+00 2.795622902418465561e+00 3.076478696062958988e+04
2.428940928970885226e-05 -4.181457970485900510e+00 2.355154150342666508e+00 1.764083762816069934e+00 2.805425387246022417e+00 3.420323761428990838e+04
2.429481415791472220e-05 -4.181235475698718673e+00 2.348191557738856350e+00 1.836245417583555195e+00 2.891839744502584963e+00 3.879250322723477439e+04
2.429957909928576935e-05 -4.181039364951495862e+00 2.315851972688257376e+00 1.472887194472888295e+00 2.847735480610200209e+00 3.034252471730993057e+04
2.430218705993627526e-05 -4.180932045367901750e+00 2.478477044330657186e+00 1.759545325182353626e+00 2.841107238837163429e+00 3.693585541953260690e+04
2.432472763235306502e-05 -4.180004963147128549e+00 2.271761287545370767e+00 1.695236099562785093e+00 2.809269508726737641e+00 3.040193514120702093e+04
2.432938218226918316e-05 -4.179813630906211941e+00 2.464594320570378194e+00 1.788222486250858001e+00 2.866283762198742036e+00 3.896811130955444969e+04
2.433108224666912219e-05 -4.179743756340871030e+00 2.342022551822747989e+00 1.710323677293497102e+00 2.925596164116085696e+00 3.704200403060971439e+04
2.433179211898619889e-05 -4.179714581232477855e+00 2.387117670156674976e+00 1.759970458458197440e+00 2.855926822186817482e+00 3.394656996967829036e+04
2.433680611058975347e-05 -4.179508534960190147e+00 2.235587665928926437e+00 1.697448703259596403e+00 2.882246089117216137e+00 3.297880569953068334e+04
2.434112583761439979e-05 -4.179331053014548658e+00 2.461642131810202194e+00 1.699887358647975244e+00 2.898820689039653509e+00 3.720228533147730923e+04
2.434389585515226166e-05 -4.179217259595359835e+00 2.368132384596711493e+00 1.602429216016497904e+00 2.799174811795583473e+00 3.144720252779513976e+04
2.435039102726352931e-05 -4.178950486116759677e+00 2.310822648636602583e+00 1.492959237343118639e+00 2.865538499534507899e+00 3.065426702592784568e+04
2.435711131423647156e-05 -4.178674541480208227e+00 2.293099839894320091e+00 1.552742479618088645e+00 2.872491235946272869e+00 3.252733065772629925e+04
2.435769785982707232e-05 -4.178650460688327684e+00 2.304308064543090673e+00 1.630549461425444768e+00 2.905815094384927022e+00 3.341754943749307131e+04
2.436006462291396773e-05 -4.178553298463786980e+00 2.370686083902004082e+00 1.660193627693879348e+00 2.917989212117818365e+00 3.647680120345058094e+04
2.436417112605960750e-05 -4.178384737455401066e+00 2.257295781421568392e+00 1.669881663128898852e+00 2.887386339571958782e+00 3.423023671495787130e+04
2.436971133877400352e-05 -4.178157371505549555e+00 2.411304104431627682e+00 1.840742058024186445e+00 2.845085359454267326e+00 3.750650231305330090e+04
2.436976958228198828e-05 -4.178154981512594901e+00 2.442957081339943048e+00 1.746141964538245439e+00 2.828816098785488897e+00 3.426625462210652768e+04
2.437054845391334649e-05 -4.178123021457231800e+00 2.240117863484663019e+00 1.641836810057501150e+00 2.874424917829205839e+00 3.283448945884813293e+04
2.437679903387606701e-05 -4.177866573452608812e+00 2.334109969282928354e+00 1.778056851564674412e+00 2.822314688354359280e+00 3.264259012092775083e+04
2.439000448177107262e-05 -4.177324998148680635e+00 2.444332650385084627e+00 1.746325225956097293e+00 2.818798673726709669e+00 3.437230503143306123e+04
2.439275351547876217e-05 -4.177212293011725919e+00 2.284071143306948937e+00 1.728202245494081968e+00 2.901455042681100327e+00 3.622598875235812011e+04
2.439334912491353751e-05 -4.177187875835413955e+00 2.352436223213188349e+00 1.700041699920121108e+00 2.849723094457040862e+00 3.192891384627567822e+04
2.440044301451338641e-05 -4.176897105664097332e+00 2.376575555080106650e+00 1.561168766672580865e+00 2.871908931083341887e+00 3.192587337222665883e+04
2.440118114376492087e-05 -4.176866855472045614e+00 2.318605829503380011e+00 1.660379470542220570e+00 2.800596408562272543e+00 2.981893156865858327e+04
2.440749755596671215e-05 -4.176608032147782090e+00 2.287497986803748606e+00 1.534189594666778511e+00 2.871596978043960746e+00 3.051502489659486673e+04
2.441193899827714093e-05 -4.176426078293489219e+00 2.424685614612944740e+00 1.643576309977862859e+00 2.808817667464117207e+00 3.308419349863986281e+04
2.441739742612080805e-05 -4.176202506634886014e+00 2.397249802340084113e+00 1.822699475831125016e+00 2.851718595742691154e+00 3.833421241770246706e+04
2.441919050641839107e-05 -4.176129074793136553e+00 2.303952139702803770e+00 1.832009917008072808e+00 2.865583829033286900e+00 3.585565723473029357e+04
2.442501450038281528e-05 -4.175890602532558837e+00 2.345177216833294498e+00 1.756125044404466706e+00 2.900064270375957598e+00 3.534088687482083333e+04
2.443348213344721161e-05 -4.175543983879409282e+00 2.370605429270157050e+00 1.546222391370687177e+00 2.815509432799024214e+00 2.956979199734044596e+04
2.443761036958388210e-05 -4.175375039993152626e+00 2.449809020230611090e+00 1.788043053593193488e+00 2.851130477232244331e+00 3.829038489756352647e+04
2.444662139229008375e-05 -4.175006372122819442e+00 2.406879457286360768e+00 1.609475506906647313e+00 2.847162082040508135e+00 3.174833642838145897e+04
2.444667977787549906e-05 -4.175003983837140886e+00 2.335118922245205564e+00 1.826739030861882940e+00 2.850079716779351457e+00 3.712545188303376199e+04
2.445345373195494636e-05 -4.174726931255216655e+00 2.297593216068909427e+00 1.799605361895578737e+00 2.853440504369150865e+00 3.615426806482663233e+04
2.445562350674250531e-05 -4.174638204380304529e+00 2.276719338836997064e+00 1.669940448670473643e+00 2.883620596464609331e+00 3.220798687975013672e+04
2.446676004228333739e-05 -4.174182930743769226e+00 2.378694699165857074e+00 1.517954896470634418e+00 2.858974857411258785e+00 3.203519190284993601e+04
2.447195496007192300e-05 -4.173970627751841356e+00 2.376927557489577403e+00 1.681721820387712674e+00 2.920957768516035724e+00 3.648615266396151128e+04
2.447217555557161471e-05 -4.173961613575988494e+00 2.325953574394314494e+00 1.650307838378939351e+00 2.916026884043630751e+00 3.510121716049583483e+04
2.448562652268737496e-05 -4.173412121283307741e+00 2.439557290420339974e+00 1.788947438578002425e+00 2.839267220294024785e+00 3.567364132351898297e+04
2.449684750202810410e-05 -4.172953958245999573e+00 2.399628780013088658e+00 1.804958125856627404e+00 2.868275350206125118e+00 3.890008402474314789e+04
2.450043591488239967e-05 -4.172807484294371427e+00 2.282553207036755349e+00 1.782680207749458123e+00 2.845893636598448850e+00 3.308166320677730982e+04
2.450091501141522470e-05 -4.172787929872960433e+00 2.297117639556845781e+00 1.688330962237115651e+00 2.825018002400503381e+00 3.038453849781515601e+04
2.451618087557178385e-05 -4.172165050676473363e+00 2.419765286274135896e+00 1.659515662001253222e+00 2.879292163547452876e+00 3.673158751468735136e+04
2.453656780017548906e-05 -4.171333826073247764e+00 2.444626088268857966e+00 1.649786564583265669e+00 2.823028271350222607e+00 3.276126636972779670e+04
2.453771259933590552e-05 -4.171287170303614289e+00 2.373080341483687405e+00 1.510004053695775728e+00 2.855091519898919294e+00 3.148177158174576107e+04
2.453783385439965484e-05 -4.171282228736072462e+00 2.364098262169023190e+00 1.557083967859557161e+00 2.805008636619442886e+00 2.951066565499978606e+04
2.453885010703968537e-05 -4.171240813849889761e+00 2.424645123939056734e+00 1.683793238159814631e+00 2.831539741295455936e+00 3.262771041552438692e+04
2.453932762225130904e-05 -4.171221354479813570e+00 2.295490765643432685e+00 1.497531401664312645e+00 2.855287927323659325e+00 3.067536834782439837e+04
2.454686729194101508e-05 -4.170914153248906686e+00 2.348379973577539470e+00 1.491361780344595767e+00 2.833455968133896441e+00 3.058320247908257443e+04
2.454844611216965548e-05 -4.170849836713594883e+00 2.299092552430578085e+00 1.595080287714265133e+00 2.798717434227069756e+00 2.973567460657409902e+04
2.455524000400179468e-05 -4.170573120547746981e+00 2.393854337437571367e+00 1.744479611491543292e+00 2.919447975793729277e+00 3.752990547757956665e+04
2.456041251623222808e-05 -4.170362494729533687e+00 2.450210393889573179e+00 1.692671110134746026e+00 2.875612694734493324e+00 3.745847490708460828e+04
2.456351685118772515e-05 -4.170236106836723522e+00 2.332838096007855633e+00 1.626896849187674743e+00 2.909323703423398300e+00 3.493574895336668851e+04
2.456630619512253547e-05 -4.170122556908603784e+00 2.256931299378366340e+00 1.645498912306250006e+00 2.891853647711227548e+00 3.346125142638337275e+04
2.456904793384001091e-05 -4.170010957480085878e+00 2.428342133735827524e+00 1.674715130300723720e+00 2.852929566991147858e+00 3.628078766503259249e+04
2.458342717000903960e-05 -4.169425870501294540e+00 2.326214421151055145e+00 1.766971053823696902e+00 2.860851263706140735e+00 3.345213281959355663e+04
2.458580593964139515e-05 -4.169329112041432417e+00 2.253314728226205599e+00 1.564845662748073352e+00 2.858787616059948800e+00 3.128249080977486665e+04
2.458591757734555563e-05 -4.169324571313707040e+00 2.350902413857180129e+00 1.519977802597457739e+00 2.836665346958112011e+00 2.971034773339122330e+04
2.458958943135390932e-05 -4.169175234611820713e+00 2.446994972233776711e+00 1.744448309434987632e+00 2.854430052196656575e+00 3.514096864213085792e+04
2.459059317875227549e-05 -4.169134415430383100e+00 2.303326302059518493e+00 1.771403101060175622e+00 2.845169304870160509e+00 3.565134619693012064e+04
2.459490982001845625e-05 -4.168958890488516644e+00 2.331881222288830990e+00 1.519597881396558492e+00 2.816670185233203227e+00 2.889701455572285340e+04
2.460541587332183548e-05 -4.168531817971620868e+00 2.343229672927576335e+00 1.549603538329898056e+00 2.812066115113007747e+00 2.912022871548205148e+04
2.462151329501551439e-05 -4.167877809178489379e+00 2.414312594319725669e+00 1.830254281960441265e+00 2.843459664391173813e+00 3.737047991685996385e+04
2.462758523506424006e-05 -4.167631228418200884e+00 2.243651661678675246e+00 1.653272417910129688e+00 2.883227210413086272e+00 3.286838820696195035e+04
2.463349321914727255e-05 -4.167391364237523987e+00 2.261617474466671052e+00 1.568458151372772225e+00 2.818104025488840314e+00 2.904821981746661186e+04
2.463501510271054245e-05 -4.167329585076123166e+00 2.337290645601751926e+00 1.485083936364063995e+00 2.841735792827702944e+00 2.988597454127077435e+04
2.463790544487156714e-05 -4.167212265374664604e+00 2.322159302664294156e+00 1.725226121114600497e+00 2.891299458697435210e+00 3.696953704862004088e+04
2.464623695223670233e-05 -4.166874164434309691e+00 2.289409823950348422e+00 1.502081171517893443e+00 2.826018626639278608e+00 2.874911523906970251e+04
2.464743055783123949e-05 -4.166825736080120635e+00 2.322609948111903577e+00 1.508537950093903124e+00 2.848306950775721269e+00 3.126608886125002755e+04
2.464847237018726536e-05 -4.166783468374517518e+00 2.277774380892247041e+00 1.624412567862538292e+00 2.898738507067344816e+00 3.335650713120391447e+04
2.465564395960781284e-05 -4.166492555971864853e+00 2.290481355284764486e+00 1.719533591072787804e+00 2.817157333908460348e+00 3.097554506291158395e+04
2.466336634357758206e-05 -4.166179395428477150e+00 2.363633992665914008e+00 1.805972955208067443e+00 2.855051283655784200e+00 3.776578343007781223e+04
2.467203396298278990e-05 -4.165828020170934565e+00 2.315907605486533072e+00 1.564389005364222207e+00 2.869160240443380250e+00 3.302486750093701994e+04
2.467348043794766410e-05 -4.165769393769614304e+00 2.367147965619236682e+00 1.628809140061423300e+00 2.895896109488683923e+00 3.368447924058529316e+04
2.468079980182100161e-05 -4.165472788737938359e+00 2.401582481532820612e+00 1.584039237938739131e+00 2.847118796827199816e+00 3.156179322545353352e+04
2.470711755045673337e-05 -4.164407032069598280e+00 2.322976026304759412e+00 1.791066301147049789e+00 2.899460360947992310e+00 3.787253356594957586e+04
2.471461585140828225e-05 -4.164103590628232432e+00 2.442225178542788644e+00 1.630886088636452902e+00 2.876602249788844823e+00 3.555115189334883326e+04
2.472038644886216229e-05 -4.163870128619066691e+00 2.262652508772741378e+00 1.672971778351101113e+00 2.888242607416881658e+00 3.422073578489716601e+04
2.472301438549526722e-05 -4.163763827814864982e+00 2.297871731668149842e+00 1.664673007684321249e+00 2.810062579744310174e+00 3.190247967120847170e+04
2.472503320176662757e-05 -4.163682173781147355e+00 2.283709754226309840e+00 1.629031983699574804e+00 2.822360045928764105e+00 3.180964028150628292e+04
2.473489281855822448e-05 -4.163283482650145473e+00 2.390563015153646553e+00 1.759014464431580604e+00 2.807197510142208419e+00 3.353802110032799101e+04
2.473546844959730897e-05 -4.163260210896134517e+00 2.275660999637326931e+00 1.502633280226547186e+00 2.835279934034789839e+00 2.932198603674018523e+04
2.473591721213995521e-05 -4.163242068588749234e+00 2.446691273978584213e+00 1.621798284746240881e+00 2.868120916480995319e+00 3.461130520386024727e+04
2.476610315109918335e-05 -4.162022484318078419e+00 2.447926736297473482e+00 1.648065530774234233e+00 2.859987976081954208e+00 3.406333212613168143e+04
2.476864457006996409e-05 -4.161919872753876426e+00 2.394079363371642177e+00 1.576274220727898134e+00 2.865770117247891768e+00 3.228584736175619764e+04
2.476892731072137508e-05 -4.161908457553628260e+00 2.332075930555348453e+00 1.495449603813256534e+00 2.852530277977179729e+00 3.070674862900117296e+04
2.477128586380509420e-05 -4.161813239833140443e+00 2.298136400399454882e+00 1.629121105334522479e+00 2.842435365152605087e+00 3.012467483516699576e+04
2.477193019333917792e-05 -4.161787229025388335e+00 2.458367891750613765e+00 1.644365205726251222e+00 2.846483759988912343e+00 3.476939353422724525e+04
2.478185335660443726e-05 -4.161386728289137693e+00 2.379382622205178155e+00 1.613789935845592938e+00 2.851202802366990863e+00 3.146393062563953936e+04
2.478720112646963370e-05 -4.161170957787089897e+00 2.432936228315139005e+00 1.710668976258450602e+00 2.870878540537311618e+00 3.758896134538005572e+04
2.479194438520794419e-05 -4.160979616903585310e+00 2.382300245342007017e+00 1.838500015880085714e+00 2.863242163035797816e+00 3.717977615328923275e+04
2.479344747817883082e-05 -4.160918990460398703e+00 2.239229285245293077e+00 1.629455525624390777e+00 2.843802089776788833e+00 3.124203810886389692e+04
2.479350052359759632e-05 -4.160916850969226033e+00 2.397281576957153160e+00 1.834105727438815281e+00 2.882891966605536815e+00 3.853591518573813664e+04
2.479372872862844711e-05 -4.160907646783622127e+00 2.263314673816828382e+00 1.697097061732233181e+00 2.818361910847799745e+00 3.103855731264128553e+04
2.480328046093551150e-05 -4.160522473057169712e+00 2.271232511311188862e+00 1.742947085949281716e+00 2.876619208827131402e+00 3.340572404201688914e+04
2.480399922464325012e-05 -4.160493494902659073e+00 2.283507230023527512e+00 1.730273791774498138e+00 2.875155524226050918e+00 3.302137707910929748e+04
2.480571145703364743e-05 -4.160424466788303022e+00 2.262000578764979952e+00 1.691022046457726358e+00 2.871601027609354873e+00 3.420459926691088185e+04
2.481664460817966050e-05 -4.159983812527205949e+00 2.357568606232154362e+00 1.693188726257457866e+00 2.912900219218589104e+00 3.700628339782908006e+04
2.481927072172601279e-05 -4.159877997472467115e+00 2.351026119101002010e+00 1.611220856377317157e+00 2.890312754415033769e+00 3.298146969645181525e+04
2.482295355810673680e-05 -4.159729622316401532e+00 2.407472503162193522e+00 1.742799063674124627e+00 2.881838559838167058e+00 3.833409622654420673e+04
2.482567401428641417e-05 -4.159620033942447392e+00 2.418330064879007146e+00 1.582908813099071832e+00 2.822666243580492562e+00 3.189520988964853314e+04
2.484067068347479721e-05 -4.159016137290279858e+00 2.292292549439183258e+00 1.513821746908846633e+00 2.846775759771241532e+00 2.952101847111222742e+04
2.484190088724823873e-05 -4.158966614742038992e+00 2.291954531469434286e+00 1.710230211059937000e+00 2.856342107413046616e+00 3.184039525996429802e+04
2.485213073534557572e-05 -4.158554901387018887e+00 2.338101451205777170e+00 1.755193219914584546e+00 2.841990349750916245e+00 3.600642546611667058e+04
2.485394563004559229e-05 -4.158481876323145698e+00 2.406772194689071664e+00 1.745863519332367275e+00 2.867834178454356397e+00 3.795452625972327223e+04
2.485739165975783078e-05 -4.158343234721217918e+00 2.416567640230944392e+00 1.781017523304098127e+00 2.822719933062108222e+00 3.490858635470765876e+04
2.485807116827412917e-05 -4.158315898818959688e+00 2.289483962336003930e+00 1.744466453886027724e+00 2.840530852526529593e+00 3.204909874772357216e+04
2.485918880904509296e-05 -4.158270938949021556e+00 2.313673872730556802e+00 1.582533558078508262e+00 2.801000041114829031e+00 2.946333073801072896e+04
2.486366985163983309e-05 -4.158090698201503344e+00 2.326872911234745711e+00 1.738923927322712615e+00 2.805961732216137428e+00 3.193883625278021282e+04
2.487035004549709556e-05 -4.157822061404746528e+00 2.356468976684507943e+00 1.724213672412847398e+00 2.898190845338975308e+00 3.761121191702906071e+04
2.487173249134744322e-05 -4.157766476846154191e+00 2.266835939475706496e+00 1.751606772288023972e+00 2.845492943094705129e+00 3.402427412972487946e+04
2.487309552812854297e-05 -4.157711675700555887e+00 2.372421214977914250e+00 1.796877799280464316e+00 2.820485161290502418e+00 3.538794143505280954e+04
2.488022281507664007e-05 -4.157425170710168594e+00 2.285311822109888258e+00 1.536169071821900545e+00 2.829854043664043139e+00 3.037126915720340912e+04
2.488064708329240093e-05 -4.157408118427254884e+00 2.318766251934831324e+00 1.707360202468513499e+00 2.895556228906864593e+00 3.650929604185991775e+04
2.488171179673725510e-05 -4.157365326507057368e+00 2.313856438646729963e+00 1.790901872352782975e+00 2.829997321226390028e+00 3.490189178792905295e+04
2.488317368996748082e-05 -4.157306574508885078e+00 2.430566999341818413e+00 1.755340870806276543e+00 2.846817710423853676e+00 3.481953619922331563e+04
2.488389843582170606e-05 -4.157277448991814950e+00 2.299494434131050813e+00 1.545883907680506431e+00 2.818205144013172347e+00 3.027008679364784621e+04
2.491953293351100476e-05 -4.155846443023333059e+00 2.296279048587770433e+00 1.701385212725207152e+00 2.828411533298911262e+00 3.351989262719347607e+04
2.492597917490035783e-05 -4.155587794204107510e+00 2.452381004670505682e+00 1.650554376449183236e+00 2.852835902240660193e+00 3.414106112443273014e+04
2.493554713969011962e-05 -4.155204012735129737e+00 2.444625711014072333e+00 1.628343170400142093e+00 2.863015156064281364e+00 3.495527136262063141e+04
2.495111626611529494e-05 -4.154579832809363715e+00 2.368991659732428978e+00 1.650698942008150372e+00 2.904997060589350255e+00 3.601471311456086551e+04
2.495175227338552418e-05 -4.154554343001308325e+00 2.283972020810818293e+00 1.528394951163462245e+00 2.839441198887938445e+00 2.929700318738246642e+04
2.495210054841166925e-05 -4.154540385160123250e+00 2.241965678374655990e+00 1.665531229796537449e+00 2.854154801192972712e+00 3.123388910632508487e+04
2.495354773910438801e-05 -4.154482388089939526e+00 2.389118499513564586e+00 1.642942763591284994e+00 2.858070415827700383e+00 3.533802925437749946e+04
2.495800137467492079e-05 -4.154303926965751792e+00 2.463874696894834848e+00 1.740756148538859627e+00 2.865868579213807887e+00 3.776150216285097122e+04
2.495968134962691203e-05 -4.154236617152440303e+00 2.437542854044781215e+00 1.660787844627802823e+00 2.844309936718451226e+00 3.331785083536821912e+04
2.496669291276979613e-05 -4.153955741030647353e+00 2.349367560500692953e+00 1.829586965185746150e+00 2.861860901262413215e+00 3.751601571191511903e+04
2.497139106775974387e-05 -4.153767581829123756e+00 2.376173753546476863e+00 1.716910418434931307e+00 2.839760504967427934e+00 3.251655706692237800e+04
2.497607951965693119e-05 -4.153579846520170982e+00 2.373078036970225124e+00 1.829460532745340373e+00 2.855252940006952844e+00 3.635386202565175336e+04
2.499908155762863056e-05 -4.152659307632443841e+00 2.313451996701869184e+00 1.803043616681172301e+00 2.866641685396189132e+00 3.493742401807515125e+04
2.500386817425232473e-05 -4.152467854261635338e+00 2.449400468135369824e+00 1.719564844090005096e+00 2.828698464208785346e+00 3.454957358686064254e+04
2.500486644260630460e-05 -4.152427930501843889e+00 2.365521782300366027e+00 1.583865775369832196e+00 2.802974657795568092e+00 3.045930904150079004e+04
2.500882065398671674e-05 -4.152269805331787467e+00 2.276994257305005931e+00 1.744534421024769077e+00 2.829959635365201898e+00 3.206953388507000636e+04
2.500888816509176047e-05 -4.152267105843684192e+00 2.302194611790679080e+00 1.774285176056717761e+00 2.852260356306316691e+00 3.334632855242519145e+04
2.501540592473889746e-05 -4.152006522069235039e+00 2.406464440032257457e+00 1.613858367205801780e+00 2.855436943946405570e+00 3.240533531657925050e+04
2.502742217897610728e-05 -4.151526283244874271e+00 2.264485001062647385e+00 1.637148498644714900e+00 2.878722737168027734e+00 3.326983395039910829e+04
2.502769537321898019e-05 -4.151515367508133103e+00 2.414483979708641925e+00 1.602739809877770316e+00 2.858115457925767711e+00 3.436126771061510226e+04
2.502883357435868288e-05 -4.151469890877453217e+00 2.442281330983171461e+00 1.694015532255999545e+00 2.821141924671844325e+00 3.406920424214461673e+04
2.502934965054606236e-05 -4.151449271823621778e+00 2.294693756392508721e+00 1.796774597692052833e+00 2.868499522306139582e+00 3.613676305278561631e+04
2.503894507967621333e-05 -4.151065978192415074e+00 2.273263255178481934e+00 1.705551425706234525e+00 2.821956615760675025e+00 3.218943195778967856e+04
2.506394444864587718e-05 -4.150068056863739585e+00 2.419221093965445490e+00 1.769066184226734784e+00 2.825449847140276916e+00 3.591068507257584861e+04
2.506595268305384568e-05 -4.149987935637728498e+00 2.375367796974363177e+00 1.693243981529612086e+00 2.894543712925520929e+00 3.463192458433723368e+04
2.507313168013860027e-05 -4.149701572325553478e+00 2.417135501519736440e+00 1.686139318949156696e+00 2.899883243564752355e+00 3.600936215531022754e+04
2.508872035321113700e-05 -4.149080037316678293e+00 2.302362676839742939e+00 1.749346164159151229e+00 2.815534411953619642e+00 3.276119299161179515e+04
2.509019575994580917e-05 -4.149021231473533078e+00 2.248960587943600764e+00 1.715775532363429834e+00 2.866843242491981414e+00 3.341360209083818336e+04
2.510644579490114287e-05 -4.148373776384127964e+00 2.406004484662665810e+00 1.718026998771626346e+00 2.849552751748587909e+00 3.355676743066022755e+04
2.510688223431287009e-05 -4.148356392975022899e+00 2.318575685245908069e+00 1.789877546666224450e+00 2.829982139537393859e+00 3.361114161397288262e+04
2.512143443117920402e-05 -4.147776951009234381e+00 2.386807273738395185e+00 1.660541759640771664e+00 2.802456088266936707e+00 3.168003702312097448e+04
2.512499309857487041e-05 -4.147635302435331184e+00 2.308908184131362784e+00 1.682965172144148536e+00 2.853478166143394112e+00 3.150735314732717234e+04
2.513511788372749107e-05 -4.147232406974431740e+00 2.326155844700374065e+00 1.534291530289451533e+00 2.845527202671465083e+00 3.157768528985329249e+04
2.513999138906511467e-05 -4.147038533488192513e+00 2.390202683170785214e+00 1.692637710176627452e+00 2.887745655165958159e+00 3.712651459020696348e+04
2.514750404497076503e-05 -4.146739745254784282e+00 2.424967027239913087e+00 1.707495232268909646e+00 2.838058942170677668e+00 3.593087027215625858e+04
2.515419912488027420e-05 -4.146473548306090606e+00 2.303873617886386338e+00 1.521654562685954559e+00 2.832637568470797618e+00 2.935268325164526686e+04
2.515486363653884354e-05 -4.146447131131044905e+00 2.369093802146348349e+00 1.544421220120933747e+00 2.859152518021667699e+00 3.164027457108526869e+04
2.515862071514831616e-05 -4.146297784344000092e+00 2.304859847756108859e+00 1.736833167375575915e+00 2.831992223991245616e+00 3.189236746093456532e+04
2.516862995216858847e-05 -4.145900018242354435e+00 2.309208987582572536e+00 1.800940392559662317e+00 2.856761547797236567e+00 3.460334332367248135e+04
2.517081894930742094e-05 -4.145813048790444100e+00 2.395129578747954291e+00 1.572180857814382549e+00 2.823098928844858690e+00 3.109453049535999889e+04
2.517145888549630640e-05 -4.145787625380283004e+00 2.335262153504132243e+00 1.516089021459316344e+00 2.824014811931315094e+00 3.007298377654961587e+04
2.517174403512331411e-05 -4.145776297152819367e+00 2.248633924356950864e+00 1.627146916343775285e+00 2.836595688682448824e+00 3.077312437332940317e+04
2.520474350437936880e-05 -4.144466183026652040e+00 2.309336635899862156e+00 1.645980612483375793e+00 2.900889588834288713e+00 3.391339240639453783e+04
2.521096272062069556e-05 -4.144219465615012865e+00 2.420902638196812173e+00 1.677760485776326860e+00 2.856154911768681526e+00 3.610597950183192734e+04
2.522183760765962459e-05 -4.143788203137550141e+00 2.392911753704819677e+00 1.600757156391156233e+00 2.812048160044995804e+00 3.119242544632978752e+04
2.522700045748995975e-05 -4.143583526477137013e+00 2.330708011738683805e+00 1.759855861995774928e+00 2.838817871234408319e+00 3.553692595062554028e+04
2.523603265350275900e-05 -4.143225553697760688e+00 2.400672431679838681e+00 1.646110342536509119e+00 2.892938764383750971e+00 3.483795195245948707e+04
2.523642823051666005e-05 -4.143209878733355112e+00 2.274594310189354651e+00 1.742372478135234326e+00 2.871914852639725346e+00 3.345088316340065649e+04
2.525269806852647740e-05 -4.142565389919008467e+00 2.291572219711232261e+00 1.722065335045388501e+00 2.884990857638865869e+00 3.565490455263522745e+04
2.525602840907935611e-05 -4.142433518031118034e+00 2.248233514763512186e+00 1.689558335087903984e+00 2.863998224062284326e+00 3.236468434214873923e+04
2.527639706968684314e-05 -4.141627355986942760e+00 2.303862138353871991e+00 1.669109797597667422e+00 2.889220159284343392e+00 3.311994448914918758e+04
2.528590350355677691e-05 -4.141251327448911113e+00 2.438170567183275850e+00 1.628141607877561237e+00 2.843767514748374747e+00 3.368709247598814545e+04
2.529533098214664918e-05 -4.140878561588413831e+00 2.338557676944054364e+00 1.624087022499846045e+00 2.883361636119422755e+00 3.471378998451952793e+04
2.529760361639165389e-05 -4.140788721603263944e+00 2.349391011099557502e+00 1.744317153897748884e+00 2.809222823545028724e+00 3.277037776740954723e+04
2.530494085450031011e-05 -4.140498726772498195e+00 2.410404527256029716e+00 1.589111927229611698e+00 2.829078904719115606e+00 3.221114335887301786e+04
2.532142938101796821e-05 -4.139847345801516809e+00 2.406393163291298709e+00 1.817990035067200694e+00 2.860405990769991469e+00 3.727342587917735364e+04
2.533536445140364724e-05 -4.139297170013317206e+00 2.282230051970651541e+00 1.730552090497378792e+00 2.891358003485751116e+00 3.528818391948990029e+04
2.533817958598901757e-05 -4.139186061361189495e+00 2.425632739028203755e+00 1.625007727300702864e+00 2.860240231428154090e+00 3.358985432221414521e+04
2.534154129722690716e-05 -4.139053396414178465e+00 2.393457253582054189e+00 1.681309531490052578e+00 2.820691364573747251e+00 3.200574797959923308e+04
2.534443591423561620e-05 -4.138939178748024972e+00 2.394666756657580109e+00 1.807301453728287211e+00 2.840291518774528789e+00 3.588519183944777615e+04
2.536367143090185192e-05 -4.138180502528543414e+00 2.371237948930835504e+00 1.740963309994512986e+00 2.809636834115037729e+00 3.349778298508973967e+04
2.539015837982671212e-05 -4.137136760551700654e+00 2.443435023438800702e+00 1.772501670904433890e+00 2.863712113540833215e+00 3.677884442619314359e+04
2.539715560589126788e-05 -4.136861210397155375e+00 2.333885417238548143e+00 1.635144622193791752e+00 2.899658122643702374e+00 3.452603367133990105e+04
2.542006295827862263e-05 -4.135959651650489732e+00 2.402521724327005170e+00 1.761699517517926861e+00 2.861631230307313256e+00 3.505896857270130567e+04
2.543833227149427749e-05 -4.135241213173658004e+00 2.420362122920979520e+00 1.615055036970125535e+00 2.846568939799466680e+00 3.286273781167963898e+04
2.544756482113666820e-05 -4.134878340540129926e+00 2.345392921422327692e+00 1.810922264419967398e+00 2.858871897434970499e+00 3.696526351866779441e+04
2.544785099376812792e-05 -4.134867095023148309e+00 2.427029802196336572e+00 1.684275316134422384e+00 2.891430336295355286e+00 3.663684906006006349e+04
2.545722111768405896e-05 -4.134498953946701860e+00 2.293051106006231077e+00 1.681394177007584201e+00 2.847712325493284347e+00 3.382603437172564009e+04
2.545849258104619924e-05 -4.134449010097544175e+00 2.297550746547433409e+00 1.737069618810010319e+00 2.867973535493858250e+00 3.323556661631460884e+04
2.546112985574513365e-05 -4.134345424305854166e+00 2.389192391907334123e+00 1.673195480671209268e+00 2.861065883299526824e+00 3.585477423820686090e+04
2.546918695346954723e-05 -4.134029027381729726e+00 2.326132852096661985e+00 1.601167064603905565e+00 2.861140104215575519e+00 3.119331825676660446e+04
2.547310035671164079e-05 -4.133875386724571221e+00 2.306914632018622235e+00 1.665435190531588283e+00 2.889676301592111418e+00 3.325971061640363769e+04
2.548705343108996808e-05 -4.133327779478916497e+00 2.315647745500380328e+00 1.537324193799986638e+00 2.841446679849423340e+00 2.999651307766679383e+04
2.548845259413064782e-05 -4.133272883975165790e+00 2.321172868391545130e+00 1.525081248174138260e+00 2.845901593865875601e+00 3.076141343891672295e+04
2.550601141125779218e-05 -4.132584228131297444e+00 2.305198869556324581e+00 1.670643860160242911e+00 2.809566341402510048e+00 3.126719539535435979e+04
2.550949965467249429e-05 -4.132447475863320285e+00 2.315864170959169410e+00 1.777467643264581731e+00 2.829287563106021253e+00 3.366471521211635263e+04
2.551784448453128774e-05 -4.132120402993904484e+00 2.332690145955854000e+00 1.645919780166083424e+00 2.883075582841220008e+00 3.289164734202787076e+04
2.552353068656886670e-05 -4.131897595436622161e+00 2.406986855903935130e+00 1.662324825035027764e+00 2.837043651113914322e+00 3.251825782964946848e+04
2.557320092977694742e-05 -4.129953429644324103e+00 2.359915618352195654e+00 1.679113462973964133e+00 2.815389485938183611e+00 3.136000048496913951e+04
2.557794811700694513e-05 -4.129767815544465925e+00 2.359273187467100463e+00 1.701610587450221423e+00 2.808213631407696642e+00 3.196905692404136062e+04
2.558165362840172669e-05 -4.129622954706033688e+00 2.280977991347971301e+00 1.669105551760061923e+00 2.874507757951421993e+00 3.402140475502115441e+04
2.558400575752122066e-05 -4.129531012995543371e+00 2.386280460838971607e+00 1.628068838761095982e+00 2.812466135915477228e+00 3.202784364419575286e+04
2.558553199487361950e-05 -4.129471358856776853e+00 2.273414605809540134e+00 1.744040396445599050e+00 2.863297090600595673e+00 3.347104455429138034e+04
2.558928041595751542e-05 -4.129324864090541780e+00 2.286327116459126341e+00 1.739078318090137465e+00 2.866566550143640590e+00 3.330544976946859970e+04
2.559652103989533864e-05 -4.129041948759331504e+00 2.359610204203074879e+00 1.800100807157960947e+00 2.889232810715405275e+00 3.778386217887756357e+04
2.562314076438845228e-05 -4.128002514840710901e+00 2.426018225106355342e+00 1.714368921818967273e+00 2.828315633055512368e+00 3.400888477321265964e+04
2.563629792340005098e-05 -4.127489159266113816e+00 2.318678521059841735e+00 1.603032761269021389e+00 2.837082573049392487e+00 3.026559458781729336e+04
2.563992372227273721e-05 -4.127347737033257857e+00 2.287708529565418480e+00 1.700182616539535285e+00 2.877046130657525680e+00 3.303349836989369942e+04
2.564130406785286400e-05 -4.127293902691142158e+00 2.358401710267029827e+00 1.588070943599613205e+00 2.832457122751147693e+00 3.241272406416402373e+04
2.564577289136680188e-05 -4.127119635651951057e+00 2.423486227984949615e+00 1.686733880724976320e+00 2.854502726965645554e+00 3.398445064277163328e+04
2.564597927618548112e-05 -4.127111588166345157e+00 2.307741001979450424e+00 1.578678151466099688e+00 2.834802643680055301e+00 2.992968134483389076e+04
2.565075711500751878e-05 -4.126925305795496435e+00 2.346312910845282040e+00 1.543850814608940691e+00 2.828233620171751284e+00 3.072755419499329582e+04
2.565547097289395560e-05 -4.126741551967728405e+00 2.291652443648642734e+00 1.744200444048490173e+00 2.830512918722668747e+00 3.269024280809737684e+04
2.565754323147637832e-05 -4.126660782649626213e+00 2.307089736780298495e+00 1.653850263344826654e+00 2.830088785758120729e+00 3.058157851361898065e+04
2.566090310825395665e-05 -4.126529840385313008e+00 2.334761117012796650e+00 1.723066968630043272e+00 2.888918709334236112e+00 3.448268483494913380e+04
2.566428584435581479e-05 -4.126398024558590727e+00 2.372572958576262270e+00 1.781657171903441528e+00 2.897490088425239474e+00 3.738991853140919557e+04
2.566642113729372682e-05 -4.126314827070585167e+00 2.361721913887740776e+00 1.735746426727218683e+00 2.881074627177675040e+00 3.717158163294406404e+04
2.567835360719561508e-05 -4.125850029233762761e+00 2.375572349763087843e+00 1.561675439015469680e+00 2.849159371773227090e+00 3.220304437199998938e+04
2.568092009399115474e-05 -4.125750086745769707e+00 2.310900284633133683e+00 1.619178596239540413e+00 2.860385704846425625e+00 3.341878362573371851e+04
2.568428632101288223e-05 -4.125619016425543961e+00 2.450473410388094297e+00 1.734830389912577875e+00 2.860083054920147916e+00 3.651733094551926479e+04
2.571348143140705486e-05 -4.124482970452705288e+00 2.337834260258601304e+00 1.702994165315474540e+00 2.811953286811460284e+00 3.271609944768999412e+04
2.571878947374222233e-05 -4.124276561431262422e+00 2.399874274684989484e+00 1.693210693237451103e+00 2.821934073716083624e+00 3.414871391911968385e+04
2.572058092466775642e-05 -4.124206908520958059e+00 2.273204364080528617e+00 1.708391517950625493e+00 2.878756787517048110e+00 3.362867953029027558e+04
2.573549427270964494e-05 -4.123627254965872346e+00 2.343111041379601023e+00 1.698617694391309385e+00 2.902517425113623428e+00 3.615636623517564294e+04
2.574222716869308902e-05 -4.123365670115832771e+00 2.430704634361038785e+00 1.743384057937139797e+00 2.835376054397402701e+00 3.544528139301371266e+04
2.574390176948351190e-05 -4.123300619554620461e+00 2.444301010658191498e+00 1.704008864756965114e+00 2.854195322151983127e+00 3.521374048685394519e+04
2.574850796892559117e-05 -4.123121711654297528e+00 2.292266734661595695e+00 1.654343278637781856e+00 2.816951361336444748e+00 3.092934383008575969e+04
2.574934162636137233e-05 -4.123089335256356236e+00 2.341268422062085630e+00 1.651162190283234521e+00 2.859305211857718465e+00 3.458504637746739172e+04
2.575420363151523573e-05 -4.122900532518836592e+00 2.396676716213882230e+00 1.739579365230778052e+00 2.895979319083654691e+00 3.773310862051317963e+04
2.575740658078888394e-05 -4.122776174174591191e+00 2.378398927205494395e+00 1.694944413704155384e+00 2.821733919382296563e+00 3.217325964910758557e+04
2.577604991018177686e-05 -4.122052631393811950e+00 2.292973720100009771e+00 1.760532559883599246e+00 2.854694070117907323e+00 3.479955084765998618e+04
2.578075509760384618e-05 -4.121870106994390603e+00 2.276695586222579504e+00 1.730432822271859017e+00 2.873983538801662352e+00 3.441029645647671714e+04
2.578552241176894239e-05 -4.121685206535834922e+00 2.342884648859483221e+00 1.725266173896292443e+00 2.835818946470550106e+00 3.487317707914172934e+04
2.579931592715725624e-05 -4.121150417006152367e+00 2.420712343846011638e+00 1.713499423478235695e+00 2.874144440228015629e+00 3.532329777369263320e+04
2.580635824041012158e-05 -4.120877489138813132e+00 2.326672113778122775e+00 1.617276708372103800e+00 2.811523315064500039e+00 3.045511218228301732e+04
2.581288906428542802e-05 -4.120624450814888817e+00 2.390823892215887980e+00 1.651087072160343894e+00 2.859719343849913109e+00 3.295790947717388190e+04
2.581509709904284222e-05 -4.120538914464437319e+00 2.428570976568962703e+00 1.763451015067299954e+00 2.880008989628286109e+00 3.777065444680822839e+04
2.581890842367447200e-05 -4.120391285993624919e+00 2.323293431534897646e+00 1.610333406539259160e+00 2.860227391170299338e+00 3.337938151516520156e+04
2.582546454088484198e-05 -4.120137391256630366e+00 2.348311534225258068e+00 1.596278666919589417e+00 2.872091910635750978e+00 3.237964553207689460e+04
2.582670865634025022e-05 -4.120089218435290412e+00 2.364488704716847689e+00 1.564236935345969304e+00 2.835469888184336096e+00 3.170747521105949272e+04
2.582672592188659351e-05 -4.120088549920350118e+00 2.403669751006795252e+00 1.620390601287949650e+00 2.827900936663509945e+00 3.269094914784851790e+04
2.584688007254713537e-05 -4.119308493979036534e+00 2.350423918425518455e+00 1.621361553355052720e+00 2.819828647004417821e+00 3.065323419756208023e+04
2.586219853387366788e-05 -4.118716007623159925e+00 2.299888251739687028e+00 1.621212612538337483e+00 2.868953493400816512e+00 3.327483975207899493e+04
2.589119513588358348e-05 -4.117595439367129018e+00 2.298271455320585410e+00 1.602293339780954007e+00 2.873951890671144760e+00 3.213969481852085300e+04
2.591194099942853790e-05 -4.116794489223885023e+00 2.290826570664944661e+00 1.601982586370106487e+00 2.854406151278524817e+00 3.088714668074417204e+04
2.591488817598041759e-05 -4.116680757529242562e+00 2.353378199777909963e+00 1.789628571409568103e+00 2.847471634303569310e+00 3.616358168800564454e+04
2.591936350725737969e-05 -4.116508078995540387e+00 2.314674803411780335e+00 1.561616258236610211e+00 2.835609356115412094e+00 3.021595437125070748e+04
2.595568238242303301e-05 -4.115107834215917748e+00 2.349515916753896150e+00 1.697536378448748717e+00 2.876391259794242039e+00 3.366428417154598719e+04
2.596528968337045429e-05 -4.114737760210182671e+00 2.378385570748940747e+00 1.585930286858463489e+00 2.846234508962247389e+00 3.186022554716777813e+04
2.597382806952660070e-05 -4.114408975794797030e+00 2.314028801487349796e+00 1.718001260967088051e+00 2.841343723351544170e+00 3.431422879510984058e+04
2.600217237316808299e-05 -4.113318306785643585e+00 2.393042588819288330e+00 1.737341911357407120e+00 2.864959823842873288e+00 3.472869583334868366e+04
2.601226633989255836e-05 -4.112930185060177379e+00 2.273365479890157914e+00 1.681521703805258117e+00 2.841564027476903398e+00 3.168953569705896007e+04
2.605472291578053660e-05 -4.111299340415428993e+00 2.301596151512304456e+00 1.734950774755008585e+00 2.843934565962464411e+00 3.419157878056652407e+04
2.605909840403052518e-05 -4.111131419961719047e+00 2.350169692636693508e+00 1.710735095599272393e+00 2.896713638032187177e+00 3.632645321928413614e+04
2.605936075092011922e-05 -4.111121352630724424e+00 2.357486946851367282e+00 1.633555949968658050e+00 2.850587171994285463e+00 3.181773902081969936e+04
2.609927824712923744e-05 -4.109590733551344854e+00 2.363892668129570218e+00 1.645870783523197822e+00 2.815456892829846236e+00 3.208623359115511994e+04
2.610612731169526104e-05 -4.109328344454585391e+00 2.347006665196941899e+00 1.624905660355636217e+00 2.869140132998083459e+00 3.411502683460897970e+04
2.612066627642055155e-05 -4.108771581762412417e+00 2.371179471386750670e+00 1.655329725471838209e+00 2.867517604147210797e+00 3.510034765059790516e+04
2.613099589578855741e-05 -4.108376202206120098e+00 2.380519453157516896e+00 1.789659896289407914e+00 2.855431603496805693e+00 3.583613713131962868e+04
2.615258317535909430e-05 -4.107550425502202174e+00 2.350884389115714956e+00 1.590528555272295197e+00 2.867689903792706385e+00 3.274909810176891915e+04
2.615370442647775597e-05 -4.107507552984563937e+00 2.382805283933368212e+00 1.729944977196834488e+00 2.878332583921040744e+00 3.510648928752266511e+04
2.616572688978847721e-05 -4.107047973695573617e+00 2.366257800201953199e+00 1.613480070396013488e+00 2.862602864754341780e+00 3.249312021131282381e+04
2.620164173430062298e-05 -4.105676323712516229e+00 2.356336769814006971e+00 1.691892108601558142e+00 2.868578448186131613e+00 3.341838111347034283e+04
2.625150314033029551e-05 -4.103775144243963169e+00 2.387134158578527288e+00 1.772080539808883026e+00 2.866743006077215661e+00 3.583108332962982240e+04
2.625201229720044061e-05 -4.103755749090481686e+00 2.404760124591525994e+00 1.743503057290740621e+00 2.837968347649809431e+00 3.546544576393088937e+04
2.626936217727894989e-05 -4.103095070237989361e+00 2.320889588742890641e+00 1.572407394001029468e+00 2.849306600222949459e+00 3.135360293522580105e+04
2.627281277162087187e-05 -4.102963724539023360e+00 2.392778773856967689e+00 1.633956406784122350e+00 2.847718153948430864e+00 3.391102963826993800e+04
2.628405180517484626e-05 -4.102536034119673047e+00 2.349723673513393507e+00 1.777501129791883905e+00 2.868686551058975631e+00 3.662475132478035084e+04
2.628727430930311726e-05 -4.102413438614841645e+00 2.343189186751513109e+00 1.766702521071974230e+00 2.840922047884870683e+00 3.511960656526796811e+04
2.636029927083755121e-05 -4.099639331342658011e+00 2.279447673742931890e+00 1.651222267140133759e+00 2.855159062998900765e+00 3.220978124865340942e+04
2.637541506809343869e-05 -4.099066065279637350e+00 2.396058676510135488e+00 1.758421484921064426e+00 2.853937110680817124e+00 3.524734451364486449e+04
2.638293980856278885e-05 -4.098780812241021643e+00 2.346536867244133795e+00 1.626503850838486365e+00 2.823723048589856788e+00 3.118483669832313171e+04
2.638616906819466333e-05 -4.098658420193679319e+00 2.362031730763352044e+00 1.661963488025445912e+00 2.840509343660584829e+00 3.398107091599918931e+04
2.642042533109397831e-05 -4.097360996336140815e+00 2.317427711233129184e+00 1.676881922407810865e+00 2.840912376840210474e+00 3.173655909288028124e+04
2.644567089615231453e-05 -4.096405920445196358e+00 2.331487218300622999e+00 1.742914412289953141e+00 2.874585273612978220e+00 3.462974995017387846e+04
2.645145191426554205e-05 -4.096187344544311770e+00 2.358374649674442658e+00 1.723642607254581849e+00 2.856070988197234595e+00 3.568310169117004989e+04
2.650088490774673940e-05 -4.094320268951124220e+00 2.360909083738246483e+00 1.771462380191439756e+00 2.845202608364099994e+00 3.537790615495062957e+04
2.652246645224665136e-05 -4.093506229659447548e+00 2.367303947941435283e+00 1.659918721175312140e+00 2.857203860515690863e+00 3.285765856064853870e+04
2.652928597365058916e-05 -4.093249140265424302e+00 2.369562265125768175e+00 1.725139124759138554e+00 2.858744012401906787e+00 3.591331062031578767e+04
2.656163126566040295e-05 -4.092030653273912577e+00 2.341412078258606755e+00 1.627707021734879467e+00 2.826818847873592500e+00 3.191456640946653351e+04
2.656643128104787827e-05 -4.091849957228529178e+00 2.355241198431466287e+00 1.697322129206773056e+00 2.831829632534685448e+00 3.248873220080811734e+04
2.658345835162716342e-05 -4.091209238262619508e+00 2.382234091015435151e+00 1.724939267022990386e+00 2.842717355400373069e+00 3.523067358506788150e+04
2.663825013456221742e-05 -4.089150236255697735e+00 2.346849968845452494e+00 1.611449101003197715e+00 2.832586373626791776e+00 3.175396748052957992e+04
2.665037818779703472e-05 -4.088695052708059663e+00 2.342161602975008527e+00 1.719637367080736556e+00 2.828875631407810953e+00 3.336457847558533831e+04
2.666374967696821750e-05 -4.088193441222059299e+00 2.304340407276983083e+00 1.705262572601278448e+00 2.870310549040256287e+00 3.373233894364754815e+04
2.667041863675372201e-05 -4.087943359144054156e+00 2.407701558607088899e+00 1.722653938952361852e+00 2.853431446821734774e+00 3.560008665910158015e+04
2.668953122230978449e-05 -4.087226994663806678e+00 2.376985006540538681e+00 1.768464625419619907e+00 2.859286728609334638e+00 3.600074792354765668e+04
2.669895992852748214e-05 -4.086873783471189014e+00 2.364845061322822239e+00 1.632041932421918418e+00 2.844452375624844542e+00 3.223605143702726127e+04
2.672200245133990142e-05 -4.086011106229335610e+00 2.374423084419959196e+00 1.710833464524664782e+00 2.883351240014962791e+00 3.585804027969264280e+04
2.672833488229652726e-05 -4.085774159886167212e+00 2.364790834143608578e+00 1.743692202824088433e+00 2.840485868402007341e+00 3.487236953139549587e+04
2.675664683754826171e-05 -4.084715471746589444e+00 2.357172824368685138e+00 1.690633668339162288e+00 2.854038190084535742e+00 3.312434959367428382e+04
2.679792003916148520e-05 -4.083174120105022453e+00 2.315038490260060033e+00 1.712860294807214467e+00 2.872812455215963290e+00 3.453436797185610340e+04
2.684674211348237738e-05 -4.081353917093525574e+00 2.318007714722227774e+00 1.642959434672200070e+00 2.863551133694327344e+00 3.311298797361319157e+04
2.696790323283566708e-05 -4.076851004427368252e+00 2.378254673223995752e+00 1.683882838199210585e+00 2.840484860738195394e+00 3.388805618517888070e+04
2.699494534772332966e-05 -4.075848754996041379e+00 2.361150921643531575e+00 1.649055219175258324e+00 2.841320522556650907e+00 3.260835826456841460e+04
2.703408477025576550e-05 -4.074399925383758614e+00 2.351788530646565345e+00 1.734323394949887520e+00 2.869985312815999556e+00 3.516002863634697860e+04
2.705081867973916748e-05 -4.073781123871697218e+00 2.356581063763516948e+00 1.701361019741465475e+00 2.858156665289715903e+00 3.373834730995426071e+04
2.711765577569092624e-05 -4.071313373744254172e+00 2.335244724080212553e+00 1.725344055352167949e+00 2.861577008154062352e+00 3.459984488999644964e+04
