Mphi g si norm
6.106804826906740979e-01 2.938829136880419246e-02 3.229287420340685610e+00 1.378322425416613761e+01
6.756641132093353930e-01 1.754597904564897046e-02 2.927616826068463851e+00 7.390208316233175978e+00
6.191202155839089505e-01 3.048254186406983493e-02 3.117626486149207565e+00 1.621589145596335868e+01
5.578412421843582436e+00 2.952973171733521297e-03 2.492234119522898972e+00 7.365707218067211848e+00
6.690137084787823873e-01 1.800976432197701552e-02 2.792221333493174917e+00 9.372942543129530790e+00
9.599252893768869810e-02 2.778346998527670905e-02 3.215683618585694070e+00 1.712087591065268910e+01
6.445411219992259744e-01 2.530015951384145464e-02 3.077927734114481950e+00 1.080966165676905533e+01
6.351938431736366963e-01 2.662816203484754882e-02 3.188950710298518842e+00 1.025009309807964364e+01
7.343716402211754035e-01 4.917319657514837572e-03 2.538991625148482534e+00 8.118385099985278686e+00
7.439402371095411581e-01 1.708116041788934961e-02 2.892049256654365852e+00 7.572734199170192859e+00
5.570340936481924521e-01 2.992638189007038388e-02 2.981362226685155381e+00 1.881066236677056480e+01
5.242468131706781165e-01 2.596275941005416962e-02 3.016131479878674249e+00 1.186842234796393747e+01
6.212067283842270804e-01 2.843884408078656625e-02 3.158114120269079894e+00 1.401858121213322228e+01
6.981864166246259940e-01 1.896535488395703628e-02 2.779559601984719741e+00 9.911652408615603704e+00
7.316343807127576593e-01 1.615082257822615316e-02 2.893516364057794110e+00 6.417779097642482000e+00
7.803746580082926876e+00 2.022927942056549841e-02 2.316197456705617608e+00 7.864503301052767625e+00
8.078623637513818734e-01 5.052006752387569726e-04 2.604563133440759959e+00 8.322517245734228908e+00
5.839776716447295790e-01 3.458648909478179156e-02 3.278269902922312795e+00 1.914497178476207750e+01
7.466596162980104756e-01 3.380269760418642966e-03 2.610367145671271594e+00 7.049176104213330518e+00
7.581018003173027875e-01 6.335441160768812141e-03 2.541792007162528400e+00 7.010360443360338145e+00
7.307482265213411932e-01 1.703621074920898606e-02 2.874746787324522046e+00 7.528889854583542096e+00
6.318531411518629737e-01 3.409690257629943017e-02 3.295099471051622153e+00 1.893235220305222199e+01
6.222391562488429617e-01 1.916633176489037499e-02 2.896352689439587014e+00 7.307088109683941290e+00
6.067038841863025000e-01 3.499165487867925833e-02 3.456644673302683657e+00 1.604884145825348440e+01
4.961581794504107967e-02 1.924898014176779429e-02 2.835148775060691850e+00 1.179779646391016001e+01
6.680365210403036436e-01 1.715976222131758433e-02 2.739777077826167417e+00 8.437468465109338567e+00
5.296567193249809291e-01 4.370138700323166620e-03 2.533620384374179579e+00 6.623140056870747472e+00
1.294603309536341840e-01 2.043194825767827988e-02 2.845471163649265556e+00 1.076089724931751412e+01
6.828069499095908990e-01 2.275758539849127154e-02 2.968232845598007597e+00 9.229261565274045509e+00
6.734657368132738187e-01 2.115472205837235983e-02 2.897135373263012958e+00 9.610200526308211977e+00
5.936195288294523476e-01 1.615559523334159781e-04 2.488076132249439354e+00 6.911483877478949545e+00
6.708031029117245136e-01 2.141463089502076630e-02 2.921170485933526351e+00 1.002863199205788369e+01
6.426079626582384408e-02 1.459376270032125902e-02 2.694949295148347801e+00 8.173822664147326833e+00
6.456962232620099273e-01 2.889704279420863067e-02 3.156804439988253108e+00 1.382313301832837737e+01
5.829051780339677968e-01 3.210329922257541824e-02 3.174974953220318419e+00 1.893225399323939229e+01
6.755757705279978431e+00 3.950349092673299811e-02 2.384543512125414377e+00 8.444998777801121292e+00
8.102050076384297306e-01 3.664891656222568888e-03 2.651005329062178451e+00 6.707827646669707100e+00
4.756360661432412207e-01 2.019230353957025825e-02 2.762022296169662994e+00 8.873878743451275142e+00
6.324792491031510089e-01 2.233314821339654407e-02 2.823911850760526310e+00 1.113418758819475052e+01
6.785300149466185760e-01 2.045125235210644779e-02 2.836702430529252972e+00 1.170187736474710860e+01
5.692649845454526153e-02 1.691623123452401511e-02 2.811604284562847056e+00 8.242020014879706480e+00
6.009925551854981007e-01 1.992823655031000438e-02 2.840660096473348606e+00 8.122664379798965939e+00
1.172303792418634671e+01 1.459603825250499753e-01 2.115185674262546556e+00 1.350553704741626859e+01
8.429050966777255072e-01 3.988223048420964228e-03 2.687708783909484644e+00 7.090443724569601258e+00
6.135493015879509571e-01 3.365260678410680190e-02 3.259616918069073055e+00 1.953634524163749475e+01
8.200309444660751623e-01 7.667236084969803779e-03 2.583482877188492566e+00 8.203291834918720937e+00
6.024503529409928060e-01 2.879768230308963825e-02 3.144821452822215591e+00 1.559318307305261087e+01
6.967627003579968115e-01 2.470268949070144378e-03 2.637519808390134557e+00 7.475630395253988425e+00
8.095564877182017671e-01 1.993627147443030861e-03 2.548133851684186268e+00 8.118675392995120532e+00
7.570542789933139005e-01 2.654874558714273407e-03 2.540567829489684293e+00 7.289689082685465671e+00
9.251839011579098271e-01 2.259768417848365986e-04 2.622603878842832081e+00 7.911362157177323162e+00
2.737039861970051291e+01 4.154228307910536322e-01 2.057922798436545353e+00 1.812395576754377302e+01
5.642064513730879582e+00 1.479686871703675844e-03 2.282340825257189731e+00 8.550504147704366176e+00
7.905023500111625356e-01 1.448552224796673983e-02 2.783818329920999091e+00 8.644604727125106081e+00
6.735236485812030605e-01 2.686478166617149027e-02 3.095249584953459365e+00 1.234901174771309584e+01
6.609609151931517879e+00 6.913220713900979433e-03 2.402472639906792828e+00 6.855804846497379756e+00
6.922115269822096684e-01 2.337340925932242935e-02 2.872008703342943559e+00 9.526270538643213825e+00
4.249128764489649157e-01 2.950127830914970120e-02 2.924081679511835841e+00 1.803112246052115353e+01
4.309418526332202126e-01 2.590478913637508929e-02 2.900632344274884034e+00 1.608815883260164981e+01
6.753088079787055165e-01 2.176547666568363557e-02 2.849139625697391320e+00 1.022029740691330879e+01
7.006832278871967246e-01 1.827270684648592269e-02 2.821381545528092616e+00 9.103041600994103533e+00
5.541561192328752838e+01 8.008145788222097439e-01 2.136139417389792960e+00 1.567078844182305275e+01
8.226913655061550701e-01 3.359074946719156065e-04 2.567306315982394338e+00 8.241653914771568168e+00
6.925398800172420932e-01 2.050702023062149840e-02 2.957660761246640568e+00 8.894884377097220352e+00
7.266274061507839166e-01 2.178576520850037182e-02 2.869213177841352103e+00 1.043040266950294637e+01
6.337219227152827150e-01 2.074363991290594823e-03 2.498436042247799360e+00 8.213681910195736791e+00
4.147391665322285037e-02 1.262552363828282724e-02 2.638426387932200079e+00 8.690809658448625186e+00
6.721757392016700083e-02 1.690360600521201989e-02 2.901016412492045227e+00 8.135045400303006602e+00
2.967066959045271091e+01 4.211096062678768570e-01 2.141005147824363686e+00 1.815777579556589671e+01
9.608244264091375664e-02 2.051071565799502186e-02 2.881493837394395463e+00 1.154843520360708986e+01
6.887474269997551080e-01 2.046126482109935155e-02 2.947779689589317798e+00 9.036490471489347698e+00
6.366394134339682376e-01 2.903732037029704144e-02 3.123031953867493993e+00 1.513655288105092112e+01
7.576298239289011027e-01 1.134691845199031594e-02 2.642516952479597947e+00 8.634812407491757824e+00
6.234315758557147369e-01 3.139155613398793288e-02 3.154304650893032580e+00 1.629927472911821695e+01
7.971614034151108807e-01 1.866361642476840801e-03 2.499529764865819903e+00 8.273566290303318027e+00
6.523317118957242533e-01 2.420249000593864205e-02 3.046023025312610599e+00 9.551022181053969717e+00
6.209987953695164098e-01 3.352800961841297112e-02 3.208159925734367590e+00 1.766000918687713295e+01
6.856732743172034850e-01 2.126382545200943344e-02 2.996271801229520637e+00 9.272005413582059319e+00
6.746597335716107979e-01 2.331497471499133223e-02 2.902027360761419317e+00 1.012673592574753378e+01
6.853757653291503438e-01 2.222561505478770974e-02 2.958391866006468529e+00 1.009542809164909727e+01
6.958624063298599616e-01 2.607318882685224354e-02 3.005507398405700581e+00 1.400273089514625724e+01
6.660323670635341919e-01 2.787477077596451150e-02 3.065228311523978011e+00 1.510582026852437210e+01
8.425488322767169524e-01 6.064115126111373211e-03 2.607033670836821582e+00 8.973170146734890551e+00
5.973619319075691436e-01 2.958113299249965841e-02 3.183878464164501487e+00 1.320400185815763727e+01
6.594752536230580331e-01 1.966409310054496179e-02 2.869492355083733237e+00 9.210721549373715789e+00
6.323759451387651609e-01 2.820165963375423010e-02 3.029293628638992431e+00 1.507241626293320103e+01
7.536855329684037930e-01 1.031233260602414797e-02 2.712159044350477721e+00 7.372528197789794291e+00
7.677512048231932562e-01 5.228102737758330218e-04 2.619262439575420487e+00 6.305455873950565504e+00
5.762435317396504830e-01 2.159910389487217780e-02 2.874636509823435215e+00 1.099781010688341354e+01
6.419332079143050818e-01 2.521349025028103708e-02 3.087731962158499766e+00 9.655962013925098120e+00
6.997172615920397298e+00 3.330977470962994454e-03 2.429674147905469983e+00 7.822808315462900453e+00
5.992358159625782443e-02 2.334063298340051731e-02 2.949806086052630061e+00 1.365915653066079649e+01
6.861620944418289625e-01 1.424633088336316362e-02 2.584536592267594024e+00 9.228713444983398517e+00
5.372019495643157727e-01 3.392718297007057959e-02 3.282754637963456901e+00 1.676598251747098089e+01
3.601793153807333892e-02 1.871205029434358513e-02 2.839591771836873058e+00 8.878941802880675027e+00
8.102050076384297306e-01 3.664891656222568888e-03 2.651005329062178451e+00 6.707827646669707100e+00
1.259488896241795497e-01 1.868158282698802533e-02 2.805294223806888532e+00 9.975241480245260917e+00
6.401577543567833484e-01 2.463095061119203663e-02 2.848884460867885160e+00 1.246078758276354215e+01
7.392202643412711938e-01 9.868550554592394816e-03 2.591376504670160230e+00 8.295482931495666179e+00
6.485559862678960119e-01 2.734405862341255516e-02 3.061263462593425633e+00 1.131778415673590921e+01
6.427240932569846521e-01 2.143581698446173772e-02 2.972332051182032142e+00 8.006904590798605170e+00
8.635257801541948997e-01 2.682727802746450352e-04 2.619660690036734518e+00 8.321955990227092315e+00
6.853256816302761845e-01 2.069747292809699657e-02 2.880978175852380030e+00 9.897333950877493791e+00
7.128915390305558653e+00 4.382795672064222943e-03 2.352971411037266591e+00 8.684598012801227895e+00
6.808466750224464459e-01 2.174362279276457685e-02 2.989539035675312206e+00 9.683109482709923554e+00
7.483645830481655548e-01 1.421328732730866998e-03 2.643063258165067708e+00 6.791567803781740409e+00
3.994528804570324776e-01 2.454641090788605221e-02 2.939562602919459700e+00 1.248914475495590892e+01
6.726125789519478815e+00 7.801655201978068173e-03 2.331348055355778381e+00 9.757071954792547075e+00
4.533674186613952939e-01 2.324026490588144978e-02 2.823280502280071325e+00 1.187016969158148960e+01
2.569594450126193408e+01 3.324221738693483585e-01 2.179733010040974861e+00 1.600363034571352117e+01
8.102283817942487198e-01 1.726183379394395406e-04 2.644759298969641570e+00 8.322651504674077216e+00
6.726831353791540291e-01 2.429164907114477606e-02 3.031093349764618861e+00 1.092606122186643169e+01
4.028525680256538760e-02 2.101490642390158384e-02 2.862669545871830756e+00 1.288237356090953156e+01
7.536855329684037930e-01 1.031233260602414797e-02 2.712159044350477721e+00 7.372528197789794291e+00
6.921891880096481264e-01 2.775590607638330973e-02 3.187924378792502011e+00 9.822236787834279781e+00
5.989290353217067153e-01 3.473196270982199796e-02 3.373017071963005264e+00 1.783208791156542361e+01
6.832455873470173469e-01 1.890138136253442097e-02 2.760318744128976931e+00 9.450464782131893671e+00
1.424333813376779945e-01 2.274346867653463319e-02 2.917551008376539912e+00 1.234127850472859578e+01
8.158129744189013266e-02 1.766686898866920430e-02 2.775905889189205666e+00 1.018001952171450775e+01
7.911496737297605275e-01 7.466811966583867480e-04 2.581348709180943946e+00 7.594300382221160106e+00
7.609914749372662657e-01 1.286600501928565274e-02 2.674610658943081365e+00 8.072057989034011172e+00
7.594228045837334573e-01 1.198690785367849745e-02 2.617378827825829646e+00 7.804393270550396444e+00
7.001377902689368549e-01 5.140397419477623318e-04 2.549091957725601709e+00 7.160264340505039904e+00
6.776399283516451044e-01 2.627598526891902764e-02 3.036230699827747515e+00 1.303415131689286710e+01
6.305039508422526362e-01 3.282670225830042199e-02 3.243540256258645726e+00 1.753838820949632193e+01
3.989740795959560715e-02 2.481583214045164631e-02 2.945743824821025925e+00 1.793497664598591612e+01
6.859515979028775190e-01 1.519719149669882495e-02 2.759065159940045753e+00 8.124239747358149799e+00
9.181754271066798978e+00 7.266670030659003188e-02 2.324681386463005595e+00 8.579524121173172091e+00
7.489394960963337011e-01 1.526397505153235037e-02 2.857551283945193532e+00 6.768911446709706681e+00
6.921905300028142749e-01 1.888277260308843242e-02 2.827832650634037659e+00 9.072651721572572825e+00
7.351072777544538361e+00 2.548535188266306400e-02 2.473074735704263727e+00 7.201148898013234323e+00
5.871643098893575274e-01 3.256739306111154642e-02 3.094696051391017999e+00 1.861732630859838267e+01
1.734321812341419466e-01 2.709044870335347924e-02 3.010288003955784220e+00 1.784499336783627754e+01
9.660345568318847143e+01 3.402311352207317285e-01 2.565818869819295411e+00 7.625319321623623914e+00
6.708195665219018888e-01 1.167030322805866910e-02 2.608787170347258932e+00 7.402786748533626060e+00
7.581018003173027875e-01 6.335441160768812141e-03 2.541792007162528400e+00 7.010360443360338145e+00
6.721078222129335256e-01 2.636029153075566608e-02 3.108305783225105756e+00 1.132710420533051732e+01
6.862556723340905718e-01 1.960285503443832955e-02 2.870926543684823251e+00 9.140644942199585898e+00
5.318556728944707768e-01 3.353600975262063105e-02 3.173951251559929521e+00 1.929895511628341609e+01
5.413848732835371269e-01 2.639557132207364168e-02 3.038069865773768363e+00 1.452352242904702884e+01
6.510424856955960848e-01 1.938886194724466841e-02 2.831634489841706070e+00 8.625292275524726548e+00
6.623188054177504558e-01 2.074230294077207548e-02 2.832700647566434249e+00 9.074964726671545634e+00
6.250471795829003474e-01 1.956088166494129518e-02 2.936967457234197720e+00 8.158099526169223736e+00
6.930046857199168020e-01 2.379977438841803655e-02 2.859154594600492594e+00 1.077289413570298926e+01
3.190566182939581080e-02 2.254582701300203093e-02 3.027749371024701652e+00 1.299056818440772965e+01
6.611958338860850493e-01 2.110505441640502314e-02 2.774823078040587365e+00 1.004300092074007189e+01
3.883265089792342084e-01 1.673359304529694128e-02 2.640721422308145883e+00 8.675585566557852957e+00
7.326942743391763324e-01 1.574514646244042429e-02 2.711243760259900881e+00 8.188449742259521713e+00
6.708881525784833322e-01 2.395097959218301861e-02 3.016824529923611387e+00 1.013011104531174134e+01
2.094421689773866835e-01 2.569834698626816561e-04 2.580561040249830462e+00 5.964053767524250205e+00
7.191279468112323769e-01 2.073572946784220383e-02 3.061131781237727445e+00 6.974751233950261309e+00
6.700508406976692921e-01 1.223112860870327265e-02 2.625369016321031701e+00 7.976441736852196485e+00
6.813110654195245752e-01 1.483309271887842465e-02 2.745737087025334588e+00 6.995675777853620048e+00
6.663800162256572346e-01 2.862446311507761687e-02 3.092434412814988764e+00 1.601957073366513384e+01
7.344771884375727034e-01 1.661320706988578255e-02 2.802154025659036041e+00 8.057113310876658829e+00
7.248325220222139320e-01 1.843888551704141870e-02 2.816349565235252594e+00 8.667504833533641317e+00
5.971125564007834230e-01 2.573478929133334731e-02 2.953766599544181748e+00 1.280199115382949238e+01
3.401129473663373481e-01 2.133461028245703384e-02 2.732969675945659649e+00 1.060971707616925030e+01
6.490756947666465049e-01 2.536365084911211890e-02 3.010745363755490622e+00 1.316440898287047290e+01
7.456550488638953311e-01 1.132517781242364796e-02 2.614307189488090710e+00 8.938283041081824365e+00
7.981861974693962303e-01 1.327041695790627876e-02 2.737510935713373339e+00 8.549365164547459983e+00
7.641148806085423795e-01 2.462607326650991533e-04 2.729848115670320929e+00 6.848250311120683165e+00
8.375571601596398796e-01 3.504147534799432161e-04 2.670947907428588231e+00 7.319862356099404721e+00
4.082915642506713128e-01 3.207166188411087610e-02 3.138896700243455573e+00 1.799391848811085737e+01
5.942980902202381621e-01 3.023212898209361177e-02 3.081287230588270809e+00 1.519434267225104485e+01
6.046363352796632062e-01 1.184656584254405350e-02 2.629404424828229558e+00 6.664290336926375957e+00
7.576298239289011027e-01 1.134691845199031594e-02 2.642516952479597947e+00 8.634812407491757824e+00
6.681110590116094983e-01 2.486830910844068168e-02 3.079109213932816225e+00 1.120546264780873180e+01
6.904817368588662685e-01 2.507428640061710318e-02 3.109007134916733861e+00 1.047043451378287315e+01
7.422862924615785118e+00 1.244643836276647896e-03 2.470892649296832833e+00 8.628643432218211728e+00
3.780320111765081981e-01 2.263230460262901853e-02 2.934828493713034003e+00 9.496067814890546188e+00
6.711777209006384304e-01 1.911011725467949909e-02 2.888743743316278589e+00 7.390550166925966558e+00
6.501341182797035767e-01 2.159147184037681425e-02 2.908685110768983506e+00 9.811093525241110669e+00
6.434304357338990199e-01 2.857072497516379567e-02 3.064090134157641199e+00 1.592963597938306819e+01
6.974632020863998916e-01 2.091779399524109143e-02 2.835936424943894973e+00 1.077240240538302629e+01
7.402688021358471149e-01 2.688744552267613983e-04 2.593922756335424129e+00 6.860060995152751140e+00
1.715019244575679280e-01 2.350600828895187122e-02 2.871726685306235538e+00 1.366492505938151680e+01
9.113391171465545781e-01 1.025932455628172750e-02 2.715836617077923343e+00 7.862895595421051986e+00
1.368579205110456720e-01 2.080700393784907717e-02 2.939192650650001681e+00 1.205239377458021899e+01
3.897986509930936316e-01 1.846727486241259500e-02 2.634222653352195298e+00 9.383078711277407891e+00
3.476579428371353447e-02 2.292232786720554624e-02 2.961987845620003057e+00 1.619944086229860858e+01
7.026346780852320562e-01 4.110979928101055926e-03 2.588543645420179118e+00 7.399924007979543639e+00
7.300107997796586590e-01 8.351078344943403545e-04 2.598591734261209485e+00 7.669669156732449977e+00
8.205646015664973258e-02 1.761049695225521544e-02 2.775067332107268747e+00 9.469650664270305995e+00
6.585182158746204495e-01 1.889766862176170403e-02 2.869864559608773291e+00 8.695553206083403097e+00
5.570340936481924521e-01 2.992638189007038388e-02 2.981362226685155381e+00 1.881066236677056480e+01
6.813092303063766897e-01 2.051897756654377444e-02 2.956523665034151538e+00 8.402158518694708533e+00
9.547195225011518849e-01 6.411319550089497133e-04 2.608362934813871270e+00 7.532414967663727090e+00
6.267829986032089629e-01 5.365643373427991022e-04 2.551455140649101061e+00 6.693345734037427164e+00
6.607433728737467371e-01 2.576208847604270422e-02 3.063150946115170914e+00 1.252082768116957290e+01
7.224611555146629449e+00 1.325968021374017078e-02 2.435654467141408208e+00 7.922795391290979872e+00
6.897549716902782180e-01 2.453902650819947406e-02 2.997286137463698097e+00 1.199781057030578069e+01
8.072278703468539485e-01 5.305713261835894425e-04 2.687726658607867858e+00 7.122058784655678210e+00
5.901003669152906639e-01 9.639452321016898787e-04 2.626243561649004299e+00 6.944764893176558651e+00
7.342269629618767279e-01 1.251467620243097711e-02 2.620537297650349373e+00 8.091078321017423747e+00
6.688170501329568918e-01 2.306181256191833229e-02 2.926720754568533422e+00 1.057215073953893381e+01
7.722724251883864577e-01 1.169667706804457079e-02 2.689383830769739525e+00 7.956754760268567317e+00
7.063019933626063507e-01 2.270784989423500419e-02 2.951763735851928416e+00 9.366132271558692324e+00
6.022828328660682295e+00 2.107842529639735937e-02 2.357178616738289989e+00 9.649789920616495209e+00
8.270894030669814212e-01 1.009559008679958595e-03 2.543150154994192391e+00 7.038267906002599439e+00
3.655642598506594204e-02 1.892185743254478844e-02 2.760068120154389959e+00 1.328411451205077043e+01
6.005899544617491204e-01 2.973361827144195210e-02 3.098850902983691924e+00 1.517813868782205233e+01
7.198828322540313795e-01 2.069181731822422599e-02 2.927109613006712241e+00 1.018764082123582959e+01
6.779270740459029110e-01 1.999321849353141375e-02 2.776183960834772257e+00 8.837613185626857160e+00
3.870664123213403229e+01 5.748832243326963409e-01 2.018103469179287401e+00 1.921302218102669457e+01
5.585096329166536755e+00 1.415037170366777348e-02 2.332907594874226831e+00 9.899181200313478257e+00
7.224611555146629449e+00 1.325968021374017078e-02 2.435654467141408208e+00 7.922795391290979872e+00
6.350785581044202655e-01 2.399594710748398363e-02 3.001549334244859590e+00 9.132294670750157550e+00
5.940803080369735228e-02 1.992864024854630600e-02 2.845646315842249585e+00 1.273706707506419811e+01
6.866172273667074943e-01 1.866791490218409205e-02 2.875225009493885597e+00 7.713731013588464691e+00
7.269441777422031015e-01 4.913194269945895566e-03 2.587348686509825857e+00 6.771719070368809490e+00
5.400414455673215874e-01 1.583475633308049219e-02 2.682737271009878022e+00 8.214835372385387302e+00
6.019543221548709910e-01 2.017422338486591152e-02 2.998501148439513653e+00 7.868164013999274786e+00
8.116354763980350162e-01 4.919850354049593380e-03 2.601955403283577883e+00 7.906768560810333746e+00
8.897512324290689500e-01 5.050457975684692277e-03 2.665371084032325033e+00 7.297456049430797620e+00
6.089639541247761079e-01 3.106608013973816487e-02 3.200909200113135178e+00 1.609067639504266722e+01
3.342382066687934333e-02 1.410407296039462022e-02 2.744941306718058804e+00 8.002790160703519007e+00
7.214520119458620595e-01 2.299267577484210082e-02 3.042468365729672719e+00 1.079627564252432670e+01
6.624361898047966823e-01 2.058315490084424229e-02 3.014927388524357710e+00 7.509515026916295355e+00
8.088632568179194848e-01 3.129151507075591740e-03 2.708589314575656992e+00 6.933765318715841453e+00
7.337950763470229010e-01 2.062877780495670638e-02 2.914295552966392755e+00 9.370483766386996649e+00
3.035942964376217926e-02 2.249353781617553782e-02 3.066098732510638136e+00 1.384742268929935527e+01
7.503434804483197773e-01 1.161981253314783510e-02 2.851011150478475198e+00 6.115707898861258762e+00
6.720072937944283620e-01 2.584067145655342262e-02 3.146304359263338846e+00 1.028936868021308548e+01
5.747078395110150062e-01 3.346426402522335863e-02 3.173430428337891573e+00 1.766193672499459311e+01
6.248809368817331844e-01 3.275166070593814316e-02 3.223939618363753201e+00 1.620139417915937230e+01
7.385948510772571973e-01 1.917246817184818306e-02 2.890715949045443267e+00 9.067637876666701402e+00
7.054578368509391018e-01 1.978621340381154711e-02 2.901661899631609476e+00 7.713236108153262549e+00
6.106804826906740979e-01 2.938829136880419246e-02 3.229287420340685610e+00 1.378322425416613761e+01
6.934649636533285921e+00 2.700139336892518060e-03 2.431402675931939150e+00 7.599403871768916297e+00
7.667969724643179941e-01 1.319337547705147669e-02 2.804545500504735056e+00 7.384932270682398325e+00
6.363199980897367158e-01 2.785158728365879147e-02 3.152151114418188627e+00 1.336533672593246891e+01
2.604029294712454923e-01 3.063603710084931986e-02 3.051681532135653185e+00 1.898699427605037471e+01
8.236801031024258701e-02 2.221891437664463148e-02 2.977235836170068595e+00 1.128962376758914488e+01
4.172831793929311639e-02 2.020468779887549596e-02 2.973737178723204533e+00 1.069432373458025864e+01
6.312788706819514317e-01 2.859057931513448933e-02 2.987550324293746229e+00 1.708721994272589484e+01
7.570362535944361593e-01 2.819356800896630016e-04 2.474277695948986278e+00 8.077139098374622961e+00
5.807299663888241259e-01 7.019159238944573621e-04 2.633582521917189112e+00 7.352932247943294364e+00
6.519207833730352730e-01 1.878965583714494944e-02 2.789469752389271306e+00 8.192584242725388322e+00
7.067395090343430164e-01 7.348693813444170421e-03 2.579631824404531315e+00 8.328842290829221895e+00
5.757678225242539582e-01 2.742871358570287202e-02 2.951998271293406084e+00 1.290273690553049413e+01
7.213606874022402415e-01 1.404283001839900027e-02 2.865301548771081563e+00 6.472910504526827147e+00
7.077522687817877634e-01 1.459027729188351608e-02 2.755841779140926651e+00 7.692772699900894295e+00
7.083921795166900903e-01 2.048144673723227213e-02 2.917630893176107243e+00 8.609518053602421617e+00
8.297085232590205583e-01 1.033063264427758719e-02 2.619158440624567596e+00 8.225102072922840790e+00
6.643715958241546149e-01 2.131372644930305121e-02 2.935327105636226452e+00 9.348946730175475395e+00
7.594228045837334573e-01 1.198690785367849745e-02 2.617378827825829646e+00 7.804393270550396444e+00
6.641747547990930478e-01 2.245945475938468036e-02 2.956647969747721483e+00 1.056666538825843382e+01
6.513976455517049846e-01 1.826311921025656343e-02 2.843565521512153804e+00 9.097987673962954602e+00
5.942433136006562977e-01 2.695465436448701152e-02 3.075321847588335267e+00 1.255808323450090214e+01
4.517943012378205503e-01 1.893877329323971626e-02 2.737134773896642503e+00 8.996532849932881604e+00
5.832496407984707476e-01 2.317276884241997043e-02 2.935205627658997063e+00 1.015041208778034232e+01
5.996925152404533055e-01 2.524483022174622143e-02 3.005170454410255321e+00 1.264389984958304147e+01
7.487774923978499642e-01 1.427151340879541201e-02 2.748440120480438509e+00 8.059044985606346856e+00
1.391252953276863602e-01 2.097099780586305501e-02 2.884554797045234320e+00 1.175429052917192330e+01
6.724375034122468398e-01 2.089793536252085651e-02 2.847706772138892006e+00 9.890269974413966381e+00
6.022439644129288366e-02 2.180967340023284157e-02 2.821327674789752216e+00 1.565524081188504191e+01
5.482477959767424469e-01 2.646262649685796400e-02 3.124870098569959787e+00 1.065098851584512474e+01
6.126860847932699139e-01 2.778494967756800146e-02 3.086317220400515815e+00 1.294646766201170962e+01
7.465212855470706454e-01 4.585968668272578388e-04 2.562676030042979836e+00 7.885178261239452091e+00
6.927840941984919620e-01 1.977724815855322685e-02 2.958733039094530781e+00 7.537879316206135272e+00
6.910497911567561324e+00 1.154010582926457557e-02 2.476102720549986369e+00 7.358641522874608931e+00
4.269920708767009643e+01 5.384845609654805854e-01 2.036712970636938458e+00 1.663430301240701681e+01
6.967495622324173521e-01 2.193244450813400942e-02 2.824626747514537239e+00 1.091634580976044511e+01
4.873808526433170418e-01 2.325132185418850653e-02 2.835542797500447687e+00 1.158545707107325207e+01
5.671229048807155948e-01 3.029945589932601241e-02 3.169087676937127895e+00 1.646373367586259207e+01
6.366091344152660092e-01 2.710981613158884584e-02 3.055757764928628273e+00 1.362676827177132211e+01
6.696033772425786790e-01 1.858967976233486322e-02 2.867368748429404590e+00 7.828080814811383625e+00
4.717323291214662317e-01 2.333603781259623380e-02 2.881205536939461354e+00 9.876356733199267879e+00
7.712616325959289476e-01 3.701054719520252903e-03 2.658317907397054203e+00 6.402790913309316601e+00
6.485559862678960119e-01 2.734405862341255516e-02 3.061263462593425633e+00 1.131778415673590921e+01
6.422002427373797451e-01 3.103979524460932088e-02 3.176427900550530481e+00 1.945589066873314010e+01
6.789546491643350112e-01 2.669880927371803478e-02 3.123229650918821321e+00 1.333299977517759238e+01
7.866980649889309118e-01 1.441451389082966047e-04 2.633392145692906361e+00 7.531075032573890660e+00
5.464725662719106536e-01 2.820607303346520794e-02 3.037634480758486522e+00 1.283637080916918016e+01
4.491500485470606918e+01 6.423906729218368250e-01 2.050268485178191824e+00 1.703214801231219866e+01
5.835592010772852056e-01 2.924683813752889175e-02 3.060891399594402262e+00 1.710057237291406906e+01
5.009812388036158914e-01 3.226927096104145049e-02 3.224797135030505579e+00 1.755122655678381705e+01
6.403026617037054224e-01 2.309409144795776178e-02 2.971709941756969897e+00 9.978200795891599029e+00
6.749225288172940873e-01 2.037801878592657157e-02 2.863561036474649768e+00 9.954560020604859005e+00
5.827812488510671907e-01 2.937727742987548962e-02 3.028596640394466633e+00 1.518634546654712025e+01
7.013217139519516419e-01 1.758885383634332250e-02 2.906310113227991820e+00 7.307765069973589434e+00
7.784145167974658441e-02 1.806835212438335017e-02 2.710678379888195266e+00 1.232111619375342038e+01
6.375085640774563744e-01 2.789923524610810751e-02 3.084009510158844947e+00 1.226142230912761377e+01
6.966392205324118958e-01 2.171453347647379906e-02 2.990859348031837506e+00 7.636906284444201276e+00
8.538704434594379666e-01 1.134792712918569410e-02 2.844417129057263072e+00 7.392999451038202885e+00
6.830066544988907529e-01 1.737537421109407176e-02 2.838235558002603742e+00 7.736271778849855174e+00
6.896370953243082802e-01 2.300068527080002465e-02 2.911947606279132739e+00 1.185449929393841018e+01
6.249552425871186534e-01 2.912534642773262697e-02 3.199737982268019643e+00 1.363148668948606890e+01
5.248078799018871088e+00 7.440384641495681635e-03 2.484250338283809256e+00 8.004075833166268694e+00
7.269441777422031015e-01 4.913194269945895566e-03 2.587348686509825857e+00 6.771719070368809490e+00
7.000060183002350112e-01 1.564573906034691375e-02 2.772121354016858330e+00 8.159711041418422184e+00
6.298310130631280535e-01 2.517880155408013312e-02 3.020422782944404361e+00 1.086879740848114118e+01
6.722658490922169960e+01 9.115865007790421304e-01 2.135611752216608483e+00 1.763763659223445401e+01
1.673867423673241817e+01 4.325152025161865072e-04 2.451042385631108100e+00 7.283022336178490264e+00
7.757429234819278319e-02 2.387143413912545462e-02 2.916225288206664601e+00 1.500168617861491960e+01
7.217279236831554146e-01 1.975044882393672124e-02 2.773118644729573923e+00 9.386512674135619960e+00
6.247917866470267256e-01 2.383374480965079825e-02 2.933076194541025750e+00 1.197475484796217771e+01
8.219601028723827474e-01 7.813973699288614960e-04 2.622444743702007752e+00 7.058877091813616111e+00
6.931293154520872246e-01 1.960995825106483584e-02 2.766904297202436247e+00 9.442616696677543331e+00
6.773066367930500320e-01 2.264396124216896261e-02 2.967478059115991496e+00 1.147830310969917278e+01
6.264270879418825100e-01 3.980864404545985985e-04 2.517383129075618342e+00 6.891354216616301542e+00
6.440308394783853529e-01 2.560714746701812580e-02 2.972290799257418570e+00 1.169274907976934230e+01
5.381658331969413567e+00 3.417486814997272582e-02 2.368846846437704379e+00 9.168564350610427738e+00
5.137851778608116149e+01 5.886012132090396864e-01 2.052957257419150139e+00 1.379342393126814947e+01
8.771989038693666085e-01 9.331964672715681655e-03 2.662329902275870630e+00 7.676701930369563165e+00
6.934649636533285921e+00 2.700139336892518060e-03 2.431402675931939150e+00 7.599403871768916297e+00
8.635257801541948997e-01 2.682727802746450352e-04 2.619660690036734518e+00 8.321955990227092315e+00
6.876564747160675006e-01 1.624081196538441213e-02 2.699265492575299685e+00 8.750137292167469383e+00
6.716459339371269044e-01 2.209502177289883115e-02 2.939526843250265031e+00 1.036108412571013027e+01
6.219314927355948930e-01 3.041602202672550118e-02 3.220211605247349063e+00 1.554498905815475140e+01
6.429792764128401394e-01 1.983511432461600513e-02 2.872824662698757692e+00 7.827652584861938934e+00
6.410036305385963251e-01 3.109558198326927564e-02 3.068777682915084348e+00 1.811303780932836460e+01
7.217279236831554146e-01 1.975044882393672124e-02 2.773118644729573923e+00 9.386512674135619960e+00
6.677473012245725981e-01 2.020246225957320063e-02 2.865084555415485124e+00 9.016721775333422784e+00
6.378526121347286582e-01 2.176599818625723354e-02 2.932987777680217345e+00 1.079396119324534808e+01
6.309932334522921904e-01 1.246856128945319012e-02 2.652617792216865666e+00 7.925000801234980408e+00
1.153542741077853429e-01 2.001976068258604774e-02 2.747894709321254680e+00 1.278151606518518690e+01
6.195305862399722585e-01 2.797856811772954366e-02 3.064485380144017057e+00 1.347099051360056343e+01
8.093189136886855817e-01 1.484681981364794397e-03 2.550984804458900967e+00 6.830017420534053585e+00
5.738791511567372661e-01 2.182853652434724179e-02 2.851778238153558576e+00 9.716103841583739964e+00
6.581199830101833737e-01 2.108095817707108036e-02 2.737936524799184923e+00 1.109181599437241950e+01
3.254916151084656650e-02 2.066220419809143560e-02 3.003147298110798946e+00 1.122562205755997766e+01
6.981547286700570121e-01 2.131533100095718905e-02 2.878195309041935435e+00 8.897931276622760066e+00
2.372843366213026783e+01 3.269234229644657486e-01 2.197323056213830839e+00 1.778032182780683712e+01
7.978409180675470225e+01 8.794636179480038729e-01 2.167340791739297945e+00 1.361598407173505620e+01
6.385815113005077759e-01 2.531417780206745086e-02 3.041808203125341947e+00 1.187269250226143136e+01
6.195454605593816444e-01 3.222541282912144006e-02 3.192737443253732543e+00 1.618984782894859364e+01
4.971111305244851342e-01 2.492096320971708134e-02 2.958834656823329023e+00 1.214266504984813366e+01
5.164286168791912823e-01 3.137492055766075844e-02 3.078730144794104895e+00 1.666877792530714686e+01
6.556912362043695319e-01 2.526095989222800625e-02 3.015073449271130634e+00 1.151215922963275418e+01
7.143558512348280320e-01 1.400720607805847756e-02 2.688377454746183837e+00 8.913025904477585470e+00
6.315594773802001294e-01 2.410838839067153475e-02 2.983934926987273695e+00 1.247778362414938513e+01
3.024699776112475466e-02 2.085606238216968986e-02 2.994531812110212687e+00 1.179253522980981117e+01
6.496346581415463062e-01 2.697891780887966620e-02 3.153138109875334827e+00 1.158874285421791051e+01
5.077106326178859597e-01 2.383707298494374544e-02 2.880305689426923443e+00 9.216772171409278513e+00
7.261485043774569270e-01 1.891835504319005351e-02 2.909887349224692610e+00 8.266048844541211693e+00
6.995353053150448197e-01 1.501439180883210218e-02 2.844811130393112286e+00 7.681303598737894589e+00
6.843228978427144948e-01 2.659368189814364028e-02 3.044924605673128504e+00 1.290886133604596431e+01
1.276053758195015675e+01 1.852492783087612838e-01 2.110838469972755149e+00 1.928154551079041212e+01
4.541187522701672363e-01 2.616908186023590710e-02 3.021475396993756668e+00 1.198657556389105139e+01
6.136371704377728831e-01 2.628912766641867266e-02 3.042074076713308095e+00 1.273891236884823108e+01
5.676829072839097989e-01 2.804059589930325488e-02 3.115130293138959505e+00 1.488132016049500272e+01
4.319517331234092039e-02 1.951507001471799313e-02 2.882569132621500607e+00 1.085330777973990379e+01
6.067780160124583433e-02 1.847474611879873496e-02 2.963602903908558517e+00 9.815788007475305221e+00
6.038759957219527186e-01 2.183182310665962925e-02 2.825339191767679559e+00 1.102258196765435372e+01
6.148826620140993571e-01 2.796474113797969147e-02 2.977124210565808227e+00 1.309645128601776243e+01
4.760696907035879377e+01 5.264838263204467683e-01 2.254507776316194700e+00 1.137205427661879042e+01
8.110075532697483824e-01 3.727839624258904054e-04 2.618406498558732753e+00 6.978441332764524496e+00
6.979741109775389196e-01 1.278546292446407391e-02 2.694324470583860265e+00 6.973733069274222096e+00
6.806568455791781602e-01 9.776019281145296655e-03 2.531163612610097591e+00 8.897428253943825638e+00
7.509694761184675382e-01 4.026698964182388873e-03 2.632360014818654115e+00 7.331496857933188060e+00
7.188576278846089407e-01 1.277075443522601543e-02 2.729086121790841979e+00 6.960861747181660064e+00
9.670914436742007736e-02 1.223678840455186094e-02 2.609296964578214251e+00 8.031410254178204866e+00
4.586718535574646483e-01 2.093590998763746047e-02 2.704344771310494444e+00 1.010515079332172128e+01
1.176883516122329276e-01 2.093325868906290022e-02 2.811712534657613283e+00 1.362810167260140837e+01
1.355890885638849630e-01 2.640292302485686268e-04 2.600010400362121832e+00 6.426857948684853383e+00
6.746603807308279022e-01 2.549954760531919842e-02 2.973643229571808710e+00 1.268150966247754319e+01
6.024503529409928060e-01 2.879768230308963825e-02 3.144821452822215591e+00 1.559318307305261087e+01
6.298846714644180667e-01 2.542723620419293576e-02 3.082802833944345178e+00 1.081264180756417836e+01
6.898879464380309745e-01 2.244141713294152060e-02 2.872762824977989293e+00 1.140866268632718850e+01
5.620884641234613177e+00 9.174992009280576177e-04 2.472992558651117889e+00 6.884740528029510642e+00
7.087293658521817141e-01 2.003441343140806644e-02 2.908777452559935917e+00 9.690989795420257735e+00
5.761322075153873179e+00 4.820996013035152433e-02 2.252741177841234510e+00 1.096857148571420382e+01
7.021364976688838633e-01 1.885687307651090494e-02 2.870234884909129924e+00 7.188762059890860812e+00
5.952573162438055121e-01 3.241795428843782800e-02 3.201200144088566457e+00 1.834493956154290473e+01
7.040581502703692485e-02 2.102455443108455779e-02 2.790391121130737062e+00 1.084590438628545428e+01
7.214520119458620595e-01 2.299267577484210082e-02 3.042468365729672719e+00 1.079627564252432670e+01
5.883672954585242865e-01 2.388380439386534812e-02 2.927429747309497010e+00 1.315591534913131611e+01
8.004697248467783632e-01 8.111015947078346802e-04 2.651638443127182221e+00 7.065959561901079766e+00
6.337133523699762794e-01 2.975655567301244836e-02 3.346218364486035046e+00 1.393348341130363366e+01
6.934633780345665910e-01 1.848063404068591223e-02 2.811548738117417567e+00 8.352403055111818020e+00
7.191279468112323769e-01 2.073572946784220383e-02 3.061131781237727445e+00 6.974751233950261309e+00
6.225447349916871653e-01 2.728514864791212885e-02 3.075841109688711938e+00 1.274554158486394506e+01
6.238577908176107245e-01 2.562330154812665975e-02 3.055964639396531624e+00 1.104391488168866431e+01
6.472264413539203787e-01 2.509104143531867490e-02 3.145068328890777920e+00 1.010522900679772995e+01
6.302537392634499636e-01 2.534689009990678116e-02 3.012992214917579847e+00 1.342535325435996718e+01
7.014020644721780107e-01 1.442922668166832581e-02 2.762879874885912024e+00 7.707528859923245435e+00
5.756083024146390059e-01 3.294488344089182424e-02 3.293096352102778290e+00 1.707358671760981039e+01
7.496640497823738869e-01 1.525597971151476662e-02 2.804827828726572214e+00 7.010924534252357176e+00
6.310590403938569626e-01 2.313752734318148818e-02 2.967890366261983992e+00 9.506325242806067166e+00
7.862049901391878759e-01 6.677299668606911627e-04 2.607107120764317720e+00 6.313477104346099544e+00
7.485605295820113581e-01 8.545162851820228963e-04 2.572184283844976882e+00 5.957378458055573311e+00
7.741243257381265064e-01 1.738518283398729925e-03 2.620427193182075065e+00 7.392761025575551592e+00
6.853173501647187305e-01 2.175733221179643531e-02 2.979393371554337477e+00 1.034658680964737698e+01
6.452580314198216316e-01 2.116039743974251069e-02 2.814617466452771666e+00 1.184330584952087762e+01
5.942433136006562977e-01 2.695465436448701152e-02 3.075321847588335267e+00 1.255808323450090214e+01
7.327887472084416709e-01 2.067332114651616523e-02 2.880941483326741270e+00 8.876074980397991254e+00
6.730691265382290345e-01 1.642068089549353349e-02 2.761888614073170878e+00 8.600367393240187397e+00
3.690505732571337916e+01 4.600524541900254949e-01 2.129362471132453472e+00 1.690890807878977853e+01
5.115609182791199805e-01 1.079228310676571981e-04 2.559611419271640820e+00 6.054356681239775106e+00
5.715708642163578324e-01 5.975905663311722278e-04 2.623537860580665626e+00 6.399980312443726227e+00
6.690137084787823873e-01 1.800976432197701552e-02 2.792221333493174917e+00 9.372942543129530790e+00
7.108271228177066581e-01 6.406637340565105379e-04 2.621529023965917027e+00 7.185721041041739809e+00
7.376213931402446633e-01 1.848900545170116191e-02 2.812846548694668769e+00 8.733527251344224140e+00
8.959887982824772834e+00 4.529616047860841876e-02 2.303262863127747195e+00 8.609799873262403480e+00
7.454566473340230814e+00 4.066070992519831701e-02 2.305240130207760085e+00 8.552509669037972273e+00
1.267182708383937928e-01 2.670228217515608835e-02 2.979375047829440959e+00 1.947753198888761261e+01
2.318058348020290893e+01 3.394917433814216290e-01 2.023504856309001454e+00 1.914727642074719682e+01
5.788929278035634951e-01 2.625430822589337396e-02 3.036942264824527449e+00 1.100418174960167406e+01
3.532430817824576408e-02 1.646108028085205635e-02 2.824321855016259430e+00 9.442932858869435009e+00
8.088632568179194848e-01 3.129151507075591740e-03 2.708589314575656992e+00 6.933765318715841453e+00
7.063874291917467962e-01 1.666532476380986824e-02 2.959825714264156638e+00 6.827758570725110054e+00
7.609914749372662657e-01 1.286600501928565274e-02 2.674610658943081365e+00 8.072057989034011172e+00
8.506180179753052295e-01 6.811457285663306089e-04 2.675295257579859420e+00 6.959545291682020185e+00
7.419154828086766962e-01 1.499547891271189176e-02 2.685814255454635813e+00 8.206046887147675051e+00
8.140749901396382437e-01 1.213382904500268566e-03 2.590067474424093241e+00 7.547638362449991867e+00
3.308959760841283071e+01 3.550953719080315873e-01 2.282001892800145093e+00 1.035886202319873028e+01
5.568489063638246694e-01 2.733195327455409385e-02 2.943489444598145433e+00 1.408487822140814494e+01
6.599596635076372397e-01 2.596411479266296993e-02 2.974243341193626655e+00 1.317957775392882880e+01
6.976424173635267234e-01 1.858558534276179633e-02 2.845058743904917087e+00 8.418523819826789989e+00
4.543709758308440705e-01 2.802918584532609544e-02 3.003405051552370697e+00 1.488198591708154339e+01
7.682101484866062924e-01 1.156616242540755776e-02 2.739389058927615750e+00 6.857608588991078946e+00
4.584627983550001318e+01 6.566547000369689080e-01 2.037914086794047286e+00 1.892337003477203083e+01
6.538955013050770093e-01 2.898224447908524098e-02 3.064539011122792811e+00 1.721692474612130042e+01
6.689910812335202461e-01 2.309643919673677256e-02 2.952771962055798838e+00 9.963975976730472084e+00
6.592641153866245496e-01 3.550649285334268185e-02 3.301318311059167065e+00 1.964556249599335302e+01
7.205137140384938466e-01 5.975220349355427236e-03 2.553589594128501172e+00 7.586928809376556337e+00
6.007023807518673486e+00 2.621787360621692306e-02 2.426199710637598983e+00 8.314935895080392214e+00
4.686920107685059178e-01 3.018049500231685667e-02 3.010426683720792695e+00 1.761135103212276576e+01
6.732304652891863972e-01 2.553369151666572481e-02 3.073772987147659563e+00 1.159638784314283377e+01
5.971125564007834230e-01 2.573478929133334731e-02 2.953766599544181748e+00 1.280199115382949238e+01
7.965973936793487198e+00 1.930721137544320204e-02 2.451079407426723034e+00 8.491917956324821048e+00
4.035549678396375267e-02 1.595032851218177242e-02 2.621385310142197334e+00 1.068178627338960318e+01
4.920965979695994530e-02 1.383254602415596307e-02 2.773219943239339624e+00 6.799261285584193182e+00
6.371049860829324230e-01 3.007505974244314984e-02 3.160359221999440305e+00 1.519795331782081682e+01
6.690137084787823873e-01 1.800976432197701552e-02 2.792221333493174917e+00 9.372942543129530790e+00
7.249683332180675066e+00 6.195411144260199593e-02 2.174325499131251505e+00 1.177199945738612463e+01
5.112537078698506932e-01 2.770080612633095407e-02 3.214765122957948140e+00 1.297923318565247541e+01
5.804536305069679658e-01 3.520036871990488841e-02 3.230003370798724571e+00 1.946838357417136223e+01
6.718100980951136059e-01 2.556131155371059102e-02 2.958306965573587188e+00 1.248227335431711182e+01
3.939068128334181906e-02 2.091650235898785681e-02 3.030146899126747506e+00 1.068702260348709743e+01
6.431677483789068894e-01 2.811100594438376010e-02 3.150860806269743186e+00 1.192563434107175979e+01
7.434551534810289741e-01 1.396699570760857358e-04 2.489067000398318186e+00 7.586262339473649696e+00
6.587529992422885838e-01 2.684935616352830678e-02 3.160703281445748303e+00 1.167281858724439303e+01
6.903665139998391709e-01 2.314357596709983034e-02 3.057547927978981672e+00 1.003866779911454898e+01
7.620929102978506453e-01 1.569629786901808374e-04 2.573079570307947872e+00 7.588900296436308146e+00
6.699605166581256377e+00 2.953687601462269205e-02 2.396614259615621023e+00 9.155206796138507741e+00
4.555260062964792134e-01 2.695595788647880270e-02 2.824848327551893412e+00 1.884504810352400028e+01
1.760325224010470258e-01 1.736830999653104363e-02 2.802820251582105016e+00 7.263843809468805368e+00
6.785300149466185760e-01 2.045125235210644779e-02 2.836702430529252972e+00 1.170187736474710860e+01
6.020367056076070256e-01 2.997345267352273523e-02 3.172398709824749030e+00 1.499762844435142739e+01
7.137832337753285961e-01 4.966817784799115558e-03 2.569313619564481677e+00 7.103509564090854767e+00
1.057413357421215228e-01 1.359465569091690938e-02 2.528256745307379649e+00 9.685322109735498231e+00
6.421939250282282519e-01 2.461112767351052513e-02 3.064928933293066038e+00 1.035025843425685466e+01
4.881544274487717994e-01 2.553509519060299937e-02 2.831277987147678754e+00 1.199060113052035526e+01
5.910078854293790984e-01 3.142361382317754304e-02 3.087919514411536781e+00 1.717565158983177653e+01
7.412525382012685737e-01 1.491392682599866452e-02 2.730227041541615662e+00 7.699512446169769042e+00
3.064429931725478440e+01 4.676313700834404674e-01 2.098953385656714854e+00 1.946360172609729844e+01
5.765339555328326260e-02 2.433591872202038597e-02 3.037949430195691747e+00 1.541858915498925064e+01
5.714787482010721398e-01 2.778637885984599348e-02 3.052352528806449250e+00 1.532709966445800021e+01
7.838019013800636703e-01 1.655865060310882098e-02 2.732681003892673655e+00 8.284921673932601038e+00
7.185698826770671177e-01 1.241705547974878733e-02 2.670035673311982105e+00 8.851881192793214836e+00
6.748273043673335136e-01 1.914414938949231954e-02 2.775244911432972472e+00 8.829052216874869075e+00
7.884446602224512990e-01 1.302075504260567437e-02 2.747472988193815358e+00 8.222065311567908097e+00
4.445364060087577118e-01 3.138670957646882975e-02 3.029275403159713331e+00 1.947245182304670053e+01
5.356449281318536038e+00 1.095510936367037787e-03 2.424361472445210275e+00 8.516217898238163997e+00
5.897332157143611031e-01 3.129685285271210232e-02 3.028977653348596810e+00 1.874540680784863866e+01
1.440109608652073159e-01 2.331970567476322753e-02 2.874224090295793399e+00 1.380338781573810181e+01
5.428653640992503471e-02 1.812941740471174165e-02 2.888424413417387981e+00 8.563172549744555440e+00
6.624186290308294867e-01 1.748099122172618383e-02 2.761304302174167891e+00 8.861834321397605407e+00
8.156716722139931708e-01 2.384038139830286997e-04 2.705214564702913549e+00 7.359424889641809742e+00
8.840615616497236040e-01 1.267559888617618858e-04 2.587329844736285800e+00 7.751312531132874994e+00
6.046494006359749429e-01 2.200905486688249646e-02 2.925529696189893780e+00 9.038353153278540830e+00
2.104490500357963967e+01 6.680166922564676531e-04 2.485886445426875646e+00 6.614744782908196896e+00
6.701303022483585670e-01 1.657220367694302657e-02 2.718747419820809252e+00 8.514921431069183200e+00
4.851392916599262667e-02 1.862786030466901180e-02 2.827357356698114721e+00 1.247174467890802774e+01
6.126557593751320585e-01 2.260156405526229928e-02 2.876979969336758813e+00 1.134037124107223882e+01
6.492523042343394390e-01 2.201083458188184822e-02 2.908956923046174925e+00 1.068673203234451918e+01
4.017137369225830951e-02 2.523661908206667470e-02 3.096102831971519365e+00 1.835619757002189090e+01
6.071983625917423133e-01 2.297969269439566892e-02 2.969503100733225320e+00 9.531283901958753191e+00
4.517749622912273999e+00 1.434379022195778368e-03 2.327430049648646637e+00 8.612050216140220371e+00
7.294371242713449943e-01 1.754531218016522343e-02 2.777345277207805552e+00 9.052685408655651855e+00
6.967495622324173521e-01 2.193244450813400942e-02 2.824626747514537239e+00 1.091634580976044511e+01
7.670242001369782514e-01 1.134214523142918103e-02 2.672555615056142031e+00 7.283571101765830669e+00
7.018757535012227766e-01 1.864703048201415622e-02 2.834899291666586496e+00 9.220127912008893034e+00
2.967066959045271091e+01 4.211096062678768570e-01 2.141005147824363686e+00 1.815777579556589671e+01
7.181744909148437550e-01 1.713343612023392193e-02 2.671666552693292562e+00 8.733476997267541009e+00
6.488369388137263938e-01 2.591460150939064663e-02 3.065916078999690875e+00 1.374629379694166964e+01
7.986754045837277105e-02 1.930087707795464722e-02 2.912676072969289987e+00 9.761677224186662727e+00
7.113382845434574886e-01 9.622049161581202117e-03 2.696872268759788582e+00 7.466810045189435918e+00
6.041126574484252387e-01 2.332838592507373646e-02 2.917855571399398773e+00 1.025569277826698134e+01
6.682098829321421185e-01 2.697033705396368122e-02 3.061831946430392026e+00 1.146278158977835560e+01
2.606882579335033867e+01 2.997539502996331984e-01 2.213264901285070696e+00 1.315596520404750436e+01
5.806592182330955865e+01 6.571080939566703583e-01 2.135640285711621011e+00 1.127851108953768566e+01
7.963480108104501465e-01 2.395658928952706154e-03 2.646530149222869888e+00 8.044214291691407226e+00
6.773219027762477085e-01 2.169936757999949700e-02 2.875105679449911023e+00 1.136626905296446388e+01
7.646251218698869589e-01 6.814086949388047359e-04 2.630258838482852468e+00 7.479045345654675714e+00
5.522583125864521242e-02 1.192549415376975737e-02 2.529642086364265019e+00 7.983867052013706278e+00
8.095944095732507950e-01 1.153441895717361755e-02 2.571412417756854030e+00 8.192000580232317475e+00
7.257233012500091673e-01 1.152468935357235831e-02 2.737130875070088454e+00 5.675640898202660267e+00
8.257972990271121860e-01 1.797562358202074826e-04 2.576976701933247682e+00 9.057609452059500299e+00
4.795474886934292869e+01 6.646645544678783102e-01 2.170857019931446974e+00 1.565363367913201387e+01
5.881088478663886177e-01 3.098243975034202166e-02 3.103068926905418579e+00 1.749701362055802178e+01
3.374602974858236654e-02 1.942065138288459961e-02 2.915100994019250269e+00 1.089672877353940450e+01
1.128705189747162413e-01 1.482306395532277492e-02 2.653092655258546984e+00 9.023368904882609343e+00
7.417434975139162168e-01 1.684796830182599958e-02 2.805385181019146579e+00 8.695951191061617180e+00
6.528005012747213343e-01 2.437448455008211709e-02 3.023071031718824742e+00 1.102346617276025498e+01
1.986171365180867954e-01 3.211228018093179298e-03 2.523415553490246932e+00 5.914966310174956554e+00
5.910078854293790984e-01 3.142361382317754304e-02 3.087919514411536781e+00 1.717565158983177653e+01
6.336631094496454342e-01 3.268577580389185611e-02 3.207088324444750782e+00 1.825493986262221568e+01
5.442366144186695509e-01 2.813277652777640761e-02 3.059832434848826388e+00 1.381001962621256673e+01
4.974838431128803529e-01 2.013164637809239724e-02 2.777847933547289649e+00 8.848228956324607708e+00
2.008035449214862211e-01 2.577448730231143501e-02 3.048306914018870994e+00 1.314901605577919241e+01
4.438653569909130625e-01 2.697739839757266542e-02 2.920290122372238173e+00 1.448538017736701100e+01
5.741416073925870167e-01 3.334014958160096825e-02 3.167990722853524233e+00 1.988989115358700488e+01
7.023098634466629075e-01 1.765145054009669909e-02 2.945623313267800469e+00 8.478358244433216839e+00
8.899925436193173445e-01 4.645227741697606147e-04 2.642247650149650795e+00 7.700466119295597878e+00
3.924436433236987654e+01 5.378631809808726016e-01 2.009713953267485032e+00 1.898708184648855379e+01
6.752424978405047185e-01 1.356752347949512216e-02 2.737609784303164595e+00 7.205314838635079155e+00
6.456413410802740449e-01 1.995385180914712245e-02 2.742851988302556165e+00 9.676648126865094568e+00
6.219375291537724282e-01 2.953987270883388916e-02 3.121649185047723485e+00 1.340843465038664917e+01
6.608694828518245634e-01 3.125662094623071069e-02 3.119151509287179991e+00 1.749471683518038034e+01
5.532167944944471394e+00 1.602051964927556429e-03 2.435794834021531408e+00 6.827864629919921491e+00
7.394556091441192303e-01 1.666412171816310933e-02 2.756341613777680166e+00 8.521990985780544037e+00
5.464356220648012297e-01 3.217584686212234674e-02 3.391365452905229283e+00 1.392812582621624351e+01
2.401185383185826439e+01 3.529763752756552853e-01 2.115038890779217695e+00 1.908654952236509672e+01
4.434512218869255840e+00 5.012236456896170846e-03 2.332621283537760881e+00 8.510363893794728796e+00
7.430658046842048003e-01 1.524154930818908543e-02 2.729542380492967268e+00 8.258980396116278655e+00
7.432158064153141508e-01 1.432874872793211442e-02 2.714288259390522207e+00 8.550223658510921254e+00
6.535161714276906952e-01 2.440739551090075413e-02 2.949459403687879622e+00 1.164168739058225732e+01
6.167974051195875829e-01 2.870630774030825602e-02 3.084387975571047491e+00 1.297342384697608431e+01
5.577527991262096752e-01 2.891001737972180921e-02 2.981782874634208991e+00 1.552150208825677602e+01
5.378636466103982272e+00 2.517364131277607248e-02 2.453013619129872147e+00 8.635381277375561382e+00
5.013179454124180312e-01 2.263584971977663368e-02 2.945430872600525607e+00 1.036104127352215976e+01
6.688556222127626238e-01 2.348352930700325913e-02 2.887238523717884142e+00 1.143560260113086180e+01
7.447073843551862415e-01 1.327543490304393566e-02 2.693650533249296597e+00 7.985810025793774081e+00
7.564022272683456061e-01 3.237420005344691888e-04 2.621172725426556660e+00 8.221449551295290092e+00
6.685399505606943737e-01 2.795444451430587410e-02 3.103788604648065608e+00 1.409470429056810303e+01
6.979741109775389196e-01 1.278546292446407391e-02 2.694324470583860265e+00 6.973733069274222096e+00
6.153819793477889322e-01 2.897834325940920261e-02 3.137928467685049849e+00 1.316562799303424569e+01
4.299474008290079391e-02 2.004953105387512202e-02 2.918162338736510542e+00 1.135935092986173522e+01
7.501329472538400545e-01 1.123066375582043586e-03 2.518564803013084941e+00 7.782939337905195210e+00
6.400124799425225275e-01 1.927641599158683508e-02 2.952871941953724377e+00 8.703874535216604258e+00
6.606305742345316423e-01 1.129490839877801862e-02 2.745003519913040257e+00 6.985307301507166500e+00
5.627919485360614038e-01 3.281079620732555574e-02 3.245371848849610164e+00 1.636304585560491631e+01
1.929558614486489021e-01 1.693691731537420864e-02 2.683493610510057970e+00 8.877983874513827089e+00
6.347286099254579872e-01 2.784901176169602213e-02 3.024167956977734217e+00 1.624264055414711549e+01
6.685189876899658712e-01 2.365810058086108628e-02 3.040353085449180259e+00 9.594519175575852543e+00
3.140340584252721001e-02 2.226859405945656734e-02 2.990068931846368461e+00 1.457123753221750562e+01
6.913842322935398466e-01 7.679166829697699724e-03 2.500133496470926531e+00 7.055556999384331895e+00
7.189709967363799858e-01 1.380685923472945061e-02 2.730425949655010953e+00 6.785207912735826241e+00
6.911761092446995214e-01 2.363072848928721853e-02 2.975372617825061461e+00 9.279073507390231512e+00
6.830309983787234973e-01 2.276744751062953140e-02 3.000356984038421437e+00 9.725488991935840488e+00
6.529108811784480881e-01 3.252278801740701719e-02 3.208906212340173258e+00 1.859059138014234591e+01
5.634589995939660589e-01 3.185928630199161282e-02 3.130644132168365346e+00 1.778531780625691283e+01
5.214918046955247632e+00 1.120509029868901841e-03 2.468038305884187267e+00 7.562797793639258970e+00
4.123583783829691540e-02 2.400184307513085827e-02 2.901321870889240540e+00 1.893125934495989426e+01
6.518424886288872733e-01 2.477432164732518149e-02 2.955181560371796579e+00 1.149779876365994369e+01
2.884889161316512940e+01 3.935620199325339796e-01 2.146332774952849576e+00 1.547238413814564950e+01
5.952573162438055121e-01 3.241795428843782800e-02 3.201200144088566457e+00 1.834493956154290473e+01
6.596974800376238512e-01 2.080027973667789368e-02 2.975339043670464978e+00 9.094064334116666259e+00
6.621932736717229817e-01 1.584748132576872803e-02 2.684995227697833720e+00 8.370957012404200981e+00
7.662426868628278154e-01 1.539566239806967191e-02 2.773225259407959165e+00 6.601999837868891774e+00
6.276248933953733067e-01 3.044514505341759311e-02 3.191990233737050708e+00 1.602447907872483768e+01
6.709226706332915846e-01 2.468708784144668655e-02 3.107754939175527475e+00 1.046074632829717466e+01
6.470104770251019488e-01 1.551640306456857077e-02 2.812162487576942649e+00 6.739440554560805374e+00
6.476710975012686111e-01 3.175485047462350136e-02 3.094112867081559415e+00 1.994723084679267089e+01
5.114767646890341268e+01 6.919170457799534990e-01 2.002657174297828746e+00 1.974507952103352793e+01
6.409804806450621895e-01 2.595850630939929363e-02 3.071055426253361365e+00 1.096079554805234935e+01
6.409999126694934102e-01 2.057526897010681158e-02 2.866018713276666574e+00 8.459850510304413262e+00
4.550541114328980008e+00 6.683032932766599411e-03 2.309295121051521349e+00 9.162069610441948342e+00
6.353593666505642501e-01 2.536579492391390425e-02 3.146431429081435915e+00 1.023182654070754971e+01
8.175925990326347037e-01 1.156631173131834368e-02 2.718601594985473824e+00 7.870042118344596993e+00
7.343716402211754035e-01 4.917319657514837572e-03 2.538991625148482534e+00 8.118385099985278686e+00
5.590786106316619763e-01 2.684877786259998525e-02 2.953770577737472980e+00 1.293434608771047323e+01
7.005743207665864336e-01 1.268614710661688030e-02 2.676751796542601980e+00 7.380045583224954520e+00
6.797946959472261907e-01 1.882892886683596584e-02 2.756750587546805242e+00 8.602265712126744290e+00
7.021464905239089838e-01 2.349770066810313515e-02 2.932779649335705230e+00 1.144204952287628707e+01
2.063821747427159181e-01 1.940879264211597954e-02 2.804584465126546355e+00 1.034885529168014884e+01
8.021514785913337331e-01 5.891911599003996254e-03 2.598655149448299895e+00 6.910857900520182895e+00
5.500318598753609622e-01 2.167351144473710772e-02 2.881146834887930552e+00 8.477358643112346215e+00
4.447950513973766817e+01 5.957201915072372553e-03 2.503720864651647560e+00 7.278378955701541919e+00
7.930885494515891310e-01 1.401099666321370960e-04 2.630483938018273626e+00 6.298785687789278498e+00
6.422861196910412129e-01 2.572809448684925532e-02 2.897826977388344716e+00 1.547990098682512006e+01
8.332215799299218517e-01 1.023902589548939500e-02 2.611153857938291356e+00 8.161356183365199968e+00
7.916553862624433613e-01 1.429299239811258936e-03 2.668932456155842736e+00 7.337545657625818230e+00
7.205137140384938466e-01 5.975220349355427236e-03 2.553589594128501172e+00 7.586928809376556337e+00
4.144205591248526499e-01 8.325657979775925518e-03 2.544994311655451646e+00 7.606978668521019671e+00
6.981226611590469755e-01 1.956923468812512765e-02 2.930431315046741148e+00 7.816842598260111963e+00
7.503434804483197773e-01 1.161981253314783510e-02 2.851011150478475198e+00 6.115707898861258762e+00
6.348674243048126886e-01 2.924494022459539488e-02 3.191148843177223249e+00 1.277103463056832311e+01
7.215535236495985716e-01 1.441284380601953914e-02 2.756586906402311410e+00 6.354917472771970388e+00
6.686425150171397824e-01 2.251810184773124154e-02 2.990144600603057867e+00 9.557899996548512078e+00
6.639886280870784807e-01 2.676723194382341423e-02 3.234212120436128046e+00 9.917726191259609081e+00
7.262639272262852996e-01 1.104725367376410347e-02 2.727776745098638322e+00 6.682188440283431063e+00
6.893165045045700490e-01 1.777243400441636673e-02 2.804178754974064880e+00 8.954252352370897228e+00
7.046752788021753977e-01 1.864461386130285628e-02 2.794209342476543512e+00 9.167390814744054595e+00
6.637555103495152986e-01 1.984789918383304125e-02 2.762425470211512746e+00 1.017121942852954497e+01
6.966774588076856123e-01 1.790508553316367754e-02 2.744706412748218582e+00 9.204642535660919833e+00
6.203911877722314561e-01 2.818491678073247603e-02 3.105053038871177673e+00 1.395267562858249200e+01
7.117167326755146073e-01 1.461881712867526759e-02 2.848523304813091350e+00 6.437892486020277971e+00
7.425811639032025901e+00 7.060399816697345010e-02 2.228864089686160899e+00 1.120205774780342090e+01
7.120992381040109898e-01 1.727513219996135163e-02 2.937140735396898794e+00 8.673315561696947285e+00
6.125091191110772826e+00 4.589158039129749567e-02 2.232148893396982636e+00 9.482657217965073215e+00
6.728037300325369063e-01 2.868775762278552924e-02 3.125631190067997167e+00 1.468827073276887951e+01
6.671894866646829181e-01 2.500452499732254766e-02 2.960099790823603527e+00 1.171698753369188495e+01
4.441382188544881759e-01 1.200605568568925176e-02 2.558834398744824767e+00 7.020514514558174213e+00
6.494434014249804710e-01 2.513400229172881029e-02 3.091413021247699344e+00 1.118667329909623476e+01
7.011456044326391801e-01 2.259682596260970469e-02 3.019439946060679780e+00 9.458916598400950448e+00
5.527723982903931521e-01 2.414288594058057111e-02 3.022345074992568215e+00 1.168000893495499959e+01
6.986800767850335214e-01 1.690898650617007892e-02 2.783889004347417373e+00 8.849179404126035209e+00
6.202651595243826588e-01 3.093868960924751887e-02 3.156788789075436252e+00 1.642324436678637056e+01
7.751507909272399299e-01 7.847802544243666703e-03 2.692638473140632982e+00 7.596662439975545134e+00
6.999705441703002462e-01 2.297720205672644858e-02 3.004036649400499748e+00 9.558284170575875649e+00
7.898116557471850374e-01 8.402122064245205009e-04 2.765649672568778250e+00 6.240754566840140960e+00
7.857783686090634712e-01 1.133885077933081791e-02 2.749129901351154093e+00 7.087143635282313170e+00
6.246981092273727887e-01 2.322689009307765673e-02 2.774072164555423825e+00 1.168584185009549081e+01
6.434953500292455164e-01 2.641810735537869145e-02 3.038205510343147786e+00 1.370267404074451534e+01
6.161791159644484095e-01 3.158869215098810551e-02 3.068506587642644945e+00 1.726868835160583160e+01
7.580273048711863026e-01 1.738159028027205094e-02 2.889503675928796866e+00 8.155085688146023415e+00
6.393740265146321544e-01 2.862949726564956512e-02 3.102396113665050859e+00 1.471045000157584148e+01
4.895578920965194120e-02 1.457674030845244363e-02 2.606168470025716388e+00 8.753341402660558046e+00
6.262095866448326165e-01 3.141233750564426108e-02 3.272593279451117443e+00 1.601025009569670488e+01
7.528028735375056346e-01 8.178874134263141443e-03 2.653006044953338805e+00 6.161442256616880719e+00
5.702787439638300482e-01 2.307164681603705164e-02 3.021063967057739941e+00 8.849294857633903888e+00
5.269348164960342729e+01 7.456944841609098873e-01 2.116158862793652506e+00 1.685622874354343281e+01
5.176599879004957927e+01 6.777424328614408688e-01 2.238292021489384442e+00 1.251353476649970808e+01
6.784716410525891417e-02 2.639084855591090212e-02 3.032932342583232632e+00 1.710756189405855920e+01
7.262639272262852996e-01 1.104725367376410347e-02 2.727776745098638322e+00 6.682188440283431063e+00
5.456280953064433170e+00 2.782712559657285825e-02 2.377923172103064253e+00 8.228646728185900372e+00
6.725300267593072867e-01 2.327641620368910841e-02 3.026813094615325550e+00 1.187849772892999489e+01
5.432973351723103583e+00 7.133536493559537207e-03 2.396407046304013910e+00 6.534550790480516014e+00
7.087582522672357666e-01 1.331040810506710359e-02 2.775047691951607831e+00 8.023325929997776385e+00
5.674482440980205267e-02 1.782329691570242250e-02 2.951289651752546650e+00 8.942238605139211316e+00
5.797501470377771637e-01 7.910167409304211467e-04 2.614901408641771674e+00 6.190376182489197632e+00
5.842334770368243779e-01 2.151609729613813277e-02 2.849631569405410403e+00 1.044690990440187051e+01
6.410172006747114626e-01 2.070510655963932883e-02 2.792452146549199821e+00 9.431975801116852409e+00
7.299324110386793407e-01 2.226183794514300859e-02 2.920685131294135317e+00 1.103935949346034207e+01
6.148826620140993571e-01 2.796474113797969147e-02 2.977124210565808227e+00 1.309645128601776243e+01
6.161791159644484095e-01 3.158869215098810551e-02 3.068506587642644945e+00 1.726868835160583160e+01
7.136906192832823681e-01 8.188457916135197549e-04 2.650859794990458429e+00 7.454167739406155846e+00
6.077937184835181528e-01 2.407143167335190972e-02 2.925959708987916130e+00 1.077718742478743508e+01
7.873547597033013767e-01 1.114961119298488179e-02 2.652306578691394190e+00 8.636849606833379767e+00
7.354042677298279207e-01 1.530944498814698455e-02 2.701127233052131871e+00 8.496844403308669413e+00
6.834772902668112549e-01 2.535860878054540038e-02 2.890645746153158502e+00 1.464356931273172080e+01
1.153542741077853429e-01 2.001976068258604774e-02 2.747894709321254680e+00 1.278151606518518690e+01
5.442366144186695509e-01 2.813277652777640761e-02 3.059832434848826388e+00 1.381001962621256673e+01
6.762545921628452250e-01 1.830118402231785749e-02 2.900593666196232157e+00 8.510445343477087476e+00
4.717378257555790988e-01 1.217284626173669761e-02 2.601386783109484568e+00 7.523840377590946815e+00
7.501329472538400545e-01 1.123066375582043586e-03 2.518564803013084941e+00 7.782939337905195210e+00
7.010679364091151333e-01 1.648633217143177093e-02 2.913622512133121845e+00 8.104686300384450703e+00
6.488369388137263938e-01 2.591460150939064663e-02 3.065916078999690875e+00 1.374629379694166964e+01
8.023410223461141522e-01 2.813130811844006683e-04 2.643634474456229455e+00 7.417959368415303345e+00
6.273873174779590611e-01 3.054842609805123385e-02 3.236472935068221091e+00 1.654785106647234372e+01
8.018595605856631003e-01 1.619479984392905789e-02 2.802183341734532540e+00 7.998099835457894713e+00
6.722592808642919859e-01 2.127256452134272668e-02 2.964840822325163661e+00 9.260869105451561722e+00
6.363199980897367158e-01 2.785158728365879147e-02 3.152151114418188627e+00 1.336533672593246891e+01
6.304439529437066980e-01 2.309592243486777857e-02 2.854711186175333371e+00 1.156480127496779886e+01
7.110615231292176652e-01 9.219124945331695284e-03 2.605542339027704379e+00 6.925446976643431896e+00
6.775576054315602947e-01 2.375729017796797057e-02 3.002872187786415736e+00 1.157998562536475617e+01
4.877171852626251414e-01 3.250120565081309615e-02 3.067991191255970307e+00 1.844547514160799651e+01
4.312376017902010139e-02 2.003579859330499244e-02 2.932293081963847747e+00 1.207890474976035833e+01
6.443704582494146349e-01 3.056061897861915913e-02 3.209942163231676915e+00 1.515465194644641755e+01
7.587967712834779999e-01 1.162669402336321406e-02 2.749539875203554917e+00 7.575733168145340812e+00
7.490961383477146462e+00 9.745362283145105053e-03 2.512843412109048380e+00 7.321503623609408429e+00
6.865040775905900672e-01 2.566352525501421414e-02 3.086114995799812633e+00 1.078393329478073071e+01
6.528972549448480711e-01 1.984138892126413242e-02 2.801776637982952511e+00 9.860632543076187417e+00
5.123020556822280858e-01 2.188818608950123326e-02 2.809360849170166929e+00 1.007152179006896731e+01
6.872146550848878821e-01 1.601040753800925948e-02 2.955807801043093264e+00 5.921768582705445816e+00
6.651634513093867440e+00 4.218494709964893535e-02 2.340676028443779977e+00 8.497534430692121887e+00
7.916553862624433613e-01 1.429299239811258936e-03 2.668932456155842736e+00 7.337545657625818230e+00
6.844583904589460754e-01 1.540165739010267675e-02 2.836199599468227195e+00 7.451605181639528119e+00
6.926248527617036022e-01 2.545277734559816749e-02 2.899267804557541961e+00 1.337278351616848937e+01
6.772408100750072490e-01 2.376779722138591330e-02 3.092451421542991241e+00 1.019005396675958508e+01
5.436463194431840895e-01 2.406920696883050811e-02 2.847819445325009191e+00 1.044371653418835599e+01
4.793154536629022355e-01 3.788906934243094541e-04 2.577656064585831963e+00 6.123815910443912713e+00
7.590327130315072113e-01 1.714556226679856896e-02 2.780777677867864117e+00 8.104976115578464757e+00
7.025107965980479374e-01 2.321034349531943264e-02 2.956802213043061567e+00 1.067101562501754586e+01
3.135575697794856093e-02 2.007523430588334032e-02 2.933941787228427245e+00 1.100538657885512883e+01
5.948121402265837077e+01 8.575483362595248682e-01 2.070196382494544185e+00 1.896520954079814203e+01
5.683033627635890594e-01 2.336447837409008741e-04 2.607046187704678442e+00 6.499442172851291666e+00
6.995970058942850756e+01 8.974271931841775185e-01 2.202305813893709274e+00 1.411820718187265555e+01
5.150092843037804013e-02 1.972889770346306429e-02 2.832560076428971563e+00 1.257067260353648308e+01
6.884701125323081650e-01 1.601180544802825040e-02 2.851860833192771061e+00 7.494491339372970629e+00
7.767341747330511748e-01 2.220164258956413336e-03 2.626963001389256203e+00 7.684394570676387204e+00
8.221111630812888427e-01 4.196904648921481219e-04 2.667964822307497652e+00 6.655678514782958466e+00
6.732948325774029463e+00 1.127252918083143651e-02 2.429954342029544190e+00 8.801093940154833817e+00
8.532165959399398703e-02 2.100269154589607182e-02 2.961174634681141171e+00 1.151470850606183127e+01
6.367038966527356347e-01 2.879055496369691339e-02 3.080664114355470051e+00 1.413942818376619215e+01
5.589919145616034646e-01 2.821691986778496544e-02 2.976282007711675615e+00 1.529936875916228090e+01
8.033979353199662832e-01 9.852536890437978839e-03 2.644048890172691735e+00 8.116802968449206901e+00
5.440794613345122377e-01 1.297607185696129581e-02 2.552392698394978510e+00 7.877493800374084643e+00
6.410284548329515664e-01 2.960488821243848281e-02 3.201167364543942906e+00 1.598289322906780363e+01
6.378324577282845631e-01 2.308989417918574927e-02 2.883123354540588323e+00 1.092423782695896328e+01
2.131976338802736848e-01 2.317117100180116421e-02 2.755007107093498053e+00 1.298117237428590620e+01
6.814962754338578232e-01 1.897782527068528000e-02 2.849903255111686740e+00 8.176336186013829277e+00
8.036235686766024511e-01 1.901718381734958797e-04 2.585457223091518930e+00 7.540922768526924003e+00
4.082915642506713128e-01 3.207166188411087610e-02 3.138896700243455573e+00 1.799391848811085737e+01
6.941412130708522754e-02 2.461736480141765021e-02 3.094110982489698181e+00 1.280403810276935239e+01
9.004737210037224715e-01 2.610951473910642310e-04 2.658515274539908990e+00 8.006345615882151989e+00
7.014313784011104724e-01 8.523725234623456305e-04 2.581552926326425190e+00 7.274016609606717587e+00
7.616461167666678023e+00 5.861655680967448566e-03 2.493452638751931350e+00 6.216448767106871998e+00
3.054066626673361284e+01 3.588724292929363902e-01 2.189631637293743882e+00 1.363460343781866513e+01
6.099371187812431572e+01 7.099577647004338132e-01 2.322857672868134493e+00 1.158866553429148283e+01
8.481272939943861333e-01 9.589944104791376517e-03 2.640518368498923518e+00 8.559422614829788500e+00
6.765739945622559759e-01 1.964953515514559004e-02 2.763386435321880441e+00 8.156721687145591204e+00
1.152592800668294365e-01 2.658708295432505794e-02 3.028804360298385845e+00 1.651681382984461521e+01
7.727316464373312499e+01 9.604957523087341853e-01 2.099405932979408362e+00 1.486363278892466511e+01
6.423221811654254765e+00 1.576211201781065052e-03 2.528843622319545847e+00 6.771894887000967422e+00
5.674482440980205267e-02 1.782329691570242250e-02 2.951289651752546650e+00 8.942238605139211316e+00
6.016872700799900109e-01 2.485094683320772727e-02 2.903243078685590284e+00 1.105907463709408667e+01
6.920131373171439781e-01 1.929681251401853953e-02 2.881667305434005399e+00 8.380734478467797288e+00
6.974632020863998916e-01 2.091779399524109143e-02 2.835936424943894973e+00 1.077240240538302629e+01
5.575072225376435098e-01 7.264925995440010137e-03 2.722792386269148324e+00 6.372688415299035292e+00
7.150381671029667485e-01 1.351089469267388772e-02 2.618555829982650796e+00 8.335600482378335840e+00
5.983325861368242293e+00 1.647972906172043154e-03 2.332605003436539093e+00 7.702204119327571874e+00
6.931293154520872246e-01 1.960995825106483584e-02 2.766904297202436247e+00 9.442616696677543331e+00
6.835799965807155765e+00 5.136269039788738007e-03 2.476422606134545124e+00 7.808875663226735320e+00
6.204852276449802639e-01 9.878303085589185215e-04 2.552883729152130243e+00 6.931404267530254515e+00
8.072278703468539485e-01 5.305713261835894425e-04 2.687726658607867858e+00 7.122058784655678210e+00
7.779906162668294156e-01 2.777045870820042499e-04 2.644727462572053156e+00 7.070644889870639105e+00
7.561399924717444598e-01 1.635941043666393549e-03 2.560803719537272816e+00 7.439292767482083235e+00
7.198828322540313795e-01 2.069181731822422599e-02 2.927109613006712241e+00 1.018764082123582959e+01
7.914133949709739602e-01 1.736301055887492758e-03 2.659629782907085627e+00 6.134672423418530585e+00
7.667969724643179941e-01 1.319337547705147669e-02 2.804545500504735056e+00 7.384932270682398325e+00
2.063821747427159181e-01 1.940879264211597954e-02 2.804584465126546355e+00 1.034885529168014884e+01
6.613608469635766651e-01 2.332702102308806952e-02 2.921325146602722800e+00 1.132647030300647373e+01
5.913584350806861956e-01 3.264701675055416141e-02 3.214422511939583060e+00 1.820258816583012518e+01
6.761750719620557293e-01 2.878774466281922365e-02 3.062375316519116542e+00 1.474661120406840809e+01
6.601711995709852454e-01 1.981917765320697147e-02 2.851498668472079334e+00 8.628131992699762165e+00
5.804536305069679658e-01 3.520036871990488841e-02 3.230003370798724571e+00 1.946838357417136223e+01
6.681759940082718785e-01 2.504077314897917156e-02 3.011255895517579440e+00 1.303652109723752339e+01
5.715708642163578324e-01 5.975905663311722278e-04 2.623537860580665626e+00 6.399980312443726227e+00
6.810783525905867997e-01 8.639890046763158346e-03 2.738504572901008682e+00 7.069238979269629297e+00
6.788264766987999188e-01 2.354797626641395164e-02 3.009165406970245371e+00 1.055356922473333547e+01
6.991386531171196461e-01 1.782327601824279864e-02 2.729011519274457065e+00 8.460007874679224216e+00
6.672813788183711292e-01 1.574058818026903908e-02 2.734258123355724823e+00 7.887256201038292502e+00
6.679709571713515759e-01 2.037012660443093814e-02 2.937022888725009828e+00 7.909005091834631074e+00
6.441557583063224346e-01 2.540654747327984742e-02 2.960133795115919675e+00 1.044290026778094038e+01
4.859201557328348131e-01 3.290022110850022302e-02 3.189310259780534729e+00 1.801171541214020877e+01
7.466596162980104756e-01 3.380269760418642966e-03 2.610367145671271594e+00 7.049176104213330518e+00
7.442543432751416166e-01 1.208225978048606611e-02 2.666819182870845850e+00 7.219075359443932527e+00
7.392202643412711938e-01 9.868550554592394816e-03 2.591376504670160230e+00 8.295482931495666179e+00
6.325904653272373945e-02 1.480871592947043298e-02 2.700645737563545090e+00 8.562224728923624184e+00
6.780383472627746766e-01 1.794689688735561992e-02 2.768305643586144171e+00 8.312635230804103159e+00
7.021464905239089838e-01 2.349770066810313515e-02 2.932779649335705230e+00 1.144204952287628707e+01
7.448897579268470848e-01 5.662686195611571320e-04 2.656409607883643886e+00 6.126120146287990842e+00
7.039781405306808626e-01 1.787877065142347635e-02 2.772280240830642839e+00 9.551091424503484362e+00
7.187821066809805259e-01 2.333197852204313069e-02 3.002427972828791702e+00 1.120982590722559280e+01
6.275323243219569358e-01 4.139608143890352240e-03 2.577445062008542287e+00 6.791130602559928064e+00
4.312376017902010139e-02 2.003579859330499244e-02 2.932293081963847747e+00 1.207890474976035833e+01
2.062570792715758827e-01 2.461981008552399652e-02 2.922593342545318329e+00 1.312412555922586144e+01
7.004140653026519336e-01 1.281859561238819778e-02 2.657193693236573839e+00 7.602498118639551272e+00
6.943745894660032780e-01 1.460153574825357771e-02 2.627960115789185647e+00 7.889518585402681694e+00
6.517703796695898388e-01 2.380181014631433181e-02 3.020985429733426653e+00 9.396099211142168173e+00
5.436463194431840895e-01 2.406920696883050811e-02 2.847819445325009191e+00 1.044371653418835599e+01
1.196657593380642304e+01 1.392407204764494200e-01 2.201646658288430647e+00 1.413177489082031180e+01
4.491500485470606918e+01 6.423906729218368250e-01 2.050268485178191824e+00 1.703214801231219866e+01
3.859492162972082974e-01 2.414503317203896965e-02 2.905910831015026119e+00 1.259823070201143835e+01
8.107421371378902286e-01 7.073300519156046741e-04 2.678180482276574459e+00 7.487083969616779910e+00
7.244118261521339530e-01 8.165639982015918813e-04 2.639962361031678029e+00 7.151487662472889362e+00
1.477860713271684501e-01 1.956567614462196084e-02 2.930493323082198565e+00 9.165237822234386655e+00
5.577527991262096752e-01 2.891001737972180921e-02 2.981782874634208991e+00 1.552150208825677602e+01
5.456280953064433170e+00 2.782712559657285825e-02 2.377923172103064253e+00 8.228646728185900372e+00
6.948433942917032757e-01 2.059265816232646110e-02 2.819517868155439366e+00 1.126411646597538763e+01
6.772507190038363767e-01 2.437274226907254482e-02 2.969624221927981367e+00 1.308732668104178742e+01
6.248996726964735071e-01 3.211209752741674139e-02 3.200322948426955971e+00 1.802962351341331626e+01
6.335378123925822225e-01 2.673976381813441411e-02 2.961876086510075279e+00 1.373439279197111595e+01
7.512218619450552470e-01 1.402988514282734779e-02 2.749960633684989553e+00 7.226070831619619383e+00
6.448153315491694793e-01 2.380720048365017605e-02 3.039355974498890944e+00 9.770941187435431274e+00
6.013938799415239345e-01 2.681752867167054577e-02 3.107371177668412088e+00 1.247573446417888121e+01
6.937471668688288684e-01 2.160560422215036108e-02 2.933247399129684574e+00 1.070594873139607373e+01
7.022621848883900952e-01 1.500674511618311016e-02 2.702546873469989119e+00 8.522743617320850618e+00
6.430741148005211238e-01 2.327598982779107914e-02 3.034068206791222799e+00 1.042910740787604951e+01
5.456509215287349557e-01 1.475595597009718093e-04 2.604949841662188348e+00 7.048332862007016253e+00
4.066678094778785613e-01 2.343130776598352505e-02 2.860107055723254632e+00 1.195001400743968389e+01
6.236547609878767551e-01 2.892966767157779603e-02 3.029038082510094654e+00 1.629167848396222951e+01
5.464725662719106536e-01 2.820607303346520794e-02 3.037634480758486522e+00 1.283637080916918016e+01
3.794806266696655883e-01 2.154705330488957196e-02 2.698750682079742891e+00 1.158330502012012886e+01
7.420319113793696353e-01 7.026620393793442214e-03 2.552763534951707491e+00 8.435947195672541810e+00
3.290665897062678563e-02 2.089684742156318331e-02 2.939083695448362121e+00 1.399204396374955728e+01
8.384352072147304158e-01 4.817209782574326769e-03 2.654523862202447404e+00 7.497089707671278802e+00
7.448837154302248020e-01 1.585991718588732058e-02 2.744698319281433818e+00 9.290607950948949423e+00
6.855707266653089382e-01 2.295521807473413500e-02 3.002578838876919676e+00 1.133639117395562934e+01
7.790107060150734952e-01 6.030796299097357718e-03 2.534169942051100577e+00 7.092970847339918450e+00
7.199929229579348222e-01 1.696122288924599084e-02 2.720554217498483585e+00 8.501913720689900700e+00
7.117925770914743655e-01 1.790456595510750426e-02 2.760435530513671853e+00 8.975241405355742330e+00
7.042891736061445584e+00 8.271186410605386313e-03 2.423231532144913380e+00 7.942407893723224532e+00
2.025432416039090455e+01 1.894998902093610158e-04 2.466987787005789912e+00 7.510537641252543750e+00
6.967846284918158828e-01 1.359838467368657683e-02 2.726403105953301598e+00 7.664840829306500680e+00
6.136209040773866752e-01 1.152101722606363975e-02 2.713527198620397041e+00 6.128827236110870658e+00
6.484035270322575428e+00 1.729382223420633568e-03 2.347503068257829284e+00 8.770531534693628117e+00
7.986314266600884615e-01 1.606512617858552386e-02 2.887702141386322641e+00 8.000691015518341942e+00
6.475617500651820180e-01 1.711933332996744273e-02 2.692839152403196934e+00 7.987382200925423170e+00
8.384352072147304158e-01 4.817209782574326769e-03 2.654523862202447404e+00 7.497089707671278802e+00
7.505649073203094490e-01 1.242731886611320689e-02 2.699099673792103360e+00 6.948098876743429742e+00
6.654661229816218793e+01 9.064868491995623501e-01 2.133131668070056719e+00 1.709263948722589888e+01
5.842334770368243779e-01 2.151609729613813277e-02 2.849631569405410403e+00 1.044690990440187051e+01
8.129013765451744700e-01 5.558424939005179345e-03 2.613690437183885162e+00 7.527402149522349539e+00
6.398775661529522152e-01 3.017309651989353095e-02 3.076237547075888479e+00 1.595569251315175840e+01
6.754868695505562570e-01 1.838884653216984674e-02 2.717974459650588148e+00 9.323684532291530047e+00
6.229507394284935495e-01 3.185562357521243282e-02 3.237207077671297561e+00 1.615903375626636063e+01
4.793357507748404189e-01 1.415536116070750111e-02 2.561941556195194813e+00 8.235010571963385928e+00
8.732388608952900144e-01 2.168678731062087008e-03 2.568722538698815505e+00 6.946772067369049175e+00
7.662426868628278154e-01 1.539566239806967191e-02 2.773225259407959165e+00 6.601999837868891774e+00
7.959916426712580761e-02 1.899931659745738091e-02 2.870938975722084230e+00 1.006711083990196620e+01
6.496766938901070709e-01 2.379164032046568455e-02 3.073755279257555983e+00 1.014029836224292147e+01
5.732037564177144828e-01 1.033699098156875412e-02 2.708461020075722203e+00 6.183931249099070548e+00
6.284778284694247930e-01 3.264993229900900462e-02 3.157663148821918231e+00 1.989057574447952348e+01
5.675392674626502654e-01 2.679940348232106792e-02 3.116618931664948633e+00 1.356250821624667857e+01
7.967322062132038418e-01 1.410826488028960220e-02 2.655926398869274507e+00 8.870907413633769778e+00
6.296893124077368453e-01 2.952361731946238563e-02 3.124651741668131422e+00 1.677125468655742679e+01
4.974495117261348298e+00 2.168532139505958359e-03 2.431458867427109816e+00 8.622276136530087953e+00
8.006621917611078665e-01 1.389640147832297244e-02 2.615885673891721552e+00 8.531208408694341827e+00
8.073964842604004488e-01 7.814433934700803705e-03 2.707862232838908589e+00 6.743906106520945798e+00
5.887361100071877296e-01 3.002623607861532387e-02 3.056215096931479192e+00 1.671456298762993953e+01
4.494985373591383060e-01 2.194167190153797908e-02 2.869744251605467866e+00 9.642671090918041088e+00
5.910905464194723402e-01 2.110822589068011082e-02 2.883552614859300256e+00 9.502110884384485701e+00
4.902351686521200791e-01 2.545508243890131500e-02 2.949429431937130808e+00 1.226913281710803894e+01
6.926653971635849949e-01 2.054006067281148595e-02 3.076563277686620523e+00 7.363240632735808866e+00
6.886933875248407944e+00 8.722035986759044211e-04 2.371293082259112950e+00 7.803556245993104490e+00
5.424911862999589829e+00 3.940049734147238469e-02 2.350552658788931382e+00 9.680578183170476692e+00
6.901379378067860060e+00 2.592002350407084793e-03 2.455772969657772364e+00 8.777702325171754083e+00
7.314590818468771349e-01 1.265692548705828549e-02 2.680910063907365970e+00 8.840775520027850831e+00
7.131212202567689395e-01 1.684825642682040436e-02 2.825703759964069306e+00 9.012442240442172903e+00
7.052309923317136020e-01 1.965067756275160754e-02 2.896841308964744677e+00 9.329791841360595583e+00
7.995208005153515707e-01 1.597688672486741797e-04 2.526083516030258380e+00 8.196902774039006800e+00
3.949255771914504276e+00 2.247618887576410644e-03 2.378337501197710147e+00 8.074497873337570297e+00
7.006245901825696176e-01 1.320368906144495438e-02 2.818947866207702546e+00 7.399187283658650749e+00
4.543709758308440705e-01 2.802918584532609544e-02 3.003405051552370697e+00 1.488198591708154339e+01
8.030608511806897054e-01 1.121107261844883976e-03 2.562099305859540710e+00 8.296327636740041811e+00
5.756083024146390059e-01 3.294488344089182424e-02 3.293096352102778290e+00 1.707358671760981039e+01
6.437686567428542173e-01 2.761969159786004449e-02 3.134946071760951636e+00 1.338791955711156234e+01
6.804837769933562708e-01 2.235889952875128733e-02 2.876098212478794380e+00 1.192668489716476898e+01
7.913594426732618869e-02 1.877679462136748814e-02 2.958720057693240868e+00 8.399953052507667550e+00
6.813042240562431351e-01 1.356701481216902698e-02 2.770254847536827381e+00 6.423094841682845058e+00
8.382553962464290853e-01 7.487670100450085839e-03 2.722189971673958375e+00 7.659694884844824969e+00
5.863578833797945533e-01 3.554288213916584338e-02 3.395970762228662565e+00 1.763899249897800559e+01
8.036235686766024511e-01 1.901718381734958797e-04 2.585457223091518930e+00 7.540922768526924003e+00
4.467972430666109496e+00 6.882024642474133614e-04 2.377795050403696209e+00 8.013491343880323470e+00
6.997101202508477780e-01 1.904515023016806544e-02 2.720271387990305989e+00 1.170990305951655763e+01
5.435188343011611023e-01 1.830779076499417998e-02 2.733367873060964737e+00 9.275358452777890506e+00
6.813042240562431351e-01 1.356701481216902698e-02 2.770254847536827381e+00 6.423094841682845058e+00
6.525142945811757134e-01 2.138864594195588609e-02 2.780752662270002951e+00 9.280714211617874909e+00
7.968369406680032574e-01 7.573389701696726581e-03 2.645071998333423657e+00 7.420474407959023466e+00
6.410284548329515664e-01 2.960488821243848281e-02 3.201167364543942906e+00 1.598289322906780363e+01
5.583918631294640944e-01 2.699195374532629976e-02 2.957270466085360816e+00 1.361363459050837044e+01
6.681110590116094983e-01 2.486830910844068168e-02 3.079109213932816225e+00 1.120546264780873180e+01
6.007023807518673486e+00 2.621787360621692306e-02 2.426199710637598983e+00 8.314935895080392214e+00
6.792239901413322789e-01 1.851638574247423466e-02 2.823061646858687546e+00 9.546067110621518026e+00
6.941100267539469515e-01 2.689128904708322845e-02 3.090476142037389184e+00 1.227226407216119775e+01
6.810783525905867997e-01 8.639890046763158346e-03 2.738504572901008682e+00 7.069238979269629297e+00
7.209499610680986104e-02 2.455770687532445734e-02 3.046630858661655061e+00 1.744374574833216585e+01
6.941075767198787716e-01 1.213086399436952810e-02 2.610160693452270309e+00 7.817874966909308831e+00
6.835799965807155765e+00 5.136269039788738007e-03 2.476422606134545124e+00 7.808875663226735320e+00
6.787178488845209134e-01 2.012170484007414579e-04 2.627705526657114099e+00 6.457157938915406348e+00
4.657863489470178697e-01 3.074928572595585219e-02 3.033241601402667520e+00 1.897520372280491330e+01
6.694433375383419538e-01 2.101013032755823934e-02 3.007795207829240702e+00 8.274283352434533612e+00
6.890727438701159668e-01 2.048903719976271839e-02 2.857627265477687750e+00 9.853412465289219213e+00
3.033959522173193335e+01 3.620861858461664196e-01 2.281900291350932974e+00 1.307949599762062753e+01
7.458809595496951328e-01 1.513724722441002024e-04 2.575290494869284963e+00 7.699129708371064140e+00
7.344017068361735623e-01 1.401770750421328648e-02 2.757996655956461041e+00 7.169707983112416194e+00
6.687998574513180916e-01 1.867679180895138319e-02 2.796007896423289285e+00 9.498579396502270455e+00
7.063019933626063507e-01 2.270784989423500419e-02 2.951763735851928416e+00 9.366132271558692324e+00
3.128146012227014244e-02 2.174613822927469464e-02 2.964045321678523859e+00 1.482784311463335492e+01
7.150381671029667485e-01 1.351089469267388772e-02 2.618555829982650796e+00 8.335600482378335840e+00
3.212346160651467081e-02 2.197056826402946084e-02 2.970675989983051490e+00 1.587679269406591764e+01
9.728174451858796479e-01 8.867697291936603486e-04 2.632076673813896761e+00 7.192021771643434036e+00
6.384737178350231579e-01 2.327802032581485076e-02 3.086335172708657204e+00 1.012847900335978046e+01
6.332668963375202020e-01 2.157388039143354544e-02 2.879647795154146372e+00 1.122850152269152169e+01
6.482429300524484850e-01 2.733618516017800176e-02 2.885722078941279634e+00 1.806885032226961840e+01
6.882133718657515997e-01 1.627938939113762751e-02 2.750919333468774930e+00 9.784572649475785866e+00
4.752695610799100856e-01 2.229406366609057444e-02 2.624432165436847875e+00 1.180280137589617873e+01
6.649463815772236330e-01 2.569218268629300597e-02 2.914381530612639271e+00 1.297531381426626318e+01
7.054578368509391018e-01 1.978621340381154711e-02 2.901661899631609476e+00 7.713236108153262549e+00
6.499794011256621040e-01 2.439055048278600257e-02 3.017738138617278132e+00 1.121358590740117123e+01
6.357276328403330679e-01 2.612596684359022245e-02 2.798433173591329481e+00 1.641915777001566212e+01
7.509307193325438501e-01 1.029793402824822138e-02 2.627764355581957645e+00 7.742848387426107593e+00
6.475560587405285728e-01 2.963269928262325312e-02 3.130346602798574462e+00 1.330723984240835200e+01
6.802354375836618949e-01 2.163514429702189865e-02 2.840611325505852935e+00 1.026640513473922312e+01
6.910373477440661105e-01 1.500699450692768305e-02 2.767506604568835904e+00 8.389653954804716207e+00
5.418945719483667656e-01 3.045646740217864204e-02 3.088944428755667992e+00 1.455861928318232401e+01
8.011611352054772706e-01 6.615344691473953181e-03 2.636081812117254675e+00 7.632936050389314886e+00
7.099993518555031136e-01 1.860953353335013938e-02 2.887904156510542109e+00 8.125233274586424415e+00
1.321000382305540022e+01 1.647931211416044928e-01 2.087512843122198980e+00 1.531636651951756534e+01
7.588090307388748457e-01 7.804388277089114451e-04 2.607641122790020027e+00 6.766776426592942428e+00
7.569690714488243044e-01 3.345889625298235069e-04 2.616456937245899006e+00 6.876536628197019496e+00
8.524107406634258144e-01 2.151081485975651485e-04 2.631357053541963698e+00 7.602795908055557383e+00
6.282947796555165887e+00 4.642398118241865788e-03 2.465006465070957109e+00 6.810614800970991034e+00
1.043780888979827104e+01 5.356690076131156997e-02 2.408375910120386099e+00 8.752930369368188579e+00
3.524171719905386246e-02 1.697144199964701825e-02 2.709064329221300582e+00 9.294406049451851004e+00
7.249100124641756349e-01 1.436007696041781412e-02 2.780785703735971559e+00 8.205613493453149943e+00
6.800449543496294158e-01 2.422198347122363551e-02 3.027587010215074592e+00 1.093461930494315482e+01
3.870664123213403229e+01 5.748832243326963409e-01 2.018103469179287401e+00 1.921302218102669457e+01
3.729083219946466299e-02 9.947628176494185612e-03 2.544400982974144299e+00 7.424607375093420281e+00
1.129328212652887936e-01 2.264105998812018794e-02 2.970006866767520570e+00 1.384713865072355610e+01
5.978249260751298255e-01 3.469826046079289156e-02 3.302079515186340242e+00 1.971901632554261852e+01
4.987597121682949552e-01 1.957243896977820669e-02 2.628384052374284519e+00 1.107116425697806150e+01
6.332042112059239614e-01 3.039084127912224792e-02 3.101794800965409937e+00 1.788018378276227338e+01
6.344494368198463352e-01 2.618097315713398612e-02 3.065650812908868872e+00 1.299630747399382891e+01
8.128816080498103558e-01 1.318235341457884777e-02 2.720596193007094321e+00 8.102359743826403005e+00
6.592021613277970760e-01 2.446044065186060365e-02 3.020219866350453142e+00 1.061525947501949041e+01
5.940803080369735228e-02 1.992864024854630600e-02 2.845646315842249585e+00 1.273706707506419811e+01
6.898436649424083411e-01 1.577379063345540205e-02 2.830993279396431639e+00 6.881759611909432195e+00
8.332215799299218517e-01 1.023902589548939500e-02 2.611153857938291356e+00 8.161356183365199968e+00
6.479376230320870178e-01 2.485157123078745797e-02 2.996613730015128763e+00 1.196789498010850394e+01
3.619185271463601361e-02 1.410107450437521510e-02 2.744074726472344850e+00 8.462847420571998569e+00
6.884301399981730407e-01 2.251079370879630406e-02 2.782822652497058513e+00 1.158350708249608907e+01
7.648524880237793644e-01 1.030782249316600056e-02 2.692259780375727107e+00 7.582968304949198490e+00
3.036967115832901049e-02 2.224664920231487000e-02 3.004165664891450760e+00 1.637542808166707431e+01
4.641230654668034306e-01 2.643656998910536363e-02 2.991085293737275386e+00 1.251717277706061360e+01
6.241188649834795710e-01 2.920386277752013218e-02 3.075490376122207881e+00 1.774945667984014008e+01
7.005940221790994960e-01 1.828303848803297313e-02 2.743639338956388229e+00 9.243735976507894136e+00
5.670151899168025533e-01 1.164375726315741016e-02 2.585981674140989117e+00 7.827891226009137782e+00
6.864828630472172843e-01 2.264462174392936622e-02 2.984948806933567678e+00 8.783745097311435046e+00
5.951018357220237753e+00 8.654434781422042436e-03 2.610691276565280106e+00 7.089534487008651631e+00
4.974992206794890959e-01 3.317115244113791328e-02 3.119330063630620042e+00 1.866956440382478277e+01
6.234409004699888612e+01 7.399451275285841012e-01 2.049465808566363290e+00 1.596786695654101074e+01
5.440655648763194074e-01 2.490413363743968281e-02 2.801825928511942898e+00 1.305481586756318180e+01
6.846028052142616005e+00 6.229271732664803593e-03 2.464820140616636568e+00 8.316418938690024021e+00
5.123223052767403862e-01 2.430823694295027385e-02 2.815720410163616627e+00 1.164492402300807328e+01
6.682581570924273073e-01 2.241450821367515708e-02 3.051049378538833956e+00 8.972446902753659970e+00
6.505741256607835421e-01 2.254536863713800521e-02 2.994599116347580026e+00 9.444124606020636747e+00
5.603841909630577334e+01 8.230814344453644127e-01 2.140733970463638780e+00 1.788331046312986317e+01
6.019208062830231354e-01 3.276666308858869336e-02 3.172748044812820911e+00 1.922885761592188203e+01
6.482803337012285061e-01 2.662804045374842984e-02 3.085608527150073943e+00 1.104360575853065107e+01
9.990960245715683197e-01 1.642980879323383903e-03 2.650602687008734915e+00 7.586607265141705803e+00
6.746469117799734905e-01 2.114943925659304447e-02 2.945052836064637525e+00 9.523268120310731888e+00
1.259488896241795497e-01 1.868158282698802533e-02 2.805294223806888532e+00 9.975241480245260917e+00
7.425811639032025901e+00 7.060399816697345010e-02 2.228864089686160899e+00 1.120205774780342090e+01
7.010366121555912378e-02 2.179438403032499597e-02 3.024292012804167040e+00 1.235076732493978824e+01
6.233113873782228920e-01 2.418675972712961905e-02 3.108124797578942111e+00 8.757609464410482047e+00
5.829051780339677968e-01 3.210329922257541824e-02 3.174974953220318419e+00 1.893225399323939229e+01
7.264671378933886814e-01 2.269690096481665614e-02 2.950202447234629322e+00 9.630140513961411131e+00
6.976228569658351475e-01 2.603787914814316429e-02 2.955448472920853664e+00 1.416661314200276856e+01
6.353593666505642501e-01 2.536579492391390425e-02 3.146431429081435915e+00 1.023182654070754971e+01
6.374305386589491640e-01 2.143782161673789266e-02 2.850118717466540552e+00 1.044989708445352861e+01
6.281510737323566795e-01 3.151185334897006057e-02 3.067020084251867118e+00 1.946074231487859407e+01
6.633175549121045345e-01 2.293866551226101530e-02 3.030636073244704853e+00 9.231348803296036465e+00
4.605657415783516173e-01 2.459613457032771774e-02 2.948041886037425563e+00 1.162883824930007748e+01
6.523581178469073372e-01 1.758767837654563043e-02 2.788675707246621727e+00 7.633699100823852390e+00
7.582982612190632965e-01 1.606175794118651010e-02 2.801585990886235056e+00 8.923620506795234775e+00
5.799710074458738873e+00 1.121396836920473877e-03 2.434589620898051976e+00 7.121266611660606038e+00
5.523203378122457652e-01 3.023897002394832639e-02 3.124299145570260894e+00 1.635605237870735351e+01
5.577527991262096752e-01 2.891001737972180921e-02 2.981782874634208991e+00 1.552150208825677602e+01
7.407401625811529389e-01 2.035370792812474846e-03 2.496003660789603895e+00 8.284172965457656801e+00
7.351072777544538361e+00 2.548535188266306400e-02 2.473074735704263727e+00 7.201148898013234323e+00
6.443494417209642000e-01 2.743526126337967816e-02 3.066635234629907281e+00 1.388565557453228294e+01
8.506180179753052295e-01 6.811457285663306089e-04 2.675295257579859420e+00 6.959545291682020185e+00
5.174567960747757794e-02 1.391622225846878697e-02 2.693043775896441172e+00 7.594015032633633311e+00
5.640855482001187582e+00 1.249785535682470822e-03 2.546969596874495423e+00 7.495006056063076016e+00
6.593419639138425881e-01 2.657234555082372066e-02 2.986805440732372752e+00 1.207544144597370028e+01
5.174567960747757794e-02 1.391622225846878697e-02 2.693043775896441172e+00 7.594015032633633311e+00
8.123321695226904948e-01 7.046964574228179942e-03 2.678709325165205435e+00 7.367121881383840609e+00
6.495948278853096447e-01 1.880983510122486574e-02 2.972408128001879035e+00 8.912453017458783933e+00
6.969496586770028701e-01 1.452931913451761120e-02 2.620776858771243667e+00 7.735454677670163370e+00
5.029456116118970499e+01 6.077720803232482538e-01 2.360927883829744722e+00 1.252776061853772660e+01
4.793357507748404189e-01 1.415536116070750111e-02 2.561941556195194813e+00 8.235010571963385928e+00
6.467988446558540216e-01 3.227944714849315111e-02 3.225698562887079568e+00 1.770954514553279324e+01
3.105621717414632244e+01 3.830526901900676573e-01 2.188951511874264177e+00 1.392856628559289334e+01
7.709761932185864586e-01 1.663645614758569105e-02 2.946084220433395906e+00 7.450339116707814568e+00
5.821361253980563699e-01 1.021667882264668632e-03 2.569115646534607222e+00 6.286477052656593401e+00
8.153506919849338175e-01 8.495424534252822221e-03 2.665161752081273150e+00 7.692942662206042392e+00
8.150750787608552761e-01 2.494235962296959593e-03 2.589900411337709318e+00 8.858882162121647141e+00
8.749523121407736248e-01 2.747466567363024675e-03 2.566879174193285706e+00 8.345301405447184351e+00
5.516664007846744155e+00 5.607054335123623501e-03 2.452249959601605855e+00 6.999493107366036249e+00
6.663800162256572346e-01 2.862446311507761687e-02 3.092434412814988764e+00 1.601957073366513384e+01
7.975752356402765475e-01 1.016652212791054923e-02 2.671325427698898913e+00 7.711087808047627057e+00
6.463537774613906661e-01 2.577633901272882028e-02 3.041670095964877696e+00 1.149604408957930879e+01
6.848314818405982773e-01 2.978279858216021161e-02 3.130203979269034598e+00 1.646449669962292361e+01
6.433474259935949569e-01 2.338937549415668823e-02 2.918324181174340115e+00 9.600025988308249936e+00
6.755779238793293562e-01 2.293276148839740528e-02 2.899912831417370551e+00 1.079928816171054606e+01
7.744808304461640036e-01 5.299254528356511090e-03 2.616002218382369904e+00 7.438668625294544867e+00
5.390188790305582289e-01 2.171066801918578038e-02 2.937691360894456150e+00 8.849242610514385987e+00
6.279299086967410348e-01 1.885083255903723110e-02 2.800229500053519782e+00 8.485518725403306206e+00
6.410745431154287743e-01 5.459928452418778182e-04 2.587475016949251305e+00 6.897840869234333816e+00
5.853041624084907024e-01 1.865912090870186502e-02 2.750277109543237675e+00 8.745872684310530332e+00
7.438996745293632307e-01 4.546835513432104930e-03 2.608460054202404343e+00 8.131112698949136686e+00
8.319320724022145619e-01 1.244491092219121055e-02 2.697281700263721049e+00 8.917662767368796040e+00
6.570147820079799139e-01 3.228831246901868457e-02 3.192521395806954043e+00 1.843383145407018375e+01
6.374243424294625537e-01 3.297178584952437791e-02 3.174657098777929232e+00 1.907622472969166694e+01
6.254230799552161768e-01 1.821865046988511982e-02 2.867728142661871704e+00 6.865349925605088721e+00
5.578412421843582436e+00 2.952973171733521297e-03 2.492234119522898972e+00 7.365707218067211848e+00
4.243589529095554269e+01 5.845583605631723412e-01 2.050541143255143695e+00 1.809265587360576433e+01
6.738881965468046520e-01 1.982954618744637090e-02 2.778939251729810156e+00 1.043024922131716359e+01
6.160485838712105311e-01 2.735992062333177446e-02 2.955988204358536819e+00 1.554420384256762055e+01
6.194431147426389117e-01 2.437788157399341238e-02 2.910916421292933265e+00 1.212684174980605434e+01
6.472373067132585200e-01 3.030849632398599156e-02 3.172979111347911996e+00 1.510016531474219370e+01
5.476188373562200340e+00 1.904470231369212105e-03 2.437425168162273614e+00 6.859761771452449253e+00
7.869524297703661020e+00 1.608953647212009886e-03 2.490199558164024829e+00 7.194291078554063468e+00
6.653472832773348333e-01 2.901202627864199121e-02 3.098359792145739977e+00 1.546461613189040030e+01
6.861713976130293657e-01 2.376078191185146751e-02 3.017575644277502800e+00 1.173042440450975654e+01
7.042891736061445584e+00 8.271186410605386313e-03 2.423231532144913380e+00 7.942407893723224532e+00
6.168360259580255578e-01 3.156418739413153346e-02 3.143609128530039598e+00 1.950165663674878758e+01
6.956881214002615943e-01 1.540453191532517238e-02 2.695997143555720399e+00 8.477671620676506592e+00
8.456614220499322765e-02 1.570400812145251318e-02 2.689121274583545329e+00 9.473476369564698629e+00
6.167675652980948442e-01 2.415409181370857528e-02 3.002664514345360303e+00 9.467231614553881514e+00
7.451363355551290368e-01 2.054762918763402765e-02 2.839579299526917566e+00 1.065598467517194159e+01
7.713895050775015916e-02 1.745933187837702197e-02 2.770824043734032571e+00 9.605387999465989424e+00
7.444813539564387739e-01 1.716808706430336673e-02 2.760681450160062944e+00 9.534770700275762678e+00
5.479619775464187464e-02 1.603770952070065342e-02 2.677906446692882358e+00 8.852405605010741141e+00
5.835530560172352832e-01 3.225333304225101033e-02 3.274771220575796615e+00 1.552444686875412749e+01
5.976731666891721417e+00 2.052127548827298656e-03 2.405523086733461380e+00 8.806665269425867137e+00
5.856442003331171486e-01 2.040208879045666418e-02 2.937501023638180442e+00 8.280005286771956463e+00
7.178125869821746496e-01 1.534702713787963572e-02 2.822827444079993420e+00 7.724338157007821337e+00
5.523203378122457652e-01 3.023897002394832639e-02 3.124299145570260894e+00 1.635605237870735351e+01
6.124740816574187896e-01 2.469681783298869823e-02 3.088231048313458071e+00 1.152819691969168403e+01
6.482404158755629420e-02 1.842387419996774703e-02 2.857814751993542846e+00 9.186348267762065589e+00
5.387352977393720238e-02 1.757877452764828458e-02 2.735451533850922434e+00 9.731929911780685671e+00
8.240143788904388256e-01 1.039413537728219039e-02 2.741657550008678612e+00 7.723492204729174304e+00
6.534240894576622827e-01 2.596084859381084589e-02 3.061989644104897934e+00 1.139707855327800345e+01
6.899803925380010305e+00 6.397770607432208545e-02 2.179262684604736933e+00 1.228119623258917414e+01
7.022695930728825031e-01 1.724674087539997125e-02 2.751116789073232649e+00 8.939511283573684963e+00
6.539283205551205125e-01 1.876716176772030148e-02 2.794990050560327788e+00 8.483843892365289463e+00
6.330218983544559919e-01 2.845490825514177327e-02 2.987397540146282005e+00 1.469016024475116033e+01
6.612662469702351720e-01 1.853539530236550034e-02 2.796001885055279246e+00 8.253505589513071783e+00
4.710104516153382215e-02 2.028332544924448672e-02 2.938340115965897503e+00 1.104014679732236104e+01
6.934339388432607665e-01 1.811680553181223632e-02 2.741276214662594413e+00 1.012670929436089828e+01
5.641163752560530709e-01 2.412651949184542802e-02 3.001728003863675553e+00 9.979733520260634094e+00
6.943035138923202565e-01 2.082181186427379746e-02 2.921154845310489634e+00 8.914192480354191872e+00
7.524691488830960173e-01 1.299876038328469721e-02 2.697906319934220143e+00 9.039323522325263482e+00
5.245037290462968294e+00 2.300928639830601349e-02 2.324758583513707233e+00 8.412192063232440731e+00
3.532430817824576408e-02 1.646108028085205635e-02 2.824321855016259430e+00 9.442932858869435009e+00
6.675391042440466105e-01 1.834372063115526433e-02 2.804468160982299452e+00 9.117509251877480736e+00
7.930885494515891310e-01 1.401099666321370960e-04 2.630483938018273626e+00 6.298785687789278498e+00
6.696896447797149321e-01 1.544838313229680675e-02 2.594898327714929565e+00 9.265711146221644157e+00
7.662150079298942762e-01 1.422006693840786873e-02 2.806658384723236921e+00 7.177609416146804477e+00
5.602373850104718223e-01 2.878525084924592192e-02 3.008563892043891741e+00 1.455301130254976805e+01
5.920347171143990339e-01 1.080823920727429780e-04 2.553314438496883110e+00 6.882776068656698776e+00
7.398772783932994201e-01 1.220033398080966986e-03 2.658483676439661103e+00 6.745930450750842411e+00
6.851062609911764412e+00 1.752017797578134944e-02 2.424041589713389122e+00 7.683893062220709780e+00
4.720422681549336641e-01 2.644932507009585543e-02 2.866687365270333743e+00 1.446031469188224428e+01
4.340453874954331437e-01 2.583634685955742138e-02 2.941393368779940509e+00 1.269186848582586791e+01
7.526941773900225341e-01 1.323923574303879393e-02 2.822273924815736912e+00 6.779631276457103617e+00
7.668572171924540326e-01 1.274997379247178042e-02 2.834447526168690779e+00 6.667187720205951074e+00
6.778586149313777787e-01 1.933070289329772914e-02 2.755322400015887130e+00 9.181551290521179354e+00
6.784716410525891417e-02 2.639084855591090212e-02 3.032932342583232632e+00 1.710756189405855920e+01
7.853980708887314810e-01 1.100974440779578858e-02 2.652633307749246327e+00 7.243547420496994071e+00
5.746906391732629515e+00 3.810102986416945975e-02 2.418450970569490543e+00 8.141097659210224435e+00
6.797475029612833897e-01 2.321537099393367748e-02 2.802458560720258340e+00 1.276218106149515208e+01
6.143663119835129915e-01 3.333557405886919400e-02 3.193069832658297358e+00 1.985775672032543682e+01
5.965722179532808589e-01 3.529088961726803420e-02 3.343079312227936750e+00 1.755395536685135482e+01
7.910120347144589115e-01 3.933243925629070032e-04 2.667018011633978780e+00 7.178615486740551610e+00
7.794838764929886699e-01 3.864537023572757815e-04 2.535134711667092589e+00 7.576959669011066545e+00
5.928110629811448318e-01 2.746660427600980392e-02 3.196920678900848412e+00 1.067481838310004782e+01
1.355779560337423817e+01 3.290068816582118055e-03 2.445807414125140244e+00 7.369047200941532871e+00
6.762545921628452250e-01 1.830118402231785749e-02 2.900593666196232157e+00 8.510445343477087476e+00
7.536753039065438031e-01 1.074166355931669911e-02 2.737051643744681240e+00 7.245356578555318450e+00
6.350785581044202655e-01 2.399594710748398363e-02 3.001549334244859590e+00 9.132294670750157550e+00
6.298149180811725145e-01 3.236913917075462388e-02 3.209124590039850400e+00 1.879950431605705319e+01
3.891419215821645960e-01 1.189757124416317320e-02 2.518461427374555583e+00 7.917408146288593684e+00
6.420132985436645123e-01 2.297154120460931717e-02 2.776281253672086446e+00 1.079799370906265210e+01
7.805586753353673801e-01 2.324646602920456653e-04 2.539860767125051488e+00 6.968124633322415384e+00
6.902675343207761438e-01 2.273481738309387004e-02 2.944565024675411369e+00 1.029901934032845467e+01
5.516664007846744155e+00 5.607054335123623501e-03 2.452249959601605855e+00 6.999493107366036249e+00
6.584453004370651730e-01 3.057334667471676634e-02 3.098974375610590748e+00 1.516675993934403444e+01
5.287278282889258385e-01 2.594247090977390424e-02 3.027221148753104440e+00 1.189271012236736880e+01
6.581199830101833737e-01 2.108095817707108036e-02 2.737936524799184923e+00 1.109181599437241950e+01
6.637651638689645583e-01 2.288634661675172446e-02 2.947985688015410055e+00 1.020136053957981126e+01
7.244118261521339530e-01 8.165639982015918813e-04 2.639962361031678029e+00 7.151487662472889362e+00
6.496766938901070709e-01 2.379164032046568455e-02 3.073755279257555983e+00 1.014029836224292147e+01
5.484906687582336016e-01 2.667084726856564988e-02 3.036223390803728606e+00 1.229351516106713582e+01
5.602373850104718223e-01 2.878525084924592192e-02 3.008563892043891741e+00 1.455301130254976805e+01
6.972191937245199034e-01 4.690938622403018413e-03 2.661140813866122112e+00 7.318332262051930215e+00
7.299324110386793407e-01 2.226183794514300859e-02 2.920685131294135317e+00 1.103935949346034207e+01
7.286649824506860051e-01 1.351387256871426287e-02 2.748746931448066366e+00 9.223200575548954561e+00
6.269820710946966136e-01 3.011890584280339442e-02 3.176136263536365689e+00 1.586666869668469104e+01
4.925408016282801366e-02 2.099488869551675504e-02 2.842429420927646611e+00 1.182207921603149714e+01
6.063042263136891874e-01 2.468211104344147228e-02 2.866481727132855539e+00 1.319923251043289625e+01
5.067322396533926465e-01 1.117555442541995174e-02 2.610856849374993516e+00 6.332430877221352006e+00
8.088658794518758244e-01 2.365650314391673243e-03 2.628995555274033169e+00 7.274584424451375320e+00
6.749831304977802482e-01 2.797279726610251219e-02 3.053476819449934876e+00 1.501645224270839130e+01
6.958624063298599616e-01 2.607318882685224354e-02 3.005507398405700581e+00 1.400273089514625724e+01
5.873041967033960198e+00 3.888640196317998815e-02 2.348489256433605288e+00 8.516298059800835318e+00
6.581178394779828578e-01 2.143497949834130556e-02 2.905391184283860007e+00 9.657534023722273986e+00
7.449792953968124021e-01 8.170688569044997490e-03 2.755292637609641382e+00 7.170058221006128996e+00
8.865246934350924590e+00 8.952450520661594602e-04 2.531821176722833577e+00 5.855789363416098681e+00
4.425327154642955563e+00 8.209777917442009866e-04 2.385445583955846161e+00 8.249333543205869645e+00
5.981711328435156405e-01 2.956193445600565836e-02 3.008786337959878043e+00 1.866979614929849163e+01
6.590147636207204229e-01 2.110069701560427641e-02 2.759724313650817606e+00 1.055898695526971309e+01
6.262591345755589289e-01 2.706588533036594080e-02 2.816657993698028939e+00 1.541952483514096528e+01
6.610894988862642663e+01 8.535396963256193237e-01 2.202010176438413236e+00 1.542725855984049588e+01
6.923127557877258031e-02 1.995919279947213146e-02 2.855042883290431099e+00 1.127820986809135562e+01
6.869229529014833080e-01 1.608025265901783310e-02 2.855822592833805906e+00 6.580359758091589129e+00
6.214994600596217278e-02 2.049455433000570148e-02 2.867765967983441300e+00 1.285059698257510696e+01
6.547233031120109903e-01 2.288317649944551085e-02 3.012510958818483964e+00 1.145276164936915997e+01
7.171634537470101822e-01 2.218976056300360489e-02 2.893260499589761281e+00 9.908654688803583355e+00
6.001642698253082386e-01 3.371047567938297712e-02 3.226704251012958657e+00 1.861827068274918418e+01
6.163221189091780960e-01 2.212012716137821966e-02 2.800224979006532777e+00 1.057242616658799150e+01
6.170878309240298565e-01 3.177555639167764512e-02 3.055120166571443363e+00 1.637979203541776485e+01
8.066143071370649453e-01 1.864014159158922362e-03 2.672219581300085967e+00 6.958217188608855075e+00
5.274658492191840881e-02 2.332285360642654543e-02 2.976483656996248506e+00 1.582300925294794958e+01
6.370829338033016098e-01 3.213896556444653663e-02 3.163083553771811829e+00 1.769464476841472234e+01
7.396965394105549096e-01 5.123047669999408749e-03 2.585946675369772407e+00 6.879835922053099573e+00
6.403555702510161929e-01 2.486203449147669775e-02 3.110788215822378966e+00 1.058848848601964043e+01
7.322346977709740523e-01 3.051181834102895726e-03 2.686886949648280787e+00 6.323222058964431902e+00
8.140928649377784376e-01 1.223635620372276293e-02 2.651943421427268355e+00 8.205674657140763273e+00
6.759490426160134069e-01 1.835524379344271456e-02 2.908464988299697129e+00 8.977037804282732125e+00
7.070411177134741099e-01 1.245827540579395008e-02 2.695452541350720210e+00 6.776975835461502840e+00
6.373386555124594954e-01 2.912072330466763947e-02 3.095472984067416888e+00 1.429046813634689528e+01
6.499084482642658589e-01 3.012155965051454762e-02 3.176012089402608485e+00 1.461242201668811624e+01
6.525142945811757134e-01 2.138864594195588609e-02 2.780752662270002951e+00 9.280714211617874909e+00
6.437308417778162539e-01 2.098218932776248907e-02 2.940815496378475835e+00 8.590188421863491186e+00
6.928219451205480661e-01 1.506983703392556634e-02 2.745049760076504253e+00 9.201931310487866611e+00
6.581722027583161161e-01 2.262834137026827758e-02 2.962070845829800181e+00 8.898475765238920587e+00
6.332668963375202020e-01 2.157388039143354544e-02 2.879647795154146372e+00 1.122850152269152169e+01
6.381885645901860249e-01 2.294950585240771931e-02 2.944910191997013982e+00 1.000634962055070609e+01
7.715731314153432274e-01 9.062692060982877398e-03 2.648355566395077076e+00 7.070687231956373608e+00
6.971716960017252385e-01 1.799499512450327549e-02 2.664336051565335595e+00 9.659465839608118998e+00
9.645319761888476728e-02 1.767068455569108243e-02 2.775158044753014863e+00 9.340729089111801997e+00
7.713895050775015916e-02 1.745933187837702197e-02 2.770824043734032571e+00 9.605387999465989424e+00
7.088617989741906600e-01 2.128799388195101727e-02 2.990250945592932919e+00 9.834547857078426603e+00
6.420719617450518779e-01 3.003497899573846427e-02 3.219646046439856413e+00 1.497504341586036603e+01
5.117353857142457052e-01 2.839250089002639046e-02 2.989175150471735432e+00 1.477431870944986159e+01
6.023028636712186579e-01 2.310131289634245744e-02 2.815935960997190790e+00 1.126950657323629734e+01
5.793703980697512135e-01 2.557017005321494257e-02 3.089727673632943095e+00 1.104310966421980211e+01
4.640022832741182157e-02 1.184790911635122228e-02 2.577870220729048700e+00 9.025302918184218370e+00
6.676088195600442532e-01 2.692949488971972324e-02 2.999676404707014576e+00 1.276796442791238917e+01
6.407125218603100247e-01 3.146774587001375384e-02 3.270363858736483831e+00 1.500929626014702301e+01
5.426145054604232243e-01 1.465625641297996044e-02 2.765465173966075163e+00 6.524799400209676747e+00
9.178006029587346126e-02 2.304405821875417718e-02 2.927969886746240924e+00 1.322976483001104953e+01
6.816277108207651203e-01 2.330158712562853743e-02 2.963797953652555606e+00 1.096845779243370345e+01
6.267230457310145608e-01 3.276598210473781470e-02 3.215600536428898870e+00 1.995486622861648129e+01
8.319320724022145619e-01 1.244491092219121055e-02 2.697281700263721049e+00 8.917662767368796040e+00
6.081633386796089225e-01 3.016437448647804609e-02 3.065600775349269558e+00 1.608389228608188759e+01
5.545361448726442433e-01 2.963323280286589076e-02 3.055530718977784055e+00 1.465163505931576537e+01
1.445904922887613908e-01 1.933604447145037541e-02 2.737174528180783994e+00 1.151784827923216170e+01
6.548098496625389675e-01 3.003812138995156159e-02 3.090904923757397782e+00 1.525928652846232758e+01
5.830555424909702467e-01 2.984197960799935684e-02 3.072781614440929232e+00 1.871390045081758657e+01
7.359724455512403063e-01 1.526981181668203439e-04 2.560979487961566825e+00 6.413160910887302002e+00
7.768983845049253212e-01 5.357065266065076485e-03 2.626257331829137343e+00 8.218256849829533195e+00
6.597791668862525993e-01 1.615221849374094340e-02 2.813912450874510807e+00 7.394635149686209274e+00
5.035540858526983410e-01 2.434167830638150898e-02 2.971700432327691654e+00 1.138794864577220167e+01
6.806064864292450167e+00 1.755535375354344303e-03 2.429834316459722920e+00 7.247473169311423824e+00
7.026313457754974623e-01 2.046673856119784335e-02 2.908444632699867860e+00 9.278670725841433153e+00
7.951768240581866820e-01 1.365492947895923827e-02 2.732069769650876001e+00 7.721054047596443759e+00
6.099381004495562086e-01 2.233056507208765890e-02 2.892502049382598805e+00 1.062113834414438074e+01
2.008035449214862211e-01 2.577448730231143501e-02 3.048306914018870994e+00 1.314901605577919241e+01
7.061414731126987032e-01 1.478452302581743059e-02 2.761742695951968418e+00 7.509865377277530563e+00
6.711329810872049828e-01 2.107454569576192385e-02 2.926166837968715129e+00 8.788386064490016025e+00
7.205567696425190238e-01 1.716661157796423726e-02 2.783887243696248071e+00 8.082168980778149603e+00
3.369105816192896619e-02 1.613998155370686624e-02 2.828295765172086806e+00 8.767986206671736227e+00
8.140749901396382437e-01 1.213382904500268566e-03 2.590067474424093241e+00 7.547638362449991867e+00
3.091256954820138098e-02 2.263298845218806449e-02 3.035018594079548659e+00 1.365648379031286375e+01
6.161921788469401084e-01 3.410176907753115216e-02 3.374040854343784979e+00 1.805377789873952921e+01
5.865540325069074079e-01 2.553004647321214723e-02 2.983923074969274225e+00 1.292497698981573606e+01
4.859201557328348131e-01 3.290022110850022302e-02 3.189310259780534729e+00 1.801171541214020877e+01
7.145310471673099739e-01 9.306580865251328763e-04 2.586331703452243502e+00 7.160085908502182406e+00
6.982024782469744562e-01 1.716580789820964376e-02 2.688660913437682876e+00 8.316542530025015978e+00
4.768504451586914189e-02 2.020835061063740515e-02 2.893098693854687209e+00 1.233320541686471472e+01
6.786265332430279962e+00 2.576939211231468393e-02 2.292018362400691789e+00 9.528612419261778044e+00
5.797236977028959792e+00 2.719361390926327334e-03 2.427664868034667744e+00 7.649274951114994892e+00
6.620894809128910374e+00 3.686115444289585208e-02 2.427591796576818783e+00 8.158084970619029264e+00
6.569080289994514432e-01 3.005289319362315290e-02 3.136597933558289419e+00 1.698364084580685329e+01
5.339013018152757306e-01 3.285488017857404741e-02 3.199238306811446719e+00 1.985333302376450959e+01
6.008009992121394749e-01 1.813281130396129232e-02 2.744333698419086698e+00 9.075277777189738160e+00
7.318533709157775125e-01 1.832143525788132096e-02 2.915323007722299575e+00 7.237882872503919707e+00
6.861059941011313779e-01 1.715557902721239966e-02 2.760107098305192075e+00 9.028252185327986012e+00
7.546908069776601113e-01 7.243614354328698109e-03 2.629653636697002916e+00 7.162574051862956814e+00
6.172333566342887989e-01 2.356099695979382846e-02 3.067613611332523860e+00 8.074540013859841991e+00
1.073286492853733343e-01 1.476325273767238079e-02 2.583080748315603969e+00 8.048561604667124669e+00
6.981902332003140366e-01 1.142963707034023307e-02 2.564306869584701332e+00 7.411270138090687354e+00
6.565189729063433122e-01 2.701285300469491793e-02 3.035276476982497584e+00 1.385946637871050768e+01
6.505115151010981700e-01 2.493026689317003053e-02 3.024308820184179680e+00 1.171154427779989859e+01
6.822485828341785519e-01 3.125645532428297790e-02 3.172950648302885313e+00 1.408549875609278956e+01
7.796348891758732025e-01 5.095870364360579859e-04 2.732411080504649092e+00 6.205597463043600825e+00
6.589078247324597903e-01 2.554937352538356674e-02 3.062320189585644226e+00 1.079032239421109551e+01
6.273873174779590611e-01 3.054842609805123385e-02 3.236472935068221091e+00 1.654785106647234372e+01
6.785792833884211062e-01 2.067767163391168866e-02 2.912006448534105729e+00 9.438116264696247981e+00
7.758701828724662297e-02 2.169087199005249877e-02 2.910034123026017383e+00 1.328829953961903954e+01
6.467013783373036784e-01 2.935255005761368621e-02 3.076383557048145256e+00 1.550269617036004810e+01
5.797065965308585422e-01 3.069898243277810468e-02 3.152009267897506462e+00 1.579583540907421124e+01
8.150750787608552761e-01 2.494235962296959593e-03 2.589900411337709318e+00 8.858882162121647141e+00
1.336750539152562756e-01 1.527126021773116300e-02 2.672528689067918073e+00 7.537702190044563544e+00
4.496721528065847906e-01 2.621875979498516571e-02 2.945419404813831132e+00 1.278526843243971456e+01
6.807535875533534675e-01 1.400206261684594760e-03 2.653102498482299954e+00 7.232821769791137001e+00
5.830611232129901955e-01 3.055630457364183830e-02 3.066969185725938019e+00 1.872117238842140807e+01
6.723948269597794791e-01 2.332188048505230704e-02 2.968549752996381574e+00 9.866273362718102291e+00
4.157629032261533908e-02 2.360872328500669345e-02 3.084117206344068940e+00 1.496871350455048955e+01
6.644487777573195864e-01 1.736020078673256722e-02 2.878566207463642890e+00 7.165002632120694770e+00
6.867985876447336047e+00 1.941867988784061905e-03 2.439938910280785578e+00 8.837639363947040749e+00
6.526686504112073628e-01 1.974325297090466502e-02 2.843216592233367201e+00 9.101527140619671385e+00
7.356500477474139377e-01 1.861772731508728627e-03 2.583625125188989458e+00 7.206224126251082218e+00
6.749927253267700156e-01 2.210840940065919580e-02 2.915453944415758336e+00 1.015213528612364513e+01
4.686920107685059178e-01 3.018049500231685667e-02 3.010426683720792695e+00 1.761135103212276576e+01
7.558551471987022818e-01 1.023999843128807659e-02 2.629872039510593673e+00 8.200921602107273500e+00
4.485862528060918786e-01 2.680484702401336738e-02 2.889780477053135233e+00 1.460099020273518278e+01
7.533081240997950845e-01 1.446245266817398380e-02 2.696990519097080430e+00 8.054732322125213173e+00
7.137832337753285961e-01 4.966817784799115558e-03 2.569313619564481677e+00 7.103509564090854767e+00
7.514079997487010942e+00 2.484784689581214998e-02 2.430089795412219811e+00 7.477872377218908184e+00
7.209600333162106134e-01 1.711063627165231374e-02 2.813394474600021233e+00 7.822611225729294127e+00
7.683934737986095609e-01 1.433298564083489157e-02 2.635662240583888760e+00 8.542886087937930029e+00
6.384737178350231579e-01 2.327802032581485076e-02 3.086335172708657204e+00 1.012847900335978046e+01
8.846514545161620058e-01 2.911582600973109509e-04 2.510970647455016191e+00 8.499592316410437220e+00
6.456413410802740449e-01 1.995385180914712245e-02 2.742851988302556165e+00 9.676648126865094568e+00
6.773689187262831313e-01 1.809835276419431010e-02 2.816881846894718766e+00 8.333073226498591168e+00
6.671473912782713844e-01 2.629548081897574441e-02 3.094295650274994092e+00 1.141330365703462846e+01
6.661378622716678244e-01 2.496699251977508791e-02 3.084270859673073240e+00 1.026542934313802036e+01
6.991386531171196461e-01 1.782327601824279864e-02 2.729011519274457065e+00 8.460007874679224216e+00
6.539170990403369021e-01 2.551501051154944980e-02 3.089694232982864719e+00 1.170255980562664533e+01
5.834130106907331470e-01 3.191301530450372376e-02 3.193088753944781200e+00 1.777925476926075987e+01
7.208560016747080912e-01 7.299911015470880726e-03 2.638034574056477233e+00 6.030436469349752748e+00
7.525817706606954816e-02 1.765863759954013415e-02 2.757848719823964068e+00 1.034319642625513502e+01
5.819337208138620765e-01 3.032446689465910158e-02 3.137090973280794337e+00 1.659377355143202237e+01
9.251839011579098271e-01 2.259768417848365986e-04 2.622603878842832081e+00 7.911362157177323162e+00
6.663220861028505970e-01 2.356190128913043108e-02 2.986973220743688540e+00 1.150525333112866733e+01
8.207758502779215481e-01 8.467021334333376878e-03 2.731385099881980860e+00 7.583163515478381633e+00
4.961581794504107967e-02 1.924898014176779429e-02 2.835148775060691850e+00 1.179779646391016001e+01
4.795474886934292869e+01 6.646645544678783102e-01 2.170857019931446974e+00 1.565363367913201387e+01
6.081633386796089225e-01 3.016437448647804609e-02 3.065600775349269558e+00 1.608389228608188759e+01
6.491341690862629799e-01 2.165402977913586519e-02 2.859060845960684993e+00 9.239901278521735151e+00
5.658406703785208158e-01 1.287463737206791898e-03 2.548640537642525850e+00 6.552264886943755862e+00
6.348948585798481759e-01 2.428145688205698982e-02 2.979575631332216812e+00 9.915220147102095538e+00
5.592569001200026868e+00 3.398427829101650921e-03 2.396779576092483488e+00 8.067235730450271092e+00
6.144631999314088544e-01 3.253455121306518538e-02 3.232974903699686653e+00 1.767640950703542302e+01
6.614213659130903089e-01 2.323089144089587540e-02 2.944290688513948595e+00 1.192161984117762863e+01
6.993508529861921508e-01 1.913276732788263615e-02 2.872742828278849636e+00 8.107645953979918829e+00
7.986314266600884615e-01 1.606512617858552386e-02 2.887702141386322641e+00 8.000691015518341942e+00
3.102961784843132875e+01 3.980974142869599941e-01 2.130822938503198039e+00 1.544607732199356143e+01
3.682895323182538760e+01 4.725575225379920474e-01 2.094423848932573939e+00 1.577168892355507523e+01
7.022251860621134822e-01 2.043390271408151992e-02 2.821769085441987457e+00 1.131362113721623075e+01
1.445904922887613908e-01 1.933604447145037541e-02 2.737174528180783994e+00 1.151784827923216170e+01
7.533081240997950845e-01 1.446245266817398380e-02 2.696990519097080430e+00 8.054732322125213173e+00
4.493355371937631126e+00 5.517937054840040163e-03 2.444536029105957464e+00 7.114858867575355461e+00
6.075064584526312927e-01 2.845000085631490053e-02 3.153440993760863176e+00 1.222165618019104016e+01
6.496998998018669313e-01 1.653117665002521580e-02 2.821087702868807501e+00 7.714582975353340366e+00
3.858920867596786486e-02 2.444925918261125694e-02 3.012099014195367630e+00 1.703305513846436980e+01
6.033923137895599531e+00 3.997231983353997931e-02 2.149340981935790484e+00 1.010015259553588152e+01
6.725300267593072867e-01 2.327641620368910841e-02 3.026813094615325550e+00 1.187849772892999489e+01
6.705409012622881582e-01 2.092401981528817928e-02 2.975466731896856398e+00 8.560969445310369963e+00
6.917151220526663868e-01 2.034559025031506998e-04 2.556941817100155667e+00 7.625843820593217970e+00
7.213606874022402415e-01 1.404283001839900027e-02 2.865301548771081563e+00 6.472910504526827147e+00
1.140325338670568206e-01 2.054972388451018622e-02 2.847745613025039813e+00 1.079391817184206914e+01
5.914169173080154884e-01 3.145295777484318628e-02 3.134287076223927215e+00 1.588966772162880936e+01
6.758776158954912239e-01 2.036335031367468920e-02 2.642831774503405118e+00 1.060253508188137772e+01
7.292373633029791691e-01 4.296827156401626592e-04 2.538059249611880563e+00 7.400052552444710052e+00
7.023098634466629075e-01 1.765145054009669909e-02 2.945623313267800469e+00 8.478358244433216839e+00
7.442670186148401257e-01 1.493125912474165505e-02 2.798242516487733589e+00 7.890572820214751815e+00
7.588243465549865396e-01 8.872585857737423295e-03 2.610939605083866688e+00 7.027751981855932861e+00
3.252148274044670134e-02 2.183079340823284795e-02 3.033948840502662669e+00 1.354891419494227200e+01
6.562661041632691372e-01 3.458021990569996179e-02 3.257380765157061209e+00 1.909767995941257723e+01
7.531155055689499056e-01 1.090846320880338709e-03 2.653597324472062979e+00 7.618589824860903192e+00
6.699035894527356483e-01 1.724286602452315340e-02 2.692130681625756417e+00 8.393581485193720937e+00
6.909559476590189098e-01 8.080024073417837668e-03 2.605612768718716943e+00 6.722582460881026734e+00
7.117276185245514919e-02 2.105534056101921250e-02 2.955729182353191931e+00 1.041788825208730351e+01
8.274218804734552180e-01 4.141519235529472526e-04 2.527852486933793053e+00 8.397853655046418453e+00
8.018595605856631003e-01 1.619479984392905789e-02 2.802183341734532540e+00 7.998099835457894713e+00
6.734859762811544748e-01 1.361021504233880103e-02 2.727746428993095051e+00 6.946060977819750626e+00
7.709761932185864586e-01 1.663645614758569105e-02 2.946084220433395906e+00 7.450339116707814568e+00
7.981099369497833829e-01 1.081196279979919350e-02 2.630863751924071181e+00 7.354684120913344891e+00
6.914985191561336952e-01 1.571953342784939214e-02 2.731137434425176203e+00 8.104760587572499730e+00
5.692649845454526153e-02 1.691623123452401511e-02 2.811604284562847056e+00 8.242020014879706480e+00
6.167974051195875829e-01 2.870630774030825602e-02 3.084387975571047491e+00 1.297342384697608431e+01
6.589738847512629505e-01 1.074212777925210444e-02 2.715297119421834271e+00 5.813903082950894863e+00
6.918194450638609494e-01 2.028350524314981307e-02 2.928016248611092553e+00 8.742910814255269614e+00
6.683684572259626755e+00 2.840287146961767428e-02 2.332144307028385377e+00 9.512117963692482192e+00
8.369217642362622445e-02 1.761328573620882590e-02 2.766956693261387823e+00 9.039875507178116720e+00
6.354689846795140706e-01 2.611736449794956408e-02 3.050227952962309974e+00 1.224036771611743823e+01
6.771346933781122956e+00 3.575290834408402247e-03 2.414445607310274688e+00 7.713829796573465458e+00
6.109214514424640141e-01 3.340660157551891829e-02 3.346938436106618120e+00 1.688762635517755939e+01
7.788217003977022657e-01 1.845798716042703486e-02 2.733971993320389426e+00 1.116022384597102501e+01
6.368323867733411969e-01 2.844845247729499774e-02 2.964678281388990477e+00 1.665847987872831482e+01
6.825861957061480911e-01 1.608972584132866909e-02 2.720428253734105795e+00 8.523886509344988482e+00
8.386596218127019275e-01 2.933648341897781317e-04 2.580719478382512477e+00 7.445171324424399550e+00
6.980755060580208227e-01 2.190869299167153700e-02 2.951571661176387806e+00 9.102344611489080251e+00
5.921092351733813208e-01 2.500875681139110712e-02 3.022149848874188027e+00 1.123760506695871086e+01
7.016682231030972883e-01 1.711419721125836263e-02 2.743288519675703085e+00 9.862027949354862599e+00
7.596694063083178072e-01 1.072328021601971770e-02 2.604956129826703215e+00 7.378104656802484840e+00
1.929558614486489021e-01 1.693691731537420864e-02 2.683493610510057970e+00 8.877983874513827089e+00
3.853028992619490778e-02 1.873411650321401417e-02 2.849793494541449590e+00 1.033151253756621735e+01
5.884665700139977140e-01 3.240603506404524797e-02 3.288732059774886807e+00 1.415256781933114105e+01
7.482866790153153147e-01 2.097241585014558707e-02 2.761126130709727455e+00 1.050899437362143019e+01
7.094454271989565353e-01 2.017749722043346572e-02 2.893173590275321505e+00 9.540812753363400844e+00
6.253065498618473939e+00 2.109553500879407517e-02 2.491973613161635459e+00 7.294767227042096458e+00
6.519691584690270325e-01 2.432948104922396521e-02 3.112766501773196026e+00 9.619582445748982025e+00
1.106197240463565912e+01 1.636405233930974812e-01 2.007378195795603837e+00 1.924860582162082778e+01
6.351938431736366963e-01 2.662816203484754882e-02 3.188950710298518842e+00 1.025009309807964364e+01
6.909212647761613368e-01 1.908163632253935191e-02 2.872134450813523365e+00 8.892888123035785242e+00
3.397227106669401669e-02 1.516694362183086502e-02 2.740295835507560618e+00 8.644763643684767018e+00
8.033979353199662832e-01 9.852536890437978839e-03 2.644048890172691735e+00 8.116802968449206901e+00
4.148014551044493459e+00 1.078284956747548907e-03 2.457590969236034262e+00 7.836741706096751692e+00
6.242989089159808325e-01 2.690509568997433154e-02 3.029979523964408283e+00 1.227233127473083307e+01
4.226714861752824820e-02 2.528982404361715744e-02 3.106739733953441274e+00 1.814734484401440184e+01
6.616896866479414774e-01 2.082281680709639066e-02 2.967965354502263065e+00 9.491911782665516384e+00
3.116715988539594043e-02 2.562932359279616878e-02 2.932075967984368425e+00 1.940374663841604885e+01
7.153295399751851136e-01 1.258563184734204539e-02 2.655489117829521017e+00 8.422556547681718797e+00
6.900830690116247501e-01 1.760623305736887939e-02 2.800867665877681212e+00 7.865020138984686326e+00
6.467988446558540216e-01 3.227944714849315111e-02 3.225698562887079568e+00 1.770954514553279324e+01
6.697837754145083977e-01 1.625717272062618401e-02 2.828303443329283517e+00 7.273901693923400913e+00
6.653362675302884055e-01 1.795070944538806890e-02 2.854119667724538179e+00 7.687419281002160432e+00
7.581078421906993769e-01 1.598416906419186580e-04 2.560377946186766618e+00 7.787284008172249195e+00
3.821529271404291439e-01 2.193567259245493214e-02 2.816163112320357875e+00 9.805776749193043429e+00
5.742562840773737243e-01 3.177318187850925596e-02 3.129609373839342457e+00 1.944592420994116466e+01
3.401129473663373481e-01 2.133461028245703384e-02 2.732969675945659649e+00 1.060971707616925030e+01
9.384808943861587238e+01 7.219633067190281972e-01 2.297218886576589902e+00 9.028027164491788881e+00
6.384258565531797380e-01 2.478972366620754708e-02 3.028164567587708689e+00 1.157731075964396439e+01
8.128816080498103558e-01 1.318235341457884777e-02 2.720596193007094321e+00 8.102359743826403005e+00
7.097026497352773022e-01 1.668563466414446639e-02 2.689384717441613226e+00 8.396535167073004402e+00
5.920842597528360729e-01 1.849780715118778257e-02 2.806434632317998279e+00 8.243638782349274052e+00
6.318275847941347001e-01 3.013240246345296955e-02 3.168556193986018066e+00 1.398182969185242541e+01
6.654661229816218793e+01 9.064868491995623501e-01 2.133131668070056719e+00 1.709263948722589888e+01
7.385511472005957812e-01 2.032870825513577104e-02 2.802934049087786761e+00 1.067184354264887958e+01
7.316343807127576593e-01 1.615082257822615316e-02 2.893516364057794110e+00 6.417779097642482000e+00
6.523853609155410016e-01 2.910472965402177703e-02 3.154932495960157901e+00 1.393143320814734309e+01
3.528834224905608163e-02 1.582027982518260933e-02 2.720918411592592623e+00 8.393852757398558850e+00
6.518046560553248936e-01 1.880810217066225531e-02 2.984385172669621777e+00 6.504570870572890406e+00
6.509203052413942148e-01 2.482740650176667313e-02 2.934671573534301636e+00 1.149268608343494336e+01
5.554726452377650725e-01 1.499372860836160545e-02 2.766040324633266323e+00 7.881076439464963279e+00
6.500997116323734559e-01 3.059736327549988574e-02 3.157668254447241196e+00 1.632113793372876387e+01
6.746597335716107979e-01 2.331497471499133223e-02 2.902027360761419317e+00 1.012673592574753378e+01
6.475617500651820180e-01 1.711933332996744273e-02 2.692839152403196934e+00 7.987382200925423170e+00
7.536395893113249089e-01 1.126864203761025404e-02 2.679399523369239144e+00 7.414955724401141701e+00
7.766146277756580396e-01 1.165275111976915232e-02 2.648811196204766460e+00 7.154232430111052032e+00
7.523451721574028195e-01 1.645672454430033640e-02 2.829374694076009611e+00 8.448748357914579898e+00
5.589919145616034646e-01 2.821691986778496544e-02 2.976282007711675615e+00 1.529936875916228090e+01
7.222948055536108081e-01 6.774297922463344730e-03 2.590425281885323727e+00 6.208057825269246877e+00
6.883737914780647671e-01 3.039706072473192730e-02 3.068740481237195894e+00 1.698578279046197537e+01
5.737058505551714260e-01 1.494051199136655142e-02 2.664644406472209237e+00 7.814995981610965536e+00
5.875251527329422174e+01 8.426962052193945896e-01 2.096573017500600766e+00 1.890804188073607506e+01
4.885720491377796848e-01 2.897491482670082677e-02 3.012237908172151979e+00 1.537805169143771700e+01
5.307332586039561306e+01 6.359658400497635311e-01 2.201965710637113105e+00 1.492456236291237381e+01
4.311109435022891234e-01 2.877662295526797059e-02 3.104238974638763526e+00 1.426871466255253118e+01
7.194035507187991341e-01 3.134435766941736767e-03 2.470505345227725247e+00 7.038656187799228192e+00
5.989290353217067153e-01 3.473196270982199796e-02 3.373017071963005264e+00 1.783208791156542361e+01
7.416789544786259736e-01 1.919310211358082191e-02 2.878721662737299347e+00 9.047722663844853130e+00
5.322575575713182072e-01 2.259247921690039559e-02 2.917640151462169484e+00 9.193064201154330206e+00
7.131125109681795138e-01 1.737650212398694771e-02 2.664597166982304088e+00 9.176453969407530664e+00
7.191162795462281432e-01 1.687369985248560536e-02 2.827772166028438505e+00 7.565905460436617602e+00
4.499376125684110050e+00 9.139846041932861778e-04 2.452856356893778234e+00 8.645261544887471672e+00
9.645319761888476728e-02 1.767068455569108243e-02 2.775158044753014863e+00 9.340729089111801997e+00
6.625697700752958275e-01 3.165377695190449425e-02 3.217460507999197361e+00 1.792457002981330660e+01
6.560244387240168340e-01 2.112837400301597821e-02 2.989837622751500223e+00 9.328836460023978816e+00
7.566437059062395276e-01 2.415164977140866294e-04 2.620881070568168436e+00 7.763271275021172535e+00
6.703196336331918026e-01 2.408857144173952303e-02 3.026489354897752726e+00 1.066683891160518982e+01
1.261562369593601518e-01 2.180711286360753620e-02 2.860576475197066593e+00 1.300743695353451379e+01
7.670242001369782514e-01 1.134214523142918103e-02 2.672555615056142031e+00 7.283571101765830669e+00
7.117276185245514919e-02 2.105534056101921250e-02 2.955729182353191931e+00 1.041788825208730351e+01
6.125582306479041561e-01 2.752089099836226363e-02 3.038067407085306648e+00 1.379871608263216842e+01
7.727532880216523292e-01 6.345153722712710068e-03 2.549635485930549450e+00 8.616908916907089377e+00
7.564022272683456061e-01 3.237420005344691888e-04 2.621172725426556660e+00 8.221449551295290092e+00
7.288462739029737403e-01 1.699465178406264071e-02 2.822955500938928886e+00 7.416139619943052708e+00
6.143000300312250195e-01 3.064832418608133546e-02 3.017919183636754710e+00 1.837339607986605827e+01
6.855904279784564848e-01 2.144891848055508268e-02 2.891733507131158731e+00 8.561723239144193087e+00
7.894185026831042062e-01 1.614268065058681182e-03 2.602625636067912751e+00 6.969117257061421711e+00
7.393525641301027518e-01 1.405535496648887758e-02 2.778048632433633980e+00 7.510160096289039799e+00
4.025087220866788584e+01 5.237293939740623738e-01 2.082474374188577393e+00 1.554917286624304040e+01
1.196352243224611533e-01 2.431139389819119215e-02 3.001218157714670376e+00 1.232633219683937753e+01
6.680365210403036436e-01 1.715976222131758433e-02 2.739777077826167417e+00 8.437468465109338567e+00
7.015419005933730690e-01 1.995990763903258969e-02 2.932309207881095503e+00 9.480576984898549497e+00
7.095548861380128747e-01 1.504143319840617332e-02 2.796800226516728216e+00 7.205221577067191241e+00
6.482404158755629420e-02 1.842387419996774703e-02 2.857814751993542846e+00 9.186348267762065589e+00
7.582606584066133859e-01 1.421482148196895161e-02 2.637693276972323364e+00 9.651800254848588168e+00
5.951598367295369840e-01 3.154338659653123378e-02 3.171294289656234611e+00 1.726790070820997158e+01
5.980725928475154607e-01 2.377752791181212202e-02 2.911884655650240461e+00 1.167878315201928530e+01
6.927728528505791017e-01 1.999766307361709738e-02 2.935922353892774339e+00 9.307411105767762649e+00
6.237782809326755107e-01 3.383878917097543192e-04 2.600669211021669369e+00 7.781856024923508031e+00
4.731335773856431004e-01 2.283460381241536954e-02 2.884183523937279503e+00 9.411369508046767862e+00
4.917673861244993838e-01 2.882627513596038374e-02 2.978097606505822892e+00 1.700287697122176667e+01
6.559435100917124783e-01 2.067055207452982851e-02 2.814831207625070775e+00 9.334660078851991116e+00
5.274910726458650889e-02 1.588152496654515744e-02 2.802017883476902504e+00 8.627531419731981899e+00
6.559053436726657305e-01 1.716373231392178192e-02 2.682305477963025986e+00 9.139681462910731469e+00
7.536753039065438031e-01 1.074166355931669911e-02 2.737051643744681240e+00 7.245356578555318450e+00
6.723703589064516928e-01 2.513321156344273596e-02 3.028103865103475734e+00 1.247413571044071112e+01
6.326849045486716783e+00 2.036271417191328273e-02 2.454842826235471787e+00 7.836842183173810206e+00
7.318732406478570818e-01 1.595981174737736916e-02 2.729790242793664223e+00 8.905435091335473174e+00
6.020367056076070256e-01 2.997345267352273523e-02 3.172398709824749030e+00 1.499762844435142739e+01
6.391129295384503362e-01 2.488814690449195344e-02 3.085774126078942636e+00 1.048880910688607848e+01
7.237017770674606387e-01 7.213471191508394158e-03 2.568716957708991444e+00 9.234467400465174336e+00
6.857262925504781226e-01 2.921649250179419316e-02 3.101048357378968667e+00 1.370097956745314249e+01
5.701857287742385649e-01 2.650911926650840328e-02 2.952441287761468303e+00 1.219565916404878081e+01
7.729020361793865757e-01 1.043528423864182458e-02 2.593629276041988785e+00 7.599145659210003068e+00
7.757277890555644984e-01 1.872552025701555711e-02 2.827882545760583177e+00 9.475672406005937631e+00
4.195498497987612652e+00 6.198516076455135894e-03 2.353772501894656255e+00 8.315699137621027859e+00
6.517675571121208655e-01 2.372935161515735830e-02 3.070858567525994509e+00 9.060635979370921689e+00
6.687998574513180916e-01 1.867679180895138319e-02 2.796007896423289285e+00 9.498579396502270455e+00
6.886245806984138129e-01 1.657822148708877619e-02 2.742590881649928036e+00 7.968020650103031066e+00
8.377511551196924477e-01 1.208026006252159662e-03 2.650308555864463234e+00 7.359441533038499017e+00
6.953720426724171455e-01 2.240230014550314685e-04 2.623055205027386538e+00 7.063164461567891905e+00
7.110615231292176652e-01 9.219124945331695284e-03 2.605542339027704379e+00 6.925446976643431896e+00
7.111880773686868329e-01 1.946597883171765145e-02 2.759287267065599458e+00 1.077147897012086020e+01
5.066151196241087895e+00 4.999598090153519261e-03 2.381305865958922574e+00 8.579274599881017593e+00
7.692233766254588101e-01 1.890772756795347856e-02 2.896707137039728153e+00 8.201500849850368979e+00
6.461430289793390624e-01 1.997305518059290866e-02 2.832935911991053324e+00 8.391238656689388620e+00
7.384952878476946925e-01 5.409767101890684479e-03 2.631178422260300742e+00 6.644806898060183542e+00
6.008141876498884759e-01 1.341571005586270939e-02 2.787651075409240509e+00 7.229249151303865695e+00
8.076072072290931825e-01 7.561954664094772084e-04 2.657267080589087005e+00 6.435530968286465203e+00
7.282405440551622533e-01 2.027421575222369474e-02 2.927366321166000596e+00 8.581303748550354271e+00
5.407683114582045869e-01 2.479450085298622389e-02 3.017501433497509211e+00 1.092085194885520671e+01
5.972705255730638152e-01 2.763808705814644467e-02 3.181230339062575130e+00 1.220307037018829099e+01
7.643584091428057281e-01 1.693983037779553738e-02 2.829659543163504765e+00 7.276778570909693933e+00
6.746597335716107979e-01 2.331497471499133223e-02 2.902027360761419317e+00 1.012673592574753378e+01
6.505194633131433646e-01 2.191971070915882044e-02 2.869377055956611411e+00 1.045169090446586679e+01
7.225687798626935221e-01 1.900221133337414575e-02 2.815898427426880790e+00 9.068022732828300292e+00
7.509694761184675382e-01 4.026698964182388873e-03 2.632360014818654115e+00 7.331496857933188060e+00
6.472806257925353135e-01 2.963521369191682991e-02 3.135176149632570741e+00 1.539409666713299707e+01
2.384358406839153233e+01 3.104987301449617654e-01 2.098417400824687196e+00 1.733669245252368896e+01
8.276419494324113169e-01 1.511870070445182901e-02 2.727709982458207172e+00 9.021156763339478246e+00
7.419154828086766962e-01 1.499547891271189176e-02 2.685814255454635813e+00 8.206046887147675051e+00
8.900595302287955812e-01 1.066953299659602295e-04 2.591843883021057948e+00 7.249977620030875869e+00
7.377510579283633740e-01 1.378476945850003535e-02 2.606235657520167504e+00 9.246510948895631188e+00
4.577074601452099656e-02 1.933541691818023434e-02 2.927391714147919988e+00 1.127251865343802884e+01
6.529729624272295752e-01 2.242532150998182566e-02 2.960520448391378512e+00 9.247721267245720966e+00
6.786812136556050756e-01 1.496409664743759277e-02 2.701027626978325102e+00 8.119652431357472722e+00
6.247055030773941420e-01 1.549374957154247244e-02 2.609706038944881179e+00 7.926973142857075771e+00
7.280648799806070937e-01 1.282814300344325455e-02 2.640354626928985926e+00 8.056486552483580255e+00
6.941100267539469515e-01 2.689128904708322845e-02 3.090476142037389184e+00 1.227226407216119775e+01
8.341568805896368843e-01 5.453095761890415808e-04 2.706586619854228104e+00 7.706988605395183711e+00
7.853980708887314810e-01 1.100974440779578858e-02 2.652633307749246327e+00 7.243547420496994071e+00
7.916850282041721920e-01 8.378810514390298142e-03 2.500012281660034308e+00 8.273634398451376271e+00
7.497195211034545226e-01 1.190323180700985847e-02 2.582425394516747463e+00 8.500124691961582712e+00
6.353794888922132955e-01 2.757204712214251022e-02 3.036290685169984904e+00 1.380962873541874103e+01
7.047393404473537792e+00 6.289159125141093043e-02 2.183597043765025170e+00 1.143375828210718481e+01
7.767341747330511748e-01 2.220164258956413336e-03 2.626963001389256203e+00 7.684394570676387204e+00
1.004698010432106337e+01 3.031578944101580644e-02 2.454537095477826281e+00 7.139700522121582793e+00
5.887184261566245080e-01 3.183636333270067204e-02 3.116743678214005886e+00 1.792719351301987629e+01
6.149859805651858302e-01 1.918399732227688351e-02 2.918123277513477110e+00 8.451657267767235027e+00
7.199077958219246565e-01 1.444084638969340625e-02 2.684862523938147838e+00 9.233786227716063166e+00
4.460124755606053704e+00 1.197815595557466918e-03 2.399339743725518836e+00 9.597702274964794000e+00
6.393802407617069639e-01 2.000015592194382200e-02 2.854154686422869069e+00 9.043372255650238500e+00
8.319257089827827301e-01 1.293794308361975211e-02 2.809794704877071947e+00 7.309614091592536056e+00
6.161857283717727674e-01 2.770967324093985551e-02 3.091023596811282914e+00 1.200018968373624517e+01
7.311634060822284065e-01 1.798266756259101276e-02 2.874246356769324606e+00 1.008229057914527971e+01
5.197790151969416961e-01 1.368874818564224868e-02 2.639365517723510912e+00 8.279918194977195611e+00
3.476579428371353447e-02 2.292232786720554624e-02 2.961987845620003057e+00 1.619944086229860858e+01
9.182638676582016712e-01 5.801193579638333053e-04 2.666186569462291711e+00 7.345230503989145454e+00
6.501942015552677478e-01 2.503174920788771643e-02 3.028152300708719213e+00 1.025591937537808818e+01
4.229063012786708597e+00 8.683083906967113685e-03 2.357151709384407656e+00 9.361580388937399633e+00
6.245106261335333642e-01 3.424717480071169662e-02 3.353259116819338193e+00 1.849707992584483662e+01
6.981864166246259940e-01 1.896535488395703628e-02 2.779559601984719741e+00 9.911652408615603704e+00
6.781281634728185681e-01 1.867191393999990609e-02 2.776113585301629882e+00 9.584410176063528297e+00
6.553023392676319281e-01 2.903437518947500975e-02 3.181062056437383490e+00 1.463644004226977202e+01
7.682101484866062924e-01 1.156616242540755776e-02 2.739389058927615750e+00 6.857608588991078946e+00
7.320904155958150028e-01 1.814709429239527716e-02 3.032825736918616677e+00 6.515243352047758840e+00
9.811462558186231919e-02 1.529662374278378117e-02 2.610450908265848469e+00 7.844514579385687192e+00
7.751535693888024214e-01 3.326279859635236603e-04 2.589496189007185034e+00 7.616235970312373205e+00
7.666839670154556030e-01 1.778056349690569768e-03 2.731546211689899639e+00 6.068637718104770151e+00
6.948433942917032757e-01 2.059265816232646110e-02 2.819517868155439366e+00 1.126411646597538763e+01
5.402939896264353781e-01 1.613621152840547315e-02 2.839623461109804126e+00 7.135758215733438270e+00
7.201617214856245175e-01 1.471368193735656318e-02 2.728202515153907104e+00 7.339321168192695310e+00
5.565049930429888381e-01 1.793096831264072433e-02 2.688001310781859665e+00 8.713233361432756396e+00
8.110075532697483824e-01 3.727839624258904054e-04 2.618406498558732753e+00 6.978441332764524496e+00
5.057355055776590058e-01 2.694331552865722457e-02 2.986981648264869449e+00 1.300762645132858175e+01
6.872146550848878821e-01 1.601040753800925948e-02 2.955807801043093264e+00 5.921768582705445816e+00
7.005743207665864336e-01 1.268614710661688030e-02 2.676751796542601980e+00 7.380045583224954520e+00
6.862817896718268473e-01 2.166638195543718615e-02 2.836849341758370890e+00 1.097600851400203403e+01
9.145857453670559745e-02 1.951316358751952265e-02 2.750467078384746245e+00 1.055670175918055698e+01
3.352578566265401738e-02 1.657215547068422584e-02 2.696702345331067896e+00 9.844986745285588370e+00
6.789546491643350112e-01 2.669880927371803478e-02 3.123229650918821321e+00 1.333299977517759238e+01
3.369105816192896619e-02 1.613998155370686624e-02 2.828295765172086806e+00 8.767986206671736227e+00
5.532167944944471394e+00 1.602051964927556429e-03 2.435794834021531408e+00 6.827864629919921491e+00
7.069452799895744599e-01 2.144715448982923572e-02 3.010788979391104014e+00 7.653099834918314137e+00
7.758279803426191279e-01 5.058642780968663566e-04 2.551218853130613695e+00 8.090499080453030345e+00
6.729964421075730341e-01 2.208488315121930404e-02 2.860589078707574284e+00 1.106090574615676303e+01
1.227814092431549209e-01 1.606756798773780262e-02 2.634349388835095063e+00 8.641006952028062571e+00
7.706552485087703186e-01 1.752116671554429864e-03 2.633224963736443769e+00 6.883111999621553068e+00
8.019578045773242536e+01 9.321893496096768095e-01 2.321758442262502609e+00 1.174249859350229030e+01
7.497195211034545226e-01 1.190323180700985847e-02 2.582425394516747463e+00 8.500124691961582712e+00
6.536523087615919714e-01 2.501468974762985006e-02 3.011861174775230854e+00 1.215249162473162059e+01
7.464087748000383105e-01 1.180240690929215512e-02 2.594809701645511613e+00 7.535280165866409696e+00
6.890990792981389612e-01 3.420986995770928379e-03 2.544576408333894868e+00 7.362198585603793255e+00
3.064429931725478440e+01 4.676313700834404674e-01 2.098953385656714854e+00 1.946360172609729844e+01
6.266078654438468343e-01 2.897327713803890883e-02 3.091247892684765297e+00 1.549842800948548138e+01
4.133339783525526862e-02 1.532134319361415017e-02 2.668662636896072637e+00 9.895567744364647922e+00
7.859323733597480821e-01 1.763686943835510385e-03 2.520107881938763228e+00 8.649298328409223302e+00
8.752527630906142830e-01 2.189511724353805557e-03 2.623904129934062190e+00 8.006116487672162663e+00
5.269348164960342729e+01 7.456944841609098873e-01 2.116158862793652506e+00 1.685622874354343281e+01
7.524289129538866971e-01 1.637512083148431538e-02 2.653006699519778522e+00 8.365151897397002045e+00
4.057057090991820769e-01 2.672459902361534398e-02 2.849966435079683613e+00 1.628995929200826254e+01
6.351938431736366963e-01 2.662816203484754882e-02 3.188950710298518842e+00 1.025009309807964364e+01
5.620904181771871899e-01 3.463757169134708963e-02 3.276000360796409883e+00 1.911371446370024429e+01
8.173679833087301461e+01 9.870766490363165335e-01 2.317477507167458928e+00 1.315122958567210887e+01
5.948121402265837077e+01 8.575483362595248682e-01 2.070196382494544185e+00 1.896520954079814203e+01
5.776237859108660500e-01 3.074210566675182263e-02 3.095022718665949579e+00 1.723111023826398025e+01
6.848336026538114352e-01 2.312186266592949901e-02 3.002464846496565531e+00 1.084325122254504947e+01
7.113729927522887131e-01 2.167958773892306179e-02 2.956324798184961189e+00 9.642130674114103073e+00
6.374243424294625537e-01 3.297178584952437791e-02 3.174657098777929232e+00 1.907622472969166694e+01
5.541561192328752838e+01 8.008145788222097439e-01 2.136139417389792960e+00 1.567078844182305275e+01
7.596694063083178072e-01 1.072328021601971770e-02 2.604956129826703215e+00 7.378104656802484840e+00
6.362202896504526306e-01 2.509074237376500080e-02 3.042706561509021412e+00 1.172646803035916108e+01
6.959273983220360948e-01 1.551060438070887663e-02 2.726145677098179121e+00 9.279840275939566396e+00
9.905411990503534825e-02 2.270662610361826733e-02 2.825629185256838483e+00 1.246981345393365892e+01
1.182260739414261741e-01 2.399403470371338706e-02 3.006375490909961812e+00 1.494713041899085404e+01
2.629113805069175669e+01 2.520449512964246797e-01 2.241467316642329344e+00 9.326143840749720582e+00
7.393525641301027518e-01 1.405535496648887758e-02 2.778048632433633980e+00 7.510160096289039799e+00
3.716158923363563349e-02 2.398705949150096647e-02 2.981216200754146950e+00 1.715889909623000875e+01
8.228005065164273324e-01 8.498309701988859518e-04 2.589065152116001300e+00 7.080205522346100011e+00
6.714841389509885738e-01 2.281847360033709138e-02 2.930527524987390109e+00 1.022592515156629212e+01
6.431961264833876424e-01 2.458545236395925232e-02 2.980356440880985502e+00 1.090925073373881204e+01
5.995715954090273803e-01 3.236696344587376012e-02 3.278891973396673265e+00 1.523116697084811832e+01
6.540577931054019079e-01 2.606135770386854358e-02 3.157778721179534287e+00 1.110669086341661149e+01
7.312681100789164557e-01 1.595182068513185600e-02 2.778544274427201088e+00 6.796285941714945267e+00
6.015872197468146165e-01 2.723478851147693308e-02 3.029087346799368419e+00 1.428307668208788428e+01
6.513976455517049846e-01 1.826311921025656343e-02 2.843565521512153804e+00 9.097987673962954602e+00
8.158129744189013266e-02 1.766686898866920430e-02 2.775905889189205666e+00 1.018001952171450775e+01
7.437500106539842726e-01 1.324678155400046096e-02 2.626884732662355670e+00 7.224017833875499228e+00
5.495250208620092169e-02 2.555280103010599060e-02 3.041076537638657484e+00 1.768011103160563735e+01
6.282291897111113022e-01 2.361207881834831435e-02 2.896336235802289938e+00 1.083536447068440545e+01
7.763520782809606446e-01 5.338609337300565319e-04 2.664439563914152487e+00 6.845081121435297788e+00
7.110835301258543462e-01 2.156375706224754329e-02 2.911386631651067702e+00 1.077028202912650201e+01
5.799710074458738873e+00 1.121396836920473877e-03 2.434589620898051976e+00 7.121266611660606038e+00
5.921092351733813208e-01 2.500875681139110712e-02 3.022149848874188027e+00 1.123760506695871086e+01
6.304439529437066980e-01 2.309592243486777857e-02 2.854711186175333371e+00 1.156480127496779886e+01
5.440794613345122377e-01 1.297607185696129581e-02 2.552392698394978510e+00 7.877493800374084643e+00
7.796348891758732025e-01 5.095870364360579859e-04 2.732411080504649092e+00 6.205597463043600825e+00
7.035186413923039117e-01 1.255458667112125878e-02 2.722284490347299357e+00 6.851587204351779370e+00
7.294672570797177125e-01 1.573676239887308176e-02 2.754347498426133356e+00 6.984874812803605337e+00
5.742562840773737243e-01 3.177318187850925596e-02 3.129609373839342457e+00 1.944592420994116466e+01
7.165530478031189032e-01 1.257225662455203549e-02 2.597464049631201366e+00 6.974530831804245601e+00
6.441931665269989837e-02 1.725933649065421877e-02 2.816090163107073607e+00 9.336588260973279318e+00
5.766337580777810556e-01 2.645227831069614163e-02 3.108258777896948377e+00 1.029875204572164193e+01
6.817990315976409921e-01 1.878800412995012409e-02 2.828668353579954164e+00 8.580917881209639830e+00
7.593580824213099767e-01 1.341856319005120014e-02 2.637321205058621665e+00 8.944931446690331356e+00
4.467972430666109496e+00 6.882024642474133614e-04 2.377795050403696209e+00 8.013491343880323470e+00
9.994491169574946932e-02 1.646063612098585399e-02 2.761650988188464328e+00 8.857582990017675684e+00
6.537494067787577023e-01 2.125792628269411108e-02 2.775060470668639923e+00 1.109365189867135193e+01
6.861713976130293657e-01 2.376078191185146751e-02 3.017575644277502800e+00 1.173042440450975654e+01
6.759801383585953838e-01 2.339693101758334379e-02 2.938044193349568900e+00 9.330422310277532105e+00
6.860979435332570375e-01 2.036801166057084292e-02 2.816956960652377440e+00 1.017420914101646190e+01
6.617097472350631504e-01 2.716507237926698085e-02 3.071359226650306695e+00 1.268280962276474888e+01
8.629520030913682971e-02 2.288333025611676355e-02 3.018265712579114357e+00 1.176935517854273705e+01
5.187690789198966534e-01 2.711024898676640815e-02 3.018114157590062518e+00 1.177438332480584116e+01
1.336750539152562756e-01 1.527126021773116300e-02 2.672528689067918073e+00 7.537702190044563544e+00
7.087195135338434371e-01 1.561855708177602164e-02 2.818867217181365792e+00 7.783370099668250219e+00
3.828281201392067601e+01 5.259555861928139064e-01 2.127166871083059796e+00 1.757515705627283964e+01
7.849585367837828009e-01 7.911414904054331690e-03 2.569606754731015297e+00 9.059456906564225420e+00
5.987907290103750002e-01 2.073656255539120183e-02 2.837908977564462809e+00 1.009927425258288203e+01
5.377024965191298911e+00 2.841900504241714424e-03 2.506358726039564555e+00 7.720899914802680009e+00
6.191528973380323597e-01 2.387040213830286112e-02 2.898759404745422152e+00 1.083979202385119223e+01
6.126860847932699139e-01 2.778494967756800146e-02 3.086317220400515815e+00 1.294646766201170962e+01
6.682098829321421185e-01 2.697033705396368122e-02 3.061831946430392026e+00 1.146278158977835560e+01
6.886933875248407944e+00 8.722035986759044211e-04 2.371293082259112950e+00 7.803556245993104490e+00
5.696128870920318388e-01 1.906952198614691313e-02 2.917826655833391847e+00 7.739532339158725627e+00
6.933070542365886713e-01 2.121849578783479781e-02 3.072915847394462219e+00 9.331332501868125462e+00
7.234043745085330102e-01 1.545787072963369577e-02 2.664117295846065048e+00 9.021430255205848070e+00
7.312681100789164557e-01 1.595182068513185600e-02 2.778544274427201088e+00 6.796285941714945267e+00
7.542930580012991548e+00 7.096205063896650345e-02 2.230408994012073265e+00 1.213595807440664487e+01
4.959111734660983095e-01 2.871933957975316559e-02 2.964875046011997028e+00 1.496903616537036541e+01
7.213820466970858325e-01 1.778616136343913121e-02 2.707570289359574556e+00 8.986805858008350967e+00
6.712750656781962277e+01 8.214281575400189661e-01 2.083484243933873437e+00 1.338764283353619966e+01
5.183544668596153926e-01 3.042278498449679791e-02 2.981651475068640256e+00 1.825123769063474555e+01
6.248133694746169642e-01 2.757643234735483728e-02 3.098543186537210392e+00 1.262738929827428258e+01
4.723131781126984480e-02 1.666014718058090455e-02 2.870419285322015845e+00 8.440350594461806466e+00
7.383427129207305317e-02 2.052801878674547983e-02 2.796559656839121111e+00 1.044215291294244707e+01
7.587967712834779999e-01 1.162669402336321406e-02 2.749539875203554917e+00 7.575733168145340812e+00
5.377638258285451833e+00 8.683239419034833456e-03 2.447140605435420113e+00 7.028949959554393168e+00
4.860671941238002558e-02 1.706838520109535406e-02 2.720702713959306518e+00 1.034932845672561008e+01
7.782817642040482653e-01 3.023404703369248197e-03 2.629261515680993533e+00 7.282732942865325576e+00
6.988727971291073260e-01 1.848042835622504612e-02 2.815348012999306704e+00 8.192436881134813831e+00
6.557813354802922712e-01 2.150518491419456044e-02 2.933163431220249251e+00 9.124306856239206454e+00
7.604079284945164385e-01 6.952399277559790855e-03 2.634270112842006739e+00 6.141096151809117387e+00
4.378558955093327099e-02 2.698882314747661978e-02 3.117359233506355132e+00 1.973569174429024287e+01
7.951768240581866820e-01 1.365492947895923827e-02 2.732069769650876001e+00 7.721054047596443759e+00
5.630651853552576247e-02 1.798377009849820921e-02 2.966533669690635033e+00 8.553790724095232889e+00
6.857275639365414399e-01 2.097028807402024145e-02 2.903076270551539828e+00 9.884353769134957446e+00
6.552632257336622745e-02 1.313961922352458248e-02 2.708723433873211572e+00 6.497682560283028153e+00
8.073092749523357314e-01 6.120330725621219575e-03 2.565830115700205027e+00 7.269704607794516882e+00
6.737068629187097368e-01 1.120210197434632661e-02 2.643765636133956320e+00 6.969018607697355705e+00
1.201288601536082135e-01 1.789006606342759265e-02 2.798251419339502277e+00 1.036601637778747609e+01
6.243092292598718673e-01 1.957472863957861187e-02 2.886219995444678776e+00 8.331443739334037701e+00
6.348948585798481759e-01 2.428145688205698982e-02 2.979575631332216812e+00 9.915220147102095538e+00
6.137420546492077245e-01 3.413593195713233303e-02 3.379381001315236333e+00 1.699010309876145186e+01
6.860543400492433719e-01 1.826414993426061367e-02 2.878057037074608804e+00 7.399622574726535618e+00
3.555363567751506498e-02 1.954684835194668915e-02 2.961984474580066973e+00 1.122069102184731015e+01
7.261485043774569270e-01 1.891835504319005351e-02 2.909887349224692610e+00 8.266048844541211693e+00
6.708195665219018888e-01 1.167030322805866910e-02 2.608787170347258932e+00 7.402786748533626060e+00
9.182638676582016712e-01 5.801193579638333053e-04 2.666186569462291711e+00 7.345230503989145454e+00
4.834319995850846347e-02 1.790012482551669309e-02 2.753860944578329750e+00 1.110145381649719276e+01
4.988624693635053675e-01 3.112139541276104718e-02 3.157075725094494523e+00 1.587244652428826441e+01
6.463809617927721574e-01 2.720214437686427345e-02 3.098091197720668433e+00 1.270660919573150416e+01
7.653257454534492243e-01 8.877330492565782549e-03 2.597281279741336490e+00 6.693467197470333474e+00
6.899803925380010305e+00 6.397770607432208545e-02 2.179262684604736933e+00 1.228119623258917414e+01
6.909559476590189098e-01 8.080024073417837668e-03 2.605612768718716943e+00 6.722582460881026734e+00
4.168317458763298333e+01 4.165944195746850154e-01 2.300183674558754721e+00 1.155908448080054463e+01
5.721605275219951992e-01 2.474660813072709215e-02 2.886968958915197447e+00 1.051651597862301024e+01
5.571256890647519056e-02 2.164391350697585439e-02 2.928068339162055889e+00 1.226915153266122083e+01
7.641488439821194634e-01 1.380681306081647623e-02 2.754848336940437736e+00 7.905404543540985429e+00
6.874030781208325669e-01 2.069884327427137446e-02 2.925266190462648019e+00 9.529565938977889061e+00
3.024699776112475466e-02 2.085606238216968986e-02 2.994531812110212687e+00 1.179253522980981117e+01
5.730336960776076793e+00 2.733939446424063849e-02 2.438170727995014442e+00 7.349888234517982788e+00
6.775576054315602947e-01 2.375729017796797057e-02 3.002872187786415736e+00 1.157998562536475617e+01
3.740079413998534363e+01 4.322526084238480504e-01 2.367347603753035212e+00 1.046840519744759490e+01
4.059832673504594480e-02 1.537824617743528514e-02 2.671803494506050036e+00 8.436340802195173794e+00
5.842334770368243779e-01 2.151609729613813277e-02 2.849631569405410403e+00 1.044690990440187051e+01
6.375402128721699979e-01 3.194018681847802382e-02 3.327724431066631183e+00 1.738922551134504957e+01
6.424154534731035815e-01 2.943486863638323722e-02 3.162951622865917578e+00 1.381615345171783460e+01
5.573915333884107426e-01 3.033273093027255563e-02 3.122195761145800663e+00 1.587848588912099501e+01
7.356574520717472643e-01 1.475039489847944883e-02 2.683694054393972905e+00 8.779652374222685296e+00
6.538172362027322437e-01 3.129474379333421763e-02 3.230880231648046497e+00 1.785323139441579343e+01
6.621092453456076110e-02 2.117621400987210190e-02 2.840619035176391360e+00 1.366909495539092134e+01
6.297881913068135162e-01 2.535709171999882272e-02 3.035828150177968254e+00 1.221253560368693059e+01
5.931397551233896781e-01 3.002648547542848684e-02 3.053446425438381961e+00 1.537313601484325432e+01
8.257274494623790817e-01 8.509424656438202214e-03 2.638298586212052488e+00 7.789396969324534403e+00
5.910905464194723402e-01 2.110822589068011082e-02 2.883552614859300256e+00 9.502110884384485701e+00
6.636507681841553596e-01 2.447279346779478518e-02 3.053309198347307518e+00 1.097434519365342886e+01
5.183544668596153926e-01 3.042278498449679791e-02 2.981651475068640256e+00 1.825123769063474555e+01
6.386123954913801581e-01 2.385522480014520830e-02 2.950041028347008876e+00 1.149095752020292061e+01
5.512271366567060571e-02 2.432419445645107869e-02 3.051091955992213389e+00 1.642590158191688587e+01
7.459013979163634511e-01 1.601872503817388868e-02 2.745775370190976616e+00 6.972744747300064105e+00
7.003605927987072155e-01 2.221692034879604177e-02 2.954462458532966185e+00 9.927770105385100408e+00
6.805144300695558091e-01 2.090458950450551148e-02 2.914616297070870221e+00 1.023939991527234916e+01
6.790708660802617924e-01 2.664325502770297643e-02 3.053269518651752445e+00 1.233016539385290500e+01
4.811992457207581869e-02 1.041674954761773360e-02 2.605802229749063059e+00 6.190808097199435700e+00
4.965360830167042661e-01 2.747139604138554986e-02 3.180966804987049201e+00 1.116983056761766235e+01
4.718252310902971286e-02 1.647713606549344387e-02 2.746541490356833037e+00 9.134207833535175070e+00
5.873041967033960198e+00 3.888640196317998815e-02 2.348489256433605288e+00 8.516298059800835318e+00
7.036154999308263935e-01 1.745169395469861259e-02 2.827532503334380554e+00 7.246271804746525547e+00
5.899094812679540389e+00 4.234172786282636158e-02 2.393021861810125106e+00 9.194485452151171856e+00
6.485559862678960119e-01 2.734405862341255516e-02 3.061263462593425633e+00 1.131778415673590921e+01
7.563975526455964937e-01 1.936717598298242455e-03 2.700639331896034889e+00 5.943449588652213400e+00
5.169855028465661029e+00 1.989545375459491477e-02 2.363514366054684235e+00 8.695746188175141000e+00
6.231698619691453667e-01 3.272500140687339965e-02 3.277803595324171759e+00 1.931241016325418158e+01
7.948235195356497806e-01 1.386837975008285533e-02 2.725633026320401164e+00 7.745694541277337031e+00
2.787987982086337979e+01 7.570834520448212202e-02 2.480198297102976124e+00 6.420514848442833156e+00
6.816196696973370051e-01 2.105810515347556616e-02 2.803291039439839150e+00 1.068318164289432382e+01
7.844236243209291581e-01 6.642615969981529277e-03 2.619904013885750338e+00 7.455187136473074183e+00
7.593580824213099767e-01 1.341856319005120014e-02 2.637321205058621665e+00 8.944931446690331356e+00
5.478036290717068768e-01 2.416516250726499435e-02 2.937712034193717958e+00 1.025014914167146785e+01
7.438996745293632307e-01 4.546835513432104930e-03 2.608460054202404343e+00 8.131112698949136686e+00
7.416789544786259736e-01 1.919310211358082191e-02 2.878721662737299347e+00 9.047722663844853130e+00
6.622664716792029393e-01 2.367780988847693890e-02 3.069802902143244250e+00 1.095647017378317756e+01
8.116354763980350162e-01 4.919850354049593380e-03 2.601955403283577883e+00 7.906768560810333746e+00
6.536000404565733835e-01 2.235720632721754225e-02 3.001185939759813959e+00 9.025087599840638575e+00
7.757277890555644984e-01 1.872552025701555711e-02 2.827882545760583177e+00 9.475672406005937631e+00
6.512531154451933757e-01 2.064668707432697203e-02 2.910999484404506177e+00 8.890834316923545089e+00
8.101246809318944919e-01 1.087593446528328962e-02 2.602702920313658019e+00 8.177902472631247477e+00
3.057736628093649794e-02 2.068835039203197057e-02 2.850505245526600895e+00 1.490216485160434168e+01
7.077443187660985568e-01 1.788311678131375773e-02 2.871874560049679115e+00 7.850823889240870379e+00
6.921445290762535674e-01 1.390088714626653253e-02 2.725287622164117796e+00 7.406363142593953341e+00
6.851115580858769816e-01 1.905167640296299633e-02 2.916027590607442654e+00 8.443392676334791958e+00
7.572407011685591272e-01 3.213204852695573325e-04 2.651722984693433371e+00 6.867811391865906501e+00
6.865655790494361810e+00 5.240106415368107548e-03 2.392198810574853063e+00 9.681405754169924549e+00
7.415547987372407279e-01 1.569554681152752172e-03 2.480578351978802942e+00 7.027047551636744771e+00
6.668816419401266682e-01 2.235306603340880827e-02 2.986205074495272616e+00 9.594648512476842583e+00
6.657457698490123477e-01 2.160920010966750973e-02 2.888106007560597099e+00 1.012795169686329189e+01
6.887775476133358721e-01 6.683117415168654367e-03 2.567864227868519755e+00 7.338928786383868363e+00
5.880420028262577370e-01 3.234523457207780228e-02 3.065087931601005344e+00 1.963707351690051794e+01
6.067038841863025000e-01 3.499165487867925833e-02 3.456644673302683657e+00 1.604884145825348440e+01
7.932255766498838012e-01 4.760670293982245498e-03 2.635259812327668705e+00 6.491743360033679799e+00
6.120678005823702028e-01 3.192628323451471989e-02 3.144725899501350064e+00 1.700402693346596905e+01
9.811462558186231919e-02 1.529662374278378117e-02 2.610450908265848469e+00 7.844514579385687192e+00
7.303627154312732905e-01 1.464691373205686230e-02 2.844913969250654873e+00 6.753959896819786479e+00
6.661378622716678244e-01 2.496699251977508791e-02 3.084270859673073240e+00 1.026542934313802036e+01
4.354127172629057574e-02 1.826520075453923198e-02 2.771792469791362734e+00 1.027438113977269829e+01
6.336253710161715569e-01 2.986836390121514612e-02 3.216536883200751262e+00 1.584388905303392647e+01
6.250111771617400391e-01 2.256749180684820485e-02 2.884061938161354810e+00 1.066986309873175109e+01
6.015872197468146165e-01 2.723478851147693308e-02 3.029087346799368419e+00 1.428307668208788428e+01
8.283646056997442386e-01 1.453942920841101195e-02 2.715503863504109550e+00 9.179679905282256414e+00
6.179873584985121626e-01 2.827534328129893346e-02 3.172694240765599805e+00 1.329874922660166092e+01
7.921897834156369500e-01 3.739647734054303693e-04 2.634268463289847872e+00 7.816563230203934509e+00
7.434551534810289741e-01 1.396699570760857358e-04 2.489067000398318186e+00 7.586262339473649696e+00
6.456413410802740449e-01 1.995385180914712245e-02 2.742851988302556165e+00 9.676648126865094568e+00
5.617106642290040641e-01 2.707834985577462980e-02 3.004146440156421516e+00 1.276783965620579409e+01
7.041838132556600405e-01 9.453044369814818382e-03 2.508349094997909923e+00 8.797102786732814650e+00
9.145857453670559745e-02 1.951316358751952265e-02 2.750467078384746245e+00 1.055670175918055698e+01
3.073137297493552467e+01 4.230229384658569236e-01 2.070873006506135816e+00 1.647928297506570061e+01
3.883265089792342084e-01 1.673359304529694128e-02 2.640721422308145883e+00 8.675585566557852957e+00
5.273460581716709061e-01 2.036653066755097705e-02 2.843422448347586062e+00 9.282739791304141619e+00
6.868995608134662589e-01 1.559200854554567729e-02 2.774176718283278831e+00 8.126986556429269370e+00
5.682494308763577084e-01 3.216448193366180236e-02 3.254481464495442289e+00 1.548682421639802165e+01
5.384726473901463306e-01 2.161152516674007956e-02 2.947957693173700378e+00 9.148274927830224001e+00
7.288402426815959734e-01 1.318123736572094674e-02 2.643224392027298641e+00 8.047004270928582059e+00
7.027437424701055146e-01 6.259604979144363021e-03 2.571309226339571818e+00 7.585891703778976591e+00
5.697897625607153316e+01 4.267114780040235367e-01 2.516608547351593117e+00 7.126874109669254942e+00
1.196657593380642304e+01 1.392407204764494200e-01 2.201646658288430647e+00 1.413177489082031180e+01
7.651439630700278549e-01 2.473743381969710671e-03 2.652981482598914198e+00 7.937424913105418867e+00
8.088632568179194848e-01 3.129151507075591740e-03 2.708589314575656992e+00 6.933765318715841453e+00
5.536073324290644582e-01 2.364523253409955145e-02 2.970756833982097334e+00 9.986375443179445810e+00
4.227941404221070343e+00 7.603509118705996904e-03 2.274837285233829220e+00 1.007226348125791304e+01
6.861620944418289625e-01 1.424633088336316362e-02 2.584536592267594024e+00 9.228713444983398517e+00
6.549529428346715365e-01 2.098786397323646954e-02 2.807153921750990655e+00 9.906561150705258001e+00
6.525144608294292103e-01 2.512390678443598632e-02 2.830967109335473353e+00 1.614265717287351265e+01
1.315153198841854665e-01 2.328584477258145019e-02 2.912576635366760591e+00 1.220717186647476105e+01
3.054066626673361284e+01 3.588724292929363902e-01 2.189631637293743882e+00 1.363460343781866513e+01
4.605657415783516173e-01 2.459613457032771774e-02 2.948041886037425563e+00 1.162883824930007748e+01
6.584560520434837860e-01 2.006498516590655284e-02 2.976064789866137872e+00 7.029636439073236431e+00
7.547067159271526604e-01 2.007170926523697135e-02 2.897067659512234439e+00 8.331514438472272133e+00
3.077470159690389936e-02 2.069707167261902389e-02 2.968814159759322280e+00 1.241963802065287403e+01
5.512193706991793674e-01 3.237545012745928624e-02 3.104209935050756819e+00 1.782363021987249141e+01
7.672505402734581814e+00 6.921699633220144629e-04 2.408489211330230084e+00 7.792898159490640353e+00
7.129767480015442693e+00 5.245858717947211869e-02 2.442412299556521837e+00 7.962153443481463810e+00
5.456615337899661355e+00 5.402298027454527189e-03 2.301931435247459135e+00 7.386850911971082567e+00
8.980626821455860165e-02 1.973767254258203263e-02 2.968899333800818940e+00 1.110883096227301969e+01
7.524289129538866971e-01 1.637512083148431538e-02 2.653006699519778522e+00 8.365151897397002045e+00
7.185698826770671177e-01 1.241705547974878733e-02 2.670035673311982105e+00 8.851881192793214836e+00
7.311634060822284065e-01 1.798266756259101276e-02 2.874246356769324606e+00 1.008229057914527971e+01
7.153940449225507647e-01 1.982405313841818437e-02 2.790903020596772421e+00 9.386117938759291235e+00
6.374642820174212243e-01 2.237085154075292223e-02 2.879422015330585172e+00 9.795850948805506775e+00
6.935342159127731998e-01 1.613341626159719294e-02 2.632520055222449251e+00 7.681642175711898446e+00
4.249128764489649157e-01 2.950127830914970120e-02 2.924081679511835841e+00 1.803112246052115353e+01
6.673631731967961667e-01 1.994524257197360234e-02 2.860351207559436393e+00 8.870776592881490785e+00
6.496440136721820524e-01 2.693652958179986942e-02 3.087751364334621051e+00 1.195999278832895030e+01
6.781381137645929869e-01 1.844559748247751041e-02 2.808457901784643607e+00 7.870259731491692001e+00
5.986238644701406209e+00 2.183550888435138032e-02 2.356285227636623958e+00 8.409016746478151560e+00
7.084758354140051617e-01 1.951135726735115858e-02 2.816505869626531933e+00 1.037925485355317434e+01
6.284090359880015741e-01 2.995136131013683908e-02 3.045377243509640230e+00 1.868396171510578085e+01
6.133373068152080387e-01 3.122098192417886373e-02 3.207795262105907597e+00 1.863002067676905682e+01
1.045010677558465689e-01 2.270305854448916721e-02 2.879364493872421882e+00 1.301038577955101339e+01
9.397485002892629335e-01 9.045924770687293172e-04 2.651495219733195796e+00 7.178165932206416855e+00
8.438737624691665384e-02 1.919739113428687444e-02 2.833861191174273930e+00 9.656058864461837032e+00
6.761750719620557293e-01 2.878774466281922365e-02 3.062375316519116542e+00 1.474661120406840809e+01
7.006699388946311391e-01 2.240859566258928889e-02 2.977387579201137058e+00 1.034370305243806953e+01
8.021514785913337331e-01 5.891911599003996254e-03 2.598655149448299895e+00 6.910857900520182895e+00
6.956261085463851801e-01 2.043742488679541362e-04 2.581605757533236734e+00 6.050855026353980648e+00
8.094313834518332973e-01 2.935475741253418995e-04 2.582087819130754358e+00 8.093517573388641750e+00
5.936195288294523476e-01 1.615559523334159781e-04 2.488076132249439354e+00 6.911483877478949545e+00
6.673350461258680255e-01 3.123082608335130475e-02 3.116639177583659048e+00 1.946038142421228656e+01
5.651736058069792845e-01 2.370093345116532427e-02 2.959523989847365755e+00 1.084361368517414448e+01
6.984076151351966688e-01 1.515140008274539971e-02 2.718680383026179648e+00 7.723526577959315631e+00
7.466545531725375939e-01 1.673569485698013157e-02 2.871857740228292322e+00 8.005183501013627634e+00
7.729020361793865757e-01 1.043528423864182458e-02 2.593629276041988785e+00 7.599145659210003068e+00
7.230757560310761001e-01 2.001493154133882763e-02 2.913032183533686759e+00 9.499661476203483446e+00
6.545624432707580764e-01 2.936858583622430074e-02 3.146898253347060415e+00 1.430140289248550900e+01
4.718087850069933031e-01 2.619763867596616030e-02 2.814779335460278809e+00 1.340264933753661047e+01
6.495201046257612632e-01 2.396709990645642940e-02 2.965108309942177112e+00 1.042701705504341092e+01
4.460124755606053704e+00 1.197815595557466918e-03 2.399339743725518836e+00 9.597702274964794000e+00
6.534339826924102645e-01 2.501335816028073950e-02 3.038520913824559244e+00 9.288204774745826953e+00
4.299474008290079391e-02 2.004953105387512202e-02 2.918162338736510542e+00 1.135935092986173522e+01
6.688556222127626238e-01 2.348352930700325913e-02 2.887238523717884142e+00 1.143560260113086180e+01
8.615437571148323315e-01 6.262917421469695956e-04 2.637389332585754254e+00 7.154707925933124102e+00
7.015356884844542451e-01 1.740759594049108572e-02 2.805058880330882243e+00 9.542721899961449594e+00
7.777618403822283977e-01 4.679247846789662138e-04 2.589561496918763694e+00 7.920302084898536599e+00
7.068756253933149436e-01 1.652616374959771373e-02 2.792368279211574489e+00 9.548886802138039087e+00
7.465212855470706454e-01 4.585968668272578388e-04 2.562676030042979836e+00 7.885178261239452091e+00
7.309197766140840269e-01 1.383411819842126668e-02 2.776255900891456463e+00 7.261893552031173371e+00
3.794806266696655883e-01 2.154705330488957196e-02 2.698750682079742891e+00 1.158330502012012886e+01
6.595002539768152205e-01 1.881504966398445805e-02 2.781752305863578023e+00 8.789110086227651664e+00
4.837857633398717216e-01 2.241704125285432642e-02 2.791998906768557553e+00 1.091792560087256803e+01
6.142012547542970990e-01 2.468652148210273914e-02 2.836949308883445653e+00 1.249432091537310718e+01
7.910120347144589115e-01 3.933243925629070032e-04 2.667018011633978780e+00 7.178615486740551610e+00
7.246882536356910043e-01 1.498684270438053849e-02 2.730013580264507134e+00 7.433682284962399578e+00
3.188938617737125947e-01 2.622359444808123122e-02 2.930938059791768246e+00 1.339663957701668018e+01
6.738881965468046520e-01 1.982954618744637090e-02 2.778939251729810156e+00 1.043024922131716359e+01
8.509270889014667327e-01 1.301162026772061456e-02 2.734731407428101946e+00 8.078888407207671207e+00
9.283646751402488406e-02 2.256910635539290805e-02 2.913888322276902088e+00 1.295801225537088541e+01
7.604005788594779824e-01 1.146359842046160323e-02 2.695549347647933303e+00 6.602943727505655502e+00
8.023410223461141522e-01 2.813130811844006683e-04 2.643634474456229455e+00 7.417959368415303345e+00
6.880478331345877274e-01 1.905541840638997134e-02 2.777677328474748464e+00 9.909017660178264464e+00
6.270080525394032822e-01 2.567806652372008405e-02 3.003111056296003500e+00 1.148405251039627295e+01
6.061490992091762564e-01 3.234293852036920075e-02 3.194114900875288487e+00 1.856486436515117688e+01
5.812886645114911932e-01 3.109687572875943426e-02 3.110764827192583848e+00 1.833196990106733537e+01
4.766891845926087834e-01 2.936553959459475491e-02 3.005302613705668868e+00 1.544076389221817891e+01
7.412525382012685737e-01 1.491392682599866452e-02 2.730227041541615662e+00 7.699512446169769042e+00
6.986967160584245384e-01 6.027080459196915282e-04 2.661480621228194732e+00 6.678247781667815630e+00
3.252043613549596840e-02 2.491490868554937024e-02 3.065734588485365730e+00 1.797785155819149594e+01
6.964987345443123257e-01 1.613900947130060895e-02 2.722483586865920735e+00 8.522474723094031646e+00
5.876837053628483076e-01 2.847089014745554300e-02 3.175705554606412129e+00 1.129458468178013497e+01
6.421293061540647162e-01 2.782975008682296927e-02 3.086738286392742836e+00 1.224043292961218654e+01
6.522139337120368419e-01 2.896512467209821223e-02 3.083507757059705590e+00 1.546183786335540589e+01
6.782790460129769494e-01 2.005923237023790606e-02 2.992344166878202927e+00 8.481902804945359975e+00
4.470258423400242376e-01 2.211193157961501357e-02 2.852227218053817737e+00 8.923016653414283184e+00
2.343252281470238074e+01 2.833914925568947751e-01 2.234521737101125005e+00 1.395645938999135716e+01
7.335063728964544838e-01 1.977942411502961809e-02 2.972173439444239840e+00 8.258090334504611718e+00
4.869947393212784448e+01 6.556988829675158836e-01 2.276758914079137774e+00 1.390842997212235410e+01
6.355934270101093464e-01 1.569341449940874281e-02 2.632214626706514515e+00 8.009801119835547212e+00
6.977247464608475891e-01 1.639798593086991968e-02 2.779849740745146125e+00 8.402502185008058788e+00
7.751535693888024214e-01 3.326279859635236603e-04 2.589496189007185034e+00 7.616235970312373205e+00
7.033733944714514186e-01 1.829641084767697629e-02 2.928225118620314760e+00 8.672693736615704196e+00
7.557016785464790720e-01 1.148005228781929198e-02 2.689680890537617053e+00 7.615608135502761833e+00
5.726154354330971197e-01 2.861821079080410432e-02 3.126736668274041619e+00 1.292634906624904012e+01
6.007125069354413149e-01 2.075494118866977669e-02 2.724979422348262847e+00 9.046049731288867690e+00
6.863320433213299099e-01 1.878636936074061167e-02 2.831856913477429849e+00 9.036327899265923946e+00
7.008694588537750514e-01 1.916208218428845297e-02 2.816976472325593672e+00 1.012595193993938203e+01
6.454123023408200321e-01 2.239947236306136583e-02 2.882431701585099759e+00 1.049031874970388856e+01
7.078669319305042062e-01 2.245070510991728496e-02 2.911856498559486361e+00 1.019943654420569423e+01
4.472205685803371189e+00 1.530420287004830493e-03 2.376252887762130950e+00 8.372991537388415395e+00
3.523711538021892409e+01 4.304981589445420753e-01 2.296685349747505711e+00 1.225075381527847718e+01
6.707170375806960072e-01 2.588380969444135232e-02 3.040368119548317871e+00 1.226008554898984571e+01
7.096127029839982558e-01 1.545258497168658200e-02 2.774373578604378832e+00 8.315691024412602772e+00
6.172333566342887989e-01 2.356099695979382846e-02 3.067613611332523860e+00 8.074540013859841991e+00
7.143447386532907339e-01 1.174785517371542895e-02 2.691333375836550967e+00 6.846377589445080680e+00
7.266274061507839166e-01 2.178576520850037182e-02 2.869213177841352103e+00 1.043040266950294637e+01
7.195869994421656424e-01 1.538135281803813814e-02 2.765157952016358944e+00 7.697925901144028416e+00
6.453157063227478174e-01 1.675943273946195813e-02 2.780728018196850115e+00 7.336847202915782518e+00
5.009812388036158914e-01 3.226927096104145049e-02 3.224797135030505579e+00 1.755122655678381705e+01
7.581078421906993769e-01 1.598416906419186580e-04 2.560377946186766618e+00 7.787284008172249195e+00
5.507252791130800240e+00 1.105149801573621776e-02 2.405445028747268399e+00 8.914416273536780011e+00
6.613499047964953581e-01 1.833006576799207574e-02 2.903964505483419334e+00 7.170279384719123073e+00
6.472264413539203787e-01 2.509104143531867490e-02 3.145068328890777920e+00 1.010522900679772995e+01
6.326122317907445503e-01 3.124643899598717953e-02 3.250528526049855316e+00 1.538431091866033285e+01
2.207947679935928420e+01 3.144305933471387982e-01 2.016028568751043082e+00 1.981568853082838544e+01
8.269155131383076895e-01 1.045072745957360523e-03 2.585846820945689739e+00 7.573799736751526623e+00
2.139468276769873256e+01 3.085267850105812837e-01 2.085012514815035356e+00 1.868515585396965761e+01
5.362079093007192654e-01 2.306188731740591719e-02 2.982320583037576522e+00 9.442514473376888873e+00
6.548098496625389675e-01 3.003812138995156159e-02 3.090904923757397782e+00 1.525928652846232758e+01
7.981737894527670685e-01 9.235207352855647964e-04 2.545100592324769817e+00 7.052044548343154418e+00
6.841769538261204264e-01 1.809529411135718177e-02 2.780101817933851027e+00 8.263954602656539805e+00
6.786812136556050756e-01 1.496409664743759277e-02 2.701027626978325102e+00 8.119652431357472722e+00
5.784591882569092292e-01 2.827778504827125824e-02 3.074396171185618254e+00 1.364647673751428414e+01
6.195454605593816444e-01 3.222541282912144006e-02 3.192737443253732543e+00 1.618984782894859364e+01
7.959916426712580761e-02 1.899931659745738091e-02 2.870938975722084230e+00 1.006711083990196620e+01
2.343252281470238074e+01 2.833914925568947751e-01 2.234521737101125005e+00 1.395645938999135716e+01
7.396965394105549096e-01 5.123047669999408749e-03 2.585946675369772407e+00 6.879835922053099573e+00
5.380590904082720449e-01 3.081026896347590499e-02 2.994095666557961000e+00 1.972725031236108606e+01
4.025087220866788584e+01 5.237293939740623738e-01 2.082474374188577393e+00 1.554917286624304040e+01
6.368941532356198199e-01 1.820321046607247700e-04 2.579568768803613743e+00 7.507307157489572447e+00
8.212428156278486213e-01 8.686511799194019182e-03 2.636368733490290772e+00 7.799101775514154511e+00
8.752527630906142830e-01 2.189511724353805557e-03 2.623904129934062190e+00 8.006116487672162663e+00
6.548091103793954870e-01 1.937730129687926725e-02 2.848677331847311756e+00 9.342925701156127971e+00
1.457553405564054927e+01 2.042307928727614408e-01 2.015871981713852179e+00 1.935177805515080607e+01
6.653106698321311629e-01 2.691643059900238402e-02 3.077246668124740125e+00 1.334349220871941455e+01
6.766132607899191242e-01 2.448954746394839399e-02 2.989379515388348452e+00 1.115061270788574888e+01
7.653631839990139518e+00 6.346190963710401922e-02 2.360105509003065372e+00 1.010157095774839320e+01
7.215535236495985716e-01 1.441284380601953914e-02 2.756586906402311410e+00 6.354917472771970388e+00
4.975980445301904531e+00 1.348941170953946297e-03 2.519861616370706159e+00 7.820519963650738759e+00
6.829095171163328537e-01 2.178896480713071390e-02 2.921388602385945443e+00 9.171071545543862058e+00
7.080554482522345427e-01 1.780381405606066419e-02 2.908347593703371370e+00 8.509252774774530792e+00
6.371158591254004744e-01 2.845715733803924619e-02 3.093665515439851355e+00 1.487181177113857089e+01
6.298981508214828162e-01 3.006635610719025214e-02 3.150299602768358742e+00 1.547411120876322244e+01
6.753267974891566938e-01 2.141786425967442259e-02 2.895204411882793760e+00 9.196736719944670568e+00
6.195501833894581090e-01 2.597731626713795788e-02 3.053889380847567558e+00 1.255389302458861067e+01
5.105606606552577365e-01 2.142834995809940815e-02 2.977300099736504446e+00 8.298184059037083671e+00
7.419260080680603053e-01 1.476199811941498064e-03 2.560593224212392549e+00 7.581632992671105242e+00
4.965360830167042661e-01 2.747139604138554986e-02 3.180966804987049201e+00 1.116983056761766235e+01
2.252986206910511413e+01 2.047098265337400635e-01 2.329560835536167218e+00 9.038313916705268625e+00
6.484035270322575428e+00 1.729382223420633568e-03 2.347503068257829284e+00 8.770531534693628117e+00
3.924436433236987654e+01 5.378631809808726016e-01 2.009713953267485032e+00 1.898708184648855379e+01
4.584627983550001318e+01 6.566547000369689080e-01 2.037914086794047286e+00 1.892337003477203083e+01
2.445576470947112213e+01 3.138232149151832795e-01 2.144931526321523840e+00 1.627371320306850677e+01
7.047393404473537792e+00 6.289159125141093043e-02 2.183597043765025170e+00 1.143375828210718481e+01
5.101582263246680349e-02 2.525201037344901311e-02 3.025992657357994720e+00 1.781534481311111051e+01
4.566596617646644929e-01 2.471349842076325798e-02 2.908688986206676930e+00 1.210933179952174932e+01
6.474137946587537051e-01 2.866944631736546498e-02 3.120638161512574005e+00 1.520172681039561446e+01
6.192001416377105327e-01 2.973679993854656811e-02 3.154077678814158681e+00 1.515458427389519436e+01
7.193748610450449998e-01 1.274619761091369541e-02 2.771368391512773144e+00 5.871220402733994703e+00
4.282801234512702138e+01 5.727642456252300951e-01 2.060799288932148254e+00 1.553290675619287597e+01
5.274658492191840881e-02 2.332285360642654543e-02 2.976483656996248506e+00 1.582300925294794958e+01
6.697571812636130550e-01 2.395770747615726462e-02 3.027936270727217938e+00 1.104573772495834838e+01
9.182160743255560753e-01 2.736899891808318918e-04 2.571981540462506821e+00 8.815941675253613496e+00
6.497932242555582993e-01 3.380793803726269559e-02 3.257939544171339463e+00 1.751967729847917710e+01
4.442181178693998533e-01 2.343933177424465525e-02 2.786409521857169835e+00 1.245955061017011900e+01
9.338077064782489556e-01 1.337545769374853116e-02 2.717122407086631775e+00 7.763593358400057376e+00
7.516672718336579351e+00 3.344968980241359684e-03 2.418314001892223786e+00 7.269135585460780646e+00
6.659809448997940251e+00 4.027280081787516786e-02 2.310987625708180726e+00 1.067716424230058081e+01
5.800013729518797012e-01 2.401452185965283204e-02 2.888371853231229469e+00 9.111635048609164400e+00
6.246981092273727887e-01 2.322689009307765673e-02 2.774072164555423825e+00 1.168584185009549081e+01
7.083352993923512919e-01 2.129537643140994724e-02 2.987234321316292629e+00 9.133388310784743780e+00
6.420719617450518779e-01 3.003497899573846427e-02 3.219646046439856413e+00 1.497504341586036603e+01
6.653780319761396500e-01 2.192372522185227768e-02 2.983818585720756644e+00 9.025377083078621965e+00
4.876789168390736062e-01 2.731047060797010470e-02 2.941541839553138971e+00 1.414788508814679346e+01
1.367391848951171607e-01 1.664265481449275427e-02 2.788599911865142111e+00 7.993595382279638173e+00
7.504851574648291335e-01 1.543072031702324813e-02 2.723717953081318477e+00 9.401052337035443074e+00
5.426145054604232243e-01 1.465625641297996044e-02 2.765465173966075163e+00 6.524799400209676747e+00
5.101040734459934001e-01 2.123928353111163153e-02 2.847414889043437203e+00 1.042758875385017525e+01
1.152592800668294365e-01 2.658708295432505794e-02 3.028804360298385845e+00 1.651681382984461521e+01
5.856442003331171486e-01 2.040208879045666418e-02 2.937501023638180442e+00 8.280005286771956463e+00
4.178885463628188290e+01 5.972102807076522524e-01 2.138426518970904411e+00 1.589659534138828256e+01
5.826247823909587176e-01 3.283016802536993517e-02 3.138299704675084456e+00 1.928288938593508206e+01
8.158129744189013266e-02 1.766686898866920430e-02 2.775905889189205666e+00 1.018001952171450775e+01
5.540225683830019010e-01 3.154295069853591676e-02 3.089898240952084763e+00 1.942341431064580703e+01
2.297865790149824150e+01 1.624672785057197921e-01 2.467715634291272497e+00 7.784999031833029548e+00
6.252976563494803131e-01 2.552454332891553393e-02 3.042830018267131287e+00 1.107377517959160329e+01
1.663280824631409027e-01 2.502340897193890482e-02 2.904688680709303306e+00 1.628526536636141486e+01
4.721760354774750534e-01 2.615821700915042791e-02 2.977641364462355167e+00 1.317950311363638427e+01
6.434304357338990199e-01 2.857072497516379567e-02 3.064090134157641199e+00 1.592963597938306819e+01
5.910905464194723402e-01 2.110822589068011082e-02 2.883552614859300256e+00 9.502110884384485701e+00
7.442543432751416166e-01 1.208225978048606611e-02 2.666819182870845850e+00 7.219075359443932527e+00
3.683174826584668243e-02 1.017668189430177839e-02 2.548565736920510805e+00 7.972700062672405608e+00
6.696941809209689955e-01 2.264296109559396641e-02 3.035948333632767060e+00 9.332690241649194363e+00
6.841757018207583751e-01 2.112537500651810035e-02 2.844321355902272863e+00 9.292486227777567720e+00
5.441656556442133752e-01 3.025180452891221977e-02 3.118487164269466483e+00 1.547963453426665481e+01
7.983411808410886268e-01 5.248893364242991806e-04 2.466763182315662828e+00 8.082237836521596108e+00
6.124067469195964009e-01 2.397680331306188337e-02 2.912145039104935940e+00 1.088729223962102921e+01
5.826247823909587176e-01 3.283016802536993517e-02 3.138299704675084456e+00 1.928288938593508206e+01
6.393344125601805317e-01 2.224710938174312425e-02 2.841494081439553732e+00 1.071234259773813768e+01
7.079186321870095666e-01 1.744510001857596526e-02 2.769537642078547801e+00 8.910813843393762923e+00
5.827627237380309522e-01 2.762994946005718072e-02 3.109624229279317476e+00 1.172228145711608427e+01
6.177583630173754115e-01 3.064999143548508345e-02 3.035471239171515290e+00 1.580444190205446731e+01
6.770903252355797708e-01 2.753773549377337010e-02 3.025980061383108044e+00 1.460214937570949090e+01
7.114002580706823009e-01 1.634757575775591665e-02 2.821347100509920658e+00 8.253730288896875322e+00
6.638196474034702144e-01 2.339606633133223257e-02 3.025659251137150729e+00 7.963409860858377876e+00
7.008694588537750514e-01 1.916208218428845297e-02 2.816976472325593672e+00 1.012595193993938203e+01
6.123427125251273972e-01 2.884857431833035696e-02 3.224243642803617860e+00 1.493350907008476192e+01
3.014098530059958203e-01 1.803194764999830723e-04 2.431788543497944044e+00 7.544572891062111708e+00
7.097012207747341872e-01 2.028744018148136499e-02 2.823775782986157168e+00 9.679444976268452905e+00
7.167224795148020577e-01 1.665543673109983261e-02 2.800911010054111472e+00 7.495879751677827052e+00
4.517943012378205503e-01 1.893877329323971626e-02 2.737134773896642503e+00 8.996532849932881604e+00
7.287226972095313116e-01 1.465266107926309000e-02 2.747579343612353675e+00 7.993837426607258045e+00
6.754868695505562570e-01 1.838884653216984674e-02 2.717974459650588148e+00 9.323684532291530047e+00
7.752291655947882720e-01 1.134823988432829764e-02 2.752882778504400108e+00 6.622834942427561877e+00
6.770608857014315252e-01 1.760624466817103939e-02 2.733281099519784263e+00 9.228335579357262120e+00
6.059179001384019658e-01 3.144350127358765817e-02 3.108810474017843273e+00 1.842926670505903886e+01
7.675839431735539398e-01 9.406647622690181287e-03 2.715553427343548876e+00 7.443756306744104378e+00
6.355934270101093464e-01 1.569341449940874281e-02 2.632214626706514515e+00 8.009801119835547212e+00
6.542829527990580152e-01 1.162696151204862605e-03 2.541217835622692434e+00 7.942742583920193944e+00
9.086161453909714636e-01 3.131647478929973361e-03 2.578091550377680896e+00 7.426176193209072629e+00
7.173577271938531563e-01 1.648668649354143034e-02 2.773092752730095700e+00 8.257687851796013945e+00
3.528834224905608163e-02 1.582027982518260933e-02 2.720918411592592623e+00 8.393852757398558850e+00
6.746603807308279022e-01 2.549954760531919842e-02 2.973643229571808710e+00 1.268150966247754319e+01
3.035942964376217926e-02 2.249353781617553782e-02 3.066098732510638136e+00 1.384742268929935527e+01
9.538126995809678155e-01 3.152971217565666943e-03 2.696760405033048258e+00 5.923452291685504356e+00
5.992445192043139857e-01 3.444032789401704070e-02 3.182956029395365150e+00 1.997345290586135746e+01
7.306392155451931769e-01 1.519961525858242769e-02 2.742768680800744541e+00 7.592949895663164028e+00
4.468858182148901514e-01 1.072263947973041941e-02 2.546854263427425380e+00 6.272129370349302846e+00
5.599122393917047580e-01 3.148400680764612547e-02 3.123342605031117714e+00 1.686343964756180824e+01
6.309374564244143446e-01 2.437805780829341296e-02 2.993549870978441163e+00 1.045632735775629385e+01
3.984418068700134086e+01 5.861748061839580082e-01 2.157655186338542919e+00 1.787851310573859109e+01
8.088658794518758244e-01 2.365650314391673243e-03 2.628995555274033169e+00 7.274584424451375320e+00
6.682098829321421185e-01 2.697033705396368122e-02 3.061831946430392026e+00 1.146278158977835560e+01
6.696033772425786790e-01 1.858967976233486322e-02 2.867368748429404590e+00 7.828080814811383625e+00
6.973120011196871637e-01 2.192834239018297618e-02 2.878517603375521539e+00 9.735061947074397537e+00
5.057355055776590058e-01 2.694331552865722457e-02 2.986981648264869449e+00 1.300762645132858175e+01
6.959972327825155736e-01 1.744822130808694818e-02 2.839290165890262063e+00 7.964911608227423834e+00
9.237929636495773034e-02 1.979273479175790509e-02 2.818954634317710983e+00 1.114229699675054874e+01
5.679008303926753598e-01 2.800989238267664536e-02 3.036442557771973139e+00 1.390053601796110883e+01
5.236620639658862153e+00 3.256353251171375390e-04 2.412761364240411321e+00 6.578209588157291066e+00
5.932095729711605037e-01 2.327412786538924153e-02 2.964625661304354232e+00 1.207802238975351550e+01
7.594228045837334573e-01 1.198690785367849745e-02 2.617378827825829646e+00 7.804393270550396444e+00
6.013443743713754452e-01 3.218861897307504633e-02 3.279463464041283416e+00 1.755058969498240984e+01
6.177001003940038037e-01 2.869016617285405010e-02 3.123578383729959107e+00 1.419995506874182034e+01
6.712750656781962277e+01 8.214281575400189661e-01 2.083484243933873437e+00 1.338764283353619966e+01
6.175000869367340828e-01 2.985440685765416990e-02 3.154905611879179617e+00 1.493393846526201152e+01
7.444813539564387739e-01 1.716808706430336673e-02 2.760681450160062944e+00 9.534770700275762678e+00
6.330218983544559919e-01 2.845490825514177327e-02 2.987397540146282005e+00 1.469016024475116033e+01
6.123427125251273972e-01 2.884857431833035696e-02 3.224243642803617860e+00 1.493350907008476192e+01
7.500178023711902009e-01 1.483632519972175479e-03 2.463264590320557446e+00 9.619672958422288644e+00
7.007612833541637665e-01 1.968421417562417342e-02 2.795111977235681167e+00 9.758602323454784511e+00
7.519419527772169820e-01 1.364114957876149531e-03 2.582913825808144548e+00 7.659304877145292956e+00
5.835530560172352832e-01 3.225333304225101033e-02 3.274771220575796615e+00 1.552444686875412749e+01
6.255984558180956334e+00 2.196480015213810727e-02 2.415067464104538875e+00 8.762818507290660364e+00
6.493701283121435797e-01 3.492126043125088480e-02 3.354484356077516161e+00 1.670943824182528914e+01
6.769542064484754817e-01 2.054946564599826470e-02 2.978971740753407538e+00 7.397190866080025629e+00
6.589724686494121686e-01 2.553085861682139260e-02 3.113940417787532944e+00 1.248390094197814726e+01
5.948121402265837077e+01 8.575483362595248682e-01 2.070196382494544185e+00 1.896520954079814203e+01
5.342214318240725568e+00 4.080428209041308402e-02 2.295865030081523539e+00 9.203578482509955805e+00
7.529566588499067015e-01 1.709765576789041078e-02 2.743403714939995464e+00 8.106466930147657735e+00
6.330577322031175624e-01 2.630577389675523362e-02 3.091205717790150409e+00 1.327591152531157093e+01
7.016682231030972883e-01 1.711419721125836263e-02 2.743288519675703085e+00 9.862027949354862599e+00
7.981737894527670685e-01 9.235207352855647964e-04 2.545100592324769817e+00 7.052044548343154418e+00
7.997030255175352487e-01 3.394341120558510921e-04 2.447620528250030070e+00 8.135165589353363202e+00
5.069839967101681388e+00 1.718869737583402987e-02 2.362448016595375844e+00 8.320435758102350476e+00
6.065319527350705009e+00 1.198176058515785201e-02 2.350498448219632941e+00 9.890096524749287354e+00
8.615437571148323315e-01 6.262917421469695956e-04 2.637389332585754254e+00 7.154707925933124102e+00
4.219413582977744603e+00 1.535346887942144051e-02 2.420387769189660254e+00 7.816224012534635612e+00
5.834130106907331470e-01 3.191301530450372376e-02 3.193088753944781200e+00 1.777925476926075987e+01
7.641422318620747500e-01 2.943416366923882685e-03 2.695701374416723528e+00 6.988869887049775187e+00
6.281510737323566795e-01 3.151185334897006057e-02 3.067020084251867118e+00 1.946074231487859407e+01
5.393182985527403273e-02 2.107838739230363453e-02 2.920537558230049235e+00 1.171659074327186545e+01
5.220243538936500727e+00 1.581360052069266837e-03 2.418224168974198562e+00 7.843942405232261272e+00
6.055473816174785640e-01 1.884243424414173626e-02 2.798918393887316114e+00 8.940566287830389314e+00
6.252544312180201569e-01 2.723740630854439362e-02 3.133291267722027040e+00 1.153410714451815267e+01
7.907195466747429791e-01 7.562181214127543238e-04 2.639093943414420718e+00 6.429553019192335128e+00
7.504607374494984273e-02 1.767473485529849619e-02 2.718292447548599444e+00 8.187223191347882789e+00
2.527709163538521153e+01 3.284205373627220870e-01 2.161193839868233546e+00 1.410445448832924953e+01
6.855904279784564848e-01 2.144891848055508268e-02 2.891733507131158731e+00 8.561723239144193087e+00
6.621092453456076110e-02 2.117621400987210190e-02 2.840619035176391360e+00 1.366909495539092134e+01
6.680490086005390626e-01 1.788524417204541764e-02 2.794384614898788755e+00 9.238807467423058029e+00
7.946617164262724797e-01 1.143225158078022864e-02 2.728284626154729775e+00 7.408078742698173791e+00
7.971614034151108807e-01 1.866361642476840801e-03 2.499529764865819903e+00 8.273566290303318027e+00
8.066143071370649453e-01 1.864014159158922362e-03 2.672219581300085967e+00 6.958217188608855075e+00
7.117167326755146073e-01 1.461881712867526759e-02 2.848523304813091350e+00 6.437892486020277971e+00
6.194431147426389117e-01 2.437788157399341238e-02 2.910916421292933265e+00 1.212684174980605434e+01
6.858483389659730811e-01 1.892365783646807187e-02 2.773589604846144585e+00 9.058489234727632677e+00
4.157682274863775534e-02 6.323755829356631896e-04 2.566126390044391137e+00 5.394951502438908975e+00
3.989740795959560715e-02 2.481583214045164631e-02 2.945743824821025925e+00 1.793497664598591612e+01
6.597791668862525993e-01 1.615221849374094340e-02 2.813912450874510807e+00 7.394635149686209274e+00
3.858920867596786486e-02 2.444925918261125694e-02 3.012099014195367630e+00 1.703305513846436980e+01
6.346691470754358688e-01 2.767322652300295213e-02 3.109794972604910335e+00 1.355432884142508776e+01
6.410729407142363723e-01 2.441434520284848850e-02 2.947015214772554792e+00 1.146016625412049272e+01
7.288053030864133364e-01 3.010273706793507018e-04 2.660422014225701126e+00 7.176558889618663173e+00
7.794838764929886699e-01 3.864537023572757815e-04 2.535134711667092589e+00 7.576959669011066545e+00
6.286043307269105762e-01 2.197793173326954841e-02 2.941353044891835467e+00 9.764062016828285451e+00
1.146645008479008493e-01 1.595236122098467671e-02 2.677119752988214696e+00 8.334315312945649978e+00
7.815104214129809934e-01 3.558722411787022290e-03 2.601192652122687132e+00 7.967272014572844618e+00
4.920965979695994530e-02 1.383254602415596307e-02 2.773219943239339624e+00 6.799261285584193182e+00
5.702787439638300482e-01 2.307164681603705164e-02 3.021063967057739941e+00 8.849294857633903888e+00
4.177525239027401333e-02 2.078431474768213660e-02 2.886125679532145050e+00 1.279790080534264440e+01
6.353631079576121943e-01 2.722101343070074814e-02 3.075431744791852662e+00 1.303522493516212855e+01
7.040637995263010485e-01 2.274244338588841605e-02 3.018105290159771137e+00 8.601953571456171233e+00
6.636835460475806192e-01 3.047285435927910013e-02 3.193619808554759576e+00 1.701488625154907197e+01
6.698888818238462051e-01 2.103746846125378184e-02 2.878992365775445705e+00 8.936657542152760314e+00
3.555363567751506498e-02 1.954684835194668915e-02 2.961984474580066973e+00 1.122069102184731015e+01
7.410145007251186522e-01 7.078882576027106972e-04 2.635873162111559864e+00 7.276187815094226075e+00
7.156808981781178636e-01 1.492181572071768318e-02 2.623433041685285794e+00 9.033953790003216966e+00
1.152592800668294365e-01 2.658708295432505794e-02 3.028804360298385845e+00 1.651681382984461521e+01
6.621655258377807662e-01 2.164245537700742669e-02 2.799612899654726483e+00 1.037210875200678650e+01
7.312009599212228039e-01 1.019599607006917760e-03 2.666831347750257208e+00 5.839073178790512131e+00
5.613491735467748267e-01 2.993987359379924121e-02 3.181228777379094375e+00 1.423801399019068370e+01
7.626620084218351803e-01 1.519941964916115759e-02 2.810504006259276544e+00 8.657421381554870621e+00
5.422182724163374656e-01 2.354651926775493814e-02 2.786872511401535135e+00 1.121641844648061692e+01
7.448897579268470848e-01 5.662686195611571320e-04 2.656409607883643886e+00 6.126120146287990842e+00
6.273358074656535388e-01 2.725339087444263175e-02 2.984916724952177525e+00 1.258417071980464641e+01
3.043002900868326671e-02 1.526598583978361345e-02 2.644179785190152288e+00 9.187590574415777311e+00
6.393802407617069639e-01 2.000015592194382200e-02 2.854154686422869069e+00 9.043372255650238500e+00
5.671229048807155948e-01 3.029945589932601241e-02 3.169087676937127895e+00 1.646373367586259207e+01
3.509333533347492456e-02 2.192609377582211555e-02 2.903616563513104598e+00 1.375118605313101305e+01
5.805106084343035100e+00 2.672410765098561652e-02 2.405741616202007549e+00 8.197549841039284857e+00
5.999645269498990352e+00 1.982371233442693781e-02 2.314637041260013461e+00 9.824925797383277981e+00
6.807535875533534675e-01 1.400206261684594760e-03 2.653102498482299954e+00 7.232821769791137001e+00
7.360840211217609674e-01 6.424845234696312723e-04 2.680143085635639633e+00 6.637879089787328546e+00
5.701857287742385649e-01 2.650911926650840328e-02 2.952441287761468303e+00 1.219565916404878081e+01
7.266374695309512077e-01 1.510244560593153318e-02 2.778728842224671425e+00 7.967889836070593645e+00
6.522921054508473704e-01 1.442825920230029167e-02 2.684482271928161801e+00 7.862341988432664408e+00
7.595999061080271897e-01 1.879491132874354484e-04 2.721506758602822096e+00 5.733118858315379818e+00
4.857959641179300903e+00 2.192871566222655971e-02 2.322428230715213093e+00 9.263197345939270022e+00
4.768504451586914189e-02 2.020835061063740515e-02 2.893098693854687209e+00 1.233320541686471472e+01
6.399636722637073172e-01 3.162140514775898387e-02 3.289736757510811849e+00 1.502000359508924454e+01
7.237791877408059626e-01 3.807681534058610529e-03 2.565948372605612704e+00 7.173715773570784826e+00
3.451534850553759914e-02 2.155064688389399241e-02 3.014629048535636180e+00 1.292485161775910640e+01
6.835233105239068019e-01 2.242060400987358482e-02 2.843690805004085220e+00 1.279549161926119183e+01
6.621932736717229817e-01 1.584748132576872803e-02 2.684995227697833720e+00 8.370957012404200981e+00
7.200243003345874193e-01 1.233669778909300858e-02 2.666572378263363241e+00 8.694757695916250029e+00
7.143558512348280320e-01 1.400720607805847756e-02 2.688377454746183837e+00 8.913025904477585470e+00
7.114150934297568396e-01 1.978981307748203453e-02 2.833644112332402543e+00 9.816443118327123685e+00
7.603709539011099805e-01 1.100341746668478601e-02 2.693055987175680066e+00 6.702513214762727323e+00
7.744808304461640036e-01 5.299254528356511090e-03 2.616002218382369904e+00 7.438668625294544867e+00
7.282298015249826229e-01 1.679907523784068824e-02 2.788091260656311299e+00 8.166887328187108608e+00
8.295504076995291465e-01 4.267872432770668722e-04 2.552285405372750837e+00 7.776377304385245992e+00
6.448653033912218335e-01 3.250322256550784890e-03 2.688718001868239504e+00 5.898018866263850413e+00
8.269155131383076895e-01 1.045072745957360523e-03 2.585846820945689739e+00 7.573799736751526623e+00
8.228005065164273324e-01 8.498309701988859518e-04 2.589065152116001300e+00 7.080205522346100011e+00
7.193748610450449998e-01 1.274619761091369541e-02 2.771368391512773144e+00 5.871220402733994703e+00
7.439402371095411581e-01 1.708116041788934961e-02 2.892049256654365852e+00 7.572734199170192859e+00
7.751507909272399299e-01 7.847802544243666703e-03 2.692638473140632982e+00 7.596662439975545134e+00
6.944087897791273445e-01 1.399186155699874527e-02 2.740503452516466432e+00 7.525272572391076942e+00
6.835392416684591410e-01 1.554411834645746948e-02 2.770653754266380275e+00 9.076585059845111658e+00
6.997115590983731259e-01 2.034045461487663312e-02 2.910329843146785223e+00 9.691888878941711027e+00
6.767526857928286566e-01 2.096197420993721819e-02 2.921997957358736908e+00 9.795736784007301523e+00
5.768199557405476741e-01 3.031998356544064743e-02 3.236806436416567401e+00 1.408359330026230616e+01
7.199963029639923073e-01 1.660824696870224354e-02 2.638077870245616907e+00 7.894083070965987048e+00
7.020673382249442707e-01 2.035924210300437201e-02 2.896770839017432042e+00 8.033936788167880039e+00
7.501649507217929003e-01 1.242363700570581729e-02 2.844464480110367788e+00 6.550207282138570619e+00
6.781611026708912471e-01 1.132126426635089375e-02 2.667630083039029820e+00 6.457523631018213806e+00
5.950009353301518589e-01 2.942745644884386252e-02 3.029246740642185021e+00 1.417864155901130729e+01
6.432517730194587280e+00 9.631035604076913087e-03 2.409783464291141097e+00 7.371862732162622223e+00
8.097285794919255597e-01 1.029456598828710871e-02 2.756497221849151913e+00 7.836996498809462253e+00
6.771718989318642468e-01 2.220527040704274938e-02 2.923496088679232496e+00 8.996462387488865176e+00
7.422792858452903486e-01 1.015493101587720479e-02 2.718525757768290418e+00 7.109904697130237317e+00
6.124067469195964009e-01 2.397680331306188337e-02 2.912145039104935940e+00 1.088729223962102921e+01
5.424911862999589829e+00 3.940049734147238469e-02 2.350552658788931382e+00 9.680578183170476692e+00
6.651634513093867440e+00 4.218494709964893535e-02 2.340676028443779977e+00 8.497534430692121887e+00
5.299932148527355391e-01 3.516794552877832011e-04 2.422284779761469053e+00 8.538704868426194139e+00
7.036108451626652549e-01 2.024299094953406833e-02 2.828312133881575541e+00 9.256102270808760579e+00
7.020673382249442707e-01 2.035924210300437201e-02 2.896770839017432042e+00 8.033936788167880039e+00
5.770468418255603194e-01 2.850712078054548973e-02 3.127527714078841115e+00 1.402192267077758281e+01
2.066584000659491949e+01 2.616707513462900869e-01 2.133212952261935857e+00 1.456179481239475137e+01
7.056753336212178151e-01 2.774880934695860349e-02 3.138019926342663357e+00 1.266553923766864997e+01
6.990162573353196906e-01 1.345340993610986795e-02 2.483062207649210595e+00 9.767279162307096030e+00
7.986754045837277105e-02 1.930087707795464722e-02 2.912676072969289987e+00 9.761677224186662727e+00
6.732557339940116181e-01 2.115423285130593398e-02 2.820028200070221480e+00 9.300279404471336164e+00
3.526734730600803586e-02 2.094173446761725746e-02 2.972863345152809256e+00 1.096030941830910876e+01
6.234405333116730397e-01 2.796029350929542939e-02 3.130256060076658464e+00 1.302696263191034909e+01
6.813110654195245752e-01 1.483309271887842465e-02 2.745737087025334588e+00 6.995675777853620048e+00
7.953174602767987267e-01 5.097545464934394354e-04 2.690636083018391744e+00 7.233640714628153390e+00
6.498994324872570116e-01 1.679285542908467987e-02 2.859173905173868047e+00 7.505857878857320031e+00
8.399306928372701764e-01 9.605004086340531181e-04 2.622948960903525695e+00 7.594590803229202436e+00
6.913842322935398466e-01 7.679166829697699724e-03 2.500133496470926531e+00 7.055556999384331895e+00
5.984079044125499847e-01 3.093885923514688024e-02 3.166692799273308268e+00 1.761716822038270891e+01
7.380965517479927129e-01 1.857521352261820580e-02 2.912025983166420140e+00 8.807155547588916278e+00
7.258018903209050299e-01 1.940783322313300197e-04 2.529619721538793886e+00 7.432237493728233169e+00
8.270894030669814212e-01 1.009559008679958595e-03 2.543150154994192391e+00 7.038267906002599439e+00
6.421293061540647162e-01 2.782975008682296927e-02 3.086738286392742836e+00 1.224043292961218654e+01
6.769542064484754817e-01 2.054946564599826470e-02 2.978971740753407538e+00 7.397190866080025629e+00
5.984079044125499847e-01 3.093885923514688024e-02 3.166692799273308268e+00 1.761716822038270891e+01
6.765739945622559759e-01 1.964953515514559004e-02 2.763386435321880441e+00 8.156721687145591204e+00
6.589724686494121686e-01 2.553085861682139260e-02 3.113940417787532944e+00 1.248390094197814726e+01
7.547014331744249738e+00 3.319037247872155122e-02 2.397968614360129092e+00 7.549668795186561532e+00
4.311109435022891234e-01 2.877662295526797059e-02 3.104238974638763526e+00 1.426871466255253118e+01
3.919171919604031440e-01 1.508070864025207874e-02 2.658133351393512811e+00 7.395125085125986431e+00
5.765339555328326260e-02 2.433591872202038597e-02 3.037949430195691747e+00 1.541858915498925064e+01
3.601793153807333892e-02 1.871205029434358513e-02 2.839591771836873058e+00 8.878941802880675027e+00
3.533147753967262605e-02 1.635151651373123460e-02 2.777044602325989153e+00 1.006081125670577592e+01
5.883673951693527693e-01 2.696903473986728486e-02 3.053066086896271791e+00 1.194652182064346491e+01
4.895578920965194120e-02 1.457674030845244363e-02 2.606168470025716388e+00 8.753341402660558046e+00
6.001943662035380989e+00 2.562070374165841338e-02 2.323101306678478473e+00 9.403981864325796636e+00
6.538890580809348929e-01 2.535936808684394889e-02 3.037550365143206754e+00 8.629628175533417433e+00
6.804579668123484915e-01 1.698067771296464176e-02 2.725127262831509967e+00 8.219827272354738312e+00
6.059446062734531457e-01 2.700575796063200279e-02 3.176898590371878939e+00 1.155134516090757657e+01
6.802606430252342573e-01 1.672770103969808270e-02 2.620746185934416772e+00 8.359400061292371120e+00
6.941100267539469515e-01 2.689128904708322845e-02 3.090476142037389184e+00 1.227226407216119775e+01
7.685362348942832433e-01 8.387362374159807940e-03 2.713880424503257505e+00 6.683601079566635406e+00
6.967627003579968115e-01 2.470268949070144378e-03 2.637519808390134557e+00 7.475630395253988425e+00
1.267182708383937928e-01 2.670228217515608835e-02 2.979375047829440959e+00 1.947753198888761261e+01
8.805023697954245110e-01 6.015989531693886200e-03 2.639384133371266650e+00 7.569349288027132694e+00
5.961875427342215872e-01 2.821484158860180017e-02 3.133582225374146546e+00 1.334752865055164328e+01
6.195454605593816444e-01 3.222541282912144006e-02 3.192737443253732543e+00 1.618984782894859364e+01
1.366186499208427996e-01 2.496427660978221830e-02 2.985959331226546443e+00 1.449589525782129762e+01
7.175786738541549692e-01 2.063967636762525579e-02 2.887476480011881730e+00 8.752664837276665111e+00
4.195498497987612652e+00 6.198516076455135894e-03 2.353772501894656255e+00 8.315699137621027859e+00
3.297929321529661367e-02 1.717017878367586500e-02 2.770607183048686473e+00 1.039105566581662110e+01
6.046494006359749429e-01 2.200905486688249646e-02 2.925529696189893780e+00 9.038353153278540830e+00
6.315760665841603227e-01 2.414394326590751233e-02 3.036280040586228246e+00 1.109472788337674132e+01
6.053407252573669295e-01 1.484253580603104444e-02 2.586459974238532578e+00 8.227610090739796433e+00
4.721760354774750534e-01 2.615821700915042791e-02 2.977641364462355167e+00 1.317950311363638427e+01
5.737058505551714260e-01 1.494051199136655142e-02 2.664644406472209237e+00 7.814995981610965536e+00
8.236801031024258701e-02 2.221891437664463148e-02 2.977235836170068595e+00 1.128962376758914488e+01
6.393344125601805317e-01 2.224710938174312425e-02 2.841494081439553732e+00 1.071234259773813768e+01
5.267648009005076126e+00 5.950991055889707018e-03 2.290485716719293130e+00 9.174907104994801443e+00
6.557581858182687240e-01 1.951723911486447430e-02 2.773832078569546056e+00 1.042884192515443509e+01
1.515408627904803740e-01 1.599954238500868667e-02 2.645018227105064845e+00 9.840183459879986216e+00
1.663280824631409027e-01 2.502340897193890482e-02 2.904688680709303306e+00 1.628526536636141486e+01
5.600856104354647036e-02 2.203314524022660301e-02 2.957856881599339793e+00 1.396286829496713899e+01
5.475461834171009734e+00 2.489236761756711235e-03 2.317671133000313688e+00 8.894859935857272859e+00
6.927599842061810120e-01 1.472635073435052400e-02 2.768702756161359524e+00 7.820418886183309048e+00
6.708397787862743211e-01 2.482324833111776430e-02 3.114935882853384186e+00 1.014546051836679297e+01
6.239858254555514794e-01 3.181151157319271616e-02 3.146227689049454490e+00 1.836023405648585438e+01
6.602457738766915885e-01 2.182212506760084977e-02 2.944851017027133366e+00 9.393292400146361132e+00
5.860341782228043250e+00 1.731895366416582802e-02 2.452706897146157417e+00 6.958168244975716732e+00
3.910508047551426358e+01 3.280745793495191132e-01 2.407958313414673590e+00 8.786407699347801525e+00
3.728916530968297138e+01 5.342781355817038946e-01 2.070675417062190604e+00 1.968402755989018260e+01
6.718623591676219364e-01 2.048018726549402646e-02 2.838831655726653302e+00 8.960337201266439067e+00
5.851444573177571051e-01 2.391185487298584655e-02 2.976935615559021642e+00 1.075239638523694552e+01
6.273358074656535388e-01 2.725339087444263175e-02 2.984916724952177525e+00 1.258417071980464641e+01
6.623231533750638667e-01 1.563905091161843085e-04 2.632690589751993659e+00 6.413542817770646387e+00
6.824098494293866501e-01 1.924513190223523310e-02 2.921924677385226321e+00 7.853097262691879799e+00
8.199240790984282379e-01 7.556116828238325020e-03 2.610584886209326605e+00 7.435533555094192337e+00
6.267829986032089629e-01 5.365643373427991022e-04 2.551455140649101061e+00 6.693345734037427164e+00
2.428496328802655646e-01 2.040866482871590490e-02 2.718376292416500029e+00 1.140727486621653419e+01
7.369428585130409770e-01 1.620275248050674285e-02 2.865211063838899008e+00 7.780909085941757120e+00
6.719191217062969734e-01 2.231560164897976664e-02 2.868806077873208515e+00 1.099475259215046208e+01
6.851867612533071306e-01 1.571095852125483153e-02 2.787443600684572864e+00 8.598570298508315446e+00
6.532406230561245142e-01 2.919326415508495531e-02 3.109674541695099492e+00 1.593571813768793000e+01
2.918393236885216124e-01 2.002872319047012753e-02 2.795245547701090683e+00 1.000527797978099187e+01
6.286043307269105762e-01 2.197793173326954841e-02 2.941353044891835467e+00 9.764062016828285451e+00
8.650064793048627132e-02 1.945610948924662506e-02 2.780817211708558112e+00 1.233864715933731837e+01
5.384726473901463306e-01 2.161152516674007956e-02 2.947957693173700378e+00 9.148274927830224001e+00
5.992445192043139857e-01 3.444032789401704070e-02 3.182956029395365150e+00 1.997345290586135746e+01
6.173991173082612471e-01 3.240861314819595135e-02 3.241775377709586792e+00 1.462376982282469839e+01
6.986967160584245384e-01 6.027080459196915282e-04 2.661480621228194732e+00 6.678247781667815630e+00
6.213669708199192065e-01 2.622650791058812880e-02 2.986436237808213434e+00 1.366321140000144041e+01
6.584560520434837860e-01 2.006498516590655284e-02 2.976064789866137872e+00 7.029636439073236431e+00
5.626694836790592902e+00 1.544864716004077819e-03 2.426177913242075768e+00 7.024314595619541635e+00
6.089852592296890466e-01 2.663076558820200168e-02 2.992020421760271276e+00 1.237764657156122183e+01
5.691030591193696475e-01 2.451226150192204606e-02 2.862452547483570253e+00 1.222389572669503721e+01
7.392952313474655535e-01 1.461080495601933642e-02 2.700215527127334258e+00 7.666902163953423610e+00
6.602375199558170316e-01 2.398857994012273259e-02 2.826882863794726752e+00 1.361378023362409628e+01
7.237791877408059626e-01 3.807681534058610529e-03 2.565948372605612704e+00 7.173715773570784826e+00
5.548692363611188449e-01 2.914360766840169009e-02 3.043614353805613959e+00 1.612725862497493523e+01
4.877171852626251414e-01 3.250120565081309615e-02 3.067991191255970307e+00 1.844547514160799651e+01
8.846514545161620058e-01 2.911582600973109509e-04 2.510970647455016191e+00 8.499592316410437220e+00
4.925408016282801366e-02 2.099488869551675504e-02 2.842429420927646611e+00 1.182207921603149714e+01
7.459365038197359743e-01 1.922689409535879856e-02 2.859849027699961965e+00 9.292836351431986941e+00
6.006999694645070997e-02 1.562408853171107399e-02 2.686319100625244705e+00 9.580501112684007836e+00
7.489394960963337011e-01 1.526397505153235037e-02 2.857551283945193532e+00 6.768911446709706681e+00
6.958618196197592365e-01 2.292606174480272749e-02 2.995940473561019779e+00 1.035345461286320123e+01
6.932875908448172808e-01 1.906865038815726970e-02 2.783846092730458466e+00 1.028986866429987757e+01
5.243221651584385690e+00 2.012774441889120247e-02 2.475054780044847469e+00 7.662558321105477077e+00
7.010366121555912378e-02 2.179438403032499597e-02 3.024292012804167040e+00 1.235076732493978824e+01
7.222948055536108081e-01 6.774297922463344730e-03 2.590425281885323727e+00 6.208057825269246877e+00
6.140196994870203984e-01 3.334059685962396241e-02 3.344319681875896677e+00 1.834189510278560320e+01
7.322739902970146764e-01 2.066087588778178774e-02 2.799654780029395162e+00 9.988361514255540641e+00
6.973437097500867488e-01 2.668547209003254567e-02 3.116307653711710479e+00 1.147364306678779222e+01
4.104800686676154164e+00 4.744990402414719097e-04 2.399114663273136827e+00 7.924705608468476825e+00
6.197794762373500799e-01 3.144345287453527427e-02 3.185890997984555106e+00 1.754625408211064652e+01
5.634589995939660589e-01 3.185928630199161282e-02 3.130644132168365346e+00 1.778531780625691283e+01
6.022439644129288366e-02 2.180967340023284157e-02 2.821327674789752216e+00 1.565524081188504191e+01
7.748261981427483347e-01 3.001294714745096062e-04 2.544468951340284946e+00 7.914817467848080490e+00
6.314744465090232906e-01 2.416996773451869640e-02 2.957987627776889727e+00 1.157738757516173678e+01
6.853674567863414779e-01 1.571894264506013689e-02 2.794780226779695731e+00 8.500873880548876826e+00
6.418926003855395912e+00 3.794463630905977615e-04 2.439120615598728392e+00 6.164128980163084748e+00
6.140344625875758799e-01 3.390655737349376059e-02 3.159557949740817495e+00 1.974520158802535263e+01
2.606882579335033867e+01 2.997539502996331984e-01 2.213264901285070696e+00 1.315596520404750436e+01
6.835536120474117183e-01 1.715188403056588928e-02 2.807395063114979550e+00 8.201769604138211989e+00
6.679648219248981444e-01 2.789769590837586424e-02 3.145917145240873403e+00 1.249368046850509018e+01
3.853028992619490778e-02 1.873411650321401417e-02 2.849793494541449590e+00 1.033151253756621735e+01
6.402095193599577350e-01 2.760012250331241729e-02 2.955538240237256531e+00 1.406061576564850135e+01
6.667938686765028100e-01 2.392273453986533752e-02 2.987927041251259741e+00 1.009360180265014684e+01
5.793261605042949736e-01 2.542026034000949980e-02 2.956275948243405782e+00 1.317593221582409058e+01
6.961697642698639887e-01 1.711049664818627830e-02 2.949693151381446832e+00 7.700494804920065661e+00
6.901473618871068361e+00 2.428151505312363487e-03 2.264101481140683436e+00 8.788569286959436511e+00
6.844494704361953064e-01 2.225381475515011628e-02 2.991933221804379706e+00 9.115116568888955939e+00
6.540577931054019079e-01 2.606135770386854358e-02 3.157778721179534287e+00 1.110669086341661149e+01
2.407584181279739610e+01 2.998923058102468397e-01 2.140825171004173910e+00 1.415871485995783097e+01
7.430128727426313917e-01 2.367953795253618932e-02 2.917431591547074987e+00 1.239299375039075990e+01
7.097026497352773022e-01 1.668563466414446639e-02 2.689384717441613226e+00 8.396535167073004402e+00
5.182811260227388139e+00 1.413562541274016905e-02 2.398177330183364209e+00 7.779774491964173144e+00
6.228836201248210136e-01 1.926144375246691479e-02 2.939927831918553114e+00 8.975855148814799733e+00
6.566955976636456027e-01 2.678130648580534165e-02 3.025457077152948759e+00 1.380641752864297445e+01
2.954502403888028894e+01 4.422448650675659398e-01 2.151800929793149741e+00 1.684596755846781235e+01
6.335322590915651864e-01 3.335073339080209948e-02 3.203715138071318691e+00 1.788260996422041416e+01
6.487755033272203375e-01 2.115208362241359843e-02 2.942068704096085341e+00 9.281266112560825121e+00
2.204719917879326019e+01 2.350037988762780227e-04 2.562113237738569804e+00 5.966376544680542793e+00
6.089852592296890466e-01 2.663076558820200168e-02 2.992020421760271276e+00 1.237764657156122183e+01
5.265405346925988717e-01 1.796088130894425705e-02 2.666946963159882777e+00 1.017107801668003120e+01
4.612535104789915186e-02 2.012129329433852767e-02 2.865793448437436552e+00 1.392583591925968634e+01
7.412202020345520781e-01 1.394873958378662834e-02 2.728024514861970840e+00 7.351873148204972175e+00
5.227765455866021510e-02 2.243885173006217662e-02 2.889920962767422274e+00 1.569811739934089090e+01
4.548035972928560211e-01 2.909455476793021411e-02 2.953141177420612884e+00 1.660871823416356818e+01
5.629222399405762189e-01 2.422757238429420687e-02 3.031539499626858536e+00 1.227414016878648972e+01
7.298901590905271242e-01 1.672517393801746174e-02 2.867728282888479363e+00 7.265088229016205545e+00
5.931397551233896781e-01 3.002648547542848684e-02 3.053446425438381961e+00 1.537313601484325432e+01
6.559163265978327217e-01 2.186576649796599311e-02 2.834249719310278692e+00 1.151210428332312752e+01
7.815104214129809934e-01 3.558722411787022290e-03 2.601192652122687132e+00 7.967272014572844618e+00
5.568489063638246694e-01 2.733195327455409385e-02 2.943489444598145433e+00 1.408487822140814494e+01
6.525144608294292103e-01 2.512390678443598632e-02 2.830967109335473353e+00 1.614265717287351265e+01
5.008997045327284736e-01 2.399015327920529447e-02 2.991564047494096101e+00 1.096672828084745710e+01
6.756565401218990186e-01 2.240995121177428301e-02 2.873283018891485519e+00 1.101173812626126214e+01
7.374805319652096847e-01 1.549444890814573490e-02 2.753209318041355491e+00 8.851185306655882101e+00
7.264658961282771665e-01 5.432359326025737109e-03 2.666229007022272945e+00 7.273270585624813656e+00
4.508065954618495907e-01 2.841734817894753067e-03 2.560160812120826357e+00 5.854690095941716521e+00
1.117172085401244574e-01 1.861633072025549451e-02 2.870559153588386536e+00 9.724660100313439415e+00
7.437500106539842726e-01 1.324678155400046096e-02 2.626884732662355670e+00 7.224017833875499228e+00
1.024093229110019543e+00 7.331676110583498166e-04 2.719743275196259358e+00 6.424813383979526726e+00
5.835592010772852056e-01 2.924683813752889175e-02 3.060891399594402262e+00 1.710057237291406906e+01
8.687307372267268069e-02 1.767088591722260418e-02 2.758230216017081293e+00 9.726117873708860273e+00
6.816195953430869148e-01 1.957896977295697782e-02 2.857272235842012176e+00 1.005081764523731458e+01
8.358901188217537914e-01 4.859286490296317422e-03 2.692825529385680206e+00 7.262530571235928711e+00
6.682978564300934288e-01 2.304163595916048149e-02 2.937740777925380797e+00 1.126054615955043658e+01
7.089810582187994203e-01 2.045452151278535566e-02 2.909011062391758884e+00 9.604877861216317925e+00
6.262591345755589289e-01 2.706588533036594080e-02 2.816657993698028939e+00 1.541952483514096528e+01
6.393386976327570803e-01 2.355290207092234495e-02 2.847662011356498990e+00 1.199855455216193967e+01
6.491341690862629799e-01 2.165402977913586519e-02 2.859060845960684993e+00 9.239901278521735151e+00
7.600824478640212378e-01 1.716337456941527048e-02 2.763348573178632250e+00 9.288433841836903682e+00
7.113621159593159771e-01 1.289797517303114052e-02 2.790273874440527546e+00 7.418925140116459538e+00
7.305987245031547728e-01 3.522000794091391992e-03 2.480665459665852612e+00 7.586794122995113909e+00
7.569625749539817816e-01 3.643620460680913097e-04 2.700635537876238779e+00 6.128016081165785778e+00
5.401312492412230215e-01 1.392451219168301842e-03 2.521873396564951797e+00 7.602052870189377032e+00
5.762435317396504830e-01 2.159910389487217780e-02 2.874636509823435215e+00 1.099781010688341354e+01
9.084461339995119067e-01 7.017919258455143638e-03 2.647987243813316738e+00 6.692009143132824356e+00
1.001337980905837366e+00 1.858630576355332334e-04 2.536955402957329575e+00 6.836526151550846642e+00
6.483577128004021084e-01 2.652563466498271058e-02 3.051746975925142991e+00 1.349169269305286889e+01
5.827812488510671907e-01 2.937727742987548962e-02 3.028596640394466633e+00 1.518634546654712025e+01
5.788929278035634951e-01 2.625430822589337396e-02 3.036942264824527449e+00 1.100418174960167406e+01
3.166528179387766151e-02 2.125642371023252208e-02 3.113442952549565490e+00 9.972040818933344042e+00
7.458809595496951328e-01 1.513724722441002024e-04 2.575290494869284963e+00 7.699129708371064140e+00
7.711671402415247734e-01 1.517867425498816217e-02 2.762472585887532972e+00 7.562517856109703729e+00
5.597504143084776063e-01 2.663296443453647827e-02 3.205849285013383732e+00 1.060328736472005140e+01
7.025987272817134643e-01 1.864573450477360200e-02 2.863783325738441299e+00 9.280924857987162824e+00
5.883862770715188040e-01 1.818277701941574398e-02 2.762507701582293418e+00 7.612534557462187657e+00
5.453012326518885011e+00 1.225752013422991976e-02 2.427368308304486799e+00 8.051719714018824803e+00
7.077726779163218129e-01 1.882030154528084934e-02 2.843994975352669208e+00 8.573562359547503675e+00
6.838416163944876303e+01 1.143002876570141076e-04 2.549309029405280924e+00 6.892382668204021456e+00
5.964773606350131985e+00 1.085775616886855595e-03 2.440133919323087763e+00 7.065428664535287950e+00
4.760176467679015921e-01 2.493748958670544483e-02 2.842894366556699470e+00 1.483269550759199618e+01
3.104195734035002444e-02 2.379307203465339318e-02 3.010172038462217703e+00 1.658205752561220692e+01
4.133339783525526862e-02 1.532134319361415017e-02 2.668662636896072637e+00 9.895567744364647922e+00
4.853462533393412132e-02 1.924241840598904171e-02 2.856130237845779796e+00 1.225605748886194668e+01
6.844583904589460754e-01 1.540165739010267675e-02 2.836199599468227195e+00 7.451605181639528119e+00
6.628104916128872981e-01 3.016861018577485579e-02 3.180855309887479443e+00 1.302545323845757430e+01
7.986980427555947504e-01 1.290934184424444775e-03 2.720453799122955374e+00 7.407053848874166846e+00
7.648524880237793644e-01 1.030782249316600056e-02 2.692259780375727107e+00 7.582968304949198490e+00
6.167675652980948442e-01 2.415409181370857528e-02 3.002664514345360303e+00 9.467231614553881514e+00
5.747903827503620944e-01 2.139488598156937676e-02 2.732937017016240144e+00 1.080129708592782123e+01
6.822274068642402156e-01 1.836828298758602651e-02 2.697852839975492856e+00 1.008481980557339241e+01
7.254745024884822158e+01 8.329920879589194360e-01 2.176369760441983381e+00 1.228516732306506398e+01
5.176599879004957927e+01 6.777424328614408688e-01 2.238292021489384442e+00 1.251353476649970808e+01
7.971144739290199066e-01 1.440272237611959702e-02 2.760926293555624689e+00 7.678182630427233590e+00
4.142046194743789767e-02 1.611504915489871820e-02 2.661417522399776914e+00 9.318514205084667879e+00
6.619753808104014148e-01 2.536337947888429173e-02 3.023872286854329516e+00 1.325481696294697898e+01
6.320938323534781578e-01 2.816890517653046835e-02 3.128310135683832094e+00 1.417228108371612727e+01
6.923127557877258031e-02 1.995919279947213146e-02 2.855042883290431099e+00 1.127820986809135562e+01
8.601556442791921109e-01 4.272192691276844429e-04 2.593200455884498545e+00 8.183360248082498956e+00
6.253065498618473939e+00 2.109553500879407517e-02 2.491973613161635459e+00 7.294767227042096458e+00
5.592535560039728626e-01 5.052579111075260719e-04 2.589666960550818242e+00 6.541684919119017394e+00
6.325904653272373945e-02 1.480871592947043298e-02 2.700645737563545090e+00 8.562224728923624184e+00
6.067430501564314849e-01 2.501888049505232581e-02 3.095214126256529585e+00 9.250398148037342949e+00
7.593580824213099767e-01 1.341856319005120014e-02 2.637321205058621665e+00 8.944931446690331356e+00
6.498994324872570116e-01 1.679285542908467987e-02 2.859173905173868047e+00 7.505857878857320031e+00
6.201300563409935407e+00 4.085627302970905317e-02 2.274561079914024120e+00 9.291011650517670972e+00
8.319257089827827301e-01 1.293794308361975211e-02 2.809794704877071947e+00 7.309614091592536056e+00
5.739164697137434956e+01 7.666326100790402664e-01 2.101526124408633844e+00 1.768164143036436542e+01
6.762950986852799273e-01 2.550945080453372732e-02 3.047299073590610696e+00 1.073617748806817573e+01
7.199963029639923073e-01 1.660824696870224354e-02 2.638077870245616907e+00 7.894083070965987048e+00
6.105543379007592059e-02 2.478098638230846751e-02 2.990688043010572450e+00 1.714276134407680630e+01
4.284927596345839085e+00 1.056862142698446715e-02 2.342861631511738540e+00 8.667321838860180705e+00
6.569080289994514432e-01 3.005289319362315290e-02 3.136597933558289419e+00 1.698364084580685329e+01
6.119070736609979466e-01 3.234168207766927039e-02 3.220591508928161595e+00 1.716849210942888604e+01
5.519914009043747960e+00 8.432241667380629968e-03 2.259325914007440872e+00 9.289905358865190976e+00
5.617106642290040641e-01 2.707834985577462980e-02 3.004146440156421516e+00 1.276783965620579409e+01
7.884446602224512990e-01 1.302075504260567437e-02 2.747472988193815358e+00 8.222065311567908097e+00
5.453012326518885011e+00 1.225752013422991976e-02 2.427368308304486799e+00 8.051719714018824803e+00
8.331119272021979272e-02 2.635259196428345330e-02 3.196716763878804990e+00 1.637991423534138491e+01
5.762050623643296676e-01 2.860743416695343821e-02 3.084455379547526466e+00 1.439401208909785801e+01
4.988624693635053675e-01 3.112139541276104718e-02 3.157075725094494523e+00 1.587244652428826441e+01
5.726154354330971197e-01 2.861821079080410432e-02 3.126736668274041619e+00 1.292634906624904012e+01
7.692233766254588101e-01 1.890772756795347856e-02 2.896707137039728153e+00 8.201500849850368979e+00
6.087976448625515014e-01 2.489578629087168052e-02 3.115571930245031318e+00 1.090091840224275543e+01
7.318533709157775125e-01 1.832143525788132096e-02 2.915323007722299575e+00 7.237882872503919707e+00
5.964773606350131985e+00 1.085775616886855595e-03 2.440133919323087763e+00 7.065428664535287950e+00
6.451290067166584041e-01 2.762005568185525381e-02 3.079385365910279226e+00 1.482462528539018187e+01
7.192722507572438806e-01 1.419000533102251702e-02 2.743787988884113904e+00 8.692528449569298488e+00
6.401326719141668953e-01 2.354536409809283512e-02 2.995816180837008957e+00 1.025806600245212508e+01
7.217279236831554146e-01 1.975044882393672124e-02 2.773118644729573923e+00 9.386512674135619960e+00
1.224663339758974012e-01 2.122032389253078466e-02 2.909317498221504650e+00 1.023963267978265179e+01
3.112820326630638679e-02 1.298682616079278353e-02 2.729912148925644821e+00 6.806089465935863281e+00
5.721605275219951992e-01 2.474660813072709215e-02 2.886968958915197447e+00 1.051651597862301024e+01
6.229507394284935495e-01 3.185562357521243282e-02 3.237207077671297561e+00 1.615903375626636063e+01
6.250067775854682983e-01 3.287413456750611085e-02 3.220323500829278540e+00 1.869463774105081555e+01
6.669819268573186077e-01 1.868543091666774458e-02 2.900980815762754794e+00 8.838432945876636637e+00
5.584310369690596854e-02 1.237963151457634713e-02 2.643004704860081322e+00 6.091036582431920365e+00
6.505729867757645835e-01 2.982161890550268785e-02 3.184652954131056646e+00 1.673541183438749158e+01
7.197461378821579103e-01 1.967423384286527341e-02 2.878937322773910790e+00 8.792261437871822238e+00
6.887775476133358721e-01 6.683117415168654367e-03 2.567864227868519755e+00 7.338928786383868363e+00
8.506180179753052295e-01 6.811457285663306089e-04 2.675295257579859420e+00 6.959545291682020185e+00
4.271665048667189213e-02 2.318853452205812612e-02 2.871408533668579288e+00 1.624309284092253236e+01
5.590252183150575815e-01 2.218413453073717068e-02 2.740113713974685616e+00 1.046814697489834245e+01
3.307439419442624318e-01 2.061923288646662009e-02 2.887339202968522756e+00 8.530703911189828403e+00
7.312343325949575146e-01 1.759018494297019675e-02 2.887316422180800313e+00 7.134798119138017647e+00
6.036035714730377810e-01 3.265039975669269123e-02 3.184263500805379010e+00 1.824295755241649530e+01
7.307482265213411932e-01 1.703621074920898606e-02 2.874746787324522046e+00 7.528889854583542096e+00
2.805953887683047543e-01 1.370404206018524182e-02 2.489451855501908284e+00 9.023416697178710422e+00
4.182693740831854023e-02 2.587014584043892743e-02 3.152449643842462290e+00 1.792355345109996989e+01
6.611528089556474308e-01 1.892461930575218415e-02 2.892180557733877055e+00 9.055456035873795884e+00
3.382275386805053685e-01 2.268602804358668332e-02 2.798318953697624067e+00 1.002444494447970591e+01
7.349835596848007802e-01 1.462835807015425496e-02 2.766759542045072351e+00 7.140716403668502466e+00
6.460401671982664018e-01 2.734379224796502569e-02 3.065439492019657930e+00 1.226573402530173951e+01
7.582982612190632965e-01 1.606175794118651010e-02 2.801585990886235056e+00 8.923620506795234775e+00
6.653472832773348333e-01 2.901202627864199121e-02 3.098359792145739977e+00 1.546461613189040030e+01
1.691790589882257445e-01 2.544482515055845884e-02 2.984276295256591549e+00 1.667978618584749384e+01
7.202003831473402506e-01 1.445296473925402649e-02 2.701844772000288053e+00 7.550439392670325489e+00
9.002873773361825815e-01 4.171638026388706949e-04 2.708144841648390866e+00 7.578213918625325007e+00
6.236355532569317628e-01 3.263018453529423907e-02 3.291860941158496257e+00 1.729461305712209196e+01
6.170878309240298565e-01 3.177555639167764512e-02 3.055120166571443363e+00 1.637979203541776485e+01
6.237222017463236767e+01 2.276392501646047270e-02 2.475887908665450610e+00 7.183292444388420073e+00
6.359593431716362155e-02 2.020987614012156180e-02 2.969219177244209362e+00 1.262565428803273093e+01
6.466673583295036165e-01 2.334137388491365137e-02 2.996474681939066631e+00 1.118815704256337717e+01
6.665251359343790649e-02 2.066843971668015645e-02 2.749697270754989376e+00 1.294221915510953202e+01
5.393182985527403273e-02 2.107838739230363453e-02 2.920537558230049235e+00 1.171659074327186545e+01
7.553150287742205204e-01 1.425057346082429094e-02 2.790412165601270367e+00 7.327731925653678147e+00
1.973633142978898636e-01 1.517508658568142779e-02 2.619784627780975317e+00 9.525937497188369463e+00
6.362040033191804778e-01 2.475026323850746529e-02 3.019302080052928439e+00 1.137185753693278656e+01
4.571841920343859833e-01 1.976738427851331553e-02 2.844631534561593789e+00 7.708609747459551187e+00
6.538172362027322437e-01 3.129474379333421763e-02 3.230880231648046497e+00 1.785323139441579343e+01
7.358212440655623743e-01 1.087587139674267740e-02 2.598630613980133397e+00 6.864373662699406964e+00
5.827787351982028907e-01 1.582193117007586400e-02 2.708259938398573929e+00 7.890489349029079946e+00
5.738791511567372661e-01 2.182853652434724179e-02 2.851778238153558576e+00 9.716103841583739964e+00
4.834319995850846347e-02 1.790012482551669309e-02 2.753860944578329750e+00 1.110145381649719276e+01
6.020158788380866044e-01 3.095874028455893046e-02 3.081734279572558854e+00 1.739252224629788302e+01
9.506485851921403496e-02 2.025060033057129050e-03 2.558941177416850898e+00 6.205122166521226390e+00
6.317322142559606002e-01 1.389035800751231911e-02 2.770364812334865867e+00 6.971005532364806356e+00
4.385928739208562632e+00 7.493321158727833664e-03 2.359134950113687346e+00 8.630993116684523514e+00
6.731886806654197031e-01 2.970476826501772250e-02 3.106977695097129732e+00 1.725231963203024321e+01
4.851392916599262667e-02 1.862786030466901180e-02 2.827357356698114721e+00 1.247174467890802774e+01
1.137596832622679160e-01 1.586091127780381305e-02 2.697386441928966150e+00 8.967281394339872591e+00
6.636835460475806192e-01 3.047285435927910013e-02 3.193619808554759576e+00 1.701488625154907197e+01
6.381055439153641151e-01 3.119925851547660639e-02 3.117025674193799389e+00 1.673072988541845163e+01
6.917798515526976111e-01 1.504698403466810282e-02 2.732349853311077936e+00 7.938884082702118761e+00
6.312441910965456149e-01 2.841611137805452950e-02 3.172288828594592491e+00 1.469722636749177092e+01
6.573543351605517504e-01 2.693520227572777925e-02 2.992890924839611166e+00 1.338869011037322743e+01
6.124740816574187896e-01 2.469681783298869823e-02 3.088231048313458071e+00 1.152819691969168403e+01
6.937279725137067699e-01 2.067851643130448960e-02 2.953373112810628420e+00 9.059104872478057402e+00
7.748261981427483347e-01 3.001294714745096062e-04 2.544468951340284946e+00 7.914817467848080490e+00
7.185451663861420757e-01 1.839506270259484710e-02 2.854494791770866513e+00 7.905711341617307930e+00
5.538275879127425583e+00 2.004107985745828477e-03 2.440408722127896723e+00 8.445087353488851534e+00
7.195048973520539182e-01 1.511620136831251168e-02 2.765219605696833227e+00 7.461393070801980443e+00
7.097752843625082519e+00 9.711575402526964954e-03 2.462938146694720665e+00 7.689064440449261184e+00
6.642509840318776559e-01 2.623881361447646596e-02 3.125270313766195240e+00 1.126326610615277701e+01
5.672514942684970807e-01 3.273480027579382667e-02 3.138504695253584664e+00 1.912850048090083988e+01
6.058556947900403777e+00 5.693684589944057219e-03 2.316410160381126460e+00 8.670769780264091509e+00
7.142227884528862258e-01 2.140554385614767616e-02 3.054392128040855248e+00 8.625689474154487613e+00
6.201300563409935407e+00 4.085627302970905317e-02 2.274561079914024120e+00 9.291011650517670972e+00
5.826247823909587176e-01 3.283016802536993517e-02 3.138299704675084456e+00 1.928288938593508206e+01
7.253392308186711324e-01 5.782637757919611814e-03 2.618496364044332836e+00 7.614642627354764493e+00
6.761547997098200646e-01 2.068178826555499422e-02 2.907042094970917923e+00 1.010495984001768477e+01
3.175084822950411945e-01 1.714724972947165652e-02 2.582478216918466796e+00 9.122949419582912611e+00
6.804837769933562708e-01 2.235889952875128733e-02 2.876098212478794380e+00 1.192668489716476898e+01
6.412109872499079932e-01 2.655823497158995086e-02 2.997665337600283308e+00 1.344071450020984138e+01
7.037284269432038109e-01 1.824360082238803485e-02 2.778981574250516395e+00 8.665377897506695959e+00
7.385511472005957812e-01 2.032870825513577104e-02 2.802934049087786761e+00 1.067184354264887958e+01
6.622069839681301584e-01 2.154415441593000857e-02 2.863272811595075851e+00 1.053008578598261202e+01
6.896229320562896614e-01 2.288124524397698242e-02 2.887501133485394611e+00 1.280636897216194292e+01
7.264671378933886814e-01 2.269690096481665614e-02 2.950202447234629322e+00 9.630140513961411131e+00
6.498482111892004420e-01 2.129916829128919442e-02 2.914596555670701417e+00 9.502321843348385144e+00
5.069839967101681388e+00 1.718869737583402987e-02 2.362448016595375844e+00 8.320435758102350476e+00
6.454001418211109398e-01 3.008466174333232490e-02 3.068700351910121249e+00 1.560731614575566617e+01
5.568489063638246694e-01 2.733195327455409385e-02 2.943489444598145433e+00 1.408487822140814494e+01
6.323994764799490964e-01 2.645211722131974447e-02 3.019477233382499293e+00 1.397111964433499054e+01
5.816581050368559991e-01 3.369736233690878019e-02 3.210344651777556457e+00 1.983751044614758285e+01
6.565281158858040644e-01 2.152850653719425369e-02 2.897915105030921534e+00 9.960543935331267917e+00
8.874604472230608110e+01 9.260360381352237269e-01 2.183907484160772405e+00 1.205979290205149290e+01
7.466596162980104756e-01 3.380269760418642966e-03 2.610367145671271594e+00 7.049176104213330518e+00
6.471456389839487233e-01 2.209882886032487129e-02 2.963704389928938809e+00 9.875142313286048079e+00
7.822084692604130973e-01 2.328756156265874774e-03 2.567464879616194295e+00 7.585723903577141769e+00
6.732557339940116181e-01 2.115423285130593398e-02 2.820028200070221480e+00 9.300279404471336164e+00
6.428486308317232778e-01 2.361657437431453552e-02 2.897266401845669304e+00 1.150342319344163933e+01
6.731960506425651580e-01 2.201760217922118373e-02 2.879174337195766320e+00 9.799548047651484239e+00
6.594866580760229802e+00 1.838951893450045845e-03 2.479868375772576350e+00 6.925285982566463439e+00
5.966917953252708351e-01 2.490463931593953767e-02 2.896889593673666052e+00 1.182750758042059402e+01
6.509602570049106696e-01 3.219071631035923947e-02 3.162050415571704853e+00 1.961802267415340140e+01
2.966080119706875906e-01 8.444532941975491785e-03 2.485283618881872769e+00 9.228276694959314241e+00
6.709455697696026233e-01 2.732620143192160053e-02 3.156224029064217174e+00 1.126397285771196799e+01
1.140325338670568206e-01 2.054972388451018622e-02 2.847745613025039813e+00 1.079391817184206914e+01
6.420132985436645123e-01 2.297154120460931717e-02 2.776281253672086446e+00 1.079799370906265210e+01
6.759801383585953838e-01 2.339693101758334379e-02 2.938044193349568900e+00 9.330422310277532105e+00
6.596414814117036451e-01 2.640866001977858549e-02 3.026584777499891299e+00 1.341485054474800798e+01
7.288462739029737403e-01 1.699465178406264071e-02 2.822955500938928886e+00 7.416139619943052708e+00
7.082208326298976564e-01 2.008880985273804251e-02 2.757648550779872920e+00 8.943281764788515886e+00
5.531429438815949062e-01 2.070515452043917085e-02 2.884360914798571596e+00 9.900121778640395220e+00
6.935342159127731998e-01 1.613341626159719294e-02 2.632520055222449251e+00 7.681642175711898446e+00
6.621092453456076110e-02 2.117621400987210190e-02 2.840619035176391360e+00 1.366909495539092134e+01
1.315153198841854665e-01 2.328584477258145019e-02 2.912576635366760591e+00 1.220717186647476105e+01
5.476188373562200340e+00 1.904470231369212105e-03 2.437425168162273614e+00 6.859761771452449253e+00
7.205860711219956860e-01 1.746623806121411562e-02 2.801881407501135790e+00 8.379551750525607190e+00
7.173959418482653838e-01 1.528893167331217204e-02 2.664847935453303229e+00 8.887605852546084151e+00
6.822274068642402156e-01 1.836828298758602651e-02 2.697852839975492856e+00 1.008481980557339241e+01
5.971125564007834230e-01 2.573478929133334731e-02 2.953766599544181748e+00 1.280199115382949238e+01
8.358901188217537914e-01 4.859286490296317422e-03 2.692825529385680206e+00 7.262530571235928711e+00
8.219130823627133209e-01 7.403385574328469505e-03 2.586751274345258533e+00 7.855056060572294108e+00
6.959273983220360948e-01 1.551060438070887663e-02 2.726145677098179121e+00 9.279840275939566396e+00
6.174255100901598903e-01 2.322212980028010021e-02 3.135990462736410134e+00 7.389145183649230120e+00
7.341043955634363183e-01 1.856846313924415820e-02 2.931725987282415069e+00 7.154013075434366264e+00
8.425488322767169524e-01 6.064115126111373211e-03 2.607033670836821582e+00 8.973170146734890551e+00
6.402095193599577350e-01 2.760012250331241729e-02 2.955538240237256531e+00 1.406061576564850135e+01
4.554586957666441616e-01 2.803395296164885170e-02 2.952790831345093459e+00 1.431676086922348645e+01
6.185940080010970954e-01 2.165308148991067563e-02 2.899471659118516342e+00 7.983372006234888296e+00
5.634589995939660589e-01 3.185928630199161282e-02 3.130644132168365346e+00 1.778531780625691283e+01
6.233113873782228920e-01 2.418675972712961905e-02 3.108124797578942111e+00 8.757609464410482047e+00
6.470580368057359255e-01 3.435387708193188283e-02 3.296827788558822192e+00 1.774996192810522189e+01
6.405963362853619447e-01 2.738979082801638182e-02 2.962483280242103056e+00 1.452408828697287646e+01
6.970063759834085326e-01 2.862273684434252924e-02 3.070201216670235489e+00 1.385202689961735523e+01
6.675391042440466105e-01 1.834372063115526433e-02 2.804468160982299452e+00 9.117509251877480736e+00
4.747519396133584313e-02 2.272316271341576210e-02 2.949495100644634604e+00 1.316345141739028080e+01
9.551328080599083559e-02 1.184218753839875841e-02 2.666035841972121290e+00 7.402135963603741153e+00
4.442093297584696898e-02 1.816947520585657228e-02 2.760548852882156456e+00 8.908841914618284008e+00
7.447073843551862415e-01 1.327543490304393566e-02 2.693650533249296597e+00 7.985810025793774081e+00
6.978061647999236339e-01 2.322135199106056119e-02 2.922203490986497343e+00 8.337442767066571392e+00
6.770903252355797708e-01 2.753773549377337010e-02 3.025980061383108044e+00 1.460214937570949090e+01
7.305987245031547728e-01 3.522000794091391992e-03 2.480665459665852612e+00 7.586794122995113909e+00
6.326849045486716783e+00 2.036271417191328273e-02 2.454842826235471787e+00 7.836842183173810206e+00
6.099381004495562086e-01 2.233056507208765890e-02 2.892502049382598805e+00 1.062113834414438074e+01
3.673570652734713393e-01 2.589089654721664358e-02 2.958499874122370699e+00 1.193227778349677770e+01
5.984026919116104404e-01 2.602410370579933199e-02 2.997527080389597032e+00 1.169789928375246468e+01
7.219788722457234798e+00 8.757577769523117867e-03 2.427409220027102688e+00 8.003590698250082625e+00
7.905615047974683396e-01 7.904682491953272938e-03 2.691565207696234641e+00 6.923884005701967936e+00
6.346162485754078819e-01 2.841235257758788213e-02 3.195069570114707602e+00 1.339896520238239930e+01
7.305987245031547728e-01 3.522000794091391992e-03 2.480665459665852612e+00 7.586794122995113909e+00
5.307425047481268976e-01 3.601086563675745924e-04 2.453995579629437707e+00 6.570924180797561576e+00
6.767638555960567848e-01 2.494423316367698831e-02 2.999131142267811523e+00 1.170366531764498319e+01
6.228836201248210136e-01 1.926144375246691479e-02 2.939927831918553114e+00 8.975855148814799733e+00
6.725849912302825917e-01 2.242355951844670833e-02 2.804251105854492110e+00 9.821123684467409021e+00
6.055473816174785640e-01 1.884243424414173626e-02 2.798918393887316114e+00 8.940566287830389314e+00
4.125178360419706758e-01 2.978356508075053269e-02 2.960852973545518019e+00 1.952397243942276361e+01
1.579056401540175969e+01 2.542876094858331215e-01 2.125817191631371728e+00 1.988806481553587346e+01
7.237872783874608196e-01 7.506636549789280199e-04 2.517375649314374186e+00 7.567156977633812787e+00
6.820661105378142963e-01 3.062860223240799259e-03 2.672158159724332016e+00 6.571725315980119220e+00
7.006245901825696176e-01 1.320368906144495438e-02 2.818947866207702546e+00 7.399187283658650749e+00
6.424750945982810046e-01 3.157670288010388376e-02 3.171181145706301052e+00 1.953382287715790966e+01
6.708772473311764850e-01 2.464639322503210661e-02 2.988742864994702320e+00 1.229936898039300708e+01
2.884889161316512940e+01 3.935620199325339796e-01 2.146332774952849576e+00 1.547238413814564950e+01
5.856442003331171486e-01 2.040208879045666418e-02 2.937501023638180442e+00 8.280005286771956463e+00
7.428994140726098294e+01 4.823664467129073485e-01 2.473084001837472456e+00 8.042828242126358163e+00
6.789019208763878055e+01 9.522480798090986465e-01 2.279954357707238533e+00 1.339258716621080936e+01
6.932875908448172808e-01 1.906865038815726970e-02 2.783846092730458466e+00 1.028986866429987757e+01
7.653631839990139518e+00 6.346190963710401922e-02 2.360105509003065372e+00 1.010157095774839320e+01
6.299897914730305803e-01 2.010472554565810588e-02 2.869260202415881089e+00 8.498645903591993900e+00
6.854138013454581513e-01 1.671047916908623490e-02 2.771436194313016355e+00 8.951667923880275879e+00
5.167988949131294141e-02 2.055845854126622449e-02 2.875393137804751031e+00 1.110750468788350886e+01
1.321000382305540022e+01 1.647931211416044928e-01 2.087512843122198980e+00 1.531636651951756534e+01
9.006302282699106820e-01 2.529306678351881440e-04 2.593204984838286098e+00 6.253910783751774893e+00
7.150221046743756581e-01 2.076749791928782229e-02 2.966927494638271323e+00 9.245853438635641908e+00
6.485114991018658959e-01 2.449703536204091842e-02 3.004464182990166599e+00 1.140878836262108287e+01
7.715273186213864598e-01 1.377893919059343733e-02 2.717340660751847992e+00 8.655321470996671707e+00
5.747903827503620944e-01 2.139488598156937676e-02 2.732937017016240144e+00 1.080129708592782123e+01
6.669104234547976739e-01 1.636925611204637782e-02 2.788275086746994980e+00 8.239984052889496979e+00
7.857783686090634712e-01 1.133885077933081791e-02 2.749129901351154093e+00 7.087143635282313170e+00
3.912304949103327933e-01 2.691769231760399173e-02 2.993777556863600253e+00 1.264611266196543582e+01
6.730691265382290345e-01 1.642068089549353349e-02 2.761888614073170878e+00 8.600367393240187397e+00
1.129328212652887936e-01 2.264105998812018794e-02 2.970006866767520570e+00 1.384713865072355610e+01
8.001261665923737887e-01 1.234312288595559165e-02 2.742415481867455984e+00 7.241428308888664844e+00
1.025246715843952661e-01 1.849483321121215412e-02 2.718287020494872586e+00 9.824609399376065255e+00
8.034442758958068032e-01 5.412937695985773831e-03 2.718795624306374226e+00 7.043034928508424386e+00
4.760696907035879377e+01 5.264838263204467683e-01 2.254507776316194700e+00 1.137205427661879042e+01
6.589928806112244075e-01 1.999517221323626401e-02 2.968142242173694711e+00 8.907148406022850295e+00
7.565415632125832568e-01 5.078568697178426419e-03 2.626505785775640867e+00 6.728665852297018191e+00
7.253720212502891007e-01 1.553611320732845025e-02 2.764796908300507727e+00 8.246796060418281726e+00
6.518306587508110317e-01 3.144993422685544993e-02 3.214239467669952610e+00 1.775559936773035474e+01
9.066683477696054538e+00 8.646191478935977151e-04 2.412030181565621323e+00 7.823032091779306363e+00
6.161857283717727674e-01 2.770967324093985551e-02 3.091023596811282914e+00 1.200018968373624517e+01
6.195884966198710320e-01 3.251724267725551731e-02 3.205416939954144784e+00 1.904264635614805101e+01
7.306392155451931769e-01 1.519961525858242769e-02 2.742768680800744541e+00 7.592949895663164028e+00
7.859323733597480821e-01 1.763686943835510385e-03 2.520107881938763228e+00 8.649298328409223302e+00
5.756083024146390059e-01 3.294488344089182424e-02 3.293096352102778290e+00 1.707358671760981039e+01
7.298901590905271242e-01 1.672517393801746174e-02 2.867728282888479363e+00 7.265088229016205545e+00
5.961875427342215872e-01 2.821484158860180017e-02 3.133582225374146546e+00 1.334752865055164328e+01
6.595492828264142293e-01 2.612033883424473568e-02 3.048507768317828326e+00 1.296984696366981993e+01
7.169559248175176869e-01 3.446935052318700408e-04 2.743738444297347367e+00 5.883630872674663337e+00
4.902351686521200791e-01 2.545508243890131500e-02 2.949429431937130808e+00 1.226913281710803894e+01
1.432432630295067000e+01 1.526278783013482465e-01 2.274063632771384569e+00 1.227546217248568361e+01
7.037826291242653687e-01 2.124211537160093644e-02 2.984302406862575641e+00 9.162234444375188858e+00
7.119030021716180601e-01 1.816021735441029558e-02 2.870635413741894126e+00 8.728555409734440218e+00
6.780968784021267348e-01 2.264456365308632063e-02 2.971413966787382677e+00 9.252566952352976770e+00
6.067430501564314849e-01 2.501888049505232581e-02 3.095214126256529585e+00 9.250398148037342949e+00
6.140344625875758799e-01 3.390655737349376059e-02 3.159557949740817495e+00 1.974520158802535263e+01
6.672813788183711292e-01 1.574058818026903908e-02 2.734258123355724823e+00 7.887256201038292502e+00
5.336944765276092539e+01 5.206889694033625116e-01 2.321503999817301267e+00 1.179389160306669382e+01
6.236547609878767551e-01 2.892966767157779603e-02 3.029038082510094654e+00 1.629167848396222951e+01
6.433474259935949569e-01 2.338937549415668823e-02 2.918324181174340115e+00 9.600025988308249936e+00
6.979741109775389196e-01 1.278546292446407391e-02 2.694324470583860265e+00 6.973733069274222096e+00
6.149674835997015476e-01 2.867137533350466727e-02 3.140262165551524376e+00 1.269903811783635561e+01
7.366064661643669353e+01 8.983340673026217749e-01 2.142557504958980896e+00 1.569128267409447375e+01
3.682895323182538760e+01 4.725575225379920474e-01 2.094423848932573939e+00 1.577168892355507523e+01
6.676088195600442532e-01 2.692949488971972324e-02 2.999676404707014576e+00 1.276796442791238917e+01
7.200243003345874193e-01 1.233669778909300858e-02 2.666572378263363241e+00 8.694757695916250029e+00
8.533294022024172643e-01 8.101249839804947409e-03 2.636720962054321937e+00 7.608667606282274676e+00
6.441557583063224346e-01 2.540654747327984742e-02 2.960133795115919675e+00 1.044290026778094038e+01
6.968104450874148537e-01 1.875516036271389353e-02 2.923151338171332991e+00 8.031633129889950595e+00
7.433986591946408762e-01 2.419454601650145639e-03 2.557599389615232255e+00 9.509402596528779839e+00
7.014020644721780107e-01 1.442922668166832581e-02 2.762879874885912024e+00 7.707528859923245435e+00
6.619753808104014148e-01 2.536337947888429173e-02 3.023872286854329516e+00 1.325481696294697898e+01
1.137596832622679160e-01 1.586091127780381305e-02 2.697386441928966150e+00 8.967281394339872591e+00
7.714219391614768329e-01 1.501365333925152234e-03 2.651195606939405813e+00 6.625365423990163372e+00
6.222787323645072588e-01 2.600890336577247122e-02 2.942032787882690847e+00 1.394940592897219389e+01
7.488743854841400927e-01 1.352151461632294938e-02 2.788688398835698745e+00 7.546104954104226437e+00
7.211385527667510953e-01 1.142886644232344109e-02 2.670815891253161656e+00 7.309395909574282868e+00
6.236355532569317628e-01 3.263018453529423907e-02 3.291860941158496257e+00 1.729461305712209196e+01
7.346252820927593463e-01 1.115965202138565968e-02 2.754139476939520215e+00 7.755352600801711738e+00
7.298368108491979367e-01 1.238555398864536056e-02 2.650334434352013879e+00 7.944218696401421198e+00
7.561399924717444598e-01 1.635941043666393549e-03 2.560803719537272816e+00 7.439292767482083235e+00
8.352977137443801103e-01 2.176403759824223003e-03 2.595065346279342933e+00 8.573421868343992003e+00
7.080554482522345427e-01 1.780381405606066419e-02 2.908347593703371370e+00 8.509252774774530792e+00
8.088658794518758244e-01 2.365650314391673243e-03 2.628995555274033169e+00 7.274584424451375320e+00
7.522518756567743159e-01 1.460730660558407119e-02 2.665608209766622938e+00 8.763739646546250484e+00
7.402541137206994915e-01 3.065788687368363030e-03 2.645784873865300035e+00 6.060849905550876215e+00
6.552621574817588623e+01 9.067923263921466859e-01 2.056628621915683297e+00 1.764944178525692919e+01
6.292240166387913503e-01 2.753160634090889500e-02 3.158305152788755787e+00 1.064436604758560456e+01
6.528295489948531261e-01 2.202549281785457294e-02 2.967195437934895708e+00 1.007923948157112726e+01
6.108985886693353295e-01 2.310409801181344258e-02 2.862115502170230030e+00 1.030913649839582824e+01
6.195501833894581090e-01 2.597731626713795788e-02 3.053889380847567558e+00 1.255389302458861067e+01
7.667969724643179941e-01 1.319337547705147669e-02 2.804545500504735056e+00 7.384932270682398325e+00
6.540032541060559756e-01 2.373239153908723170e-02 2.949110966745931428e+00 1.077196836655024015e+01
7.582606584066133859e-01 1.421482148196895161e-02 2.637693276972323364e+00 9.651800254848588168e+00
8.067157302954052200e-01 1.565877695572103975e-02 2.739573792096254401e+00 8.434806480446777499e+00
6.947499922698565644e-01 2.061080581575689200e-02 2.961815757855644993e+00 8.450801252729879920e+00
2.066584000659491949e+01 2.616707513462900869e-01 2.133212952261935857e+00 1.456179481239475137e+01
6.423011275170287249e-01 2.649023507754684134e-02 3.032743076088710410e+00 1.166625680329665471e+01
6.412978506088615749e-01 2.850155380961881188e-02 3.053316859709725772e+00 1.542276435683811187e+01
7.296925968434671006e-01 1.830083649228777393e-02 2.835625367075169656e+00 8.755168969917631827e+00
6.376228863664314961e-01 3.228852941339641069e-02 3.113788746146066710e+00 1.834223034461434310e+01
7.763520782809606446e-01 5.338609337300565319e-04 2.664439563914152487e+00 6.845081121435297788e+00
7.566132510904408637e-01 1.287731563631754755e-02 2.720238832615303970e+00 7.404436873392651997e+00
4.586347341109281439e-01 2.778837567758253579e-02 3.042159305231241007e+00 1.361383016031256865e+01
5.091115442757835341e-01 2.488244820252396086e-02 2.840253579308666065e+00 1.181126105370515056e+01
1.140325338670568206e-01 2.054972388451018622e-02 2.847745613025039813e+00 1.079391817184206914e+01
6.177951514055926019e-01 1.215225952322958845e-02 2.733933099447170889e+00 6.896825818492683169e+00
7.129414237807333299e-01 2.110287690081192116e-02 2.879175480160831579e+00 1.050167940914638010e+01
6.910373477440661105e-01 1.500699450692768305e-02 2.767506604568835904e+00 8.389653954804716207e+00
7.360840211217609674e-01 6.424845234696312723e-04 2.680143085635639633e+00 6.637879089787328546e+00
7.022621848883900952e-01 1.500674511618311016e-02 2.702546873469989119e+00 8.522743617320850618e+00
7.417434975139162168e-01 1.684796830182599958e-02 2.805385181019146579e+00 8.695951191061617180e+00
6.337838685302484842e-01 2.225195571335516695e-02 2.917344821323992754e+00 1.035365009800061031e+01
6.240808204354437727e-01 2.516457273353037150e-02 2.991298990401871194e+00 1.220507798894265861e+01
7.416789544786259736e-01 1.919310211358082191e-02 2.878721662737299347e+00 9.047722663844853130e+00
6.247909527674415653e-01 2.480633349315202255e-02 3.041365821541638592e+00 1.082425627925680089e+01
7.072876716332897606e-01 2.059610356615230661e-02 2.813102702845429626e+00 1.012927164203385111e+01
8.399306928372701764e-01 9.605004086340531181e-04 2.622948960903525695e+00 7.594590803229202436e+00
4.720422681549336641e-01 2.644932507009585543e-02 2.866687365270333743e+00 1.446031469188224428e+01
7.026346780852320562e-01 4.110979928101055926e-03 2.588543645420179118e+00 7.399924007979543639e+00
6.467400646143738330e-01 2.941949282007304614e-02 3.166107517362799939e+00 1.591280554629133270e+01
6.908291063619786954e-01 1.810359045297525032e-02 2.895545534696047696e+00 8.485957081746075659e+00
8.783227697800549683e-01 5.652519878390802749e-03 2.686027881039275478e+00 7.762813538305014305e+00
8.116354763980350162e-01 4.919850354049593380e-03 2.601955403283577883e+00 7.906768560810333746e+00
1.447971239514612485e+01 1.173492312070448657e-01 2.259013789657854598e+00 9.687478136795672157e+00
5.393384562551787553e+00 6.751314984469289522e-04 2.481423892473471504e+00 7.623197111024539119e+00
6.297453472204737057e-01 2.910585225684053645e-02 3.020218868027136239e+00 1.600694348704506353e+01
7.702666966232116774e-01 1.394338670203018257e-02 2.735686766525938118e+00 7.336828213371190621e+00
6.161452109534059085e-01 2.709784861215380411e-02 3.035611987714727622e+00 1.272580166444058491e+01
6.361846940695385921e-01 2.617017667617620516e-02 3.086986134080066169e+00 1.204370949822024173e+01
1.734321812341419466e-01 2.709044870335347924e-02 3.010288003955784220e+00 1.784499336783627754e+01
6.288911223199838973e-01 2.554507108668495341e-02 3.038494250140132191e+00 1.320168394617721574e+01
5.573915333884107426e-01 3.033273093027255563e-02 3.122195761145800663e+00 1.587848588912099501e+01
6.564385735603601724e-01 1.775082355228102537e-02 2.784977069839009278e+00 7.762428074121925370e+00
6.561515267604245416e-01 2.510988598260038840e-02 2.989463870406609658e+00 1.306946179687743381e+01
7.874410086731418179e-01 9.604746798684694713e-04 2.695676049817743447e+00 8.197583405369638143e+00
6.815747571689435569e-01 2.290867324431507257e-02 2.996381249351419473e+00 9.873649699039086514e+00
4.772570029947005854e-01 3.090344842102199507e-02 3.071159236714902541e+00 1.587360011860311815e+01
6.562625804115070904e-01 2.690406104404757109e-02 3.071941219722035932e+00 1.355057310029388518e+01
5.750536083695116929e-01 3.367205884558868711e-02 3.245798330370942786e+00 1.891198427825315775e+01
7.809546135153898616e-01 1.459995512806230855e-02 2.660974767634997296e+00 8.726546290048290189e+00
6.621655258377807662e-01 2.164245537700742669e-02 2.799612899654726483e+00 1.037210875200678650e+01
7.109283915527419673e+00 7.357435308256375650e-02 2.271841807666858504e+00 1.172731907369923654e+01
5.741320640344565795e+00 2.519217676232544598e-02 2.391091703359173426e+00 8.452055069500049811e+00
6.133373068152080387e-01 3.122098192417886373e-02 3.207795262105907597e+00 1.863002067676905682e+01
3.859492162972082974e-01 2.414503317203896965e-02 2.905910831015026119e+00 1.259823070201143835e+01
6.857262925504781226e-01 2.921649250179419316e-02 3.101048357378968667e+00 1.370097956745314249e+01
5.269758319140683156e+00 1.949140955704290953e-02 2.418252174849304659e+00 7.906312952081513856e+00
6.986494602059007963e-01 1.854478202587120025e-02 2.794573172908572545e+00 7.980559293359484663e+00
7.702666966232116774e-01 1.394338670203018257e-02 2.735686766525938118e+00 7.336828213371190621e+00
6.706349039882869567e-01 2.041695791837881344e-02 2.937354507978165330e+00 8.664825979596292527e+00
6.624361898047966823e-01 2.058315490084424229e-02 3.014927388524357710e+00 7.509515026916295355e+00
6.590020356520189804e-01 9.284025242459616190e-03 2.579739181009102822e+00 8.119495316065226120e+00
6.723729916794553008e-01 1.684018846244639267e-02 2.787586970421499721e+00 8.236020057782694082e+00
5.676829072839097989e-01 2.804059589930325488e-02 3.115130293138959505e+00 1.488132016049500272e+01
5.206592695670569926e-01 2.310256324448560494e-02 2.979872630551879897e+00 8.897467859481551500e+00
5.488973972625619258e-01 3.235771817730810629e-02 3.157912418480365080e+00 1.865458825296909495e+01
6.383830577549587382e-01 3.216496884560811342e-02 3.313455847252888553e+00 1.742615181673291147e+01
9.522799912670698586e-02 2.308034325035644707e-02 2.959074464254066505e+00 1.371698508714852416e+01
6.087471196652776140e-01 1.587021604786223797e-02 2.781900868485601030e+00 7.421245023638995519e+00
4.723131781126984480e-02 1.666014718058090455e-02 2.870419285322015845e+00 8.440350594461806466e+00
6.219375291537724282e-01 2.953987270883388916e-02 3.121649185047723485e+00 1.340843465038664917e+01
7.472838627268864720e+00 3.864016708517849924e-02 2.422458029367581034e+00 7.145241739173210149e+00
6.990727614909065801e-01 1.359121474016613748e-02 2.739839446250034172e+00 7.677970928143060370e+00
6.388771395167307521e-01 2.841375538585155791e-02 3.137240243600015521e+00 1.449019758930107571e+01
4.930584842452757632e-01 3.253563824163271945e-02 3.131437537026075635e+00 1.902235267464651969e+01
6.060317375404403739e-01 3.454503945914338958e-02 3.292461442360382851e+00 1.880474819334625991e+01
3.365056951756058012e-01 1.557964312333073517e-02 2.659738966268406113e+00 7.915483086119841083e+00
7.451363355551290368e-01 2.054762918763402765e-02 2.839579299526917566e+00 1.065598467517194159e+01
6.732948325774029463e+00 1.127252918083143651e-02 2.429954342029544190e+00 8.801093940154833817e+00
6.855904279784564848e-01 2.144891848055508268e-02 2.891733507131158731e+00 8.561723239144193087e+00
3.483152528863461134e-02 2.168448978252598275e-02 2.933632001785610566e+00 1.489784772178944294e+01
7.175878919511947673e-01 1.656404091090832656e-02 2.759503018943625818e+00 7.982976345061372214e+00
6.571916065009780761e-01 1.452110387784069645e-02 2.604062921322306767e+00 7.319893374191945412e+00
8.635257801541948997e-01 2.682727802746450352e-04 2.619660690036734518e+00 8.321955990227092315e+00
7.346252820927593463e-01 1.115965202138565968e-02 2.754139476939520215e+00 7.755352600801711738e+00
6.723370320880438511e-01 2.281897957883656514e-02 3.069446127534535940e+00 9.249624614931498456e+00
7.406385461021683270e+00 2.316748585889131726e-02 2.337508085157752991e+00 9.439347919893840810e+00
7.565249084947422986e-01 2.905370310897141908e-04 2.603318200810858851e+00 6.710105174798572492e+00
5.757678225242539582e-01 2.742871358570287202e-02 2.951998271293406084e+00 1.290273690553049413e+01
9.461578993196435861e-02 2.093572093343481003e-02 2.974974129462896855e+00 9.439624441778736497e+00
5.419939219214110482e-01 2.536818615598145088e-02 2.869522933785894736e+00 1.269323393063150363e+01
6.205044569780019392e-01 3.057031592755812127e-02 3.228210253881799829e+00 1.682443426632902472e+01
6.535942078516032705e-01 1.896050917634294411e-02 2.795033014123637471e+00 9.702985336774521130e+00
6.023028636712186579e-01 2.310131289634245744e-02 2.815935960997190790e+00 1.126950657323629734e+01
6.243092292598718673e-01 1.957472863957861187e-02 2.886219995444678776e+00 8.331443739334037701e+00
6.631044700269148606e-01 2.749122445339548942e-02 3.005731853462216829e+00 1.299594310502657457e+01
9.061264893829093503e-02 2.529002117904430302e-02 3.103954940803697493e+00 1.323581851434748202e+01
3.104065681870357002e-02 2.112502076934374973e-02 3.113320229405836415e+00 1.151428834158702941e+01
6.406559762923016432e-01 1.667879079761938957e-02 2.680327406380692334e+00 8.096434973985223493e+00
6.387070957994187559e-01 2.705990825905181529e-02 3.019997307654670227e+00 1.340883980040690382e+01
4.400435669145662310e+00 4.439808228865901006e-04 2.399816838412183628e+00 8.903169850246801076e+00
6.772592004824236067e-01 1.976671177314355543e-02 2.843940013938919265e+00 9.092905995070719172e+00
7.634826791381401634e-01 1.719429931213902960e-02 2.822214170412141510e+00 7.741907218482960928e+00
7.071150902354552681e-01 1.708087383232265860e-02 2.794402560179364947e+00 7.935171005407516631e+00
2.455240768068159551e-01 2.137391093187639493e-02 2.748294223488747079e+00 1.165915979068758723e+01
7.741243257381265064e-01 1.738518283398729925e-03 2.620427193182075065e+00 7.392761025575551592e+00
3.663199589224475777e-02 1.905862334605023384e-02 2.913948791539225258e+00 1.145078265445064503e+01
7.409133317201113123e-01 4.648622141746869057e-04 2.597126538731687972e+00 7.260659172259937399e+00
5.984845241308527353e-01 4.822876387744996296e-04 2.677506080897557261e+00 6.105468413335493061e+00
7.220361818755844929e-01 1.429164025609398238e-02 2.654360795741702361e+00 8.093659702412931978e+00
7.298368108491979367e-01 1.238555398864536056e-02 2.650334434352013879e+00 7.944218696401421198e+00
7.563975526455964937e-01 1.936717598298242455e-03 2.700639331896034889e+00 5.943449588652213400e+00
7.472838627268864720e+00 3.864016708517849924e-02 2.422458029367581034e+00 7.145241739173210149e+00
1.991128411692734446e+01 2.190511345149892541e-01 2.226026202783640606e+00 1.225282446123824442e+01
7.981861974693962303e-01 1.327041695790627876e-02 2.737510935713373339e+00 8.549365164547459983e+00
6.168360259580255578e-01 3.156418739413153346e-02 3.143609128530039598e+00 1.950165663674878758e+01
6.315760665841603227e-01 2.414394326590751233e-02 3.036280040586228246e+00 1.109472788337674132e+01
1.036017068478968239e-01 2.490713360964891612e-02 3.041241713538100910e+00 1.305087876280409809e+01
6.746638861044612634e-01 3.830257897952955154e-03 2.679472072406327676e+00 7.084622606107112475e+00
6.427240932569846521e-01 2.143581698446173772e-02 2.972332051182032142e+00 8.006904590798605170e+00
6.711645006344301834e+00 2.987813655970004197e-03 2.470780160112104884e+00 7.574215995225143772e+00
5.494999302772951566e-01 7.996348984642008464e-04 2.527936550369466850e+00 7.512582619476143364e+00
5.531429438815949062e-01 2.070515452043917085e-02 2.884360914798571596e+00 9.900121778640395220e+00
6.095915100726688740e-01 3.332893757291367082e-02 3.165170616372485757e+00 1.879311377449824860e+01
7.117167326755146073e-01 1.461881712867526759e-02 2.848523304813091350e+00 6.437892486020277971e+00
5.999645269498990352e+00 1.982371233442693781e-02 2.314637041260013461e+00 9.824925797383277981e+00
6.991941572469881905e-01 2.015314162421686511e-02 2.915315697763603886e+00 8.579526849156959400e+00
6.450773664983147082e-01 2.202117200260269095e-02 2.883461642171828654e+00 1.016612016411013286e+01
6.705123648983849494e-01 3.016529137669714949e-02 3.173851364373115658e+00 1.548205157916224017e+01
6.067038841863025000e-01 3.499165487867925833e-02 3.456644673302683657e+00 1.604884145825348440e+01
3.294776113458272038e-01 3.053329821794871501e-02 3.188171945693987208e+00 1.688999912621448374e+01
6.167675652980948442e-01 2.415409181370857528e-02 3.002664514345360303e+00 9.467231614553881514e+00
6.622664716792029393e-01 2.367780988847693890e-02 3.069802902143244250e+00 1.095647017378317756e+01
5.875251527329422174e+01 8.426962052193945896e-01 2.096573017500600766e+00 1.890804188073607506e+01
6.699605166581256377e+00 2.953687601462269205e-02 2.396614259615621023e+00 9.155206796138507741e+00
6.980948241854565417e-01 1.519622966407693267e-02 2.961227303736649219e+00 6.548783305573773639e+00
1.424333813376779945e-01 2.274346867653463319e-02 2.917551008376539912e+00 1.234127850472859578e+01
4.939198262160709452e-01 2.413768083129253644e-02 2.818504107238258172e+00 1.129680700019987682e+01
8.601556442791921109e-01 4.272192691276844429e-04 2.593200455884498545e+00 8.183360248082498956e+00
6.426447019601627675e-01 3.299159442518131286e-02 3.154811577463815908e+00 1.929307851707837784e+01
8.212428156278486213e-01 8.686511799194019182e-03 2.636368733490290772e+00 7.799101775514154511e+00
6.995970058942850756e+01 8.974271931841775185e-01 2.202305813893709274e+00 1.411820718187265555e+01
1.436620195430804436e+01 1.778848588234626937e-01 2.177819877158651884e+00 1.391155201190131763e+01
3.912304949103327933e-01 2.691769231760399173e-02 2.993777556863600253e+00 1.264611266196543582e+01
7.913594426732618869e-02 1.877679462136748814e-02 2.958720057693240868e+00 8.399953052507667550e+00
7.617892716354187632e-01 1.679425477921661289e-02 2.821075067749188481e+00 8.801681706609304712e+00
6.012485831152293292e-01 2.038439318816891166e-02 2.856639681248800855e+00 8.407532228948197073e+00
6.538955013050770093e-01 2.898224447908524098e-02 3.064539011122792811e+00 1.721692474612130042e+01
7.384952878476946925e-01 5.409767101890684479e-03 2.631178422260300742e+00 6.644806898060183542e+00
6.424617717483706025e-01 3.377692798259187418e-02 3.123466409657012832e+00 1.921175005717568851e+01
5.848830375466053111e-01 3.234191089317585421e-02 3.329992044995009337e+00 1.289354201769613262e+01
4.534219965068290309e-02 2.093432117071656814e-02 2.948815421975981010e+00 1.231146206742895721e+01
5.841754334569773555e+00 1.108639583388130578e-03 2.432668401981953554e+00 9.167209527579755601e+00
6.671265908565284786e-01 3.144733699871440913e-02 3.134991269561847371e+00 1.920483960323823069e+01
1.914321058434886036e-01 1.800259419659223578e-02 2.716669761650591042e+00 1.154066572084113673e+01
6.616896866479414774e-01 2.082281680709639066e-02 2.967965354502263065e+00 9.491911782665516384e+00
7.617892716354187632e-01 1.679425477921661289e-02 2.821075067749188481e+00 8.801681706609304712e+00
6.433453998272412599e-01 2.863091790677223941e-02 3.015886489764461942e+00 1.533196930680317038e+01
6.971716960017252385e-01 1.799499512450327549e-02 2.664336051565335595e+00 9.659465839608118998e+00
3.798605917760138340e-01 1.943562719581435477e-02 2.732444623202758827e+00 1.041195318692872362e+01
8.001261665923737887e-01 1.234312288595559165e-02 2.742415481867455984e+00 7.241428308888664844e+00
6.910091807806646447e-01 1.332869676450746180e-02 2.743248712273386403e+00 6.801086484732149273e+00
7.683934737986095609e-01 1.433298564083489157e-02 2.635662240583888760e+00 8.542886087937930029e+00
4.881824994323021027e-02 1.138668896248858087e-02 2.602808625382773577e+00 7.987054690266258916e+00
7.082279265029164383e-01 1.643667663404640641e-02 2.716051952205420505e+00 8.805871854164063706e+00
6.906151659157440115e-01 2.073594884377871761e-02 2.869630481266714384e+00 1.019888576482711251e+01
6.271571374103100949e-01 3.290728009826770356e-02 3.238900197283240967e+00 1.483457080936667083e+01
6.611528089556474308e-01 1.892461930575218415e-02 2.892180557733877055e+00 9.055456035873795884e+00
7.766146277756580396e-01 1.165275111976915232e-02 2.648811196204766460e+00 7.154232430111052032e+00
7.318533709157775125e-01 1.832143525788132096e-02 2.915323007722299575e+00 7.237882872503919707e+00
5.403459091396106473e+00 3.867160772619945841e-02 2.470943849502004852e+00 9.644401376837693718e+00
6.614213659130903089e-01 2.323089144089587540e-02 2.944290688513948595e+00 1.192161984117762863e+01
5.538275879127425583e+00 2.004107985745828477e-03 2.440408722127896723e+00 8.445087353488851534e+00
4.385928739208562632e+00 7.493321158727833664e-03 2.359134950113687346e+00 8.630993116684523514e+00
7.528936460535262665e-01 4.755277947462795314e-03 2.564506577416665767e+00 7.465748706507103982e+00
4.473838802961671135e+00 1.746400597203991720e-03 2.454656874267777233e+00 8.000667113433014066e+00
8.219130823627133209e-01 7.403385574328469505e-03 2.586751274345258533e+00 7.855056060572294108e+00
7.241774990606633655e-02 2.328676965683454392e-02 2.943735104779948486e+00 1.414637758252026423e+01
4.441382188544881759e-01 1.200605568568925176e-02 2.558834398744824767e+00 7.020514514558174213e+00
7.109283915527419673e+00 7.357435308256375650e-02 2.271841807666858504e+00 1.172731907369923654e+01
7.037546106546092028e-01 1.314188912036233330e-02 2.729544910185762063e+00 7.265560711062143184e+00
4.332312430265045577e+01 6.624721836598139735e-01 2.145732473011877861e+00 1.882224615090640185e+01
6.975894176452015483e-01 1.423852350232015888e-02 2.698114586781007684e+00 8.026248651628030473e+00
6.787178488845209134e-01 2.012170484007414579e-04 2.627705526657114099e+00 6.457157938915406348e+00
6.973437097500867488e-01 2.668547209003254567e-02 3.116307653711710479e+00 1.147364306678779222e+01
6.100179780171866017e-01 3.021629943728364187e-02 3.265121375215881638e+00 1.284817888783983975e+01
6.866823965622252945e-01 2.258686936302355813e-02 3.027593055364588448e+00 8.204442464091814102e+00
6.897549716902782180e-01 2.453902650819947406e-02 2.997286137463698097e+00 1.199781057030578069e+01
7.278066399355267002e+00 6.009531518309919884e-02 2.301626280362822463e+00 1.003167946742694383e+01
6.652326239481185510e-01 1.958599861764004357e-02 2.830318840944892944e+00 8.120242861891306063e+00
6.865167844646402617e-01 2.381000909211462846e-02 2.995993081530461843e+00 1.048368163592366287e+01
7.995208005153515707e-01 1.597688672486741797e-04 2.526083516030258380e+00 8.196902774039006800e+00
5.512271366567060571e-02 2.432419445645107869e-02 3.051091955992213389e+00 1.642590158191688587e+01
7.981737894527670685e-01 9.235207352855647964e-04 2.545100592324769817e+00 7.052044548343154418e+00
6.420094411113656807e-02 2.410020672908570055e-02 2.927313540488614585e+00 1.601183725176954908e+01
8.127948054806165556e-01 1.315313033438230902e-02 2.674810915864016536e+00 7.423547737528231494e+00
5.980725928475154607e-01 2.377752791181212202e-02 2.911884655650240461e+00 1.167878315201928530e+01
6.301457026572684361e-01 2.957992287168945827e-02 3.142793153307617438e+00 1.374703244476355302e+01
6.439577460629096750e-01 2.181859028948221479e-02 2.918093397063638239e+00 8.739202276045894280e+00
7.483106393787984922e-01 1.817590314985263788e-03 2.582150336039140903e+00 7.466870277344070495e+00
4.668816142575222400e-02 2.117312166283164682e-02 2.966540522338929620e+00 1.255737507139790488e+01
6.963135619094956930e+00 4.182219336454525566e-02 2.260823028198210682e+00 9.076107612605129660e+00
8.762361400971654390e-01 2.659044839448481811e-03 2.594427838203513748e+00 6.680300252722032539e+00
5.424911862999589829e+00 3.940049734147238469e-02 2.350552658788931382e+00 9.680578183170476692e+00
7.735299750786729378e-01 1.493231720418854852e-02 2.781200286854101034e+00 9.161216808318993543e+00
6.296893124077368453e-01 2.952361731946238563e-02 3.124651741668131422e+00 1.677125468655742679e+01
6.612260695403590072e-01 1.503919625870141219e-02 2.590491526131866173e+00 6.995503031094436608e+00
6.231988368302279202e-01 3.368573596868977560e-02 3.219281650446443432e+00 1.961413118602439454e+01
6.474174200505721233e-01 3.156288979124910465e-02 3.264644494061536228e+00 1.638640762297465514e+01
5.651736058069792845e-01 2.370093345116532427e-02 2.959523989847365755e+00 1.084361368517414448e+01
9.121004870383080387e-01 5.557854706646477103e-04 2.558782109123200144e+00 6.877735596287947395e+00
7.674366357105559810e-01 1.037870350806914532e-03 2.668180319359818586e+00 7.510006005024045805e+00
6.001943662035380989e+00 2.562070374165841338e-02 2.323101306678478473e+00 9.403981864325796636e+00
5.793703980697512135e-01 2.557017005321494257e-02 3.089727673632943095e+00 1.104310966421980211e+01
8.207758502779215481e-01 8.467021334333376878e-03 2.731385099881980860e+00 7.583163515478381633e+00
8.101246809318944919e-01 1.087593446528328962e-02 2.602702920313658019e+00 8.177902472631247477e+00
6.324176214672033725e-01 2.719286545864132987e-02 3.032942042071208988e+00 1.208772038248259051e+01
6.646899312760079503e-01 2.266812467407806897e-02 2.921624612580733249e+00 9.658804581612070450e+00
7.099745259899233885e-01 2.040675056630094839e-02 2.812610953840164463e+00 9.839501382974766841e+00
7.348609114897516337e-01 1.537223681762676204e-04 2.698608608472300219e+00 6.773937842923532848e+00
6.569336888872239211e-01 5.027466058573377018e-04 2.596502254425773870e+00 7.062927497507257790e+00
6.284090359880015741e-01 2.995136131013683908e-02 3.045377243509640230e+00 1.868396171510578085e+01
6.461430289793390624e-01 1.997305518059290866e-02 2.832935911991053324e+00 8.391238656689388620e+00
3.056503458477033766e-02 1.685662504182233387e-02 2.857425288882127212e+00 9.872945471634229975e+00
5.765339555328326260e-02 2.433591872202038597e-02 3.037949430195691747e+00 1.541858915498925064e+01
6.851712384393250366e-01 2.833737753497965473e-02 3.157343292925578915e+00 1.342815864275369719e+01
5.622909023614573343e+00 3.719573953624587259e-02 2.356960638704826305e+00 8.252395538281390941e+00
6.440308394783853529e-01 2.560714746701812580e-02 2.972290799257418570e+00 1.169274907976934230e+01
7.866980649889309118e-01 1.441451389082966047e-04 2.633392145692906361e+00 7.531075032573890660e+00
6.365756392463838287e-01 2.831288672069328174e-02 3.111511688496412908e+00 1.377795996276277357e+01
6.715319529718495328e-01 1.314805202311160673e-02 2.651883736394130331e+00 8.318252267161636127e+00
8.571843894072687098e-01 5.519187216937530491e-03 2.634292621637432941e+00 7.790912077847492512e+00
7.430128727426313917e-01 2.367953795253618932e-02 2.917431591547074987e+00 1.239299375039075990e+01
6.022191838724006985e-01 2.619213851556319306e-02 3.020737562550665167e+00 1.211152686631750974e+01
6.746638861044612634e-01 3.830257897952955154e-03 2.679472072406327676e+00 7.084622606107112475e+00
7.027485041515226794e-01 4.375647827536285027e-04 2.611513353804669535e+00 6.607504545490501258e+00
6.554965872981004527e-01 2.480102720054970164e-02 3.018366225596109231e+00 1.115600602885104031e+01
3.236012828741785530e-02 1.854048703710366175e-02 2.875473566667154479e+00 1.005857763883878420e+01
6.594513861757131945e-01 2.305456366028278692e-02 2.967805469672674334e+00 1.005273171466507520e+01
7.001377902689368549e-01 5.140397419477623318e-04 2.549091957725601709e+00 7.160264340505039904e+00
5.456509215287349557e-01 1.475595597009718093e-04 2.604949841662188348e+00 7.048332862007016253e+00
6.336253710161715569e-01 2.986836390121514612e-02 3.216536883200751262e+00 1.584388905303392647e+01
6.854138013454581513e-01 1.671047916908623490e-02 2.771436194313016355e+00 8.951667923880275879e+00
6.007023807518673486e+00 2.621787360621692306e-02 2.426199710637598983e+00 8.314935895080392214e+00
7.131212202567689395e-01 1.684825642682040436e-02 2.825703759964069306e+00 9.012442240442172903e+00
5.156224255542760648e-01 2.024536926172779486e-02 2.708053988487761909e+00 8.770394744544596222e+00
7.265989088204035662e-01 1.452680943302222388e-02 2.719584761127774364e+00 8.084668692235943865e+00
6.691399797394296245e-01 2.557429335232244347e-02 3.008654715366966492e+00 1.397807843037004538e+01
7.359724455512403063e-01 1.526981181668203439e-04 2.560979487961566825e+00 6.413160910887302002e+00
6.493847423464532698e-01 2.598257934005445205e-02 3.142863145426738392e+00 1.136991065271676327e+01
6.888470703697133768e-01 2.449691309964874275e-02 3.086110720319171108e+00 1.067988554117572519e+01
4.726579157641430107e-01 2.888079765203175123e-02 3.032072527613175694e+00 1.511051921102335527e+01
8.928272834164083349e+00 4.943245274937121264e-02 2.472757745427850651e+00 7.976677735047128515e+00
7.911496737297605275e-01 7.466811966583867480e-04 2.581348709180943946e+00 7.594300382221160106e+00
2.142010058691548868e-01 2.455962411448277261e-02 2.889709339795911269e+00 1.313675023114037721e+01
6.966774588076856123e-01 1.790508553316367754e-02 2.744706412748218582e+00 9.204642535660919833e+00
7.774320401103052003e-01 1.198644363207287955e-02 2.794693935195285306e+00 6.470762649815424261e+00
6.280714924628213458e-01 2.622365686860460635e-02 2.950935509852420591e+00 1.566884237902723598e+01
6.554031712612125027e-01 3.051373355042308680e-02 3.179083293160267054e+00 1.587273227637389184e+01
6.016872700799900109e-01 2.485094683320772727e-02 2.903243078685590284e+00 1.105907463709408667e+01
6.358700159300787469e-01 3.137956980099643189e-02 3.195641234236512140e+00 1.495357558585756230e+01
3.252148274044670134e-02 2.183079340823284795e-02 3.033948840502662669e+00 1.354891419494227200e+01
7.234043745085330102e-01 1.545787072963369577e-02 2.664117295846065048e+00 9.021430255205848070e+00
7.265606875182141211e-01 1.614179280132955682e-02 2.803728902296692915e+00 7.760257626487655713e+00
7.049880131964285646e-01 1.926302366780800399e-02 2.914829302368345143e+00 8.898059303105313234e+00
6.709226706332915846e-01 2.468708784144668655e-02 3.107754939175527475e+00 1.046074632829717466e+01
6.336253710161715569e-01 2.986836390121514612e-02 3.216536883200751262e+00 1.584388905303392647e+01
2.409059242161631786e+01 3.551321466222659515e-03 2.472583925648353720e+00 6.189171974156904454e+00
6.480372708671852111e-01 1.898857096152795423e-02 2.923045307208194110e+00 9.422440274491139078e+00
6.129869543335053628e-01 2.575694686195263358e-02 2.920952733123320044e+00 1.123084339744265492e+01
7.921897834156369500e-01 3.739647734054303693e-04 2.634268463289847872e+00 7.816563230203934509e+00
6.523581178469073372e-01 1.758767837654563043e-02 2.788675707246621727e+00 7.633699100823852390e+00
7.107171028042774674e-01 2.190002520666194108e-02 2.982995651046255414e+00 9.966583312329181155e+00
6.401874022286868637e-01 2.627251806203631176e-02 3.027649870135164178e+00 1.213640041544351078e+01
5.488973972625619258e-01 3.235771817730810629e-02 3.157912418480365080e+00 1.865458825296909495e+01
6.255984558180956334e+00 2.196480015213810727e-02 2.415067464104538875e+00 8.762818507290660364e+00
8.295504076995291465e-01 4.267872432770668722e-04 2.552285405372750837e+00 7.776377304385245992e+00
3.290665897062678563e-02 2.089684742156318331e-02 2.939083695448362121e+00 1.399204396374955728e+01
2.318058348020290893e+01 3.394917433814216290e-01 2.023504856309001454e+00 1.914727642074719682e+01
6.119456637210010097e-01 2.984436639433647731e-02 2.932199209605533596e+00 1.841902659325105418e+01
5.875216372513979435e-01 2.606741517406950537e-02 2.995643127340019696e+00 1.369138916127148065e+01
8.524107406634258144e-01 2.151081485975651485e-04 2.631357053541963698e+00 7.602795908055557383e+00
6.082066359835411884e-01 2.433743355525154473e-02 2.890854159096623466e+00 1.270223449809289207e+01
1.025246715843952661e-01 1.849483321121215412e-02 2.718287020494872586e+00 9.824609399376065255e+00
6.470580368057359255e-01 3.435387708193188283e-02 3.296827788558822192e+00 1.774996192810522189e+01
6.637644343392006263e-01 2.726480527187198633e-02 2.987862438964868694e+00 1.180769945254390585e+01
5.797065965308585422e-01 3.069898243277810468e-02 3.152009267897506462e+00 1.579583540907421124e+01
5.725169899163886633e-01 1.699683964282785141e-03 2.630235513151562010e+00 6.258058455463856085e+00
6.921580026508042938e-01 1.327749273698173443e-02 2.686987532869552275e+00 7.160969347369126936e+00
6.627857793990834523e-01 1.559935537610412579e-02 2.853411764004266882e+00 6.989604233706360858e+00
5.913584350806861956e-01 3.264701675055416141e-02 3.214422511939583060e+00 1.820258816583012518e+01
6.998883626329042151e+00 2.526407545335771637e-02 2.352253991486178641e+00 8.903773307126249037e+00
7.004493358302492645e-01 1.975384892434750572e-02 2.732252983938706858e+00 1.088717715463714164e+01
6.831864434716594658e-01 1.899088611724010500e-02 2.913414739835360923e+00 8.115542100564876904e+00
7.067395090343430164e-01 7.348693813444170421e-03 2.579631824404531315e+00 8.328842290829221895e+00
4.717323291214662317e-01 2.333603781259623380e-02 2.881205536939461354e+00 9.876356733199267879e+00
7.217814748291437876e-01 1.873873710617954269e-02 2.866417012376202500e+00 7.716305728549989418e+00
6.444795166793766406e-01 2.224716849206635066e-02 2.780864969379214457e+00 1.292983598737803064e+01
6.755757705279978431e+00 3.950349092673299811e-02 2.384543512125414377e+00 8.444998777801121292e+00
6.876564747160675006e-01 1.624081196538441213e-02 2.699265492575299685e+00 8.750137292167469383e+00
7.536753039065438031e-01 1.074166355931669911e-02 2.737051643744681240e+00 7.245356578555318450e+00
6.943085140793850973e-01 2.157889841903248493e-02 2.809895259339788787e+00 1.172044736473209170e+01
6.884301399981730407e-01 2.251079370879630406e-02 2.782822652497058513e+00 1.158350708249608907e+01
7.278066399355267002e+00 6.009531518309919884e-02 2.301626280362822463e+00 1.003167946742694383e+01
7.246671820053539603e-01 1.358735700216107123e-02 2.681184507007234430e+00 7.212652315662676727e+00
6.365528059025343799e-01 3.337941612944465841e-02 3.230289367556811619e+00 1.863472494060589923e+01
1.245141206256833222e+01 8.515113282978760412e-02 2.465095230794401626e+00 8.786082267520864519e+00
6.189828753880399770e-01 2.533109907507499411e-02 2.884144538891372456e+00 1.457169610440192109e+01
6.841114714630887050e-01 1.687168876134138157e-02 2.734885369253528431e+00 8.519483469500528372e+00
7.342269629618767279e-01 1.251467620243097711e-02 2.620537297650349373e+00 8.091078321017423747e+00
6.370829338033016098e-01 3.213896556444653663e-02 3.163083553771811829e+00 1.769464476841472234e+01
7.246671820053539603e-01 1.358735700216107123e-02 2.681184507007234430e+00 7.212652315662676727e+00
5.732915162519429231e+00 3.489566937304581541e-03 2.488836492578635706e+00 6.523052079403919734e+00
3.939068128334181906e-02 2.091650235898785681e-02 3.030146899126747506e+00 1.068702260348709743e+01
5.827627237380309522e-01 2.762994946005718072e-02 3.109624229279317476e+00 1.172228145711608427e+01
6.136209040773866752e-01 1.152101722606363975e-02 2.713527198620397041e+00 6.128827236110870658e+00
5.144338503965767417e-01 2.407196260853458961e-02 2.932343314170407389e+00 9.929642612969015403e+00
6.551721632316657162e-01 2.230323181781327171e-02 2.951076094228693769e+00 1.042965852614204536e+01
7.379786132666550369e-01 1.713454499741842371e-02 2.803293234398689382e+00 8.675166362772547046e+00
6.519207833730352730e-01 1.878965583714494944e-02 2.789469752389271306e+00 8.192584242725388322e+00
4.517749622912273999e+00 1.434379022195778368e-03 2.327430049648646637e+00 8.612050216140220371e+00
6.310590403938569626e-01 2.313752734318148818e-02 2.967890366261983992e+00 9.506325242806067166e+00
6.323969680326867460e-01 3.014208815443659636e-02 3.161847841211392396e+00 1.556872919297744851e+01
8.480001057691107791e-01 7.501456656685955710e-04 2.612733883021083336e+00 7.912246737096859661e+00
7.331268317139223445e-01 1.768658452121241870e-02 2.776784874746682785e+00 9.494552878473530910e+00
7.038834808279477162e-01 1.046345200275360099e-02 2.561321036061294798e+00 7.329809781861723827e+00
3.352578566265401738e-02 1.657215547068422584e-02 2.696702345331067896e+00 9.844986745285588370e+00
6.711645006344301834e+00 2.987813655970004197e-03 2.470780160112104884e+00 7.574215995225143772e+00
7.053212418462785349e-01 1.720073435085273800e-02 2.768102521212174150e+00 8.603604569171967142e+00
6.328161968654012481e-01 3.051698587945706614e-02 3.152258823445457825e+00 1.566193305110748746e+01
6.639886280870784807e-01 2.676723194382341423e-02 3.234212120436128046e+00 9.917726191259609081e+00
7.316818153352552256e-01 1.446046905962225342e-02 2.737917949309816024e+00 7.600163900778867720e+00
6.527850777497473667e-01 2.459973832258753948e-02 3.047907221917775189e+00 1.150893672970634363e+01
6.681956767522824192e-01 1.894003499048273892e-02 2.830680756624714522e+00 8.767732013477246511e+00
7.192722507572438806e-01 1.419000533102251702e-02 2.743787988884113904e+00 8.692528449569298488e+00
5.583098559781219938e-01 1.482058512665877705e-03 2.726470306301342461e+00 6.606551104308197253e+00
5.277309065653387060e-02 2.502518962425336058e-02 3.020384726989486790e+00 1.689908666800495851e+01
5.901703637579995831e-01 3.045988100811448593e-02 3.085328807162003084e+00 1.955259924083872747e+01
5.526635615796450018e+00 8.637313453364038563e-04 2.478280421557762736e+00 7.658165039298618026e+00
6.299683353332379276e-01 2.861100307540210413e-02 3.229109718962991593e+00 1.285192467214811707e+01
7.427714499503808021e-01 1.802589012515229058e-02 2.731852563974262349e+00 8.923592900883026147e+00
9.330868465478008023e-02 1.923734788621754566e-02 2.728813161875858206e+00 9.151243630378631977e+00
6.585182158746204495e-01 1.889766862176170403e-02 2.869864559608773291e+00 8.695553206083403097e+00
7.091614938859817086e-01 2.028307694092740948e-02 2.851669414431516447e+00 8.700915928132545218e+00
6.368323867733411969e-01 2.844845247729499774e-02 2.964678281388990477e+00 1.665847987872831482e+01
6.610894988862642663e+01 8.535396963256193237e-01 2.202010176438413236e+00 1.542725855984049588e+01
3.780320111765081981e-01 2.263230460262901853e-02 2.934828493713034003e+00 9.496067814890546188e+00
4.675595201134533418e+00 2.384221546950832452e-03 2.311457476525920818e+00 8.921028856724106504e+00
7.418604087717155515e-01 1.400544809086640987e-04 2.528179832475419442e+00 7.995852012744115278e+00
6.953720426724171455e-01 2.240230014550314685e-04 2.623055205027386538e+00 7.063164461567891905e+00
1.259488896241795497e-01 1.868158282698802533e-02 2.805294223806888532e+00 9.975241480245260917e+00
7.309820807900694328e-01 5.227397277521842259e-03 2.539414807221371806e+00 8.223887888651475464e+00
6.284259261331505142e-01 1.930230365130001027e-02 2.830626550199442981e+00 9.025898537981531078e+00
6.073126123605372406e-01 2.931740220402293332e-02 3.098938710195664914e+00 1.334554663500659366e+01
8.167442155286976924e-01 7.772052762873495925e-03 2.624451100682391846e+00 7.220254562610780802e+00
7.772026816273246430e-01 1.060479100078931601e-04 2.542061832055069637e+00 7.989884048687876827e+00
7.288402426815959734e-01 1.318123736572094674e-02 2.643224392027298641e+00 8.047004270928582059e+00
6.105901468587866532e-01 2.891379328237986962e-02 3.109165059778458140e+00 1.481171908012122529e+01
7.255986218527589182e-01 7.328492494219401333e-03 2.598864052750474940e+00 8.077470823377820963e+00
6.270080525394032822e-01 2.567806652372008405e-02 3.003111056296003500e+00 1.148405251039627295e+01
6.777530983110254814e-01 2.151469782593464636e-02 2.894063979453912694e+00 1.109725263356204827e+01
6.475560587405285728e-01 2.963269928262325312e-02 3.130346602798574462e+00 1.330723984240835200e+01
7.348609114897516337e-01 1.537223681762676204e-04 2.698608608472300219e+00 6.773937842923532848e+00
7.706552485087703186e-01 1.752116671554429864e-03 2.633224963736443769e+00 6.883111999621553068e+00
6.978061647999236339e-01 2.322135199106056119e-02 2.922203490986497343e+00 8.337442767066571392e+00
7.539769761430884509e-01 1.934058331817828640e-03 2.657761579517249118e+00 6.454792502351766714e+00
5.880420028262577370e-01 3.234523457207780228e-02 3.065087931601005344e+00 1.963707351690051794e+01
3.714079811691704536e-01 3.159053154559294391e-02 3.120046194845921939e+00 1.736731319882327540e+01
6.543806883831334575e-01 2.020872184269302541e-02 2.883998205031665929e+00 8.688505661664583712e+00
5.827627237380309522e-01 2.762994946005718072e-02 3.109624229279317476e+00 1.172228145711608427e+01
6.898436649424083411e-01 1.577379063345540205e-02 2.830993279396431639e+00 6.881759611909432195e+00
5.793261605042949736e-01 2.542026034000949980e-02 2.956275948243405782e+00 1.317593221582409058e+01
5.863760423731934068e-01 1.816749049621368614e-02 2.603001402194159208e+00 9.473263347356137842e+00
3.233726353453379998e-01 2.541888389027666117e-02 3.000819388140481436e+00 1.163786480309378035e+01
6.854207485968586422e-01 1.941989104424330856e-02 2.846526290021864192e+00 8.653725958048889666e+00
6.694433375383419538e-01 2.101013032755823934e-02 3.007795207829240702e+00 8.274283352434533612e+00
2.384358406839153233e+01 3.104987301449617654e-01 2.098417400824687196e+00 1.733669245252368896e+01
4.246146812850280505e-01 2.866659079365769733e-02 3.076639520349280676e+00 1.532054261404464590e+01
7.312343325949575146e-01 1.759018494297019675e-02 2.887316422180800313e+00 7.134798119138017647e+00
6.098532486689375309e-01 2.996862539591476846e-02 3.217939081257212841e+00 1.512471235205806686e+01
1.005520280357484530e+00 4.337478914473995198e-04 2.577972386349052236e+00 7.557897099677108876e+00
5.992445192043139857e-01 3.444032789401704070e-02 3.182956029395365150e+00 1.997345290586135746e+01
7.518170222257960500e-01 6.307860048896222344e-03 2.622405863066597842e+00 7.411112103601978696e+00
6.435511582660387031e-01 2.218783169404599243e-02 2.797337415272698635e+00 1.037129090182177649e+01
6.436420463704779493e-01 1.808214883447050239e-02 2.805646820016594045e+00 7.673194227156622915e+00
4.319517331234092039e-02 1.951507001471799313e-02 2.882569132621500607e+00 1.085330777973990379e+01
6.902916025887425588e-01 2.335836888465587721e-02 2.945575993274846649e+00 1.086362757696230474e+01
6.148406095567989643e-02 2.310288045219987749e-02 2.930659388729464077e+00 1.355849374452168199e+01
8.004697248467783632e-01 8.111015947078346802e-04 2.651638443127182221e+00 7.065959561901079766e+00
3.297929321529661367e-02 1.717017878367586500e-02 2.770607183048686473e+00 1.039105566581662110e+01
6.738391589162513462e-01 1.689191546053077364e-02 2.807958069003776203e+00 8.364926862587374501e+00
5.101582263246680349e-02 2.525201037344901311e-02 3.025992657357994720e+00 1.781534481311111051e+01
4.271665048667189213e-02 2.318853452205812612e-02 2.871408533668579288e+00 1.624309284092253236e+01
6.562661041632691372e-01 3.458021990569996179e-02 3.257380765157061209e+00 1.909767995941257723e+01
7.097752843625082519e+00 9.711575402526964954e-03 2.462938146694720665e+00 7.689064440449261184e+00
3.988588651268548668e-02 1.835094843296998859e-02 2.740141315786605247e+00 1.142498171690676401e+01
6.770631066547595500e-01 2.657451603031031617e-02 3.043685040085950533e+00 1.351078472896796967e+01
7.392952313474655535e-01 1.461080495601933642e-02 2.700215527127334258e+00 7.666902163953423610e+00
6.378526121347286582e-01 2.176599818625723354e-02 2.932987777680217345e+00 1.079396119324534808e+01
6.681759940082718785e-01 2.504077314897917156e-02 3.011255895517579440e+00 1.303652109723752339e+01
6.645816692884454202e-01 1.967486937302384553e-02 2.875440615477865336e+00 8.843981387229547408e+00
6.711215924992631754e-01 2.462011868392799049e-02 3.076468623449640560e+00 1.070806446227847175e+01
2.207947679935928420e+01 3.144305933471387982e-01 2.016028568751043082e+00 1.981568853082838544e+01
7.377808114463049183e-01 1.445521657184031979e-02 2.716678973682485676e+00 7.925919921593148842e+00
6.697020864453123723e-01 2.582197483376213673e-02 3.080255709252423202e+00 1.147218118676880749e+01
7.427714499503808021e-01 1.802589012515229058e-02 2.731852563974262349e+00 8.923592900883026147e+00
6.540146942587463652e-01 2.085226738420637230e-02 2.912158039830884615e+00 9.367869445334559231e+00
7.355676937943749216e-01 2.106954446923236385e-02 2.918674005933917570e+00 1.102076329089695506e+01
5.976731666891721417e+00 2.052127548827298656e-03 2.405523086733461380e+00 8.806665269425867137e+00
2.918393236885216124e-01 2.002872319047012753e-02 2.795245547701090683e+00 1.000527797978099187e+01
6.312757974923010051e-01 2.984961773170533711e-02 3.093437576347366047e+00 1.539813809187859128e+01
8.352977137443801103e-01 2.176403759824223003e-03 2.595065346279342933e+00 8.573421868343992003e+00
9.084461339995119067e-01 7.017919258455143638e-03 2.647987243813316738e+00 6.692009143132824356e+00
6.140196994870203984e-01 3.334059685962396241e-02 3.344319681875896677e+00 1.834189510278560320e+01
7.326437158895345858e-01 9.543519127033770963e-03 2.701071581942514399e+00 7.828711346255516901e+00
6.611576272589637648e-01 2.433580785631217144e-02 2.943261113721024280e+00 1.197474456200619208e+01
4.398896194395665304e+01 1.648838991900489215e-01 2.382135471323012066e+00 7.817868839008873749e+00
7.210940498766603701e-01 1.659683187502876758e-02 2.763360462990195998e+00 8.107491477318587769e+00
2.278794795460545031e-01 1.310117454219278561e-02 2.645220866504959911e+00 6.937792869454914246e+00
5.273460581716709061e-01 2.036653066755097705e-02 2.843422448347586062e+00 9.282739791304141619e+00
6.400124799425225275e-01 1.927641599158683508e-02 2.952871941953724377e+00 8.703874535216604258e+00
7.776069829621042873e-01 1.423367938957285916e-02 2.740607848435542060e+00 7.135311506630057643e+00
4.401744598639543982e-02 1.776745293106672674e-02 2.837987948728770693e+00 9.716076501727307857e+00
5.589444960026114018e+01 7.768687480745679608e-01 2.083918870240371923e+00 1.706832372199295733e+01
6.294941341694664239e-01 2.425946851898026432e-02 3.063631270400536621e+00 9.301582669728990282e+00
5.422182724163374656e-01 2.354651926775493814e-02 2.786872511401535135e+00 1.121641844648061692e+01
6.553023392676319281e-01 2.903437518947500975e-02 3.181062056437383490e+00 1.463644004226977202e+01
5.333573960532574099e-02 1.599146363656064884e-02 2.779726827221177476e+00 7.902753035428169426e+00
7.049804247363500309e-01 1.679745937024678532e-02 2.739573853981644547e+00 8.284068710431387927e+00
6.046363352796632062e-01 1.184656584254405350e-02 2.629404424828229558e+00 6.664290336926375957e+00
5.670151899168025533e-01 1.164375726315741016e-02 2.585981674140989117e+00 7.827891226009137782e+00
8.030608511806897054e-01 1.121107261844883976e-03 2.562099305859540710e+00 8.296327636740041811e+00
6.328291773299240530e-01 2.613493785111526899e-02 3.056862921914406339e+00 1.355956306813494905e+01
4.571841920343859833e-01 1.976738427851331553e-02 2.844631534561593789e+00 7.708609747459551187e+00
6.518046560553248936e-01 1.880810217066225531e-02 2.984385172669621777e+00 6.504570870572890406e+00
1.754653467642606213e-01 2.681312787085109867e-02 3.113731122725539535e+00 1.394283838633980466e+01
7.303627154312732905e-01 1.464691373205686230e-02 2.844913969250654873e+00 6.753959896819786479e+00
6.387737771452342006e-01 2.365567228920601936e-02 2.831534346342960973e+00 1.129697121585982700e+01
7.438178711470505577e-01 1.320745749426822414e-02 2.816877285505240636e+00 7.831295871552463872e+00
3.374602974858236654e-02 1.942065138288459961e-02 2.915100994019250269e+00 1.089672877353940450e+01
3.889756573277523832e-02 2.623335566434780580e-02 3.209417415593493139e+00 1.782977390965715969e+01
7.385648752941746942e-01 7.066310049412064843e-03 2.666663448762356836e+00 7.954317437563212856e+00
6.624113733530079262e-01 2.278411645817006101e-02 2.911176404906130166e+00 1.132621910826709488e+01
7.529816379489555622e-01 1.400581575423555901e-02 2.863339151819432882e+00 7.223365767102571944e+00
6.417502992108887749e-01 3.413163007877528105e-02 3.244192680689263586e+00 1.935948233247054162e+01
5.617106642290040641e-01 2.707834985577462980e-02 3.004146440156421516e+00 1.276783965620579409e+01
5.144338503965767417e-01 2.407196260853458961e-02 2.932343314170407389e+00 9.929642612969015403e+00
6.249268925872385472e-01 3.101923891315747431e-02 3.216030383205445986e+00 1.680343821968879681e+01
1.338970626558528831e-01 2.403672023790444368e-02 3.006310275113990294e+00 1.206719570560185950e+01
6.232547553658590589e-01 3.210225072403427582e-02 3.232662872693047529e+00 1.741057012808097681e+01
8.156716722139931708e-01 2.384038139830286997e-04 2.705214564702913549e+00 7.359424889641809742e+00
7.575627161005668020e-01 1.312530320253523647e-02 2.831951022118879724e+00 7.254805641279433281e+00
4.939198262160709452e-01 2.413768083129253644e-02 2.818504107238258172e+00 1.129680700019987682e+01
5.167988949131294141e-02 2.055845854126622449e-02 2.875393137804751031e+00 1.110750468788350886e+01
6.638196474034702144e-01 2.339606633133223257e-02 3.025659251137150729e+00 7.963409860858377876e+00
5.399235860555045896e+00 1.733043922434261697e-02 2.451068040218281840e+00 7.217323704120695460e+00
8.473855855790904945e-01 8.784259413408655390e-03 2.570789731255644472e+00 7.177801201549149468e+00
7.523451721574028195e-01 1.645672454430033640e-02 2.829374694076009611e+00 8.448748357914579898e+00
7.793449924927003947e-01 3.247301819093200564e-03 2.575573024036725833e+00 8.644605068242704249e+00
6.727686528090665030e-01 2.168759857612690897e-02 2.880285771585242571e+00 9.464915167583900057e+00
6.293025912920556797e-01 3.178385814966210726e-02 3.111723345587849465e+00 1.930756885396274924e+01
5.169855028465661029e+00 1.989545375459491477e-02 2.363514366054684235e+00 8.695746188175141000e+00
4.852922633508047756e-01 2.703973946995923833e-02 2.901966251646676209e+00 1.437506580876353723e+01
7.836312817110148154e-01 7.794695200350537298e-03 2.599044551047730689e+00 7.017330837115683728e+00
6.105543379007592059e-02 2.478098638230846751e-02 2.990688043010572450e+00 1.714276134407680630e+01
7.617892716354187632e-01 1.679425477921661289e-02 2.821075067749188481e+00 8.801681706609304712e+00
6.546922636954700669e-01 2.657498721988612797e-02 3.082873032670593538e+00 1.224435897141497520e+01
6.914927359206809454e-01 1.804552640635175703e-02 2.941640507646167357e+00 7.792669867341967205e+00
6.019208062830231354e-01 3.276666308858869336e-02 3.172748044812820911e+00 1.922885761592188203e+01
7.369428585130409770e-01 1.620275248050674285e-02 2.865211063838899008e+00 7.780909085941757120e+00
5.105606606552577365e-01 2.142834995809940815e-02 2.977300099736504446e+00 8.298184059037083671e+00
8.260956173591805785e-01 5.862787444585312521e-04 2.585291158178425697e+00 8.228088209236211981e+00
3.663929736383875202e-02 1.449949364542479219e-02 2.678685307301002627e+00 7.577120584562743844e+00
4.987597121682949552e-01 1.957243896977820669e-02 2.628384052374284519e+00 1.107116425697806150e+01
5.538275879127425583e+00 2.004107985745828477e-03 2.440408722127896723e+00 8.445087353488851534e+00
3.048815494882805566e-01 9.157861062511301470e-03 2.443478316401442196e+00 7.844397179370246498e+00
7.648948707356358900e-01 6.438685207295079087e-03 2.544872893587328377e+00 5.948640444942232541e+00
6.599725005517070864e-01 5.216706102817381336e-04 2.590118097575908607e+00 6.810428248207346158e+00
6.706170956791356330e-01 2.613284485853896097e-02 3.021811164097801594e+00 1.265535729655538510e+01
5.010967753361214250e+00 5.431371928619778671e-04 2.425001190826121089e+00 7.181364098184214839e+00
2.333818918797882347e+01 1.826844547561124951e-02 2.582852560059375691e+00 5.776024634770234201e+00
7.032125458022686626e-01 1.668054476168301728e-02 2.842659901686141577e+00 7.726590013857677519e+00
6.452580314198216316e-01 2.116039743974251069e-02 2.814617466452771666e+00 1.184330584952087762e+01
4.310020584724554016e-02 2.539401605404460402e-02 3.120842905342021911e+00 1.350691910274352203e+01
6.562738317737007998e-01 3.066346632589355206e-02 3.106933807775311251e+00 1.759207667757384996e+01
8.067889724652994587e+00 5.685654366200025567e-02 2.333899596697491141e+00 8.282289739879818313e+00
6.764030769000092258e-01 2.880952890830567464e-02 3.192085668093270101e+00 1.403648325514767414e+01
6.264270879418825100e-01 3.980864404545985985e-04 2.517383129075618342e+00 6.891354216616301542e+00
6.962748380350090027e-01 2.100962672092739417e-02 2.969864561151160487e+00 9.132403070316435389e+00
6.338815550026936085e-01 2.621878900515860200e-02 3.011270753260479882e+00 1.630777977425768910e+01
6.692917648844852740e-01 2.034287010011382249e-02 2.793077039236455672e+00 9.822521124024227390e+00
5.883862770715188040e-01 1.818277701941574398e-02 2.762507701582293418e+00 7.612534557462187657e+00
7.518170222257960500e-01 6.307860048896222344e-03 2.622405863066597842e+00 7.411112103601978696e+00
6.302537392634499636e-01 2.534689009990678116e-02 3.012992214917579847e+00 1.342535325435996718e+01
1.954718997426428118e+01 2.325905696493278940e-01 2.121347448000843183e+00 1.576107959539151437e+01
9.621049616463727139e-01 1.034060960436352901e-03 2.656373886925211369e+00 6.640174385367256349e+00
6.890990792981389612e-01 3.420986995770928379e-03 2.544576408333894868e+00 7.362198585603793255e+00
6.490756947666465049e-01 2.536365084911211890e-02 3.010745363755490622e+00 1.316440898287047290e+01
4.571841920343859833e-01 1.976738427851331553e-02 2.844631534561593789e+00 7.708609747459551187e+00
6.042736530036957321e-01 2.957787756896568948e-02 3.134571437788997716e+00 1.335350655468435299e+01
7.179711149950515625e-02 1.112873610433523335e-02 2.642289873443445458e+00 6.604418084543338452e+00
8.480001057691107791e-01 7.501456656685955710e-04 2.612733883021083336e+00 7.912246737096859661e+00
6.622767282046556625e-01 2.244506849661577139e-02 2.936580264415198371e+00 1.111045792324957304e+01
5.500318598753609622e-01 2.167351144473710772e-02 2.881146834887930552e+00 8.477358643112346215e+00
6.011649800478369166e-01 1.064519251348303337e-02 2.705904667737755176e+00 7.194497188515068586e+00
1.284254487521329402e+01 1.771673033239202777e-01 2.072697108344633055e+00 1.856055307864258097e+01
7.084482555385244185e-01 1.571265667770906094e-02 2.713467725406582876e+00 7.866214995736081406e+00
7.735299750786729378e-01 1.493231720418854852e-02 2.781200286854101034e+00 9.161216808318993543e+00
9.398417865610252386e-01 3.027977851101587049e-03 2.624254168743065385e+00 6.911607307502746878e+00
7.820155394781603819e-01 1.531665301308432394e-04 2.631017548899792224e+00 7.241815526267969538e+00
6.842982074249557289e-01 2.065002891180579489e-02 3.052910207049169156e+00 7.832327490022622740e+00
7.963480108104501465e-01 2.395658928952706154e-03 2.646530149222869888e+00 8.044214291691407226e+00
7.253392308186711324e-01 5.782637757919611814e-03 2.618496364044332836e+00 7.614642627354764493e+00
7.809546135153898616e-01 1.459995512806230855e-02 2.660974767634997296e+00 8.726546290048290189e+00
6.328291773299240530e-01 2.613493785111526899e-02 3.056862921914406339e+00 1.355956306813494905e+01
7.038834808279477162e-01 1.046345200275360099e-02 2.561321036061294798e+00 7.329809781861723827e+00
7.101848536642845211e-01 1.528410686041810178e-02 2.774600830283933561e+00 7.884196947212651629e+00
1.230337813848868223e+01 1.659619816385762281e-01 2.091549121253575727e+00 1.600105344082874126e+01
5.827787351982028907e-01 1.582193117007586400e-02 2.708259938398573929e+00 7.890489349029079946e+00
4.284927596345839085e+00 1.056862142698446715e-02 2.342861631511738540e+00 8.667321838860180705e+00
4.974806967893012910e-01 2.739662524866880167e-02 2.917439159189981979e+00 1.425095426113413843e+01
8.270794678410009482e-01 1.668369146106552913e-03 2.618805964184853341e+00 7.496682358246933298e+00
3.619185271463601361e-02 1.410107450437521510e-02 2.744074726472344850e+00 8.462847420571998569e+00
6.574959206222128483e-01 2.427243506288373834e-02 3.051883621932562463e+00 1.145863275938086190e+01
6.517675571121208655e-01 2.372935161515735830e-02 3.070858567525994509e+00 9.060635979370921689e+00
7.953047165202180580e-01 1.108034713246783612e-02 2.749874692913168772e+00 7.877169433202590554e+00
7.723394654340993704e-01 2.263749240703833397e-03 2.640453197136060304e+00 7.593145632871127759e+00
6.337133523699762794e-01 2.975655567301244836e-02 3.346218364486035046e+00 1.393348341130363366e+01
6.194548322049485689e-01 2.870663557684470166e-02 3.055250611808291161e+00 1.644472200097087011e+01
8.283646056997442386e-01 1.453942920841101195e-02 2.715503863504109550e+00 9.179679905282256414e+00
7.402688021358471149e-01 2.688744552267613983e-04 2.593922756335424129e+00 6.860060995152751140e+00
7.153295399751851136e-01 1.258563184734204539e-02 2.655489117829521017e+00 8.422556547681718797e+00
7.066744243629205502e-02 1.977399553364598411e-02 2.862404371323231445e+00 1.091228053185173685e+01
4.994039286080340090e-01 2.173399399015808753e-02 2.874134927611921242e+00 9.775248448967367665e+00
6.569338470086212300e-01 2.464118925267941296e-02 2.933504146041544303e+00 1.294218444347677455e+01
6.924795571241848524e-01 2.163268809852228816e-02 2.964046482352402645e+00 1.019197061992593589e+01
6.324176214672033725e-01 2.719286545864132987e-02 3.032942042071208988e+00 1.208772038248259051e+01
7.502896871099824505e-01 9.905186979685785473e-03 2.616924399943559187e+00 6.595512797174047037e+00
6.806064864292450167e+00 1.755535375354344303e-03 2.429834316459722920e+00 7.247473169311423824e+00
4.687604621296097562e-01 2.886295487815559307e-02 2.967857390911863291e+00 1.684794956484798689e+01
6.787178488845209134e-01 2.012170484007414579e-04 2.627705526657114099e+00 6.457157938915406348e+00
9.347141581376161579e-01 1.408548210215956431e-04 2.723253085166882137e+00 6.868961701527285690e+00
6.189828753880399770e-01 2.533109907507499411e-02 2.884144538891372456e+00 1.457169610440192109e+01
5.070810648126141684e-01 2.494740097172921597e-02 2.885765324492319817e+00 1.167870247626653324e+01
3.884644115220907246e+00 7.849511232667081336e-04 2.461726271747112893e+00 8.309008458398441377e+00
6.834772902668112549e-01 2.535860878054540038e-02 2.890645746153158502e+00 1.464356931273172080e+01
6.407506852893436466e-01 3.229140954447212719e-02 3.208233096484422564e+00 1.741552716690816993e+01
6.513453721120753270e-01 2.226211759451258987e-02 2.936720478001253909e+00 1.048795629554783915e+01
6.496346581415463062e-01 2.697891780887966620e-02 3.153138109875334827e+00 1.158874285421791051e+01
7.815104214129809934e-01 3.558722411787022290e-03 2.601192652122687132e+00 7.967272014572844618e+00
7.042898222971070155e-01 1.845111718337855491e-02 2.789558282443777237e+00 8.531161575883018600e+00
6.019543221548709910e-01 2.017422338486591152e-02 2.998501148439513653e+00 7.868164013999274786e+00
9.024217586314037254e-01 1.081519486298058996e-02 2.722721116982655953e+00 6.985929302144668007e+00
4.176072347041286104e-02 2.043913412823315789e-02 2.956726688568623196e+00 1.196295058875872108e+01
5.101040734459934001e-01 2.123928353111163153e-02 2.847414889043437203e+00 1.042758875385017525e+01
6.153819793477889322e-01 2.897834325940920261e-02 3.137928467685049849e+00 1.316562799303424569e+01
6.620894809128910374e+00 3.686115444289585208e-02 2.427591796576818783e+00 8.158084970619029264e+00
7.129767480015442693e+00 5.245858717947211869e-02 2.442412299556521837e+00 7.962153443481463810e+00
7.662150079298942762e-01 1.422006693840786873e-02 2.806658384723236921e+00 7.177609416146804477e+00
5.902469649845937250e-01 1.718653918071517614e-02 2.710664747902598481e+00 8.864912885559572686e+00
7.596694063083178072e-01 1.072328021601971770e-02 2.604956129826703215e+00 7.378104656802484840e+00
6.408222168979101907e-01 2.921892400435488132e-02 3.044728649905425577e+00 1.473725203618401913e+01
6.032555729174159387e-01 1.700793763795609148e-03 2.638541917617388322e+00 7.668088747932381821e+00
6.786586365312006208e-01 1.300172313741802116e-02 2.803755563854331889e+00 7.139364714502310250e+00
5.865540325069074079e-01 2.553004647321214723e-02 2.983923074969274225e+00 1.292497698981573606e+01
7.715731314153432274e-01 9.062692060982877398e-03 2.648355566395077076e+00 7.070687231956373608e+00
8.840615616497236040e-01 1.267559888617618858e-04 2.587329844736285800e+00 7.751312531132874994e+00
6.928219451205480661e-01 1.506983703392556634e-02 2.745049760076504253e+00 9.201931310487866611e+00
5.172073546607394157e-01 2.803893918255528223e-02 3.023590305329183714e+00 1.301773341382612692e+01
5.453236980386362731e+00 7.772181600292108958e-03 2.421981650665444352e+00 7.203765550158148123e+00
7.264671378933886814e-01 2.269690096481665614e-02 2.950202447234629322e+00 9.630140513961411131e+00
5.322575575713182072e-01 2.259247921690039559e-02 2.917640151462169484e+00 9.193064201154330206e+00
7.380965517479927129e-01 1.857521352261820580e-02 2.912025983166420140e+00 8.807155547588916278e+00
6.247055030773941420e-01 1.549374957154247244e-02 2.609706038944881179e+00 7.926973142857075771e+00
7.482223884726220131e-01 1.073484205947843224e-02 2.710655997267057415e+00 6.331423239125904878e+00
5.277309065653387060e-02 2.502518962425336058e-02 3.020384726989486790e+00 1.689908666800495851e+01
6.511111904502664416e-02 1.356150316125796264e-02 2.583041566185337423e+00 8.239544389501910260e+00
6.780398672345198996e+00 3.868332586173425097e-02 2.326461800989250595e+00 8.371510472101107325e+00
6.469884302864518100e-01 1.799826660555262775e-02 2.929506250193269601e+00 6.788399443751974793e+00
7.326953916926965960e-01 7.254900583547287856e-04 2.470338473991589456e+00 7.835617222066205478e+00
8.219130823627133209e-01 7.403385574328469505e-03 2.586751274345258533e+00 7.855056060572294108e+00
6.592250274790404374e-01 2.608188143944598428e-02 3.038316075424825513e+00 1.408927654568841703e+01
6.299683353332379276e-01 2.861100307540210413e-02 3.229109718962991593e+00 1.285192467214811707e+01
6.251230530886469072e-01 2.896829193992233806e-02 3.046420338456393040e+00 1.542644841276299061e+01
3.077470159690389936e-02 2.069707167261902389e-02 2.968814159759322280e+00 1.241963802065287403e+01
6.410172006747114626e-01 2.070510655963932883e-02 2.792452146549199821e+00 9.431975801116852409e+00
2.706854855053483533e+01 3.847027041273027859e-01 2.247682186731530418e+00 1.487428592416887163e+01
6.773219027762477085e-01 2.169936757999949700e-02 2.875105679449911023e+00 1.136626905296446388e+01
7.193748610450449998e-01 1.274619761091369541e-02 2.771368391512773144e+00 5.871220402733994703e+00
6.848614832248124396e-01 1.809963860532114513e-02 2.762894462691825925e+00 9.370091288935567420e+00
6.454001418211109398e-01 3.008466174333232490e-02 3.068700351910121249e+00 1.560731614575566617e+01
6.108985886693353295e-01 2.310409801181344258e-02 2.862115502170230030e+00 1.030913649839582824e+01
6.454279265495320717e-01 1.575423906280020575e-02 2.775085584364889613e+00 8.402527853189704743e+00
6.774562393700663820e-01 1.272499067384797074e-02 2.598885124937996061e+00 6.743570319590122430e+00
8.097285794919255597e-01 1.029456598828710871e-02 2.756497221849151913e+00 7.836996498809462253e+00
7.066744243629205502e-02 1.977399553364598411e-02 2.862404371323231445e+00 1.091228053185173685e+01
6.417502992108887749e-01 3.413163007877528105e-02 3.244192680689263586e+00 1.935948233247054162e+01
6.806922355434021910e-01 1.416200362417080645e-02 2.714337658942953091e+00 6.783297151866920949e+00
7.356574520717472643e-01 1.475039489847944883e-02 2.683694054393972905e+00 8.779652374222685296e+00
7.282579888069230512e-01 2.206829396083864053e-02 3.011639364788845974e+00 8.260926027755543188e+00
7.088617989741906600e-01 2.128799388195101727e-02 2.990250945592932919e+00 9.834547857078426603e+00
7.723394654340993704e-01 2.263749240703833397e-03 2.640453197136060304e+00 7.593145632871127759e+00
7.907195466747429791e-01 7.562181214127543238e-04 2.639093943414420718e+00 6.429553019192335128e+00
7.132072842082409769e-01 1.610931768648675780e-02 2.716625132304562484e+00 8.844467189349618508e+00
6.973120011196871637e-01 2.192834239018297618e-02 2.878517603375521539e+00 9.735061947074397537e+00
8.226913655061550701e-01 3.359074946719156065e-04 2.567306315982394338e+00 8.241653914771568168e+00
6.704069662955604025e-01 1.899524796567426260e-02 2.883452030366481456e+00 8.718000962505753293e+00
6.208843375338124471e-01 2.842428172094699917e-02 3.225565331124579771e+00 1.254441801683823776e+01
6.749831304977802482e-01 2.797279726610251219e-02 3.053476819449934876e+00 1.501645224270839130e+01
1.036017068478968239e-01 2.490713360964891612e-02 3.041241713538100910e+00 1.305087876280409809e+01
6.393386976327570803e-01 2.355290207092234495e-02 2.847662011356498990e+00 1.199855455216193967e+01
6.522139337120368419e-01 2.896512467209821223e-02 3.083507757059705590e+00 1.546183786335540589e+01
9.522799912670698586e-02 2.308034325035644707e-02 2.959074464254066505e+00 1.371698508714852416e+01
7.526941773900225341e-01 1.323923574303879393e-02 2.822273924815736912e+00 6.779631276457103617e+00
6.441557583063224346e-01 2.540654747327984742e-02 2.960133795115919675e+00 1.044290026778094038e+01
6.477348554577893047e-01 2.839447673453417142e-02 3.127431255659389286e+00 1.463704910677139281e+01
4.340453874954331437e-01 2.583634685955742138e-02 2.941393368779940509e+00 1.269186848582586791e+01
5.850271094335183220e-01 3.630101310200724296e-02 3.432150353906593843e+00 1.842152394321153963e+01
7.994286605299522064e-01 1.089584591658423508e-02 2.652648451722914302e+00 7.525990596130703203e+00
6.381055439153641151e-01 3.119925851547660639e-02 3.117025674193799389e+00 1.673072988541845163e+01
6.848314818405982773e-01 2.978279858216021161e-02 3.130203979269034598e+00 1.646449669962292361e+01
7.514079997487010942e+00 2.484784689581214998e-02 2.430089795412219811e+00 7.477872377218908184e+00
6.752411942395003530e-01 2.157452127198410466e-02 2.925160346116146393e+00 9.580632493472707623e+00
6.944433483138928720e-01 2.111628899483309479e-02 2.950610312513731515e+00 9.322401471670616502e+00
7.158991077683826143e-01 3.353426662936741156e-03 2.630543841119225235e+00 6.712633852382647426e+00
9.999129140796279847e-02 2.197101412776724175e-02 2.901732917384231669e+00 1.228781718455583771e+01
6.865669470708712918e-01 2.522524488008717411e-02 2.821881697941994283e+00 1.564093261822414149e+01
6.623188054177504558e-01 2.074230294077207548e-02 2.832700647566434249e+00 9.074964726671545634e+00
6.435824775961013211e-01 2.666979908565753066e-02 3.085778192120677055e+00 1.194360515960611657e+01
7.320321650992740459e-01 1.651965692022356463e-02 2.793604385189141226e+00 7.336904452961099388e+00
7.068756253933149436e-01 1.652616374959771373e-02 2.792368279211574489e+00 9.548886802138039087e+00
6.570425967780273435e-01 1.165462708411750710e-02 2.618296853376727462e+00 7.111139846274952880e+00
6.430741148005211238e-01 2.327598982779107914e-02 3.034068206791222799e+00 1.042910740787604951e+01
4.391734050728616978e+01 6.372694949065168535e-01 2.147356682610545686e+00 1.710317254834216172e+01
7.987248224467368152e-01 2.778968293786578548e-03 2.693584424036592040e+00 7.629371829646137471e+00
9.662600711982683777e+01 9.249737381904370448e-01 2.442332434382681328e+00 9.952085864131607451e+00
8.034442758958068032e-01 5.412937695985773831e-03 2.718795624306374226e+00 7.043034928508424386e+00
1.477341113277540197e-01 2.395928554160447685e-02 2.843525845410308506e+00 1.583338315099651261e+01
1.569559178980194925e-01 2.690682654146515571e-02 3.026302784073778174e+00 1.853364176137152697e+01
6.017523059053577761e-01 2.919295464792772549e-02 3.208675312414389857e+00 1.284445589150951861e+01
6.379244445620212423e-01 2.244724725043543978e-02 2.906503778650440850e+00 1.003164315904618320e+01
6.764636150310754381e-01 1.992017654844682739e-02 2.732005575502922223e+00 1.203078220352477068e+01
8.202768033153782223e-01 3.302772895422807775e-03 2.657265141220068294e+00 6.421975517170561254e+00
6.448653033912218335e-01 3.250322256550784890e-03 2.688718001868239504e+00 5.898018866263850413e+00
6.194431147426389117e-01 2.437788157399341238e-02 2.910916421292933265e+00 1.212684174980605434e+01
7.254745024884822158e+01 8.329920879589194360e-01 2.176369760441983381e+00 1.228516732306506398e+01
7.604079284945164385e-01 6.952399277559790855e-03 2.634270112842006739e+00 6.141096151809117387e+00
5.747078395110150062e-01 3.346426402522335863e-02 3.173430428337891573e+00 1.766193672499459311e+01
7.435019591717359488e-02 2.050549011750962131e-02 2.950423481415786142e+00 1.348026802514455547e+01
2.684495983034642919e+01 4.274431689203242457e-02 2.366307934884609665e+00 7.907219087929934886e+00
7.010747211468439488e+00 4.167956715811805407e-02 2.360322382593349477e+00 9.054663900441637381e+00
8.364842872696748310e-01 2.189117900303388670e-03 2.608318791272744352e+00 8.116536730870439698e+00
1.436620195430804436e+01 1.778848588234626937e-01 2.177819877158651884e+00 1.391155201190131763e+01
5.744938559990921956e-01 3.153439904945429251e-02 3.013001242132466562e+00 1.920001762288364588e+01
1.367391848951171607e-01 1.664265481449275427e-02 2.788599911865142111e+00 7.993595382279638173e+00
6.095915100726688740e-01 3.332893757291367082e-02 3.165170616372485757e+00 1.879311377449824860e+01
1.954718997426428118e+01 2.325905696493278940e-01 2.121347448000843183e+00 1.576107959539151437e+01
6.413897032341301374e-01 2.546852415793771085e-02 3.058422871410595434e+00 1.110677039769952223e+01
1.151206194915694869e-01 2.159685431414337317e-02 2.838854672833897475e+00 1.468649384315712147e+01
6.728784540242310763e-01 1.929571188054669123e-02 2.805216408527305472e+00 8.916291403339261734e+00
6.560244387240168340e-01 2.112837400301597821e-02 2.989837622751500223e+00 9.328836460023978816e+00
1.330530992437765347e-01 1.925705180560721014e-02 2.814748719519323927e+00 1.084587122258409764e+01
6.452129719876110725e-01 2.293835904447857552e-02 2.891250279130239242e+00 1.041286466181781734e+01
6.695498765533842711e-01 2.289521354268998776e-02 2.906218526396451285e+00 1.104547986576696061e+01
5.641288151290422270e+00 3.949656187405604924e-02 2.310763968898174259e+00 1.066190237633962923e+01
7.113729927522887131e-01 2.167958773892306179e-02 2.956324798184961189e+00 9.642130674114103073e+00
8.032173801032600480e-01 6.980193049379518691e-03 2.536139452013817852e+00 8.339142957492175157e+00
6.659510068299447916e-01 2.117973189330773359e-02 3.028322648636721848e+00 8.591506967451458365e+00
7.635770089998733523e-01 1.874834382723572848e-02 2.773120566575775214e+00 9.535710125055892661e+00
5.797236977028959792e+00 2.719361390926327334e-03 2.427664868034667744e+00 7.649274951114994892e+00
7.249100124641756349e-01 1.436007696041781412e-02 2.780785703735971559e+00 8.205613493453149943e+00
6.851697643060993270e-01 1.914527081127575386e-02 2.925137899203968050e+00 7.941934607857673356e+00
7.792505438332979484e-01 1.333850326273322735e-02 2.717974838179397779e+00 7.756280606750490136e+00
7.788561422021674785e-01 4.379484261243524537e-04 2.672774350279056410e+00 5.970226402846242841e+00
8.260956173591805785e-01 5.862787444585312521e-04 2.585291158178425697e+00 8.228088209236211981e+00
3.912304949103327933e-01 2.691769231760399173e-02 2.993777556863600253e+00 1.264611266196543582e+01
7.191832701231819502e-01 1.889609366208312713e-02 2.771972458338068712e+00 9.160667637352313264e+00
6.835392416684591410e-01 1.554411834645746948e-02 2.770653754266380275e+00 9.076585059845111658e+00
7.733355940480011181e-01 9.629680989516024511e-03 2.610472819137220846e+00 7.343630450774208285e+00
6.310168934218348680e-01 2.003560535583746448e-04 2.612512962423998886e+00 6.173890082834856408e+00
6.834567375532158984e-01 2.652065324793463283e-02 3.073127483362383394e+00 1.377509130894140732e+01
7.418604087717155515e-01 1.400544809086640987e-04 2.528179832475419442e+00 7.995852012744115278e+00
7.082208326298976564e-01 2.008880985273804251e-02 2.757648550779872920e+00 8.943281764788515886e+00
6.802822299771661418e-01 3.061162448862069993e-02 3.084588522345080630e+00 1.679993192369737187e+01
2.527709163538521153e+01 3.284205373627220870e-01 2.161193839868233546e+00 1.410445448832924953e+01
7.984556858807545510e-01 9.341659987076671688e-04 2.669061613272808664e+00 6.627412269194440597e+00
7.322346977709740523e-01 3.051181834102895726e-03 2.686886949648280787e+00 6.323222058964431902e+00
7.376213931402446633e-01 1.848900545170116191e-02 2.812846548694668769e+00 8.733527251344224140e+00
7.088705035160198786e-01 1.660451633080928940e-02 2.804596062532810130e+00 7.502096795787069894e+00
4.506644038947344999e-01 3.129102425982580732e-02 2.971034809417974820e+00 1.867619547031083371e+01
7.346721772450410803e+00 3.804554304639305023e-03 2.315600092099411533e+00 7.196872752120675010e+00
6.518543930944572518e-01 2.730967406444757134e-02 3.044956229586215812e+00 1.301945933241675135e+01
6.508043796630181843e-01 1.930499060934008984e-02 2.889110128875347350e+00 8.479454336556633720e+00
7.557016785464790720e-01 1.148005228781929198e-02 2.689680890537617053e+00 7.615608135502761833e+00
6.366609271424844563e-01 2.857389300863573053e-02 3.050692041558542567e+00 1.518938763003061254e+01
4.177525239027401333e-02 2.078431474768213660e-02 2.886125679532145050e+00 1.279790080534264440e+01
7.815832041260999574e+01 8.749141026987851122e-01 2.171094612394020018e+00 1.201463757010623112e+01
4.133422881433808094e+00 7.635703894184625194e-04 2.452077573629626972e+00 8.432443049003055080e+00
3.199952541846395881e-02 1.406946001703263463e-02 2.805110615742467228e+00 7.223573591724782084e+00
7.074571204342862130e-01 1.560189080743007092e-02 2.757949446194936538e+00 7.847818811137446282e+00
6.444795166793766406e-01 2.224716849206635066e-02 2.780864969379214457e+00 1.292983598737803064e+01
7.429253588961796106e-01 2.571735625994966924e-04 2.590089956304769458e+00 7.381047001683180397e+00
6.063042263136891874e-01 2.468211104344147228e-02 2.866481727132855539e+00 1.319923251043289625e+01
5.214918046955247632e+00 1.120509029868901841e-03 2.468038305884187267e+00 7.562797793639258970e+00
8.169130784112543786e-01 2.351564891544019435e-04 2.603342709122002940e+00 7.561909955487378987e+00
5.883673951693527693e-01 2.696903473986728486e-02 3.053066086896271791e+00 1.194652182064346491e+01
5.861511315554401857e-01 3.172498749252703615e-02 3.291191701909426559e+00 1.499623628787296781e+01
8.629520030913682971e-02 2.288333025611676355e-02 3.018265712579114357e+00 1.176935517854273705e+01
7.039781405306808626e-01 1.787877065142347635e-02 2.772280240830642839e+00 9.551091424503484362e+00
4.470258423400242376e-01 2.211193157961501357e-02 2.852227218053817737e+00 8.923016653414283184e+00
5.863226898054013647e-01 9.378187193085276568e-03 2.596279609377276643e+00 7.087413461939121362e+00
6.669173352537128840e-01 1.927654450032681085e-02 2.851255965600945963e+00 8.565030480579061134e+00
8.102283817942487198e-01 1.726183379394395406e-04 2.644759298969641570e+00 8.322651504674077216e+00
6.376228863664314961e-01 3.228852941339641069e-02 3.113788746146066710e+00 1.834223034461434310e+01
4.396935315840254432e+00 3.535278626396875980e-03 2.320900949912170663e+00 9.269486658846442850e+00
7.084348725582367834e-01 3.879554731644960230e-04 2.627608543434558186e+00 7.477520689641833584e+00
7.056753336212178151e-01 2.774880934695860349e-02 3.138019926342663357e+00 1.266553923766864997e+01
5.435188343011611023e-01 1.830779076499417998e-02 2.733367873060964737e+00 9.275358452777890506e+00
5.797065965308585422e-01 3.069898243277810468e-02 3.152009267897506462e+00 1.579583540907421124e+01
6.966977745291689228e-01 2.126122889934434559e-02 2.871987437243091357e+00 9.809658806766481831e+00
3.509333533347492456e-02 2.192609377582211555e-02 2.903616563513104598e+00 1.375118605313101305e+01
1.941980247796001868e-01 1.341305639701909384e-03 2.507568978536588666e+00 7.248826507955609344e+00
6.185125887859898031e-01 3.448515121294040697e-02 3.361936243983467243e+00 1.978903843755705694e+01
8.021514785913337331e-01 5.891911599003996254e-03 2.598655149448299895e+00 6.910857900520182895e+00
5.750536083695116929e-01 3.367205884558868711e-02 3.245798330370942786e+00 1.891198427825315775e+01
5.838428878527757604e+00 1.645680551988746437e-02 2.385616516061486614e+00 7.991755424184747270e+00
7.904458062508343819e-01 1.657896494704323015e-02 2.773784882742270419e+00 8.107079799954071575e+00
6.777817131962257102e-01 2.168888628632198445e-02 2.962773102519490109e+00 9.276766814678612860e+00
7.904458062508343819e-01 1.657896494704323015e-02 2.773784882742270419e+00 8.107079799954071575e+00
8.106141052451498741e-01 1.854068273729234106e-03 2.641268899546939330e+00 7.478230093070782125e+00
7.037826291242653687e-01 2.124211537160093644e-02 2.984302406862575641e+00 9.162234444375188858e+00
3.252043613549596840e-02 2.491490868554937024e-02 3.065734588485365730e+00 1.797785155819149594e+01
6.023028636712186579e-01 2.310131289634245744e-02 2.815935960997190790e+00 1.126950657323629734e+01
6.342604040495452011e-01 2.902907852301068667e-02 3.103205026785595955e+00 1.426460256280173944e+01
6.059446062734531457e-01 2.700575796063200279e-02 3.176898590371878939e+00 1.155134516090757657e+01
7.570362535944361593e-01 2.819356800896630016e-04 2.474277695948986278e+00 8.077139098374622961e+00
6.737068629187097368e-01 1.120210197434632661e-02 2.643765636133956320e+00 6.969018607697355705e+00
6.089639541247761079e-01 3.106608013973816487e-02 3.200909200113135178e+00 1.609067639504266722e+01
3.440866554371962982e-01 3.049300568635886222e-02 3.025556873712246464e+00 1.870741374580136807e+01
5.932095729711605037e-01 2.327412786538924153e-02 2.964625661304354232e+00 1.207802238975351550e+01
3.826970419572964244e-02 2.015474733762467538e-02 2.961140125736011264e+00 1.259190558139906813e+01
9.114927622699713072e-02 2.542102403575894135e-02 3.002500383705240417e+00 1.693905177672109730e+01
6.418901216973259549e-01 2.381730066463211282e-02 2.961718899478845035e+00 1.051999404182823206e+01
6.552015714341589137e-01 2.120119609006964473e-02 2.790769115996261540e+00 1.094365925018597352e+01
6.491652637691481820e-01 3.025883037892852095e-02 3.134292935845072847e+00 1.663105510134854370e+01
4.612670938182989566e+00 1.610641229609431624e-02 2.451212530980148241e+00 7.122252149763034446e+00
6.606305742345316423e-01 1.129490839877801862e-02 2.745003519913040257e+00 6.985307301507166500e+00
6.075064584526312927e-01 2.845000085631490053e-02 3.153440993760863176e+00 1.222165618019104016e+01
6.718100980951136059e-01 2.556131155371059102e-02 2.958306965573587188e+00 1.248227335431711182e+01
4.396935315840254432e+00 3.535278626396875980e-03 2.320900949912170663e+00 9.269486658846442850e+00
7.288053030864133364e-01 3.010273706793507018e-04 2.660422014225701126e+00 7.176558889618663173e+00
6.754747332246430203e-01 2.880448521933732034e-02 3.079251987092743725e+00 1.533523020730553554e+01
7.185698826770671177e-01 1.241705547974878733e-02 2.670035673311982105e+00 8.851881192793214836e+00
6.541226010568280957e-02 2.260258189003435184e-02 2.925433143937568925e+00 1.225788774538047576e+01
5.839776716447295790e-01 3.458648909478179156e-02 3.278269902922312795e+00 1.914497178476207750e+01
5.380590904082720449e-01 3.081026896347590499e-02 2.994095666557961000e+00 1.972725031236108606e+01
1.080678608062808621e+01 1.291755097319306489e-01 2.026972815057418220e+00 1.691050914109171543e+01
3.780320111765081981e-01 2.263230460262901853e-02 2.934828493713034003e+00 9.496067814890546188e+00
7.062619026909651154e-01 2.236662200885202942e-02 3.114991112514198246e+00 9.364617507700060628e+00
3.036967115832901049e-02 2.224664920231487000e-02 3.004165664891450760e+00 1.637542808166707431e+01
7.683934737986095609e-01 1.433298564083489157e-02 2.635662240583888760e+00 8.542886087937930029e+00
5.252799838301912272e-02 1.914528880588971249e-02 2.863266540311106834e+00 1.159601819369980724e+01
4.896078176738493681e+01 3.811171419137782124e-01 2.390014392412977084e+00 7.934864323861688717e+00
6.848314818405982773e-01 2.978279858216021161e-02 3.130203979269034598e+00 1.646449669962292361e+01
6.235454516378048373e-01 2.751418894403591386e-02 2.966727492462003291e+00 1.481204074756670686e+01
1.748083437555266462e-01 1.549726972106145115e-02 2.612842535567169833e+00 8.951261083063940305e+00
7.005940221790994960e-01 1.828303848803297313e-02 2.743639338956388229e+00 9.243735976507894136e+00
4.918598887360839278e+00 7.548701075514446801e-04 2.417408590874398300e+00 7.970112421366186695e+00
6.893035500562213258e+00 7.000753268426990888e-03 2.390442033432005786e+00 8.726789596020402939e+00
6.330218983544559919e-01 2.845490825514177327e-02 2.987397540146282005e+00 1.469016024475116033e+01
7.236344950754322047e-01 1.474383044431637133e-02 2.632675132829315423e+00 8.963401505165963457e+00
6.231698619691453667e-01 3.272500140687339965e-02 3.277803595324171759e+00 1.931241016325418158e+01
5.660264293960604931e+00 6.020319021288937731e-04 2.456728531913987101e+00 7.204420493866042108e+00
7.405494509613818055e-01 1.886510256710118363e-02 2.779829674293326391e+00 8.698024023713855968e+00
7.189582600496197351e+00 1.072326844377348952e-02 2.405252372212190348e+00 9.368893086708389717e+00
7.089157153102270126e-01 1.799084485144464979e-02 2.780936699823222558e+00 8.045700357751069731e+00
7.856632340348506105e-01 3.052331594519668446e-03 2.632034431420857690e+00 7.716897287660352767e+00
1.477860713271684501e-01 1.956567614462196084e-02 2.930493323082198565e+00 9.165237822234386655e+00
6.636170681036693830e-01 2.803996257343311510e-02 3.108393746788794765e+00 1.244854530447579499e+01
5.167988949131294141e-02 2.055845854126622449e-02 2.875393137804751031e+00 1.110750468788350886e+01
7.320904155958150028e-01 1.814709429239527716e-02 3.032825736918616677e+00 6.515243352047758840e+00
5.586992328446814149e+00 2.735018912822513582e-02 2.509936591315826249e+00 6.414350138263059442e+00
6.599725005517070864e-01 5.216706102817381336e-04 2.590118097575908607e+00 6.810428248207346158e+00
6.590399115266789565e-01 3.188095555393664904e-02 3.229167650789978250e+00 1.604923154558498766e+01
4.312376017902010139e-02 2.003579859330499244e-02 2.932293081963847747e+00 1.207890474976035833e+01
4.484478792287113769e-01 2.941255998357460155e-02 3.098623078126133912e+00 1.343741224427983916e+01
7.684989949343727922e-01 1.312743890050585387e-02 2.645310539931634342e+00 7.461258269017203126e+00
4.760176467679015921e-01 2.493748958670544483e-02 2.842894366556699470e+00 1.483269550759199618e+01
4.790012428295345459e-01 2.883675636241911366e-02 3.147045199593482501e+00 1.226900938458776480e+01
7.010747211468439488e+00 4.167956715811805407e-02 2.360322382593349477e+00 9.054663900441637381e+00
6.672670543841472401e-01 2.538701434780838914e-02 3.143898808848185844e+00 9.811171387333070371e+00
9.237929636495773034e-02 1.979273479175790509e-02 2.818954634317710983e+00 1.114229699675054874e+01
7.237872783874608196e-01 7.506636549789280199e-04 2.517375649314374186e+00 7.567156977633812787e+00
6.293025912920556797e-01 3.178385814966210726e-02 3.111723345587849465e+00 1.930756885396274924e+01
6.552621574817588623e+01 9.067923263921466859e-01 2.056628621915683297e+00 1.764944178525692919e+01
5.726154354330971197e-01 2.861821079080410432e-02 3.126736668274041619e+00 1.292634906624904012e+01
1.045010677558465689e-01 2.270305854448916721e-02 2.879364493872421882e+00 1.301038577955101339e+01
6.631044700269148606e-01 2.749122445339548942e-02 3.005731853462216829e+00 1.299594310502657457e+01
7.360840211217609674e-01 6.424845234696312723e-04 2.680143085635639633e+00 6.637879089787328546e+00
1.243731811776946639e-01 1.725943333604991470e-02 2.714012526736389930e+00 1.011681097204610680e+01
4.930584842452757632e-01 3.253563824163271945e-02 3.131437537026075635e+00 1.902235267464651969e+01
7.987248224467368152e-01 2.778968293786578548e-03 2.693584424036592040e+00 7.629371829646137471e+00
6.930836270143533318e-01 2.222859555315807173e-02 2.931108979308717721e+00 1.010246105256158167e+01
6.652326239481185510e-01 1.958599861764004357e-02 2.830318840944892944e+00 8.120242861891306063e+00
6.329601720362518780e-01 2.931170669513894628e-02 3.103979992639902541e+00 1.592891063662848872e+01
6.519207833730352730e-01 1.878965583714494944e-02 2.789469752389271306e+00 8.192584242725388322e+00
1.193221278254632117e-01 2.239993936837949076e-02 3.019936608674376188e+00 1.033232685469331891e+01
7.460448556076739735e-01 5.614629974918819606e-03 2.611777761286111943e+00 7.008118826760692421e+00
3.382275386805053685e-01 2.268602804358668332e-02 2.798318953697624067e+00 1.002444494447970591e+01
5.484958872467246671e+00 1.191876501761542084e-02 2.351577100764065342e+00 8.009982641479981069e+00
1.977144033342391083e+01 1.437046459138069561e-03 2.423481087166261538e+00 7.414481825726266351e+00
1.754653467642606213e-01 2.681312787085109867e-02 3.113731122725539535e+00 1.394283838633980466e+01
5.613491735467748267e-01 2.993987359379924121e-02 3.181228777379094375e+00 1.423801399019068370e+01
6.423546441911314187e-01 2.811708458573092609e-02 3.135939588843812409e+00 1.374111099372633404e+01
6.129869543335053628e-01 2.575694686195263358e-02 2.920952733123320044e+00 1.123084339744265492e+01
6.173991173082612471e-01 3.240861314819595135e-02 3.241775377709586792e+00 1.462376982282469839e+01
5.440655648763194074e-01 2.490413363743968281e-02 2.801825928511942898e+00 1.305481586756318180e+01
6.344494368198463352e-01 2.618097315713398612e-02 3.065650812908868872e+00 1.299630747399382891e+01
8.067889724652994587e+00 5.685654366200025567e-02 2.333899596697491141e+00 8.282289739879818313e+00
5.265405346925988717e-01 1.796088130894425705e-02 2.666946963159882777e+00 1.017107801668003120e+01
6.725849912302825917e-01 2.242355951844670833e-02 2.804251105854492110e+00 9.821123684467409021e+00
5.899094812679540389e+00 4.234172786282636158e-02 2.393021861810125106e+00 9.194485452151171856e+00
6.548091103793954870e-01 1.937730129687926725e-02 2.848677331847311756e+00 9.342925701156127971e+00
8.481272939943861333e-01 9.589944104791376517e-03 2.640518368498923518e+00 8.559422614829788500e+00
6.467584717366968716e-01 2.775088393042507429e-02 3.021203245537989801e+00 1.596643052576454735e+01
5.682810567962565784e+00 1.791081757119271714e-03 2.349221520715355283e+00 8.251204989932272582e+00
7.109607325148308288e-01 2.779879654422709456e-02 3.023973340988604264e+00 1.468158648234967423e+01
8.073964842604004488e-01 7.814433934700803705e-03 2.707862232838908589e+00 6.743906106520945798e+00
6.746713977427362119e-01 2.390242668003423124e-02 3.004488285107213663e+00 1.182911357020430820e+01
6.539739074810957398e-01 2.208278835548890123e-02 2.940195045839545163e+00 9.128055699906200360e+00
5.925769733710842813e-01 3.213475202957039728e-02 3.159496459593893469e+00 1.628002420533674055e+01
3.449296024816201484e-02 2.354807230651908070e-02 2.958454952554731676e+00 1.650039312429257876e+01
6.984160841099109618e-01 1.855075423480550753e-02 2.761782014712830691e+00 9.373339953096390786e+00
7.298600906192006521e-01 1.739340097344063696e-02 2.692073345935993789e+00 9.386621925401071209e+00
6.478443997417240308e-01 2.354100601046153762e-02 3.076581828713838007e+00 9.498854884909794905e+00
5.599122393917047580e-01 3.148400680764612547e-02 3.123342605031117714e+00 1.686343964756180824e+01
7.651439630700278549e-01 2.473743381969710671e-03 2.652981482598914198e+00 7.937424913105418867e+00
8.069583986059830849e+00 3.917759934839390445e-02 2.416275375323426733e+00 7.451196700431006903e+00
4.981823231219674852e+00 6.706534383086019827e-04 2.532034420370336214e+00 8.506371897900478984e+00
6.446815496108415644e-01 2.228126461534333733e-02 2.951869946472807094e+00 1.083735704330306859e+01
4.721038392871820477e+00 1.469161585019403832e-02 2.452634204670878226e+00 7.482951061498737566e+00
6.756641132093353930e-01 1.754597904564897046e-02 2.927616826068463851e+00 7.390208316233175978e+00
6.835233105239068019e-01 2.242060400987358482e-02 2.843690805004085220e+00 1.279549161926119183e+01
7.284439577064407700e-01 1.514424128552826175e-02 2.819769206513015103e+00 7.328577548893280280e+00
5.817489772340507515e-02 1.450042498567161858e-02 2.632285874762324340e+00 8.274692005765555081e+00
7.772026816273246430e-01 1.060479100078931601e-04 2.542061832055069637e+00 7.989884048687876827e+00
2.780570893103057051e-01 5.351506457906339380e-03 2.529078459536917567e+00 7.188855527888700969e+00
7.449792953968124021e-01 8.170688569044997490e-03 2.755292637609641382e+00 7.170058221006128996e+00
5.589444960026114018e+01 7.768687480745679608e-01 2.083918870240371923e+00 1.706832372199295733e+01
6.788835678542476382e-01 2.488609028352965769e-02 3.020170893082714692e+00 1.198089479715289407e+01
6.967846284918158828e-01 1.359838467368657683e-02 2.726403105953301598e+00 7.664840829306500680e+00
6.370072706987455202e-01 3.299335093694413801e-02 3.188295649009748711e+00 1.955915372675976727e+01
7.258018903209050299e-01 1.940783322313300197e-04 2.529619721538793886e+00 7.432237493728233169e+00
6.398775661529522152e-01 3.017309651989353095e-02 3.076237547075888479e+00 1.595569251315175840e+01
6.816195953430869148e-01 1.957896977295697782e-02 2.857272235842012176e+00 1.005081764523731458e+01
6.999262257932935549e-01 1.942050440118511453e-02 2.780993720397496816e+00 9.524353651697788692e+00
7.516672718336579351e+00 3.344968980241359684e-03 2.418314001892223786e+00 7.269135585460780646e+00
5.471544624636316412e-01 2.369174698955327923e-02 2.875638725664179773e+00 1.215168801288267986e+01
5.751280518612957859e-01 3.322384982560634692e-02 3.320317121791896309e+00 1.803483565709756675e+01
6.990727614909065801e-01 1.359121474016613748e-02 2.739839446250034172e+00 7.677970928143060370e+00
7.356500477474139377e-01 1.861772731508728627e-03 2.583625125188989458e+00 7.206224126251082218e+00
8.509270889014667327e-01 1.301162026772061456e-02 2.734731407428101946e+00 8.078888407207671207e+00
6.729952265255402244e-01 2.416508912398517353e-02 2.992432598617815742e+00 1.055044819505071452e+01
7.677512048231932562e-01 5.228102737758330218e-04 2.619262439575420487e+00 6.305455873950565504e+00
3.799379501792337965e+00 3.448610117452307819e-04 2.417914567164741957e+00 6.895193070144096659e+00
7.984556858807545510e-01 9.341659987076671688e-04 2.669061613272808664e+00 6.627412269194440597e+00
7.641148806085423795e-01 2.462607326650991533e-04 2.729848115670320929e+00 6.848250311120683165e+00
2.935189692351847790e-01 2.217283179452560898e-02 2.761578816174849127e+00 1.051756639242295499e+01
6.537934345047072826e-01 2.994370754510709137e-02 3.122655961347891029e+00 1.661529898610088196e+01
6.422002427373797451e-01 3.103979524460932088e-02 3.176427900550530481e+00 1.945589066873314010e+01
6.991417774648172045e-01 2.142084085899494117e-02 2.946975622534413475e+00 9.750092110269235945e+00
6.236547609878767551e-01 2.892966767157779603e-02 3.029038082510094654e+00 1.629167848396222951e+01
5.220243538936500727e+00 1.581360052069266837e-03 2.418224168974198562e+00 7.843942405232261272e+00
5.696128870920318388e-01 1.906952198614691313e-02 2.917826655833391847e+00 7.739532339158725627e+00
7.020874054198720238e-01 2.138214057470974247e-02 2.877663841630961450e+00 1.062113194454943788e+01
1.348753871365404866e-01 2.636900544168652855e-02 3.040215854430005749e+00 1.865930375583434753e+01
5.863226898054013647e-01 9.378187193085276568e-03 2.596279609377276643e+00 7.087413461939121362e+00
8.532165959399398703e-02 2.100269154589607182e-02 2.961174634681141171e+00 1.151470850606183127e+01
6.829345462659243138e-01 2.509155873655710342e-02 3.002390916949854827e+00 1.251012974216309281e+01
5.393384562551787553e+00 6.751314984469289522e-04 2.481423892473471504e+00 7.623197111024539119e+00
3.948926079044124404e-01 2.462114781324673332e-02 2.925062960202124973e+00 1.234166647837745856e+01
4.766891845926087834e-01 2.936553959459475491e-02 3.005302613705668868e+00 1.544076389221817891e+01
5.516664007846744155e+00 5.607054335123623501e-03 2.452249959601605855e+00 6.999493107366036249e+00
6.729754638722454940e-01 2.348565100123911967e-02 2.960322967374624525e+00 1.007279367515886825e+01
6.004325340782513676e-01 2.671788507229332782e-02 3.115382688670421008e+00 1.265699697537021962e+01
4.669026845708437179e+00 1.224008203328889269e-03 2.500115820361012986e+00 8.013339526081185937e+00
6.649463815772236330e-01 2.569218268629300597e-02 2.914381530612639271e+00 1.297531381426626318e+01
5.863578833797945533e-01 3.554288213916584338e-02 3.395970762228662565e+00 1.763899249897800559e+01
6.979496144151766668e-01 3.323207972944536900e-03 2.663214419592694782e+00 7.119792223408954790e+00
4.971111305244851342e-01 2.492096320971708134e-02 2.958834656823329023e+00 1.214266504984813366e+01
7.396965394105549096e-01 5.123047669999408749e-03 2.585946675369772407e+00 6.879835922053099573e+00
7.922502124364608767e-01 1.235398372596483688e-04 2.581702119017765362e+00 6.448506888678567250e+00
6.372587254129080669e-01 3.029657979287644909e-02 3.111032350734837859e+00 1.687225920202858731e+01
4.354127172629057574e-02 1.826520075453923198e-02 2.771792469791362734e+00 1.027438113977269829e+01
7.702666966232116774e-01 1.394338670203018257e-02 2.735686766525938118e+00 7.336828213371190621e+00
4.881824994323021027e-02 1.138668896248858087e-02 2.602808625382773577e+00 7.987054690266258916e+00
6.089852592296890466e-01 2.663076558820200168e-02 2.992020421760271276e+00 1.237764657156122183e+01
2.006283326425608493e+01 2.900227914281367503e-01 2.153359244307093689e+00 1.678002568706406805e+01
6.041126574484252387e-01 2.332838592507373646e-02 2.917855571399398773e+00 1.025569277826698134e+01
6.402095193599577350e-01 2.760012250331241729e-02 2.955538240237256531e+00 1.406061576564850135e+01
1.540119623644790181e+01 1.083929226800745826e-01 2.384927763658939881e+00 9.616543258591626397e+00
6.110258826842578372e-01 3.545097534874436240e-02 3.358346986091965913e+00 1.777567728929685842e+01
3.068629446687427542e-01 2.753101066312948000e-02 2.946922082090172257e+00 1.620954581559193741e+01
6.792621552389852546e-01 1.514805685382650084e-02 2.727677319519463683e+00 7.797238790846652279e+00
2.139468276769873256e+01 3.085267850105812837e-01 2.085012514815035356e+00 1.868515585396965761e+01
7.113382845434574886e-01 9.622049161581202117e-03 2.696872268759788582e+00 7.466810045189435918e+00
1.106197240463565912e+01 1.636405233930974812e-01 2.007378195795603837e+00 1.924860582162082778e+01
7.905615047974683396e-01 7.904682491953272938e-03 2.691565207696234641e+00 6.923884005701967936e+00
5.155936358307173784e+00 7.853193888872363583e-04 2.365620174508228146e+00 7.799585137838544568e+00
6.621655258377807662e-01 2.164245537700742669e-02 2.799612899654726483e+00 1.037210875200678650e+01
6.278987252065427738e-01 2.296295000417660284e-02 2.930636274941721187e+00 1.033315169793963761e+01
1.227814092431549209e-01 1.606756798773780262e-02 2.634349388835095063e+00 8.641006952028062571e+00
5.816581050368559991e-01 3.369736233690878019e-02 3.210344651777556457e+00 1.983751044614758285e+01
2.401185383185826439e+01 3.529763752756552853e-01 2.115038890779217695e+00 1.908654952236509672e+01
6.278152652125815747e-01 3.137286339673905217e-02 3.145870215113773405e+00 1.800971415515448015e+01
5.339603028634247739e-01 2.956101506756728114e-02 2.939570967614685948e+00 1.537240266165099456e+01
4.017137369225830951e-02 2.523661908206667470e-02 3.096102831971519365e+00 1.835619757002189090e+01
8.221111630812888427e-01 4.196904648921481219e-04 2.667964822307497652e+00 6.655678514782958466e+00
4.178885463628188290e+01 5.972102807076522524e-01 2.138426518970904411e+00 1.589659534138828256e+01
3.948926079044124404e-01 2.462114781324673332e-02 2.925062960202124973e+00 1.234166647837745856e+01
7.106537207940132816e+01 8.863537444822059408e-01 2.110762260556502845e+00 1.497408994916793823e+01
4.833426058300276829e+00 3.189715687385934174e-04 2.446714145317143707e+00 7.789496278198500434e+00
6.732241741868453033e+00 3.604480254138793527e-02 2.400594068406401327e+00 8.596311366229262063e+00
7.334067410542166598e-01 1.480942254442169440e-02 2.614513727562015610e+00 8.315745435268031116e+00
6.772369047830369970e-01 1.338738511391831913e-02 2.610813914289043858e+00 7.690321858515780207e+00
7.728684021444555130e-01 1.703491909953535439e-04 2.488426456238224560e+00 8.578109491250355489e+00
7.147290171058469088e-01 1.712255810190586175e-02 2.826171964746547971e+00 7.723581842163159017e+00
7.876255060144756737e-01 1.194173138986743318e-03 2.647893235707159398e+00 7.609328262972671730e+00
7.322739902970146764e-01 2.066087588778178774e-02 2.799654780029395162e+00 9.988361514255540641e+00
1.786700955597270712e-01 2.433780449246669350e-02 2.901328387628810290e+00 1.633735470042025995e+01
5.995715954090273803e-01 3.236696344587376012e-02 3.278891973396673265e+00 1.523116697084811832e+01
5.234057419504702935e+00 1.281266040306648299e-02 2.438712785076167400e+00 8.761784034105895458e+00
6.829345462659243138e-01 2.509155873655710342e-02 3.002390916949854827e+00 1.251012974216309281e+01
8.207758502779215481e-01 8.467021334333376878e-03 2.731385099881980860e+00 7.583163515478381633e+00
3.071333591994115583e-02 1.999627598924574173e-02 3.111835776442149815e+00 9.119972558902334825e+00
5.629222399405762189e-01 2.422757238429420687e-02 3.031539499626858536e+00 1.227414016878648972e+01
6.772507190038363767e-01 2.437274226907254482e-02 2.969624221927981367e+00 1.308732668104178742e+01
4.710104516153382215e-02 2.028332544924448672e-02 2.938340115965897503e+00 1.104014679732236104e+01
8.303449144949113236e-01 3.932323064309350101e-03 2.617182223901058258e+00 7.301030855985721324e+00
8.127948054806165556e-01 1.315313033438230902e-02 2.674810915864016536e+00 7.423547737528231494e+00
7.626891378265081567e-01 1.641940905574468257e-02 2.841133448112488136e+00 7.608462115784856650e+00
6.061490992091762564e-01 3.234293852036920075e-02 3.194114900875288487e+00 1.856486436515117688e+01
5.488044530765279899e-02 1.974055087419077439e-02 2.885645773812692827e+00 9.663919246054472723e+00
7.712616325959289476e-01 3.701054719520252903e-03 2.658317907397054203e+00 6.402790913309316601e+00
6.317322142559606002e-01 1.389035800751231911e-02 2.770364812334865867e+00 6.971005532364806356e+00
5.773828790177707448e-01 2.239214007328946612e-02 2.819546851287960454e+00 1.015966479370590925e+01
1.284254487521329402e+01 1.771673033239202777e-01 2.072697108344633055e+00 1.856055307864258097e+01
6.958624063298599616e-01 2.607318882685224354e-02 3.005507398405700581e+00 1.400273089514625724e+01
5.039684599628161399e-01 2.052813611143363207e-02 2.738000373969025070e+00 1.016446132574335515e+01
6.241188649834795710e-01 2.920386277752013218e-02 3.075490376122207881e+00 1.774945667984014008e+01
6.823744105816875738e-01 2.325347722011015389e-02 2.980383424411657600e+00 1.191758778391526263e+01
7.245934335584115482e-01 1.911668985674412624e-02 2.927390193347783498e+00 8.519931551800731029e+00
5.479619775464187464e-02 1.603770952070065342e-02 2.677906446692882358e+00 8.852405605010741141e+00
7.805586753353673801e-01 2.324646602920456653e-04 2.539860767125051488e+00 6.968124633322415384e+00
3.018382603901103786e-02 1.255680415405395836e-02 2.832797442676096900e+00 5.868835874253204743e+00
7.144078513479318326e-01 1.537400237607015538e-02 2.745200182080141715e+00 7.942792884977444068e+00
7.143243714347634610e-01 1.817184263622769955e-02 2.812589833262455485e+00 9.123219405065249532e+00
6.392013264396149141e-01 2.749027326589389975e-02 3.230602537413596487e+00 1.046484591196121983e+01
7.265651585184956796e-01 1.495521846936320037e-02 2.843033069439237615e+00 7.413343101401369317e+00
2.062570792715758827e-01 2.461981008552399652e-02 2.922593342545318329e+00 1.312412555922586144e+01
1.889912239752095657e-01 2.695451750834220242e-02 3.020736294087676299e+00 1.713186203686893094e+01
6.032734645971507548e-02 1.718140438086110389e-02 2.843418790525169548e+00 8.669996117830885751e+00
5.077106326178859597e-01 2.383707298494374544e-02 2.880305689426923443e+00 9.216772171409278513e+00
1.005624595702421686e+00 5.153510053102156388e-04 2.617180592454890764e+00 7.296030518840425749e+00
6.762950986852799273e-01 2.550945080453372732e-02 3.047299073590610696e+00 1.073617748806817573e+01
7.150221046743756581e-01 2.076749791928782229e-02 2.966927494638271323e+00 9.245853438635641908e+00
9.954418909781631575e-02 1.739849979094344398e-02 2.879998899103189736e+00 8.247859539663686235e+00
6.987812618218322003e-01 2.010070719183331897e-02 2.842993766738127981e+00 8.880559518558291288e+00
2.006283326425608493e+01 2.900227914281367503e-01 2.153359244307093689e+00 1.678002568706406805e+01
6.946651878879031017e-01 4.875890323882434781e-04 2.466618843849803344e+00 8.446243566359811439e+00
6.398292695158902532e-01 2.632593876076168293e-02 3.070441344103167935e+00 1.099119805973670161e+01
7.153940449225507647e-01 1.982405313841818437e-02 2.790903020596772421e+00 9.386117938759291235e+00
7.292254261975522622e-01 1.340079180648251142e-02 2.826444331625468376e+00 7.550644336028097037e+00
6.323897381867201739e-01 2.248510308641794159e-02 2.959693065451755700e+00 9.457677537023789327e+00
6.941075767198787716e-01 1.213086399436952810e-02 2.610160693452270309e+00 7.817874966909308831e+00
6.351086380619505034e-01 2.396933038005492900e-02 2.947144638599793254e+00 1.125093188704012448e+01
7.234043745085330102e-01 1.545787072963369577e-02 2.664117295846065048e+00 9.021430255205848070e+00
1.366186499208427996e-01 2.496427660978221830e-02 2.985959331226546443e+00 1.449589525782129762e+01
5.501570687626287093e-01 2.697338504749017402e-02 2.975897039074852923e+00 1.345227288915075015e+01
6.529950166712916726e-01 2.730263780787647865e-02 3.122719415879239513e+00 1.202365523808251169e+01
7.326437158895345858e-01 9.543519127033770963e-03 2.701071581942514399e+00 7.828711346255516901e+00
7.887690650916007185e-01 8.806325870855540722e-03 2.581336088958235297e+00 7.380219084835878185e+00
6.893035500562213258e+00 7.000753268426990888e-03 2.390442033432005786e+00 8.726789596020402939e+00
3.360456963316341139e-02 1.873768703079835632e-02 2.777134176378487140e+00 9.254676208313407315e+00
6.143000300312250195e-01 3.064832418608133546e-02 3.017919183636754710e+00 1.837339607986605827e+01
6.412978506088615749e-01 2.850155380961881188e-02 3.053316859709725772e+00 1.542276435683811187e+01
5.766337580777810556e-01 2.645227831069614163e-02 3.108258777896948377e+00 1.029875204572164193e+01
8.375571601596398796e-01 3.504147534799432161e-04 2.670947907428588231e+00 7.319862356099404721e+00
3.033959522173193335e+01 3.620861858461664196e-01 2.281900291350932974e+00 1.307949599762062753e+01
6.603413061815757601e+01 8.906109826899936133e-01 2.015676214271207023e+00 1.735288018866927473e+01
6.590399115266789565e-01 3.188095555393664904e-02 3.229167650789978250e+00 1.604923154558498766e+01
5.378636466103982272e+00 2.517364131277607248e-02 2.453013619129872147e+00 8.635381277375561382e+00
4.881544274487717994e-01 2.553509519060299937e-02 2.831277987147678754e+00 1.199060113052035526e+01
6.673350461258680255e-01 3.123082608335130475e-02 3.116639177583659048e+00 1.946038142421228656e+01
6.518306587508110317e-01 3.144993422685544993e-02 3.214239467669952610e+00 1.775559936773035474e+01
7.704705181927215207e+00 4.181015961239407247e-02 2.374188397594855005e+00 7.840877253628345755e+00
7.940148500449751845e-01 9.767243695788558819e-03 2.662284007599288405e+00 7.281952636573047144e+00
6.482803337012285061e-01 2.662804045374842984e-02 3.085608527150073943e+00 1.104360575853065107e+01
7.041227125549169852e-01 1.582834233522042652e-02 2.898674234274525308e+00 7.067680896217171771e+00
6.581722027583161161e-01 2.262834137026827758e-02 2.962070845829800181e+00 8.898475765238920587e+00
7.715698358209159835e-01 2.758261945589601544e-04 2.640012694415419414e+00 7.073149391360956884e+00
3.233726353453379998e-01 2.541888389027666117e-02 3.000819388140481436e+00 1.163786480309378035e+01
6.554031712612125027e-01 3.051373355042308680e-02 3.179083293160267054e+00 1.587273227637389184e+01
4.442093297584696898e-02 1.816947520585657228e-02 2.760548852882156456e+00 8.908841914618284008e+00
7.111880773686868329e-01 1.946597883171765145e-02 2.759287267065599458e+00 1.077147897012086020e+01
6.232556193071100425e-01 3.114213808994746938e-02 3.242699638541067131e+00 1.548397654701766157e+01
3.041918530985839725e-02 2.553888333743051936e-02 3.116318182082096655e+00 1.787696002046827104e+01
6.962171244585395602e-01 1.942943273097792745e-02 2.847666580661370794e+00 8.312958053904260680e+00
7.225618749294536736e-01 1.531914256878998820e-02 2.794162029130045077e+00 7.335428663000730154e+00
4.419908805420166842e-01 2.269765396249986272e-02 2.852255378028687005e+00 1.049087536276901922e+01
6.429792764128401394e-01 1.983511432461600513e-02 2.872824662698757692e+00 7.827652584861938934e+00
6.811780230483189813e-01 3.142446397552827592e-02 3.012458617085699952e+00 1.554872751121515861e+01
5.037078214134412812e-01 3.019992922846096925e-02 3.142200325750982071e+00 1.668991899438380244e+01
7.425878120786409964e-01 1.597158405165449366e-02 2.695550472851842905e+00 9.216735470573134137e+00
6.798384828857082507e-01 2.274184612935177541e-02 2.944655896940521433e+00 9.194112595200472526e+00
6.649864572559118781e-01 2.333986223291566880e-02 2.908825870206438680e+00 1.039232947202624580e+01
7.570542789933139005e-01 2.654874558714273407e-03 2.540567829489684293e+00 7.289689082685465671e+00
6.683684572259626755e+00 2.840287146961767428e-02 2.332144307028385377e+00 9.512117963692482192e+00
6.815160756962425070e-01 1.939794679681424230e-02 2.838327206149436233e+00 9.144002480456368431e+00
7.249683332180675066e+00 6.195411144260199593e-02 2.174325499131251505e+00 1.177199945738612463e+01
5.457572048104599283e+00 4.206946460764084822e-02 2.381984045101142922e+00 9.391927264549282839e+00
6.738391589162513462e-01 1.689191546053077364e-02 2.807958069003776203e+00 8.364926862587374501e+00
5.773036694800187663e-01 3.116810217059035049e-02 3.040749661421246142e+00 1.932414376917314058e+01
6.701893922106836321e-01 2.340893150084484911e-02 2.970644049277190391e+00 1.054349359232419658e+01
6.947830448958235428e-01 1.591113722128558589e-02 2.803806169705196361e+00 7.879575612795203021e+00
6.552015714341589137e-01 2.120119609006964473e-02 2.790769115996261540e+00 1.094365925018597352e+01
1.127307404004132074e+01 1.156627181589763568e-04 2.488183983746322880e+00 6.702334832924988106e+00
3.091256954820138098e-02 2.263298845218806449e-02 3.035018594079548659e+00 1.365648379031286375e+01
6.933795666116298051e-01 1.993942076618874029e-02 2.838970338504854585e+00 8.429921428242636239e+00
6.549280825937718875e-01 2.424539570570426877e-02 3.069888035883750366e+00 9.988450641545760789e+00
1.692471128042700723e-01 1.502906523065275328e-02 2.644303549061425507e+00 7.637000112961892739e+00
6.304085300612454201e-01 3.023177460559129184e-02 3.210983304981832376e+00 1.481767121024195610e+01
6.215965251223563026e-01 3.093852654949089467e-02 3.092694377668689487e+00 1.915011178813481152e+01
7.266274061507839166e-01 2.178576520850037182e-02 2.869213177841352103e+00 1.043040266950294637e+01
5.714787482010721398e-01 2.778637885984599348e-02 3.052352528806449250e+00 1.532709966445800021e+01
6.534339826924102645e-01 2.501335816028073950e-02 3.038520913824559244e+00 9.288204774745826953e+00
2.396286439167342464e-01 1.846106462352975139e-02 2.775600840925987356e+00 8.182574960429899846e+00
4.068134250712529543e-02 1.807240871776100502e-02 2.819306469457198538e+00 1.037300912235359363e+01
7.662263366332684456e-01 1.865754968435566485e-02 2.903607065388010611e+00 8.056864475931455161e+00
6.589080382522229939e-01 2.151136294932474644e-02 3.053240353889696834e+00 8.078504521544132899e+00
8.295504076995291465e-01 4.267872432770668722e-04 2.552285405372750837e+00 7.776377304385245992e+00
8.344292136755747658e-01 4.827995455982534898e-04 2.720049392142721345e+00 6.886484874909129417e+00
1.495822418550088184e-01 2.887090812260825756e-02 3.147105789511036811e+00 1.785564152841522656e+01
6.292240166387913503e-01 2.753160634090889500e-02 3.158305152788755787e+00 1.064436604758560456e+01
5.627919485360614038e-01 3.281079620732555574e-02 3.245371848849610164e+00 1.636304585560491631e+01
5.890543396923603181e-02 1.604858428751826036e-02 2.747420198314586059e+00 8.099696240547338277e+00
5.127814781994609605e-01 2.993272274609412587e-02 2.888251134455110503e+00 1.733644600873207153e+01
5.400141580868812047e-02 2.653566691801458044e-02 3.069195100412165367e+00 1.936089945755302466e+01
2.935189692351847790e-01 2.217283179452560898e-02 2.761578816174849127e+00 1.051756639242295499e+01
6.323897381867201739e-01 2.248510308641794159e-02 2.959693065451755700e+00 9.457677537023789327e+00
4.148014551044493459e+00 1.078284956747548907e-03 2.457590969236034262e+00 7.836741706096751692e+00
6.505729867757645835e-01 2.982161890550268785e-02 3.184652954131056646e+00 1.673541183438749158e+01
6.752424978405047185e-01 1.356752347949512216e-02 2.737609784303164595e+00 7.205314838635079155e+00
1.020939735862298692e+00 1.145267032222478101e-03 2.585777555521237225e+00 6.905723257457745845e+00
7.092567528019065870e-01 1.807841032063781453e-02 2.790873162126070728e+00 8.502217318527119261e+00
6.165760680404067662e-01 2.409638560444294156e-02 2.899306853813117701e+00 1.057824515435011392e+01
1.224663339758974012e-01 2.122032389253078466e-02 2.909317498221504650e+00 1.023963267978265179e+01
2.166692864264189566e+01 3.222680125410302687e-01 2.224964504133606358e+00 1.621676759096001064e+01
7.849585367837828009e-01 7.911414904054331690e-03 2.569606754731015297e+00 9.059456906564225420e+00
7.435689483100880182e-01 1.933326338243857370e-02 2.862336988380742131e+00 9.513762070560991546e+00
7.519419527772169820e-01 1.364114957876149531e-03 2.582913825808144548e+00 7.659304877145292956e+00
6.530119665952366370e-01 2.581931473898809587e-02 3.024553556101538643e+00 1.157594572799751909e+01
6.590147636207204229e-01 2.110069701560427641e-02 2.759724313650817606e+00 1.055898695526971309e+01
7.940148500449751845e-01 9.767243695788558819e-03 2.662284007599288405e+00 7.281952636573047144e+00
7.331268317139223445e-01 1.768658452121241870e-02 2.776784874746682785e+00 9.494552878473530910e+00
3.889756573277523832e-02 2.623335566434780580e-02 3.209417415593493139e+00 1.782977390965715969e+01
7.151742781043413100e-01 1.608961618943961433e-02 2.958307070802051353e+00 6.433449917955473829e+00
5.691030591193696475e-01 2.451226150192204606e-02 2.862452547483570253e+00 1.222389572669503721e+01
5.853984627153450138e-01 3.335936687951625984e-02 3.074462686135908562e+00 1.880830157285629411e+01
8.454962505195189049e-02 2.361627746392445937e-02 2.939781127886871737e+00 1.312713027822656464e+01
7.366064661643669353e+01 8.983340673026217749e-01 2.142557504958980896e+00 1.569128267409447375e+01
5.770468418255603194e-01 2.850712078054548973e-02 3.127527714078841115e+00 1.402192267077758281e+01
6.859515979028775190e-01 1.519719149669882495e-02 2.759065159940045753e+00 8.124239747358149799e+00
6.272410165860300424e-01 3.413732760173415065e-02 3.180238035232584970e+00 1.842965659046225468e+01
6.993893313752922447e-01 1.390818073804149166e-02 2.808970609771847204e+00 6.816405044916071354e+00
6.469884302864518100e-01 1.799826660555262775e-02 2.929506250193269601e+00 6.788399443751974793e+00
7.029116644486319565e-01 1.885217822363612766e-02 2.818051011886699264e+00 8.478002150294617678e+00
8.025968461191010928e-01 3.066809641826114484e-04 2.604001074067816113e+00 7.363796954224345548e+00
5.912854101283981922e-01 2.093297109269966899e-02 2.843600259108796990e+00 9.298189334225375191e+00
7.438872482407651532e+00 1.063667335484578180e-03 2.438770759863299276e+00 7.448035981475111811e+00
7.198422734397231793e+00 2.642640803588881121e-03 2.420294388105882710e+00 8.598470646465091960e+00
6.391963621080092306e-01 2.355927943956423812e-02 2.928590968742462053e+00 1.149055960102169749e+01
6.554898694930235692e-01 2.652469364064526797e-02 3.060157859592816276e+00 1.207148484231973562e+01
3.130981401379934193e-02 2.511083799266172409e-02 2.971598247812901050e+00 1.795905739477154484e+01
6.380349882165928799e-01 3.207559619376051940e-02 3.118497277412489499e+00 1.835094726626620343e+01
3.663199589224475777e-02 1.905862334605023384e-02 2.913948791539225258e+00 1.145078265445064503e+01
7.646251218698869589e-01 6.814086949388047359e-04 2.630258838482852468e+00 7.479045345654675714e+00
7.460448556076739735e-01 5.614629974918819606e-03 2.611777761286111943e+00 7.008118826760692421e+00
7.038503402252469510e-01 2.242373395074580972e-02 2.949666331349773962e+00 9.956361184759893845e+00
5.008997045327284736e-01 2.399015327920529447e-02 2.991564047494096101e+00 1.096672828084745710e+01
6.230021472744373678e-01 2.829222350612327005e-02 3.034332338493351600e+00 1.328760346865669106e+01
7.180686537866100005e-01 1.990249275383537339e-02 2.885113079392473523e+00 9.053257466521147379e+00
4.442181178693998533e-01 2.343933177424465525e-02 2.786409521857169835e+00 1.245955061017011900e+01
7.409133317201113123e-01 4.648622141746869057e-04 2.597126538731687972e+00 7.260659172259937399e+00
6.692480978296473371e-01 2.820612744040797149e-02 3.076646507165985422e+00 1.439535955778439025e+01
6.017523059053577761e-01 2.919295464792772549e-02 3.208675312414389857e+00 1.284445589150951861e+01
5.937299486727207753e-01 3.079426228086587849e-02 3.225938118744198668e+00 1.432936893496548336e+01
6.058594920500609549e-02 1.587663317375427943e-02 2.756150148141148115e+00 7.795173083748147214e+00
7.327887472084416709e-01 2.067332114651616523e-02 2.880941483326741270e+00 8.876074980397991254e+00
6.565160521882321687e-01 1.637408215040637646e-02 2.676005991640289849e+00 8.846115416093521588e+00
6.542329501408924441e-01 2.378976787578330684e-02 3.086548585482776108e+00 9.813203846942290198e+00
6.180314286782115918e-01 3.166478486356388150e-02 3.136458871795795744e+00 1.970438146972028903e+01
6.476710975012686111e-01 3.175485047462350136e-02 3.094112867081559415e+00 1.994723084679267089e+01
7.326953916926965960e-01 7.254900583547287856e-04 2.470338473991589456e+00 7.835617222066205478e+00
6.041126574484252387e-01 2.332838592507373646e-02 2.917855571399398773e+00 1.025569277826698134e+01
7.967322062132038418e-01 1.410826488028960220e-02 2.655926398869274507e+00 8.870907413633769778e+00
7.396414571720523190e-01 1.825771933196668542e-02 2.741117511742802826e+00 7.409410406430508189e+00
6.273888283716428926e-01 2.654188992102228528e-02 2.968941801373178535e+00 1.409583492750563316e+01
6.725300267593072867e-01 2.327641620368910841e-02 3.026813094615325550e+00 1.187849772892999489e+01
6.281510737323566795e-01 3.151185334897006057e-02 3.067020084251867118e+00 1.946074231487859407e+01
7.237812060344949172e-01 1.637063711629003354e-02 2.837174644316598382e+00 7.611760709520122958e+00
8.174638713632748077e-01 2.118737906707013601e-03 2.621843561008129875e+00 7.429037149378835636e+00
5.390188790305582289e-01 2.171066801918578038e-02 2.937691360894456150e+00 8.849242610514385987e+00
8.553063098319971802e-01 1.515041217699731636e-02 2.807708950172131956e+00 6.636121598954124678e+00
7.025316121635517552e-01 2.156726173517624703e-02 2.935417024117370488e+00 9.932987437216201698e+00
5.912854101283981922e-01 2.093297109269966899e-02 2.843600259108796990e+00 9.298189334225375191e+00
6.332042112059239614e-01 3.039084127912224792e-02 3.101794800965409937e+00 1.788018378276227338e+01
1.114680576405426976e-01 2.088375776733650616e-02 2.765669429458940343e+00 1.236832346541621597e+01
6.282730620197396476e-01 2.064455858067654193e-02 2.804767104649145804e+00 1.056661796679672527e+01
5.972705255730638152e-01 2.763808705814644467e-02 3.181230339062575130e+00 1.220307037018829099e+01
6.399327844566138346e-01 2.955303653046223097e-02 3.157054791370018876e+00 1.578958059761756694e+01
7.217829262298284254e-01 1.070089057279838621e-02 2.620434439586228237e+00 6.740457761103244572e+00
3.988588651268548668e-02 1.835094843296998859e-02 2.740141315786605247e+00 1.142498171690676401e+01
8.172189885302941215e-02 1.728205693451620104e-02 2.771849355371670320e+00 8.692684912464450520e+00
6.734859762811544748e-01 1.361021504233880103e-02 2.727746428993095051e+00 6.946060977819750626e+00
5.953082712093967777e-01 1.535124884622026190e-02 2.837972989069695195e+00 6.155053517217622172e+00
2.598539366988063537e-01 1.524591773526050645e-02 2.552715779756812076e+00 9.266180695363040343e+00
6.927599842061810120e-01 1.472635073435052400e-02 2.768702756161359524e+00 7.820418886183309048e+00
7.641422318620747500e-01 2.943416366923882685e-03 2.695701374416723528e+00 6.988869887049775187e+00
4.974806967893012910e-01 2.739662524866880167e-02 2.917439159189981979e+00 1.425095426113413843e+01
3.046562349055061472e-02 1.683627599348449383e-02 2.859116275356219816e+00 8.693457003973996677e+00
7.241228658481922764e+00 9.856210710711102441e-02 2.049287045308317623e+00 1.748190367045200944e+01
5.123020556822280858e-01 2.188818608950123326e-02 2.809360849170166929e+00 1.007152179006896731e+01
8.369217642362622445e-02 1.761328573620882590e-02 2.766956693261387823e+00 9.039875507178116720e+00
4.400435669145662310e+00 4.439808228865901006e-04 2.399816838412183628e+00 8.903169850246801076e+00
3.376201961075638858e-01 2.473336631490405391e-02 2.855735712532695203e+00 1.354741387837463051e+01
7.409133317201113123e-01 4.648622141746869057e-04 2.597126538731687972e+00 7.260659172259937399e+00
5.523203378122457652e-01 3.023897002394832639e-02 3.124299145570260894e+00 1.635605237870735351e+01
5.765105034250473715e+00 2.992837848091111502e-02 2.350214486959536497e+00 7.601687487069213489e+00
7.650236979391673853e-02 2.557500315161288090e-02 3.048640175375048056e+00 1.697410391333509239e+01
3.212346160651467081e-02 2.197056826402946084e-02 2.970675989983051490e+00 1.587679269406591764e+01
6.189298439606000812e+01 5.377024453776705348e-01 2.301717777627780848e+00 1.073285863604904833e+01
6.299656213685107531e-01 3.266690626808856773e-02 3.178199646110941856e+00 1.765622827786395632e+01
5.871643098893575274e-01 3.256739306111154642e-02 3.094696051391017999e+00 1.861732630859838267e+01
6.382577322334567205e-01 2.867099669271571186e-02 3.181714671290943652e+00 1.263681122404335078e+01
6.851328545891217647e-01 2.087724683755517313e-02 2.985028921588470219e+00 8.261978538962109653e+00
7.264658961282771665e-01 5.432359326025737109e-03 2.666229007022272945e+00 7.273270585624813656e+00
6.787884362978620523e+00 4.760957908545714740e-02 2.334084902313366960e+00 9.521711181423896164e+00
8.149909467665389373e-01 5.419998480390751140e-03 2.596397914493103976e+00 7.069333125569922771e+00
6.859515979028775190e-01 1.519719149669882495e-02 2.759065159940045753e+00 8.124239747358149799e+00
7.994286605299522064e-01 1.089584591658423508e-02 2.652648451722914302e+00 7.525990596130703203e+00
8.032173801032600480e-01 6.980193049379518691e-03 2.536139452013817852e+00 8.339142957492175157e+00
8.169130784112543786e-01 2.351564891544019435e-04 2.603342709122002940e+00 7.561909955487378987e+00
1.045010677558465689e-01 2.270305854448916721e-02 2.879364493872421882e+00 1.301038577955101339e+01
7.119186515414319683e-01 2.003884241166134506e-02 2.916543767871175419e+00 9.063413372896684805e+00
3.769286300892624869e-02 2.225479470156394024e-02 2.985052635887521344e+00 1.310273277802474645e+01
6.772507190038363767e-01 2.437274226907254482e-02 2.969624221927981367e+00 1.308732668104178742e+01
5.501570687626287093e-01 2.697338504749017402e-02 2.975897039074852923e+00 1.345227288915075015e+01
4.385949543273132828e-02 2.685887500637143890e-02 3.251237310400868274e+00 1.829674130922177255e+01
6.547393822780945838e-01 2.099071654791869954e-02 2.808853533364536581e+00 1.108179559389171942e+01
6.697718226249754769e-01 2.121560420603461894e-02 2.906657675583880440e+00 9.525669269244193771e+00
6.472264413539203787e-01 2.509104143531867490e-02 3.145068328890777920e+00 1.010522900679772995e+01
6.385532652649580365e-01 2.591396905865825037e-02 3.024929321251383474e+00 1.245470152388768525e+01
8.799138611017357503e-01 2.120807883287366966e-04 2.631741167966747064e+00 7.967804297448711992e+00
5.679008303926753598e-01 2.800989238267664536e-02 3.036442557771973139e+00 1.390053601796110883e+01
6.961697642698639887e-01 1.711049664818627830e-02 2.949693151381446832e+00 7.700494804920065661e+00
6.467400646143738330e-01 2.941949282007304614e-02 3.166107517362799939e+00 1.591280554629133270e+01
6.752424978405047185e-01 1.356752347949512216e-02 2.737609784303164595e+00 7.205314838635079155e+00
7.087582522672357666e-01 1.331040810506710359e-02 2.775047691951607831e+00 8.023325929997776385e+00
5.387352977393720238e-02 1.757877452764828458e-02 2.735451533850922434e+00 9.731929911780685671e+00
7.263098664679591421e-01 1.883634145355840908e-02 2.855336982191042594e+00 8.988263681608337663e+00
8.533294022024172643e-01 8.101249839804947409e-03 2.636720962054321937e+00 7.608667606282274676e+00
7.162469470075825129e-01 1.546955753288172322e-02 2.696073806702931286e+00 9.079911899349600191e+00
7.488783728558131791e+00 5.541370039033182565e-02 2.255549508115471724e+00 1.160918680312848572e+01
6.921580026508042938e-01 1.327749273698173443e-02 2.686987532869552275e+00 7.160969347369126936e+00
6.928255427512337583e-01 1.502412181504764535e-02 2.723295155964280845e+00 7.778874751352027772e+00
5.381658331969413567e+00 3.417486814997272582e-02 2.368846846437704379e+00 9.168564350610427738e+00
1.193531380424134625e+01 2.049611238155119725e-02 2.577373793614546216e+00 6.501727841858286894e+00
6.393556619695351939e-01 2.743814462970683640e-02 3.120801219658344561e+00 1.341790294980609843e+01
6.672670543841472401e-01 2.538701434780838914e-02 3.143898808848185844e+00 9.811171387333070371e+00
6.610577084960974625e-01 2.200911555727728258e-02 2.934480766908976967e+00 9.779910947543140054e+00
6.383830577549587382e-01 3.216496884560811342e-02 3.313455847252888553e+00 1.742615181673291147e+01
6.488698398349609930e-02 1.905041806486964737e-02 2.862009491483473944e+00 1.007625683651844462e+01
2.590722842064174003e+01 3.115480034426940659e-01 2.148531130353690699e+00 1.409651344349359547e+01
6.611958338860850493e-01 2.110505441640502314e-02 2.774823078040587365e+00 1.004300092074007189e+01
6.634064859738961206e-02 1.109189418742898003e-02 2.614943901643716373e+00 7.447827788760247536e+00
6.851867612533071306e-01 1.571095852125483153e-02 2.787443600684572864e+00 8.598570298508315446e+00
7.471323452788629638e-01 1.372324428221855137e-02 2.699880731161848235e+00 7.956001453660771716e+00
6.589264139978726620e-01 2.182701046064910305e-02 2.970311617745087673e+00 9.874009223127153234e+00
7.349611772707101975e-01 1.782188129967381129e-02 2.787885098877650680e+00 9.352439410414509879e+00
6.132758518073470055e-01 2.744159423937669179e-02 3.077132194562583578e+00 1.348431360437078297e+01
6.480820285209103471e-01 3.003126759345573285e-02 3.100492125078682548e+00 1.728272618973128516e+01
6.739795840692469620e-01 2.454526905988524410e-02 3.028280679584206325e+00 1.031112606405615217e+01
2.104792984074482121e+01 2.961140140978172908e-01 2.068637564271275320e+00 1.662950076996029836e+01
7.808201088638087040e-01 1.107465342718892860e-02 2.690487182629377916e+00 7.663284919488966729e+00
3.091256954820138098e-02 2.263298845218806449e-02 3.035018594079548659e+00 1.365648379031286375e+01
5.682810567962565784e+00 1.791081757119271714e-03 2.349221520715355283e+00 8.251204989932272582e+00
5.408659251164384951e-01 3.186584462377804738e-02 3.181710711106281231e+00 1.755841139609115586e+01
5.989290353217067153e-01 3.473196270982199796e-02 3.373017071963005264e+00 1.783208791156542361e+01
5.418945719483667656e-01 3.045646740217864204e-02 3.088944428755667992e+00 1.455861928318232401e+01
7.089879691295859487e-01 1.248817510424410360e-02 2.716990872452707872e+00 7.243322484833684349e+00
3.828281201392067601e+01 5.259555861928139064e-01 2.127166871083059796e+00 1.757515705627283964e+01
7.239612166427671358e-01 1.605023340997287565e-02 2.814487116724444071e+00 7.507598430100701492e+00
2.396286439167342464e-01 1.846106462352975139e-02 2.775600840925987356e+00 8.182574960429899846e+00
6.415624347906503377e-01 6.277676038414982829e-04 2.495767761066670865e+00 7.638331540675904918e+00
3.449296024816201484e-02 2.354807230651908070e-02 2.958454952554731676e+00 1.650039312429257876e+01
5.675392674626502654e-01 2.679940348232106792e-02 3.116618931664948633e+00 1.356250821624667857e+01
3.166528179387766151e-02 2.125642371023252208e-02 3.113442952549565490e+00 9.972040818933344042e+00
7.253392308186711324e-01 5.782637757919611814e-03 2.618496364044332836e+00 7.614642627354764493e+00
7.274976249481721613e-01 1.914993914646810624e-02 2.885059816502073549e+00 8.261857086611957612e+00
6.383931376914244726e-01 2.425377423460546231e-02 3.006893520546427556e+00 1.011020032418713832e+01
6.295900343676466004e-01 3.113906762975810275e-02 3.093130364942838995e+00 1.633981046887008759e+01
5.829431809907529294e-01 3.336975563101040460e-02 3.249302353333319626e+00 1.966601285933247922e+01
6.271623637883275704e-01 2.862540814942514736e-02 3.083491332588961242e+00 1.517120783760659108e+01
8.207460299135557191e-01 1.084324269577864076e-02 2.697865911391330584e+00 7.379958178283692050e+00
6.446215580683584134e-01 2.235483741038802805e-02 2.970593492723936357e+00 1.028502869081765425e+01
6.697837754145083977e-01 1.625717272062618401e-02 2.828303443329283517e+00 7.273901693923400913e+00
5.075706515198936675e-01 2.614067537575694156e-02 2.969575393639974248e+00 1.134524409533137046e+01
3.256041542645165521e+01 4.594963076072981489e-01 2.228015071097984467e+00 1.509967052423376543e+01
6.022828328660682295e+00 2.107842529639735937e-02 2.357178616738289989e+00 9.649789920616495209e+00
3.041918530985839725e-02 2.553888333743051936e-02 3.116318182082096655e+00 1.787696002046827104e+01
3.064429931725478440e+01 4.676313700834404674e-01 2.098953385656714854e+00 1.946360172609729844e+01
6.825652662270482729e-01 1.964005436642474525e-02 2.827907921593562968e+00 9.538538421447748661e+00
5.138785475350105686e-02 1.805355079777119093e-02 2.884360146401016678e+00 7.590265946897780225e+00
7.905023500111625356e-01 1.448552224796673983e-02 2.783818329920999091e+00 8.644604727125106081e+00
5.721605275219951992e-01 2.474660813072709215e-02 2.886968958915197447e+00 1.051651597862301024e+01
6.608694828518245634e-01 3.125662094623071069e-02 3.119151509287179991e+00 1.749471683518038034e+01
6.297106430663519383e-01 2.830196692216390211e-02 3.098797091302348150e+00 1.325790690871141031e+01
6.722658490922169960e+01 9.115865007790421304e-01 2.135611752216608483e+00 1.763763659223445401e+01
6.931530910722616845e+00 2.479215264467574467e-03 2.545608868931971802e+00 7.185635255244333663e+00
5.800013729518797012e-01 2.401452185965283204e-02 2.888371853231229469e+00 9.111635048609164400e+00
6.045525296541859328e-01 2.667568655805794414e-02 2.860590640322715039e+00 1.265090933150236552e+01
6.176550682957236971e-01 2.711747327883173506e-02 3.046002721019783088e+00 1.352556614785886779e+01
7.140195082239514379e-01 1.973841913100669171e-02 2.881187645558869193e+00 9.341988215904434512e+00
6.020158788380866044e-01 3.095874028455893046e-02 3.081734279572558854e+00 1.739252224629788302e+01
6.723729916794553008e-01 1.684018846244639267e-02 2.787586970421499721e+00 8.236020057782694082e+00
6.445166849258805453e-01 2.172888719081276718e-02 2.965535418545586221e+00 8.841141024039867347e+00
3.046562349055061472e-02 1.683627599348449383e-02 2.859116275356219816e+00 8.693457003973996677e+00
6.797946959472261907e-01 1.882892886683596584e-02 2.756750587546805242e+00 8.602265712126744290e+00
6.501146560194941415e-01 2.462398640897469834e-02 3.026155451051328882e+00 1.117045400866093274e+01
8.258122500862743465e+00 6.955843419068596413e-03 2.475262599250561024e+00 8.203606577123101928e+00
9.178006029587346126e-02 2.304405821875417718e-02 2.927969886746240924e+00 1.322976483001104953e+01
3.397227106669401669e-02 1.516694362183086502e-02 2.740295835507560618e+00 8.644763643684767018e+00
1.828312437460352768e+01 2.830924679653161191e-01 2.207902775588530986e+00 1.477813015889458015e+01
6.522096626901807692e-01 2.758407433024738162e-02 3.062599581254917602e+00 1.284512169977274354e+01
6.191889865319051278e-01 3.009061556033481091e-02 3.140260566566463574e+00 1.623552137703224219e+01
5.723765616789990851e-01 2.744616145061444870e-02 2.911832272836591073e+00 1.540361449912008851e+01
6.246606069762911106e-01 3.197505163587423260e-02 3.163396962063571571e+00 1.877302853990663678e+01
5.192575214836161468e-01 1.513804265564318990e-02 2.721785854977967212e+00 7.073838946898594493e+00
6.207702857575443378e-01 3.167944970122590215e-02 3.057886001698035816e+00 1.736848295980686885e+01
7.442670186148401257e-01 1.493125912474165505e-02 2.798242516487733589e+00 7.890572820214751815e+00
6.538890580809348929e-01 2.535936808684394889e-02 3.037550365143206754e+00 8.629628175533417433e+00
8.749523121407736248e-01 2.747466567363024675e-03 2.566879174193285706e+00 8.345301405447184351e+00
8.274218804734552180e-01 4.141519235529472526e-04 2.527852486933793053e+00 8.397853655046418453e+00
6.630742310353479496e+00 1.182230715092828267e-02 2.387827547020557439e+00 6.795631838844549577e+00
4.028525680256538760e-02 2.101490642390158384e-02 2.862669545871830756e+00 1.288237356090953156e+01
8.473855855790904945e-01 8.784259413408655390e-03 2.570789731255644472e+00 7.177801201549149468e+00
8.110075532697483824e-01 3.727839624258904054e-04 2.618406498558732753e+00 6.978441332764524496e+00
8.344361920550409373e-01 4.692906563660631351e-03 2.569510359180005032e+00 7.311110886480427951e+00
7.685362348942832433e-01 8.387362374159807940e-03 2.713880424503257505e+00 6.683601079566635406e+00
6.822485828341785519e-01 3.125645532428297790e-02 3.172950648302885313e+00 1.408549875609278956e+01
8.650064793048627132e-02 1.945610948924662506e-02 2.780817211708558112e+00 1.233864715933731837e+01
6.720072937944283620e-01 2.584067145655342262e-02 3.146304359263338846e+00 1.028936868021308548e+01
9.769907840680920608e-02 1.944835326795082975e-02 2.715843768960558346e+00 9.858286496041518632e+00
6.584453004370651730e-01 3.057334667471676634e-02 3.098974375610590748e+00 1.516675993934403444e+01
5.950009353301518589e-01 2.942745644884386252e-02 3.029246740642185021e+00 1.417864155901130729e+01
4.800673931195147404e-01 1.815353664449056298e-02 2.678714098453274239e+00 9.181183527188142790e+00
6.375402128721699979e-01 3.194018681847802382e-02 3.327724431066631183e+00 1.738922551134504957e+01
7.051219345382810921e-01 2.121293680871568291e-02 2.928206311894515856e+00 9.009079028380300613e+00
7.886899295716048863e-01 1.732362323801429340e-03 2.595766811300641130e+00 7.310277150279717695e+00
4.338063288382346672e-01 2.630117591440485000e-02 2.967110515678961669e+00 1.137926076942303766e+01
6.433453998272412599e-01 2.863091790677223941e-02 3.015886489764461942e+00 1.533196930680317038e+01
3.068629446687427542e-01 2.753101066312948000e-02 2.946922082090172257e+00 1.620954581559193741e+01
1.477341113277540197e-01 2.395928554160447685e-02 2.843525845410308506e+00 1.583338315099651261e+01
7.355676937943749216e-01 2.106954446923236385e-02 2.918674005933917570e+00 1.102076329089695506e+01
3.376201961075638858e-01 2.473336631490405391e-02 2.855735712532695203e+00 1.354741387837463051e+01
6.560244387240168340e-01 2.112837400301597821e-02 2.989837622751500223e+00 9.328836460023978816e+00
7.576298239289011027e-01 1.134691845199031594e-02 2.642516952479597947e+00 8.634812407491757824e+00
6.497932242555582993e-01 3.380793803726269559e-02 3.257939544171339463e+00 1.751967729847917710e+01
6.779270740459029110e-01 1.999321849353141375e-02 2.776183960834772257e+00 8.837613185626857160e+00
1.128705189747162413e-01 1.482306395532277492e-02 2.653092655258546984e+00 9.023368904882609343e+00
4.068134250712529543e-02 1.807240871776100502e-02 2.819306469457198538e+00 1.037300912235359363e+01
6.204852276449802639e-01 9.878303085589185215e-04 2.552883729152130243e+00 6.931404267530254515e+00
4.057057090991820769e-01 2.672459902361534398e-02 2.849966435079683613e+00 1.628995929200826254e+01
7.136906192832823681e-01 8.188457916135197549e-04 2.650859794990458429e+00 7.454167739406155846e+00
6.191528973380323597e-01 2.387040213830286112e-02 2.898759404745422152e+00 1.083979202385119223e+01
6.109214514424640141e-01 3.340660157551891829e-02 3.346938436106618120e+00 1.688762635517755939e+01
9.266668111121626694e+00 1.249812465532788852e-03 2.581354733842769811e+00 5.942560474345775390e+00
6.418741141126577121e-01 2.922908893163207733e-02 3.109500507959525706e+00 1.433535331218412701e+01
6.712766508552262534e-01 2.615969436186866767e-02 3.060489343278083307e+00 1.282896504657832892e+01
7.314313293049617970e-01 1.690790338932090381e-02 2.788866368565195764e+00 8.266765642890497645e+00
5.276941933068730606e-01 1.918859018983573583e-02 2.955836346473960319e+00 6.309055759287996779e+00
4.755473175926412210e+01 4.951490064817219983e-01 2.318439354675945197e+00 9.957053080846781867e+00
7.422792858452903486e-01 1.015493101587720479e-02 2.718525757768290418e+00 7.109904697130237317e+00
6.605586897999459195e-01 2.998353294619052548e-02 3.182667112736243364e+00 1.618916757175091092e+01
6.436420463704779493e-01 1.808214883447050239e-02 2.805646820016594045e+00 7.673194227156622915e+00
4.934238903556715239e-01 2.727060548891870398e-02 2.971519875187242476e+00 1.448665770183930945e+01
7.055924630584948787e-01 2.112207077935769964e-02 2.884294030018838217e+00 1.036678362599820424e+01
7.758701828724662297e-02 2.169087199005249877e-02 2.910034123026017383e+00 1.328829953961903954e+01
4.419908805420166842e-01 2.269765396249986272e-02 2.852255378028687005e+00 1.049087536276901922e+01
7.968369406680032574e-01 7.573389701696726581e-03 2.645071998333423657e+00 7.420474407959023466e+00
7.545571663652538064e+00 6.153987446480194265e-04 2.505045893125035228e+00 6.116955696593773695e+00
5.362079093007192654e-01 2.306188731740591719e-02 2.982320583037576522e+00 9.442514473376888873e+00
6.148826620140993571e-01 2.796474113797969147e-02 2.977124210565808227e+00 1.309645128601776243e+01
2.737039861970051291e+01 4.154228307910536322e-01 2.057922798436545353e+00 1.812395576754377302e+01
4.226714861752824820e-02 2.528982404361715744e-02 3.106739733953441274e+00 1.814734484401440184e+01
6.592250274790404374e-01 2.608188143944598428e-02 3.038316075424825513e+00 1.408927654568841703e+01
5.540225683830019010e-01 3.154295069853591676e-02 3.089898240952084763e+00 1.942341431064580703e+01
6.508554647683485461e-01 2.298829355141180850e-02 2.875195646895340573e+00 1.231183389630029623e+01
6.179873584985121626e-01 2.827534328129893346e-02 3.172694240765599805e+00 1.329874922660166092e+01
6.309932334522921904e-01 1.246856128945319012e-02 2.652617792216865666e+00 7.925000801234980408e+00
7.836312817110148154e-01 7.794695200350537298e-03 2.599044551047730689e+00 7.017330837115683728e+00
5.640305175899114065e-01 8.883495892177290529e-04 2.616839969000981370e+00 6.746856638867487987e+00
7.018739459355672894e-01 1.901373298759834185e-02 2.844268984742822859e+00 8.843108850472688687e+00
4.176072347041286104e-02 2.043913412823315789e-02 2.956726688568623196e+00 1.196295058875872108e+01
6.548060344018299395e-01 2.605021256437931379e-02 3.072329383221222621e+00 1.085403006530231984e+01
5.920347171143990339e-01 1.080823920727429780e-04 2.553314438496883110e+00 6.882776068656698776e+00
2.038519404295677973e+01 2.793837146753508360e-01 2.070335660472299555e+00 1.838381665955037647e+01
5.784591882569092292e-01 2.827778504827125824e-02 3.074396171185618254e+00 1.364647673751428414e+01
7.626891378265081567e-01 1.641940905574468257e-02 2.841133448112488136e+00 7.608462115784856650e+00
6.163221189091780960e-01 2.212012716137821966e-02 2.800224979006532777e+00 1.057242616658799150e+01
6.627115382731190163e-01 2.559846955849477343e-02 2.975484718412897855e+00 1.299375365797994242e+01
6.517703796695898388e-01 2.380181014631433181e-02 3.020985429733426653e+00 9.396099211142168173e+00
4.718087850069933031e-01 2.619763867596616030e-02 2.814779335460278809e+00 1.340264933753661047e+01
2.117017526694798535e-01 1.947736756131717914e-02 2.608865769223806197e+00 1.200846633433054933e+01
4.778019731097355449e-01 6.190589686439374340e-04 2.587627975876055419e+00 6.485221130047542637e+00
5.339013018152757306e-01 3.285488017857404741e-02 3.199238306811446719e+00 1.985333302376450959e+01
7.931872668407781157e-01 1.447870159766245128e-03 2.525975279919119743e+00 7.981271732066821833e+00
6.709455697696026233e-01 2.732620143192160053e-02 3.156224029064217174e+00 1.126397285771196799e+01
6.669104234547976739e-01 1.636925611204637782e-02 2.788275086746994980e+00 8.239984052889496979e+00
2.104792984074482121e+01 2.961140140978172908e-01 2.068637564271275320e+00 1.662950076996029836e+01
6.562738317737007998e-01 3.066346632589355206e-02 3.106933807775311251e+00 1.759207667757384996e+01
7.385948510772571973e-01 1.917246817184818306e-02 2.890715949045443267e+00 9.067637876666701402e+00
4.755473175926412210e+01 4.951490064817219983e-01 2.318439354675945197e+00 9.957053080846781867e+00
1.201909177512680560e-01 2.402133832502778218e-02 2.902422852259232133e+00 1.521192204577856977e+01
3.007349724465042604e-02 2.384533559960935398e-02 3.151970978266580570e+00 1.553397923842550910e+01
7.377510579283633740e-01 1.378476945850003535e-02 2.606235657520167504e+00 9.246510948895631188e+00
6.454010319015432984e-01 2.160110056390064301e-02 2.877989657378050570e+00 9.966540511037447203e+00
6.315999400490579507e-01 2.647559282236900888e-02 3.106182786626016323e+00 1.149959138167058548e+01
7.712616325959289476e-01 3.701054719520252903e-03 2.658317907397054203e+00 6.402790913309316601e+00
5.784591882569092292e-01 2.827778504827125824e-02 3.074396171185618254e+00 1.364647673751428414e+01
6.624361898047966823e-01 2.058315490084424229e-02 3.014927388524357710e+00 7.509515026916295355e+00
7.307994732461461362e-01 1.702984238503921569e-02 2.837397527432778954e+00 7.787879325298304067e+00
7.225618749294536736e-01 1.531914256878998820e-02 2.794162029130045077e+00 7.335428663000730154e+00
4.656246571433987924e+01 7.352654313824555921e-01 2.044388355000438917e+00 1.977855807894423990e+01
5.948408278713880115e+00 9.773553668366569483e-03 2.399462881188959784e+00 7.961066380613337046e+00
5.484317493959989936e-02 2.257384324132628850e-02 2.972103241197278756e+00 1.391658800197698298e+01
7.442543432751416166e-01 1.208225978048606611e-02 2.666819182870845850e+00 7.219075359443932527e+00
7.815832041260999574e+01 8.749141026987851122e-01 2.171094612394020018e+00 1.201463757010623112e+01
5.984079044125499847e-01 3.093885923514688024e-02 3.166692799273308268e+00 1.761716822038270891e+01
5.067322396533926465e-01 1.117555442541995174e-02 2.610856849374993516e+00 6.332430877221352006e+00
6.250111771617400391e-01 2.256749180684820485e-02 2.884061938161354810e+00 1.066986309873175109e+01
6.060317375404403739e-01 3.454503945914338958e-02 3.292461442360382851e+00 1.880474819334625991e+01
7.142350321100854327e-01 1.670364907091953510e-02 2.791747890807529497e+00 8.094313457301620218e+00
4.594413770664623753e-02 2.417297512103776941e-02 3.136214440585985308e+00 1.421418209983933956e+01
8.011611352054772706e-01 6.615344691473953181e-03 2.636081812117254675e+00 7.632936050389314886e+00
6.278987252065427738e-01 2.296295000417660284e-02 2.930636274941721187e+00 1.033315169793963761e+01
6.925177398900712600e-01 1.814292471399112441e-02 2.800551628715314934e+00 8.737737145046388321e+00
5.536073324290644582e-01 2.364523253409955145e-02 2.970756833982097334e+00 9.986375443179445810e+00
6.253455438810014977e-01 2.643147807149877695e-02 3.077831789136616258e+00 1.154343523173373853e+01
7.546908069776601113e-01 7.243614354328698109e-03 2.629653636697002916e+00 7.162574051862956814e+00
5.008997045327284736e-01 2.399015327920529447e-02 2.991564047494096101e+00 1.096672828084745710e+01
7.072876716332897606e-01 2.059610356615230661e-02 2.813102702845429626e+00 1.012927164203385111e+01
6.191202155839089505e-01 3.048254186406983493e-02 3.117626486149207565e+00 1.621589145596335868e+01
3.716158923363563349e-02 2.398705949150096647e-02 2.981216200754146950e+00 1.715889909623000875e+01
3.135575697794856093e-02 2.007523430588334032e-02 2.933941787228427245e+00 1.100538657885512883e+01
6.722658490922169960e+01 9.115865007790421304e-01 2.135611752216608483e+00 1.763763659223445401e+01
7.588243465549865396e-01 8.872585857737423295e-03 2.610939605083866688e+00 7.027751981855932861e+00
5.431799655879023803e-01 2.247932005509784351e-02 2.944075546166856405e+00 9.665330067967261130e+00
6.454279265495320717e-01 1.575423906280020575e-02 2.775085584364889613e+00 8.402527853189704743e+00
5.484958872467246671e+00 1.191876501761542084e-02 2.351577100764065342e+00 8.009982641479981069e+00
5.761128492213271057e-01 1.227731317171098060e-04 2.497695741063735042e+00 8.143208000210973907e+00
6.636000139103209738e-01 2.149204324655491077e-02 2.867750023941243231e+00 8.552973595149421016e+00
5.786300081117663474e-01 2.739027682743979536e-02 3.051571187619467551e+00 1.372514094275536500e+01
7.162246926659124879e-01 2.057262704596969985e-02 2.722854592382576211e+00 9.909847337929557298e+00
7.039999650598758318e-01 2.642271804610160472e-04 2.496030081683224822e+00 7.983909056106420543e+00
5.245037290462968294e+00 2.300928639830601349e-02 2.324758583513707233e+00 8.412192063232440731e+00
7.033733944714514186e-01 1.829641084767697629e-02 2.928225118620314760e+00 8.672693736615704196e+00
6.125582306479041561e-01 2.752089099836226363e-02 3.038067407085306648e+00 1.379871608263216842e+01
5.187690789198966534e-01 2.711024898676640815e-02 3.018114157590062518e+00 1.177438332480584116e+01
7.169559248175176869e-01 3.446935052318700408e-04 2.743738444297347367e+00 5.883630872674663337e+00
6.506546316950546638e-01 2.845179231186042990e-02 3.049110936148514028e+00 1.266510071243278190e+01
5.275732299761553001e-01 3.029389090284652364e-02 3.159262660700110636e+00 1.661141982385403892e+01
5.047792495530808443e-01 2.429398128460237560e-02 2.912052082348586701e+00 1.278869495616491925e+01
6.888891520335842511e-01 1.712246609175089793e-02 2.821441678825474586e+00 7.851552965897281133e+00
7.758279803426191279e-01 5.058642780968663566e-04 2.551218853130613695e+00 8.090499080453030345e+00
5.928110629811448318e-01 2.746660427600980392e-02 3.196920678900848412e+00 1.067481838310004782e+01
7.038545834147301727e-01 2.943557739992888654e-04 2.546432720168255948e+00 7.003513909543856109e+00
5.342214318240725568e+00 4.080428209041308402e-02 2.295865030081523539e+00 9.203578482509955805e+00
7.214998242164808451e-01 1.877778707962004731e-02 2.925894753846144170e+00 8.063755494456987805e+00
7.488743854841400927e-01 1.352151461632294938e-02 2.788688398835698745e+00 7.546104954104226437e+00
8.095564877182017671e-01 1.993627147443030861e-03 2.548133851684186268e+00 8.118675392995120532e+00
5.130687548922224089e-02 2.033369841412566853e-02 2.994526090734774826e+00 8.943308516841778300e+00
6.991474478847803375e-01 1.778143153169683965e-02 2.866383204578555333e+00 7.895521732848648888e+00
6.474174200505721233e-01 3.156288979124910465e-02 3.264644494061536228e+00 1.638640762297465514e+01
7.217829262298284254e-01 1.070089057279838621e-02 2.620434439586228237e+00 6.740457761103244572e+00
6.563876016329298624e-01 2.681765403308028484e-02 3.037742171441879968e+00 1.210495882664667811e+01
7.158991077683826143e-01 3.353426662936741156e-03 2.630543841119225235e+00 6.712633852382647426e+00
6.692917648844852740e-01 2.034287010011382249e-02 2.793077039236455672e+00 9.822521124024227390e+00
5.773036694800187663e-01 3.116810217059035049e-02 3.040749661421246142e+00 1.932414376917314058e+01
5.817489772340507515e-02 1.450042498567161858e-02 2.632285874762324340e+00 8.274692005765555081e+00
6.475591313993737108e-01 2.313052837774488835e-02 2.886220848379307036e+00 1.134289388881101601e+01
6.794175013230699944e-01 2.371632653774860197e-02 2.832976367723258448e+00 1.055706739955322604e+01
6.613499047964953581e-01 1.833006576799207574e-02 2.903964505483419334e+00 7.170279384719123073e+00
5.448172757822972168e-02 2.033580644673550417e-02 2.785809410251707696e+00 1.568023907388298710e+01
7.778424925405772461e-01 4.196280151382304410e-03 2.667478630188447219e+00 6.870650544903125656e+00
6.454279265495320717e-01 1.575423906280020575e-02 2.775085584364889613e+00 8.402527853189704743e+00
6.749674564147487565e+00 2.863786060518007381e-02 2.476349676500193553e+00 7.104795236362956956e+00
7.097752843625082519e+00 9.711575402526964954e-03 2.462938146694720665e+00 7.689064440449261184e+00
3.007349724465042604e-02 2.384533559960935398e-02 3.151970978266580570e+00 1.553397923842550910e+01
4.566596617646644929e-01 2.471349842076325798e-02 2.908688986206676930e+00 1.210933179952174932e+01
7.782817642040482653e-01 3.023404703369248197e-03 2.629261515680993533e+00 7.282732942865325576e+00
7.547014331744249738e+00 3.319037247872155122e-02 2.397968614360129092e+00 7.549668795186561532e+00
7.887690650916007185e-01 8.806325870855540722e-03 2.581336088958235297e+00 7.380219084835878185e+00
7.142427210977141394e-01 1.774900996293768060e-02 2.855370804463970735e+00 7.957679168386017743e+00
6.470104770251019488e-01 1.551640306456857077e-02 2.812162487576942649e+00 6.739440554560805374e+00
7.719299286289820206e-01 1.278070565188877891e-02 2.755488082712842512e+00 6.807309178013143836e+00
6.983069986908048143e-01 1.947588435660136882e-02 2.868907210118015527e+00 9.704819206034748902e+00
7.459013979163634511e-01 1.601872503817388868e-02 2.745775370190976616e+00 6.972744747300064105e+00
7.788561422021674785e-01 4.379484261243524537e-04 2.672774350279056410e+00 5.970226402846242841e+00
6.590399115266789565e-01 3.188095555393664904e-02 3.229167650789978250e+00 1.604923154558498766e+01
6.903665139998391709e-01 2.314357596709983034e-02 3.057547927978981672e+00 1.003866779911454898e+01
7.859323733597480821e-01 1.763686943835510385e-03 2.520107881938763228e+00 8.649298328409223302e+00
5.169855028465661029e+00 1.989545375459491477e-02 2.363514366054684235e+00 8.695746188175141000e+00
9.113391171465545781e-01 1.025932455628172750e-02 2.715836617077923343e+00 7.862895595421051986e+00
5.875251527329422174e+01 8.426962052193945896e-01 2.096573017500600766e+00 1.890804188073607506e+01
6.403555702510161929e-01 2.486203449147669775e-02 3.110788215822378966e+00 1.058848848601964043e+01
5.356449281318536038e+00 1.095510936367037787e-03 2.424361472445210275e+00 8.516217898238163997e+00
6.077937184835181528e-01 2.407143167335190972e-02 2.925959708987916130e+00 1.077718742478743508e+01
6.469764467392449259e-01 2.507900262487737855e-02 3.121526207253046969e+00 1.038710096457050014e+01
7.137832337753285961e-01 4.966817784799115558e-03 2.569313619564481677e+00 7.103509564090854767e+00
4.917673861244993838e-01 2.882627513596038374e-02 2.978097606505822892e+00 1.700287697122176667e+01
3.128146012227014244e-02 2.174613822927469464e-02 2.964045321678523859e+00 1.482784311463335492e+01
6.910091807806646447e-01 1.332869676450746180e-02 2.743248712273386403e+00 6.801086484732149273e+00
7.000062374639786089e-01 1.503796352679881779e-02 2.776599807095291084e+00 7.280963476396205891e+00
3.165995066532787533e-02 1.720010300535362510e-02 2.676928997412824529e+00 1.051529147984542156e+01
6.250341194010315071e+00 2.670580711414112605e-04 2.425210924368233378e+00 8.200480413021221437e+00
7.004493358302492645e-01 1.975384892434750572e-02 2.732252983938706858e+00 1.088717715463714164e+01
4.182693740831854023e-02 2.587014584043892743e-02 3.152449643842462290e+00 1.792355345109996989e+01
7.668572171924540326e-01 1.274997379247178042e-02 2.834447526168690779e+00 6.667187720205951074e+00
4.990958465449000236e+00 7.862349885462915910e-03 2.423069437426825790e+00 9.564991170913115681e+00
7.727532880216523292e-01 6.345153722712710068e-03 2.549635485930549450e+00 8.616908916907089377e+00
8.414978133430305041e-02 1.735143163001124506e-02 2.782050838894681188e+00 8.185659889938190048e+00
7.512218619450552470e-01 1.402988514282734779e-02 2.749960633684989553e+00 7.226070831619619383e+00
6.209999133734498411e-01 3.250399042615130518e-02 3.210067111590187316e+00 1.847082726049607615e+01
7.022251860621134822e-01 2.043390271408151992e-02 2.821769085441987457e+00 1.131362113721623075e+01
7.309197766140840269e-01 1.383411819842126668e-02 2.776255900891456463e+00 7.261893552031173371e+00
6.324792491031510089e-01 2.233314821339654407e-02 2.823911850760526310e+00 1.113418758819475052e+01
5.202111410253360685e-02 1.962654172646520132e-02 2.953662483011081363e+00 1.018343113229421704e+01
8.001261665923737887e-01 1.234312288595559165e-02 2.742415481867455984e+00 7.241428308888664844e+00
6.904817368588662685e-01 2.507428640061710318e-02 3.109007134916733861e+00 1.047043451378287315e+01
8.205646015664973258e-02 1.761049695225521544e-02 2.775067332107268747e+00 9.469650664270305995e+00
7.386601473025254938e-01 2.856329702317834431e-03 2.658363990548940237e+00 6.588688396194980257e+00
6.379974301220662225e-01 2.683867946343365327e-02 3.020997119561851463e+00 1.292461060622685309e+01
5.919855343648953161e-01 2.780958376137619703e-02 3.016498564824109163e+00 1.326358846876513553e+01
5.660264293960604931e+00 6.020319021288937731e-04 2.456728531913987101e+00 7.204420493866042108e+00
6.017523059053577761e-01 2.919295464792772549e-02 3.208675312414389857e+00 1.284445589150951861e+01
5.811703486593773338e-01 1.838663364530886135e-02 2.871871973721861870e+00 7.567994119596098024e+00
6.259683112338154665e-01 3.080737866721290977e-02 3.115538001515827382e+00 1.586592167281508736e+01
7.410145007251186522e-01 7.078882576027106972e-04 2.635873162111559864e+00 7.276187815094226075e+00
6.649463815772236330e-01 2.569218268629300597e-02 2.914381530612639271e+00 1.297531381426626318e+01
6.786571465135945447e-01 2.074702890347677672e-02 2.862491508952533348e+00 8.907185454400668334e+00
6.605586897999459195e-01 2.998353294619052548e-02 3.182667112736243364e+00 1.618916757175091092e+01
6.547233031120109903e-01 2.288317649944551085e-02 3.012510958818483964e+00 1.145276164936915997e+01
8.243370509474761132e-01 1.227436048066370654e-02 2.696754143546958638e+00 7.205294800288177370e+00
4.249128764489649157e-01 2.950127830914970120e-02 2.924081679511835841e+00 1.803112246052115353e+01
7.766146277756580396e-01 1.165275111976915232e-02 2.648811196204766460e+00 7.154232430111052032e+00
6.592250274790404374e-01 2.608188143944598428e-02 3.038316075424825513e+00 1.408927654568841703e+01
6.573543351605517504e-01 2.693520227572777925e-02 2.992890924839611166e+00 1.338869011037322743e+01
4.276920537486981999e+01 5.348413397628630772e-01 2.126946997769944225e+00 1.474861200014670359e+01
3.073137297493552467e+01 4.230229384658569236e-01 2.070873006506135816e+00 1.647928297506570061e+01
6.519380899280323716e-01 2.749718071618727916e-02 3.175879346310052309e+00 1.123755134102222542e+01
7.359503980740895734e-01 4.361085518664402881e-03 2.417430834627185998e+00 8.527297630612359569e+00
5.805106084343035100e+00 2.672410765098561652e-02 2.405741616202007549e+00 8.197549841039284857e+00
6.047428789779750957e+00 6.233945230663431349e-03 2.365514280791099821e+00 8.391034051157969742e+00
9.608244264091375664e-02 2.051071565799502186e-02 2.881493837394395463e+00 1.154843520360708986e+01
7.014003957655836619e-01 2.353331822937853798e-02 3.003542043753407498e+00 1.174796243428445841e+01
5.333573960532574099e-02 1.599146363656064884e-02 2.779726827221177476e+00 7.902753035428169426e+00
6.360966704773913349e+00 5.699088490130873458e-02 2.210863205841866019e+00 1.312990656496543451e+01
6.943745894660032780e-01 1.460153574825357771e-02 2.627960115789185647e+00 7.889518585402681694e+00
5.974554835609484638e-01 2.733939170291881798e-02 3.053958381438854452e+00 1.247085903084820657e+01
5.797501470377771637e-01 7.910167409304211467e-04 2.614901408641771674e+00 6.190376182489197632e+00
5.066151196241087895e+00 4.999598090153519261e-03 2.381305865958922574e+00 8.579274599881017593e+00
7.684989949343727922e-01 1.312743890050585387e-02 2.645310539931634342e+00 7.461258269017203126e+00
7.295719045404974734e-01 1.549398180625954913e-02 2.766322741595150791e+00 8.558055681998816056e+00
1.146645008479008493e-01 1.595236122098467671e-02 2.677119752988214696e+00 8.334315312945649978e+00
6.538459349453384917e-01 2.827188189897956658e-02 3.062401745077220738e+00 1.440265832111480826e+01
2.132660879597248282e+01 2.971103544279877773e-01 2.083384515452423535e+00 1.903058120126799579e+01
6.364966159629238396e-01 2.587819133211163164e-02 2.992275546562656707e+00 1.213370475329800691e+01
7.419260080680603053e-01 1.476199811941498064e-03 2.560593224212392549e+00 7.581632992671105242e+00
8.033979353199662832e-01 9.852536890437978839e-03 2.644048890172691735e+00 8.116802968449206901e+00
9.251839011579098271e-01 2.259768417848365986e-04 2.622603878842832081e+00 7.911362157177323162e+00
3.365056951756058012e-01 1.557964312333073517e-02 2.659738966268406113e+00 7.915483086119841083e+00
7.162246926659124879e-01 2.057262704596969985e-02 2.722854592382576211e+00 9.909847337929557298e+00
7.041838132556600405e-01 9.453044369814818382e-03 2.508349094997909923e+00 8.797102786732814650e+00
7.282579888069230512e-01 2.206829396083864053e-02 3.011639364788845974e+00 8.260926027755543188e+00
5.578948892733798237e-02 1.842181837508052172e-02 2.736137171385021105e+00 1.158040089493256275e+01
6.016870938212524056e-01 2.795937933022196384e-02 3.060875088468237859e+00 1.443797679831700798e+01
6.346162485754078819e-01 2.841235257758788213e-02 3.195069570114707602e+00 1.339896520238239930e+01
6.682581570924273073e-01 2.241450821367515708e-02 3.051049378538833956e+00 8.972446902753659970e+00
6.254230799552161768e-01 1.821865046988511982e-02 2.867728142661871704e+00 6.865349925605088721e+00
7.483645830481655548e-01 1.421328732730866998e-03 2.643063258165067708e+00 6.791567803781740409e+00
7.536395893113249089e-01 1.126864203761025404e-02 2.679399523369239144e+00 7.414955724401141701e+00
7.276909916766090003e-01 1.635522015476678637e-02 2.744385249579962327e+00 8.235832940062849161e+00
6.275323243219569358e-01 4.139608143890352240e-03 2.577445062008542287e+00 6.791130602559928064e+00
5.854956708944617505e-01 3.152329991121891051e-02 3.143633893759094633e+00 1.811698422514298557e+01
8.107421371378902286e-01 7.073300519156046741e-04 2.678180482276574459e+00 7.487083969616779910e+00
6.816118012448036945e-01 2.191860338543505024e-02 2.969282040186844274e+00 9.288705324555710519e+00
5.883672954585242865e-01 2.388380439386534812e-02 2.927429747309497010e+00 1.315591534913131611e+01
7.580273048711863026e-01 1.738159028027205094e-02 2.889503675928796866e+00 8.155085688146023415e+00
6.628104916128872981e-01 3.016861018577485579e-02 3.180855309887479443e+00 1.302545323845757430e+01
7.922502124364608767e-01 1.235398372596483688e-04 2.581702119017765362e+00 6.448506888678567250e+00
5.876837053628483076e-01 2.847089014745554300e-02 3.175705554606412129e+00 1.129458468178013497e+01
3.188938617737125947e-01 2.622359444808123122e-02 2.930938059791768246e+00 1.339663957701668018e+01
6.969496586770028701e-01 1.452931913451761120e-02 2.620776858771243667e+00 7.735454677670163370e+00
6.212067283842270804e-01 2.843884408078656625e-02 3.158114120269079894e+00 1.401858121213322228e+01
7.454566473340230814e+00 4.066070992519831701e-02 2.305240130207760085e+00 8.552509669037972273e+00
6.797094804966244963e-01 2.049218641183954762e-02 2.972234732586822581e+00 8.287185014366698965e+00
7.529816379489555622e-01 1.400581575423555901e-02 2.863339151819432882e+00 7.223365767102571944e+00
6.715319529718495328e-01 1.314805202311160673e-02 2.651883736394130331e+00 8.318252267161636127e+00
7.004140653026519336e-01 1.281859561238819778e-02 2.657193693236573839e+00 7.602498118639551272e+00
4.426819750272644960e+00 1.022653067521648099e-03 2.539786052897353485e+00 7.548283877194096547e+00
7.335063728964544838e-01 1.977942411502961809e-02 2.972173439444239840e+00 8.258090334504611718e+00
8.199240790984282379e-01 7.556116828238325020e-03 2.610584886209326605e+00 7.435533555094192337e+00
8.455275650669695775e-01 1.619322768403773372e-02 2.702713977656701516e+00 1.022113266181419178e+01
3.307439419442624318e-01 2.061923288646662009e-02 2.887339202968522756e+00 8.530703911189828403e+00
9.844031698656392848e+01 1.968287737418672988e-03 2.568067603548350064e+00 5.694679781271631214e+00
9.398417865610252386e-01 3.027977851101587049e-03 2.624254168743065385e+00 6.911607307502746878e+00
4.296615293506525290e+01 5.451908081513969773e-01 2.103645496234842760e+00 1.862577112851726824e+01
7.036154999308263935e-01 1.745169395469861259e-02 2.827532503334380554e+00 7.246271804746525547e+00
6.303407953299117183e-01 2.859381181785466616e-02 3.013530650143100065e+00 1.494843734860850404e+01
6.963836413002281178e-01 1.537892416389316855e-02 2.834238755627090711e+00 6.382485967106704017e+00
7.975752356402765475e-01 1.016652212791054923e-02 2.671325427698898913e+00 7.711087808047627057e+00
7.309820807900694328e-01 5.227397277521842259e-03 2.539414807221371806e+00 8.223887888651475464e+00
6.272947064351566682e-02 2.016582624264427748e-02 2.993990231978826966e+00 9.412159126377995122e+00
7.312681100789164557e-01 1.595182068513185600e-02 2.778544274427201088e+00 6.796285941714945267e+00
5.457572048104599283e+00 4.206946460764084822e-02 2.381984045101142922e+00 9.391927264549282839e+00
6.159396948480936329e-01 3.058967608591544457e-02 3.185631759522999484e+00 1.559174452872149530e+01
7.148580415623698725e-01 1.889826551466235530e-02 2.871640313144665946e+00 8.694142551669180818e+00
7.360179442214679346e-01 3.016375308282412578e-03 2.655970710185159511e+00 7.391870934419923600e+00
6.741361558415384092e-01 2.641635230782970328e-02 3.038749443468589551e+00 1.293691934945363542e+01
7.374805319652096847e-01 1.549444890814573490e-02 2.753209318041355491e+00 8.851185306655882101e+00
7.015356884844542451e-01 1.740759594049108572e-02 2.805058880330882243e+00 9.542721899961449594e+00
6.548098496625389675e-01 3.003812138995156159e-02 3.090904923757397782e+00 1.525928652846232758e+01
6.522921054508473704e-01 1.442825920230029167e-02 2.684482271928161801e+00 7.862341988432664408e+00
7.150381671029667485e-01 1.351089469267388772e-02 2.618555829982650796e+00 8.335600482378335840e+00
6.413911557863345436e-01 2.619016432590679649e-02 2.999620887909360434e+00 1.299375616002970091e+01
8.214524699210108694e-02 2.582444733401583273e-02 3.098256168873965599e+00 1.871564663918113780e+01
1.851603802771866469e+01 7.039572682706970617e-04 2.549101785124256558e+00 6.872219151323489150e+00
5.599122393917047580e-01 3.148400680764612547e-02 3.123342605031117714e+00 1.686343964756180824e+01
7.000205938100906300e-01 1.863107352721720192e-02 2.855599137621147143e+00 9.141419007583756695e+00
6.672119851953721703e-01 2.065159566599168717e-02 2.947958436443989250e+00 8.272271166623038852e+00
7.040637995263010485e-01 2.274244338588841605e-02 3.018105290159771137e+00 8.601953571456171233e+00
7.082279265029164383e-01 1.643667663404640641e-02 2.716051952205420505e+00 8.805871854164063706e+00
6.959244151546490897e-01 1.915264961762415397e-02 2.831611381539441030e+00 9.086419593696811958e+00
5.902469649845937250e-01 1.718653918071517614e-02 2.710664747902598481e+00 8.864912885559572686e+00
7.100664606516368105e-01 1.919137640287313720e-02 2.818534282292105786e+00 9.830370099820040508e+00
5.269758319140683156e+00 1.949140955704290953e-02 2.418252174849304659e+00 7.906312952081513856e+00
7.086491592335968370e-01 1.822283615111944255e-02 2.788488973927735870e+00 1.000534534822879884e+01
9.024217586314037254e-01 1.081519486298058996e-02 2.722721116982655953e+00 6.985929302144668007e+00
6.302862491955899538e-01 2.257198278471307315e-02 2.948027924663490396e+00 9.678512359790019559e+00
6.278061587312645520e-01 3.203831345837592631e-02 3.203286402166222846e+00 1.670715665085627677e+01
6.406348714366121300e-01 3.003023678812301658e-02 3.024608216167036012e+00 1.802471684598391732e+01
3.199952541846395881e-02 1.406946001703263463e-02 2.805110615742467228e+00 7.223573591724782084e+00
6.431677483789068894e-01 2.811100594438376010e-02 3.150860806269743186e+00 1.192563434107175979e+01
4.820436844891332062e-01 3.339585515764596779e-02 3.166859205774580577e+00 1.918448783973365224e+01
6.969957297664278739e-01 1.949088930575850961e-02 2.881006411598585171e+00 9.040995423900891836e+00
7.292373633029791691e-01 4.296827156401626592e-04 2.538059249611880563e+00 7.400052552444710052e+00
6.259683112338154665e-01 3.080737866721290977e-02 3.115538001515827382e+00 1.586592167281508736e+01
1.202301229012083944e-01 2.542822776086178446e-02 3.044550058019053651e+00 1.485161164189687177e+01
7.604079284945164385e-01 6.952399277559790855e-03 2.634270112842006739e+00 6.141096151809117387e+00
5.876843744420999771e-01 2.977451375824554172e-02 3.325574699699218595e+00 1.262590134706242750e+01
5.797236977028959792e+00 2.719361390926327334e-03 2.427664868034667744e+00 7.649274951114994892e+00
3.174890632554857456e-02 2.580342882188843556e-02 3.162881202010609183e+00 1.846622298852011568e+01
5.275732299761553001e-01 3.029389090284652364e-02 3.159262660700110636e+00 1.661141982385403892e+01
5.805106084343035100e+00 2.672410765098561652e-02 2.405741616202007549e+00 8.197549841039284857e+00
6.737068629187097368e-01 1.120210197434632661e-02 2.643765636133956320e+00 6.969018607697355705e+00
6.792313387236637023e-01 1.603239323742949862e-02 2.779914423396163681e+00 7.230264238983480141e+00
8.303449144949113236e-01 3.932323064309350101e-03 2.617182223901058258e+00 7.301030855985721324e+00
6.375085640774563744e-01 2.789923524610810751e-02 3.084009510158844947e+00 1.226142230912761377e+01
6.389540132413742413e-01 2.827661129455124808e-02 3.153136094391534083e+00 1.420766932489523349e+01
6.419332079143050818e-01 2.521349025028103708e-02 3.087731962158499766e+00 9.655962013925098120e+00
2.038519404295677973e+01 2.793837146753508360e-01 2.070335660472299555e+00 1.838381665955037647e+01
6.019356760196422629e-01 2.205396357144622996e-02 2.808366557299502908e+00 1.034971447679038725e+01
7.502503043057416887e-01 1.503829636167087471e-03 2.678963464060545974e+00 8.301020076287292326e+00
7.136560165279782764e-01 1.955627495997312032e-02 2.833636568240496700e+00 8.024584222332787675e+00
8.997368928782908393e-01 1.275694063627939899e-03 2.634433429226972212e+00 8.146773186158025482e+00
6.792621552389852546e-01 1.514805685382650084e-02 2.727677319519463683e+00 7.797238790846652279e+00
7.326942743391763324e-01 1.574514646244042429e-02 2.711243760259900881e+00 8.188449742259521713e+00
7.662263366332684456e-01 1.865754968435566485e-02 2.903607065388010611e+00 8.056864475931455161e+00
6.749876788463934352e-01 2.791697820502890559e-02 3.092700695062222227e+00 1.582360930887436545e+01
6.313391864412589705e-01 2.640083750394508696e-02 2.985198428285418260e+00 1.179856217613965796e+01
8.107631517313025615e-02 1.474022789642940277e-02 2.638416084941896500e+00 9.279827451869536503e+00
3.440866554371962982e-01 3.049300568635886222e-02 3.025556873712246464e+00 1.870741374580136807e+01
5.744938559990921956e-01 3.153439904945429251e-02 3.013001242132466562e+00 1.920001762288364588e+01
5.431799655879023803e-01 2.247932005509784351e-02 2.944075546166856405e+00 9.665330067967261130e+00
6.998883626329042151e+00 2.526407545335771637e-02 2.352253991486178641e+00 8.903773307126249037e+00
6.802822299771661418e-01 3.061162448862069993e-02 3.084588522345080630e+00 1.679993192369737187e+01
6.930199502716581916e-01 1.944748537540707395e-02 2.783044663046228440e+00 8.804236012383864107e+00
6.190292964292283262e-01 2.693185532214937075e-02 3.018948397813803197e+00 1.312470287727430218e+01
6.406559762923016432e-01 1.667879079761938957e-02 2.680327406380692334e+00 8.096434973985223493e+00
8.100487759491582507e-01 3.913690198365235638e-04 2.617309472965103190e+00 7.574309844804684388e+00
5.631761163229040967e-01 2.284716727488345436e-02 2.726413944796941102e+00 1.168556617152773214e+01
6.858159642952771362e-01 2.474460783312305498e-02 2.942235944129403258e+00 1.226587500304972522e+01
5.838733524442260014e-01 5.783224290949668875e-03 2.729781567304544687e+00 6.184217214254183581e+00
5.075308332392567540e-02 1.690199302924864228e-02 2.839107826817405034e+00 9.369526224847213314e+00
6.926653971635849949e-01 2.054006067281148595e-02 3.076563277686620523e+00 7.363240632735808866e+00
7.031959187897518504e-01 1.857920257041438886e-02 2.776753832813783518e+00 9.113767743388279996e+00
6.398292695158902532e-01 2.632593876076168293e-02 3.070441344103167935e+00 1.099119805973670161e+01
7.974924077566484248e-01 1.004740469357895654e-04 2.647580246384674041e+00 6.509611723356177215e+00
6.195884966198710320e-01 3.251724267725551731e-02 3.205416939954144784e+00 1.904264635614805101e+01
5.070810648126141684e-01 2.494740097172921597e-02 2.885765324492319817e+00 1.167870247626653324e+01
6.501942015552677478e-01 2.503174920788771643e-02 3.028152300708719213e+00 1.025591937537808818e+01
4.068134250712529543e-02 1.807240871776100502e-02 2.819306469457198538e+00 1.037300912235359363e+01
7.286649824506860051e-01 1.351387256871426287e-02 2.748746931448066366e+00 9.223200575548954561e+00
1.366186499208427996e-01 2.496427660978221830e-02 2.985959331226546443e+00 1.449589525782129762e+01
6.406348714366121300e-01 3.003023678812301658e-02 3.024608216167036012e+00 1.802471684598391732e+01
6.977847934760954551e-01 1.321821591724129351e-02 2.594271985325791618e+00 1.038892887907991103e+01
5.367682879720778732e-01 2.868336348182318196e-02 3.075224441266676045e+00 1.398883247992494105e+01
6.660323670635341919e-01 2.787477077596451150e-02 3.065228311523978011e+00 1.510582026852437210e+01
3.860462060306448784e-01 1.491608042722064077e-02 2.594150809663319013e+00 8.589411040406169207e+00
7.849585367837828009e-01 7.911414904054331690e-03 2.569606754731015297e+00 9.059456906564225420e+00
7.565249084947422986e-01 2.905370310897141908e-04 2.603318200810858851e+00 6.710105174798572492e+00
7.931872668407781157e-01 1.447870159766245128e-03 2.525975279919119743e+00 7.981271732066821833e+00
6.875223780225504511e-01 1.680471981649635585e-02 2.799844319089193068e+00 8.448584176105182308e+00
4.876789168390736062e-01 2.731047060797010470e-02 2.941541839553138971e+00 1.414788508814679346e+01
6.930046857199168020e-01 2.379977438841803655e-02 2.859154594600492594e+00 1.077289413570298926e+01
7.236344950754322047e-01 1.474383044431637133e-02 2.632675132829315423e+00 8.963401505165963457e+00
5.850129831993529095e-01 1.094843672277341640e-02 2.698881483838421413e+00 8.236975587240475960e+00
8.019578045773242536e+01 9.321893496096768095e-01 2.321758442262502609e+00 1.174249859350229030e+01
6.867438495432416357e-01 1.973930574401114996e-02 2.825848224353927129e+00 9.052437520914184077e+00
6.537494067787577023e-01 2.125792628269411108e-02 2.775060470668639923e+00 1.109365189867135193e+01
6.747062167172024338e-01 1.639323522628002849e-02 2.685846219803390333e+00 8.501773081710560120e+00
6.794299064295457047e-01 1.284465814885889711e-03 2.524492399996241865e+00 6.656506010635939496e+00
6.234315758557147369e-01 3.139155613398793288e-02 3.154304650893032580e+00 1.629927472911821695e+01
6.963135619094956930e+00 4.182219336454525566e-02 2.260823028198210682e+00 9.076107612605129660e+00
8.571843894072687098e-01 5.519187216937530491e-03 2.634292621637432941e+00 7.790912077847492512e+00
6.956881214002615943e-01 1.540453191532517238e-02 2.695997143555720399e+00 8.477671620676506592e+00
1.224663339758974012e-01 2.122032389253078466e-02 2.909317498221504650e+00 1.023963267978265179e+01
7.246388555025662370e-01 7.975887625506125275e-03 2.646982577564383377e+00 7.835019895475294760e+00
7.420319113793696353e-01 7.026620393793442214e-03 2.552763534951707491e+00 8.435947195672541810e+00
6.853840347729418525e-01 2.174234560917676432e-02 2.982590237228761154e+00 8.938257597612656369e+00
6.222391562488429617e-01 1.916633176489037499e-02 2.896352689439587014e+00 7.307088109683941290e+00
4.961695712288206828e+00 2.457540586709242632e-03 2.366642594198413718e+00 8.443643737692859474e+00
7.054130022552441703e-01 1.631667662676095434e-02 2.905641470410018634e+00 7.985173925224356317e+00
6.807135367276386795e-01 2.508643403551297224e-02 3.015912607041068672e+00 1.159689918588314228e+01
6.490867220310424512e-01 2.461997701582189363e-02 3.010882902065136868e+00 1.153856998153985813e+01
9.645319761888476728e-02 1.767068455569108243e-02 2.775158044753014863e+00 9.340729089111801997e+00
5.641163752560530709e-01 2.412651949184542802e-02 3.001728003863675553e+00 9.979733520260634094e+00
2.062570792715758827e-01 2.461981008552399652e-02 2.922593342545318329e+00 1.312412555922586144e+01
5.620884641234613177e+00 9.174992009280576177e-04 2.472992558651117889e+00 6.884740528029510642e+00
6.872367223841098216e-01 1.977929464048148664e-02 2.907428939165820125e+00 8.104135291273749431e+00
6.548060344018299395e-01 2.605021256437931379e-02 3.072329383221222621e+00 1.085403006530231984e+01
6.327810198543426523e-01 2.933358691412510377e-02 3.295412468570459996e+00 1.294897772212239140e+01
6.218589213544974958e-01 2.767096923152687418e-02 3.098972356548446605e+00 1.296119847505732103e+01
6.552078257544950990e-01 2.233178793557758293e-02 2.815959938264365192e+00 9.738051543639253183e+00
4.703897676493662416e+00 1.002813432669850220e-03 2.409133767148905481e+00 9.334384510578505711e+00
6.678660880000135691e-01 2.025523211529981285e-02 2.680883052232170716e+00 1.072299158278817899e+01
6.194012669727413378e-01 1.591956339457096040e-02 2.811459983513710625e+00 7.614813163041064037e+00
6.241188649834795710e-01 2.920386277752013218e-02 3.075490376122207881e+00 1.774945667984014008e+01
6.955113634330877259e-01 1.618219191767181556e-02 2.814920438244354006e+00 7.696980264296879426e+00
6.885748900496386771e-01 2.345781008233141160e-02 3.013364042466331050e+00 9.751625428047272948e+00
6.656532359515396902e-01 1.738065975956933421e-02 2.887743839864066242e+00 8.650391671947657457e+00
5.973619319075691436e-01 2.958113299249965841e-02 3.183878464164501487e+00 1.320400185815763727e+01
2.066584000659491949e+01 2.616707513462900869e-01 2.133212952261935857e+00 1.456179481239475137e+01
7.567685057082397249e-01 1.524956000466385839e-02 2.765017715541543630e+00 7.181142664622870875e+00
5.901703637579995831e-01 3.045988100811448593e-02 3.085328807162003084e+00 1.955259924083872747e+01
7.262939421913372495e-01 1.228444689419573750e-02 2.659588493835647327e+00 6.675957483077235466e+00
7.523417357570874042e-01 1.334919989839017558e-03 2.626368434221630910e+00 7.196476516784843902e+00
7.542930580012991548e+00 7.096205063896650345e-02 2.230408994012073265e+00 1.213595807440664487e+01
6.098532486689375309e-01 2.996862539591476846e-02 3.217939081257212841e+00 1.512471235205806686e+01
8.202768033153782223e-01 3.302772895422807775e-03 2.657265141220068294e+00 6.421975517170561254e+00
4.493771487857223690e+01 5.983548701859154884e-01 2.072286583910253999e+00 1.945302102135557831e+01
8.069583986059830849e+00 3.917759934839390445e-02 2.416275375323426733e+00 7.451196700431006903e+00
8.167442155286976924e-01 7.772052762873495925e-03 2.624451100682391846e+00 7.220254562610780802e+00
5.620904181771871899e-01 3.463757169134708963e-02 3.276000360796409883e+00 1.911371446370024429e+01
6.191059550239695675e+00 2.214596015236209095e-03 2.361036795829118962e+00 8.555170705097319583e+00
7.280648799806070937e-01 1.282814300344325455e-02 2.640354626928985926e+00 8.056486552483580255e+00
7.684841220153708186e+00 7.308140763304426905e-03 2.423154968686145772e+00 9.046484528409189707e+00
5.603841909630577334e+01 8.230814344453644127e-01 2.140733970463638780e+00 1.788331046312986317e+01
6.812931808529001376e-01 2.228682441543598097e-02 2.868894587845177924e+00 1.097947663674967700e+01
6.589928806112244075e-01 1.999517221323626401e-02 2.968142242173694711e+00 8.907148406022850295e+00
6.142012547542970990e-01 2.468652148210273914e-02 2.836949308883445653e+00 1.249432091537310718e+01
5.392758577650088592e-01 3.425379368903099658e-02 3.236988093224582919e+00 1.815635815180919721e+01
6.323994764799490964e-01 2.645211722131974447e-02 3.019477233382499293e+00 1.397111964433499054e+01
8.213777652315216171e-01 5.274202566038399716e-04 2.661799628046857880e+00 6.710125612464221234e+00
7.214998242164808451e-01 1.877778707962004731e-02 2.925894753846144170e+00 8.063755494456987805e+00
6.860543400492433719e-01 1.826414993426061367e-02 2.878057037074608804e+00 7.399622574726535618e+00
6.588367065133977629e-01 2.428122059239735953e-02 3.034336212566235425e+00 1.172267401344337223e+01
5.950009353301518589e-01 2.942745644884386252e-02 3.029246740642185021e+00 1.417864155901130729e+01
7.038834808279477162e-01 1.046345200275360099e-02 2.561321036061294798e+00 7.329809781861723827e+00
6.852031739878434724e-01 1.447068259240364904e-02 2.725873839548682120e+00 8.102864352007927096e+00
5.590786106316619763e-01 2.684877786259998525e-02 2.953770577737472980e+00 1.293434608771047323e+01
7.662263366332684456e-01 1.865754968435566485e-02 2.903607065388010611e+00 8.056864475931455161e+00
8.332215799299218517e-01 1.023902589548939500e-02 2.611153857938291356e+00 8.161356183365199968e+00
5.762050623643296676e-01 2.860743416695343821e-02 3.084455379547526466e+00 1.439401208909785801e+01
7.311634060822284065e-01 1.798266756259101276e-02 2.874246356769324606e+00 1.008229057914527971e+01
6.239932148722001637e-01 2.657605440972288929e-02 3.037729731347028839e+00 1.439885648232979065e+01
6.374305386589491640e-01 2.143782161673789266e-02 2.850118717466540552e+00 1.044989708445352861e+01
3.526734730600803586e-02 2.094173446761725746e-02 2.972863345152809256e+00 1.096030941830910876e+01
7.805586753353673801e-01 2.324646602920456653e-04 2.539860767125051488e+00 6.968124633322415384e+00
6.323759451387651609e-01 2.820165963375423010e-02 3.029293628638992431e+00 1.507241626293320103e+01
6.418422294247683180e-01 2.505655662550281340e-02 3.101140168176407919e+00 1.119742352202021429e+01
7.948235195356497806e-01 1.386837975008285533e-02 2.725633026320401164e+00 7.745694541277337031e+00
6.444270581895524819e-01 1.878419607704507471e-02 2.971792617597517783e+00 7.894774443813935783e+00
5.372019495643157727e-01 3.392718297007057959e-02 3.282754637963456901e+00 1.676598251747098089e+01
1.267291239808514902e+01 1.049299015510237083e-02 2.492781213712499611e+00 6.938789522757816464e+00
8.067157302954052200e-01 1.565877695572103975e-02 2.739573792096254401e+00 8.434806480446777499e+00
8.678319503365829191e-02 2.647802194161282333e-02 3.044091256509473098e+00 1.920919771209511140e+01
6.370410121218494925e-01 2.259768269148941522e-02 2.929228916973863228e+00 9.837910797582068767e+00
6.354080721394017583e-01 3.234403419898285170e-02 3.270099542658154945e+00 1.634745714183083365e+01
5.589919145616034646e-01 2.821691986778496544e-02 2.976282007711675615e+00 1.529936875916228090e+01
7.430637180735661929e-01 7.640500227028743617e-04 2.685216921964453274e+00 6.255153605937038286e+00
6.202523563418458341e-01 2.578462572183219323e-02 3.046916729685644754e+00 1.158706156179026969e+01
7.203330583380117558e-01 1.707283941785656123e-02 2.765951360882249688e+00 8.562293096476688348e+00
6.185125887859898031e-01 3.448515121294040697e-02 3.361936243983467243e+00 1.978903843755705694e+01
7.358212440655623743e-01 1.087587139674267740e-02 2.598630613980133397e+00 6.864373662699406964e+00
5.860341782228043250e+00 1.731895366416582802e-02 2.452706897146157417e+00 6.958168244975716732e+00
6.972191937245199034e-01 4.690938622403018413e-03 2.661140813866122112e+00 7.318332262051930215e+00
6.790708660802617924e-01 2.664325502770297643e-02 3.053269518651752445e+00 1.233016539385290500e+01
7.627670228116325557e-01 1.490611968996726974e-02 2.603848923147804584e+00 9.261821563272512492e+00
6.410745431154287743e-01 5.459928452418778182e-04 2.587475016949251305e+00 6.897840869234333816e+00
6.725849912302825917e-01 2.242355951844670833e-02 2.804251105854492110e+00 9.821123684467409021e+00
3.465243965210631671e+01 4.816017418126702365e-01 2.073326654052889850e+00 1.813755777995703156e+01
7.028882039706566554e-01 1.845564818467424623e-02 2.898671791002951803e+00 8.560784208027676812e+00
6.294941341694664239e-01 2.425946851898026432e-02 3.063631270400536621e+00 9.301582669728990282e+00
4.853462533393412132e-02 1.924241840598904171e-02 2.856130237845779796e+00 1.225605748886194668e+01
6.552078257544950990e-01 2.233178793557758293e-02 2.815959938264365192e+00 9.738051543639253183e+00
6.915511379505682399e+00 6.225218661039302881e-02 2.147163127787288683e+00 1.249949883324486599e+01
7.113621159593159771e-01 1.289797517303114052e-02 2.790273874440527546e+00 7.418925140116459538e+00
4.718252310902971286e-02 1.647713606549344387e-02 2.746541490356833037e+00 9.134207833535175070e+00
6.149859805651858302e-01 1.918399732227688351e-02 2.918123277513477110e+00 8.451657267767235027e+00
6.864828630472172843e-01 2.264462174392936622e-02 2.984948806933567678e+00 8.783745097311435046e+00
6.974857886067125090e-01 1.752947072845741083e-02 2.756086494645400897e+00 8.941349010170853262e+00
5.838428878527757604e+00 1.645680551988746437e-02 2.385616516061486614e+00 7.991755424184747270e+00
6.853674567863414779e-01 1.571894264506013689e-02 2.794780226779695731e+00 8.500873880548876826e+00
6.495948278853096447e-01 1.880983510122486574e-02 2.972408128001879035e+00 8.912453017458783933e+00
6.437733453157125041e+01 8.547909424462505346e-01 2.127055712431287660e+00 1.737768611161306609e+01
6.112043755170478709e-01 3.393512866397083161e-02 3.062843176600137163e+00 1.749613110738411947e+01
5.830555424909702467e-01 2.984197960799935684e-02 3.072781614440929232e+00 1.871390045081758657e+01
5.242468131706781165e-01 2.596275941005416962e-02 3.016131479878674249e+00 1.186842234796393747e+01
5.851444573177571051e-01 2.391185487298584655e-02 2.976935615559021642e+00 1.075239638523694552e+01
7.175456401146347307e-01 2.063630408015748249e-02 2.891002383060603531e+00 9.086719953354787549e+00
6.784544512464832922e-01 2.067233360920566268e-02 2.833201120063616685e+00 9.286034753619185622e+00
6.933070542365886713e-01 2.121849578783479781e-02 3.072915847394462219e+00 9.331332501868125462e+00
4.178235391317772218e-02 1.736294843152224460e-02 2.784796721099912276e+00 9.891180506474920975e+00
7.018202940222852959e-01 1.572882141209194437e-02 2.897661509859386086e+00 6.051732287494366425e+00
6.022191838724006985e-01 2.619213851556319306e-02 3.020737562550665167e+00 1.211152686631750974e+01
6.467584717366968716e-01 2.775088393042507429e-02 3.021203245537989801e+00 1.596643052576454735e+01
6.786586365312006208e-01 1.300172313741802116e-02 2.803755563854331889e+00 7.139364714502310250e+00
8.799138611017357503e-01 2.120807883287366966e-04 2.631741167966747064e+00 7.967804297448711992e+00
4.123583783829691540e-02 2.400184307513085827e-02 2.901321870889240540e+00 1.893125934495989426e+01
4.028525680256538760e-02 2.101490642390158384e-02 2.862669545871830756e+00 1.288237356090953156e+01
1.152249003339927830e-01 1.895105521434193793e-02 2.754841133771885886e+00 1.062347005121694998e+01
6.745199783649012959e-01 2.115533897639456859e-02 2.975155931699772438e+00 8.908128911254866722e+00
6.695172625134195865e-01 2.177726569884525301e-02 3.072411347377708157e+00 8.109230476000099941e+00
6.310313853453663135e+00 2.549148737978763814e-03 2.431504080743828844e+00 7.740442983792041431e+00
7.822084692604130973e-01 2.328756156265874774e-03 2.567464879616194295e+00 7.585723903577141769e+00
6.612260695403590072e-01 1.503919625870141219e-02 2.590491526131866173e+00 6.995503031094436608e+00
1.005520280357484530e+00 4.337478914473995198e-04 2.577972386349052236e+00 7.557897099677108876e+00
6.700508406976692921e-01 1.223112860870327265e-02 2.625369016321031701e+00 7.976441736852196485e+00
6.535942078516032705e-01 1.896050917634294411e-02 2.795033014123637471e+00 9.702985336774521130e+00
7.666839670154556030e-01 1.778056349690569768e-03 2.731546211689899639e+00 6.068637718104770151e+00
8.411987613369426020e-01 1.510913088911289097e-04 2.680803394877260271e+00 5.717422287071403986e+00
7.501649507217929003e-01 1.242363700570581729e-02 2.844464480110367788e+00 6.550207282138570619e+00
6.732241741868453033e+00 3.604480254138793527e-02 2.400594068406401327e+00 8.596311366229262063e+00
7.080554482522345427e-01 1.780381405606066419e-02 2.908347593703371370e+00 8.509252774774530792e+00
6.384517500928278411e-01 2.663552444029351415e-02 3.121053780447319959e+00 1.013998675406338457e+01
6.422061139851039657e-01 2.789106977828910774e-02 3.131598857083764731e+00 1.255131025898775654e+01
1.516952244390008531e-01 2.533289585409687072e-02 2.941820184225682144e+00 1.399068470898662930e+01
7.456550488638953311e-01 1.132517781242364796e-02 2.614307189488090710e+00 8.938283041081824365e+00
1.516952244390008531e-01 2.533289585409687072e-02 2.941820184225682144e+00 1.399068470898662930e+01
5.172073546607394157e-01 2.803893918255528223e-02 3.023590305329183714e+00 1.301773341382612692e+01
4.367858366629252115e-02 2.405307118587415166e-02 3.005456093332425915e+00 1.625606468818375205e+01
6.180314286782115918e-01 3.166478486356388150e-02 3.136458871795795744e+00 1.970438146972028903e+01
6.781344924639987060e-01 1.125971696243601057e-02 2.669481066812276815e+00 6.928616696354524152e+00
7.696027438312527114e-01 6.555037831747354687e-03 2.780386825069236956e+00 6.767261981389248504e+00
6.433635780104143276e-01 1.963479480546833494e-02 2.672551043673878635e+00 9.904060901112558213e+00
6.594866580760229802e+00 1.838951893450045845e-03 2.479868375772576350e+00 6.925285982566463439e+00
5.780840524462978192e-02 2.089621788668847777e-02 2.858686035107113721e+00 1.334300464996348268e+01
6.772369047830369970e-01 1.338738511391831913e-02 2.610813914289043858e+00 7.690321858515780207e+00
7.035953549987918443e+00 1.786548412065482039e-02 2.512444955787265677e+00 7.136856767667015156e+00
6.056549805716231472e-01 2.633014099016826523e-02 3.061867909408808153e+00 1.192072348996757292e+01
5.896757130710721384e+00 3.412373564580052209e-03 2.576344406486194227e+00 6.191479258324418922e+00
5.925769733710842813e-01 3.213475202957039728e-02 3.159496459593893469e+00 1.628002420533674055e+01
6.802606430252342573e-01 1.672770103969808270e-02 2.620746185934416772e+00 8.359400061292371120e+00
6.570425967780273435e-01 1.165462708411750710e-02 2.618296853376727462e+00 7.111139846274952880e+00
7.635770089998733523e-01 1.874834382723572848e-02 2.773120566575775214e+00 9.535710125055892661e+00
5.839776716447295790e-01 3.458648909478179156e-02 3.278269902922312795e+00 1.914497178476207750e+01
6.325662415917412407e-01 2.609020659434362066e-02 3.113007419170827461e+00 1.122892611262240337e+01
5.233143406188950353e-01 1.808022949460106731e-03 2.510236995722432418e+00 8.077109570998945998e+00
7.671723865160112732e-01 8.661461775249080716e-03 2.511156555827425141e+00 8.015104725541437602e+00
5.482477959767424469e-01 2.646262649685796400e-02 3.124870098569959787e+00 1.065098851584512474e+01
8.108079706739518278e-01 2.181733641978714591e-04 2.666877737942265902e+00 5.886314620517819840e+00
9.461578993196435861e-02 2.093572093343481003e-02 2.974974129462896855e+00 9.439624441778736497e+00
7.292254261975522622e-01 1.340079180648251142e-02 2.826444331625468376e+00 7.550644336028097037e+00
8.050778152283701861e-01 1.381736338771097534e-02 2.747529791961824230e+00 8.661837555999401417e+00
5.419939219214110482e-01 2.536818615598145088e-02 2.869522933785894736e+00 1.269323393063150363e+01
6.164524145705733149e-01 2.894611487884516526e-02 3.114010572822700773e+00 1.596040578697118306e+01
6.938710804605465743e-01 1.913830192978699038e-02 2.925880876828025112e+00 8.105463107317913085e+00
6.804474525693310349e-01 2.114221126232489895e-02 2.948361359839869245e+00 8.871808327311713427e+00
6.272410165860300424e-01 3.413732760173415065e-02 3.180238035232584970e+00 1.842965659046225468e+01
6.467013783373036784e-01 2.935255005761368621e-02 3.076383557048145256e+00 1.550269617036004810e+01
7.464087748000383105e-01 1.180240690929215512e-02 2.594809701645511613e+00 7.535280165866409696e+00
7.006699388946311391e-01 2.240859566258928889e-02 2.977387579201137058e+00 1.034370305243806953e+01
5.494999302772951566e-01 7.996348984642008464e-04 2.527936550369466850e+00 7.512582619476143364e+00
6.748520858249883458e-01 1.841910837736240869e-02 2.938713829090294105e+00 7.799207392589480925e+00
5.114767646890341268e+01 6.919170457799534990e-01 2.002657174297828746e+00 1.974507952103352793e+01
7.070411177134741099e-01 1.245827540579395008e-02 2.695452541350720210e+00 6.776975835461502840e+00
1.193221278254632117e-01 2.239993936837949076e-02 3.019936608674376188e+00 1.033232685469331891e+01
4.147391665322285037e-02 1.262552363828282724e-02 2.638426387932200079e+00 8.690809658448625186e+00
5.963048448179510963e-01 3.126874940195382285e-02 3.167269545838352407e+00 1.608649479988973496e+01
6.282730620197396476e-01 2.064455858067654193e-02 2.804767104649145804e+00 1.056661796679672527e+01
7.035953549987918443e+00 1.786548412065482039e-02 2.512444955787265677e+00 7.136856767667015156e+00
7.395927286458180427e-01 5.130200895065310622e-03 2.634068267773014060e+00 6.832371952659181069e+00
6.493013031156065207e-01 2.424352594845395267e-02 3.048004178992189228e+00 1.095458648188384565e+01
7.222660765061315047e-01 1.853356458984828717e-02 2.732881634422478445e+00 1.015383503628019746e+01
5.509317688501826904e-01 1.393362134994614865e-02 2.621925196079823994e+00 7.339700883119995467e+00
6.846703862584423428e-01 2.095111914958449478e-02 2.966700368544499256e+00 7.138568575896703017e+00
7.039271680265124509e-01 1.212975924024553391e-02 2.613000808429508659e+00 8.481035102626062638e+00
5.641288151290422270e+00 3.949656187405604924e-02 2.310763968898174259e+00 1.066190237633962923e+01
7.014003957655836619e-01 2.353331822937853798e-02 3.003542043753407498e+00 1.174796243428445841e+01
8.900595302287955812e-01 1.066953299659602295e-04 2.591843883021057948e+00 7.249977620030875869e+00
6.541226010568280957e-02 2.260258189003435184e-02 2.925433143937568925e+00 1.225788774538047576e+01
6.424750945982810046e-01 3.157670288010388376e-02 3.171181145706301052e+00 1.953382287715790966e+01
6.636000139103209738e-01 2.149204324655491077e-02 2.867750023941243231e+00 8.552973595149421016e+00
6.403197554710092776e-01 2.569241397769924523e-02 3.034828648522199579e+00 1.225379890441878672e+01
6.299683353332379276e-01 2.861100307540210413e-02 3.229109718962991593e+00 1.285192467214811707e+01
6.597791668862525993e-01 1.615221849374094340e-02 2.813912450874510807e+00 7.394635149686209274e+00
6.997172615920397298e+00 3.330977470962994454e-03 2.429674147905469983e+00 7.822808315462900453e+00
3.466776031339519060e-01 2.315886416389789648e-02 2.804883713623893549e+00 1.241169985690067179e+01
6.816856174315080175e-01 2.778758751948822228e-02 3.143783220479360541e+00 1.298069500393945397e+01
6.350785581044202655e-01 2.399594710748398363e-02 3.001549334244859590e+00 9.132294670750157550e+00
2.183785337707694063e-01 2.764397447934104080e-02 2.872869422284427543e+00 1.773861150638633077e+01
7.338896068111727677e-01 1.249745843349370569e-02 2.726831685596521559e+00 7.014577904949883091e+00
6.645084103739895554e-01 2.091258857380577652e-02 2.796456069020572865e+00 9.760362522839679755e+00
7.713895050775015916e-02 1.745933187837702197e-02 2.770824043734032571e+00 9.605387999465989424e+00
6.137420546492077245e-01 3.413593195713233303e-02 3.379381001315236333e+00 1.699010309876145186e+01
6.426079626582384408e-02 1.459376270032125902e-02 2.694949295148347801e+00 8.173822664147326833e+00
6.338815550026936085e-01 2.621878900515860200e-02 3.011270753260479882e+00 1.630777977425768910e+01
7.226588545339878156e-01 9.906287175253110366e-03 2.737970203251079759e+00 6.971869853932697758e+00
5.761322075153873179e+00 4.820996013035152433e-02 2.252741177841234510e+00 1.096857148571420382e+01
6.148494801500333784e-01 2.979693314712208996e-02 3.200030780742296521e+00 1.346604866159190195e+01
6.794299064295457047e-01 1.284465814885889711e-03 2.524492399996241865e+00 6.656506010635939496e+00
6.980101970818131107e+00 1.719695993120387610e-03 2.384741156751583713e+00 9.167666091968731834e+00
6.623231533750638667e-01 1.563905091161843085e-04 2.632690589751993659e+00 6.413542817770646387e+00
7.326437158895345858e-01 9.543519127033770963e-03 2.701071581942514399e+00 7.828711346255516901e+00
5.156224255542760648e-01 2.024536926172779486e-02 2.708053988487761909e+00 8.770394744544596222e+00
5.932852155708330244e-01 2.047319805875753851e-02 2.804141878284149847e+00 8.647554922797798582e+00
5.630651853552576247e-02 1.798377009849820921e-02 2.966533669690635033e+00 8.553790724095232889e+00
6.731886806654197031e-01 2.970476826501772250e-02 3.106977695097129732e+00 1.725231963203024321e+01
7.014583913560549222e-01 2.011665656714209729e-02 3.053286996295583755e+00 7.419049344202086615e+00
5.658025647421395021e+00 6.940835998600741394e-03 2.458947891287369902e+00 7.719894111224117950e+00
7.419154828086766962e-01 1.499547891271189176e-02 2.685814255454635813e+00 8.206046887147675051e+00
5.981711328435156405e-01 2.956193445600565836e-02 3.008786337959878043e+00 1.866979614929849163e+01
7.096127029839982558e-01 1.545258497168658200e-02 2.774373578604378832e+00 8.315691024412602772e+00
4.401744598639543982e-02 1.776745293106672674e-02 2.837987948728770693e+00 9.716076501727307857e+00
6.956261085463851801e-01 2.043742488679541362e-04 2.581605757533236734e+00 6.050855026353980648e+00
7.590458195311119427e-01 1.642145662483019547e-02 2.809450844813546677e+00 9.072326549633920934e+00
9.114927622699713072e-02 2.542102403575894135e-02 3.002500383705240417e+00 1.693905177672109730e+01
6.748520858249883458e-01 1.841910837736240869e-02 2.938713829090294105e+00 7.799207392589480925e+00
7.518607071665849162e+01 9.702451356360394241e-01 2.020638620971884514e+00 1.430487454852265294e+01
6.496998998018669313e-01 1.653117665002521580e-02 2.821087702868807501e+00 7.714582975353340366e+00
5.921092351733813208e-01 2.500875681139110712e-02 3.022149848874188027e+00 1.123760506695871086e+01
6.248809368817331844e-01 3.275166070593814316e-02 3.223939618363753201e+00 1.620139417915937230e+01
6.564385735603601724e-01 1.775082355228102537e-02 2.784977069839009278e+00 7.762428074121925370e+00
6.724633610000717576e-01 2.387234268445449087e-02 2.980426717908270184e+00 1.058071179671032169e+01
5.887361100071877296e-01 3.002623607861532387e-02 3.056215096931479192e+00 1.671456298762993953e+01
6.982024782469744562e-01 1.716580789820964376e-02 2.688660913437682876e+00 8.316542530025015978e+00
6.831704795695185961e-01 2.234691081054750866e-02 2.975444945948445330e+00 9.877413644065182297e+00
6.723370320880438511e-01 2.281897957883656514e-02 3.069446127534535940e+00 9.249624614931498456e+00
8.666805217069953882e-01 6.933558192409304023e-04 2.610933242234538820e+00 7.786750595497905714e+00
8.358901188217537914e-01 4.859286490296317422e-03 2.692825529385680206e+00 7.262530571235928711e+00
6.549529428346715365e-01 2.098786397323646954e-02 2.807153921750990655e+00 9.906561150705258001e+00
5.309968986270607871e+00 4.071559492646609039e-03 2.426986511819920089e+00 9.519622726417521719e+00
6.167947341100055159e-01 3.396053255487089390e-02 3.262416554266348356e+00 1.948533183911028033e+01
6.896370953243082802e-01 2.300068527080002465e-02 2.911947606279132739e+00 1.185449929393841018e+01
6.981547286700570121e-01 2.131533100095718905e-02 2.878195309041935435e+00 8.897931276622760066e+00
5.109420739784483745e-01 2.929703656041057823e-04 2.480846856208543283e+00 7.108891701223338799e+00
5.981194977839557891e-01 2.039484401076893801e-04 2.448885863889572079e+00 8.281342634415739923e+00
7.471867918713250845e-01 1.593401762272398520e-02 2.756360197508868737e+00 8.443411671290919074e+00
6.636501492677977510e-01 2.380194625155140215e-02 2.978514061903492660e+00 1.025548375571128190e+01
4.586347341109281439e-01 2.778837567758253579e-02 3.042159305231241007e+00 1.361383016031256865e+01
5.275732299761553001e-01 3.029389090284652364e-02 3.159262660700110636e+00 1.661141982385403892e+01
8.179122366933315735e-01 5.876068965205780668e-03 2.698347144934021280e+00 5.985800885061586030e+00
6.284259261331505142e-01 1.930230365130001027e-02 2.830626550199442981e+00 9.025898537981531078e+00
6.846028052142616005e+00 6.229271732664803593e-03 2.464820140616636568e+00 8.316418938690024021e+00
7.844236243209291581e-01 6.642615969981529277e-03 2.619904013885750338e+00 7.455187136473074183e+00
7.504851574648291335e-01 1.543072031702324813e-02 2.723717953081318477e+00 9.401052337035443074e+00
5.670151899168025533e-01 1.164375726315741016e-02 2.585981674140989117e+00 7.827891226009137782e+00
1.495822418550088184e-01 2.887090812260825756e-02 3.147105789511036811e+00 1.785564152841522656e+01
8.243370509474761132e-01 1.227436048066370654e-02 2.696754143546958638e+00 7.205294800288177370e+00
7.715698358209159835e-01 2.758261945589601544e-04 2.640012694415419414e+00 7.073149391360956884e+00
8.771989038693666085e-01 9.331964672715681655e-03 2.662329902275870630e+00 7.676701930369563165e+00
4.391734050728616978e+01 6.372694949065168535e-01 2.147356682610545686e+00 1.710317254834216172e+01
3.236012828741785530e-02 1.854048703710366175e-02 2.875473566667154479e+00 1.005857763883878420e+01
7.986754045837277105e-02 1.930087707795464722e-02 2.912676072969289987e+00 9.761677224186662727e+00
7.063164453090242656e-01 1.857192528241631210e-02 2.896086983328046482e+00 8.812090990389199519e+00
4.720887008723234080e-01 2.065496044860325869e-02 2.808109960472192856e+00 9.393167814636797175e+00
7.483106393787984922e-01 1.817590314985263788e-03 2.582150336039140903e+00 7.466870277344070495e+00
5.377024965191298911e+00 2.841900504241714424e-03 2.506358726039564555e+00 7.720899914802680009e+00
7.670242001369782514e-01 1.134214523142918103e-02 2.672555615056142031e+00 7.283571101765830669e+00
5.352069024768819627e-01 1.217438456411585766e-03 2.690406085819450510e+00 5.455704927109193747e+00
5.925638419540879553e+00 4.437985774495449565e-02 2.264752984029832827e+00 1.037079228773417050e+01
8.078623637513818734e-01 5.052006752387569726e-04 2.604563133440759959e+00 8.322517245734228908e+00
6.905612260995086515e-01 2.174628226469624975e-02 2.904131269601663234e+00 1.018839071352809356e+01
5.746906391732629515e+00 3.810102986416945975e-02 2.418450970569490543e+00 8.141097659210224435e+00
6.509203052413942148e-01 2.482740650176667313e-02 2.934671573534301636e+00 1.149268608343494336e+01
5.884665700139977140e-01 3.240603506404524797e-02 3.288732059774886807e+00 1.415256781933114105e+01
6.974277857404830305e-01 1.920882333813190776e-02 2.925023856371277375e+00 8.476621771883440459e+00
6.285203328817325907e-01 2.874870128373433614e-02 3.028892233282983515e+00 1.569726379683650919e+01
2.590722842064174003e+01 3.115480034426940659e-01 2.148531130353690699e+00 1.409651344349359547e+01
7.696027438312527114e-01 6.555037831747354687e-03 2.780386825069236956e+00 6.767261981389248504e+00
8.257274494623790817e-01 8.509424656438202214e-03 2.638298586212052488e+00 7.789396969324534403e+00
8.076072072290931825e-01 7.561954664094772084e-04 2.657267080589087005e+00 6.435530968286465203e+00
6.749876788463934352e-01 2.791697820502890559e-02 3.092700695062222227e+00 1.582360930887436545e+01
6.355761029117270589e-01 2.895554172577237406e-02 3.114515412788062321e+00 1.383858244073542743e+01
6.598555950875985010e-01 2.099032507552954507e-02 2.868833620368036019e+00 9.270793379441903070e+00
7.283972884874423848e+00 5.890848804631346192e-02 2.278485495139010553e+00 1.147411623055157648e+01
7.385648752941746942e-01 7.066310049412064843e-03 2.666663448762356836e+00 7.954317437563212856e+00
7.448837154302248020e-01 1.585991718588732058e-02 2.744698319281433818e+00 9.290607950948949423e+00
7.246882536356910043e-01 1.498684270438053849e-02 2.730013580264507134e+00 7.433682284962399578e+00
7.151962024544317176e-01 2.066179830599095338e-02 2.967076938579752632e+00 8.876271657623684419e+00
6.771101110371481324e-01 2.323115751743116617e-02 2.965569357589180832e+00 1.119063657703041770e+01
7.454566473340230814e+00 4.066070992519831701e-02 2.305240130207760085e+00 8.552509669037972273e+00
6.259273974813809316e-01 3.089422420619290788e-02 3.224334585226330319e+00 1.625905959520330413e+01
7.092008994410834433e-01 6.455324185781530265e-04 2.472074677912540430e+00 7.973080494399207296e+00
7.054130022552441703e-01 1.631667662676095434e-02 2.905641470410018634e+00 7.985173925224356317e+00
8.990672979519610308e+00 4.551215027647363513e-03 2.521526024407459765e+00 6.909242325417405794e+00
5.013179454124180312e-01 2.263584971977663368e-02 2.945430872600525607e+00 1.036104127352215976e+01
6.359807831842486658e-01 2.893088644992750438e-02 3.154481685530626578e+00 1.364230818885363128e+01
6.678502524474433377e-01 1.989364545872404980e-02 2.972718139200480891e+00 8.478790614593590291e+00
7.558551471987022818e-01 1.023999843128807659e-02 2.629872039510593673e+00 8.200921602107273500e+00
6.322101507738293602e-01 3.236945750324362464e-02 3.186037937764444550e+00 1.682525769930127524e+01
6.958548510108042429e-01 2.069803678151793322e-02 2.922061700943448859e+00 9.195739923153793072e+00
9.793276953948208963e-01 2.390742208546953532e-03 2.526351034992194045e+00 8.903549911378991766e+00
6.248809368817331844e-01 3.275166070593814316e-02 3.223939618363753201e+00 1.620139417915937230e+01
1.561690912378725093e-01 1.410702449657581271e-02 2.601052189282210492e+00 8.729341346663169077e+00
5.109134591395826375e-01 3.088528700414090722e-02 3.198322786180319621e+00 1.462226886581721175e+01
3.984418068700134086e+01 5.861748061839580082e-01 2.157655186338542919e+00 1.787851310573859109e+01
7.407401625811529389e-01 2.035370792812474846e-03 2.496003660789603895e+00 8.284172965457656801e+00
7.793449924927003947e-01 3.247301819093200564e-03 2.575573024036725833e+00 8.644605068242704249e+00
7.311858694212073351e-01 1.326346411594429148e-02 2.581190972034415942e+00 7.855558083858964480e+00
6.976228569658351475e-01 2.603787914814316429e-02 2.955448472920853664e+00 1.416661314200276856e+01
1.176883516122329276e-01 2.093325868906290022e-02 2.811712534657613283e+00 1.362810167260140837e+01
7.142227884528862258e-01 2.140554385614767616e-02 3.054392128040855248e+00 8.625689474154487613e+00
1.028985226436317957e+00 2.939836103321699428e-04 2.488671689937042686e+00 8.385653812066315993e+00
7.112557328414290669e-01 1.274567621630288625e-02 2.685219560514548576e+00 7.863490361267099438e+00
6.432317897674878493e-01 2.613331060663958913e-02 3.056792758944978150e+00 1.190158125933350597e+01
6.285203328817325907e-01 2.874870128373433614e-02 3.028892233282983515e+00 1.569726379683650919e+01
6.293672296954725409e-01 3.053608865860488186e-02 3.246855075773960486e+00 1.450050707048822396e+01
9.163869530242010342e+00 6.217156832286148405e-02 2.362274645920269034e+00 8.579922655367390405e+00
6.756641132093353930e-01 1.754597904564897046e-02 2.927616826068463851e+00 7.390208316233175978e+00
8.456614220499322765e-02 1.570400812145251318e-02 2.689121274583545329e+00 9.473476369564698629e+00
6.092167155178546123e-01 2.997855461807574784e-02 3.146474514372555653e+00 1.614947504853823546e+01
6.229423411550615297e-01 2.475756156291351873e-02 2.925773165431579503e+00 1.195538538525110184e+01
8.073092749523357314e-01 6.120330725621219575e-03 2.565830115700205027e+00 7.269704607794516882e+00
7.230757560310761001e-01 2.001493154133882763e-02 2.913032183533686759e+00 9.499661476203483446e+00
7.089879691295859487e-01 1.248817510424410360e-02 2.716990872452707872e+00 7.243322484833684349e+00
7.069452799895744599e-01 2.144715448982923572e-02 3.010788979391104014e+00 7.653099834918314137e+00
7.826504914600016516e-01 1.633667759682465651e-02 2.810548358462609642e+00 7.854770723426073076e+00
7.165530478031189032e-01 1.257225662455203549e-02 2.597464049631201366e+00 6.974530831804245601e+00
7.194060140102160883e-01 4.971625243657671646e-03 2.625296962959005942e+00 6.665321699372139364e+00
4.159056173855173455e-01 4.778587510216803966e-04 2.478063069327817836e+00 7.781652279652570670e+00
7.733355940480011181e-01 9.629680989516024511e-03 2.610472819137220846e+00 7.343630450774208285e+00
5.536073324290644582e-01 2.364523253409955145e-02 2.970756833982097334e+00 9.986375443179445810e+00
7.793996159046390204e-01 1.154088321351810342e-03 2.648988178287840611e+00 6.297454379307938055e+00
3.302728999426966539e+01 4.258683027041457736e-01 2.080493310824925057e+00 1.890817769163439621e+01
5.033022891582287217e-01 9.779470192541235302e-04 2.536323506108846715e+00 7.074214655612065528e+00
7.282162822630356969e-01 1.657365922562101246e-02 2.808017761433389214e+00 7.942417823538297839e+00
6.298127686305794448e-01 2.687114389249649696e-02 3.148987298637067056e+00 1.150797447410740837e+01
7.274003312049200920e-01 1.512395250838625624e-02 2.723932782161302857e+00 8.165625391945598111e+00
7.337950763470229010e-01 2.062877780495670638e-02 2.914295552966392755e+00 9.370483766386996649e+00
6.652676139144922951e-01 1.791140147055424875e-02 2.857402561778672911e+00 7.805932577018564800e+00
6.621932736717229817e-01 1.584748132576872803e-02 2.684995227697833720e+00 8.370957012404200981e+00
4.995585049323598981e-02 2.108148821379770069e-02 2.960627310621551267e+00 1.146556482881838512e+01
6.323412886418030565e-01 2.654704209346885752e-02 3.053021460842786361e+00 1.302385330267403418e+01
4.534219965068290309e-02 2.093432117071656814e-02 2.948815421975981010e+00 1.231146206742895721e+01
6.679648219248981444e-01 2.789769590837586424e-02 3.145917145240873403e+00 1.249368046850509018e+01
6.055535471351886079e-01 2.942345139244333801e-02 3.001599977842389855e+00 1.575270232830843575e+01
6.887588467290534089e-01 7.403862768914331281e-03 2.640134667323559725e+00 6.612037793028380683e+00
7.282119693604990340e-01 1.731722680155318647e-02 2.806431264438904893e+00 7.845455475601081474e+00
7.255986218527589182e-01 7.328492494219401333e-03 2.598864052750474940e+00 8.077470823377820963e+00
6.063019666069471292e-01 3.165148953532208320e-02 3.100526196610699614e+00 1.858688029894618410e+01
5.248078799018871088e+00 7.440384641495681635e-03 2.484250338283809256e+00 8.004075833166268694e+00
5.819337208138620765e-01 3.032446689465910158e-02 3.137090973280794337e+00 1.659377355143202237e+01
6.557564103645101561e-01 2.380125013844627477e-02 3.022569363175087176e+00 1.046471716890528114e+01
6.220260418808472025e-01 2.944711930189942636e-02 3.051323883567037321e+00 1.930422490196160368e+01
7.505649073203094490e-01 1.242731886611320689e-02 2.699099673792103360e+00 6.948098876743429742e+00
6.861620944418289625e-01 1.424633088336316362e-02 2.584536592267594024e+00 9.228713444983398517e+00
5.925638419540879553e+00 4.437985774495449565e-02 2.264752984029832827e+00 1.037079228773417050e+01
5.336813825460912097e-01 2.079830552618665979e-02 2.904812883900913079e+00 7.779676103602138681e+00
7.092588097854764406e+00 4.435312044803458101e-03 2.332428858972147356e+00 8.779042009457079132e+00
4.340909905553084869e+00 2.920386370164522807e-03 2.423717515954949331e+00 8.513875112900130659e+00
6.677404057246733027e-01 2.391518044932280929e-02 3.013670230913274573e+00 1.115249339248777183e+01
6.148406095567989643e-02 2.310288045219987749e-02 2.930659388729464077e+00 1.355849374452168199e+01
7.598405699322124951e-01 4.479867872431968364e-04 2.590633796817396028e+00 6.991175669921512181e+00
6.627811097353507597e-01 1.527940333384666602e-02 2.742003276764395370e+00 8.398979595599945114e+00
5.390188790305582289e-01 2.171066801918578038e-02 2.937691360894456150e+00 8.849242610514385987e+00
7.512218619450552470e-01 1.402988514282734779e-02 2.749960633684989553e+00 7.226070831619619383e+00
7.189709967363799858e-01 1.380685923472945061e-02 2.730425949655010953e+00 6.785207912735826241e+00
7.300107997796586590e-01 8.351078344943403545e-04 2.598591734261209485e+00 7.669669156732449977e+00
6.792313387236637023e-01 1.603239323742949862e-02 2.779914423396163681e+00 7.230264238983480141e+00
6.882133718657515997e-01 1.627938939113762751e-02 2.750919333468774930e+00 9.784572649475785866e+00
8.213777652315216171e-01 5.274202566038399716e-04 2.661799628046857880e+00 6.710125612464221234e+00
6.983838596607284677e-01 8.650181704616493467e-03 2.723288938482378185e+00 7.062123774499259987e+00
6.652973034167890543e-01 2.249401791373733736e-02 2.974361818227512444e+00 8.034867719675073516e+00
8.344292136755747658e-01 4.827995455982534898e-04 2.720049392142721345e+00 6.886484874909129417e+00
5.234057419504702935e+00 1.281266040306648299e-02 2.438712785076167400e+00 8.761784034105895458e+00
6.249190016754671007e-01 3.073510949824135099e-02 3.131785641243827634e+00 1.601734122061110099e+01
8.276419494324113169e-01 1.511870070445182901e-02 2.727709982458207172e+00 9.021156763339478246e+00
6.421782654522740330e+00 4.317277784014116005e-04 2.471550534395543508e+00 7.632871737808617496e+00
5.155936358307173784e+00 7.853193888872363583e-04 2.365620174508228146e+00 7.799585137838544568e+00
7.337950763470229010e-01 2.062877780495670638e-02 2.914295552966392755e+00 9.370483766386996649e+00
5.274658492191840881e-02 2.332285360642654543e-02 2.976483656996248506e+00 1.582300925294794958e+01
4.885720491377796848e-01 2.897491482670082677e-02 3.012237908172151979e+00 1.537805169143771700e+01
6.288321631629162356e-01 2.651832973517365133e-02 3.050483543082562754e+00 1.171533399651980822e+01
5.885805916255100190e-01 3.056911752045986946e-02 3.158458783889352084e+00 1.425558324378469877e+01
3.137580126405151049e+01 3.835635897849884457e-01 2.142117778600987510e+00 1.494775078618030584e+01
1.114680576405426976e-01 2.088375776733650616e-02 2.765669429458940343e+00 1.236832346541621597e+01
6.059446062734531457e-01 2.700575796063200279e-02 3.176898590371878939e+00 1.155134516090757657e+01
3.102961784843132875e+01 3.980974142869599941e-01 2.130822938503198039e+00 1.544607732199356143e+01
6.888470703697133768e-01 2.449691309964874275e-02 3.086110720319171108e+00 1.067988554117572519e+01
3.165995066532787533e-02 1.720010300535362510e-02 2.676928997412824529e+00 1.051529147984542156e+01
6.056549805716231472e-01 2.633014099016826523e-02 3.061867909408808153e+00 1.192072348996757292e+01
5.037293004511860239e-01 3.152022754247803260e-02 2.991971634556537474e+00 1.943022861618074515e+01
6.813110654195245752e-01 1.483309271887842465e-02 2.745737087025334588e+00 6.995675777853620048e+00
7.700053534283785028e-01 1.604844999693020224e-03 2.639107795659692890e+00 6.762545597722939839e+00
6.247917866470267256e-01 2.383374480965079825e-02 2.933076194541025750e+00 1.197475484796217771e+01
6.047428789779750957e+00 6.233945230663431349e-03 2.365514280791099821e+00 8.391034051157969742e+00
8.270794678410009482e-01 1.668369146106552913e-03 2.618805964184853341e+00 7.496682358246933298e+00
3.342382066687934333e-02 1.410407296039462022e-02 2.744941306718058804e+00 8.002790160703519007e+00
7.240695168788748026e-02 2.562701812940496385e-02 3.097475846894943263e+00 1.692388638402919199e+01
7.299306401331522309e-01 4.620235135552533813e-04 2.619319921374142268e+00 5.445298610377867554e+00
6.926248527617036022e-01 2.545277734559816749e-02 2.899267804557541961e+00 1.337278351616848937e+01
7.084348725582367834e-01 3.879554731644960230e-04 2.627608543434558186e+00 7.477520689641833584e+00
4.536069414353621765e-01 3.306772012218782419e-02 3.157108766551384171e+00 1.565080319149637766e+01
7.188553301080345292e+00 4.471547435821864730e-02 2.334168975591307760e+00 8.760902799880714298e+00
6.338139379797811390e-01 3.398883631607534095e-02 3.236370628684504425e+00 1.989508755882759417e+01
7.778424925405772461e-01 4.196280151382304410e-03 2.667478630188447219e+00 6.870650544903125656e+00
6.174255100901598903e-01 2.322212980028010021e-02 3.135990462736410134e+00 7.389145183649230120e+00
6.515392352982244395e-01 2.562958778490760300e-02 3.040542265298265878e+00 1.104544422999045850e+01
5.948408278713880115e+00 9.773553668366569483e-03 2.399462881188959784e+00 7.961066380613337046e+00
6.993893313752922447e-01 1.390818073804149166e-02 2.808970609771847204e+00 6.816405044916071354e+00
2.080782739115326407e+01 2.758992476118788950e-01 2.189586595566027860e+00 1.591484632913430985e+01
7.067663427294884615e-01 2.011592189774437725e-02 2.895893372943881161e+00 9.622610112163954454e+00
6.528972549448480711e-01 1.984138892126413242e-02 2.801776637982952511e+00 9.860632543076187417e+00
5.592535560039728626e-01 5.052579111075260719e-04 2.589666960550818242e+00 6.541684919119017394e+00
7.309884376157808061e-01 1.599042265170908667e-02 2.598683731680538678e+00 8.563037470364605497e+00
7.396414571720523190e-01 1.825771933196668542e-02 2.741117511742802826e+00 7.409410406430508189e+00
7.524691488830960173e-01 1.299876038328469721e-02 2.697906319934220143e+00 9.039323522325263482e+00
7.092588097854764406e+00 4.435312044803458101e-03 2.332428858972147356e+00 8.779042009457079132e+00
5.868307304048107076e-01 2.621359014220546457e-02 2.970758705413167888e+00 1.288371307864199444e+01
7.006245901825696176e-01 1.320368906144495438e-02 2.818947866207702546e+00 7.399187283658650749e+00
8.094313834518332973e-01 2.935475741253418995e-04 2.582087819130754358e+00 8.093517573388641750e+00
4.888256053661824296e+01 6.122688259459286853e-01 2.120080258279986474e+00 1.632089975505172674e+01
8.106141052451498741e-01 1.854068273729234106e-03 2.641268899546939330e+00 7.478230093070782125e+00
5.164286168791912823e-01 3.137492055766075844e-02 3.078730144794104895e+00 1.666877792530714686e+01
6.773066367930500320e-01 2.264396124216896261e-02 2.967478059115991496e+00 1.147830310969917278e+01
4.456588976455761575e+00 4.462075466971247503e-03 2.337850956623395149e+00 7.341232356041593299e+00
6.756710169092601248e-01 2.336610578749081721e-02 2.967821329022375387e+00 1.100491420558769029e+01
6.529108811784480881e-01 3.252278801740701719e-02 3.208906212340173258e+00 1.859059138014234591e+01
6.961840757369995858e-01 2.091510741808049259e-02 2.885645440907667947e+00 8.822893385278034017e+00
4.243589529095554269e+01 5.845583605631723412e-01 2.050541143255143695e+00 1.809265587360576433e+01
6.647130554431139871e-01 1.894023309861797913e-02 2.810309526134363800e+00 8.699720660094200753e+00
6.300117881112672347e-01 2.396312363001295784e-02 2.993692211877458487e+00 1.017634252817274110e+01
4.687604621296097562e-01 2.886295487815559307e-02 2.967857390911863291e+00 1.684794956484798689e+01
6.797475029612833897e-01 2.321537099393367748e-02 2.802458560720258340e+00 1.276218106149515208e+01
7.017264236745291983e-01 1.930607104297853843e-02 2.875409886847059227e+00 8.975222602510806169e+00
6.439577460629096750e-01 2.181859028948221479e-02 2.918093397063638239e+00 8.739202276045894280e+00
3.520993086401517047e+01 3.724172451985512389e-01 2.277900351878932916e+00 1.084443153110435176e+01
6.318275847941347001e-01 3.013240246345296955e-02 3.168556193986018066e+00 1.398182969185242541e+01
5.576988748120717077e+01 6.730030563660244214e-01 2.092395973456610658e+00 1.423827099560255327e+01
5.541232401629638815e-01 2.911820999855782577e-02 3.081081974291404180e+00 1.423349235962667336e+01
7.649498710462880879e-01 1.793921480763522929e-03 2.633188906898170423e+00 7.354499749337513492e+00
6.720072937944283620e-01 2.584067145655342262e-02 3.146304359263338846e+00 1.028936868021308548e+01
4.793357507748404189e-01 1.415536116070750111e-02 2.561941556195194813e+00 8.235010571963385928e+00
5.127814781994609605e-01 2.993272274609412587e-02 2.888251134455110503e+00 1.733644600873207153e+01
6.592641153866245496e-01 3.550649285334268185e-02 3.301318311059167065e+00 1.964556249599335302e+01
6.624186290308294867e-01 1.748099122172618383e-02 2.761304302174167891e+00 8.861834321397605407e+00
6.603413061815757601e+01 8.906109826899936133e-01 2.015676214271207023e+00 1.735288018866927473e+01
4.325284217387899421e-02 2.107327855887131465e-02 2.915922421242203910e+00 1.168576613404992770e+01
7.194060140102160883e-01 4.971625243657671646e-03 2.625296962959005942e+00 6.665321699372139364e+00
6.659510068299447916e-01 2.117973189330773359e-02 3.028322648636721848e+00 8.591506967451458365e+00
6.160485838712105311e-01 2.735992062333177446e-02 2.955988204358536819e+00 1.554420384256762055e+01
6.979496144151766668e-01 3.323207972944536900e-03 2.663214419592694782e+00 7.119792223408954790e+00
6.259273974813809316e-01 3.089422420619290788e-02 3.224334585226330319e+00 1.625905959520330413e+01
6.655650616794961394e-01 2.457643719623980871e-02 3.015945142710875437e+00 1.073719392263109462e+01
3.897986509930936316e-01 1.846727486241259500e-02 2.634222653352195298e+00 9.383078711277407891e+00
3.428129360484166721e-01 1.890230189760788021e-02 2.698883211633873458e+00 9.107492397387272121e+00
5.202111410253360685e-02 1.962654172646520132e-02 2.953662483011081363e+00 1.018343113229421704e+01
6.913434259675116378e-01 2.442378165958475345e-02 2.983065074939380779e+00 1.148076353423077656e+01
3.798605917760138340e-01 1.943562719581435477e-02 2.732444623202758827e+00 1.041195318692872362e+01
7.603709539011099805e-01 1.100341746668478601e-02 2.693055987175680066e+00 6.702513214762727323e+00
5.512193706991793674e-01 3.237545012745928624e-02 3.104209935050756819e+00 1.782363021987249141e+01
7.558551471987022818e-01 1.023999843128807659e-02 2.629872039510593673e+00 8.200921602107273500e+00
6.444270581895524819e-01 1.878419607704507471e-02 2.971792617597517783e+00 7.894774443813935783e+00
2.425337876833978257e+01 3.204411765142673070e-03 2.387487921637838184e+00 7.804161305781279090e+00
6.170878309240298565e-01 3.177555639167764512e-02 3.055120166571443363e+00 1.637979203541776485e+01
6.194548322049485689e-01 2.870663557684470166e-02 3.055250611808291161e+00 1.644472200097087011e+01
7.539769761430884509e-01 1.934058331817828640e-03 2.657761579517249118e+00 6.454792502351766714e+00
7.222660765061315047e-01 1.853356458984828717e-02 2.732881634422478445e+00 1.015383503628019746e+01
6.374429336048746952e-01 2.603382044322025829e-02 3.059969097893172840e+00 1.287119872341272142e+01
7.466545531725375939e-01 1.673569485698013157e-02 2.871857740228292322e+00 8.005183501013627634e+00
9.990960245715683197e-01 1.642980879323383903e-03 2.650602687008734915e+00 7.586607265141705803e+00
6.527202312644146964e-01 2.870352666889321516e-02 3.147998569806427671e+00 1.483550161536585321e+01
7.289012443149374576e+00 8.948090291231258764e-02 2.135485101147016174e+00 1.297958326543516705e+01
6.239424353679550173e-01 2.343108895459992264e-02 2.970886118993766090e+00 1.068700532160876904e+01
6.239932148722001637e-01 2.657605440972288929e-02 3.037729731347028839e+00 1.439885648232979065e+01
6.004325340782513676e-01 2.671788507229332782e-02 3.115382688670421008e+00 1.265699697537021962e+01
8.874604472230608110e+01 9.260360381352237269e-01 2.183907484160772405e+00 1.205979290205149290e+01
6.776399283516451044e-01 2.627598526891902764e-02 3.036230699827747515e+00 1.303415131689286710e+01
6.746713977427362119e-01 2.390242668003423124e-02 3.004488285107213663e+00 1.182911357020430820e+01
5.855646432007482360e+00 1.742901031470045145e-02 2.456269636328769490e+00 9.340909955697540568e+00
5.972705255730638152e-01 2.763808705814644467e-02 3.181230339062575130e+00 1.220307037018829099e+01
5.742562840773737243e-01 3.177318187850925596e-02 3.129609373839342457e+00 1.944592420994116466e+01
6.488766742495479800e-01 2.425803531306991792e-02 2.947392786351624050e+00 1.179399050710246577e+01
7.590327130315072113e-01 1.714556226679856896e-02 2.780777677867864117e+00 8.104976115578464757e+00
8.073964842604004488e-01 7.814433934700803705e-03 2.707862232838908589e+00 6.743906106520945798e+00
6.454176707399380541e-01 2.677569453939896219e-02 2.873689352932246699e+00 1.505871257766035143e+01
3.105621717414632244e+01 3.830526901900676573e-01 2.188951511874264177e+00 1.392856628559289334e+01
7.151962024544317176e-01 2.066179830599095338e-02 2.967076938579752632e+00 8.876271657623684419e+00
3.405366271536455075e-02 1.747518169061248322e-02 2.739301060364910612e+00 1.190471395694476087e+01
6.508601752903390159e-01 2.621908754400079783e-02 3.061588753271960783e+00 1.249588757451794763e+01
8.131754832899645846e-02 1.851707542011855195e-02 2.816311456004456204e+00 1.017288990225955914e+01
8.926515550468587801e-01 1.459820106988285633e-02 2.754308118041760345e+00 7.808579201542556802e+00
5.984026919116104404e-01 2.602410370579933199e-02 2.997527080389597032e+00 1.169789928375246468e+01
5.408659251164384951e-01 3.186584462377804738e-02 3.181710711106281231e+00 1.755841139609115586e+01
6.138905113764392407e-01 2.761779880043232702e-02 3.038169775753496893e+00 1.426954277431686968e+01
8.811301577904891991e-01 2.140906667147998016e-04 2.745247194541256874e+00 7.054120281436349060e+00
6.009925551854981007e-01 1.992823655031000438e-02 2.840660096473348606e+00 8.122664379798965939e+00
6.663220861028505970e-01 2.356190128913043108e-02 2.986973220743688540e+00 1.150525333112866733e+01
6.700569421079897170e-01 1.886563022075702853e-02 2.821834928704305412e+00 8.715194927197636332e+00
5.751280518612957859e-01 3.322384982560634692e-02 3.320317121791896309e+00 1.803483565709756675e+01
4.494985373591383060e-01 2.194167190153797908e-02 2.869744251605467866e+00 9.642671090918041088e+00
6.235454516378048373e-01 2.751418894403591386e-02 2.966727492462003291e+00 1.481204074756670686e+01
5.507252791130800240e+00 1.105149801573621776e-02 2.405445028747268399e+00 8.914416273536780011e+00
6.523529507362660906e-01 2.267960280377806850e-02 2.950742802145231103e+00 9.909825543674356751e+00
4.873808526433170418e-01 2.325132185418850653e-02 2.835542797500447687e+00 1.158545707107325207e+01
7.589172955657585984e-01 1.234694715107705759e-02 2.643475549251985246e+00 8.964873617306910347e+00
5.737058505551714260e-01 1.494051199136655142e-02 2.664644406472209237e+00 7.814995981610965536e+00
3.454313643969375569e-02 1.537892096280357376e-02 2.657756588317282009e+00 1.024676746855642406e+01
6.318200676976556407e-01 2.833769894621280747e-02 3.120426187358229964e+00 1.297938347711870222e+01
6.981902332003140366e-01 1.142963707034023307e-02 2.564306869584701332e+00 7.411270138090687354e+00
1.963184423769951670e-01 1.252245142031626485e-02 2.663022720618578365e+00 7.015793684901730387e+00
6.627857793990834523e-01 1.559935537610412579e-02 2.853411764004266882e+00 6.989604233706360858e+00
6.961501460821424292e-01 2.134815125997285151e-02 2.911329189948658858e+00 8.826005673624916170e+00
5.762050623643296676e-01 2.860743416695343821e-02 3.084455379547526466e+00 1.439401208909785801e+01
5.754054827383352499e-01 1.441761791006471866e-02 2.621799829617324384e+00 9.288463023168453958e+00
6.571916065009780761e-01 1.452110387784069645e-02 2.604062921322306767e+00 7.319893374191945412e+00
6.163221189091780960e-01 2.212012716137821966e-02 2.800224979006532777e+00 1.057242616658799150e+01
9.300295915909582156e-01 1.775858395054526369e-04 2.682779403691795572e+00 6.194273897326535661e+00
5.428653640992503471e-02 1.812941740471174165e-02 2.888424413417387981e+00 8.563172549744555440e+00
6.179796311580904034e-01 3.296291663558411494e-02 3.261877250354789481e+00 1.690958867432352974e+01
3.137580126405151049e+01 3.835635897849884457e-01 2.142117778600987510e+00 1.494775078618030584e+01
6.631294415300065248e-01 3.151841899750588288e-02 3.126635426748851643e+00 1.786539316654919318e+01
4.191693480139627170e-01 1.660805510131047437e-03 2.535868740524327869e+00 7.485116291858645354e+00
3.410213343111900741e+01 3.837986652447319402e-01 2.337510246070080733e+00 1.138949484499276998e+01
7.054390832633685715e-01 2.424723574750149713e-02 3.122599478439673781e+00 9.705728270673144920e+00
7.948235195356497806e-01 1.386837975008285533e-02 2.725633026320401164e+00 7.745694541277337031e+00
6.685399505606943737e-01 2.795444451430587410e-02 3.103788604648065608e+00 1.409470429056810303e+01
6.865040775905900672e-01 2.566352525501421414e-02 3.086114995799812633e+00 1.078393329478073071e+01
6.663800162256572346e-01 2.862446311507761687e-02 3.092434412814988764e+00 1.601957073366513384e+01
6.387528437124103675e-01 2.649487085179793103e-02 3.031868441570896078e+00 1.252562603352445336e+01
6.493701283121435797e-01 3.492126043125088480e-02 3.354484356077516161e+00 1.670943824182528914e+01
8.097285794919255597e-01 1.029456598828710871e-02 2.756497221849151913e+00 7.836996498809462253e+00
1.338970626558528831e-01 2.403672023790444368e-02 3.006310275113990294e+00 1.206719570560185950e+01
6.191059550239695675e+00 2.214596015236209095e-03 2.361036795829118962e+00 8.555170705097319583e+00
7.124165873307562735e-02 1.474483934167979647e-02 2.628497124354595815e+00 8.414470328356699724e+00
7.739479996222006219e-01 1.353984004713341179e-03 2.702778957832816076e+00 7.649203825454813810e+00
6.775669666032638760e-01 1.981243780226848300e-02 2.816486242482996616e+00 9.863048633942367971e+00
6.978476100342989596e-01 2.083699447928558102e-02 2.940601874413002914e+00 9.534591594503044831e+00
8.093189136886855817e-01 1.484681981364794397e-03 2.550984804458900967e+00 6.830017420534053585e+00
7.321670386015361132e+00 8.112960368887293938e-02 2.142655798518965593e+00 1.435774701911804563e+01
7.974729180229167547e-01 3.362887700646086673e-04 2.643620786200657324e+00 6.346694615664225658e+00
6.335378123925822225e-01 2.673976381813441411e-02 2.961876086510075279e+00 1.373439279197111595e+01
6.299897914730305803e-01 2.010472554565810588e-02 2.869260202415881089e+00 8.498645903591993900e+00
3.451534850553759914e-02 2.155064688389399241e-02 3.014629048535636180e+00 1.292485161775910640e+01
3.428129360484166721e-01 1.890230189760788021e-02 2.698883211633873458e+00 9.107492397387272121e+00
5.626694836790592902e+00 1.544864716004077819e-03 2.426177913242075768e+00 7.024314595619541635e+00
6.874899837306166717e+00 4.265952149347833518e-03 2.347440823514140629e+00 7.246135827034471788e+00
6.778288681893297252e+00 8.436365159651726398e-02 2.106132805724021395e+00 1.769470162698857507e+01
4.800673931195147404e-01 1.815353664449056298e-02 2.678714098453274239e+00 9.181183527188142790e+00
6.073126123605372406e-01 2.931740220402293332e-02 3.098938710195664914e+00 1.334554663500659366e+01
7.349835596848007802e-01 1.462835807015425496e-02 2.766759542045072351e+00 7.140716403668502466e+00
6.772408100750072490e-01 2.376779722138591330e-02 3.092451421542991241e+00 1.019005396675958508e+01
7.038545834147301727e-01 2.943557739992888654e-04 2.546432720168255948e+00 7.003513909543856109e+00
5.966917953252708351e-01 2.490463931593953767e-02 2.896889593673666052e+00 1.182750758042059402e+01
3.482118508121061495e-01 2.976468166968464571e-02 2.938249973433424422e+00 1.954328287235744455e+01
7.171634537470101822e-01 2.218976056300360489e-02 2.893260499589761281e+00 9.908654688803583355e+00
7.847776553270107147e-01 2.533196130904842667e-03 2.670498592755888634e+00 6.776715941558067335e+00
4.974838431128803529e-01 2.013164637809239724e-02 2.777847933547289649e+00 8.848228956324607708e+00
7.062619026909651154e-01 2.236662200885202942e-02 3.114991112514198246e+00 9.364617507700060628e+00
6.485280324963240695e-01 2.637135309873636993e-02 3.082906933872897604e+00 1.273764868818709850e+01
6.298127686305794448e-01 2.687114389249649696e-02 3.148987298637067056e+00 1.150797447410740837e+01
3.609721292257372233e-02 2.036824604138252545e-02 2.887736437752641105e+00 1.360178138928498726e+01
7.714219391614768329e-01 1.501365333925152234e-03 2.651195606939405813e+00 6.625365423990163372e+00
5.483754659100704698e-01 2.454909445859180042e-02 2.807352501362470942e+00 1.323157486274334182e+01
7.643584091428057281e-01 1.693983037779553738e-02 2.829659543163504765e+00 7.276778570909693933e+00
7.974729180229167547e-01 3.362887700646086673e-04 2.643620786200657324e+00 6.346694615664225658e+00
6.791556866502446166e-01 2.064289987165341886e-02 2.895753936859437605e+00 9.981403591691691446e+00
1.440109608652073159e-01 2.331970567476322753e-02 2.874224090295793399e+00 1.380338781573810181e+01
6.067538249099723169e-01 2.578021378578386827e-02 2.910755429752661883e+00 1.135334362133601793e+01
6.013443743713754452e-01 3.218861897307504633e-02 3.279463464041283416e+00 1.755058969498240984e+01
5.211476194988896538e+01 1.430697584162646807e-01 2.536537848129078121e+00 6.090187083175267801e+00
6.012485831152293292e-01 2.038439318816891166e-02 2.856639681248800855e+00 8.407532228948197073e+00
7.575627161005668020e-01 1.312530320253523647e-02 2.831951022118879724e+00 7.254805641279433281e+00
8.352977137443801103e-01 2.176403759824223003e-03 2.595065346279342933e+00 8.573421868343992003e+00
6.488698398349609930e-02 1.905041806486964737e-02 2.862009491483473944e+00 1.007625683651844462e+01
7.054390832633685715e-01 2.424723574750149713e-02 3.122599478439673781e+00 9.705728270673144920e+00
2.407584181279739610e+01 2.998923058102468397e-01 2.140825171004173910e+00 1.415871485995783097e+01
7.320232491035868483e-01 1.563551524709391044e-02 2.830092293985197127e+00 7.501550001837485659e+00
3.858920867596786486e-02 2.444925918261125694e-02 3.012099014195367630e+00 1.703305513846436980e+01
7.704705181927215207e+00 4.181015961239407247e-02 2.374188397594855005e+00 7.840877253628345755e+00
6.087471196652776140e-01 1.587021604786223797e-02 2.781900868485601030e+00 7.421245023638995519e+00
8.414978133430305041e-02 1.735143163001124506e-02 2.782050838894681188e+00 8.185659889938190048e+00
5.318556728944707768e-01 3.353600975262063105e-02 3.173951251559929521e+00 1.929895511628341609e+01
7.385511472005957812e-01 2.032870825513577104e-02 2.802934049087786761e+00 1.067184354264887958e+01
6.315594773802001294e-01 2.410838839067153475e-02 2.983934926987273695e+00 1.247778362414938513e+01
7.866980649889309118e-01 1.441451389082966047e-04 2.633392145692906361e+00 7.531075032573890660e+00
7.595999061080271897e-01 1.879491132874354484e-04 2.721506758602822096e+00 5.733118858315379818e+00
4.401318677791564049e+00 1.879052242019186789e-03 2.390936029964716880e+00 8.965548927428478976e+00
6.382577322334567205e-01 2.867099669271571186e-02 3.181714671290943652e+00 1.263681122404335078e+01
3.828281201392067601e+01 5.259555861928139064e-01 2.127166871083059796e+00 1.757515705627283964e+01
5.768199557405476741e-01 3.031998356544064743e-02 3.236806436416567401e+00 1.408359330026230616e+01
6.284778284694247930e-01 3.264993229900900462e-02 3.157663148821918231e+00 1.989057574447952348e+01
7.217814748291437876e-01 1.873873710617954269e-02 2.866417012376202500e+00 7.716305728549989418e+00
7.268495091293017962e-01 1.460337339809424095e-02 2.768466976217156095e+00 7.869508664504238027e+00
5.037293004511860239e-01 3.152022754247803260e-02 2.991971634556537474e+00 1.943022861618074515e+01
7.204998801088561278e-01 1.193590952293751249e-02 2.701963615771338922e+00 7.336350933542906461e+00
6.422916613761319171e-01 3.098496940360651042e-02 3.110039901709132248e+00 1.787550141701734674e+01
6.431635547841094702e-01 2.419548855014271374e-02 3.006941057488864200e+00 9.852115921606246829e+00
6.925391797139436312e-01 1.895810414041630698e-02 2.810315599647986495e+00 9.826446230990409703e+00
7.488783728558131791e+00 5.541370039033182565e-02 2.255549508115471724e+00 1.160918680312848572e+01
6.863913129126304469e-01 2.257625605429965099e-02 3.012952625293277453e+00 9.132707201532436869e+00
6.432517730194587280e+00 9.631035604076913087e-03 2.409783464291141097e+00 7.371862732162622223e+00
6.782790460129769494e-01 2.005923237023790606e-02 2.992344166878202927e+00 8.481902804945359975e+00
6.660323670635341919e-01 2.787477077596451150e-02 3.065228311523978011e+00 1.510582026852437210e+01
7.108271228177066581e-01 6.406637340565105379e-04 2.621529023965917027e+00 7.185721041041739809e+00
6.903665139998391709e-01 2.314357596709983034e-02 3.057547927978981672e+00 1.003866779911454898e+01
7.529788417737808270e-01 2.842013814700833710e-03 2.537897623818925474e+00 7.968279217231903466e+00
6.623730403756606933e-01 2.708463340582462422e-02 3.073401282370663345e+00 1.211123500120192098e+01
6.368323867733411969e-01 2.844845247729499774e-02 2.964678281388990477e+00 1.665847987872831482e+01
8.107631517313025615e-02 1.474022789642940277e-02 2.638416084941896500e+00 9.279827451869536503e+00
5.624809426492974218e+00 2.860863283180706262e-02 2.361081929204734475e+00 9.041401998461020995e+00
6.933030417498511344e-01 1.824193763779401178e-02 2.766095852326911686e+00 8.952457043210745979e+00
6.313391864412589705e-01 2.640083750394508696e-02 2.985198428285418260e+00 1.179856217613965796e+01
5.672514942684970807e-01 3.273480027579382667e-02 3.138504695253584664e+00 1.912850048090083988e+01
5.136891051322386437e-01 2.843101864192427303e-02 2.981830402154870718e+00 1.491165972955253771e+01
6.273888283716428926e-01 2.654188992102228528e-02 2.968941801373178535e+00 1.409583492750563316e+01
6.490440862739518257e-01 2.798797931852375909e-02 3.055707367289402399e+00 1.360420628772603990e+01
6.678502524474433377e-01 1.989364545872404980e-02 2.972718139200480891e+00 8.478790614593590291e+00
5.774368383659458370e-01 2.048259167968776925e-02 2.864360154049407470e+00 8.519452472795970621e+00
8.840615616497236040e-01 1.267559888617618858e-04 2.587329844736285800e+00 7.751312531132874994e+00
1.182260739414261741e-01 2.399403470371338706e-02 3.006375490909961812e+00 1.494713041899085404e+01
6.781344924639987060e-01 1.125971696243601057e-02 2.669481066812276815e+00 6.928616696354524152e+00
7.010679364091151333e-01 1.648633217143177093e-02 2.913622512133121845e+00 8.104686300384450703e+00
5.192575214836161468e-01 1.513804265564318990e-02 2.721785854977967212e+00 7.073838946898594493e+00
6.310313853453663135e+00 2.549148737978763814e-03 2.431504080743828844e+00 7.740442983792041431e+00
5.274910726458650889e-02 1.588152496654515744e-02 2.802017883476902504e+00 8.627531419731981899e+00
5.534290895015144152e+00 1.185745722881142820e-02 2.253290767556370700e+00 9.141788448752436125e+00
4.493771487857223690e+01 5.983548701859154884e-01 2.072286583910253999e+00 1.945302102135557831e+01
7.000867216089052825e-01 2.085672401262565062e-02 2.854043544569723423e+00 9.618399211596567966e+00
6.559435100917124783e-01 2.067055207452982851e-02 2.814831207625070775e+00 9.334660078851991116e+00
6.387737771452342006e-01 2.365567228920601936e-02 2.831534346342960973e+00 1.129697121585982700e+01
6.009735511346819825e-01 2.881372223326524387e-02 3.181612659281895628e+00 1.251965346641391896e+01
7.406539918512340392e-01 1.554261596717998808e-02 2.792426300512490300e+00 8.264893833011347724e+00
4.717378257555790988e-01 1.217284626173669761e-02 2.601386783109484568e+00 7.523840377590946815e+00
6.819670456156716742e-01 1.846179046056296499e-02 2.855037205065628747e+00 8.844454380102504842e+00
2.817339804644732482e+01 2.795389862810069431e-02 2.395188554805910197e+00 7.592205032255250785e+00
6.634064859738961206e-02 1.109189418742898003e-02 2.614943901643716373e+00 7.447827788760247536e+00
5.786300081117663474e-01 2.739027682743979536e-02 3.051571187619467551e+00 1.372514094275536500e+01
6.183562447412362939e-01 2.532616954160393785e-02 2.968686382437326188e+00 1.131377651437804133e+01
5.697260631576531154e+01 8.463061569580517807e-01 2.116144118376723338e+00 1.814144948139768942e+01
6.629980413601339606e-01 2.166624968637236373e-02 2.893124984023920376e+00 1.052461885004582065e+01
6.729964421075730341e-01 2.208488315121930404e-02 2.860589078707574284e+00 1.106090574615676303e+01
1.424333813376779945e-01 2.274346867653463319e-02 2.917551008376539912e+00 1.234127850472859578e+01
6.312441910965456149e-01 2.841611137805452950e-02 3.172288828594592491e+00 1.469722636749177092e+01
6.444795166793766406e-01 2.224716849206635066e-02 2.780864969379214457e+00 1.292983598737803064e+01
7.261187367459006614e-01 2.077571619450166787e-02 2.795013554026263058e+00 9.684986579684284891e+00
6.846703862584423428e-01 2.095111914958449478e-02 2.966700368544499256e+00 7.138568575896703017e+00
7.546908069776601113e-01 7.243614354328698109e-03 2.629653636697002916e+00 7.162574051862956814e+00
6.297080202005514438e-02 1.289288580380040881e-04 2.548735373533284942e+00 6.700817389141691116e+00
6.094235242050153323e-01 3.246889883125502613e-02 3.157906603925860090e+00 1.963642799042017018e+01
6.252544312180201569e-01 2.723740630854439362e-02 3.133291267722027040e+00 1.153410714451815267e+01
8.943060091792423005e-01 1.377535820541292725e-03 2.596893357210801945e+00 8.020268850275996897e+00
6.420132985436645123e-01 2.297154120460931717e-02 2.776281253672086446e+00 1.079799370906265210e+01
7.321670386015361132e+00 8.112960368887293938e-02 2.142655798518965593e+00 1.435774701911804563e+01
7.553150287742205204e-01 1.425057346082429094e-02 2.790412165601270367e+00 7.327731925653678147e+00
5.635692058981853769e+00 3.019009015401823062e-03 2.402514153463717772e+00 9.063417943105498864e+00
3.468707319846632231e+01 5.465961794292100162e-01 2.109755480085870882e+00 1.887537095490375094e+01
6.077700278552400359e-01 2.344292810923999729e-02 2.846892613210452172e+00 1.011403264699512761e+01
7.035186413923039117e-01 1.255458667112125878e-02 2.722284490347299357e+00 6.851587204351779370e+00
5.312635458961401103e-01 2.764088386995440169e-02 2.947321391211226604e+00 1.429861018278232798e+01
6.679709571713515759e-01 2.037012660443093814e-02 2.937022888725009828e+00 7.909005091834631074e+00
6.503670731231823154e-01 3.180927495468783422e-02 3.172644201962784738e+00 1.637201286093052843e+01
7.022251860621134822e-01 2.043390271408151992e-02 2.821769085441987457e+00 1.131362113721623075e+01
6.627811097353507597e-01 1.527940333384666602e-02 2.742003276764395370e+00 8.398979595599945114e+00
6.370310710995106263e-01 3.077598568034921669e-02 3.196454625000415106e+00 1.615919546293380904e+01
6.058594920500609549e-02 1.587663317375427943e-02 2.756150148141148115e+00 7.795173083748147214e+00
7.314870726533529988e-01 1.782036326571465046e-02 2.877634861868977545e+00 8.627840226642648602e+00
6.496583952616560298e-01 2.617233597376475776e-02 3.045634123231553581e+00 1.225128433812889561e+01
5.845019337732715314e-01 2.597962494941244427e-02 3.120088486804672545e+00 9.683944722150474860e+00
3.140340584252721001e-02 2.226859405945656734e-02 2.990068931846368461e+00 1.457123753221750562e+01
6.142012547542970990e-01 2.468652148210273914e-02 2.836949308883445653e+00 1.249432091537310718e+01
3.609721292257372233e-02 2.036824604138252545e-02 2.887736437752641105e+00 1.360178138928498726e+01
7.245934335584115482e-01 1.911668985674412624e-02 2.927390193347783498e+00 8.519931551800731029e+00
8.094313834518332973e-01 2.935475741253418995e-04 2.582087819130754358e+00 8.093517573388641750e+00
7.566437059062395276e-01 2.415164977140866294e-04 2.620881070568168436e+00 7.763271275021172535e+00
9.061264893829093503e-02 2.529002117904430302e-02 3.103954940803697493e+00 1.323581851434748202e+01
5.770468418255603194e-01 2.850712078054548973e-02 3.127527714078841115e+00 1.402192267077758281e+01
6.778586149313777787e-01 1.933070289329772914e-02 2.755322400015887130e+00 9.181551290521179354e+00
6.243092292598718673e-01 1.957472863957861187e-02 2.886219995444678776e+00 8.331443739334037701e+00
5.635692058981853769e+00 3.019009015401823062e-03 2.402514153463717772e+00 9.063417943105498864e+00
7.395927286458180427e-01 5.130200895065310622e-03 2.634068267773014060e+00 6.832371952659181069e+00
7.620273371766179693e-01 1.909465517477797322e-04 2.485832226230996866e+00 8.107859321853593926e+00
3.020365967854089462e+01 3.019788704309532834e-01 2.294865439303770849e+00 1.047466574651230786e+01
5.238843223613311295e+01 6.065996406459025492e-01 2.079218441298462672e+00 1.457147249848820714e+01
6.975894176452015483e-01 1.423852350232015888e-02 2.698114586781007684e+00 8.026248651628030473e+00
7.856632340348506105e-01 3.052331594519668446e-03 2.632034431420857690e+00 7.716897287660352767e+00
6.677565037620595279e-01 2.264521718413672544e-02 2.889821942210651251e+00 1.026115457212998550e+01
7.523417357570874042e-01 1.334919989839017558e-03 2.626368434221630910e+00 7.196476516784843902e+00
7.405494509613818055e-01 1.886510256710118363e-02 2.779829674293326391e+00 8.698024023713855968e+00
6.870542880199833613e-01 2.039551537866221564e-02 2.914700587304547064e+00 9.424919958604656145e+00
6.747746666932047388e-01 3.047934190189768161e-02 3.051426246846283163e+00 1.699082704968483881e+01
5.832496407984707476e-01 2.317276884241997043e-02 2.935205627658997063e+00 1.015041208778034232e+01
7.033827691596820086e-01 1.977907995746775241e-02 2.854466153253545357e+00 8.933899868709726633e+00
7.711671402415247734e-01 1.517867425498816217e-02 2.762472585887532972e+00 7.562517856109703729e+00
6.094235242050153323e-01 3.246889883125502613e-02 3.157906603925860090e+00 1.963642799042017018e+01
5.590252183150575815e-01 2.218413453073717068e-02 2.740113713974685616e+00 1.046814697489834245e+01
7.422792858452903486e-01 1.015493101587720479e-02 2.718525757768290418e+00 7.109904697130237317e+00
5.408659251164384951e-01 3.186584462377804738e-02 3.181710711106281231e+00 1.755841139609115586e+01
9.086161453909714636e-01 3.131647478929973361e-03 2.578091550377680896e+00 7.426176193209072629e+00
1.201288601536082135e-01 1.789006606342759265e-02 2.798251419339502277e+00 1.036601637778747609e+01
5.039684599628161399e-01 2.052813611143363207e-02 2.738000373969025070e+00 1.016446132574335515e+01
6.822200454191221786e-01 2.384650788676345723e-02 2.937417097422907908e+00 1.150823998922310665e+01
6.927677269203608157e-01 2.098792947604956327e-02 2.880212098487770156e+00 9.351168915099492551e+00
7.213820466970858325e-01 1.778616136343913121e-02 2.707570289359574556e+00 8.986805858008350967e+00
5.624809426492974218e+00 2.860863283180706262e-02 2.361081929204734475e+00 9.041401998461020995e+00
6.898436649424083411e-01 1.577379063345540205e-02 2.830993279396431639e+00 6.881759611909432195e+00
4.577074601452099656e-02 1.933541691818023434e-02 2.927391714147919988e+00 1.127251865343802884e+01
6.013691918591803631e-01 1.820326994885804531e-02 2.806334363960718115e+00 8.010060042939498359e+00
6.426447019601627675e-01 3.299159442518131286e-02 3.154811577463815908e+00 1.929307851707837784e+01
6.332668963375202020e-01 2.157388039143354544e-02 2.879647795154146372e+00 1.122850152269152169e+01
2.243075103156975114e-01 1.045223792398439471e-03 2.484737880294424439e+00 6.152021671547778681e+00
5.047792495530808443e-01 2.429398128460237560e-02 2.912052082348586701e+00 1.278869495616491925e+01
7.001485622038424728e-01 1.284257327859441612e-02 2.644981784519567114e+00 8.096233306309173372e+00
5.732037564177144828e-01 1.033699098156875412e-02 2.708461020075722203e+00 6.183931249099070548e+00
6.239932148722001637e-01 2.657605440972288929e-02 3.037729731347028839e+00 1.439885648232979065e+01
5.739164697137434956e+01 7.666326100790402664e-01 2.101526124408633844e+00 1.768164143036436542e+01
7.246388555025662370e-01 7.975887625506125275e-03 2.646982577564383377e+00 7.835019895475294760e+00
6.205044569780019392e-01 3.057031592755812127e-02 3.228210253881799829e+00 1.682443426632902472e+01
7.513642029468584838e+00 4.170184410054846025e-02 2.383682987349530435e+00 8.424583848204481029e+00
8.433791086442209428e-01 2.869645514556892307e-04 2.624872581389081638e+00 7.766698623191794937e+00
4.142046194743789767e-02 1.611504915489871820e-02 2.661417522399776914e+00 9.318514205084667879e+00
7.641488439821194634e-01 1.380681306081647623e-02 2.754848336940437736e+00 7.905404543540985429e+00
5.576988748120717077e+01 6.730030563660244214e-01 2.092395973456610658e+00 1.423827099560255327e+01
3.405366271536455075e-02 1.747518169061248322e-02 2.739301060364910612e+00 1.190471395694476087e+01
6.623795279801375502e-01 1.922006097239487357e-02 2.850637139868366976e+00 9.058271516718868099e+00
6.620894809128910374e+00 3.686115444289585208e-02 2.427591796576818783e+00 8.158084970619029264e+00
6.555235262603359425e-01 2.816328753304196686e-02 3.054072130234797289e+00 1.287051903000892317e+01
6.506546316950546638e-01 2.845179231186042990e-02 3.049110936148514028e+00 1.266510071243278190e+01
1.172303792418634671e+01 1.459603825250499753e-01 2.115185674262546556e+00 1.350553704741626859e+01
6.677246851465228339e-01 2.210199220661582600e-02 2.881211505083608237e+00 1.079043157823788057e+01
3.102961784843132875e+01 3.980974142869599941e-01 2.130822938503198039e+00 1.544607732199356143e+01
6.505729867757645835e-01 2.982161890550268785e-02 3.184652954131056646e+00 1.673541183438749158e+01
7.482866790153153147e-01 2.097241585014558707e-02 2.761126130709727455e+00 1.050899437362143019e+01
7.572407011685591272e-01 3.213204852695573325e-04 2.651722984693433371e+00 6.867811391865906501e+00
7.502896871099824505e-01 9.905186979685785473e-03 2.616924399943559187e+00 6.595512797174047037e+00
5.974554835609484638e-01 2.733939170291881798e-02 3.053958381438854452e+00 1.247085903084820657e+01
7.052216437582687902e-01 1.365241876233333485e-02 2.672884791686630734e+00 7.536702152881669114e+00
7.029046508604702703e-01 2.114466549483218563e-02 2.862411917066522093e+00 1.081545610431129667e+01
1.230337813848868223e+01 1.659619816385762281e-01 2.091549121253575727e+00 1.600105344082874126e+01
6.043386806167749814e-01 1.446059813812537211e-02 2.761891372738989325e+00 7.270276407456241152e+00
6.482429300524484850e-01 2.733618516017800176e-02 2.885722078941279634e+00 1.806885032226961840e+01
5.485232850550910477e+00 1.862425233891918525e-02 2.261097700322835191e+00 7.852280395876340080e+00
6.390404854755281638e-01 2.725073728577005056e-02 3.105183009159024010e+00 1.246441080493038456e+01
6.414233027250909602e-01 2.764426383082347477e-02 3.129736788044134688e+00 1.205506122622534981e+01
6.120678005823702028e-01 3.192628323451471989e-02 3.144725899501350064e+00 1.700402693346596905e+01
6.161921788469401084e-01 3.410176907753115216e-02 3.374040854343784979e+00 1.805377789873952921e+01
6.851712384393250366e-01 2.833737753497965473e-02 3.157343292925578915e+00 1.342815864275369719e+01
4.425327154642955563e+00 8.209777917442009866e-04 2.385445583955846161e+00 8.249333543205869645e+00
5.441656556442133752e-01 3.025180452891221977e-02 3.118487164269466483e+00 1.547963453426665481e+01
6.103567554595976663e-01 1.892072189412078928e-02 2.729197974818332373e+00 8.849618279349749983e+00
3.520993086401517047e+01 3.724172451985512389e-01 2.277900351878932916e+00 1.084443153110435176e+01
7.757277890555644984e-01 1.872552025701555711e-02 2.827882545760583177e+00 9.475672406005937631e+00
6.303500110163874348e-01 3.011332184755513217e-02 3.141751257586286705e+00 1.496889392903142380e+01
7.822084692604130973e-01 2.328756156265874774e-03 2.567464879616194295e+00 7.585723903577141769e+00
1.261562369593601518e-01 2.180711286360753620e-02 2.860576475197066593e+00 1.300743695353451379e+01
7.282579888069230512e-01 2.206829396083864053e-02 3.011639364788845974e+00 8.260926027755543188e+00
5.484906687582336016e-01 2.667084726856564988e-02 3.036223390803728606e+00 1.229351516106713582e+01
6.564385735603601724e-01 1.775082355228102537e-02 2.784977069839009278e+00 7.762428074121925370e+00
7.303401380225127415e-01 1.350385995452768780e-02 2.726857376931153709e+00 7.720054806751095455e+00
5.682494308763577084e-01 3.216448193366180236e-02 3.254481464495442289e+00 1.548682421639802165e+01
5.914169173080154884e-01 3.145295777484318628e-02 3.134287076223927215e+00 1.588966772162880936e+01
6.171184863897523076e-01 2.925284232305873713e-02 3.134550874426943690e+00 1.454326644806968361e+01
5.065953631147762648e-01 2.265505676223491735e-02 2.946429679048693462e+00 9.295854106552699392e+00
5.541232401629638815e-01 2.911820999855782577e-02 3.081081974291404180e+00 1.423349235962667336e+01
7.169567828261635967e-01 5.982824904457227297e-03 2.580421266286381687e+00 6.629129459252483869e+00
7.236344950754322047e-01 1.474383044431637133e-02 2.632675132829315423e+00 8.963401505165963457e+00
5.117353857142457052e-01 2.839250089002639046e-02 2.989175150471735432e+00 1.477431870944986159e+01
7.809546135153898616e-01 1.459995512806230855e-02 2.660974767634997296e+00 8.726546290048290189e+00
6.759490426160134069e-01 1.835524379344271456e-02 2.908464988299697129e+00 8.977037804282732125e+00
5.402939896264353781e-01 1.613621152840547315e-02 2.839623461109804126e+00 7.135758215733438270e+00
4.834319995850846347e-02 1.790012482551669309e-02 2.753860944578329750e+00 1.110145381649719276e+01
6.887588467290534089e-01 7.403862768914331281e-03 2.640134667323559725e+00 6.612037793028380683e+00
6.692480978296473371e-01 2.820612744040797149e-02 3.076646507165985422e+00 1.439535955778439025e+01
7.793996159046390204e-01 1.154088321351810342e-03 2.648988178287840611e+00 6.297454379307938055e+00
7.911103253824760539e-01 5.125741073335337433e-03 2.589597493438401621e+00 7.126679508615603176e+00
7.162469470075825129e-01 1.546955753288172322e-02 2.696073806702931286e+00 9.079911899349600191e+00
7.864417677328031653e-01 8.398263465104468389e-03 2.658640847242514482e+00 7.219206228058536290e+00
4.222751468679210585e-01 2.662669828105724418e-02 3.048844176245353754e+00 1.368491964957750895e+01
4.918598887360839278e+00 7.548701075514446801e-04 2.417408590874398300e+00 7.970112421366186695e+00
5.880420028262577370e-01 3.234523457207780228e-02 3.065087931601005344e+00 1.963707351690051794e+01
4.470025705513647551e+01 6.501960933007656651e-01 2.249970315840037483e+00 1.833426042835962733e+01
1.391252953276863602e-01 2.097099780586305501e-02 2.884554797045234320e+00 1.175429052917192330e+01
6.380349882165928799e-01 3.207559619376051940e-02 3.118497277412489499e+00 1.835094726626620343e+01
6.358700159300787469e-01 3.137956980099643189e-02 3.195641234236512140e+00 1.495357558585756230e+01
3.483152528863461134e-02 2.168448978252598275e-02 2.933632001785610566e+00 1.489784772178944294e+01
7.263261277840828978e-01 1.336267889712836748e-02 2.709992950950839141e+00 7.754192239254248165e+00
4.961695712288206828e+00 2.457540586709242632e-03 2.366642594198413718e+00 8.443643737692859474e+00
7.671723865160112732e-01 8.661461775249080716e-03 2.511156555827425141e+00 8.015104725541437602e+00
4.401318677791564049e+00 1.879052242019186789e-03 2.390936029964716880e+00 8.965548927428478976e+00
6.531501586616611510e-01 2.172803415720496456e-02 2.957952287704744165e+00 9.553455101785470305e+00
9.738373913710306473e-01 5.247091941609390887e-03 2.691234778440261266e+00 8.144601425443511289e+00
7.781072953346411802e-01 9.738064911087255388e-03 2.647102134395789008e+00 6.175616082704046050e+00
6.662085168614296782e-01 2.417450682732926251e-02 2.889691816287205395e+00 1.112212713084112181e+01
6.683710705685453890e-01 2.420716519410833281e-02 3.001187557227018132e+00 1.123402353739287207e+01
7.380965517479927129e-01 1.857521352261820580e-02 2.912025983166420140e+00 8.807155547588916278e+00
4.282801234512702138e+01 5.727642456252300951e-01 2.060799288932148254e+00 1.553290675619287597e+01
5.123223052767403862e-01 2.430823694295027385e-02 2.815720410163616627e+00 1.164492402300807328e+01
6.593419639138425881e-01 2.657234555082372066e-02 2.986805440732372752e+00 1.207544144597370028e+01
7.202003831473402506e-01 1.445296473925402649e-02 2.701844772000288053e+00 7.550439392670325489e+00
5.227765455866021510e-02 2.243885173006217662e-02 2.889920962767422274e+00 1.569811739934089090e+01
3.328798059265741793e-02 2.156325831180834138e-02 2.950923364383915892e+00 1.358959951306740521e+01
8.728221438283232381e-01 1.119070331656641173e-02 2.620213794404915753e+00 8.791159774053010523e+00
7.459013979163634511e-01 1.601872503817388868e-02 2.745775370190976616e+00 6.972744747300064105e+00
6.848243980411838905e-01 1.846384805431705925e-02 2.762901593155924651e+00 9.246212981452373469e+00
7.339172596199428078e-01 1.799927470693712603e-02 2.939005857688656409e+00 7.770014637670628943e+00
3.828762999929575805e-01 1.997352072650674520e-02 2.802683395118663157e+00 9.131372923462972580e+00
6.046494006359749429e-01 2.200905486688249646e-02 2.925529696189893780e+00 9.038353153278540830e+00
6.561515267604245416e-01 2.510988598260038840e-02 2.989463870406609658e+00 1.306946179687743381e+01
7.240695168788748026e-02 2.562701812940496385e-02 3.097475846894943263e+00 1.692388638402919199e+01
6.101206866021822162e-01 2.388305809529195703e-02 2.984242933008949716e+00 8.894969421621558681e+00
7.309884376157808061e-01 1.599042265170908667e-02 2.598683731680538678e+00 8.563037470364605497e+00
9.397485002892629335e-01 9.045924770687293172e-04 2.651495219733195796e+00 7.178165932206416855e+00
6.499181098380932831e-01 2.195087576040841842e-02 2.890141456810796594e+00 8.634893900358287411e+00
4.525081939551007792e+00 1.427384333554281882e-02 2.435297655430883168e+00 8.724921844706340579e+00
7.311858694212073351e-01 1.326346411594429148e-02 2.581190972034415942e+00 7.855558083858964480e+00
6.637555103495152986e-01 1.984789918383304125e-02 2.762425470211512746e+00 1.017121942852954497e+01
7.131125109681795138e-01 1.737650212398694771e-02 2.664597166982304088e+00 9.176453969407530664e+00
7.528028735375056346e-01 8.178874134263141443e-03 2.653006044953338805e+00 6.161442256616880719e+00
2.445807498568915717e-01 2.010017072606722424e-02 2.849188607120632266e+00 1.083584865928074237e+01
6.745435252232059309e-01 1.753676430957004997e-02 2.767704184121524857e+00 8.725234428117101260e+00
6.352313793852103485e-01 2.653556070240198003e-02 3.042824186135660192e+00 1.223426952748308771e+01
6.406559762923016432e-01 1.667879079761938957e-02 2.680327406380692334e+00 8.096434973985223493e+00
7.726268125837917333e-01 1.670711423958026048e-02 2.806908202756316140e+00 8.459163897766785567e+00
4.747519396133584313e-02 2.272316271341576210e-02 2.949495100644634604e+00 1.316345141739028080e+01
7.056753336212178151e-01 2.774880934695860349e-02 3.138019926342663357e+00 1.266553923766864997e+01
2.993693655141990151e-01 2.552423650714810005e-02 2.975797861593813209e+00 1.497022976373791536e+01
6.138905113764392407e-01 2.761779880043232702e-02 3.038169775753496893e+00 1.426954277431686968e+01
5.858578434755239428e-01 2.832112351325749566e-02 3.085042254333439704e+00 1.454422720938056557e+01
7.055910366306859416e+00 8.706485968729278657e-02 2.021408327523569692e+00 1.712743368492634488e+01
5.233499800240350164e-02 1.569064367948475730e-02 2.670124394993721673e+00 1.079451233834909374e+01
4.731335773856431004e-01 2.283460381241536954e-02 2.884183523937279503e+00 9.411369508046767862e+00
1.196352243224611533e-01 2.431139389819119215e-02 3.001218157714670376e+00 1.232633219683937753e+01
6.280714924628213458e-01 2.622365686860460635e-02 2.950935509852420591e+00 1.566884237902723598e+01
6.612662469702351720e-01 1.853539530236550034e-02 2.796001885055279246e+00 8.253505589513071783e+00
6.853173501647187305e-01 2.175733221179643531e-02 2.979393371554337477e+00 1.034658680964737698e+01
6.042736530036957321e-01 2.957787756896568948e-02 3.134571437788997716e+00 1.335350655468435299e+01
6.009735511346819825e-01 2.881372223326524387e-02 3.181612659281895628e+00 1.251965346641391896e+01
6.927840941984919620e-01 1.977724815855322685e-02 2.958733039094530781e+00 7.537879316206135272e+00
6.967245722395006835e-01 1.662233720232535530e-02 2.724964739601953401e+00 8.437737971486583888e+00
3.279475339554428359e+01 3.597646742143918441e-01 2.123838850412269608e+00 1.683755602943014651e+01
5.987907290103750002e-01 2.073656255539120183e-02 2.837908977564462809e+00 1.009927425258288203e+01
7.082208326298976564e-01 2.008880985273804251e-02 2.757648550779872920e+00 8.943281764788515886e+00
7.143447386532907339e-01 1.174785517371542895e-02 2.691333375836550967e+00 6.846377589445080680e+00
7.303909476137568912e-01 1.527280310257596134e-02 2.730939742240440893e+00 9.751506475444722710e+00
7.072033440660502324e-01 1.904770559771426855e-02 2.697623167111237841e+00 8.863927940255656779e+00
6.636170681036693830e-01 2.803996257343311510e-02 3.108393746788794765e+00 1.244854530447579499e+01
7.072302290387262325e-01 1.480917870836787921e-02 2.782106660406752141e+00 7.525584881234212986e+00
3.123733235446048834e-02 2.349132645347418169e-02 3.057052986720668386e+00 1.431143338548233146e+01
6.119456637210010097e-01 2.984436639433647731e-02 2.932199209605533596e+00 1.841902659325105418e+01
7.026934294476203657e-01 5.028828316510359749e-04 2.601132995795231828e+00 8.086856583415617195e+00
6.587529992422885838e-01 2.684935616352830678e-02 3.160703281445748303e+00 1.167281858724439303e+01
6.149674835997015476e-01 2.867137533350466727e-02 3.140262165551524376e+00 1.269903811783635561e+01
6.625011210952577168e-01 2.424603729739467639e-02 3.034974799478030505e+00 1.080733815651420393e+01
7.402541137206994915e-01 3.065788687368363030e-03 2.645784873865300035e+00 6.060849905550876215e+00
6.055535471351886079e-01 2.942345139244333801e-02 3.001599977842389855e+00 1.575270232830843575e+01
4.995585049323598981e-02 2.108148821379770069e-02 2.960627310621551267e+00 1.146556482881838512e+01
6.437733453157125041e+01 8.547909424462505346e-01 2.127055712431287660e+00 1.737768611161306609e+01
6.460401671982664018e-01 2.734379224796502569e-02 3.065439492019657930e+00 1.226573402530173951e+01
6.478443997417240308e-01 2.354100601046153762e-02 3.076581828713838007e+00 9.498854884909794905e+00
4.725130357679184767e-01 2.508398449323584120e-02 2.990314470518822709e+00 1.214708716052856197e+01
3.105621717414632244e+01 3.830526901900676573e-01 2.188951511874264177e+00 1.392856628559289334e+01
5.495250208620092169e-02 2.555280103010599060e-02 3.041076537638657484e+00 1.768011103160563735e+01
5.632656566275324739e-01 2.198889695722784296e-02 2.680024283659575790e+00 1.068194877569633050e+01
4.127232804063386135e-02 1.778064595249746402e-02 2.902877300092000734e+00 1.009283912868089317e+01
5.021987077905041286e-01 2.688727226886693591e-02 2.959394422181034212e+00 1.493673971325220862e+01
6.747062167172024338e-01 1.639323522628002849e-02 2.685846219803390333e+00 8.501773081710560120e+00
7.041753076383074905e-01 2.166373511536604651e-02 2.906538793347510641e+00 1.063136941345692321e+01
7.084482555385244185e-01 1.571265667770906094e-02 2.713467725406582876e+00 7.866214995736081406e+00
9.152698489684608918e-02 2.684711600084157407e-02 3.057092825503060940e+00 1.717647268206681588e+01
7.427714499503808021e-01 1.802589012515229058e-02 2.731852563974262349e+00 8.923592900883026147e+00
4.354886888178294946e+00 5.537287274742183109e-03 2.375557425448189708e+00 8.559883757269354021e+00
6.596593999892730320e-01 2.006507092202250084e-02 2.906953484088970363e+00 8.736034692747251640e+00
4.959111734660983095e-01 2.871933957975316559e-02 2.964875046011997028e+00 1.496903616537036541e+01
6.695172625134195865e-01 2.177726569884525301e-02 3.072411347377708157e+00 8.109230476000099941e+00
5.393182985527403273e-02 2.107838739230363453e-02 2.920537558230049235e+00 1.171659074327186545e+01
5.471544624636316412e-01 2.369174698955327923e-02 2.875638725664179773e+00 1.215168801288267986e+01
7.864417677328031653e-01 8.398263465104468389e-03 2.658640847242514482e+00 7.219206228058536290e+00
5.827812488510671907e-01 2.937727742987548962e-02 3.028596640394466633e+00 1.518634546654712025e+01
5.847800040778986519e-01 2.808168974770506102e-02 3.172545067146956832e+00 1.310174886984027154e+01
8.228005065164273324e-01 8.498309701988859518e-04 2.589065152116001300e+00 7.080205522346100011e+00
7.653257454534492243e-01 8.877330492565782549e-03 2.597281279741336490e+00 6.693467197470333474e+00
5.793703980697512135e-01 2.557017005321494257e-02 3.089727673632943095e+00 1.104310966421980211e+01
7.567104211314595874e-01 3.488639344492603690e-03 2.646241973733244990e+00 6.890614496308343995e+00
7.513642029468584838e+00 4.170184410054846025e-02 2.383682987349530435e+00 8.424583848204481029e+00
5.767919991717281647e+00 2.097844017253685037e-02 2.282570035852211632e+00 7.731018948695187021e+00
7.953174602767987267e-01 5.097545464934394354e-04 2.690636083018391744e+00 7.233640714628153390e+00
3.546789188887615185e-01 1.840684887831676997e-02 2.606942867089064642e+00 9.603245373915070715e+00
5.330207405866530523e-01 2.327622820435745494e-04 2.507522698803141381e+00 7.027897063959891888e+00
1.544355754277313975e-01 1.478793822325447267e-02 2.596857241793365745e+00 8.459044386648926661e+00
6.787808470395167992e-01 1.942807879479385019e-02 2.834438662784016572e+00 8.843923377135935127e+00
5.400414455673215874e-01 1.583475633308049219e-02 2.682737271009878022e+00 8.214835372385387302e+00
6.474137946587537051e-01 2.866944631736546498e-02 3.120638161512574005e+00 1.520172681039561446e+01
6.335322590915651864e-01 3.335073339080209948e-02 3.203715138071318691e+00 1.788260996422041416e+01
6.941412130708522754e-02 2.461736480141765021e-02 3.094110982489698181e+00 1.280403810276935239e+01
7.339172596199428078e-01 1.799927470693712603e-02 2.939005857688656409e+00 7.770014637670628943e+00
5.400141580868812047e-02 2.653566691801458044e-02 3.069195100412165367e+00 1.936089945755302466e+01
7.884446602224512990e-01 1.302075504260567437e-02 2.747472988193815358e+00 8.222065311567908097e+00
6.013938799415239345e-01 2.681752867167054577e-02 3.107371177668412088e+00 1.247573446417888121e+01
6.194012669727413378e-01 1.591956339457096040e-02 2.811459983513710625e+00 7.614813163041064037e+00
6.921580026508042938e-01 1.327749273698173443e-02 2.686987532869552275e+00 7.160969347369126936e+00
6.225691172024454545e-01 3.276630419738800482e-02 3.167714846208273816e+00 1.990581457644502095e+01
6.510508417500836531e-01 3.145687400153762692e-02 3.234351405178076622e+00 1.409841807465008046e+01
9.954418909781631575e-02 1.739849979094344398e-02 2.879998899103189736e+00 8.247859539663686235e+00
6.786586365312006208e-01 1.300172313741802116e-02 2.803755563854331889e+00 7.139364714502310250e+00
6.673847367845875400e-01 2.148221381176636247e-02 2.921215004085306433e+00 9.635601305963632512e+00
5.973619319075691436e-01 2.958113299249965841e-02 3.183878464164501487e+00 1.320400185815763727e+01
7.792505438332979484e-01 1.333850326273322735e-02 2.717974838179397779e+00 7.756280606750490136e+00
6.547393822780945838e-01 2.099071654791869954e-02 2.808853533364536581e+00 1.108179559389171942e+01
7.298600906192006521e-01 1.739340097344063696e-02 2.692073345935993789e+00 9.386621925401071209e+00
1.544355754277313975e-01 1.478793822325447267e-02 2.596857241793365745e+00 8.459044386648926661e+00
7.444813539564387739e-01 1.716808706430336673e-02 2.760681450160062944e+00 9.534770700275762678e+00
7.320321650992740459e-01 1.651965692022356463e-02 2.793604385189141226e+00 7.336904452961099388e+00
6.977790932319768435e-01 1.684812327162102386e-02 2.761022907217748568e+00 7.694486736376245695e+00
6.658607313403657191e-01 2.185324460874244618e-02 2.890371864071426877e+00 1.043798918513932428e+01
7.241774990606633655e-02 2.328676965683454392e-02 2.943735104779948486e+00 1.414637758252026423e+01
7.459365038197359743e-01 1.922689409535879856e-02 2.859849027699961965e+00 9.292836351431986941e+00
6.252976563494803131e-01 2.552454332891553393e-02 3.042830018267131287e+00 1.107377517959160329e+01
5.440794613345122377e-01 1.297607185696129581e-02 2.552392698394978510e+00 7.877493800374084643e+00
7.953047165202180580e-01 1.108034713246783612e-02 2.749874692913168772e+00 7.877169433202590554e+00
6.590020356520189804e-01 9.284025242459616190e-03 2.579739181009102822e+00 8.119495316065226120e+00
6.618441697741400676e-01 3.061444954160486009e-02 3.159529300979487143e+00 1.616579511284479764e+01
5.860318102172035193e-01 1.846763082515711155e-02 2.759966718163384680e+00 9.129006205742655311e+00
6.273358074656535388e-01 2.725339087444263175e-02 2.984916724952177525e+00 1.258417071980464641e+01
7.922502124364608767e-01 1.235398372596483688e-04 2.581702119017765362e+00 6.448506888678567250e+00
3.482118508121061495e-01 2.976468166968464571e-02 2.938249973433424422e+00 1.954328287235744455e+01
5.765105034250473715e+00 2.992837848091111502e-02 2.350214486959536497e+00 7.601687487069213489e+00
6.842982074249557289e-01 2.065002891180579489e-02 3.052910207049169156e+00 7.832327490022622740e+00
6.519691584690270325e-01 2.432948104922396521e-02 3.112766501773196026e+00 9.619582445748982025e+00
7.314590818468771349e-01 1.265692548705828549e-02 2.680910063907365970e+00 8.840775520027850831e+00
7.089485250881573108e-01 1.789644175795034736e-02 2.809865615035969100e+00 9.262475592079848496e+00
6.786265332430279962e+00 2.576939211231468393e-02 2.292018362400691789e+00 9.528612419261778044e+00
7.482866790153153147e-01 2.097241585014558707e-02 2.761126130709727455e+00 1.050899437362143019e+01
5.273415384221270541e-01 1.141193678194516760e-02 2.594150579929009659e+00 7.574953317072492531e+00
7.752291655947882720e-01 1.134823988432829764e-02 2.752882778504400108e+00 6.622834942427561877e+00
1.258116275632387426e-01 1.766724139130493310e-02 2.828527288483080770e+00 7.710587194703873770e+00
6.249268925872385472e-01 3.101923891315747431e-02 3.216030383205445986e+00 1.680343821968879681e+01
6.705123648983849494e-01 3.016529137669714949e-02 3.173851364373115658e+00 1.548205157916224017e+01
6.820661105378142963e-01 3.062860223240799259e-03 2.672158159724332016e+00 6.571725315980119220e+00
6.331171116070009042e-01 2.724110239138397005e-02 3.052981270634784750e+00 1.303681331682629363e+01
6.999705441703002462e-01 2.297720205672644858e-02 3.004036649400499748e+00 9.558284170575875649e+00
7.588090307388748457e-01 7.804388277089114451e-04 2.607641122790020027e+00 6.766776426592942428e+00
6.555953318976818212e-01 1.967324508795841378e-02 2.826143093109925175e+00 8.967916911894359799e+00
7.054578368509391018e-01 1.978621340381154711e-02 2.901661899631609476e+00 7.713236108153262549e+00
6.708316890964047818e-01 1.821322070438103485e-02 2.852598597030811423e+00 9.149829089207692334e+00
6.972191937245199034e-01 4.690938622403018413e-03 2.661140813866122112e+00 7.318332262051930215e+00
8.050778152283701861e-01 1.381736338771097534e-02 2.747529791961824230e+00 8.661837555999401417e+00
6.567690221025933583e-01 2.282840355754459788e-02 2.986564739447816752e+00 1.063700030679933661e+01
9.283646751402488406e-02 2.256910635539290805e-02 2.913888322276902088e+00 1.295801225537088541e+01
6.787884362978620523e+00 4.760957908545714740e-02 2.334084902313366960e+00 9.521711181423896164e+00
5.627919485360614038e-01 3.281079620732555574e-02 3.245371848849610164e+00 1.636304585560491631e+01
6.160485838712105311e-01 2.735992062333177446e-02 2.955988204358536819e+00 1.554420384256762055e+01
6.295900343676466004e-01 3.113906762975810275e-02 3.093130364942838995e+00 1.633981046887008759e+01
6.865146446905424638e-01 2.344512682372205947e-02 2.933750591208682312e+00 1.454999330791605594e+01
6.602375199558170316e-01 2.398857994012273259e-02 2.826882863794726752e+00 1.361378023362409628e+01
5.696128870920318388e-01 1.906952198614691313e-02 2.917826655833391847e+00 7.739532339158725627e+00
7.394556091441192303e-01 1.666412171816310933e-02 2.756341613777680166e+00 8.521990985780544037e+00
6.922115269822096684e-01 2.337340925932242935e-02 2.872008703342943559e+00 9.526270538643213825e+00
6.526458091526868843e-01 2.647550657887043357e-02 3.097789825705349998e+00 1.203793600005989894e+01
7.425811639032025901e+00 7.060399816697345010e-02 2.228864089686160899e+00 1.120205774780342090e+01
6.267230457310145608e-01 3.276598210473781470e-02 3.215600536428898870e+00 1.995486622861648129e+01
7.971144739290199066e-01 1.440272237611959702e-02 2.760926293555624689e+00 7.678182630427233590e+00
7.774320401103052003e-01 1.198644363207287955e-02 2.794693935195285306e+00 6.470762649815424261e+00
6.016872700799900109e-01 2.485094683320772727e-02 2.903243078685590284e+00 1.105907463709408667e+01
6.523627658525558148e-01 2.353207469842043612e-02 2.923786713151705463e+00 1.176140341609379192e+01
6.532406230561245142e-01 2.919326415508495531e-02 3.109674541695099492e+00 1.593571813768793000e+01
8.728221438283232381e-01 1.119070331656641173e-02 2.620213794404915753e+00 8.791159774053010523e+00
8.189697464705606222e+00 1.712466035775225826e-03 2.469901481541683541e+00 7.625201781011626601e+00
5.672514942684970807e-01 3.273480027579382667e-02 3.138504695253584664e+00 1.912850048090083988e+01
4.641230654668034306e-01 2.643656998910536363e-02 2.991085293737275386e+00 1.251717277706061360e+01
7.339172596199428078e-01 1.799927470693712603e-02 2.939005857688656409e+00 7.770014637670628943e+00
6.934339388432607665e-01 1.811680553181223632e-02 2.741276214662594413e+00 1.012670929436089828e+01
6.480035275236275538e-01 2.567305055847576498e-02 3.056223143438832501e+00 1.196607950593082670e+01
1.202301229012083944e-01 2.542822776086178446e-02 3.044550058019053651e+00 1.485161164189687177e+01
8.207460299135557191e-01 1.084324269577864076e-02 2.697865911391330584e+00 7.379958178283692050e+00
6.508554647683485461e-01 2.298829355141180850e-02 2.875195646895340573e+00 1.231183389630029623e+01
3.636657620899641330e+01 4.734116258781468911e-01 2.042676240013022060e+00 1.916232439621863293e+01
6.749876788463934352e-01 2.791697820502890559e-02 3.092700695062222227e+00 1.582360930887436545e+01
3.555363567751506498e-02 1.954684835194668915e-02 2.961984474580066973e+00 1.122069102184731015e+01
6.659922891158557290e-01 2.315644793682351821e-02 2.986549304876809252e+00 1.018854217375791293e+01
8.783227697800549683e-01 5.652519878390802749e-03 2.686027881039275478e+00 7.762813538305014305e+00
7.201617214856245175e-01 1.471368193735656318e-02 2.728202515153907104e+00 7.339321168192695310e+00
6.699035894527356483e-01 1.724286602452315340e-02 2.692130681625756417e+00 8.393581485193720937e+00
7.757429234819278319e-02 2.387143413912545462e-02 2.916225288206664601e+00 1.500168617861491960e+01
7.303401380225127415e-01 1.350385995452768780e-02 2.726857376931153709e+00 7.720054806751095455e+00
8.377511551196924477e-01 1.208026006252159662e-03 2.650308555864463234e+00 7.359441533038499017e+00
6.984160841099109618e-01 1.855075423480550753e-02 2.761782014712830691e+00 9.373339953096390786e+00
6.701303022483585670e-01 1.657220367694302657e-02 2.718747419820809252e+00 8.514921431069183200e+00
5.754054827383352499e-01 1.441761791006471866e-02 2.621799829617324384e+00 9.288463023168453958e+00
5.407683114582045869e-01 2.479450085298622389e-02 3.017501433497509211e+00 1.092085194885520671e+01
3.465243965210631671e+01 4.816017418126702365e-01 2.073326654052889850e+00 1.813755777995703156e+01
6.071983625917423133e-01 2.297969269439566892e-02 2.969503100733225320e+00 9.531283901958753191e+00
7.004140653026519336e-01 1.281859561238819778e-02 2.657193693236573839e+00 7.602498118639551272e+00
4.612535104789915186e-02 2.012129329433852767e-02 2.865793448437436552e+00 1.392583591925968634e+01
7.634826791381401634e-01 1.719429931213902960e-02 2.822214170412141510e+00 7.741907218482960928e+00
7.338896068111727677e-01 1.249745843349370569e-02 2.726831685596521559e+00 7.014577904949883091e+00
5.995715954090273803e-01 3.236696344587376012e-02 3.278891973396673265e+00 1.523116697084811832e+01
5.753173917789913716e+00 8.092681590146314635e-04 2.516792826220541457e+00 6.905398194928591415e+00
5.578948892733798237e-02 1.842181837508052172e-02 2.736137171385021105e+00 1.158040089493256275e+01
7.315782443073249874e-01 1.818438030118190232e-02 2.812293436832280058e+00 8.786093582116713208e+00
6.173626630486677147e-01 2.725495206067646628e-02 3.035573214351988902e+00 1.325851506782091427e+01
7.641422318620747500e-01 2.943416366923882685e-03 2.695701374416723528e+00 6.988869887049775187e+00
6.671265908565284786e-01 3.144733699871440913e-02 3.134991269561847371e+00 1.920483960323823069e+01
1.357012845011349722e-01 2.357988754434245729e-02 2.906128049878235586e+00 1.491875283731254953e+01
7.700053534283785028e-01 1.604844999693020224e-03 2.639107795659692890e+00 6.762545597722939839e+00
7.128915390305558653e+00 4.382795672064222943e-03 2.352971411037266591e+00 8.684598012801227895e+00
7.757584531330787847e+00 6.008802895958805651e-02 2.260239690771063792e+00 1.055312118204243177e+01
5.527723982903931521e-01 2.414288594058057111e-02 3.022345074992568215e+00 1.168000893495499959e+01
6.214994600596217278e-02 2.049455433000570148e-02 2.867765967983441300e+00 1.285059698257510696e+01
5.959084434107290162e-01 2.892651395164566597e-02 3.083121939325464300e+00 1.623151923967149202e+01
7.230373361003800126e-01 2.340137372080321188e-02 2.964587957787672146e+00 1.159428426999908091e+01
7.528936460535262665e-01 4.755277947462795314e-03 2.564506577416665767e+00 7.465748706507103982e+00
8.433791086442209428e-01 2.869645514556892307e-04 2.624872581389081638e+00 7.766698623191794937e+00
7.482926064859959370e-01 1.978276104784956919e-03 2.653551586125724171e+00 6.770386944130306617e+00
5.830611232129901955e-01 3.055630457364183830e-02 3.066969185725938019e+00 1.872117238842140807e+01
3.190566182939581080e-02 2.254582701300203093e-02 3.027749371024701652e+00 1.299056818440772965e+01
5.829051780339677968e-01 3.210329922257541824e-02 3.174974953220318419e+00 1.893225399323939229e+01
6.363495805504757463e-01 2.559110682000706113e-02 3.048717219962675529e+00 1.190184125267513870e+01
5.788929278035634951e-01 2.625430822589337396e-02 3.036942264824527449e+00 1.100418174960167406e+01
6.787755793641346846e-01 2.313254731715714760e-02 2.914925583674077281e+00 1.038117879049913839e+01
7.513642029468584838e+00 4.170184410054846025e-02 2.383682987349530435e+00 8.424583848204481029e+00
7.097012207747341872e-01 2.028744018148136499e-02 2.823775782986157168e+00 9.679444976268452905e+00
7.438996745293632307e-01 4.546835513432104930e-03 2.608460054202404343e+00 8.131112698949136686e+00
8.438737624691665384e-02 1.919739113428687444e-02 2.833861191174273930e+00 9.656058864461837032e+00
9.980699110256799900e-01 2.977821346947509204e-04 2.635741356813952052e+00 8.993498693919269371e+00
6.207702857575443378e-01 3.167944970122590215e-02 3.057886001698035816e+00 1.736848295980686885e+01
6.764030769000092258e-01 2.880952890830567464e-02 3.192085668093270101e+00 1.403648325514767414e+01
6.755757705279978431e+00 3.950349092673299811e-02 2.384543512125414377e+00 8.444998777801121292e+00
7.738952190979325740e-01 1.483012686890819790e-02 2.782023600046381162e+00 7.685089304901900675e+00
5.631761163229040967e-01 2.284716727488345436e-02 2.726413944796941102e+00 1.168556617152773214e+01
8.283646056997442386e-01 1.453942920841101195e-02 2.715503863504109550e+00 9.179679905282256414e+00
6.732835602863640467e-01 2.510819168334262746e-02 2.977997546210425561e+00 1.164351018007630323e+01
6.422002427373797451e-01 3.103979524460932088e-02 3.176427900550530481e+00 1.945589066873314010e+01
6.191528973380323597e-01 2.387040213830286112e-02 2.898759404745422152e+00 1.083979202385119223e+01
5.384726473901463306e-01 2.161152516674007956e-02 2.947957693173700378e+00 9.148274927830224001e+00
7.547067159271526604e-01 2.007170926523697135e-02 2.897067659512234439e+00 8.331514438472272133e+00
6.500997116323734559e-01 3.059736327549988574e-02 3.157668254447241196e+00 1.632113793372876387e+01
5.832496407984707476e-01 2.317276884241997043e-02 2.935205627658997063e+00 1.015041208778034232e+01
8.006621917611078665e-01 1.389640147832297244e-02 2.615885673891721552e+00 8.531208408694341827e+00
5.932095729711605037e-01 2.327412786538924153e-02 2.964625661304354232e+00 1.207802238975351550e+01
8.175925990326347037e-01 1.156631173131834368e-02 2.718601594985473824e+00 7.870042118344596993e+00
7.946617164262724797e-01 1.143225158078022864e-02 2.728284626154729775e+00 7.408078742698173791e+00
3.853028992619490778e-02 1.873411650321401417e-02 2.849793494541449590e+00 1.033151253756621735e+01
1.243731811776946639e-01 1.725943333604991470e-02 2.714012526736389930e+00 1.011681097204610680e+01
6.548937119982900512e-01 2.410923449545245706e-02 2.987361041387982752e+00 1.230329078060024628e+01
6.672611023532669661e-01 2.775301027698129364e-02 3.121581093534794071e+00 1.204449555940820993e+01
7.981099369497833829e-01 1.081196279979919350e-02 2.630863751924071181e+00 7.354684120913344891e+00
5.117353857142457052e-01 2.839250089002639046e-02 2.989175150471735432e+00 1.477431870944986159e+01
7.590458195311119427e-01 1.642145662483019547e-02 2.809450844813546677e+00 9.072326549633920934e+00
4.772570029947005854e-01 3.090344842102199507e-02 3.071159236714902541e+00 1.587360011860311815e+01
4.276920537486981999e+01 5.348413397628630772e-01 2.126946997769944225e+00 1.474861200014670359e+01
5.243221651584385690e+00 2.012774441889120247e-02 2.475054780044847469e+00 7.662558321105477077e+00
6.016870938212524056e-01 2.795937933022196384e-02 3.060875088468237859e+00 1.443797679831700798e+01
7.603709539011099805e-01 1.100341746668478601e-02 2.693055987175680066e+00 6.702513214762727323e+00
7.412202020345520781e-01 1.394873958378662834e-02 2.728024514861970840e+00 7.351873148204972175e+00
6.140344625875758799e-01 3.390655737349376059e-02 3.159557949740817495e+00 1.974520158802535263e+01
6.539283205551205125e-01 1.876716176772030148e-02 2.794990050560327788e+00 8.483843892365289463e+00
6.963836413002281178e-01 1.537892416389316855e-02 2.834238755627090711e+00 6.382485967106704017e+00
6.672611023532669661e-01 2.775301027698129364e-02 3.121581093534794071e+00 1.204449555940820993e+01
5.065953631147762648e-01 2.265505676223491735e-02 2.946429679048693462e+00 9.295854106552699392e+00
1.786700955597270712e-01 2.433780449246669350e-02 2.901328387628810290e+00 1.633735470042025995e+01
6.059179001384019658e-01 3.144350127358765817e-02 3.108810474017843273e+00 1.842926670505903886e+01
5.858578434755239428e-01 2.832112351325749566e-02 3.085042254333439704e+00 1.454422720938056557e+01
5.978249260751298255e-01 3.469826046079289156e-02 3.302079515186340242e+00 1.971901632554261852e+01
4.127232804063386135e-02 1.778064595249746402e-02 2.902877300092000734e+00 1.009283912868089317e+01
6.205044569780019392e-01 3.057031592755812127e-02 3.228210253881799829e+00 1.682443426632902472e+01
7.188553301080345292e+00 4.471547435821864730e-02 2.334168975591307760e+00 8.760902799880714298e+00
5.150092843037804013e-02 1.972889770346306429e-02 2.832560076428971563e+00 1.257067260353648308e+01
3.428129360484166721e-01 1.890230189760788021e-02 2.698883211633873458e+00 9.107492397387272121e+00
7.438872482407651532e+00 1.063667335484578180e-03 2.438770759863299276e+00 7.448035981475111811e+00
1.202992560140528217e-01 2.107273561135208570e-02 2.908176709050667164e+00 9.908886629327227524e+00
7.529566588499067015e-01 1.709765576789041078e-02 2.743403714939995464e+00 8.106466930147657735e+00
5.683033627635890594e-01 2.336447837409008741e-04 2.607046187704678442e+00 6.499442172851291666e+00
7.086491592335968370e-01 1.822283615111944255e-02 2.788488973927735870e+00 1.000534534822879884e+01
4.533674186613952939e-01 2.324026490588144978e-02 2.823280502280071325e+00 1.187016969158148960e+01
7.767341747330511748e-01 2.220164258956413336e-03 2.626963001389256203e+00 7.684394570676387204e+00
6.792239901413322789e-01 1.851638574247423466e-02 2.823061646858687546e+00 9.546067110621518026e+00
6.834567375532158984e-01 2.652065324793463283e-02 3.073127483362383394e+00 1.377509130894140732e+01
6.697837754145083977e-01 1.625717272062618401e-02 2.828303443329283517e+00 7.273901693923400913e+00
4.895578920965194120e-02 1.457674030845244363e-02 2.606168470025716388e+00 8.753341402660558046e+00
6.614118396120381993e-01 1.895537575820039830e-02 2.875122575134970049e+00 8.372891172212908018e+00
5.776237859108660500e-01 3.074210566675182263e-02 3.095022718665949579e+00 1.723111023826398025e+01
5.640305175899114065e-01 8.883495892177290529e-04 2.616839969000981370e+00 6.746856638867487987e+00
5.296567193249809291e-01 4.370138700323166620e-03 2.533620384374179579e+00 6.623140056870747472e+00
6.501290040945211235e-01 1.765908411319604848e-04 2.541330443006426965e+00 7.828664703923815971e+00
4.974992206794890959e-01 3.317115244113791328e-02 3.119330063630620042e+00 1.866956440382478277e+01
6.730716283258268984e-01 2.339579782017250573e-02 2.987527997942200919e+00 9.901024095035705130e+00
3.728916530968297138e+01 5.342781355817038946e-01 2.070675417062190604e+00 1.968402755989018260e+01
7.856632340348506105e-01 3.052331594519668446e-03 2.632034431420857690e+00 7.716897287660352767e+00
1.807549289653149482e-01 2.595252155981085662e-02 3.102205801045450961e+00 1.382635807972647157e+01
7.884451840584846272e-01 1.357125893664956314e-03 2.670586253172109181e+00 7.312074306871072515e+00
7.491934002373105139e-01 1.589005369455073757e-02 2.763894352775976060e+00 8.161464072561102512e+00
7.496640497823738869e-01 1.525597971151476662e-02 2.804827828726572214e+00 7.010924534252357176e+00
4.656246571433987924e+01 7.352654313824555921e-01 2.044388355000438917e+00 1.977855807894423990e+01
3.826970419572964244e-02 2.015474733762467538e-02 2.961140125736011264e+00 1.259190558139906813e+01
7.317513022340151885e-01 4.221709978919890166e-04 2.757842188066944367e+00 6.550892042228992906e+00
6.087976448625515014e-01 2.489578629087168052e-02 3.115571930245031318e+00 1.090091840224275543e+01
6.007125069354413149e-01 2.075494118866977669e-02 2.724979422348262847e+00 9.046049731288867690e+00
6.921681729531513616e-01 1.848763289738400775e-02 2.873287130832451020e+00 8.009279009157607376e+00
6.630345400110031484e-01 2.554652199465946502e-02 3.035915561429072262e+00 1.191356408376475429e+01
5.732915162519429231e+00 3.489566937304581541e-03 2.488836492578635706e+00 6.523052079403919734e+00
4.632757071691515072e-01 1.672674513206172733e-02 2.644731036265690172e+00 7.620627618626621747e+00
7.911103253824760539e-01 5.125741073335337433e-03 2.589597493438401621e+00 7.126679508615603176e+00
6.721078222129335256e-01 2.636029153075566608e-02 3.108305783225105756e+00 1.132710420533051732e+01
7.391482030728973029e-01 8.041552574206081326e-04 2.527868885440879509e+00 5.851815858297977790e+00
5.873683505627844137e-02 2.172724390628309049e-02 2.961702187762243810e+00 1.502509265960614471e+01
1.182793637276649129e-01 1.712586954827871946e-02 2.779386368092328752e+00 9.051724050768513052e+00
7.600824478640212378e-01 1.716337456941527048e-02 2.763348573178632250e+00 9.288433841836903682e+00
5.613491735467748267e-01 2.993987359379924121e-02 3.181228777379094375e+00 1.423801399019068370e+01
4.994039286080340090e-01 2.173399399015808753e-02 2.874134927611921242e+00 9.775248448967367665e+00
7.175901506342680092e-01 1.630782431161616891e-02 2.834898782989437649e+00 7.271631418019432580e+00
4.657863489470178697e-01 3.074928572595585219e-02 3.033241601402667520e+00 1.897520372280491330e+01
8.381148468255189554e-01 8.560242447381810442e-04 2.635358037041313661e+00 7.649238290587351052e+00
6.032734645971507548e-02 1.718140438086110389e-02 2.843418790525169548e+00 8.669996117830885751e+00
9.728174451858796479e-01 8.867697291936603486e-04 2.632076673813896761e+00 7.192021771643434036e+00
4.338063288382346672e-01 2.630117591440485000e-02 2.967110515678961669e+00 1.137926076942303766e+01
7.627670228116325557e-01 1.490611968996726974e-02 2.603848923147804584e+00 9.261821563272512492e+00
6.295900343676466004e-01 3.113906762975810275e-02 3.093130364942838995e+00 1.633981046887008759e+01
6.101206866021822162e-01 2.388305809529195703e-02 2.984242933008949716e+00 8.894969421621558681e+00
3.821529271404291439e-01 2.193567259245493214e-02 2.816163112320357875e+00 9.805776749193043429e+00
6.476710975012686111e-01 3.175485047462350136e-02 3.094112867081559415e+00 1.994723084679267089e+01
6.090825365301693051e-01 3.117019006749029153e-02 3.170635642935003329e+00 1.667166502170696418e+01
6.383830577549587382e-01 3.216496884560811342e-02 3.313455847252888553e+00 1.742615181673291147e+01
3.112820326630638679e-02 1.298682616079278353e-02 2.729912148925644821e+00 6.806089465935863281e+00
7.001485622038424728e-01 1.284257327859441612e-02 2.644981784519567114e+00 8.096233306309173372e+00
6.692895000642787862e-01 2.343551832052236453e-02 2.999046140794402682e+00 9.589556136661975927e+00
8.041920626457295995e+00 6.215997158709871129e-02 2.215707254496384504e+00 1.201603231037129049e+01
6.480047229258254493e-01 2.506530624113575967e-02 2.927885074473771887e+00 1.194746196240140357e+01
7.916553862624433613e-01 1.429299239811258936e-03 2.668932456155842736e+00 7.337545657625818230e+00
7.567685057082397249e-01 1.524956000466385839e-02 2.765017715541543630e+00 7.181142664622870875e+00
5.274910726458650889e-02 1.588152496654515744e-02 2.802017883476902504e+00 8.627531419731981899e+00
8.850375047156316954e-01 1.325266495156252012e-04 2.566848073602876923e+00 6.263880443886351124e+00
4.133422881433808094e+00 7.635703894184625194e-04 2.452077573629626972e+00 8.432443049003055080e+00
6.503670731231823154e-01 3.180927495468783422e-02 3.172644201962784738e+00 1.637201286093052843e+01
3.498579689943624516e+01 5.216441195969873101e-02 2.550108159250566775e+00 6.350656824175461956e+00
7.027437424701055146e-01 6.259604979144363021e-03 2.571309226339571818e+00 7.585891703778976591e+00
7.262639272262852996e-01 1.104725367376410347e-02 2.727776745098638322e+00 6.682188440283431063e+00
7.790107060150734952e-01 6.030796299097357718e-03 2.534169942051100577e+00 7.092970847339918450e+00
6.282730620197396476e-01 2.064455858067654193e-02 2.804767104649145804e+00 1.056661796679672527e+01
7.220361818755844929e-01 1.429164025609398238e-02 2.654360795741702361e+00 8.093659702412931978e+00
6.728037300325369063e-01 2.868775762278552924e-02 3.125631190067997167e+00 1.468827073276887951e+01
6.408222168979101907e-01 2.921892400435488132e-02 3.044728649905425577e+00 1.473725203618401913e+01
6.220260418808472025e-01 2.944711930189942636e-02 3.051323883567037321e+00 1.930422490196160368e+01
6.486631465195386026e-01 2.151234869046219494e-02 2.948437114496422762e+00 9.601494333565595340e+00
6.914568312209000700e-01 1.653026511131470630e-02 2.921760095053850925e+00 7.645282414530052861e+00
6.185125887859898031e-01 3.448515121294040697e-02 3.361936243983467243e+00 1.978903843755705694e+01
8.456614220499322765e-02 1.570400812145251318e-02 2.689121274583545329e+00 9.473476369564698629e+00
8.018595605856631003e-01 1.619479984392905789e-02 2.802183341734532540e+00 7.998099835457894713e+00
7.039999650598758318e-01 2.642271804610160472e-04 2.496030081683224822e+00 7.983909056106420543e+00
3.655642598506594204e-02 1.892185743254478844e-02 2.760068120154389959e+00 1.328411451205077043e+01
5.690348357275584051e-02 1.448178328631571053e-02 2.682723618407588440e+00 7.014576870711532131e+00
6.161791159644484095e-01 3.158869215098810551e-02 3.068506587642644945e+00 1.726868835160583160e+01
7.662150079298942762e-01 1.422006693840786873e-02 2.806658384723236921e+00 7.177609416146804477e+00
1.261562369593601518e-01 2.180711286360753620e-02 2.860576475197066593e+00 1.300743695353451379e+01
7.107171028042774674e-01 2.190002520666194108e-02 2.982995651046255414e+00 9.966583312329181155e+00
4.367858366629252115e-02 2.405307118587415166e-02 3.005456093332425915e+00 1.625606468818375205e+01
7.294672570797177125e-01 1.573676239887308176e-02 2.754347498426133356e+00 6.984874812803605337e+00
5.164286168791912823e-01 3.137492055766075844e-02 3.078730144794104895e+00 1.666877792530714686e+01
5.843243692349076035e-01 3.301758135058088209e-04 2.544068237158286117e+00 7.753216557273109544e+00
3.209121309269633016e-02 1.936575160580258220e-02 2.827236947404146328e+00 1.122934527615348266e+01
6.103567554595976663e-01 1.892072189412078928e-02 2.729197974818332373e+00 8.849618279349749983e+00
7.981861974693962303e-01 1.327041695790627876e-02 2.737510935713373339e+00 8.549365164547459983e+00
4.902351686521200791e-01 2.545508243890131500e-02 2.949429431937130808e+00 1.226913281710803894e+01
5.658406703785208158e-01 1.287463737206791898e-03 2.548640537642525850e+00 6.552264886943755862e+00
3.533147753967262605e-02 1.635151651373123460e-02 2.777044602325989153e+00 1.006081125670577592e+01
6.883737914780647671e-01 3.039706072473192730e-02 3.068740481237195894e+00 1.698578279046197537e+01
5.845019337732715314e-01 2.597962494941244427e-02 3.120088486804672545e+00 9.683944722150474860e+00
6.148494801500333784e-01 2.979693314712208996e-02 3.200030780742296521e+00 1.346604866159190195e+01
1.029897986148745337e-01 1.859366129366862852e-02 2.638625709108930018e+00 1.026796787545911371e+01
7.598405699322124951e-01 4.479867872431968364e-04 2.590633796817396028e+00 6.991175669921512181e+00
5.762435317396504830e-01 2.159910389487217780e-02 2.874636509823435215e+00 1.099781010688341354e+01
6.228836201248210136e-01 1.926144375246691479e-02 2.939927831918553114e+00 8.975855148814799733e+00
2.455240768068159551e-01 2.137391093187639493e-02 2.748294223488747079e+00 1.165915979068758723e+01
6.287996275421948722e-01 2.798719600924735873e-02 3.170847114153569013e+00 1.185985102348255893e+01
5.835530560172352832e-01 3.225333304225101033e-02 3.274771220575796615e+00 1.552444686875412749e+01
8.386596218127019275e-01 2.933648341897781317e-04 2.580719478382512477e+00 7.445171324424399550e+00
7.411496189328729833e-02 2.262224186678661597e-02 2.810555303886437706e+00 1.487099909061473291e+01
6.558728561311527594e-01 2.315035702688047689e-02 2.984700929565937688e+00 1.015131092127378665e+01
3.410213343111900741e+01 3.837986652447319402e-01 2.337510246070080733e+00 1.138949484499276998e+01
6.630293027817232288e-01 1.952203085585183656e-02 2.875107125465392599e+00 8.797400206997446404e+00
5.932852155708330244e-01 2.047319805875753851e-02 2.804141878284149847e+00 8.647554922797798582e+00
6.823744105816875738e-01 2.325347722011015389e-02 2.980383424411657600e+00 1.191758778391526263e+01
4.939198262160709452e-01 2.413768083129253644e-02 2.818504107238258172e+00 1.129680700019987682e+01
5.377638258285451833e+00 8.683239419034833456e-03 2.447140605435420113e+00 7.028949959554393168e+00
6.659809448997940251e+00 4.027280081787516786e-02 2.310987625708180726e+00 1.067716424230058081e+01
3.940646794545497045e-01 2.542620032617856976e-03 2.510793117723087331e+00 6.988566714747675768e+00
7.808201088638087040e-01 1.107465342718892860e-02 2.690487182629377916e+00 7.663284919488966729e+00
6.326122317907445503e-01 3.124643899598717953e-02 3.250528526049855316e+00 1.538431091866033285e+01
6.562661041632691372e-01 3.458021990569996179e-02 3.257380765157061209e+00 1.909767995941257723e+01
7.204998801088561278e-01 1.193590952293751249e-02 2.701963615771338922e+00 7.336350933542906461e+00
6.405963362853619447e-01 2.738979082801638182e-02 2.962483280242103056e+00 1.452408828697287646e+01
5.013179454124180312e-01 2.263584971977663368e-02 2.945430872600525607e+00 1.036104127352215976e+01
3.209121309269633016e-02 1.936575160580258220e-02 2.827236947404146328e+00 1.122934527615348266e+01
5.037293004511860239e-01 3.152022754247803260e-02 2.991971634556537474e+00 1.943022861618074515e+01
3.631005140884582122e-02 2.104665264490762980e-02 2.831109285137801912e+00 1.734929994086499505e+01
4.484478792287113769e-01 2.941255998357460155e-02 3.098623078126133912e+00 1.343741224427983916e+01
6.742261224164035616e-01 2.120924678661453150e-02 3.008274662037847769e+00 8.573383596980086452e+00
1.457553405564054927e+01 2.042307928727614408e-01 2.015871981713852179e+00 1.935177805515080607e+01
5.307332586039561306e+01 6.359658400497635311e-01 2.201965710637113105e+00 1.492456236291237381e+01
7.876255060144756737e-01 1.194173138986743318e-03 2.647893235707159398e+00 7.609328262972671730e+00
6.908164515129655570e-01 1.948657908458829857e-02 2.809856892405440121e+00 9.106199972057291703e+00
5.399235860555045896e+00 1.733043922434261697e-02 2.451068040218281840e+00 7.217323704120695460e+00
6.280714924628213458e-01 2.622365686860460635e-02 2.950935509852420591e+00 1.566884237902723598e+01
7.187821066809805259e-01 2.333197852204313069e-02 3.002427972828791702e+00 1.120982590722559280e+01
6.915511379505682399e+00 6.225218661039302881e-02 2.147163127787288683e+00 1.249949883324486599e+01
5.887184261566245080e-01 3.183636333270067204e-02 3.116743678214005886e+00 1.792719351301987629e+01
8.240143788904388256e-01 1.039413537728219039e-02 2.741657550008678612e+00 7.723492204729174304e+00
6.609609151931517879e+00 6.913220713900979433e-03 2.402472639906792828e+00 6.855804846497379756e+00
6.014152487594108809e-01 2.437926516803472915e-02 2.972888706265647496e+00 1.072278873466233762e+01
5.910078854293790984e-01 3.142361382317754304e-02 3.087919514411536781e+00 1.717565158983177653e+01
6.656532359515396902e-01 1.738065975956933421e-02 2.887743839864066242e+00 8.650391671947657457e+00
7.951768240581866820e-01 1.365492947895923827e-02 2.732069769650876001e+00 7.721054047596443759e+00
6.589738847512629505e-01 1.074212777925210444e-02 2.715297119421834271e+00 5.813903082950894863e+00
8.897512324290689500e-01 5.050457975684692277e-03 2.665371084032325033e+00 7.297456049430797620e+00
6.651689864382149819e-01 2.785007387418625066e-02 3.090444951267859341e+00 1.379916293913597514e+01
7.505522307591482312e-01 1.618631469697423553e-02 2.816268313221619302e+00 8.158339809679745258e+00
6.006999694645070997e-02 1.562408853171107399e-02 2.686319100625244705e+00 9.580501112684007836e+00
6.249552425871186534e-01 2.912534642773262697e-02 3.199737982268019643e+00 1.363148668948606890e+01
6.177951514055926019e-01 1.215225952322958845e-02 2.733933099447170889e+00 6.896825818492683169e+00
6.409999126694934102e-01 2.057526897010681158e-02 2.866018713276666574e+00 8.459850510304413262e+00
5.400141580868812047e-02 2.653566691801458044e-02 3.069195100412165367e+00 1.936089945755302466e+01
6.407587585444061151e-01 2.825986291232615577e-02 3.120784135715183982e+00 1.340400646886977043e+01
6.147555384321274907e-01 2.848848939075245695e-02 3.059159646616285144e+00 1.380745208017847503e+01
5.075308332392567540e-02 1.690199302924864228e-02 2.839107826817405034e+00 9.369526224847213314e+00
4.605657415783516173e-01 2.459613457032771774e-02 2.948041886037425563e+00 1.162883824930007748e+01
5.495250208620092169e-02 2.555280103010599060e-02 3.041076537638657484e+00 1.768011103160563735e+01
6.449576518097269728e-01 2.287329303983782688e-02 2.991656966183617428e+00 9.250322453574362669e+00
4.354886888178294946e+00 5.537287274742183109e-03 2.375557425448189708e+00 8.559883757269354021e+00
7.628021851478620219e-01 3.608879065057225941e-04 2.679399874131742632e+00 6.166210866461513618e+00
4.308310554562332584e+00 1.868947178816345988e-03 2.422523796271628616e+00 9.610941036791102121e+00
7.385648752941746942e-01 7.066310049412064843e-03 2.666663448762356836e+00 7.954317437563212856e+00
9.575264702542003736e-02 2.477748051812879437e-02 2.950783875301538739e+00 1.359098320872407406e+01
7.088617989741906600e-01 2.128799388195101727e-02 2.990250945592932919e+00 9.834547857078426603e+00
6.930046857199168020e-01 2.379977438841803655e-02 2.859154594600492594e+00 1.077289413570298926e+01
3.663929736383875202e-02 1.449949364542479219e-02 2.678685307301002627e+00 7.577120584562743844e+00
6.559848882677778992e-01 1.244602241395146311e-04 2.732066288785512498e+00 6.000762224829454539e+00
3.436781455549366843e-02 5.987679656384876231e-04 2.523392650000545245e+00 6.934168380521350983e+00
8.768299499111512629e-01 6.749225142099714997e-03 2.633014889108291179e+00 8.036586617749966521e+00
7.598405699322124951e-01 4.479867872431968364e-04 2.590633796817396028e+00 6.991175669921512181e+00
6.581199830101833737e-01 2.108095817707108036e-02 2.737936524799184923e+00 1.109181599437241950e+01
6.222787323645072588e-01 2.600890336577247122e-02 2.942032787882690847e+00 1.394940592897219389e+01
6.547233031120109903e-01 2.288317649944551085e-02 3.012510958818483964e+00 1.145276164936915997e+01
7.029046508604702703e-01 2.114466549483218563e-02 2.862411917066522093e+00 1.081545610431129667e+01
6.710462515207141765e-01 2.389264066962446323e-02 3.039404589902016784e+00 1.101517846105553211e+01
6.004325340782513676e-01 2.671788507229332782e-02 3.115382688670421008e+00 1.265699697537021962e+01
5.951598367295369840e-01 3.154338659653123378e-02 3.171294289656234611e+00 1.726790070820997158e+01
6.400944109529295156e-01 2.736382104738261170e-02 3.083270923970633071e+00 1.323217457972302391e+01
6.118695346672818891e-01 2.953740673914875825e-02 2.918683852359644781e+00 1.785861825736797570e+01
5.206592695670569926e-01 2.310256324448560494e-02 2.979872630551879897e+00 8.897467859481551500e+00
5.391919673051575046e-01 5.131986977488275491e-04 2.632718753600201467e+00 5.704825362259793309e+00
5.925769733710842813e-01 3.213475202957039728e-02 3.159496459593893469e+00 1.628002420533674055e+01
6.100179780171866017e-01 3.021629943728364187e-02 3.265121375215881638e+00 1.284817888783983975e+01
6.944334100959160816e-01 1.857402371478599629e-02 2.881869053381445056e+00 7.971793112179490493e+00
5.780840524462978192e-02 2.089621788668847777e-02 2.858686035107113721e+00 1.334300464996348268e+01
7.482223884726220131e-01 1.073484205947843224e-02 2.710655997267057415e+00 6.331423239125904878e+00
1.889912239752095657e-01 2.695451750834220242e-02 3.020736294087676299e+00 1.713186203686893094e+01
5.879545079575607680e-01 3.399272172713762447e-02 3.287881394782356637e+00 1.690323460996517468e+01
1.767340025019790706e-01 2.725140596015747374e-02 2.906391526497579925e+00 1.914257153203762485e+01
4.332312430265045577e+01 6.624721836598139735e-01 2.145732473011877861e+00 1.882224615090640185e+01
7.685362348942832433e-01 8.387362374159807940e-03 2.713880424503257505e+00 6.683601079566635406e+00
6.588947562875298314e-02 2.239829178003167887e-02 2.958678919560516096e+00 1.575682081742557550e+01
5.453012326518885011e+00 1.225752013422991976e-02 2.427368308304486799e+00 8.051719714018824803e+00
1.117172085401244574e-01 1.861633072025549451e-02 2.870559153588386536e+00 9.724660100313439415e+00
7.726268125837917333e-01 1.670711423958026048e-02 2.806908202756316140e+00 8.459163897766785567e+00
7.566132510904408637e-01 1.287731563631754755e-02 2.720238832615303970e+00 7.404436873392651997e+00
6.014152487594108809e-01 2.437926516803472915e-02 2.972888706265647496e+00 1.072278873466233762e+01
7.451363355551290368e-01 2.054762918763402765e-02 2.839579299526917566e+00 1.065598467517194159e+01
5.697260631576531154e+01 8.463061569580517807e-01 2.116144118376723338e+00 1.814144948139768942e+01
5.526635615796450018e+00 8.637313453364038563e-04 2.478280421557762736e+00 7.658165039298618026e+00
6.787884362978620523e+00 4.760957908545714740e-02 2.334084902313366960e+00 9.521711181423896164e+00
5.037078214134412812e-01 3.019992922846096925e-02 3.142200325750982071e+00 1.668991899438380244e+01
6.559015417198126308e-01 1.875969413541575884e-02 2.830698979593762488e+00 8.066865682311036068e+00
6.013691918591803631e-01 1.820326994885804531e-02 2.806334363960718115e+00 8.010060042939498359e+00
7.603013323305471971e-01 1.127280858616269915e-03 2.621841611341353850e+00 7.634539455404443231e+00
8.025968461191010928e-01 3.066809641826114484e-04 2.604001074067816113e+00 7.363796954224345548e+00
7.569625749539817816e-01 3.643620460680913097e-04 2.700635537876238779e+00 6.128016081165785778e+00
5.861511315554401857e-01 3.172498749252703615e-02 3.291191701909426559e+00 1.499623628787296781e+01
7.110835301258543462e-01 2.156375706224754329e-02 2.911386631651067702e+00 1.077028202912650201e+01
5.600856104354647036e-02 2.203314524022660301e-02 2.957856881599339793e+00 1.396286829496713899e+01
6.853663570525341253e-01 2.023182590639866288e-02 2.922897038079509180e+00 9.166611090426821207e+00
7.536855329684037930e-01 1.031233260602414797e-02 2.712159044350477721e+00 7.372528197789794291e+00
5.453236980386362731e+00 7.772181600292108958e-03 2.421981650665444352e+00 7.203765550158148123e+00
5.109134591395826375e-01 3.088528700414090722e-02 3.198322786180319621e+00 1.462226886581721175e+01
8.613739525400380959e-02 2.113464373237119304e-02 2.961587376574391861e+00 1.289202172083956555e+01
6.625697700752958275e-01 3.165377695190449425e-02 3.217460507999197361e+00 1.792457002981330660e+01
7.322739902970146764e-01 2.066087588778178774e-02 2.799654780029395162e+00 9.988361514255540641e+00
6.569336888872239211e-01 5.027466058573377018e-04 2.596502254425773870e+00 7.062927497507257790e+00
5.942433136006562977e-01 2.695465436448701152e-02 3.075321847588335267e+00 1.255808323450090214e+01
6.268874055968547410e-01 2.444071044821632260e-02 3.045946125614841016e+00 1.134323823327001612e+01
4.170588203906166136e+00 1.873802577539668973e-02 2.381831564022117931e+00 8.323226061006014476e+00
6.603413061815757601e+01 8.906109826899936133e-01 2.015676214271207023e+00 1.735288018866927473e+01
7.185089631066597926e-01 1.768720027283534127e-02 2.774625606180750381e+00 8.590970828568030626e+00
3.943735492707450274e-01 1.406650247213180440e-03 2.599556592384419940e+00 7.275139350333733823e+00
6.838226246081821058e-01 2.185605874082619318e-02 2.981933546759220732e+00 8.988383359789647642e+00
7.435689483100880182e-01 1.933326338243857370e-02 2.862336988380742131e+00 9.513762070560991546e+00
1.315153198841854665e-01 2.328584477258145019e-02 2.912576635366760591e+00 1.220717186647476105e+01
6.830645917312955229e-01 1.926447891532886633e-02 2.783391301151565855e+00 9.433410491681767596e+00
6.608007250989943460e-01 3.206654252791976689e-02 3.129880585144547034e+00 1.609787742554254919e+01
6.301336106624761957e-01 3.166180788453198947e-02 3.170792617447726780e+00 1.710153435668175348e+01
8.200309444660751623e-01 7.667236084969803779e-03 2.583482877188492566e+00 8.203291834918720937e+00
2.954502403888028894e+01 4.422448650675659398e-01 2.151800929793149741e+00 1.684596755846781235e+01
7.459365038197359743e-01 1.922689409535879856e-02 2.859849027699961965e+00 9.292836351431986941e+00
5.811703486593773338e-01 1.838663364530886135e-02 2.871871973721861870e+00 7.567994119596098024e+00
9.152698489684608918e-02 2.684711600084157407e-02 3.057092825503060940e+00 1.717647268206681588e+01
3.454313643969375569e-02 1.537892096280357376e-02 2.657756588317282009e+00 1.024676746855642406e+01
8.399306928372701764e-01 9.605004086340531181e-04 2.622948960903525695e+00 7.594590803229202436e+00
6.355161549774264174e-01 1.175477141334634393e-03 2.459946755317986788e+00 7.012749612990463177e+00
4.445364060087577118e-01 3.138670957646882975e-02 3.029275403159713331e+00 1.947245182304670053e+01
6.961840757369995858e-01 2.091510741808049259e-02 2.885645440907667947e+00 8.822893385278034017e+00
6.680490086005390626e-01 1.788524417204541764e-02 2.794384614898788755e+00 9.238807467423058029e+00
6.038759957219527186e-01 2.183182310665962925e-02 2.825339191767679559e+00 1.102258196765435372e+01
5.336813825460912097e-01 2.079830552618665979e-02 2.904812883900913079e+00 7.779676103602138681e+00
9.119668662579940577e-01 6.752199249308039018e-03 2.674905901452140355e+00 6.293638013131375608e+00
9.621049616463727139e-01 1.034060960436352901e-03 2.656373886925211369e+00 6.640174385367256349e+00
3.281744769603757717e-01 2.666085526595074473e-02 3.010308217340932124e+00 1.575537611243029623e+01
8.179122366933315735e-01 5.876068965205780668e-03 2.698347144934021280e+00 5.985800885061586030e+00
1.077047437836116472e+01 1.053361350827770881e-01 2.275179023221161501e+00 1.159037625745963673e+01
5.197790151969416961e-01 1.368874818564224868e-02 2.639365517723510912e+00 8.279918194977195611e+00
6.012485831152293292e-01 2.038439318816891166e-02 2.856639681248800855e+00 8.407532228948197073e+00
6.806922355434021910e-01 1.416200362417080645e-02 2.714337658942953091e+00 6.783297151866920949e+00
6.315313617800044632e-01 2.846823423849587781e-02 3.098297928919103050e+00 1.359473054351546395e+01
6.318531411518629737e-01 3.409690257629943017e-02 3.295099471051622153e+00 1.893235220305222199e+01
7.117276185245514919e-02 2.105534056101921250e-02 2.955729182353191931e+00 1.041788825208730351e+01
7.171634537470101822e-01 2.218976056300360489e-02 2.893260499589761281e+00 9.908654688803583355e+00
7.741269919041616099e+00 6.740137068644344587e-02 2.226634666643980243e+00 9.479622769726134379e+00
7.967322062132038418e-01 1.410826488028960220e-02 2.655926398869274507e+00 8.870907413633769778e+00
7.198422734397231793e+00 2.642640803588881121e-03 2.420294388105882710e+00 8.598470646465091960e+00
4.211115345071531380e+01 5.471776317148343560e-01 2.059762397101662312e+00 1.430668840014243237e+01
7.182766232369601767e-01 1.795371929254957130e-02 2.868692826291265874e+00 8.422165651501902772e+00
6.513976455517049846e-01 1.826311921025656343e-02 2.843565521512153804e+00 9.097987673962954602e+00
6.888470703697133768e-01 2.449691309964874275e-02 3.086110720319171108e+00 1.067988554117572519e+01
1.330530992437765347e-01 1.925705180560721014e-02 2.814748719519323927e+00 1.084587122258409764e+01
4.525081939551007792e+00 1.427384333554281882e-02 2.435297655430883168e+00 8.724921844706340579e+00
7.429253588961796106e-01 2.571735625994966924e-04 2.590089956304769458e+00 7.381047001683180397e+00
8.429050966777255072e-01 3.988223048420964228e-03 2.687708783909484644e+00 7.090443724569601258e+00
6.749674564147487565e+00 2.863786060518007381e-02 2.476349676500193553e+00 7.104795236362956956e+00
7.333765834625720625e-01 1.739359129140908775e-02 2.806574310957858032e+00 8.668162002650998232e+00
5.559276278819962336e+00 2.442858023955849639e-02 2.580470605634410219e+00 7.141351174612817765e+00
5.885805916255100190e-01 3.056911752045986946e-02 3.158458783889352084e+00 1.425558324378469877e+01
1.515408627904803740e-01 1.599954238500868667e-02 2.645018227105064845e+00 9.840183459879986216e+00
4.974495117261348298e+00 2.168532139505958359e-03 2.431458867427109816e+00 8.622276136530087953e+00
6.995353053150448197e-01 1.501439180883210218e-02 2.844811130393112286e+00 7.681303598737894589e+00
5.986238644701406209e+00 2.183550888435138032e-02 2.356285227636623958e+00 8.409016746478151560e+00
6.917151220526663868e-01 2.034559025031506998e-04 2.556941817100155667e+00 7.625843820593217970e+00
7.719299286289820206e-01 1.278070565188877891e-02 2.755488082712842512e+00 6.807309178013143836e+00
8.129013765451744700e-01 5.558424939005179345e-03 2.613690437183885162e+00 7.527402149522349539e+00
7.014583913560549222e-01 2.011665656714209729e-02 3.053286996295583755e+00 7.419049344202086615e+00
7.136560165279782764e-01 1.955627495997312032e-02 2.833636568240496700e+00 8.024584222332787675e+00
3.994528804570324776e-01 2.454641090788605221e-02 2.939562602919459700e+00 1.248914475495590892e+01
3.174890632554857456e-02 2.580342882188843556e-02 3.162881202010609183e+00 1.846622298852011568e+01
5.963048448179510963e-01 3.126874940195382285e-02 3.167269545838352407e+00 1.608649479988973496e+01
7.942644024457242047e+00 5.917096045197633297e-02 2.391196129994537234e+00 1.077110174502790407e+01
2.428496328802655646e-01 2.040866482871590490e-02 2.718376292416500029e+00 1.140727486621653419e+01
6.782281078581119393e-01 2.189523757468092233e-02 2.994268173756731155e+00 9.491462757509363968e+00
6.695172625134195865e-01 2.177726569884525301e-02 3.072411347377708157e+00 8.109230476000099941e+00
7.634826791381401634e-01 1.719429931213902960e-02 2.822214170412141510e+00 7.741907218482960928e+00
5.569275860171757131e+00 6.383994102624071607e-04 2.503726671315328112e+00 6.956543620859163113e+00
7.348609114897516337e-01 1.537223681762676204e-04 2.698608608472300219e+00 6.773937842923532848e+00
6.970063759834085326e-01 2.862273684434252924e-02 3.070201216670235489e+00 1.385202689961735523e+01
8.150750787608552761e-01 2.494235962296959593e-03 2.589900411337709318e+00 8.858882162121647141e+00
4.059832673504594480e-02 1.537824617743528514e-02 2.671803494506050036e+00 8.436340802195173794e+00
5.897843091477766864e-01 1.929869472635864155e-02 2.535640444393655102e+00 9.824297464715959549e+00
5.287278282889258385e-01 2.594247090977390424e-02 3.027221148753104440e+00 1.189271012236736880e+01
5.301919701962206410e+00 1.200841300656627000e-03 2.420854696948197660e+00 7.023109379125796359e+00
7.301886492246464355e-01 1.526381398582054780e-02 2.789253965801051116e+00 7.690605234295509796e+00
6.860406878109283069e-01 1.900688004774507903e-02 2.896912533405079593e+00 8.174005087644708567e+00
7.349611772707101975e-01 1.782188129967381129e-02 2.787885098877650680e+00 9.352439410414509879e+00
6.399636722637073172e-01 3.162140514775898387e-02 3.289736757510811849e+00 1.502000359508924454e+01
6.262095866448326165e-01 3.141233750564426108e-02 3.272593279451117443e+00 1.601025009569670488e+01
7.534947064454211585e-01 1.653626795276188707e-02 2.580281657469989387e+00 9.644032794919745299e+00
7.763520782809606446e-01 5.338609337300565319e-04 2.664439563914152487e+00 6.845081121435297788e+00
7.467963763891691542e+01 5.842988794355452598e-01 2.378254819795569297e+00 7.911569459733266640e+00
6.150663518297316834e-01 2.877430194137688829e-02 3.125612705775229205e+00 1.413917972408339097e+01
5.723765616789990851e-01 2.744616145061444870e-02 2.911832272836591073e+00 1.540361449912008851e+01
7.553665365311584834e-01 1.889022026622494063e-02 2.947381499825126649e+00 8.282446053858880219e+00
6.183562447412362939e-01 2.532616954160393785e-02 2.968686382437326188e+00 1.131377651437804133e+01
1.464971254485205598e-01 1.731954252474049785e-02 2.744165217313963012e+00 9.220523322276639178e+00
6.635879832878278650e-01 2.188744290077648466e-02 3.008940915245509551e+00 9.139175076505431150e+00
5.920842597528360729e-01 1.849780715118778257e-02 2.806434632317998279e+00 8.243638782349274052e+00
7.435689483100880182e-01 1.933326338243857370e-02 2.862336988380742131e+00 9.513762070560991546e+00
7.286775635605283741e-01 1.839638887325499572e-02 2.744731518124630121e+00 9.274464034558253189e+00
7.298368108491979367e-01 1.238555398864536056e-02 2.650334434352013879e+00 7.944218696401421198e+00
7.014313784011104724e-01 8.523725234623456305e-04 2.581552926326425190e+00 7.274016609606717587e+00
7.052216437582687902e-01 1.365241876233333485e-02 2.672884791686630734e+00 7.536702152881669114e+00
8.149909467665389373e-01 5.419998480390751140e-03 2.596397914493103976e+00 7.069333125569922771e+00
6.826576481109957184e-01 1.668416680644997652e-02 2.759394195897388435e+00 7.705215028168537650e+00
7.282405440551622533e-01 2.027421575222369474e-02 2.927366321166000596e+00 8.581303748550354271e+00
5.773828790177707448e-01 2.239214007328946612e-02 2.819546851287960454e+00 1.015966479370590925e+01
7.188576278846089407e-01 1.277075443522601543e-02 2.729086121790841979e+00 6.960861747181660064e+00
6.843228978427144948e-01 2.659368189814364028e-02 3.044924605673128504e+00 1.290886133604596431e+01
5.399803186710947500e-01 3.384457891426440740e-02 3.257088240441423643e+00 1.817562513473241737e+01
3.043002900868326671e-02 1.526598583978361345e-02 2.644179785190152288e+00 9.187590574415777311e+00
7.779906162668294156e-01 2.777045870820042499e-04 2.644727462572053156e+00 7.070644889870639105e+00
5.942980902202381621e-01 3.023212898209361177e-02 3.081287230588270809e+00 1.519434267225104485e+01
5.540225683830019010e-01 3.154295069853591676e-02 3.089898240952084763e+00 1.942341431064580703e+01
7.305469227516819819e-01 1.651796852666717608e-02 2.757741928582197133e+00 8.186798068632784364e+00
5.592569001200026868e+00 3.398427829101650921e-03 2.396779576092483488e+00 8.067235730450271092e+00
6.384160761588967281e-01 3.077192660579141509e-02 3.203478854931389730e+00 1.564464669624817716e+01
7.569690714488243044e-01 3.345889625298235069e-04 2.616456937245899006e+00 6.876536628197019496e+00
7.175786738541549692e-01 2.063967636762525579e-02 2.887476480011881730e+00 8.752664837276665111e+00
7.739479996222006219e-01 1.353984004713341179e-03 2.702778957832816076e+00 7.649203825454813810e+00
3.523711538021892409e+01 4.304981589445420753e-01 2.296685349747505711e+00 1.225075381527847718e+01
4.725130357679184767e-01 2.508398449323584120e-02 2.990314470518822709e+00 1.214708716052856197e+01
5.399803186710947500e-01 3.384457891426440740e-02 3.257088240441423643e+00 1.817562513473241737e+01
2.080782739115326407e+01 2.758992476118788950e-01 2.189586595566027860e+00 1.591484632913430985e+01
7.265651585184956796e-01 1.495521846936320037e-02 2.843033069439237615e+00 7.413343101401369317e+00
7.122244915663067388e-01 1.835337410165352803e-02 2.879399897142792319e+00 7.623669759735584250e+00
4.548035972928560211e-01 2.909455476793021411e-02 2.953141177420612884e+00 1.660871823416356818e+01
6.559053436726657305e-01 1.716373231392178192e-02 2.682305477963025986e+00 9.139681462910731469e+00
6.652676139144922951e-01 1.791140147055424875e-02 2.857402561778672911e+00 7.805932577018564800e+00
5.996925152404533055e-01 2.524483022174622143e-02 3.005170454410255321e+00 1.264389984958304147e+01
6.592641153866245496e-01 3.550649285334268185e-02 3.301318311059167065e+00 1.964556249599335302e+01
7.073587722331456940e-01 2.014934282091958989e-02 2.853833189883538513e+00 9.085353828489273198e+00
6.565160521882321687e-01 1.637408215040637646e-02 2.676005991640289849e+00 8.846115416093521588e+00
4.726579157641430107e-01 2.888079765203175123e-02 3.032072527613175694e+00 1.511051921102335527e+01
7.286775635605283741e-01 1.839638887325499572e-02 2.744731518124630121e+00 9.274464034558253189e+00
4.820436844891332062e-01 3.339585515764596779e-02 3.166859205774580577e+00 1.918448783973365224e+01
6.699984345399312247e+01 4.309305641003825516e-01 2.382229915396813613e+00 8.097633561968869742e+00
5.442175316590145417e-01 3.005863005984377515e-02 3.187803223963920907e+00 1.541563577232011006e+01
7.204387734372836860e-01 1.574784618518191084e-02 2.852957941667388475e+00 7.369652940464572310e+00
6.437733453157125041e+01 8.547909424462505346e-01 2.127055712431287660e+00 1.737768611161306609e+01
4.309418526332202126e-01 2.590478913637508929e-02 2.900632344274884034e+00 1.608815883260164981e+01
6.328291773299240530e-01 2.613493785111526899e-02 3.056862921914406339e+00 1.355956306813494905e+01
5.829431809907529294e-01 3.336975563101040460e-02 3.249302353333319626e+00 1.966601285933247922e+01
6.738881965468046520e-01 1.982954618744637090e-02 2.778939251729810156e+00 1.043024922131716359e+01
6.282947796555165887e+00 4.642398118241865788e-03 2.465006465070957109e+00 6.810614800970991034e+00
6.850956317654501859e-01 2.235047889861721537e-02 2.932747810291608470e+00 1.102533169544167890e+01
6.699035894527356483e-01 1.724286602452315340e-02 2.692130681625756417e+00 8.393581485193720937e+00
1.357012845011349722e-01 2.357988754434245729e-02 2.906128049878235586e+00 1.491875283731254953e+01
7.023998203693845310e-01 1.688570552126779367e-02 2.746047405584743473e+00 8.502159531868692000e+00
1.692471128042700723e-01 1.502906523065275328e-02 2.644303549061425507e+00 7.637000112961892739e+00
7.383427129207305317e-02 2.052801878674547983e-02 2.796559656839121111e+00 1.044215291294244707e+01
6.435117834827027705e-01 1.633478743410695516e-02 2.745947288152869259e+00 1.020517113452548230e+01
6.662085168614296782e-01 2.417450682732926251e-02 2.889691816287205395e+00 1.112212713084112181e+01
2.569594450126193408e+01 3.324221738693483585e-01 2.179733010040974861e+00 1.600363034571352117e+01
6.825861957061480911e-01 1.608972584132866909e-02 2.720428253734105795e+00 8.523886509344988482e+00
4.325284217387899421e-02 2.107327855887131465e-02 2.915922421242203910e+00 1.168576613404992770e+01
6.011649800478369166e-01 1.064519251348303337e-02 2.705904667737755176e+00 7.194497188515068586e+00
8.173679833087301461e+01 9.870766490363165335e-01 2.317477507167458928e+00 1.315122958567210887e+01
3.123733235446048834e-02 2.349132645347418169e-02 3.057052986720668386e+00 1.431143338548233146e+01
4.800673931195147404e-01 1.815353664449056298e-02 2.678714098453274239e+00 9.181183527188142790e+00
8.533294022024172643e-01 8.101249839804947409e-03 2.636720962054321937e+00 7.608667606282274676e+00
7.722724251883864577e-01 1.169667706804457079e-02 2.689383830769739525e+00 7.956754760268567317e+00
6.354080721394017583e-01 3.234403419898285170e-02 3.270099542658154945e+00 1.634745714183083365e+01
6.270583962178241100e-01 2.994413289726823024e-02 3.110334201093087003e+00 1.577397577093823777e+01
7.170475264232792911e-01 1.803858452842335355e-02 2.809115198652545775e+00 8.431131725138314437e+00
2.012366336076817364e-01 3.725036055362145569e-03 2.503029092009890544e+00 6.756269350708011601e+00
6.570425967780273435e-01 1.165462708411750710e-02 2.618296853376727462e+00 7.111139846274952880e+00
6.441931665269989837e-02 1.725933649065421877e-02 2.816090163107073607e+00 9.336588260973279318e+00
8.140928649377784376e-01 1.223635620372276293e-02 2.651943421427268355e+00 8.205674657140763273e+00
6.324794545441265736e-01 3.066546984033503842e-02 3.162855439835819293e+00 1.643246720059619292e+01
6.429792764128401394e-01 1.983511432461600513e-02 2.872824662698757692e+00 7.827652584861938934e+00
6.967245722395006835e-01 1.662233720232535530e-02 2.724964739601953401e+00 8.437737971486583888e+00
6.480372708671852111e-01 1.898857096152795423e-02 2.923045307208194110e+00 9.422440274491139078e+00
7.021364976688838633e-01 1.885687307651090494e-02 2.870234884909129924e+00 7.188762059890860812e+00
5.860318102172035193e-01 1.846763082515711155e-02 2.759966718163384680e+00 9.129006205742655311e+00
2.445576470947112213e+01 3.138232149151832795e-01 2.144931526321523840e+00 1.627371320306850677e+01
6.199595009836958992e-01 2.992165906468392464e-02 3.174073517187956828e+00 1.486372041932004606e+01
6.910497911567561324e+00 1.154010582926457557e-02 2.476102720549986369e+00 7.358641522874608931e+00
7.023640583935898407e-01 1.769579284384078730e-02 2.803417926348700018e+00 9.340043406272815929e+00
7.010747211468439488e+00 4.167956715811805407e-02 2.360322382593349477e+00 9.054663900441637381e+00
5.937299486727207753e-01 3.079426228086587849e-02 3.225938118744198668e+00 1.432936893496548336e+01
5.009812388036158914e-01 3.226927096104145049e-02 3.224797135030505579e+00 1.755122655678381705e+01
7.496640497823738869e-01 1.525597971151476662e-02 2.804827828726572214e+00 7.010924534252357176e+00
7.468698738055458419e-02 1.461703732033284471e-02 2.688479380113190764e+00 8.171338129238723269e+00
4.485862528060918786e-01 2.680484702401336738e-02 2.889780477053135233e+00 1.460099020273518278e+01
4.764322320890763685e+00 4.477418846725787077e-03 2.301410280780907147e+00 8.945843365271795022e+00
2.673928217659523043e-01 6.036008171629934482e-04 2.555966576904603826e+00 5.591708761024465346e+00
6.537427746732560330e-01 2.119065005805037191e-02 2.896066326244147504e+00 8.856675073822660949e+00
9.999129140796279847e-02 2.197101412776724175e-02 2.901732917384231669e+00 1.228781718455583771e+01
6.519380899280323716e-01 2.749718071618727916e-02 3.175879346310052309e+00 1.123755134102222542e+01
7.017699759982624075e-01 1.713076246026263433e-02 2.781310490702868066e+00 8.495831606270613179e+00
5.035540858526983410e-01 2.434167830638150898e-02 2.971700432327691654e+00 1.138794864577220167e+01
6.943085140793850973e-01 2.157889841903248493e-02 2.809895259339788787e+00 1.172044736473209170e+01
6.764030769000092258e-01 2.880952890830567464e-02 3.192085668093270101e+00 1.403648325514767414e+01
8.381148468255189554e-01 8.560242447381810442e-04 2.635358037041313661e+00 7.649238290587351052e+00
7.857783686090634712e-01 1.133885077933081791e-02 2.749129901351154093e+00 7.087143635282313170e+00
6.557581858182687240e-01 1.951723911486447430e-02 2.773832078569546056e+00 1.042884192515443509e+01
7.838019013800636703e-01 1.655865060310882098e-02 2.732681003892673655e+00 8.284921673932601038e+00
6.995353053150448197e-01 1.501439180883210218e-02 2.844811130393112286e+00 7.681303598737894589e+00
3.826170797812448732e-01 2.727247398637130948e-02 2.930297610936762887e+00 1.522991277953248357e+01
7.299324110386793407e-01 2.226183794514300859e-02 2.920685131294135317e+00 1.103935949346034207e+01
7.465212855470706454e-01 4.585968668272578388e-04 2.562676030042979836e+00 7.885178261239452091e+00
6.476765043764339813e-01 2.461391677265719474e-02 2.972168566290783520e+00 1.184941328832344709e+01
5.853041624084907024e-01 1.865912090870186502e-02 2.750277109543237675e+00 8.745872684310530332e+00
6.119070736609979466e-01 3.234168207766927039e-02 3.220591508928161595e+00 1.716849210942888604e+01
6.794175013230699944e-01 2.371632653774860197e-02 2.832976367723258448e+00 1.055706739955322604e+01
5.548692363611188449e-01 2.914360766840169009e-02 3.043614353805613959e+00 1.612725862497493523e+01
5.571256890647519056e-02 2.164391350697585439e-02 2.928068339162055889e+00 1.226915153266122083e+01
6.823744105816875738e-01 2.325347722011015389e-02 2.980383424411657600e+00 1.191758778391526263e+01
5.252799838301912272e-02 1.914528880588971249e-02 2.863266540311106834e+00 1.159601819369980724e+01
6.077700278552400359e-01 2.344292810923999729e-02 2.846892613210452172e+00 1.011403264699512761e+01
6.392127414568326005e-01 2.454732439859606125e-02 2.998358846208795558e+00 1.154291961419714063e+01
6.896977532821906287e-01 1.968763754124275289e-02 2.889912950281954274e+00 8.861889677548333566e+00
6.109214514424640141e-01 3.340660157551891829e-02 3.346938436106618120e+00 1.688762635517755939e+01
7.255986218527589182e-01 7.328492494219401333e-03 2.598864052750474940e+00 8.077470823377820963e+00
6.762139309720263114e-01 2.196812660646113233e-02 2.867453318380323246e+00 9.970608305459837339e+00
3.673570652734713393e-01 2.589089654721664358e-02 2.958499874122370699e+00 1.193227778349677770e+01
7.604005788594779824e-01 1.146359842046160323e-02 2.695549347647933303e+00 6.602943727505655502e+00
6.665251359343790649e-02 2.066843971668015645e-02 2.749697270754989376e+00 1.294221915510953202e+01
7.529788417737808270e-01 2.842013814700833710e-03 2.537897623818925474e+00 7.968279217231903466e+00
6.176647202364413669e-01 2.999428519330615481e-02 3.125603185272804563e+00 1.505098448907961384e+01
8.123321695226904948e-01 7.046964574228179942e-03 2.678709325165205435e+00 7.367121881383840609e+00
6.858159642952771362e-01 2.474460783312305498e-02 2.942235944129403258e+00 1.226587500304972522e+01
5.704461416055793821e-01 2.501487572424307415e-02 2.912528085963344004e+00 1.248568021983955845e+01
7.674366357105559810e-01 1.037870350806914532e-03 2.668180319359818586e+00 7.510006005024045805e+00
7.177928259869890582e+00 1.702064352220450730e-02 2.196418550656387136e+00 9.090959611873049795e+00
7.905023500111625356e-01 1.448552224796673983e-02 2.783818329920999091e+00 8.644604727125106081e+00
6.298846714644180667e-01 2.542723620419293576e-02 3.082802833944345178e+00 1.081264180756417836e+01
6.101867904463784686e-01 2.905110142421342065e-02 3.167906680266372899e+00 1.416354082039889128e+01
6.805144300695558091e-01 2.090458950450551148e-02 2.914616297070870221e+00 1.023939991527234916e+01
6.335378123925822225e-01 2.673976381813441411e-02 2.961876086510075279e+00 1.373439279197111595e+01
6.239858254555514794e-01 3.181151157319271616e-02 3.146227689049454490e+00 1.836023405648585438e+01
7.792505438332979484e-01 1.333850326273322735e-02 2.717974838179397779e+00 7.756280606750490136e+00
6.213669708199192065e-01 2.622650791058812880e-02 2.986436237808213434e+00 1.366321140000144041e+01
6.528169250064537188e-01 2.849003607157570353e-02 3.145031858596903263e+00 1.344293557654493121e+01
6.908685438543303858e-01 1.616369796972782352e-02 2.773196857645527036e+00 7.960842735595932140e+00
6.986494602059007963e-01 1.854478202587120025e-02 2.794573172908572545e+00 7.980559293359484663e+00
7.041227125549169852e-01 1.582834233522042652e-02 2.898674234274525308e+00 7.067680896217171771e+00
6.207702857575443378e-01 3.167944970122590215e-02 3.057886001698035816e+00 1.736848295980686885e+01
6.574959206222128483e-01 2.427243506288373834e-02 3.051883621932562463e+00 1.145863275938086190e+01
1.513077062840691711e-01 1.976329342319287780e-02 2.846607799691904805e+00 7.907445055780063292e+00
7.565415632125832568e-01 5.078568697178426419e-03 2.626505785775640867e+00 6.728665852297018191e+00
7.781072953346411802e-01 9.738064911087255388e-03 2.647102134395789008e+00 6.175616082704046050e+00
5.679008303926753598e-01 2.800989238267664536e-02 3.036442557771973139e+00 1.390053601796110883e+01
6.672670543841472401e-01 2.538701434780838914e-02 3.143898808848185844e+00 9.811171387333070371e+00
1.294603309536341840e-01 2.043194825767827988e-02 2.845471163649265556e+00 1.076089724931751412e+01
8.943060091792423005e-01 1.377535820541292725e-03 2.596893357210801945e+00 8.020268850275996897e+00
8.666805217069953882e-01 6.933558192409304023e-04 2.610933242234538820e+00 7.786750595497905714e+00
3.714079811691704536e-01 3.159053154559294391e-02 3.120046194845921939e+00 1.736731319882327540e+01
5.905691424913629417e-01 3.299090789438304666e-02 3.288848915486682678e+00 1.827970850863498953e+01
8.172189885302941215e-02 1.728205693451620104e-02 2.771849355371670320e+00 8.692684912464450520e+00
6.279299086967410348e-01 1.885083255903723110e-02 2.800229500053519782e+00 8.485518725403306206e+00
3.769286300892624869e-02 2.225479470156394024e-02 2.985052635887521344e+00 1.310273277802474645e+01
7.662426868628278154e-01 1.539566239806967191e-02 2.773225259407959165e+00 6.601999837868891774e+00
6.326827668424392925e-01 2.307963079716421340e-02 3.095065910461868519e+00 8.645143121626599481e+00
1.201909177512680560e-01 2.402133832502778218e-02 2.902422852259232133e+00 1.521192204577856977e+01
3.628033414701303805e-02 2.182696435651134206e-02 2.947543526833220184e+00 1.343134098831511913e+01
6.428518621653724896e-01 2.967782774870733609e-02 3.119348378298575586e+00 1.445634860889806639e+01
7.120992381040109898e-01 1.727513219996135163e-02 2.937140735396898794e+00 8.673315561696947285e+00
7.303909476137568912e-01 1.527280310257596134e-02 2.730939742240440893e+00 9.751506475444722710e+00
7.930887356771884056e-01 1.617420870588434298e-02 2.860836354070758425e+00 6.515939910817565739e+00
6.330577322031175624e-01 2.630577389675523362e-02 3.091205717790150409e+00 1.327591152531157093e+01
6.980948241854565417e-01 1.519622966407693267e-02 2.961227303736649219e+00 6.548783305573773639e+00
5.084841687213784711e-01 2.303972728664337513e-02 2.881745518125191641e+00 1.131410524297641373e+01
6.878499736218658400e-01 2.053767008832397753e-02 2.944244207020860760e+00 9.112243211344889460e+00
7.037546106546092028e-01 1.314188912036233330e-02 2.729544910185762063e+00 7.265560711062143184e+00
6.135493015879509571e-01 3.365260678410680190e-02 3.259616918069073055e+00 1.953634524163749475e+01
7.211385527667510953e-01 1.142886644232344109e-02 2.670815891253161656e+00 7.309395909574282868e+00
8.638706378331703628e-02 1.861015534309086103e-02 2.873109541191629646e+00 9.320619460957042079e+00
7.016682231030972883e-01 1.711419721125836263e-02 2.743288519675703085e+00 9.862027949354862599e+00
3.628033414701303805e-02 2.182696435651134206e-02 2.947543526833220184e+00 1.343134098831511913e+01
4.720887008723234080e-01 2.065496044860325869e-02 2.808109960472192856e+00 9.393167814636797175e+00
7.112557328414290669e-01 1.274567621630288625e-02 2.685219560514548576e+00 7.863490361267099438e+00
6.498994324872570116e-01 1.679285542908467987e-02 2.859173905173868047e+00 7.505857878857320031e+00
6.303407953299117183e-01 2.859381181785466616e-02 3.013530650143100065e+00 1.494843734860850404e+01
6.457213425739077861e-01 2.782561482054356911e-02 3.100862954365068536e+00 1.404435613650337444e+01
6.459901802042498087e-01 2.407100919712501161e-02 2.940838974485465496e+00 1.152215915175375116e+01
6.002755162917684795e-02 2.106553998289439553e-02 2.826865316297232145e+00 1.521626927708514110e+01
7.129414237807333299e-01 2.110287690081192116e-02 2.879175480160831579e+00 1.050167940914638010e+01
6.242226949873875830e-01 3.113079507623425085e-02 3.217064124908676881e+00 1.688841653394578657e+01
8.771989038693666085e-01 9.331964672715681655e-03 2.662329902275870630e+00 7.676701930369563165e+00
6.961501460821424292e-01 2.134815125997285151e-02 2.911329189948658858e+00 8.826005673624916170e+00
6.164524145705733149e-01 2.894611487884516526e-02 3.114010572822700773e+00 1.596040578697118306e+01
6.552078257544950990e-01 2.233178793557758293e-02 2.815959938264365192e+00 9.738051543639253183e+00
6.855707266653089382e-01 2.295521807473413500e-02 3.002578838876919676e+00 1.133639117395562934e+01
7.862049901391878759e-01 6.677299668606911627e-04 2.607107120764317720e+00 6.313477104346099544e+00
6.496998998018669313e-01 1.653117665002521580e-02 2.821087702868807501e+00 7.714582975353340366e+00
5.414749814138818118e-02 2.073853022225618722e-02 2.864892668334352965e+00 1.375053526262263048e+01
5.392758577650088592e-01 3.425379368903099658e-02 3.236988093224582919e+00 1.815635815180919721e+01
7.169567828261635967e-01 5.982824904457227297e-03 2.580421266286381687e+00 6.629129459252483869e+00
7.216104953934489030e-01 2.022356384291157036e-02 2.818292854045001405e+00 8.757549550132708305e+00
5.339603028634247739e-01 2.956101506756728114e-02 2.939570967614685948e+00 1.537240266165099456e+01
5.484317493959989936e-02 2.257384324132628850e-02 2.972103241197278756e+00 1.391658800197698298e+01
5.931397551233896781e-01 3.002648547542848684e-02 3.053446425438381961e+00 1.537313601484325432e+01
6.499181098380932831e-01 2.195087576040841842e-02 2.890141456810796594e+00 8.634893900358287411e+00
7.509307193325438501e-01 1.029793402824822138e-02 2.627764355581957645e+00 7.742848387426107593e+00
6.271571374103100949e-01 3.290728009826770356e-02 3.238900197283240967e+00 1.483457080936667083e+01
6.474494189514889975e-01 3.029295026835461188e-02 3.104549188939689230e+00 1.677381103666097317e+01
7.033885990593009563e-01 1.670207836074665345e-02 2.804226279670388955e+00 7.687618920358438857e+00
7.675839431735539398e-01 9.406647622690181287e-03 2.715553427343548876e+00 7.443756306744104378e+00
5.232273039903083678e-01 3.211020118096979958e-02 3.027754005076558563e+00 1.510398346806947600e+01
7.341043955634363183e-01 1.856846313924415820e-02 2.931725987282415069e+00 7.154013075434366264e+00
6.288911223199838973e-01 2.554507108668495341e-02 3.038494250140132191e+00 1.320168394617721574e+01
7.106537207940132816e+01 8.863537444822059408e-01 2.110762260556502845e+00 1.497408994916793823e+01
3.254916151084656650e-02 2.066220419809143560e-02 3.003147298110798946e+00 1.122562205755997766e+01
8.364842872696748310e-01 2.189117900303388670e-03 2.608318791272744352e+00 8.116536730870439698e+00
6.711777209006384304e-01 1.911011725467949909e-02 2.888743743316278589e+00 7.390550166925966558e+00
6.779270740459029110e-01 1.999321849353141375e-02 2.776183960834772257e+00 8.837613185626857160e+00
6.300485295241703421e-01 2.369479556218598640e-02 3.202447806430737121e+00 9.845560741457926923e+00
3.528834224905608163e-02 1.582027982518260933e-02 2.720918411592592623e+00 8.393852757398558850e+00
6.454176707399380541e-01 2.677569453939896219e-02 2.873689352932246699e+00 1.505871257766035143e+01
7.531155055689499056e-01 1.090846320880338709e-03 2.653597324472062979e+00 7.618589824860903192e+00
7.757584531330787847e+00 6.008802895958805651e-02 2.260239690771063792e+00 1.055312118204243177e+01
6.136371704377728831e-01 2.628912766641867266e-02 3.042074076713308095e+00 1.273891236884823108e+01
5.277309065653387060e-02 2.502518962425336058e-02 3.020384726989486790e+00 1.689908666800495851e+01
4.438653569909130625e-01 2.697739839757266542e-02 2.920290122372238173e+00 1.448538017736701100e+01
8.108079706739518278e-01 2.181733641978714591e-04 2.666877737942265902e+00 5.886314620517819840e+00
7.820155394781603819e-01 1.531665301308432394e-04 2.631017548899792224e+00 7.241815526267969538e+00
7.561399924717444598e-01 1.635941043666393549e-03 2.560803719537272816e+00 7.439292767482083235e+00
4.632757071691515072e-01 1.672674513206172733e-02 2.644731036265690172e+00 7.620627618626621747e+00
5.919855343648953161e-01 2.780958376137619703e-02 3.016498564824109163e+00 1.326358846876513553e+01
6.222568876170803120e-01 3.313536391342838255e-02 3.225692397753339602e+00 1.920953747405920709e+01
7.360179442214679346e-01 3.016375308282412578e-03 2.655970710185159511e+00 7.391870934419923600e+00
6.242989089159808325e-01 2.690509568997433154e-02 3.029979523964408283e+00 1.227233127473083307e+01
6.208843375338124471e-01 2.842428172094699917e-02 3.225565331124579771e+00 1.254441801683823776e+01
3.352578566265401738e-02 1.657215547068422584e-02 2.696702345331067896e+00 9.844986745285588370e+00
8.369217642362622445e-02 1.761328573620882590e-02 2.766956693261387823e+00 9.039875507178116720e+00
6.898879464380309745e-01 2.244141713294152060e-02 2.872762824977989293e+00 1.140866268632718850e+01
5.413848732835371269e-01 2.639557132207364168e-02 3.038069865773768363e+00 1.452352242904702884e+01
8.762361400971654390e-01 2.659044839448481811e-03 2.594427838203513748e+00 6.680300252722032539e+00
8.732388608952900144e-01 2.168678731062087008e-03 2.568722538698815505e+00 6.946772067369049175e+00
6.584601964932309537e-01 2.671456806336965084e-02 3.091413179370171793e+00 1.247124602756597689e+01
6.027395316698769268e-01 3.220861968830115996e-02 3.146367278707743687e+00 1.936242271991234531e+01
6.251230530886469072e-01 2.896829193992233806e-02 3.046420338456393040e+00 1.542644841276299061e+01
5.897332157143611031e-01 3.129685285271210232e-02 3.028977653348596810e+00 1.874540680784863866e+01
4.594413770664623753e-02 2.417297512103776941e-02 3.136214440585985308e+00 1.421418209983933956e+01
6.476132391689140011e-01 2.878250514939763305e-02 3.166367477214566684e+00 1.332476709939931148e+01
4.995585049323598981e-02 2.108148821379770069e-02 2.960627310621551267e+00 1.146556482881838512e+01
7.768983845049253212e-01 5.357065266065076485e-03 2.626257331829137343e+00 8.218256849829533195e+00
6.419332079143050818e-01 2.521349025028103708e-02 3.087731962158499766e+00 9.655962013925098120e+00
7.525817706606954816e-02 1.765863759954013415e-02 2.757848719823964068e+00 1.034319642625513502e+01
5.091115442757835341e-01 2.488244820252396086e-02 2.840253579308666065e+00 1.181126105370515056e+01
8.454962505195189049e-02 2.361627746392445937e-02 2.939781127886871737e+00 1.312713027822656464e+01
7.262939421913372495e-01 1.228444689419573750e-02 2.659588493835647327e+00 6.675957483077235466e+00
5.959084434107290162e-01 2.892651395164566597e-02 3.083121939325464300e+00 1.623151923967149202e+01
2.142010058691548868e-01 2.455962411448277261e-02 2.889709339795911269e+00 1.313675023114037721e+01
6.640826729669233597e-01 1.943792122397048142e-02 2.728637573474193001e+00 8.433433885838201860e+00
7.345435707542689041e-01 1.387923443957253360e-02 2.680080798799291397e+00 8.082443397203185498e+00
3.056503458477033766e-02 1.685662504182233387e-02 2.857425288882127212e+00 9.872945471634229975e+00
7.719299286289820206e-01 1.278070565188877891e-02 2.755488082712842512e+00 6.807309178013143836e+00
8.899925436193173445e-01 4.645227741697606147e-04 2.642247650149650795e+00 7.700466119295597878e+00
7.226588545339878156e-01 9.906287175253110366e-03 2.737970203251079759e+00 6.971869853932697758e+00
8.200309444660751623e-01 7.667236084969803779e-03 2.583482877188492566e+00 8.203291834918720937e+00
4.473838802961671135e+00 1.746400597203991720e-03 2.454656874267777233e+00 8.000667113433014066e+00
7.006174440073335008e-01 1.920593532231665637e-02 2.814500851357189859e+00 9.451263276293797588e+00
3.970329112297957957e-02 1.829474358267799139e-02 2.896060350907389669e+00 1.061937301959132718e+01
7.083352993923512919e-01 2.129537643140994724e-02 2.987234321316292629e+00 9.133388310784743780e+00
3.970329112297957957e-02 1.829474358267799139e-02 2.896060350907389669e+00 1.061937301959132718e+01
7.196879957355937218e-01 1.749881343740251199e-02 2.810557976327353824e+00 7.955274102800297342e+00
5.576903965992076329e-02 1.771986678662970660e-02 2.937489268140515364e+00 8.683851389474948945e+00
4.438653569909130625e-01 2.697739839757266542e-02 2.920290122372238173e+00 1.448538017736701100e+01
5.469565030775923320e-02 2.095529869690230043e-02 2.872716684337611515e+00 1.291664701779860636e+01
6.777530983110254814e-01 2.151469782593464636e-02 2.894063979453912694e+00 1.109725263356204827e+01
5.768199557405476741e-01 3.031998356544064743e-02 3.236806436416567401e+00 1.408359330026230616e+01
6.956380730141774604e-01 1.980896335990105228e-02 2.819750871278620341e+00 9.758256588563110512e+00
3.328798059265741793e-02 2.156325831180834138e-02 2.950923364383915892e+00 1.358959951306740521e+01
8.236801031024258701e-02 2.221891437664463148e-02 2.977235836170068595e+00 1.128962376758914488e+01
5.622909023614573343e+00 3.719573953624587259e-02 2.356960638704826305e+00 8.252395538281390941e+00
1.464971254485205598e-01 1.731954252474049785e-02 2.744165217313963012e+00 9.220523322276639178e+00
7.434551534810289741e-01 1.396699570760857358e-04 2.489067000398318186e+00 7.586262339473649696e+00
5.478036290717068768e-01 2.416516250726499435e-02 2.937712034193717958e+00 1.025014914167146785e+01
6.853674567863414779e-01 1.571894264506013689e-02 2.794780226779695731e+00 8.500873880548876826e+00
5.858527109454490400e+00 1.116237075817336222e-02 2.462131762625917819e+00 8.057190549338420382e+00
5.847800040778986519e-01 2.808168974770506102e-02 3.172545067146956832e+00 1.310174886984027154e+01
6.453618372687355276e-01 2.419048320360006957e-02 3.044941235931355017e+00 1.055237329395202295e+01
8.613739525400380959e-02 2.113464373237119304e-02 2.961587376574391861e+00 1.289202172083956555e+01
6.480820285209103471e-01 3.003126759345573285e-02 3.100492125078682548e+00 1.728272618973128516e+01
7.237070091382160619e-01 1.829790155313828701e-02 2.796134592694407672e+00 8.747453150618774487e+00
6.401577543567833484e-01 2.463095061119203663e-02 2.848884460867885160e+00 1.246078758276354215e+01
6.045525296541859328e-01 2.667568655805794414e-02 2.860590640322715039e+00 1.265090933150236552e+01
6.884301399981730407e-01 2.251079370879630406e-02 2.782822652497058513e+00 1.158350708249608907e+01
7.777618403822283977e-01 4.679247846789662138e-04 2.589561496918763694e+00 7.920302084898536599e+00
7.563975526455964937e-01 1.936717598298242455e-03 2.700639331896034889e+00 5.943449588652213400e+00
1.276053758195015675e+01 1.852492783087612838e-01 2.110838469972755149e+00 1.928154551079041212e+01
6.983838596607284677e-01 8.650181704616493467e-03 2.723288938482378185e+00 7.062123774499259987e+00
7.064384718831449028e-01 2.058668654526238373e-02 2.903478760812435056e+00 9.546553944150588222e+00
9.547195225011518849e-01 6.411319550089497133e-04 2.608362934813871270e+00 7.532414967663727090e+00
4.586718535574646483e-01 2.093590998763746047e-02 2.704344771310494444e+00 1.010515079332172128e+01
6.466673583295036165e-01 2.334137388491365137e-02 2.996474681939066631e+00 1.118815704256337717e+01
7.346500760534933061e-01 1.769000656944997099e-02 2.829160031932024921e+00 7.937352319766362463e+00
6.338139379797811390e-01 3.398883631607534095e-02 3.236370628684504425e+00 1.989508755882759417e+01
7.738952190979325740e-01 1.483012686890819790e-02 2.782023600046381162e+00 7.685089304901900675e+00
6.875731878313373624e-01 1.600669166483379563e-02 2.629910442952388294e+00 1.008335242697881995e+01
7.432158064153141508e-01 1.432874872793211442e-02 2.714288259390522207e+00 8.550223658510921254e+00
7.033733944714514186e-01 1.829641084767697629e-02 2.928225118620314760e+00 8.672693736615704196e+00
5.692649845454526153e-02 1.691623123452401511e-02 2.811604284562847056e+00 8.242020014879706480e+00
5.021987077905041286e-01 2.688727226886693591e-02 2.959394422181034212e+00 1.493673971325220862e+01
6.125066253227867685e-01 1.859937043082418237e-02 2.739125351609284387e+00 9.661131683099693390e+00
7.398772783932994201e-01 1.220033398080966986e-03 2.658483676439661103e+00 6.745930450750842411e+00
6.500328416428947653e-01 2.675956634908088425e-02 3.006219761256684109e+00 1.359006157159959649e+01
7.437500106539842726e-01 1.324678155400046096e-02 2.626884732662355670e+00 7.224017833875499228e+00
6.598794009605682964e-01 1.732322519350527543e-02 2.793168197341289627e+00 8.072784500935220819e+00
7.439402371095411581e-01 1.708116041788934961e-02 2.892049256654365852e+00 7.572734199170192859e+00
4.554586957666441616e-01 2.803395296164885170e-02 2.952790831345093459e+00 1.431676086922348645e+01
5.812886645114911932e-01 3.109687572875943426e-02 3.110764827192583848e+00 1.833196990106733537e+01
6.657272226755230893e-01 2.243119430066180600e-02 2.960622946766416685e+00 9.427543754170297774e+00
3.130981401379934193e-02 2.511083799266172409e-02 2.971598247812901050e+00 1.795905739477154484e+01
5.339603028634247739e-01 2.956101506756728114e-02 2.939570967614685948e+00 1.537240266165099456e+01
7.015419005933730690e-01 1.995990763903258969e-02 2.932309207881095503e+00 9.480576984898549497e+00
5.483754659100704698e-01 2.454909445859180042e-02 2.807352501362470942e+00 1.323157486274334182e+01
3.466776031339519060e-01 2.315886416389789648e-02 2.804883713623893549e+00 1.241169985690067179e+01
7.727316464373312499e+01 9.604957523087341853e-01 2.099405932979408362e+00 1.486363278892466511e+01
6.771718989318642468e-01 2.220527040704274938e-02 2.923496088679232496e+00 8.996462387488865176e+00
7.124165873307562735e-02 1.474483934167979647e-02 2.628497124354595815e+00 8.414470328356699724e+00
6.851712384393250366e-01 2.833737753497965473e-02 3.157343292925578915e+00 1.342815864275369719e+01
6.981226611590469755e-01 1.956923468812512765e-02 2.930431315046741148e+00 7.816842598260111963e+00
7.158991077683826143e-01 3.353426662936741156e-03 2.630543841119225235e+00 6.712633852382647426e+00
6.287996275421948722e-01 2.798719600924735873e-02 3.170847114153569013e+00 1.185985102348255893e+01
6.179780303332750302e-01 3.038921740686501005e-02 3.064883298189644556e+00 1.905672072840436115e+01
6.637555103495152986e-01 1.984789918383304125e-02 2.762425470211512746e+00 1.017121942852954497e+01
7.035186413923039117e-01 1.255458667112125878e-02 2.722284490347299357e+00 6.851587204351779370e+00
6.451290067166584041e-01 2.762005568185525381e-02 3.079385365910279226e+00 1.482462528539018187e+01
7.375900839829403477e-01 1.792700081431281576e-03 2.613823550487810010e+00 6.612614316731058928e+00
7.678697189571493942e-01 7.261135473861111966e-03 2.692983795797829316e+00 7.354894120603916896e+00
6.019356760196422629e-01 2.205396357144622996e-02 2.808366557299502908e+00 1.034971447679038725e+01
7.386601473025254938e-01 2.856329702317834431e-03 2.658363990548940237e+00 6.588688396194980257e+00
7.327887472084416709e-01 2.067332114651616523e-02 2.880941483326741270e+00 8.876074980397991254e+00
6.215965251223563026e-01 3.093852654949089467e-02 3.092694377668689487e+00 1.915011178813481152e+01
7.312343325949575146e-01 1.759018494297019675e-02 2.887316422180800313e+00 7.134798119138017647e+00
7.826504914600016516e-01 1.633667759682465651e-02 2.810548358462609642e+00 7.854770723426073076e+00
6.921445290762535674e-01 1.390088714626653253e-02 2.725287622164117796e+00 7.406363142593953341e+00
5.597504143084776063e-01 2.663296443453647827e-02 3.205849285013383732e+00 1.060328736472005140e+01
7.027485041515226794e-01 4.375647827536285027e-04 2.611513353804669535e+00 6.607504545490501258e+00
6.772369047830369970e-01 1.338738511391831913e-02 2.610813914289043858e+00 7.690321858515780207e+00
6.774562393700663820e-01 1.272499067384797074e-02 2.598885124937996061e+00 6.743570319590122430e+00
7.528936460535262665e-01 4.755277947462795314e-03 2.564506577416665767e+00 7.465748706507103982e+00
6.909527626995964900e-01 2.100591339340619410e-02 2.856469546327588205e+00 9.315846249753970909e+00
7.406539918512340392e-01 1.554261596717998808e-02 2.792426300512490300e+00 8.264893833011347724e+00
7.914133949709739602e-01 1.736301055887492758e-03 2.659629782907085627e+00 6.134672423418530585e+00
4.125178360419706758e-01 2.978356508075053269e-02 2.960852973545518019e+00 1.952397243942276361e+01
6.424617717483706025e-01 3.377692798259187418e-02 3.123466409657012832e+00 1.921175005717568851e+01
5.273415384221270541e-01 1.141193678194516760e-02 2.594150579929009659e+00 7.574953317072492531e+00
6.053407252573669295e-01 1.484253580603104444e-02 2.586459974238532578e+00 8.227610090739796433e+00
6.444795223494728109e-01 3.183109532833779814e-02 3.160790852037356657e+00 1.785272304126272402e+01
4.930584842452757632e-01 3.253563824163271945e-02 3.131437537026075635e+00 1.902235267464651969e+01
7.084348725582367834e-01 3.879554731644960230e-04 2.627608543434558186e+00 7.477520689641833584e+00
4.485862528060918786e-01 2.680484702401336738e-02 2.889780477053135233e+00 1.460099020273518278e+01
8.344361920550409373e-01 4.692906563660631351e-03 2.569510359180005032e+00 7.311110886480427951e+00
7.072302290387262325e-01 1.480917870836787921e-02 2.782106660406752141e+00 7.525584881234212986e+00
6.696896447797149321e-01 1.544838313229680675e-02 2.594898327714929565e+00 9.265711146221644157e+00
5.881088478663886177e-01 3.098243975034202166e-02 3.103068926905418579e+00 1.749701362055802178e+01
6.510508417500836531e-01 3.145687400153762692e-02 3.234351405178076622e+00 1.409841807465008046e+01
7.589172955657585984e-01 1.234694715107705759e-02 2.643475549251985246e+00 8.964873617306910347e+00
4.506644038947344999e-01 3.129102425982580732e-02 2.971034809417974820e+00 1.867619547031083371e+01
6.619753808104014148e-01 2.536337947888429173e-02 3.023872286854329516e+00 1.325481696294697898e+01
6.618441697741400676e-01 3.061444954160486009e-02 3.159529300979487143e+00 1.616579511284479764e+01
8.687307372267268069e-02 1.767088591722260418e-02 2.758230216017081293e+00 9.726117873708860273e+00
6.185940080010970954e-01 2.165308148991067563e-02 2.899471659118516342e+00 7.983372006234888296e+00
6.428518621653724896e-01 2.967782774870733609e-02 3.119348378298575586e+00 1.445634860889806639e+01
7.529566588499067015e-01 1.709765576789041078e-02 2.743403714939995464e+00 8.106466930147657735e+00
6.868995608134662589e-01 1.559200854554567729e-02 2.774176718283278831e+00 8.126986556429269370e+00
6.869229529014833080e-01 1.608025265901783310e-02 2.855822592833805906e+00 6.580359758091589129e+00
7.894185026831042062e-01 1.614268065058681182e-03 2.602625636067912751e+00 6.969117257061421711e+00
6.758776158954912239e-01 2.036335031367468920e-02 2.642831774503405118e+00 1.060253508188137772e+01
7.620929102978506453e-01 1.569629786901808374e-04 2.573079570307947872e+00 7.588900296436308146e+00
4.541187522701672363e-01 2.616908186023590710e-02 3.021475396993756668e+00 1.198657556389105139e+01
7.063874291917467962e-01 1.666532476380986824e-02 2.959825714264156638e+00 6.827758570725110054e+00
6.118695346672818891e-01 2.953740673914875825e-02 2.918683852359644781e+00 1.785861825736797570e+01
5.905691424913629417e-01 3.299090789438304666e-02 3.288848915486682678e+00 1.827970850863498953e+01
7.151742781043413100e-01 1.608961618943961433e-02 2.958307070802051353e+00 6.433449917955473829e+00
7.483645830481655548e-01 1.421328732730866998e-03 2.643063258165067708e+00 6.791567803781740409e+00
6.463661926708096361e-01 2.642069538811879850e-02 3.062937229665160466e+00 1.178349799777520701e+01
1.748083437555266462e-01 1.549726972106145115e-02 2.612842535567169833e+00 8.951261083063940305e+00
6.652973034167890543e-01 2.249401791373733736e-02 2.974361818227512444e+00 8.034867719675073516e+00
8.055203909711407562e+01 8.518649435354711530e-01 2.245999529486873314e+00 1.086456748949797380e+01
4.157629032261533908e-02 2.360872328500669345e-02 3.084117206344068940e+00 1.496871350455048955e+01
7.425878120786409964e-01 1.597158405165449366e-02 2.695550472851842905e+00 9.216735470573134137e+00
7.187821066809805259e-01 2.333197852204313069e-02 3.002427972828791702e+00 1.120982590722559280e+01
6.852031739878434724e-01 1.447068259240364904e-02 2.725873839548682120e+00 8.102864352007927096e+00
6.137420546492077245e-01 3.413593195713233303e-02 3.379381001315236333e+00 1.699010309876145186e+01
7.603013323305471971e-01 1.127280858616269915e-03 2.621841611341353850e+00 7.634539455404443231e+00
3.020365967854089462e+01 3.019788704309532834e-01 2.294865439303770849e+00 1.047466574651230786e+01
4.876478032614302904e+00 7.299337064000734759e-03 2.361831435136979795e+00 9.608963228748903518e+00
5.811703486593773338e-01 1.838663364530886135e-02 2.871871973721861870e+00 7.567994119596098024e+00
7.751507909272399299e-01 7.847802544243666703e-03 2.692638473140632982e+00 7.596662439975545134e+00
6.853035971265253323e-01 1.839868814561642849e-02 2.773123471686562258e+00 8.634002722731551671e+00
7.334067410542166598e-01 1.480942254442169440e-02 2.614513727562015610e+00 8.315745435268031116e+00
6.410036305385963251e-01 3.109558198326927564e-02 3.068777682915084348e+00 1.811303780932836460e+01
7.788217003977022657e-01 1.845798716042703486e-02 2.733971993320389426e+00 1.116022384597102501e+01
6.636000139103209738e-01 2.149204324655491077e-02 2.867750023941243231e+00 8.552973595149421016e+00
6.637644343392006263e-01 2.726480527187198633e-02 2.987862438964868694e+00 1.180769945254390585e+01
7.111880773686868329e-01 1.946597883171765145e-02 2.759287267065599458e+00 1.077147897012086020e+01
3.999552210628774862e+00 6.814980793674568337e-04 2.357666046607344690e+00 8.921623775794712330e+00
6.781611026708912471e-01 1.132126426635089375e-02 2.667630083039029820e+00 6.457523631018213806e+00
6.119456637210010097e-01 2.984436639433647731e-02 2.932199209605533596e+00 1.841902659325105418e+01
5.858527109454490400e+00 1.116237075817336222e-02 2.462131762625917819e+00 8.057190549338420382e+00
5.871643098893575274e-01 3.256739306111154642e-02 3.094696051391017999e+00 1.861732630859838267e+01
8.212428156278486213e-01 8.686511799194019182e-03 2.636368733490290772e+00 7.799101775514154511e+00
5.774368383659458370e-01 2.048259167968776925e-02 2.864360154049407470e+00 8.519452472795970621e+00
6.126557593751320585e-01 2.260156405526229928e-02 2.876979969336758813e+00 1.134037124107223882e+01
7.313305267388168218e+00 1.563243450646224428e-02 2.540499276557290464e+00 6.993625136534404874e+00
6.916218422682736122e-01 1.827928117683593617e-02 2.852113036009637614e+00 8.109647894175775917e+00
6.422916613761319171e-01 3.098496940360651042e-02 3.110039901709132248e+00 1.787550141701734674e+01
7.290100383377798865e-01 1.477393569299159833e-02 2.608421893853579476e+00 7.549191207867967712e+00
7.565415632125832568e-01 5.078568697178426419e-03 2.626505785775640867e+00 6.728665852297018191e+00
6.485587785526374383e-01 2.710942451185531163e-02 3.037075203282262770e+00 1.338220056765014121e+01
6.509602570049106696e-01 3.219071631035923947e-02 3.162050415571704853e+00 1.961802267415340140e+01
4.496721528065847906e-01 2.621875979498516571e-02 2.945419404813831132e+00 1.278526843243971456e+01
5.576903965992076329e-02 1.771986678662970660e-02 2.937489268140515364e+00 8.683851389474948945e+00
7.026934294476203657e-01 5.028828316510359749e-04 2.601132995795231828e+00 8.086856583415617195e+00
8.276419494324113169e-01 1.511870070445182901e-02 2.727709982458207172e+00 9.021156763339478246e+00
6.678660880000135691e-01 2.025523211529981285e-02 2.680883052232170716e+00 1.072299158278817899e+01
6.327810198543426523e-01 2.933358691412510377e-02 3.295412468570459996e+00 1.294897772212239140e+01
5.182811260227388139e+00 1.413562541274016905e-02 2.398177330183364209e+00 7.779774491964173144e+00
6.504653622400072832e-01 2.049176338498302080e-02 2.812639294510006049e+00 1.006231085339813269e+01
6.640826729669233597e-01 1.943792122397048142e-02 2.728637573474193001e+00 8.433433885838201860e+00
6.896229320562896614e-01 2.288124524397698242e-02 2.887501133485394611e+00 1.280636897216194292e+01
3.342382066687934333e-02 1.410407296039462022e-02 2.744941306718058804e+00 8.002790160703519007e+00
7.468698738055458419e-02 1.461703732033284471e-02 2.688479380113190764e+00 8.171338129238723269e+00
6.866823965622252945e-01 2.258686936302355813e-02 3.027593055364588448e+00 8.204442464091814102e+00
6.645084103739895554e-01 2.091258857380577652e-02 2.796456069020572865e+00 9.760362522839679755e+00
8.460198511815446576e-01 1.945231053694619833e-04 2.590158315633934727e+00 8.962526439870574180e+00
6.436420463704779493e-01 1.808214883447050239e-02 2.805646820016594045e+00 7.673194227156622915e+00
7.011456044326391801e-01 2.259682596260970469e-02 3.019439946060679780e+00 9.458916598400950448e+00
6.420094411113656807e-02 2.410020672908570055e-02 2.927313540488614585e+00 1.601183725176954908e+01
6.870395547330871988e-01 1.644390105919169703e-02 2.793176408506370834e+00 7.805492019442997531e+00
5.565049930429888381e-01 1.793096831264072433e-02 2.688001310781859665e+00 8.713233361432756396e+00
6.708316890964047818e-01 1.821322070438103485e-02 2.852598597030811423e+00 9.149829089207692334e+00
7.971144739290199066e-01 1.440272237611959702e-02 2.760926293555624689e+00 7.678182630427233590e+00
7.072033440660502324e-01 1.904770559771426855e-02 2.697623167111237841e+00 8.863927940255656779e+00
7.261187367459006614e-01 2.077571619450166787e-02 2.795013554026263058e+00 9.684986579684284891e+00
6.001642698253082386e-01 3.371047567938297712e-02 3.226704251012958657e+00 1.861827068274918418e+01
7.375900839829403477e-01 1.792700081431281576e-03 2.613823550487810010e+00 6.612614316731058928e+00
6.179780303332750302e-01 3.038921740686501005e-02 3.064883298189644556e+00 1.905672072840436115e+01
6.067538249099723169e-01 2.578021378578386827e-02 2.910755429752661883e+00 1.135334362133601793e+01
7.430637180735661929e-01 7.640500227028743617e-04 2.685216921964453274e+00 6.255153605937038286e+00
8.805023697954245110e-01 6.015989531693886200e-03 2.639384133371266650e+00 7.569349288027132694e+00
8.100487759491582507e-01 3.913690198365235638e-04 2.617309472965103190e+00 7.574309844804684388e+00
5.554726452377650725e-01 1.499372860836160545e-02 2.766040324633266323e+00 7.881076439464963279e+00
6.079036732112302666e+00 3.244681672256811977e-02 2.365143155989211987e+00 8.857144637038031121e+00
5.192575214836161468e-01 1.513804265564318990e-02 2.721785854977967212e+00 7.073838946898594493e+00
5.130687548922224089e-02 2.033369841412566853e-02 2.994526090734774826e+00 8.943308516841778300e+00
4.651917080044505326e+00 8.056710954084002688e-03 2.457679029782846580e+00 8.132513391404598835e+00
7.650236979391673853e-02 2.557500315161288090e-02 3.048640175375048056e+00 1.697410391333509239e+01
6.428493769770079469e-01 3.298236750611299034e-02 3.175286712371293785e+00 1.958633580751737568e+01
6.598794009605682964e-01 1.732322519350527543e-02 2.793168197341289627e+00 8.072784500935220819e+00
6.633589669150238288e-01 2.676397404179789094e-02 3.047127153664030530e+00 1.331948276183534574e+01
6.631294415300065248e-01 3.151841899750588288e-02 3.126635426748851643e+00 1.786539316654919318e+01
5.367682879720778732e-01 2.868336348182318196e-02 3.075224441266676045e+00 1.398883247992494105e+01
8.638706378331703628e-02 1.861015534309086103e-02 2.873109541191629646e+00 9.320619460957042079e+00
4.942365333008892136e+00 3.790294008149045608e-04 2.391416756019688172e+00 8.338135705146743959e+00
6.286419157615423803e-01 2.800658760297372943e-02 3.140071841662726015e+00 1.242534575566708455e+01
6.299656213685107531e-01 3.266690626808856773e-02 3.178199646110941856e+00 1.765622827786395632e+01
6.082066359835411884e-01 2.433743355525154473e-02 2.890854159096623466e+00 1.270223449809289207e+01
1.151206194915694869e-01 2.159685431414337317e-02 2.838854672833897475e+00 1.468649384315712147e+01
9.932878601176216293e-02 3.689852408351375693e-03 2.458947013514633628e+00 7.084206591332172565e+00
6.407125218603100247e-01 3.146774587001375384e-02 3.270363858736483831e+00 1.500929626014702301e+01
3.826170797812448732e-01 2.727247398637130948e-02 2.930297610936762887e+00 1.522991277953248357e+01
6.608007250989943460e-01 3.206654252791976689e-02 3.129880585144547034e+00 1.609787742554254919e+01
6.691399797394296245e-01 2.557429335232244347e-02 3.008654715366966492e+00 1.397807843037004538e+01
4.852922633508047756e-01 2.703973946995923833e-02 2.901966251646676209e+00 1.437506580876353723e+01
6.293672296954725409e-01 3.053608865860488186e-02 3.246855075773960486e+00 1.450050707048822396e+01
5.691037485519563344e-01 2.152348553042840451e-02 2.833877810743379744e+00 1.003645992810285925e+01
7.027485041515226794e-01 4.375647827536285027e-04 2.611513353804669535e+00 6.607504545490501258e+00
6.956614141020290631e+00 6.570174394063454850e-04 2.491519503269929103e+00 7.316734483670256139e+00
6.663965767385391370e-01 2.194008602980529812e-02 3.017086225118198684e+00 8.947564685897120285e+00
6.966392205324118958e-01 2.171453347647379906e-02 2.990859348031837506e+00 7.636906284444201276e+00
6.754747332246430203e-01 2.880448521933732034e-02 3.079251987092743725e+00 1.533523020730553554e+01
6.780398672345198996e+00 3.868332586173425097e-02 2.326461800989250595e+00 8.371510472101107325e+00
7.021228262839383782e-02 1.173021474702427153e-02 2.588650399472496755e+00 6.584395339850400042e+00
7.016886840388212310e-01 1.797272341261502496e-02 2.818190622926218580e+00 7.628121098304055714e+00
7.505522307591482312e-01 1.618631469697423553e-02 2.816268313221619302e+00 8.158339809679745258e+00
6.165760680404067662e-01 2.409638560444294156e-02 2.899306853813117701e+00 1.057824515435011392e+01
6.806237850748658502e+00 6.282076824498274278e-04 2.454549295413918308e+00 7.767151487977359103e+00
1.745973606573051340e-01 1.774026621870786961e-04 2.491638102199096316e+00 6.736535664640655341e+00
4.934238903556715239e-01 2.727060548891870398e-02 2.971519875187242476e+00 1.448665770183930945e+01
6.185940080010970954e-01 2.165308148991067563e-02 2.899471659118516342e+00 7.983372006234888296e+00
5.850271094335183220e-01 3.630101310200724296e-02 3.432150353906593843e+00 1.842152394321153963e+01
6.213649710451369934e-01 3.087018392825591553e-02 3.106575032484387933e+00 1.708553084081891527e+01
6.765739945622559759e-01 1.964953515514559004e-02 2.763386435321880441e+00 8.156721687145591204e+00
6.663524963448562710e-01 2.045474305422815067e-02 2.893757794607807465e+00 8.775971135069143614e+00
7.014003957655836619e-01 2.353331822937853798e-02 3.003542043753407498e+00 1.174796243428445841e+01
7.314870726533529988e-01 1.782036326571465046e-02 2.877634861868977545e+00 8.627840226642648602e+00
7.776069829621042873e-01 1.423367938957285916e-02 2.740607848435542060e+00 7.135311506630057643e+00
5.436463194431840895e-01 2.406920696883050811e-02 2.847819445325009191e+00 1.044371653418835599e+01
7.932255766498838012e-01 4.760670293982245498e-03 2.635259812327668705e+00 6.491743360033679799e+00
4.340909905553084869e+00 2.920386370164522807e-03 2.423717515954949331e+00 8.513875112900130659e+00
5.509317688501826904e-01 1.393362134994614865e-02 2.621925196079823994e+00 7.339700883119995467e+00
7.216104953934489030e-01 2.022356384291157036e-02 2.818292854045001405e+00 8.757549550132708305e+00
5.399235860555045896e+00 1.733043922434261697e-02 2.451068040218281840e+00 7.217323704120695460e+00
8.131754832899645846e-02 1.851707542011855195e-02 2.816311456004456204e+00 1.017288990225955914e+01
6.589080382522229939e-01 2.151136294932474644e-02 3.053240353889696834e+00 8.078504521544132899e+00
7.095548861380128747e-01 1.504143319840617332e-02 2.796800226516728216e+00 7.205221577067191241e+00
4.892035327003424783e+01 4.905410616600956453e-01 2.434160275039114474e+00 9.274877107549063027e+00
6.401577543567833484e-01 2.463095061119203663e-02 2.848884460867885160e+00 1.246078758276354215e+01
4.246146812850280505e-01 2.866659079365769733e-02 3.076639520349280676e+00 1.532054261404464590e+01
6.063019666069471292e-01 3.165148953532208320e-02 3.100526196610699614e+00 1.858688029894618410e+01
7.181744909148437550e-01 1.713343612023392193e-02 2.671666552693292562e+00 8.733476997267541009e+00
9.994491169574946932e-02 1.646063612098585399e-02 2.761650988188464328e+00 8.857582990017675684e+00
6.644795420676791187e-01 2.110011238694168428e-02 2.916139342046272009e+00 9.276693697293477925e+00
1.005624595702421686e+00 5.153510053102156388e-04 2.617180592454890764e+00 7.296030518840425749e+00
6.914927359206809454e-01 1.804552640635175703e-02 2.941640507646167357e+00 7.792669867341967205e+00
8.174638713632748077e-01 2.118737906707013601e-03 2.621843561008129875e+00 7.429037149378835636e+00
7.916850282041721920e-01 8.378810514390298142e-03 2.500012281660034308e+00 8.273634398451376271e+00
6.865669470708712918e-01 2.522524488008717411e-02 2.821881697941994283e+00 1.564093261822414149e+01
6.559163265978327217e-01 2.186576649796599311e-02 2.834249719310278692e+00 1.151210428332312752e+01
7.208560016747080912e-01 7.299911015470880726e-03 2.638034574056477233e+00 6.030436469349752748e+00
7.131212202567689395e-01 1.684825642682040436e-02 2.825703759964069306e+00 9.012442240442172903e+00
7.438178711470505577e-01 1.320745749426822414e-02 2.816877285505240636e+00 7.831295871552463872e+00
5.488044530765279899e-02 1.974055087419077439e-02 2.885645773812692827e+00 9.663919246054472723e+00
6.584560520434837860e-01 2.006498516590655284e-02 2.976064789866137872e+00 7.029636439073236431e+00
7.047393404473537792e+00 6.289159125141093043e-02 2.183597043765025170e+00 1.143375828210718481e+01
6.275319542604674838e-01 2.936754093795356652e-02 3.125087960845126300e+00 1.589803006689851372e+01
7.738952190979325740e-01 1.483012686890819790e-02 2.782023600046381162e+00 7.685089304901900675e+00
5.545361448726442433e-01 2.963323280286589076e-02 3.055530718977784055e+00 1.465163505931576537e+01
4.434512218869255840e+00 5.012236456896170846e-03 2.332621283537760881e+00 8.510363893794728796e+00
7.222660765061315047e-01 1.853356458984828717e-02 2.732881634422478445e+00 1.015383503628019746e+01
6.218005392984889967e-01 3.272186381324084653e-02 3.183577331658053566e+00 1.867610328272233744e+01
7.156808981781178636e-01 1.492181572071768318e-02 2.623433041685285794e+00 9.033953790003216966e+00
6.393853181957688259e-01 2.436338404190747237e-02 2.993638968822017077e+00 1.006280083908576195e+01
7.986980427555947504e-01 1.290934184424444775e-03 2.720453799122955374e+00 7.407053848874166846e+00
8.106141052451498741e-01 1.854068273729234106e-03 2.641268899546939330e+00 7.478230093070782125e+00
4.668816142575222400e-02 2.117312166283164682e-02 2.966540522338929620e+00 1.255737507139790488e+01
6.534629567248378956e-01 2.702424441264083751e-02 3.138536866751293175e+00 1.185185390262279093e+01
6.792313387236637023e-01 1.603239323742949862e-02 2.779914423396163681e+00 7.230264238983480141e+00
1.258116275632387426e-01 1.766724139130493310e-02 2.828527288483080770e+00 7.710587194703873770e+00
6.848336026538114352e-01 2.312186266592949901e-02 3.002464846496565531e+00 1.084325122254504947e+01
6.209987953695164098e-01 3.352800961841297112e-02 3.208159925734367590e+00 1.766000918687713295e+01
6.735236485812030605e-01 2.686478166617149027e-02 3.095249584953459365e+00 1.234901174771309584e+01
6.110258826842578372e-01 3.545097534874436240e-02 3.358346986091965913e+00 1.777567728929685842e+01
6.108985886693353295e-01 2.310409801181344258e-02 2.862115502170230030e+00 1.030913649839582824e+01
7.219788722457234798e+00 8.757577769523117867e-03 2.427409220027102688e+00 8.003590698250082625e+00
6.415391181278263799e-01 3.112969535761257733e-02 3.161089591675785737e+00 1.658465891374201462e+01
6.392013264396149141e-01 2.749027326589389975e-02 3.230602537413596487e+00 1.046484591196121983e+01
6.125066253227867685e-01 1.859937043082418237e-02 2.739125351609284387e+00 9.661131683099693390e+00
6.708397787862743211e-01 2.482324833111776430e-02 3.114935882853384186e+00 1.014546051836679297e+01
6.535421113261968840e-01 2.608341270758368982e-02 3.016029744412823899e+00 1.217213225634156260e+01
5.136891051322386437e-01 2.843101864192427303e-02 2.981830402154870718e+00 1.491165972955253771e+01
6.229423411550615297e-01 2.475756156291351873e-02 2.925773165431579503e+00 1.195538538525110184e+01
7.884451840584846272e-01 1.357125893664956314e-03 2.670586253172109181e+00 7.312074306871072515e+00
6.548937119982900512e-01 2.410923449545245706e-02 2.987361041387982752e+00 1.230329078060024628e+01
7.808201088638087040e-01 1.107465342718892860e-02 2.690487182629377916e+00 7.663284919488966729e+00
4.790012428295345459e-01 2.883675636241911366e-02 3.147045199593482501e+00 1.226900938458776480e+01
8.647803269547532645e-02 2.141887615191017953e-04 2.536568863365020743e+00 6.934738933893012991e+00
5.741320640344565795e+00 2.519217676232544598e-02 2.391091703359173426e+00 8.452055069500049811e+00
6.230021472744373678e-01 2.829222350612327005e-02 3.034332338493351600e+00 1.328760346865669106e+01
7.553665365311584834e-01 1.889022026622494063e-02 2.947381499825126649e+00 8.282446053858880219e+00
6.071983625917423133e-01 2.297969269439566892e-02 2.969503100733225320e+00 9.531283901958753191e+00
4.338063288382346672e-01 2.630117591440485000e-02 2.967110515678961669e+00 1.137926076942303766e+01
7.119163838922840659e-01 1.951334000954197886e-02 2.871673635881800912e+00 9.066605645152897353e+00
5.691037485519563344e-01 2.152348553042840451e-02 2.833877810743379744e+00 1.003645992810285925e+01
2.843026263540166521e-01 2.765379680546106722e-02 2.984083864413653586e+00 1.410776910384038452e+01
6.740943776127307219e-01 2.395932934538672412e-02 3.021240746164757240e+00 1.053200154233298491e+01
6.257501449485326495e-01 2.643610748529693494e-02 3.034485028819009944e+00 1.274015978430362317e+01
6.378324577282845631e-01 2.308989417918574927e-02 2.883123354540588323e+00 1.092423782695896328e+01
1.715019244575679280e-01 2.350600828895187122e-02 2.871726685306235538e+00 1.366492505938151680e+01
7.522518756567743159e-01 1.460730660558407119e-02 2.665608209766622938e+00 8.763739646546250484e+00
6.780382134182083576e-01 1.815740496269215021e-02 2.826119317332840275e+00 9.006725568018671524e+00
4.888256053661824296e+01 6.122688259459286853e-01 2.120080258279986474e+00 1.632089975505172674e+01
8.219601028723827474e-01 7.813973699288614960e-04 2.622444743702007752e+00 7.058877091813616111e+00
6.519691584690270325e-01 2.432948104922396521e-02 3.112766501773196026e+00 9.619582445748982025e+00
5.730336960776076793e+00 2.733939446424063849e-02 2.438170727995014442e+00 7.349888234517982788e+00
7.682101484866062924e-01 1.156616242540755776e-02 2.739389058927615750e+00 6.857608588991078946e+00
7.886899295716048863e-01 1.732362323801429340e-03 2.595766811300641130e+00 7.310277150279717695e+00
4.943884517584236638e-01 1.356040242829419443e-02 2.588057845444447391e+00 6.253598076278422901e+00
6.844583904589460754e-01 1.540165739010267675e-02 2.836199599468227195e+00 7.451605181639528119e+00
8.382553962464290853e-01 7.487670100450085839e-03 2.722189971673958375e+00 7.659694884844824969e+00
6.322101507738293602e-01 3.236945750324362464e-02 3.186037937764444550e+00 1.682525769930127524e+01
6.326333304820975778e-01 2.267999069390826822e-02 2.940488716629572785e+00 1.022475925092271432e+01
6.816856174315080175e-01 2.778758751948822228e-02 3.143783220479360541e+00 1.298069500393945397e+01
7.523417357570874042e-01 1.334919989839017558e-03 2.626368434221630910e+00 7.196476516784843902e+00
6.915993724857735780e-02 1.866222044603751268e-02 2.663133435675668181e+00 1.188932938760471814e+01
8.997368928782908393e-01 1.275694063627939899e-03 2.634433429226972212e+00 8.146773186158025482e+00
6.560330477085436485e-01 2.109797113873935342e-02 2.877364158206236588e+00 9.108974504009143658e+00
7.290100383377798865e-01 1.477393569299159833e-02 2.608421893853579476e+00 7.549191207867967712e+00
6.511111904502664416e-02 1.356150316125796264e-02 2.583041566185337423e+00 8.239544389501910260e+00
4.756360661432412207e-01 2.019230353957025825e-02 2.762022296169662994e+00 8.873878743451275142e+00
4.066678094778785613e-01 2.343130776598352505e-02 2.860107055723254632e+00 1.195001400743968389e+01
6.653681515785626610e-01 2.347910133572593538e-02 3.043012304683480274e+00 9.713472560743362294e+00
3.128146012227014244e-02 2.174613822927469464e-02 2.964045321678523859e+00 1.482784311463335492e+01
6.200582735391464428e-01 3.099929971423457872e-02 3.193973312116782814e+00 1.644173896909923016e+01
5.704461416055793821e-01 2.501487572424307415e-02 2.912528085963344004e+00 1.248568021983955845e+01
1.852324783427439781e-01 2.865874409296911840e-02 3.110042129235424113e+00 1.805993535713702158e+01
5.875216372513979435e-01 2.606741517406950537e-02 2.995643127340019696e+00 1.369138916127148065e+01
3.401129473663373481e-01 2.133461028245703384e-02 2.732969675945659649e+00 1.060971707616925030e+01
6.143000300312250195e-01 3.064832418608133546e-02 3.017919183636754710e+00 1.837339607986605827e+01
7.626620084218351803e-01 1.519941964916115759e-02 2.810504006259276544e+00 8.657421381554870621e+00
6.128497695073978901e-01 3.307218071485854005e-02 3.244670860689897740e+00 1.903914695384085931e+01
6.326827668424392925e-01 2.307963079716421340e-02 3.095065910461868519e+00 8.645143121626599481e+00
7.987248224467368152e-01 2.778968293786578548e-03 2.693584424036592040e+00 7.629371829646137471e+00
4.172831793929311639e-02 2.020468779887549596e-02 2.973737178723204533e+00 1.069432373458025864e+01
5.381658331969413567e+00 3.417486814997272582e-02 2.368846846437704379e+00 9.168564350610427738e+00
6.842982074249557289e-01 2.065002891180579489e-02 3.052910207049169156e+00 7.832327490022622740e+00
6.477545206077262030e-01 2.798422274844497917e-02 3.082976049681160013e+00 1.386295049802463986e+01
5.233499800240350164e-02 1.569064367948475730e-02 2.670124394993721673e+00 1.079451233834909374e+01
6.268874055968547410e-01 2.444071044821632260e-02 3.045946125614841016e+00 1.134323823327001612e+01
5.773036694800187663e-01 3.116810217059035049e-02 3.040749661421246142e+00 1.932414376917314058e+01
6.474174200505721233e-01 3.156288979124910465e-02 3.264644494061536228e+00 1.638640762297465514e+01
8.297085232590205583e-01 1.033063264427758719e-02 2.619158440624567596e+00 8.225102072922840790e+00
5.876843744420999771e-01 2.977451375824554172e-02 3.325574699699218595e+00 1.262590134706242750e+01
6.559163265978327217e-01 2.186576649796599311e-02 2.834249719310278692e+00 1.151210428332312752e+01
4.275519559000403369e+00 2.220935292710814733e-04 2.446843045333950695e+00 6.627163516549791744e+00
2.132660879597248282e+01 2.971103544279877773e-01 2.083384515452423535e+00 1.903058120126799579e+01
6.008009992121394749e-01 1.813281130396129232e-02 2.744333698419086698e+00 9.075277777189738160e+00
6.747746666932047388e-01 3.047934190189768161e-02 3.051426246846283163e+00 1.699082704968483881e+01
6.058556947900403777e+00 5.693684589944057219e-03 2.316410160381126460e+00 8.670769780264091509e+00
8.678319503365829191e-02 2.647802194161282333e-02 3.044091256509473098e+00 1.920919771209511140e+01
7.581078421906993769e-01 1.598416906419186580e-04 2.560377946186766618e+00 7.787284008172249195e+00
3.466776031339519060e-01 2.315886416389789648e-02 2.804883713623893549e+00 1.241169985690067179e+01
7.042891736061445584e+00 8.271186410605386313e-03 2.423231532144913380e+00 7.942407893723224532e+00
5.932852155708330244e-01 2.047319805875753851e-02 2.804141878284149847e+00 8.647554922797798582e+00
7.656647253206572135e-02 2.265952982860523768e-02 3.107708485525090047e+00 1.212974127251322543e+01
6.547393822780945838e-01 2.099071654791869954e-02 2.808853533364536581e+00 1.108179559389171942e+01
4.860671941238002558e-02 1.706838520109535406e-02 2.720702713959306518e+00 1.034932845672561008e+01
6.272947064351566682e-02 2.016582624264427748e-02 2.993990231978826966e+00 9.412159126377995122e+00
5.075706515198936675e-01 2.614067537575694156e-02 2.969575393639974248e+00 1.134524409533137046e+01
6.462743088080434850e-01 2.402309503574108149e-02 2.907195326875907426e+00 9.556400741047147207e+00
6.245106261335333642e-01 3.424717480071169662e-02 3.353259116819338193e+00 1.849707992584483662e+01
7.932255766498838012e-01 4.760670293982245498e-03 2.635259812327668705e+00 6.491743360033679799e+00
6.804579668123484915e-01 1.698067771296464176e-02 2.725127262831509967e+00 8.219827272354738312e+00
5.914169173080154884e-01 3.145295777484318628e-02 3.134287076223927215e+00 1.588966772162880936e+01
7.588243465549865396e-01 8.872585857737423295e-03 2.610939605083866688e+00 7.027751981855932861e+00
3.483152528863461134e-02 2.168448978252598275e-02 2.933632001785610566e+00 1.489784772178944294e+01
6.444270581895524819e-01 1.878419607704507471e-02 2.971792617597517783e+00 7.894774443813935783e+00
6.312788706819514317e-01 2.859057931513448933e-02 2.987550324293746229e+00 1.708721994272589484e+01
6.770903252355797708e-01 2.753773549377337010e-02 3.025980061383108044e+00 1.460214937570949090e+01
6.422861196910412129e-01 2.572809448684925532e-02 2.897826977388344716e+00 1.547990098682512006e+01
3.057736628093649794e-02 2.068835039203197057e-02 2.850505245526600895e+00 1.490216485160434168e+01
6.168360259580255578e-01 3.156418739413153346e-02 3.143609128530039598e+00 1.950165663674878758e+01
7.062343248370865911e-01 1.803205763741335885e-02 2.835887331203785777e+00 8.654036111996694203e+00
7.013217139519516419e-01 1.758885383634332250e-02 2.906310113227991820e+00 7.307765069973589434e+00
5.821361253980563699e-01 1.021667882264668632e-03 2.569115646534607222e+00 6.286477052656593401e+00
5.753173917789913716e+00 8.092681590146314635e-04 2.516792826220541457e+00 6.905398194928591415e+00
6.736226111000062078e-01 2.316306870313596805e-02 2.928741275159296276e+00 1.142232757601506776e+01
6.846703862584423428e-01 2.095111914958449478e-02 2.966700368544499256e+00 7.138568575896703017e+00
3.828762999929575805e-01 1.997352072650674520e-02 2.802683395118663157e+00 9.131372923462972580e+00
4.222751468679210585e-01 2.662669828105724418e-02 3.048844176245353754e+00 1.368491964957750895e+01
5.780840524462978192e-02 2.089621788668847777e-02 2.858686035107113721e+00 1.334300464996348268e+01
7.091614938859817086e-01 2.028307694092740948e-02 2.851669414431516447e+00 8.700915928132545218e+00
7.847776553270107147e-01 2.533196130904842667e-03 2.670498592755888634e+00 6.776715941558067335e+00
7.620273371766179693e-01 1.909465517477797322e-04 2.485832226230996866e+00 8.107859321853593926e+00
5.992358159625782443e-02 2.334063298340051731e-02 2.949806086052630061e+00 1.365915653066079649e+01
4.837857633398717216e-01 2.241704125285432642e-02 2.791998906768557553e+00 1.091792560087256803e+01
6.571275657241699708e-01 2.508645887849857842e-02 3.034497095824860935e+00 1.228578528119751745e+01
6.570147820079799139e-01 3.228831246901868457e-02 3.192521395806954043e+00 1.843383145407018375e+01
5.741416073925870167e-01 3.334014958160096825e-02 3.167990722853524233e+00 1.988989115358700488e+01
9.643379367789375323e-01 2.208686488095360856e-04 2.506788669702550987e+00 8.323656655737259769e+00
6.194012669727413378e-01 1.591956339457096040e-02 2.811459983513710625e+00 7.614813163041064037e+00
6.019356760196422629e-01 2.205396357144622996e-02 2.808366557299502908e+00 1.034971447679038725e+01
7.303627154312732905e-01 1.464691373205686230e-02 2.844913969250654873e+00 6.753959896819786479e+00
6.399636722637073172e-01 3.162140514775898387e-02 3.289736757510811849e+00 1.502000359508924454e+01
6.569338470086212300e-01 2.464118925267941296e-02 2.933504146041544303e+00 1.294218444347677455e+01
6.046215858970215962e+00 1.063085668523410963e-03 2.533024339791944968e+00 7.335634326357954649e+00
1.075670142726687395e+01 7.928308494651244154e-02 2.294914345978733561e+00 9.569008268775272441e+00
7.109607325148308288e-01 2.779879654422709456e-02 3.023973340988604264e+00 1.468158648234967423e+01
3.524171719905386246e-02 1.697144199964701825e-02 2.709064329221300582e+00 9.294406049451851004e+00
5.435188343011611023e-01 1.830779076499417998e-02 2.733367873060964737e+00 9.275358452777890506e+00
7.173959418482653838e-01 1.528893167331217204e-02 2.664847935453303229e+00 8.887605852546084151e+00
6.884701125323081650e-01 1.601180544802825040e-02 2.851860833192771061e+00 7.494491339372970629e+00
7.984556858807545510e-01 9.341659987076671688e-04 2.669061613272808664e+00 6.627412269194440597e+00
6.297453472204737057e-01 2.910585225684053645e-02 3.020218868027136239e+00 1.600694348704506353e+01
6.435511582660387031e-01 2.218783169404599243e-02 2.797337415272698635e+00 1.037129090182177649e+01
6.593419639138425881e-01 2.657234555082372066e-02 2.986805440732372752e+00 1.207544144597370028e+01
6.523317118957242533e-01 2.420249000593864205e-02 3.046023025312610599e+00 9.551022181053969717e+00
7.344954920477972937e-01 1.429624613142278788e-02 2.699482503891685425e+00 8.018976487707139000e+00
4.881544274487717994e-01 2.553509519060299937e-02 2.831277987147678754e+00 1.199060113052035526e+01
5.570340936481924521e-01 2.992638189007038388e-02 2.981362226685155381e+00 1.881066236677056480e+01
6.355934270101093464e-01 1.569341449940874281e-02 2.632214626706514515e+00 8.009801119835547212e+00
7.482926064859959370e-01 1.978276104784956919e-03 2.653551586125724171e+00 6.770386944130306617e+00
6.535244305418215216e-01 2.289709085073809991e-02 2.966424652181814281e+00 9.298253973944866857e+00
5.583918631294640944e-01 2.699195374532629976e-02 2.957270466085360816e+00 1.361363459050837044e+01
6.301457026572684361e-01 2.957992287168945827e-02 3.142793153307617438e+00 1.374703244476355302e+01
6.851062609911764412e+00 1.752017797578134944e-02 2.424041589713389122e+00 7.683893062220709780e+00
7.873547597033013767e-01 1.114961119298488179e-02 2.652306578691394190e+00 8.636849606833379767e+00
6.348674243048126886e-01 2.924494022459539488e-02 3.191148843177223249e+00 1.277103463056832311e+01
7.025107965980479374e-01 2.321034349531943264e-02 2.956802213043061567e+00 1.067101562501754586e+01
6.384517500928278411e-01 2.663552444029351415e-02 3.121053780447319959e+00 1.013998675406338457e+01
8.678319503365829191e-02 2.647802194161282333e-02 3.044091256509473098e+00 1.920919771209511140e+01
7.145310471673099739e-01 9.306580865251328763e-04 2.586331703452243502e+00 7.160085908502182406e+00
6.997101202508477780e-01 1.904515023016806544e-02 2.720271387990305989e+00 1.170990305951655763e+01
4.378558955093327099e-02 2.698882314747661978e-02 3.117359233506355132e+00 1.973569174429024287e+01
7.136560165279782764e-01 1.955627495997312032e-02 2.833636568240496700e+00 8.024584222332787675e+00
7.873833549168399948e+00 3.754645275251269898e-02 2.287317622647188742e+00 1.051708550904638351e+01
5.675392674626502654e-01 2.679940348232106792e-02 3.116618931664948633e+00 1.356250821624667857e+01
8.372251249961942809e-01 3.258526726775862778e-04 2.514407679009201591e+00 9.448853376590932385e+00
6.110258826842578372e-01 3.545097534874436240e-02 3.358346986091965913e+00 1.777567728929685842e+01
7.025544291116339046e-01 1.991071687127943940e-02 2.925543668330183422e+00 8.216572676070963865e+00
7.257233012500091673e-01 1.152468935357235831e-02 2.737130875070088454e+00 5.675640898202660267e+00
6.671296088647493683e-01 2.550420531206252367e-02 2.967984524601279706e+00 1.293371619205617229e+01
6.644487777573195864e-01 1.736020078673256722e-02 2.878566207463642890e+00 7.165002632120694770e+00
7.230373361003800126e-01 2.340137372080321188e-02 2.964587957787672146e+00 1.159428426999908091e+01
6.571392301249410206e-01 2.865482023660223532e-02 3.120169589316311498e+00 1.432062790570819644e+01
6.875731878313373624e-01 1.600669166483379563e-02 2.629910442952388294e+00 1.008335242697881995e+01
6.250471795829003474e-01 1.956088166494129518e-02 2.936967457234197720e+00 8.158099526169223736e+00
5.469565030775923320e-02 2.095529869690230043e-02 2.872716684337611515e+00 1.291664701779860636e+01
6.824066780687784162e-01 2.277852784758448504e-02 2.962315732790873568e+00 1.086806738562401442e+01
5.984026919116104404e-01 2.602410370579933199e-02 2.997527080389597032e+00 1.169789928375246468e+01
6.671265908565284786e-01 3.144733699871440913e-02 3.134991269561847371e+00 1.920483960323823069e+01
6.027395316698769268e-01 3.220861968830115996e-02 3.146367278707743687e+00 1.936242271991234531e+01
6.347286099254579872e-01 2.784901176169602213e-02 3.024167956977734217e+00 1.624264055414711549e+01
5.414749814138818118e-02 2.073853022225618722e-02 2.864892668334352965e+00 1.375053526262263048e+01
7.974924077566484248e-01 1.004740469357895654e-04 2.647580246384674041e+00 6.509611723356177215e+00
7.018202940222852959e-01 1.572882141209194437e-02 2.897661509859386086e+00 6.051732287494366425e+00
6.911761092446995214e-01 2.363072848928721853e-02 2.975372617825061461e+00 9.279073507390231512e+00
7.567104211314595874e-01 3.488639344492603690e-03 2.646241973733244990e+00 6.890614496308343995e+00
8.341568805896368843e-01 5.453095761890415808e-04 2.706586619854228104e+00 7.706988605395183711e+00
6.453157063227478174e-01 1.675943273946195813e-02 2.780728018196850115e+00 7.336847202915782518e+00
6.764636150310754381e-01 1.992017654844682739e-02 2.732005575502922223e+00 1.203078220352477068e+01
3.104195734035002444e-02 2.379307203465339318e-02 3.010172038462217703e+00 1.658205752561220692e+01
5.252799838301912272e-02 1.914528880588971249e-02 2.863266540311106834e+00 1.159601819369980724e+01
5.084841687213784711e-01 2.303972728664337513e-02 2.881745518125191641e+00 1.131410524297641373e+01
3.397227106669401669e-02 1.516694362183086502e-02 2.740295835507560618e+00 8.644763643684767018e+00
5.853984627153450138e-01 3.335936687951625984e-02 3.074462686135908562e+00 1.880830157285629411e+01
5.471544624636316412e-01 2.369174698955327923e-02 2.875638725664179773e+00 1.215168801288267986e+01
6.542779762751342876e-01 2.099805086408523466e-02 2.882403436597166468e+00 9.668774306339610547e+00
8.768299499111512629e-01 6.749225142099714997e-03 2.633014889108291179e+00 8.036586617749966521e+00
7.896222618893556700e+00 2.157424092849327419e-03 2.433205568210438763e+00 8.407678381234703124e+00
8.319257089827827301e-01 1.293794308361975211e-02 2.809794704877071947e+00 7.309614091592536056e+00
1.202992560140528217e-01 2.107273561135208570e-02 2.908176709050667164e+00 9.908886629327227524e+00
6.219314927355948930e-01 3.041602202672550118e-02 3.220211605247349063e+00 1.554498905815475140e+01
7.199077958219246565e-01 1.444084638969340625e-02 2.684862523938147838e+00 9.233786227716063166e+00
6.770631066547595500e-01 2.657451603031031617e-02 3.043685040085950533e+00 1.351078472896796967e+01
5.312635458961401103e-01 2.764088386995440169e-02 2.947321391211226604e+00 1.429861018278232798e+01
6.177583630173754115e-01 3.064999143548508345e-02 3.035471239171515290e+00 1.580444190205446731e+01
6.408953700357722383e-01 2.696701194177390445e-02 3.063846263621610611e+00 1.246048544765426414e+01
6.816196696973370051e-01 2.105810515347556616e-02 2.803291039439839150e+00 1.068318164289432382e+01
4.641230654668034306e-01 2.643656998910536363e-02 2.991085293737275386e+00 1.251717277706061360e+01
5.854956708944617505e-01 3.152329991121891051e-02 3.143633893759094633e+00 1.811698422514298557e+01
1.182793637276649129e-01 1.712586954827871946e-02 2.779386368092328752e+00 9.051724050768513052e+00
7.068805603628165457e-01 1.524533500814043672e-02 2.754945131852706730e+00 7.695131223391697972e+00
6.776103065150269611e-01 2.155468474366312517e-02 2.972014353545517906e+00 9.589348927643307263e+00
7.898116557471850374e-01 8.402122064245205009e-04 2.765649672568778250e+00 6.240754566840140960e+00
4.550541114328980008e+00 6.683032932766599411e-03 2.309295121051521349e+00 9.162069610441948342e+00
6.179796311580904034e-01 3.296291663558411494e-02 3.261877250354789481e+00 1.690958867432352974e+01
6.603822415472470064e-01 2.478339106768305544e-02 3.061633461338271633e+00 1.061064845061621043e+01
6.366508405130965054e-01 2.429667882342400470e-02 2.962321227880204688e+00 1.100027961678725852e+01
6.043386806167749814e-01 1.446059813812537211e-02 2.761891372738989325e+00 7.270276407456241152e+00
8.687307372267268069e-02 1.767088591722260418e-02 2.758230216017081293e+00 9.726117873708860273e+00
6.559015417198126308e-01 1.875969413541575884e-02 2.830698979593762488e+00 8.066865682311036068e+00
7.715273186213864598e-01 1.377893919059343733e-02 2.717340660751847992e+00 8.655321470996671707e+00
6.948433942917032757e-01 2.059265816232646110e-02 2.819517868155439366e+00 1.126411646597538763e+01
5.571256890647519056e-02 2.164391350697585439e-02 2.928068339162055889e+00 1.226915153266122083e+01
8.095944095732507950e-01 1.153441895717361755e-02 2.571412417756854030e+00 8.192000580232317475e+00
4.178235391317772218e-02 1.736294843152224460e-02 2.784796721099912276e+00 9.891180506474920975e+00
5.442175316590145417e-01 3.005863005984377515e-02 3.187803223963920907e+00 1.541563577232011006e+01
4.472205685803371189e+00 1.530420287004830493e-03 2.376252887762130950e+00 8.372991537388415395e+00
6.462743088080434850e-01 2.402309503574108149e-02 2.907195326875907426e+00 9.556400741047147207e+00
7.283972884874423848e+00 5.890848804631346192e-02 2.278485495139010553e+00 1.147411623055157648e+01
7.021364976688838633e-01 1.885687307651090494e-02 2.870234884909129924e+00 7.188762059890860812e+00
5.965722179532808589e-01 3.529088961726803420e-02 3.343079312227936750e+00 1.755395536685135482e+01
1.991128411692734446e+01 2.190511345149892541e-01 2.226026202783640606e+00 1.225282446123824442e+01
7.526941773900225341e-01 1.323923574303879393e-02 2.822273924815736912e+00 6.779631276457103617e+00
3.919171919604031440e-01 1.508070864025207874e-02 2.658133351393512811e+00 7.395125085125986431e+00
6.944087897791273445e-01 1.399186155699874527e-02 2.740503452516466432e+00 7.525272572391076942e+00
6.852031739878434724e-01 1.447068259240364904e-02 2.725873839548682120e+00 8.102864352007927096e+00
7.087293658521817141e-01 2.003441343140806644e-02 2.908777452559935917e+00 9.690989795420257735e+00
5.573915333884107426e-01 3.033273093027255563e-02 3.122195761145800663e+00 1.587848588912099501e+01
7.628021851478620219e-01 3.608879065057225941e-04 2.679399874131742632e+00 6.166210866461513618e+00
5.879545079575607680e-01 3.399272172713762447e-02 3.287881394782356637e+00 1.690323460996517468e+01
6.258022627884102240e-01 2.400892170269525172e-02 2.983182759675499174e+00 1.129173033682257810e+01
5.863760423731934068e-01 1.816749049621368614e-02 2.603001402194159208e+00 9.473263347356137842e+00
7.793449924927003947e-01 3.247301819093200564e-03 2.575573024036725833e+00 8.644605068242704249e+00
1.115852325644981491e+01 4.098744661322104802e-04 2.485159891594334702e+00 7.739047947256382010e+00
7.678697189571493942e-01 7.261135473861111966e-03 2.692983795797829316e+00 7.354894120603916896e+00
6.669819268573186077e-01 1.868543091666774458e-02 2.900980815762754794e+00 8.838432945876636637e+00
6.147555384321274907e-01 2.848848939075245695e-02 3.059159646616285144e+00 1.380745208017847503e+01
7.084758354140051617e-01 1.951135726735115858e-02 2.816505869626531933e+00 1.037925485355317434e+01
6.994492081190301080e-01 1.828444080125818383e-02 2.829501073213947393e+00 8.766551974764320576e+00
5.890543396923603181e-02 1.604858428751826036e-02 2.747420198314586059e+00 8.099696240547338277e+00
6.865528063225044830e-01 2.107616146080597969e-02 2.869397298160076382e+00 9.741357274445794800e+00
6.510527822036973333e-01 2.773390595561229729e-02 3.097750576357345853e+00 1.303716488140000784e+01
7.590458195311119427e-01 1.642145662483019547e-02 2.809450844813546677e+00 9.072326549633920934e+00
1.985468185970694355e-01 2.953265539774328763e-02 3.025713307998307400e+00 1.735592899345147089e+01
6.914568312209000700e-01 1.653026511131470630e-02 2.921760095053850925e+00 7.645282414530052861e+00
6.771346933781122956e+00 3.575290834408402247e-03 2.414445607310274688e+00 7.713829796573465458e+00
6.374642820174212243e-01 2.237085154075292223e-02 2.879422015330585172e+00 9.795850948805506775e+00
7.312009599212228039e-01 1.019599607006917760e-03 2.666831347750257208e+00 5.839073178790512131e+00
7.050933784415561734e-01 1.733807074729084088e-02 2.781058824858189560e+00 8.460744383991338324e+00
8.375571601596398796e-01 3.504147534799432161e-04 2.670947907428588231e+00 7.319862356099404721e+00
5.868307304048107076e-01 2.621359014220546457e-02 2.970758705413167888e+00 1.288371307864199444e+01
6.310313853453663135e+00 2.549148737978763814e-03 2.431504080743828844e+00 7.740442983792041431e+00
6.013443743713754452e-01 3.218861897307504633e-02 3.279463464041283416e+00 1.755058969498240984e+01
7.649498710462880879e-01 1.793921480763522929e-03 2.633188906898170423e+00 7.354499749337513492e+00
7.864417677328031653e-01 8.398263465104468389e-03 2.658640847242514482e+00 7.219206228058536290e+00
8.221111630812888427e-01 4.196904648921481219e-04 2.667964822307497652e+00 6.655678514782958466e+00
6.228519328948005640e-01 7.045276791756866505e-04 2.616052544620407261e+00 6.124322201323203707e+00
9.160613217087623106e-01 3.067656235089823245e-03 2.579287199648329754e+00 8.570657619636433466e+00
7.534947064454211585e-01 1.653626795276188707e-02 2.580281657469989387e+00 9.644032794919745299e+00
6.923127557877258031e-02 1.995919279947213146e-02 2.855042883290431099e+00 1.127820986809135562e+01
3.222563990311229642e-01 2.306855109116277142e-02 2.911975911794012717e+00 8.769646085512519562e+00
6.555235262603359425e-01 2.816328753304196686e-02 3.054072130234797289e+00 1.287051903000892317e+01
6.770608857014315252e-01 1.760624466817103939e-02 2.733281099519784263e+00 9.228335579357262120e+00
6.983906924350352652e-01 1.558694666701652617e-02 2.774862256071948252e+00 7.376335747617131844e+00
4.229063012786708597e+00 8.683083906967113685e-03 2.357151709384407656e+00 9.361580388937399633e+00
8.116974887006724870e-01 7.258151678477053198e-03 2.503859862684473914e+00 9.362441397286504596e+00
7.930887356771884056e-01 1.617420870588434298e-02 2.860836354070758425e+00 6.515939910817565739e+00
6.079036732112302666e+00 3.244681672256811977e-02 2.365143155989211987e+00 8.857144637038031121e+00
6.279299086967410348e-01 1.885083255903723110e-02 2.800229500053519782e+00 8.485518725403306206e+00
3.127333972049707711e+01 4.180043098840164895e-01 2.102232058614288412e+00 1.323788336360935070e+01
7.122244915663067388e-01 1.835337410165352803e-02 2.879399897142792319e+00 7.623669759735584250e+00
7.318732406478570818e-01 1.595981174737736916e-02 2.729790242793664223e+00 8.905435091335473174e+00
4.820436844891332062e-01 3.339585515764596779e-02 3.166859205774580577e+00 1.918448783973365224e+01
6.784166927274271064e-01 1.834299851586050981e-02 2.790460751674674000e+00 8.858846201765283368e+00
4.178235391317772218e-02 1.736294843152224460e-02 2.784796721099912276e+00 9.891180506474920975e+00
6.446815496108415644e-01 2.228126461534333733e-02 2.951869946472807094e+00 1.083735704330306859e+01
8.153506919849338175e-01 8.495424534252822221e-03 2.665161752081273150e+00 7.692942662206042392e+00
3.860462060306448784e-01 1.491608042722064077e-02 2.594150809663319013e+00 8.589411040406169207e+00
7.468698738055458419e-02 1.461703732033284471e-02 2.688479380113190764e+00 8.171338129238723269e+00
6.822274068642402156e-01 1.836828298758602651e-02 2.697852839975492856e+00 1.008481980557339241e+01
7.039271680265124509e-01 1.212975924024553391e-02 2.613000808429508659e+00 8.481035102626062638e+00
6.798384828857082507e-01 2.274184612935177541e-02 2.944655896940521433e+00 9.194112595200472526e+00
1.152249003339927830e-01 1.895105521434193793e-02 2.754841133771885886e+00 1.062347005121694998e+01
7.518170222257960500e-01 6.307860048896222344e-03 2.622405863066597842e+00 7.411112103601978696e+00
7.099809494097043538e-01 1.656095768236394775e-02 2.864399684835344129e+00 7.474644312278529767e+00
6.433635780104143276e-01 1.963479480546833494e-02 2.672551043673878635e+00 9.904060901112558213e+00
3.468707319846632231e+01 5.465961794292100162e-01 2.109755480085870882e+00 1.887537095490375094e+01
6.623730403756606933e-01 2.708463340582462422e-02 3.073401282370663345e+00 1.211123500120192098e+01
1.019802000114773843e+00 7.086827339586682963e-03 2.597925335027597704e+00 9.825380204056969546e+00
5.658025647421395021e+00 6.940835998600741394e-03 2.458947891287369902e+00 7.719894111224117950e+00
7.978409180675470225e+01 8.794636179480038729e-01 2.167340791739297945e+00 1.361598407173505620e+01
5.773828790177707448e-01 2.239214007328946612e-02 2.819546851287960454e+00 1.015966479370590925e+01
7.199929229579348222e-01 1.696122288924599084e-02 2.720554217498483585e+00 8.501913720689900700e+00
7.112557328414290669e-01 1.274567621630288625e-02 2.685219560514548576e+00 7.863490361267099438e+00
