weight logl Mphi g si norm
0.000000000000000000e+00 -1.660610614064668880e+03 5.827520346597608381e+01 3.242144387670929835e-03 3.472234292404377864e+00 1.911685031181980321e+01
0.000000000000000000e+00 -1.582161776002474880e+03 6.778455256577655064e+01 8.334741555297731086e-03 3.463323214449605558e+00 1.802339250500200407e+01
0.000000000000000000e+00 -1.564589916617203926e+03 6.964410513826600813e+00 1.224289233202287871e-04 3.423376366574361729e+00 1.927804477332777111e+01
0.000000000000000000e+00 -1.373305508082500864e+03 1.576532461751290193e-01 1.238403585322709092e-04 3.327062631112303492e+00 1.962739375610682302e+01
0.000000000000000000e+00 -1.369212798122899585e+03 6.356934696106590899e+00 8.192792922773734984e-03 3.485969325082659331e+00 1.386897517499471277e+01
0.000000000000000000e+00 -1.301170702183092317e+03 2.772884325846482145e+00 2.006450009643409582e-02 3.357683350655760179e+00 1.783020529019287892e+01
0.000000000000000000e+00 -1.242017108354905304e+03 9.981604712724586648e+01 3.089484253529747315e-01 3.394046077521052140e+00 1.494018014389241600e+01
0.000000000000000000e+00 -1.219786041729744738e+03 3.486533993460164460e+00 1.687324038905161890e-04 3.341783009329498011e+00 1.639826854666942069e+01
0.000000000000000000e+00 -1.136568759034954610e+03 7.507711776434559947e-02 2.442059062533027264e-03 3.212285978779443330e+00 1.991103517168993875e+01
0.000000000000000000e+00 -1.098820636139644648e+03 3.215334959467214038e+00 7.369517102499277550e-02 3.437304984337650193e+00 1.927344346983248258e+01
0.000000000000000000e+00 -1.081547790950354965e+03 6.748982945571833625e+01 3.283982935094239552e-01 3.419389346996437151e+00 1.201032056937518711e+01
0.000000000000000000e+00 -1.066174918997664690e+03 3.644230698162433058e+00 3.879173134963894744e-03 3.426185775826944280e+00 1.163510989168037213e+01
0.000000000000000000e+00 -1.058353945007739412e+03 3.252465472829935322e+01 2.742503287138018525e-03 3.360762954844978001e+00 1.331700933818529364e+01
0.000000000000000000e+00 -1.015385807615830117e+03 7.988504137466577504e+00 1.160945977576258448e-01 3.400231633934805764e+00 1.330288055639034717e+01
0.000000000000000000e+00 -1.009802068976724740e+03 8.022131347665235523e+01 9.466021025479144368e-01 3.385571454588816476e+00 1.319051069113632302e+01
0.000000000000000000e+00 -1.000528375143586914e+03 5.102629532283529556e+00 4.542243790971847218e-04 3.379291943892535066e+00 1.202783699870189338e+01
0.000000000000000000e+00 -9.515796275040635237e+02 5.757822715924525436e-01 5.269399522825799712e-04 3.463763168515418656e+00 1.228075305894945402e+01
0.000000000000000000e+00 -9.097607369374579775e+02 6.188107596608323213e+00 6.925146112855501499e-04 3.167346767776636263e+00 1.742356423284061151e+01
0.000000000000000000e+00 -8.822954200684371244e+02 5.035956223255600150e+01 1.588642011393294126e-02 3.113146702176286418e+00 1.896741790059057209e+01
0.000000000000000000e+00 -8.751373439963825831e+02 2.254473926338991774e+01 3.495121563516076502e-01 3.329442633607892610e+00 1.385735119739974053e+01
0.000000000000000000e+00 -8.287906035017207387e+02 3.741254950634578336e+01 1.137104476741079284e-01 3.212284610857637723e+00 1.443472810954014562e+01
0.000000000000000000e+00 -8.021800289794916807e+02 4.542677247122539086e+01 1.503727442706815059e-04 3.252079422515377072e+00 1.282328295729838530e+01
0.000000000000000000e+00 -7.939133188693828060e+02 2.796963480214010866e-01 2.227128499677714501e-04 3.411432745364604724e+00 8.848713929120689770e+00
0.000000000000000000e+00 -7.935564629041441549e+02 2.255288870841521742e+01 2.023139014227764824e-04 3.144435169588381207e+00 1.609080623857858683e+01
0.000000000000000000e+00 -7.818113818473871106e+02 1.074488710109842843e-01 1.359467685467221829e-04 3.475224878384980620e+00 7.515573555848916065e+00
2.348914153036397965e-314 -7.310124963920609389e+02 1.851501452080949051e+01 5.004893540743049485e-02 3.227065838033734479e+00 1.247299691030775470e+01
2.614775575133799035e-314 -7.309027712792843658e+02 4.161986659515250903e-02 1.120807425910327844e-04 3.146291057874935682e+00 1.491380459761505151e+01
1.455181726467265447e-304 -7.084604678302511047e+02 6.669557016001627370e-02 7.121465395052195384e-03 3.291546591288331935e+00 1.105489737037226305e+01
3.821000470451576541e-296 -6.890719055854514181e+02 7.768382617414262281e-01 2.112585702688259733e-03 3.191439736662208482e+00 1.969390398468497949e+01
1.940936891621135707e-283 -6.598131408777906017e+02 3.799652666668593137e-02 3.652627797758167122e-04 2.989252290773131815e+00 1.919260104179323889e+01
3.079217914592010576e-282 -6.570465509342145651e+02 2.158940557917939529e+01 1.359787646001815731e-02 3.342641202442428128e+00 8.738113427440197256e+00
5.519537601475655522e-274 -6.380397517422380815e+02 1.852124698097354916e+00 1.704533162955969891e-04 3.455908691499947505e+00 6.870392471110654320e+00
5.031911847352436419e-273 -6.358271607373427514e+02 1.273181997812109223e-01 1.730277419016864834e-04 3.327790427223238812e+00 8.795764351741308218e+00
7.498933750259212389e-263 -6.123998489644317260e+02 2.741977827614302310e+00 6.434492585980785368e-04 3.207224995694852865e+00 1.132138991234096714e+01
3.904374160259921359e-257 -5.992345017460820600e+02 3.040653256937060345e+00 2.466080123759806599e-04 3.123223047083521831e+00 1.341899188835160217e+01
8.238587959891874744e-257 -5.984852702851248978e+02 3.262538697981306246e+00 1.298530029712459703e-03 3.066853565363577339e+00 1.521322804231185799e+01
2.555428003172149024e-251 -5.858378689667616754e+02 1.911925556413497063e+01 1.358951348833875529e-04 3.083500820124603692e+00 1.430292280055808085e+01
4.568223201012879158e-247 -5.760441239873025552e+02 7.161868440364917099e+00 9.932288557687270116e-04 2.976360721601616355e+00 1.786926779397290233e+01
1.203451695495776977e-242 -5.658626290146130486e+02 7.447119303026413206e+01 3.417952912061010193e-03 3.187587557123996884e+00 1.104900347530518445e+01
3.345383655916513119e-241 -5.625351563800218173e+02 7.876775990128959126e-02 1.957318959101283194e-03 3.092926478010881830e+00 1.358951898956751769e+01
3.768001911421453346e-238 -5.555059376193927392e+02 2.572516301847848075e-01 8.509745685011952526e-03 3.337284747155520037e+00 8.199489308914214902e+00
7.043601970316592297e-237 -5.525752777075541644e+02 2.854308683554911408e+00 1.179520405582129414e-04 3.221847809208385094e+00 1.006156643494878011e+01
8.696032551127094888e-233 -5.431516901253721699e+02 4.994265034472610942e+00 3.909624913179125306e-04 3.378588748085354254e+00 6.817736793279100205e+00
1.181634706395836647e-231 -5.405399880082492245e+02 3.839044470351385963e-01 1.225275428801424118e-03 3.020372049020964234e+00 1.663123277002682698e+01
3.017010654604529548e-225 -5.257846097827679159e+02 4.068750192701185014e-02 1.303193239930190012e-02 3.324783110459547331e+00 1.257109134642732329e+01
2.996536645224087403e-220 -5.142759936393077851e+02 8.720603508603005594e+00 9.441557446870528156e-03 3.214493050265754270e+00 9.616754846767628706e+00
2.169659057203050679e-219 -5.122937956777852833e+02 2.794721228564824145e+01 2.878656316218674779e-03 3.074750364438411321e+00 1.319198348594309245e+01
8.222097303797548515e-217 -5.063538702075380797e+02 1.242960382368803601e-01 1.213765166572086098e-03 2.889203515160806646e+00 1.937195531132202930e+01
4.909086629423945410e-216 -5.045645225355336834e+02 1.273497813272092216e+00 1.037200670153556566e-04 3.079522051592666454e+00 1.515565116257544709e+01
4.054264737502798454e-211 -4.932404156238592350e+02 2.501111854622105568e+01 2.829604829446621950e-03 2.869145411034764948e+00 1.979817839695757442e+01
4.664418747530799761e-198 -4.631641155356861645e+02 5.225783802286879665e-01 2.821074281498498035e-04 3.493490825005188594e+00 5.769203605205196261e+00
2.252041123367743063e-196 -4.592845716067030821e+02 3.380909398130879651e-01 3.503382573822798936e-03 3.287854430703820885e+00 7.920420398572849408e+00
2.317371801256048897e-196 -4.592534748783953660e+02 1.104598463810598652e+01 1.408676142577875226e-02 3.366984683685647184e+00 6.125872011277735396e+00
8.354570176456094390e-195 -4.556660147689843257e+02 2.511534992639347408e+01 6.968562000639281356e-03 2.919871114226405329e+00 1.691399854694974891e+01
3.790327625864523964e-193 -4.518487008384748265e+02 6.750679854167242411e+01 7.932373814216986396e-02 3.495915005514087515e+00 4.357961354207355420e+00
1.132808751837589112e-181 -4.254229320129508096e+02 3.392535237405294168e+00 8.658295607673625926e-04 2.879621744075151035e+00 1.782546285162657895e+01
1.346258856406129093e-173 -4.068271219107297156e+02 1.282462393176420912e-01 1.304522981010633855e-03 3.154575382067377198e+00 9.374804339226638916e+00
1.705516087980762337e-173 -4.065880836829395548e+02 6.366148264864776252e+00 1.261409162433791212e-02 3.187664013570938426e+00 8.627108596412611519e+00
3.939657702117487441e-170 -3.988406023178884539e+02 3.210696216236117806e+01 3.717177141764157382e-04 2.992008230508914846e+00 1.331011773276245336e+01
8.176781766340274263e-164 -3.842923869557206444e+02 1.771159298145096272e+01 9.046135635122067031e-02 2.906981744543925217e+00 1.561407718096008956e+01
2.058629105564071496e-163 -3.833665602302970683e+02 9.570206807902438939e+00 1.103721953180975988e-04 3.135947995340583105e+00 9.401193536592971967e+00
6.306985397713942153e-156 -3.661263470454442768e+02 6.965687809765313432e+01 1.453649684894908474e-04 2.982978746862743336e+00 1.284973986731158213e+01
2.084352976818945359e-155 -3.649284612806563359e+02 3.784102324657877858e+01 1.059935836888097581e-03 2.900251507018656305e+00 1.526995936478597748e+01
2.154559065346955820e-149 -3.510773231143417092e+02 1.894988085983930759e+01 7.744965398515838428e-01 3.361501490578290507e+00 1.532538656944775823e+01
5.280658416541098698e-148 -3.478757733238738297e+02 7.465814466040065156e+01 2.771005870808277587e-04 3.107664780566357976e+00 9.416738036645918797e+00
1.140030185778921007e-147 -3.471036842801167381e+02 1.333645946065560306e-01 1.937154959524697232e-04 3.316121292497285822e+00 5.660671836227838760e+00
1.455118367986203731e-147 -3.468571517710436751e+02 8.824846780623311904e-02 1.247786564065532858e-02 2.959241499964175848e+00 1.851874642996943976e+01
2.170438218057435357e-147 -3.464548099299562978e+02 1.239575393341759657e+01 9.740210317109770964e-04 3.046351050693577367e+00 1.078849725865770814e+01
1.704615476729268807e-145 -3.420887292764824679e+02 4.290204626196200688e-02 1.864608425754413299e-04 3.303830072727025335e+00 5.780893345043616627e+00
6.579085190615275259e-141 -3.315253327560718049e+02 5.990608749614241724e+00 8.868112135240316385e-02 3.100152102655301167e+00 1.027771038787194691e+01
1.418109232051653322e-138 -3.261496487263600557e+02 8.374529887063447120e+01 3.332186838317444653e-04 2.840665138870259732e+00 1.610219995045682495e+01
1.337720734914300815e-134 -3.169951655903823280e+02 7.118099000058268189e+01 3.457081378884901621e-03 2.820453551110478241e+00 1.648249735239761549e+01
1.458587572352864849e-133 -3.146035791677348925e+02 1.275326690931367324e+01 1.078038570665988682e-01 2.916535317795845295e+00 1.383544183931893734e+01
2.954355373782652041e-133 -3.138952672395690797e+02 1.833730048167710125e+00 3.867107710806716708e-03 3.375813086227275939e+00 4.410176987386912550e+00
4.117635933608413960e-133 -3.135607685228578703e+02 2.711175886004600688e+00 7.685296273987579467e-04 2.781817766519992574e+00 1.810013957928797623e+01
7.111495591259192149e-133 -3.130118351469267282e+02 1.964704013481361855e+01 2.755863047403194974e-03 2.812536656695485249e+00 1.660544315296743889e+01
2.191574435539999882e-131 -3.095812573271544466e+02 3.130191675046802291e-01 7.409679043859489786e-04 2.720107499289678099e+00 1.980153781742690811e+01
8.168319895943365616e-131 -3.082631142883882376e+02 5.104670015818287965e+01 5.604067959170274671e-01 3.171706189435836265e+00 7.751457587037398511e+00
7.191806940290415408e-129 -3.037827648938990706e+02 1.177184779463511077e+01 6.071659000234733844e-02 2.936657117477630141e+00 1.268964513740193745e+01
1.194030334312899766e-128 -3.032732878337693023e+02 2.207038550743342853e+01 6.169258363347107643e-02 3.153457099864167112e+00 7.740369313624253067e+00
1.633685049539495049e-125 -2.960495287453373976e+02 4.249499934594314965e+01 5.368513816578389863e-04 2.798615349574684164e+00 1.653587477917068327e+01
5.142969956919544717e-125 -2.949002362498291063e+02 2.202046077898143750e+01 1.467121285056182973e-04 2.698642580231074284e+00 1.987796579979626443e+01
3.937648216459245964e-117 -2.767441025853859742e+02 6.613486378495498741e+01 1.786561004853133182e-03 2.998158575911824109e+00 1.049572755777999156e+01
5.116290442921059923e-117 -2.764797565775137400e+02 2.750766921733137083e-01 5.308862095340244076e-04 2.833722108597188871e+00 1.484696941067720388e+01
2.112898914317588532e-114 -2.704538700545205074e+02 1.413853630885301416e-01 7.245230977752502733e-04 3.099822573474778409e+00 8.196832913492865913e+00
7.127182121097848481e-114 -2.692355150102463881e+02 7.919223353956824951e+01 6.443246993453931662e-03 2.998876223538181396e+00 1.031315687145530546e+01
4.572466187801904800e-110 -2.604665378735759873e+02 2.664574798830616764e-01 8.707442462971890507e-01 3.281710278857608465e+00 2.239263275487604510e+00
4.561988364861083931e-110 -2.604663320067343193e+02 1.068115925751395023e+00 9.784553498073186306e-01 2.229789951636923284e+00 2.287719337625712779e+00
4.551783962788221096e-110 -2.604660713442929705e+02 1.056103573276633845e-01 6.139274243927903552e-01 2.417014851551616772e+00 1.291441060124866924e+00
4.542048697680359393e-110 -2.604657124148823186e+02 1.902298684206144008e+00 6.608048971086668555e-01 2.810485001084888079e+00 1.167214385861980563e+00
4.530954470943117656e-110 -2.604656579628580744e+02 2.177267140775946408e-01 8.968834521203479238e-01 2.641169433372572595e+00 9.330175757050904295e+00
4.531216498308530551e-110 -2.604631001340295597e+02 8.296313278587786888e-01 7.185617410211128098e-01 3.006616195359225863e+00 7.852776775054563174e+00
4.522519318852533235e-110 -2.604625213701484086e+02 3.352350949987921713e-01 8.313926020634734293e-01 2.199575319371426474e+00 1.352669804105881113e+01
4.514185955202789934e-110 -2.604618657073839927e+02 3.576892406381792372e-02 8.212523331362329149e-01 2.066806315143248973e+00 1.682691651891570217e+01
4.504005546354716882e-110 -2.604616234578810463e+02 7.832903542201704594e-01 8.204444193163829002e-01 2.559736885638407067e+00 1.695210478299177481e+01
4.494462254158419364e-110 -2.604612445513795933e+02 7.194609686525406389e-02 5.993249204773942740e-01 2.791830545065602465e+00 1.178794027688192614e+01
4.487196010657715807e-110 -2.604603625699841132e+02 3.116248723479151828e+00 9.729239879009506931e-01 3.026399822259224770e+00 2.831224552390536608e+00
4.476129871482239657e-110 -2.604603317750411406e+02 2.123215419661725889e-01 6.953606756712201742e-01 3.387462668109639807e+00 1.848389626928655716e+01
4.478452582270100728e-110 -2.604573129991290443e+02 5.457663212840308670e-02 5.288687894536522327e-01 2.478019751664375381e+00 1.014328315201684738e+01
4.468286488786100318e-110 -2.604570855808548799e+02 1.533275632250179710e+00 6.744500548648508786e-01 2.337693286222588540e+00 1.016662995566374228e+01
4.461232164071857521e-110 -2.604561655822986381e+02 1.545488532526944903e-01 4.356454231479783834e-01 3.385337161144138740e+00 5.134066557608480075e+00
4.451134701284520967e-110 -2.604559315274196933e+02 1.309384423410512088e+00 6.478495872034863989e-01 2.656435293569709977e+00 1.272211013114046274e+01
4.445036783050696062e-110 -2.604548024360627210e+02 7.871146561939572350e-02 6.748951461107776106e-01 2.151892982616756100e+00 1.975000008425958953e+01
4.445312038392179321e-110 -2.604522405137811347e+02 9.149201256158185913e-01 6.335849449842070324e-01 3.431578046119565961e+00 1.584121767124513624e+01
4.462136357702480181e-110 -2.604459629248310080e+02 3.007969064047642416e+00 5.039489598671208492e-01 2.106554087296830247e+00 2.655456694329273226e+00
4.452733663395772236e-110 -2.604455723661960178e+02 7.008174048899628028e-01 4.699441704168492162e-01 3.039141082704161612e+00 8.583997609564979925e+00
4.451156513149521756e-110 -2.604434266271384786e+02 5.240319131749644060e-02 3.062517257039913954e-01 3.416118612613964434e+00 3.458872122361683399e+00
4.455568656136334018e-110 -2.604399358828943605e+02 5.291059648557739498e-02 3.620527616817890704e-01 3.468799111879673713e+00 7.578004772073692941e+00
4.458761084502097786e-110 -2.604367196364473216e+02 6.043350962544310478e-01 4.985778504037789438e-01 2.746513975169071919e+00 1.604651391118364501e+01
4.447885969158365505e-110 -2.604366616599568829e+02 1.951976790479672541e-01 4.168778540564395674e-01 2.269953241445781256e+00 7.525080896563821398e+00
4.444907022859520619e-110 -2.604348316286411773e+02 4.926640560531607427e-02 2.605138931324493812e-01 3.362844475882096340e+00 2.553037481929550712e+00
4.448291838159398334e-110 -2.604315704142533718e+02 1.703589107122331914e+00 5.906302567612834453e-01 2.125204243773716861e+00 1.552594597008318900e+01
4.507743149348066213e-110 -2.604157939622228923e+02 2.832631509912145185e-01 2.910928861487103725e-01 3.175496400517135331e+00 4.312123165125396618e+00
4.509967091970639073e-110 -2.604128007233389326e+02 7.316378006709530757e-01 3.889033095709881205e-01 2.717929649078168808e+00 9.735968199106613596e+00
4.511843021311080173e-110 -2.604098848579318997e+02 1.501585137294302319e-01 3.809779735735231432e-01 3.009933344051168636e+00 1.743970486029406430e+01
4.531545568182574697e-110 -2.604030275138125035e+02 1.437759683645517816e-01 2.835236763449786035e-01 3.021955052602110392e+00 6.058501848277117574e+00
4.586187346768906992e-110 -2.603885415446547427e+02 7.375769003021674930e-01 2.712455055130277848e-01 3.150102775172885394e+00 3.376760141334155918e+00
4.583160640685715368e-110 -2.603867017238075618e+02 1.369082850311757749e-01 2.521741691732286572e-01 2.281870984505370181e+00 2.921969684925473043e+00
4.574091335251007157e-110 -2.603861825163911590e+02 6.508560898461448474e-01 3.748164725126780228e-01 2.599253283172771489e+00 1.250953589466231186e+01
4.580535235317569720e-110 -2.603822747252418139e+02 1.841895930296457429e-01 2.681381432174199664e-01 2.911975409384182978e+00 5.980204270637889508e+00
4.575617644585766429e-110 -2.603808488862500781e+02 5.211159988244612462e-02 3.119328447038393626e-01 3.443041756095318817e+00 1.352533726426001159e+01
4.631777249646312383e-110 -2.603661499304865856e+02 5.102317526321078489e-01 3.097080170594690984e-01 3.410945057118356161e+00 7.785862734611879610e+00
4.631547423899590247e-110 -2.603636995510612451e+02 9.151664704051400978e-01 4.042577973508221234e-01 2.641225453670392298e+00 1.937906842199091528e+01
4.663840166543036327e-110 -2.603542514012945048e+02 4.991167716019839773e-01 3.177524860590920097e-01 2.870358499900371285e+00 1.099960629151333968e+01
4.654645920409526110e-110 -2.603537247366692213e+02 9.400482973389984176e-02 3.115321511592082926e-01 2.240872439370776181e+00 9.611109971777375804e+00
4.661819638769364570e-110 -2.603496847278038331e+02 1.317014587971885864e-01 2.286399608000447281e-01 2.961270244933506213e+00 4.790841686380193920e+00
4.673051593891677338e-110 -2.603447782756391007e+02 7.363556511953880945e-02 2.294655238509476503e-01 2.430696686643335269e+00 4.158166988468732228e+00
4.727672751135916109e-110 -2.603306575175108151e+02 3.086731209318755581e-02 1.853216252297905375e-01 2.908839158465616137e+00 3.106545491942230619e+00
5.006734562063742516e-110 -2.602708066615723510e+02 2.033187468928538966e-01 2.230420357467430281e-01 2.443547262853310809e+00 4.976172383713826974e+00
5.039632616486394407e-110 -2.602617573942742411e+02 4.220553669167199928e-02 2.097944611300242845e-01 2.421914181726219528e+00 5.263156253946574381e+00
5.089407400363962963e-110 -2.602494291806517026e+02 1.855713708266232276e-01 2.616634381537195075e-01 2.730657776861449726e+00 1.321269780304689334e+01
5.187574877980479888e-110 -2.602278242603841818e+02 5.216101844525270620e-02 3.126972361026729152e-01 2.153354731041859260e+00 1.928251149829565136e+01
5.221211598024391989e-110 -2.602188610982831847e+02 4.277555974749204515e-02 2.590019346221580365e-01 2.799071852870627097e+00 1.983530524372939752e+01
5.364052094132240476e-110 -2.601893709029671413e+02 1.228139638119578880e-01 1.753438014935066458e-01 2.473119667751694450e+00 3.092996635288880469e+00
5.462786775137464748e-110 -2.601686315222216308e+02 9.876554116618900536e-02 2.353992310046746361e-01 2.539250623936939455e+00 1.198312173770834477e+01
5.730831960011217156e-110 -2.601182298662400285e+02 3.755852212499160431e-02 1.619288407876888214e-01 3.211085125171261101e+00 4.527401473049483371e+00
5.845823390094011592e-110 -2.600958631242978072e+02 2.405820438526141913e+00 2.100324854311118317e-01 2.072984966706923782e+00 2.098826613411548969e+00
5.908825100709895129e-110 -2.600826435670176124e+02 4.231574826230510150e-02 2.494047403123646756e-01 2.112921193535949094e+00 1.196749509468514461e+01
5.898851021571863613e-110 -2.600818329903058270e+02 4.218587305936320142e+00 3.712154498523255741e-01 2.428314275471795902e+00 2.952975398356871395e+00
6.187975018913342323e-110 -2.600314826844647769e+02 3.534664656239376590e-02 2.140323314098604990e-01 3.167235126424775782e+00 1.753023081668956351e+01
6.472535926923727946e-110 -2.599840225968154073e+02 3.207818556119362841e-01 2.000247486548997200e-01 3.388759528735549864e+00 8.025996550870509338e+00
6.789374577582210439e-110 -2.599337317521579394e+02 1.918613193984241017e-01 1.272108160906297858e-01 2.862912682887050586e+00 1.884883408865285714e+00
6.905629450141115787e-110 -2.599142536388386020e+02 2.931547436621934288e+00 2.916093927968825827e-01 3.171597998416836539e+00 1.867121542499697195e+00
7.080240449093711748e-110 -2.598867827112810005e+02 1.400676376180028382e-01 2.305347426001743717e-04 2.808955014375258408e+00 1.506844622399405864e+01
9.061354380697341995e-110 -2.596375719811208000e+02 6.750303576600193090e+00 9.788147952823954556e-01 3.015805413381030586e+00 1.307164890092465370e+01
1.027067879919744415e-109 -2.595097974630446629e+02 7.320848216758288340e-02 1.378142554304668810e-01 3.022034160917455026e+00 5.898367258454555007e+00
1.042884320533399155e-109 -2.594920152276073964e+02 1.539088068303366419e-01 2.102370391238608249e-01 2.004974338533257239e+00 1.024720939850704937e+01
1.210936383989352463e-109 -2.593401115557618937e+02 8.754982053448895352e-01 1.440417542347005031e-01 2.990177446799124006e+00 3.750988431060648942e+00
1.210863116591392181e-109 -2.593376720623380720e+02 4.926919425374812200e-02 1.210953057815428169e-01 3.288674069034739134e+00 4.325779477346250346e+00
1.229640019028267264e-109 -2.593197840280601554e+02 1.560379871083448222e-01 1.626829683505960911e-01 2.374957191825567637e+00 8.164241959701495688e+00
1.239059477702484956e-109 -2.593096528810550012e+02 2.108944733382177861e-01 1.695718780223523792e-01 2.904343209416774485e+00 1.265903328208178102e+01
1.356595725796178355e-109 -2.592165270683010476e+02 9.700822433069192230e-02 1.134842073174797961e-01 2.516430656373274566e+00 2.707974790302741575e+00
1.417002077480456806e-109 -2.591704620603330227e+02 2.620590691521464066e+00 1.746024909782429024e-01 2.437399825926192420e+00 3.797475903964827815e+00
1.859026893799671733e-109 -2.588964523117077192e+02 5.332792108052294283e-02 8.494194254523200482e-02 3.002044514418275245e+00 1.503839063039663415e+00
2.222074165389430107e-109 -2.587155644187288885e+02 1.584182450511543117e+01 7.153106436533548385e-01 2.055873821618920072e+00 1.087771604506599044e+00
2.240935243904428567e-109 -2.587046121888222387e+02 3.403411548556145139e+00 2.708605004796182936e-01 2.045471324421992865e+00 1.276550838499298912e+01
3.160560169238802170e-109 -2.583582562065172397e+02 1.082022682164112543e-01 1.614271842067177554e-01 2.299378020648579657e+00 1.433705563198184940e+01
3.681481627885825133e-109 -2.582031901997262935e+02 9.991334017430651693e-02 1.532467776064240506e-01 3.182550858573999442e+00 1.983331395221729565e+01
3.688667362524142921e-109 -2.581987402426970561e+02 1.262298303558506474e+00 1.673052628467405767e-01 2.610544886140851339e+00 1.167886680002033373e+01
3.785859396830585252e-109 -2.581702325727117682e+02 9.229522843386815667e-02 1.240560254649991367e-01 2.297973398795014166e+00 5.609006575180677245e+00
5.145691763925127166e-109 -2.578608456732745822e+02 7.611184005158087018e+00 9.134405903787319314e-01 3.097366311485415302e+00 1.660184751585054741e+01
8.129018182497374066e-109 -2.574010653356456828e+02 3.783192093242330190e-01 1.341302315126833844e-01 2.182946800650427566e+00 6.483128030110435702e+00
9.198994282312239342e-109 -2.572749113262128162e+02 3.843188557018903384e-02 7.346390273072629651e-02 2.697055319849982702e+00 1.687487229266504185e+00
1.586552176310841112e-108 -2.567273571749738039e+02 2.667270558354624121e+00 1.752731681369741334e-01 2.124357114403156999e+00 1.031678280619967403e+01
1.906584820278992273e-108 -2.565411068047831122e+02 1.425760268561115374e-01 1.007917630648006019e-01 3.025263279003057804e+00 6.106547308773879301e+00
2.140322471652450410e-108 -2.564229638887886722e+02 4.869582377010148178e-01 1.203414156671183954e-01 3.379960477052716072e+00 7.492175489599088856e+00
2.509010668503532192e-108 -2.562615318746891262e+02 1.872816131326485056e+00 8.637728638475646037e-02 3.109762133602315792e+00 1.189649647792246245e+00
2.678197075374484802e-108 -2.561937765590911340e+02 3.297741342795350306e-02 1.206706061916937300e-01 3.181108347339826725e+00 1.781484000101166387e+01
2.977868296285818421e-108 -2.560852126864332376e+02 2.410266489461150852e-01 1.363576298774584195e-01 3.169183959844191989e+00 1.917008502907980372e+01
5.769310706522271798e-108 -2.554213677823822479e+02 1.045846023319195045e-01 1.167306294391423360e-01 2.831595602559431768e+00 1.478041337522815191e+01
7.333427274005638160e-108 -2.551789774194583913e+02 5.373444797641208304e+00 1.309628192313231632e-01 3.166640285911470620e+00 8.022044143080456990e+00
2.017694872322523611e-107 -2.541643795936767276e+02 3.519174166817311267e-02 1.001086448876910007e-01 3.092473934138719738e+00 1.257206261241060119e+01
4.820164728856952058e-107 -2.532910271975742660e+02 5.098320239408150184e-02 9.036810489844580851e-02 2.543229911899010709e+00 7.576979420799664133e+00
1.631029997566458442e-106 -2.520695384925689098e+02 5.833042577417943519e+00 3.051565257212662252e-01 3.452295346914278085e+00 1.523408018886982518e+00
3.084724234621106144e-106 -2.514297879439100143e+02 2.146355311731845816e+01 8.167848166917959229e-01 2.074020458132382227e+00 2.970461358370686256e+00
4.105451908116149194e-106 -2.511414343840859260e+02 3.496220199941912909e+00 2.592403680641048314e-01 3.197243329076615570e+00 1.359450865947832199e+01
4.595747547514100439e-106 -2.510261187784315950e+02 6.824394257194239977e+00 3.124440029114596284e-01 2.906084815678346089e+00 2.335997946922364399e+00
7.359057055543106983e-106 -2.505528184010905193e+02 5.535394236684475916e-02 9.168463562751004436e-02 3.027473734833665553e+00 1.314276167864818134e+01
7.430168365011774645e-106 -2.505407016895341314e+02 1.518047623640286670e+00 3.578831559995710376e-04 3.195894895646278933e+00 7.468541212279399488e+00
1.163480707948580851e-105 -2.500897489926031483e+02 1.194811473976506444e-01 8.961606963715960938e-02 2.847494075523089307e+00 1.067277633417029215e+01
2.905665611716785489e-105 -2.491720026248812303e+02 9.166173886636206802e+00 6.351850737181607975e-01 2.763145148025740738e+00 1.611696718203381096e+01
3.237296430435621511e-105 -2.490614265687573265e+02 1.951208280564848740e+00 1.062633548456874688e-01 2.718427063995477955e+00 9.445629731909219728e+00
1.171121842272536667e-104 -2.477731178932162379e+02 2.969978049198972458e-01 7.398221087019891951e-02 3.263515560849060471e+00 4.575671744867276125e+00
2.535987227779703249e-104 -2.469979970219842471e+02 4.033045570366277505e-02 9.127125655804352311e-02 2.528325999490179665e+00 1.604843186006585043e+01
5.081395416833907153e-104 -2.463004941099584926e+02 6.478863045592826442e-01 9.269809603976900125e-02 2.776614308332146397e+00 9.547809805117497106e+00
9.215673246504113432e-104 -2.457026743738805123e+02 2.931579751697909852e+00 6.807463135886583638e-02 2.112796574023255491e+00 1.278430385043625162e+00
1.581671050291469771e-103 -2.451600130142755631e+02 2.567892066585453770e-01 9.170647164647456606e-02 2.668097976941619986e+00 1.385602538613558465e+01
2.945557636696561641e-103 -2.445356967796875551e+02 7.024085217844268370e-02 6.364319950728510034e-02 2.171794783538131046e+00 3.409588998534423876e+00
3.406302341971916704e-103 -2.443878675834261855e+02 1.822760447734352196e+00 7.335062056671144692e-02 3.140823426696049747e+00 4.816508669846699675e+00
3.931706375557525244e-103 -2.442419214052872007e+02 9.146237225769711543e+00 3.580381076608005753e-01 2.129756526577872400e+00 5.883038679967278028e+00
2.596585759732193698e-102 -2.423517124234627147e+02 5.907171699420259436e-01 8.027659138370299430e-02 2.353269732078235421e+00 6.358757028247558729e+00
7.800785691486131294e-102 -2.412491853778936104e+02 1.204924125249829392e-01 8.859956192525011986e-02 3.257070510421186782e+00 1.883007092385480163e+01
9.419668682473487511e-102 -2.410581099199361859e+02 6.249564243533474173e-01 1.046808874568327247e-01 2.024460467970350841e+00 1.819247742030521664e+01
1.771309784638585592e-100 -2.381215203859574956e+02 1.507370496107284685e+00 1.076539316614277403e-01 2.146690818881383578e+00 1.963430602580457318e+01
4.102583664622223492e-100 -2.372791227128614082e+02 5.441797572650450832e+00 1.771049379720671113e-01 2.501032885126409866e+00 3.614568499415933278e+00
6.264232137182677241e-100 -2.368533836332668443e+02 2.217519449712296087e+00 1.102855528520985465e-02 2.984526184373825330e+00 1.011326357351761729e+01
7.544345834681805003e-100 -2.366649412635763383e+02 6.203385878715203527e-02 6.823669818843103307e-02 2.794591653129858244e+00 1.011060036041090981e+01
3.479362080995080304e-99 -2.351338055902876931e+02 2.418247079919526865e-01 8.731431753733379098e-02 3.190296649394026129e+00 1.997102317764976576e+01
6.314166427175783407e-99 -2.345353588089857055e+02 4.898580065851607102e-02 7.478447341759644762e-02 3.487709752004010344e+00 1.455579438518683588e+01
1.015596738992773539e-98 -2.340575931042914704e+02 2.714841672468120137e+00 7.328113003102887379e-02 2.591458497806697014e+00 3.475511512323143926e+00
1.200189054734224639e-98 -2.338880903742209796e+02 7.497365721809595707e-02 8.122690812158502027e-03 2.699011576160801340e+00 1.881429881229651357e+01
5.902151181127835972e-98 -2.322927525727882596e+02 8.570945595786868543e-01 6.045623159669855778e-02 2.441449504105313473e+00 3.280783491327951218e+00
1.336229465631762482e-97 -2.314731325551452130e+02 3.368444645998940057e-02 6.214980295630034846e-02 3.300054108883483828e+00 9.221761938748979759e+00
1.626154119484774148e-96 -2.289716814871648580e+02 6.225500667370356567e+00 1.232399535926199247e-02 2.645237364914435840e+00 1.972019846419494726e+01
2.300873896331766543e-95 -2.263195251795382887e+02 2.804547295798156625e+01 1.890203025539636021e-04 2.647718317242857555e+00 1.879935504369768395e+01
3.332349613502278045e-95 -2.259466365404143176e+02 2.943590866830680386e-01 6.589402087713670808e-02 3.458419182862787267e+00 7.674216690583937073e+00
3.379964860241449949e-95 -2.259299488721730427e+02 1.545042527069865335e-01 6.643375350087608877e-02 2.908449476333446526e+00 1.161236504735709296e+01
5.070180948175318420e-94 -2.232193525852999869e+02 3.599996909613775026e-02 6.839162324610353894e-02 2.313860077304314533e+00 1.831417682970807093e+01
1.658975904227021301e-93 -2.220314435124201964e+02 1.312476775224911130e+00 1.153223130971485407e-04 2.922357062902051439e+00 1.292119981235701864e+01
3.167410104446649039e-93 -2.213822297470380533e+02 6.088303192909696016e+00 2.152975189525433569e-02 2.654548555407767463e+00 1.910319432266830830e+01
3.411891073695535113e-93 -2.213053772946014988e+02 1.320880350618479082e-01 6.984477507868841473e-02 2.089427370274192786e+00 1.980313356419296511e+01
3.668377717326439530e-93 -2.212303944737847132e+02 1.950370406134333545e-01 7.784096337777039092e-04 2.781424891646344655e+00 1.459080891753861664e+01
1.247669845048016428e-92 -2.200037812185422297e+02 8.129109349677657193e+00 1.963544748753589253e-01 2.123354181920150463e+00 3.044252437398840883e+00
1.641436652039562882e-92 -2.197269870405467032e+02 1.886438788239376274e+00 6.458871173021131507e-02 2.916529631847184056e+00 9.953146895028302410e+00
3.789704516780920569e-92 -2.188877708541085667e+02 1.895059211728572723e+00 5.766868770134907923e-02 2.927251256237600963e+00 5.738918262094230727e+00
4.017822543406412297e-92 -2.188268188062401691e+02 4.042957060993384033e-01 6.528423238033265186e-02 2.125501238780399760e+00 1.072979333444560091e+01
1.348585003250013695e-91 -2.176134179162387454e+02 3.751311004546526995e-01 3.599697923950536532e-02 3.187960720843973306e+00 1.210899175176195719e+00
3.258175121467431596e-91 -2.167288065533064128e+02 1.380796386763862293e-01 1.323256172628024590e-03 3.169420570279452676e+00 6.027206917909413875e+00
8.479911171170785960e-90 -2.134671887456142656e+02 1.270792050825570740e+01 4.113448721554272621e-04 2.757046219951726052e+00 1.500895438260812575e+01
6.159230068284880903e-89 -2.114818518464525141e+02 2.684574876873553340e-01 6.515374671591099565e-02 3.472964853190639190e+00 1.110557358626695823e+01
1.633984500271040563e-88 -2.105036970236427578e+02 2.755131505632347455e+01 7.813216799496367979e-03 2.612347173317755455e+00 1.920170540083724120e+01
4.206103651409195187e-88 -2.095556818135988237e+02 1.832500938300505666e+01 5.427071484284055058e-01 2.987551381081466673e+00 3.296223132494650265e+00
4.766203276512688087e-88 -2.094281685051228692e+02 3.941916811992001723e-01 6.073772769287973106e-02 3.472020990189419898e+00 7.647359166870719704e+00
1.492300297174211080e-87 -2.082843146881896530e+02 8.360907974602767467e+00 2.877484165028003082e-01 2.194865788043922628e+00 1.235686869668284338e+01
4.809166975683284297e-87 -2.071116095580926810e+02 1.380589594366666839e-01 6.079139122376124582e-02 3.116292678318091092e+00 1.359431808002455355e+01
1.707756136828537298e-86 -2.058418680401489382e+02 1.468590496410124180e+00 1.964966286533641540e-02 3.315821835686412644e+00 4.818602062907276107e+00
2.733676042724581197e-86 -2.053689011090621364e+02 2.874240302463639374e+00 7.074167425383073859e-02 2.414336524896949054e+00 7.422782502646736447e+00
1.027158308699121522e-85 -2.040426671894909418e+02 5.880955183001148612e-01 6.742672336754985951e-02 2.047614796181921548e+00 1.896814711196958569e+01
5.170228500297021473e-85 -2.024240463704020101e+02 2.360217117336053771e+00 6.933027434932939603e-02 2.365175467449008195e+00 1.447655772741917701e+01
2.374132628162700218e-84 -2.008972460007143184e+02 4.571858023830657758e-02 5.024304858410140462e-02 2.178641614374799307e+00 1.194828723800307024e+01
2.508413140526450044e-84 -2.008397278240192918e+02 3.310179557000320766e-02 5.998470719560465569e-03 3.009509617841637841e+00 8.848308163472898613e+00
7.891652093465312442e-84 -1.996910726585558109e+02 5.019533774685479982e-02 1.518147836323076663e-02 3.387103510092305036e+00 7.525403387987834591e+00
1.039559240963420487e-83 -1.994129962527512419e+02 1.851873524849934893e-01 1.599591185078228298e-02 3.394663274973386713e+00 6.279849261928508675e+00
1.044374878005132628e-83 -1.994058745657509633e+02 5.730531660226087509e-02 5.074648823429459693e-02 3.021862609074179584e+00 9.957627460105692663e+00
1.356032217487778874e-83 -1.991422301208618819e+02 3.179355816398579671e-02 5.553166490042507619e-02 3.272959249287008987e+00 1.428190845902896200e+01
2.590854320784689599e-82 -1.961897203014065383e+02 8.315374043710390239e+00 3.234527252188290711e-03 3.474279280532803771e+00 2.154024215257769104e+00
1.168494312889373088e-81 -1.946809068753521785e+02 2.776206882222239436e+00 2.110074501877107125e-03 3.407893558342919516e+00 2.070693051149271824e+00
2.366532402306508125e-81 -1.939726971209689452e+02 4.036215766768617291e-02 3.030152001222850746e-03 2.606415366523818999e+00 1.862130318377023031e+01
9.753473971237968437e-80 -1.902514142640343096e+02 4.021167578391485975e+00 6.136257569852716920e-02 2.873106646049660817e+00 1.651971165513017592e+00
2.045030758913359413e-79 -1.895085398669158394e+02 5.816953402605092027e-02 3.351291773957207516e-03 2.566257264794666870e+00 1.958948826248391484e+01
2.328980620123709105e-79 -1.893760220275781023e+02 1.480797738017629595e+00 6.395470725362807640e-02 2.762839152456050051e+00 1.569562981419891301e+01
9.830855847583037624e-79 -1.879334267021008316e+02 4.523957512755453436e+00 1.223629102235256894e-01 2.175382088351442533e+00 1.152204983610108968e+01
1.232545488497055302e-78 -1.877047860705805533e+02 8.537247918101662503e-01 5.780852694191092322e-02 3.013857340993367551e+00 9.293252356963982663e+00
2.240280469210630657e-78 -1.871047665368389517e+02 1.150053580785435514e+01 3.322286071771346494e-01 2.915352863410205053e+00 1.748684117037118924e+01
2.535342339106198845e-78 -1.869785389313991857e+02 1.851571845421313256e+00 3.693286520282008933e-02 3.016312539232121726e+00 5.603076590145023239e+00
6.179150361972113354e-78 -1.860851868242003206e+02 6.640676762051710147e-02 5.117598199402351167e-02 3.072710836283283342e+00 1.268526299088938103e+01
8.291065953892661769e-78 -1.857886890603565462e+02 3.081953533420338065e+00 4.527492331230114123e-04 2.789059261027261094e+00 1.330622815478557719e+01
1.385188244041770175e-77 -1.852729464646636757e+02 8.145235855556634874e+00 2.894085142544200462e-01 2.834941115858840455e+00 1.448385124439082006e+01
1.173023514563045857e-76 -1.831341128023625799e+02 7.446460622427869680e+01 7.221981042897692056e-03 2.893138707836430790e+00 1.055686718020563930e+01
3.245249698431372539e-76 -1.821140051224840022e+02 7.099633332994072177e+00 1.775069474868177025e-02 2.756230220621510352e+00 1.415573493011009987e+01
3.422613374261304503e-76 -1.820582930145632190e+02 4.281656469791281694e+01 5.855436954319824527e-02 2.763379965803826721e+00 1.369089146768900456e+01
5.343524937538559705e-76 -1.816103118824846376e+02 4.102015028252889550e+01 8.864062453217584903e-01 3.197101107741005421e+00 2.505507308812977563e+00
2.996748315580899875e-75 -1.798835845193317766e+02 5.423070982639103393e-02 1.562211760740861259e-02 3.022432506846099987e+00 1.689822723563127482e+01
1.399001079809752994e-73 -1.760376836718396021e+02 3.523736348890054576e-02 4.178703236966191392e-02 3.387534969853306599e+00 6.898773046115408647e+00
2.865571095411792815e-73 -1.753181744738423049e+02 1.544543770263368809e-01 1.327387744884647204e-02 3.417863659075239369e+00 4.074477470856368910e+00
3.562420914688432626e-73 -1.750980017934039950e+02 5.033847804325139208e+01 9.923975284131464694e-04 3.412593227424874698e+00 2.411280204086831525e+00
1.287502955346527107e-72 -1.738106523974047093e+02 3.410683590765634099e-01 4.623350706385875170e-03 2.755947837716249182e+00 1.403093210511881139e+01
2.459407978705588196e-72 -1.731609363844541463e+02 2.932432841706551585e+01 7.492372650677161855e-04 2.658358404388705853e+00 1.615258753064447461e+01
2.923142479121242505e-72 -1.729856978172914523e+02 4.116624554618681375e-01 5.474193693887746681e-02 2.286722968922225263e+00 1.760733074112255636e+01
1.422943257837142281e-71 -1.714005445100924874e+02 7.827514725897080439e+01 1.829975656803209871e-03 2.643720052448942592e+00 1.647322699128211809e+01
1.673428162786640020e-71 -1.712358976389607506e+02 9.047350174855783855e-02 1.011860871045501791e-04 3.404911400563804591e+00 2.421810954004373961e+00
1.684926964491902681e-71 -1.712265497350288399e+02 6.863461068926402397e+00 1.261586081348824162e-02 3.440965026919739600e+00 2.066278884387882986e+00
3.110934674846080841e-71 -1.706108487338043744e+02 8.906290329477566103e-02 4.074211383888171056e-02 3.180133109388830981e+00 6.455820194176909332e+00
3.764376682909492528e-71 -1.704176896615006740e+02 2.030871389919476133e+00 9.737482554761204417e-03 3.291884377463281552e+00 2.497922600425581230e+00
4.105772363631278490e-71 -1.703283780762525907e+02 1.043613091290727191e+01 2.096432931107990855e-04 2.882916468602581439e+00 1.040580977729791279e+01
7.820635464619470250e-71 -1.696815061406625773e+02 8.257922121272896732e+01 9.569385506796604379e-03 2.639012455080463670e+00 1.652231179540304851e+01
1.253428697309864973e-70 -1.692073041062662355e+02 2.369639649413782134e+00 3.247145265688678589e-02 2.258022535445856960e+00 3.013196228443314251e+00
4.441743727622061143e-70 -1.679396398295927781e+02 1.314525004771470995e-01 2.718073509253513334e-02 2.081455240224212577e+00 2.338076057453471801e+00
4.781906040395844405e-70 -1.678633476401411997e+02 4.478304669759394785e-01 2.499697051179726416e-04 2.920981235417792199e+00 1.035398640935837555e+01
6.520877340668681185e-70 -1.675506779320462840e+02 2.865492464099065728e+01 2.121598209553949427e-03 3.229149479830128122e+00 4.313873961969340698e+00
1.016726376033850420e-69 -1.671040137366387341e+02 5.279457184979347018e-01 4.994880549823746407e-02 3.115902877524001191e+00 8.345764227599508089e+00
1.610061870913893097e-69 -1.666418291599934207e+02 3.381950796286439798e-01 4.388272167710086796e-02 2.004843747668514808e+00 1.228000258211442564e+01
2.362836670861243231e-69 -1.662557388909731060e+02 1.872372697739993042e+00 3.412168568906077948e-02 2.017938047711774097e+00 1.266070088999585153e+01
6.456420314210835802e-69 -1.652480267341103684e+02 4.124225694373323314e+00 5.269705631328202439e-02 2.987760733220870435e+00 1.761092305886117870e+00
9.200357529532060805e-69 -1.648913594221849337e+02 1.840026634572513142e+00 8.175836456017265743e-04 2.652123972521592599e+00 1.173205862637022978e+00
1.130986744668407761e-68 -1.646824261973413854e+02 3.063364670224149044e-01 2.756155295337716846e-02 2.651154199371811959e+00 1.981130369210650333e+00
2.617761493437935346e-68 -1.638406971136417098e+02 5.537558116582567136e-01 1.533834256376548875e-02 2.835941019046519962e+00 1.935030063413415746e+01
5.481833537546125286e-68 -1.630990770422548337e+02 4.091987752278574697e-01 1.494547852886214494e-03 2.626702292293818797e+00 1.720748628695405102e+01
1.142595384513907325e-66 -1.600595441605674694e+02 2.405311822517970555e+01 8.551122927157094131e-04 3.461533108951691418e+00 1.688866530047095749e+00
1.899854345792997603e-66 -1.595485692652834189e+02 7.976877923545508509e+00 2.617213462187417965e-04 3.402396561336272551e+00 2.237008266619424646e+00
4.304657356043296419e-66 -1.587281489457884049e+02 2.258651627387402716e-01 5.626091311363490277e-02 3.235236326146335717e+00 1.893774498671401929e+01
9.234414163412984919e-66 -1.579624093133244855e+02 1.870672576483592309e+01 8.259390162853061032e-03 2.537943553367405070e+00 1.867937046183403638e+01
2.086345850249471307e-65 -1.571448472566773376e+02 2.316991236984960789e+00 3.367792844993288542e-02 2.969382061922099858e+00 4.237104414037082378e+00
2.176396466876728469e-65 -1.571000908831655352e+02 5.088657711191539590e-02 2.789980548317656534e-03 3.278446211520634535e+00 3.523826206323442456e+00
3.357959946256271604e-65 -1.566639277646870596e+02 3.571627924066954307e+01 8.994918855747657815e-01 2.620826062891903341e+00 6.906560729588749226e+00
4.427259845244605073e-65 -1.563849805478267001e+02 4.278223679716854910e+00 8.597324408941604823e-02 2.676061972793389643e+00 1.935002999858553707e+01
5.259569661004988400e-65 -1.562102121855087375e+02 5.822033846035949978e+01 8.034367622957200739e-04 3.414194324347392673e+00 2.060367920198071801e+00
1.739555034623723128e-64 -1.550115469491253464e+02 1.125581509418357840e+01 2.606525337517656138e-01 2.869100563571493900e+00 4.927539514021471057e+00
4.762505736543982981e-64 -1.540019023574444930e+02 9.021481004974149509e-02 1.286823902560807475e-02 2.612719015437466208e+00 1.060529041877998457e+00
1.264286130893426584e-63 -1.530230835699414911e+02 5.826413650197999061e+00 9.940119648560417909e-02 2.610874227022729421e+00 3.179239758726604137e+00
3.153032547738260204e-63 -1.521067265061324463e+02 6.549625054878283059e-01 7.553302651842502304e-04 3.284418853437402142e+00 5.308308871098979864e+00
1.937778538614871130e-62 -1.502884638826537866e+02 7.176806519839282750e+00 4.793463735674123594e-03 2.773479991151802437e+00 1.243404430066944677e+01
3.665230685150214782e-62 -1.496486148403321295e+02 1.127144013594915811e-01 6.877480452552383206e-04 3.337824172214423069e+00 2.708632727478045510e+00
4.342039877854209158e-62 -1.494766618608049100e+02 1.979232809930815185e+00 3.998778095553228579e-02 2.687560424039132201e+00 1.111937168330999093e+01
6.055975527071258109e-62 -1.491414606414096511e+02 1.349328313583332828e-01 3.871716386419469386e-02 2.221971532662613047e+00 1.164099848479068733e+01
1.607889266561282236e-61 -1.481624987191313778e+02 3.291433102060598026e-02 3.886715821255569414e-02 2.213091067268484036e+00 1.713858181681563764e+01
1.818051698820764239e-61 -1.480371555908920129e+02 7.812499603114820168e+00 9.045412434251959982e-03 2.912748789711883113e+00 9.083830721399474228e+00
2.450761878400805042e-61 -1.477360220764470284e+02 1.650441920989816902e-01 1.531609752694700803e-03 3.328268491096883608e+00 2.773576793111531380e+00
3.629508903035748115e-61 -1.473408236727335634e+02 9.412453036687999930e-01 6.871859724334635801e-03 2.900421287880518229e+00 1.000148280753877517e+00
3.923048345612490091e-61 -1.472605520326535782e+02 7.862553192049713813e-01 1.158173415993789978e-04 2.886117540093553480e+00 1.275656160811377760e+01
7.382038425210096749e-61 -1.466258712135864641e+02 3.665512180244482471e-02 3.143099192124931135e-02 2.151713463678514238e+00 7.385689524527537131e+00
9.296177516890175457e-61 -1.463928177274598568e+02 3.774941233966781340e+01 2.276047236576042403e-03 2.968125870430755597e+00 7.965425908331178917e+00
1.612268238942261380e-60 -1.458396938988738327e+02 8.646914143910434947e-02 4.908197190015960859e-04 2.582327293884182140e+00 1.683794280396451626e+01
4.598181109816231134e-60 -1.447891751160540252e+02 6.436235335421882198e+00 1.617501554679005027e-01 2.795773003366635923e+00 9.965430168695137425e+00
3.362698079540253157e-59 -1.427970071858436256e+02 1.019141110985582133e+00 2.405930299530182476e-02 2.932131202893504707e+00 1.804111983009922149e+00
8.052260171399735458e-59 -1.419212980187936068e+02 1.066222630485519574e+00 4.237630542356313201e-02 2.036646523456332680e+00 1.556400544834708022e+01
9.122600992333564371e-59 -1.417939958774967693e+02 9.104861940129573838e+00 1.456979234588476335e-01 2.182076544790670258e+00 3.595024166954450706e+00
1.055498776882412043e-57 -1.393430672219603252e+02 9.595140742174909643e-02 1.641728957000222896e-04 2.658492675382765125e+00 1.460041553421454985e+01
1.110994090163908272e-57 -1.392893254602030026e+02 1.178059896542999807e+00 1.404333235702783476e-02 3.374897208720752939e+00 1.839893030317532041e+00
3.199746330756064011e-57 -1.382290091164371404e+02 1.566082587072230581e+00 1.741732547559282597e-03 2.928538727702223898e+00 1.028252683606094031e+01
4.518246072354841947e-57 -1.378814567700133011e+02 6.536324721391515880e+01 1.015873850907108265e-02 3.401610317179574849e+00 1.125464434420961002e+00
5.840153509216570216e-57 -1.376223235691425089e+02 8.226135411617374604e-01 5.390656098408239810e-02 3.261126882517283221e+00 1.421681585976767614e+01
7.861636442181264755e-57 -1.373225858679403757e+02 4.338973868288832136e+00 1.124294676007749905e-01 2.431022242403876099e+00 1.909580406019217236e+01
7.952105951147490681e-57 -1.373086438583599715e+02 3.852178530192839068e-01 9.932147790802335618e-04 2.497466597385662013e+00 1.882992283204308492e+01
8.570703056422927076e-57 -1.372312308852949343e+02 3.094708850649452447e-01 1.001165513655211288e-02 3.074496741642428699e+00 1.002949982358279257e+00
1.390436105307430912e-56 -1.367448781157073938e+02 4.726249597159304372e-02 3.977932426962424613e-03 3.034523447453058242e+00 6.575495910075010997e+00
1.694356970415050414e-56 -1.365446922581005822e+02 1.301573358593438590e+00 1.697259380045285614e-04 2.628058770551247036e+00 1.887490756155375493e+01
2.287894590771518809e-56 -1.362418635564785916e+02 4.914863044867591846e+00 8.005825297282186115e-02 2.273806020609256073e+00 5.106022132141154302e+00
6.677478453540575264e-56 -1.351682551191965729e+02 4.142751422045167220e-01 4.426318067550610012e-04 2.617377258246996519e+00 1.599606229056497497e+01
1.374601096984265915e-55 -1.344437468877298727e+02 2.651659913400325408e+01 6.471894760173294570e-01 2.512557294392995910e+00 8.903425189020826025e+00
1.830560188349079745e-55 -1.341547884316118200e+02 1.750943240074457208e+01 4.568537777944414952e-04 2.408586882715102018e+00 1.278502866803301830e+00
2.227078558729335811e-55 -1.339562198022350685e+02 7.572539685746505489e-01 4.832884806071232296e-04 3.266480992265512473e+00 5.453700007108824188e+00
8.676365802088744191e-55 -1.325938077108704931e+02 2.261375068044864933e-01 2.818664672467170382e-02 3.187294176459420925e+00 2.772942347978780919e+00
8.763700145039202520e-55 -1.325812922587212768e+02 5.625457591987154871e+01 1.567430413179363906e-04 2.948825148305921129e+00 7.932148833570714430e+00
1.816301025633325439e-54 -1.318500233430239064e+02 2.215556657929590401e+01 9.944301010603490143e-02 2.166114736742487779e+00 1.438325092379731718e+00
1.034105322819179391e-53 -1.301082036489938218e+02 6.406609099943384733e-02 8.578822483755577100e-03 2.563735640368533630e+00 1.781348913194287320e+01
1.812775917138276383e-53 -1.295443809531796262e+02 3.787869530319150635e-01 5.407349127340823963e-04 2.971588260727827446e+00 8.004858426693157725e+00
2.248603809063714098e-53 -1.293264307851823958e+02 2.009473542531705448e+01 1.818487399598139320e-01 2.152498268453947095e+00 1.842608195413643291e+00
4.592970214405418613e-53 -1.286097133591608213e+02 3.512973365683445426e+00 6.985874490417283596e-04 3.283975348482938372e+00 1.866025568014546110e+00
5.137904134273518004e-53 -1.284950950391516358e+02 2.405967026976449930e-01 2.792542154407629874e-04 2.672909966459157793e+00 1.374110875318300273e+01
5.860585814751069943e-53 -1.283609907125057532e+02 2.613868293004202314e-01 4.572435950090061180e-02 2.703351774166092181e+00 1.693881971842593614e+01
7.084443666013188625e-53 -1.281688389322189323e+02 3.193895265682092921e-01 3.629745723453710327e-02 2.341805140514497285e+00 8.882076358295385887e+00
7.323780118212990798e-52 -1.258305285822200830e+02 1.536731533227351232e+00 1.123240146259021644e-04 3.321562396397892858e+00 2.124983707061206317e+00
4.709885944633130151e-51 -1.239669064013393438e+02 3.773611911787304596e-01 4.736978090293105328e-04 2.701205156885631453e+00 1.337794686616513040e+01
5.300266517531336070e-51 -1.238463129878771980e+02 8.436073838683240400e-02 6.536105493984746290e-04 3.227132914701024369e+00 3.418249748403031418e+00
6.868554280580103879e-51 -1.235846164489168615e+02 5.265505253622728787e+01 3.255561081722293235e-04 2.652243761093232344e+00 1.340777236434699926e+00
7.060316627885422491e-51 -1.235545801948557312e+02 1.083658496924087089e+01 7.612358122228626151e-04 2.883216182960757656e+00 8.896376331362059631e+00
1.145886561346219591e-50 -1.230678063737194350e+02 1.398554835756188020e+01 7.678242278806466682e-03 2.734394945514724728e+00 1.315224296713513485e+00
1.635367416154291630e-50 -1.227096175020395776e+02 1.743142436586229416e-01 4.654413497569802327e-02 2.969756896611010166e+00 1.878504693241097812e+01
2.213536264265519326e-50 -1.224043936442241005e+02 2.575726260728872319e+01 3.028992965273476570e-02 2.185056670497786069e+00 1.582943998387702500e+00
2.967307424716927828e-50 -1.221088300498955448e+02 9.594379849294867313e+00 7.106844204463420335e-03 2.690286570108519459e+00 1.308270494086625924e+01
3.038163597638595598e-50 -1.220827317473392668e+02 8.667690060536006769e+00 1.913118892471042665e-01 2.173101954968743588e+00 1.017557687376301878e+01
7.341504404534451436e-50 -1.211979412191327015e+02 5.482307603134065843e+00 3.324098175055847926e-02 3.150728628726717329e+00 1.424779488843770370e+00
9.940569245207294856e-50 -1.208923607133453544e+02 1.857043322061359136e-01 2.113257174650975262e-02 2.746339054936095092e+00 2.250239690262892722e+00
1.389854081249771364e-49 -1.205547011433956186e+02 2.990531598778584654e-01 5.486856789203809100e-03 2.076271268840753859e+00 1.699724345505888579e+00
3.725691905724713377e-49 -1.195661473264234900e+02 5.023669478616680095e+01 7.848279386196817253e-02 2.705862320158054501e+00 1.375176026500922521e+00
3.768525988683202676e-49 -1.195522159669381352e+02 4.942527495406928928e+00 2.812443091085643342e-03 3.273244297211327591e+00 2.131778021786115751e+00
4.618376795893307859e-49 -1.193463566070315096e+02 6.293814391801846853e+01 3.005386999370158671e-02 2.509165867624759017e+00 1.475387156516359877e+00
5.680966561548402910e-49 -1.191367785199669527e+02 5.466427545348728767e-01 6.381582935867562492e-04 2.627029743592731226e+00 1.621878729793914431e+01
8.508186849013283514e-49 -1.187303710488455692e+02 3.348849782987028262e-02 2.654737746180145172e-02 2.151605317243897808e+00 7.492822579790376025e+00
9.054058613942344535e-49 -1.186656867846993748e+02 3.557488453195067207e-02 3.619199246416233973e-02 3.380314584393752320e+00 8.651885948005171301e+00
1.668975863147884232e-48 -1.180516046318050343e+02 8.169208099477688612e-02 2.680219519202121036e-04 2.742147070115141361e+00 1.167924103224895482e+01
1.731351695549172140e-48 -1.180124123841757466e+02 9.199301384370140511e+01 1.177148316159910141e-01 2.099073940013875816e+00 1.736256593789085034e+00
4.898711853475288281e-48 -1.169698425310056393e+02 1.666459979527500801e+00 3.345809063922859563e-03 2.722820953826119439e+00 1.434484355535264299e+01
6.254248365377841756e-48 -1.167230538432242923e+02 1.871356205737815515e+01 1.369676970865823509e-04 2.411823455399395133e+00 1.569779144752866618e+00
6.410074939664901334e-48 -1.166959438525959030e+02 1.379970085724782081e+00 3.402917911450428767e-02 2.253063775635562038e+00 1.331826065439323870e+01
2.260166594116222088e-47 -1.154332911967432977e+02 1.792065544162012303e-01 7.138571040674027320e-04 2.706031191026569971e+00 1.236967209551120028e+01
4.719941083774822269e-47 -1.146944334042529903e+02 5.915997277252254882e+00 5.847205783032120852e-02 2.828216241998899871e+00 9.835225895417075037e+00
4.796218827430470090e-47 -1.146759018583264975e+02 9.423932082060112458e-01 3.358945152998048808e-04 2.120804039778148908e+00 1.876275775106426291e+00
1.390896406287584162e-46 -1.136086961926314984e+02 2.705960464764650908e+01 6.850444448052427082e-02 3.297328617030900411e+00 2.099759542629618281e+00
3.138827760916588430e-46 -1.127922952228590674e+02 5.242378337868214722e+00 8.627728860948369761e-04 2.041795777768198761e+00 2.008512153894890240e+00
3.635011503611189393e-46 -1.126430323528671096e+02 1.198719618023895350e+01 5.446798976557966354e-02 2.415841995182239188e+00 1.901177672362227966e+01
4.551721689240006627e-46 -1.124156390738976512e+02 1.715765223253042093e-01 1.904245854270265089e-04 3.050303897062728975e+00 5.608331673578938137e+00
5.122363495425354848e-46 -1.122950286757895526e+02 6.927129729497376154e+00 5.527707709558084791e-03 3.285359126554231235e+00 2.156224390827144788e+00
5.700992448250151482e-46 -1.121855043551148441e+02 1.022317721479167218e+00 2.748423205698404979e-04 2.072610591118712264e+00 2.027760154734887355e+00
1.138431941403709898e-45 -1.114914077099784322e+02 7.746149184412853828e-01 3.553386803234589997e-02 2.057972611505745952e+00 1.556054200338502191e+01
1.429926981528822288e-45 -1.112609361544332103e+02 2.876513937258420839e+01 2.746280284964723942e-04 2.767291445229786540e+00 1.084251470122963035e+01
2.764525804535392965e-45 -1.105991904145306250e+02 1.643217187370261101e+01 1.651647806485283569e-04 2.592419466511147519e+00 1.468499710904514544e+01
6.163311905700879748e-45 -1.097949452554389609e+02 1.982185647350750202e+00 1.258680891901396302e-04 2.362042521815277851e+00 2.036835521025983642e+00
6.869079164688750934e-45 -1.096840294754460956e+02 3.540184593344285702e+01 1.109627378009852769e-03 2.482035443892322224e+00 1.700839361492181467e+01
8.927107341228384042e-45 -1.094194671190745680e+02 2.618475257222773678e+01 4.758659674988520716e-01 2.546927060491391170e+00 5.194382641730968864e+00
9.001869911967907352e-45 -1.094086272117814929e+02 1.760539565880509194e+00 2.194507417297521940e-02 2.201744136984840505e+00 5.850374548050778500e+00
2.875115711266225887e-44 -1.082448815217029647e+02 9.704828236059853674e-01 1.752437141795045242e-03 2.906951243629861459e+00 1.241751321008346309e+01
3.178337133982346360e-44 -1.081421162963563916e+02 1.953256599088073253e+00 3.655559743812708106e-03 3.021501565859336047e+00 2.944185007678387311e+00
4.884994203185976475e-44 -1.077098063437011746e+02 5.924862116864572670e+01 1.336060870572502567e-03 2.134077747630284350e+00 1.961316954723198780e+00
4.980416180825471975e-44 -1.076879609845476864e+02 5.944107221629002513e-01 4.836833065698498829e-02 3.225911553987359959e+00 1.405271228241186243e+01
5.598067105601533856e-44 -1.075685530640935497e+02 1.149803558737486076e-01 1.396473304836083271e-02 2.472884294013023343e+00 1.994011350963911688e+00
1.492792534861767832e-43 -1.065852407992093163e+02 2.932581900819447807e+00 2.187835170196516285e-04 2.085309900215982282e+00 2.538595894749714699e+00
1.911483138142786727e-43 -1.063355098966996479e+02 1.752406448824737595e+01 2.977449365413950143e-04 2.575878439005462095e+00 1.480659966311099929e+01
4.505724442353980428e-43 -1.054755406628996326e+02 6.049271266319322393e+01 1.716611115195968151e-01 2.632528252198910401e+00 1.353610396911219560e+01
1.371255813925557438e-42 -1.043600772840801341e+02 9.847852798575709166e-01 1.135572819204064797e-02 3.224127930766581329e+00 6.185433028503042330e+00
3.738315438982504452e-42 -1.033546691639775332e+02 1.694174047297920893e+01 1.258787809601684959e-01 2.606197053498879868e+00 1.462075088990602367e+01
5.382533845141435437e-42 -1.029876450183180623e+02 1.634805515434612033e+01 3.825406197704041668e-04 2.317525527104012717e+00 1.922147883232610610e+01
8.007211030214387552e-42 -1.025879617420924887e+02 6.671911624648795003e-02 1.507855501594289056e-04 3.212840445128717359e+00 1.615421336184768686e+00
1.389803383783333148e-41 -1.020340568769352387e+02 1.833183447932192323e+01 1.471342494584015718e-02 3.067105387269835504e+00 5.030720479777341048e+00
2.838155596850295852e-41 -1.013175647600888709e+02 8.347842647027854668e-02 1.541574681264867635e-03 2.995843850787086815e+00 1.524864695759917677e+00
4.891984697125162975e-41 -1.007706210738800081e+02 7.606501073707955918e+00 2.099244697246900517e-03 3.067751735031724269e+00 1.546055860902994183e+00
5.962247206891088455e-41 -1.005702717054086293e+02 4.455850042036336722e-01 1.082293915185706095e-03 2.652811981099366445e+00 1.338871415200602755e+01
9.115726221705215683e-41 -1.001432180853468452e+02 2.240248673679693381e-01 1.506534988896573047e-03 2.502289498328710504e+00 1.595535848886057373e+01
9.471421890711245601e-41 -1.001024401207756966e+02 1.508508377526428568e+01 1.703318239055570393e-01 2.832538347383285249e+00 9.402539693880878957e+00
1.247530176205036677e-40 -9.982446833286944354e+01 6.544932886852386500e-02 5.320964185973156221e-03 3.110977057025445802e+00 4.432141930444821298e+00
1.425411699385707317e-40 -9.968867338671989842e+01 2.238845196458992159e+00 3.317241757685051706e-03 2.057838753824359657e+00 1.867602824347136803e+01
2.251791553894337945e-40 -9.922890792500736268e+01 1.542297602309032811e+01 5.464617787060517193e-04 3.238249566315792638e+00 2.012800336976904081e+00
3.025640147626257958e-40 -9.893101138241848957e+01 5.056004223162564593e-01 1.533693015468698189e-04 2.566567921922755957e+00 1.568675063677329362e+01
3.416141640575484409e-40 -9.880712233162772407e+01 4.655406156538553081e-02 2.271670322300143544e-04 2.530754679217189551e+00 1.529623156778141535e+01
5.621339365807032707e-40 -9.830656411373357173e+01 3.036239604367314726e+01 2.587263948481759081e-03 2.150927098211168786e+00 1.993222068067421304e+01
7.039569651865831088e-40 -9.807908703125796990e+01 9.734112095584913638e-01 1.594014416044333196e-04 2.751741239888452206e+00 1.476542212766876006e+01
1.114257864306437903e-39 -9.761736038681235073e+01 4.597600087921497880e-01 5.750366263439373425e-03 2.633263209032960184e+00 1.799531821893651573e+00
1.679637976384377399e-39 -9.720447069762268200e+01 1.031023005424014016e+01 4.670487794008699144e-03 2.326125039025702890e+00 1.867536092063069830e+01
3.952085955988213710e-39 -9.634630544792298679e+01 6.534697002522681097e-02 1.024570757491496216e-03 2.357621512396797847e+00 2.028427896569746203e+00
4.796792088549849336e-39 -9.615010159796264588e+01 5.838596700897433905e-02 1.526429526339100767e-04 2.109146924706720494e+00 1.948039830477638290e+01
7.109674008790274515e-39 -9.575409258448294736e+01 1.195549817714375573e-01 2.828936104310632717e-04 2.998595142526752078e+00 5.912620226261006806e+00
7.320989542433887098e-39 -9.572230347533971440e+01 9.150346773905663866e+00 3.487731837805837175e-04 2.474970080394844008e+00 1.628842996627610162e+01
1.940136524243297047e-38 -9.474520554065460942e+01 3.327062541781010196e+01 3.416123396501359057e-04 2.081947769343304167e+00 1.916536520558863899e+01
2.759249159665747866e-38 -9.439050528545593011e+01 5.891687449116650299e+01 1.650439457215067312e-03 2.287552823528143264e+00 1.876137151894542043e+01
3.242638037893162320e-38 -9.422657667683304794e+01 5.523258082625820409e-01 1.083486442934528506e-03 2.077015747646331789e+00 1.924186256754203583e+01
3.302589222048750099e-38 -9.420575711100823924e+01 6.866652773684866418e+01 4.844420722020794171e-03 2.872336452292551634e+00 8.060058068348547877e+00
3.472112029316742337e-38 -9.415320082178921268e+01 2.581574977904782520e-01 5.676349100152288827e-04 2.138121200690304757e+00 2.351233656917703474e+00
4.883015647313538776e-38 -9.380970089505389353e+01 3.904413562583920472e-01 1.425168573035557815e-02 3.339040900499787412e+00 3.951673249448777625e+00
4.993817888133746562e-38 -9.378476315951498066e+01 1.104674094781389115e+00 9.554766290815414412e-03 2.721861528402813590e+00 1.657682874028587250e+01
5.353232268592141562e-38 -9.371276334374606165e+01 3.335237486413077379e-01 1.438422547343503385e-03 2.908666400042761779e+00 1.686389438278244057e+00
9.107923214501489228e-38 -9.317881916696448741e+01 1.847340795565490135e+00 1.220357083616691561e-02 2.020401556818486100e+00 1.637889461835302995e+01
9.806281551893429238e-38 -9.310244072955205752e+01 4.459476430844427597e+01 5.863943181626013641e-03 2.722950993166858957e+00 1.813925013440968348e+00
1.564914921066587225e-37 -9.263254733260235696e+01 7.190170360396898330e-02 3.416940345476019575e-02 2.789864122072591268e+00 1.283789125689829902e+01
1.959672442620368413e-37 -9.240510145341691839e+01 1.617136980725394579e+00 2.693073838052851329e-03 2.623614898336788404e+00 2.670249405735099835e+00
2.444534827681173812e-37 -9.218152394128198068e+01 1.063977626909328733e-01 9.536572494450094688e-04 2.475232881807403640e+00 1.591862754936950708e+01
3.435097908698787674e-37 -9.183883336305270007e+01 1.828754787722869368e-01 1.744303005590751819e-04 2.602854157272181279e+00 1.338898457078425430e+01
5.349828850167567238e-37 -9.139331422180768527e+01 1.233056773825148972e-01 4.845586498020834458e-03 2.109652147558347846e+00 1.893966413270713289e+01
9.648808428547726883e-37 -9.080104436276123181e+01 3.257876285407315553e+00 1.065637475452466273e-04 2.788859903802796580e+00 9.540303720399627707e+00
2.247143742059336388e-36 -8.995313373677589652e+01 9.432172306761698266e+00 4.233115686754748198e-04 2.789795199582951746e+00 9.472101469101080085e+00
2.253217121988612064e-36 -8.994793467161210287e+01 1.062622084008717049e+00 2.152493692847672405e-02 2.963901515552771926e+00 1.609589224789229434e+01
3.873025982465048893e-36 -8.940375758946206020e+01 9.774249260767304293e+01 1.543304978012710431e-02 2.840662381731544173e+00 1.810381734865553094e+00
4.282633444390156333e-36 -8.930072558746162770e+01 1.332322635030569025e+01 2.190802377221995681e-02 2.498173305219168583e+00 1.531110649609404994e+01
7.055890452749664866e-36 -8.879893090540694800e+01 6.040073279559695640e-01 3.020082209117759542e-02 2.160748092185504454e+00 1.051515405393131886e+01
7.100086520883883068e-36 -8.879018672857395700e+01 5.037851194439918467e-01 1.691542054739837752e-03 2.065895867754554249e+00 1.834974942543999177e+01
1.092038176131193460e-35 -8.835716276905418454e+01 1.049556601382895110e-01 1.670835889538490411e-04 2.075959547643634551e+00 1.827963847168878075e+01
1.717304965469728600e-35 -8.790195242414951338e+01 7.352007420570361163e+00 1.530531077443499921e-01 2.170998830363171095e+00 1.280923117604972461e+01
2.435139382991048475e-35 -8.755020460922182224e+01 2.931598661529408734e-01 1.018267027332534110e-02 2.556657180208135927e+00 1.535389254412485549e+01
2.987041974937891098e-35 -8.734342501391736846e+01 2.770254275656886644e+00 2.437908979100780402e-03 2.967089442454634352e+00 3.521083253912698829e+00
5.931086829129675137e-35 -8.665500113296324969e+01 2.865503936894374104e-01 1.578585085226070312e-04 2.044438462428069592e+00 1.773900043113572522e+01
6.809159982120697432e-35 -8.651443984368287943e+01 7.501173232200655794e-02 2.166213566906075201e-03 3.001408079237084969e+00 1.816687725129734199e+00
7.355151584178455321e-35 -8.643480764207433253e+01 1.243495468326608622e+00 8.458816446000037327e-04 2.132288838269866815e+00 3.447347416294644695e+00
8.139705279105323896e-35 -8.633095463273204473e+01 6.245452189393886355e-01 4.795201810419205397e-04 2.522160362626577168e+00 1.642407803820826828e+01
8.246415783134900974e-35 -8.631542995017639441e+01 2.411739858000830239e+00 5.897932054887648941e-03 2.606130435105149079e+00 1.333909299270388082e+01
1.545194254879095646e-34 -8.568497387883934380e+01 3.633682996722996883e+00 3.923803544743666161e-02 2.805211366209950707e+00 6.142577602313565421e+00
1.800397654325596498e-34 -8.552961595302599562e+01 4.006410842696212504e-01 1.148446744621317399e-02 3.336787867317384748e+00 2.310625413845999176e+00
2.413086751896760826e-34 -8.523421677471795022e+01 2.208075917213732531e+00 2.134120791561255892e-02 2.516345285227767903e+00 5.712656856857526222e+00
2.517211678080733179e-34 -8.518947170062517671e+01 8.076748240561518744e-01 5.109902306162316353e-03 2.082450972694465552e+00 2.928669926984833083e+00
3.529332687435701202e-34 -8.484901469991054057e+01 1.528240700375857486e+01 2.986195451836761924e-02 2.392719147352678988e+00 2.298174712921834839e+00
7.714408889860476828e-34 -8.406453364801323858e+01 9.553048786234283440e+00 1.403065621638230343e-01 2.785027202537229130e+00 4.384285638656907125e+00
8.615290656621633795e-34 -8.395158490475262170e+01 3.206527271888968578e+00 6.221922498052314190e-03 2.642254389581750740e+00 3.154336679098533214e+00
1.427973859810932448e-33 -8.344378186130950326e+01 2.090502506090530677e+00 3.166922110986023723e-03 2.116303707337662487e+00 8.075207609216375815e+00
1.561054820530574544e-33 -8.335217665983451241e+01 1.331956442296854615e+00 1.727006269585018485e-04 2.290805529072586832e+00 1.992511027531346812e+01
1.590783669109141779e-33 -8.333081165114145961e+01 9.169337239257858485e+00 1.791721904198824086e-02 2.008580650791630173e+00 1.782767147948294451e+01
3.080182536387736944e-33 -8.266754955931449445e+01 8.576958757777893538e+01 5.550178166484159847e-02 2.847358642186945232e+00 1.944697759549991023e+00
8.234800861713759657e-33 -8.168166923820885472e+01 8.521260078952030970e-02 2.519420984815516976e-03 2.379049901680198698e+00 2.382327608266219698e+00
1.152846054735366182e-32 -8.134271961137997664e+01 1.807471653695654368e+01 5.662474171740413797e-04 2.722831196344440485e+00 1.037600941737732718e+01
1.871110496393631666e-32 -8.085592122366358581e+01 4.150765640996318534e-02 1.233509455155885838e-04 2.371731119492003437e+00 1.661481783255712230e+01
2.389050721317687135e-32 -8.060905722730048240e+01 2.374541932711892400e+01 1.447414863936714868e-01 2.320409123899142667e+00 2.633361160242563059e+00
2.831786637205928452e-32 -8.043654549358716110e+01 5.169121914000657014e+00 2.794262620026497640e-02 2.638102307409511127e+00 2.553814427114269758e+00
7.041457828532892335e-32 -7.952313809996189775e+01 3.857649411131795075e-02 7.290598233965431794e-03 2.357977890634965323e+00 1.723678606657237466e+01
9.224160357008982276e-32 -7.925062715903700905e+01 1.100357822157824073e+00 3.259201953703554783e-02 2.877193343220583621e+00 1.079273656179636731e+01
1.027457283263176712e-31 -7.914028114055916774e+01 6.004091208117194611e+01 1.719549769455383861e-02 2.251116298882699152e+00 2.650702254113787681e+00
1.637940063215900766e-31 -7.867142884029861705e+01 5.722327291642695712e+01 1.690326207465683113e-03 2.995163166195622839e+00 5.330954063054745617e+00
1.793446885071317749e-31 -7.857822883130269531e+01 7.323528071401854689e+00 2.038506323249684657e-02 2.412949288446291973e+00 1.754224694772463167e+01
1.805647972586101165e-31 -7.856894871867018537e+01 7.837434139429948488e+00 4.222626728704569066e-04 2.125240670452097635e+00 1.857109108539459541e+01
2.004205093996481733e-31 -7.846212071331711968e+01 9.025136043424227239e+01 6.701594163031188156e-02 2.730907002188255994e+00 1.007208606096453174e+01
2.091810294988844675e-31 -7.841683837269752644e+01 1.229644332586889433e-01 1.337234666513723903e-04 2.086759848555906238e+00 1.701228623731411105e+01
2.435955518748416818e-31 -7.826202914389128296e+01 1.310076240459025243e+01 6.094435592294993737e-02 3.088434862123156766e+00 2.263272411741956258e+00
3.562106693023435772e-31 -7.787951609607503656e+01 4.659036263594396132e+01 2.033667462905111231e-04 2.576858052027432233e+00 2.264084260217516409e+00
3.924450116219354631e-31 -7.778014198997547624e+01 6.833713185169627025e+01 2.453543668606106656e-04 2.232488137557981034e+00 1.738965914168962001e+01
6.354097091489267494e-31 -7.729576841751327265e+01 1.272468697385602354e+01 7.505665587408891226e-02 3.095129018225540651e+00 2.536753040482734534e+00
7.436304129230768356e-31 -7.713599426502010203e+01 7.010850874460845539e-01 7.215649433285753608e-04 2.544024495776095574e+00 1.623191577171749600e+01
7.577162792758084773e-31 -7.711472940577779411e+01 9.240220960744545664e+01 6.806432497612663335e-02 3.044037739476186388e+00 4.470770569314968412e+00
8.656745818236047112e-31 -7.697902935322849771e+01 4.452259124244379507e+01 9.006669159666760849e-02 2.923557085431579772e+00 2.046881583821957840e+00
8.797084797005032440e-31 -7.696044784008321926e+01 6.697566143557280327e+01 1.665907457266712910e-01 2.752037822686739243e+00 9.588107697594177026e+00
8.803606948039772473e-31 -7.695720671565155158e+01 1.270899814755821389e+01 2.790733732574425530e-02 2.145861281277832155e+00 1.685700415407143993e+01
9.793788122047876468e-31 -7.684811991401477371e+01 1.393353628204509320e+01 2.789366788664901769e-04 2.415081954858155910e+00 1.570137413288926531e+01
1.032717912615597234e-30 -7.679258906365754456e+01 4.883609075482849698e-02 1.015773938878158575e-04 2.876325745410138524e+00 7.272283557415389232e+00
2.198355072043649530e-30 -7.603457375444699551e+01 3.314322039236354545e-02 4.619870631236215087e-03 2.957409491419257463e+00 2.066408829856392959e+00
3.151064360843033669e-30 -7.567204285252678631e+01 1.729682997613723738e-01 9.752564490019845472e-04 2.936577474351123485e+00 6.178817430975756864e+00
3.584180491071825371e-30 -7.554075328654593591e+01 3.017074025604940535e-02 1.842530549239907930e-02 2.108420325671194639e+00 7.128953381588570615e+00
6.399888111510110433e-30 -7.495850263298642346e+01 3.234865532119691328e-02 5.476629402399750893e-03 2.777916338427603549e+00 2.169870735697863040e+00
7.634925440652133802e-30 -7.477954996746773020e+01 2.798655869167311905e-01 1.425798613087128847e-03 2.010451916937620709e+00 1.544588963771963286e+01
2.073083392208643974e-29 -7.377816098719412707e+01 1.186025872552198546e-01 2.020648820001521434e-02 2.405565050883823996e+00 4.764336112803050582e+00
2.328699347059891049e-29 -7.365938815605987600e+01 6.179761236014043391e+01 2.233695191633184641e-04 2.620192867786136137e+00 1.195586547911895714e+01
2.413645691690028373e-29 -7.362105970801620458e+01 8.076429341814982399e-01 7.636549298580792323e-03 2.445674333602359862e+00 1.903665036846174985e+01
2.633193280852985947e-29 -7.353150076272433466e+01 2.355311196760345449e-01 3.317172774353451762e-03 2.184200998842770414e+00 3.014962984189498041e+00
3.523346341958393327e-29 -7.323778684428563679e+01 4.958211160501567605e+01 4.537215957463040100e-03 2.480568357796169909e+00 1.442493864097855649e+01
6.507723226825788894e-29 -7.262170838732220091e+01 9.094521777656234818e+00 1.168290835496915286e-01 2.592794602857164676e+00 4.288999137700383102e+00
6.614640928784916807e-29 -7.260291253289783242e+01 1.528001864090131612e-01 5.738959343091138473e-04 2.836937423795191648e+00 7.789196000674737164e+00
7.235278781049416510e-29 -7.251072915600704505e+01 5.631610821425230284e-01 1.690158045972636053e-02 2.956009979604708349e+00 2.440318586229701658e+00
7.272720156718178489e-29 -7.250306766420486326e+01 2.691237075498212228e+00 1.694495791598990856e-04 2.062514082496282430e+00 1.631289679926805647e+01
8.608351493686863992e-29 -7.233196521166847504e+01 1.594079359042713229e+01 3.122961692136390788e-03 2.977921798053063007e+00 5.318546309159943419e+00
1.168187568419180126e-28 -7.202415949372166892e+01 4.126728173661378207e+01 2.765172273955357300e-03 2.996131692043575878e+00 5.021731112661409924e+00
2.252231356253750957e-28 -7.136519151595105370e+01 1.622999671107320907e+01 1.397842823532672446e-02 2.913741875278961224e+00 6.352514567948940538e+00
2.426755584563537747e-28 -7.128805773977494198e+01 1.199488142207795960e+01 1.945569002217170662e-01 2.644207677906171394e+00 1.379757266460342002e+01
3.494844060523799132e-28 -7.092082419782011016e+01 5.964262905675674631e-01 1.942237791490443422e-04 3.028011574873613387e+00 6.482474975819727980e+00
4.050820993581089955e-28 -7.077069337959548534e+01 9.769854936763277209e+00 1.579999856495322222e-02 2.706598624921499052e+00 1.010927889784818312e+01
4.060403787835460465e-28 -7.076583053083440689e+01 1.499342595564935010e+01 1.704473271582781224e-01 2.711327148449305557e+00 1.072513936708825177e+01
5.224526703258464145e-28 -7.051124874399505416e+01 5.339446413180509055e+00 7.896907801194447130e-02 2.112320085976037820e+00 8.719886754470987711e+00
9.312661436249309248e-28 -6.993073803564300306e+01 3.049590015380887031e+00 6.528511234408868264e-04 2.337238461578417859e+00 4.205546486544053941e+00
1.010202838915558780e-27 -6.984687672034168315e+01 1.540787246661360754e+01 2.328293085396226647e-01 2.603630243107356357e+00 1.519119986903765351e+01
1.072561738903948438e-27 -6.978447792606573330e+01 8.626308036287014813e-01 1.903718358412039187e-04 2.247094074922618034e+00 1.813917729307281945e+01
1.142825080727434917e-27 -6.971852452377305553e+01 4.942719830777110301e-01 1.358565329267970301e-02 2.081527389832841024e+00 4.106619296182085321e+00
1.171814562147803796e-27 -6.969097440642775609e+01 4.598391645745643075e+01 1.849137917260272775e-03 2.756440449909278723e+00 2.307191807256039784e+00
1.271076950701660995e-27 -6.960716332783424320e+01 2.356728135090615073e+00 1.878327951221980038e-03 2.047947289308722496e+00 1.236843458650108296e+01
1.423105683900055078e-27 -6.949168627691388167e+01 6.329716041485679012e-01 4.213835895093585924e-04 3.256375332026157032e+00 2.245155117184355120e+00
1.482808570783561107e-27 -6.944808988922822834e+01 1.885635925332682927e-01 2.836421716685882184e-04 2.336719075885899777e+00 1.591944798111358139e+01
1.526805734222118327e-27 -6.941635006404598585e+01 8.872991387850381884e+00 1.300709089890073836e-03 2.067946285989462396e+00 1.668286952371343190e+01
1.770227015434994998e-27 -6.926592006597117290e+01 6.224315755205208944e+01 3.975247446904534576e-01 2.139781192464106585e+00 1.900281377641334757e+01
1.791848805170186563e-27 -6.925127992276219402e+01 7.216166224261988393e-02 6.798167521425680336e-03 2.007977791662514111e+00 1.446754404182531495e+01
2.490402074999466976e-27 -6.891958368829637038e+01 9.338795680546706279e+00 1.619242503493858109e-04 2.816169925541052166e+00 7.988921865641180453e+00
2.830711668839405341e-27 -6.878899970851132650e+01 2.253888815986379512e+01 2.769652461922412373e-04 2.675249341437484940e+00 1.061420827303495606e+01
3.440069293911673867e-27 -6.859153624687914430e+01 3.973551357178781857e-02 2.190612307630192615e-02 2.227836669527624824e+00 1.698816306284502531e+01
5.398479594701248324e-27 -6.813841050425160972e+01 2.682141895861770564e+01 4.162280173655315552e-01 2.779507021462696237e+00 8.013601527615396236e+00
5.810919752647531035e-27 -6.806228899820281697e+01 5.383454406097588213e-02 2.603188542439964460e-04 2.383821984660702054e+00 1.532446468418607033e+01
7.715504379045194220e-27 -6.777629600154692469e+01 2.656457977090329048e-01 3.691499795330808261e-04 2.953733309086121750e+00 5.530565421898241851e+00
8.989401966567067509e-27 -6.762098153744234708e+01 6.026921372600756166e-02 1.607833388399063784e-02 2.861154008580317765e+00 2.975149439858342237e+00
8.988698494343654559e-27 -6.761855979623561552e+01 3.824915658107206490e-02 6.705351448860473983e-03 2.349150686454703596e+00 1.600788955709460026e+01
1.202075941377818001e-26 -6.732539275534632850e+01 6.267453962832718162e+00 1.501577120677041396e-02 2.760405846953991826e+00 8.985355302397298516e+00
1.225421192375452671e-26 -6.730365815323540346e+01 7.919289262620460290e-01 1.988836110811291122e-02 2.047821532365733610e+00 8.549308401766605670e+00
1.250418718041190136e-26 -6.728096429899075304e+01 2.432433568577423988e-01 6.656560673133798435e-04 2.288576260947276619e+00 1.602170036805613051e+01
1.282896071075604209e-26 -6.725282269091167109e+01 7.953194335688261063e+00 3.576076028031790512e-03 2.899001032010138257e+00 6.356809154613004331e+00
2.249377320641701775e-26 -6.668878933711299339e+01 6.809292718914458931e+01 1.253977121517242665e-01 2.450848103937724787e+00 1.436121450042256065e+01
3.229322368048238476e-26 -6.632467044659553324e+01 1.329261425152841181e-01 3.824902371317421938e-03 2.575392959498436163e+00 1.234066405645568487e+01
3.620813902121436666e-26 -6.620774393324020934e+01 9.739030007019796598e-01 1.153604260723995259e-03 2.006724229944635507e+00 1.245934411883377457e+01
5.246160964479317306e-26 -6.583444620439398420e+01 1.668431642998854825e+00 1.203453611291702694e-04 3.003884679745621789e+00 3.111614510887636076e+00
7.132086788394795923e-26 -6.552483889984769405e+01 7.356420850748008888e-01 3.426251092509003532e-02 3.478523836598109931e+00 7.032118756208230792e+00
9.179904983039792479e-26 -6.526992591449906911e+01 3.445218169220593540e-01 7.860709660701759374e-03 2.892629593103645647e+00 7.225114830481855321e+00
1.193697744100054264e-25 -6.500480183837366610e+01 9.460756147511361291e+00 1.763865449989579504e-02 3.003629068094674892e+00 2.619099348501539914e+00
2.312675393452795378e-25 -6.434095264230674616e+01 9.623594719606219650e-02 1.824377107016752467e-04 2.662250147591712857e+00 2.534645938666965304e+00
2.657094861436458894e-25 -6.419962430705200518e+01 5.190733946296415269e-01 8.246731351573610485e-04 2.308938906233529043e+00 1.610722838002613599e+01
3.110021378061181539e-25 -6.403972807551028268e+01 9.666178650687378138e+00 1.667214166766697869e-01 2.640587647578687136e+00 1.167902337603149299e+01
4.313845441516065242e-25 -6.371002795551412135e+01 2.093595566605793157e-01 3.178716701934997699e-04 2.444935856325832990e+00 2.836792112347616968e+00
4.355110154453073161e-25 -6.369800777187841589e+01 9.573524898323344801e-02 7.538176870725280454e-04 3.050314825189645696e+00 2.869672632907080079e+00
5.177264036851358727e-25 -6.352258093713034270e+01 2.620705483172828920e+01 3.053619914727704536e-04 2.259430228661255313e+00 1.570796788456790161e+01
5.482561517750033167e-25 -6.346278525365766399e+01 4.975064162862650186e+00 7.965185030328617716e-03 2.338775047759987569e+00 1.757230374461036604e+01
5.480242566357091823e-25 -6.346070831173838656e+01 2.899954312470901741e+00 2.437656539984811653e-04 2.127843906268991780e+00 1.592496886680597079e+01
6.189739704898632448e-25 -6.333646464074502092e+01 3.320796302505359121e-02 3.625773809528635419e-04 2.400230030786546287e+00 1.470630004392857337e+01
7.253153722739218450e-25 -6.317542130512942578e+01 7.058033269170032931e+00 1.532765390436528763e-02 2.401385042259635672e+00 2.931800346008202052e+00
7.716621479112345949e-25 -6.311098103964404515e+01 3.618978659451097535e-01 6.438105903724103320e-04 2.054738393963197129e+00 1.420608588726518384e+01
9.016161516524544403e-25 -6.295283898464282402e+01 1.216658661283625431e+00 2.288711202878937825e-02 2.579434873267960615e+00 8.652991663791329557e+00
9.467748659981732925e-25 -6.290146653061610493e+01 1.135089941845771166e+00 8.686768401549129544e-04 2.461838737701923741e+00 1.764770001544305700e+01
1.054728370122755495e-24 -6.279098931795919469e+01 7.701702091011732865e-01 8.998206440131108555e-03 2.340917387636087810e+00 3.272440489959018706e+00
1.166379010388847424e-24 -6.268786849575653974e+01 5.969495329926480243e-02 1.332172760408372727e-03 2.431923300029035229e+00 1.426785076082353854e+01
1.227009679093777494e-24 -6.263469252853876412e+01 1.754602869771307994e+01 3.554511597822232905e-03 2.029858918843531868e+00 4.315404255458941130e+00
1.328276122937562619e-24 -6.255289062931858268e+01 5.431328393819694611e+01 3.532105052388708755e-01 2.864265466945598249e+00 6.766365254507215710e+00
1.439894014107250180e-24 -6.246970307309363335e+01 1.336816854651659447e+00 1.365542991035270746e-03 2.633647184463915103e+00 3.902519479452733364e+00
1.858652233106174736e-24 -6.221192096344391587e+01 1.944467717947541985e+01 7.179219817567478699e-03 2.589913822760012252e+00 2.690435328166641771e+00
2.531062797524390131e-24 -6.190063329005420201e+01 1.482868144780095765e+00 4.417147773483568059e-04 2.262964265307797262e+00 1.537207687892625074e+01
2.803506756502362498e-24 -6.179590153605570890e+01 7.037443369303205687e-01 1.631586729000367858e-02 2.289094335017148207e+00 1.893515196539890155e+01
3.063449958412614239e-24 -6.170473086438461507e+01 2.243580753569191233e-01 2.968480517188230167e-02 3.232710478511610308e+00 6.689254741839485874e+00
3.907529031090138001e-24 -6.145886736979090870e+01 3.473376238128164317e+01 2.353089420046670238e-02 2.232650875653845901e+00 1.572432773419067864e+01
4.284811868551223843e-24 -6.136419593622799340e+01 1.787385538540472441e+00 5.100537540806200643e-03 2.242812230151467023e+00 1.563880666493425231e+01
4.877944583616990045e-24 -6.123204864340134179e+01 8.775208576287953921e-01 3.818641367300682626e-02 3.072469633692402446e+00 1.430912305811170171e+01
5.536758577634078937e-24 -6.110286334742355763e+01 7.237740119144960849e-01 5.452021741150332550e-03 2.913920474900643320e+00 2.406368300741768884e+00
7.161470369915078060e-24 -6.084305726384243940e+01 9.926183813311345716e+01 3.583696881472893114e-01 2.768491480552168760e+00 2.565606518553505744e+00
7.959734809396961390e-24 -6.073487689875948092e+01 3.388346084449381568e+00 8.602915322817661966e-04 2.593995892718583995e+00 1.190816443750643039e+01
8.800694024117908208e-24 -6.063194199790701333e+01 3.734363427247631984e-02 7.990671298455197594e-03 2.788087848233706367e+00 2.575220898521303425e+00
8.928625986908031264e-24 -6.061501006445634232e+01 1.149119288454954368e+00 5.008111992314556032e-03 2.442657474180600197e+00 3.697209542137292360e+00
1.138166886387503802e-23 -6.036976851586545934e+01 1.463547332833154524e+00 1.159543493076440430e-04 2.941517925452642679e+00 5.732873372504789344e+00
1.182772741632429724e-23 -6.032882602656069793e+01 9.875282371236981049e+00 1.740652770532195581e-01 2.522431291992651925e+00 9.553554454818984354e+00
1.204410064956771505e-23 -6.030819761525155798e+01 2.547330469219467730e+01 1.168517295589823271e-02 2.205395796327410007e+00 1.553334247232362486e+01
1.625709405735700914e-23 -6.000574321177030157e+01 1.623271970620899651e+01 2.419495764629255724e-02 2.278190518898833172e+00 3.335053151335893418e+00
1.758096030678594267e-23 -5.992495606693389476e+01 4.273898757290853917e-02 1.779943610786573205e-04 2.443108099932142618e+00 1.388105913988040108e+01
1.843053981999533287e-23 -5.987526352111831329e+01 3.350926595528180840e-02 3.174236445099051784e-02 3.225437536674177430e+00 1.204978259756547843e+01
1.958364085860941698e-23 -5.981207801500720933e+01 5.585275931975164365e-01 1.574762101877371777e-04 2.287716413034986740e+00 3.353366154542801070e+00
1.970266529280294148e-23 -5.980351866201498012e+01 9.016996726576026466e-01 1.569436740196904906e-02 2.118695867913924502e+00 1.287613186372962204e+01
1.988960977180154066e-23 -5.979157510930116359e+01 3.244512448537572169e+01 1.342004249570283303e-01 2.024709412012984266e+00 1.464391196612409018e+01
2.150935580520336136e-23 -5.971078458844633730e+01 8.784886686995234228e+00 1.087887707933396422e-03 3.004865155491995843e+00 3.970327229320607998e+00
2.468334463023958909e-23 -5.957064387293937813e+01 1.219778886875188206e+01 1.904863507849538376e-04 3.013282414049542446e+00 3.927585700845440897e+00
2.502527916348772495e-23 -5.955438610213522566e+01 2.600567296649569649e+00 5.361169916693156977e-03 2.497863088010741528e+00 1.340174864542358435e+01
5.394575843303741493e-23 -5.878379351437796174e+01 7.244132910130495873e+01 5.150825388283614180e-04 2.469747129832787103e+00 1.342597576958432626e+01
5.994321107537312497e-23 -5.867587495071041559e+01 2.750549011805999911e+01 1.001943756591436568e-03 2.821269640853969030e+00 7.360706915015229335e+00
8.422391252280373357e-23 -5.833329370502168842e+01 3.104488014104643145e+00 1.100314457055693527e-04 2.996934437797343698e+00 3.463196113367261741e+00
8.889817903762441687e-23 -5.827678092361466611e+01 5.698703821969774452e+01 1.980368271472479069e-01 2.071790308370873301e+00 1.408203528367151947e+01
1.038828396207637080e-22 -5.811850886065061417e+01 4.180403078194063760e+00 4.526776809242213755e-04 2.303175678156306638e+00 1.712095276795105647e+01
1.066775785257752520e-22 -5.808946158208576804e+01 2.465871589794780760e+01 1.087827231635223811e-04 2.023061112153548002e+00 1.257817233791079481e+01
1.149261272261855996e-22 -5.801248303265063555e+01 6.114369595859883333e+01 2.641202652503734510e-02 2.764056088025711233e+00 8.351527398315347739e+00
1.747261252996773351e-22 -5.759105283291145838e+01 1.807549054947345368e+01 2.380718265053679943e-03 2.482427805797039699e+00 2.997267753265171919e+00
1.894424417228154832e-22 -5.750768734188401510e+01 9.636263417304755663e+00 4.494715472603998813e-02 2.523918263035338061e+00 1.300715182059644803e+01
2.118312856591177848e-22 -5.739348244718377856e+01 1.914815637759989642e+00 1.292372242206362570e-03 2.243687079176190924e+00 1.268101976882745774e+01
2.113267028079668372e-22 -5.739336729210720733e+01 7.486085424208805961e-01 1.536892309075529699e-03 2.649731492928000254e+00 2.824714904897082324e+00
2.281709990820723243e-22 -5.731417723883641457e+01 3.403056512000797174e+00 5.964162473183300985e-04 2.314382954447546048e+00 1.620230883503081998e+01
3.149697592850708516e-22 -5.698929595071091825e+01 6.576874004955215014e+01 1.627497357443587580e-04 2.170790332066999451e+00 1.463546921808525880e+01
4.249967778421954679e-22 -5.668719099531052308e+01 7.667017821580446935e+01 6.188782460703084499e-04 2.035217091453292326e+00 1.256439712876308867e+01
4.630969505761933661e-22 -5.659883615399970580e+01 8.499599064671565785e-01 1.920016308035438907e-02 2.255441061936076075e+00 5.886150124320417731e+00
5.325053034104108001e-22 -5.645667972566826620e+01 3.619049712357346738e-01 1.866869252453656064e-02 2.118759651838397762e+00 1.346968464261749432e+01
6.176782405506332415e-22 -5.630580490714230280e+01 4.444874043740223990e-01 1.943095526935896653e-04 2.653659203160496638e+00 1.070284867769324322e+01
9.981035524128380842e-22 -5.582341555179694126e+01 1.037064983539147889e+00 3.632330325535255023e-03 2.234705512038165143e+00 1.601472860696711820e+01
1.207209373183661356e-21 -5.563070591083494065e+01 5.640641501769502048e-02 2.010167688784120167e-04 2.178886792009465889e+00 3.975111317653986287e+00
1.209649179548693908e-21 -5.562618692036397050e+01 7.479533437137035889e+01 2.721257912985374228e-01 2.087120151219554742e+00 4.486121370004261699e+00
1.276375876649448739e-21 -5.556999258795545416e+01 1.265916004712243914e-01 6.192044980736016550e-03 2.995226650213384190e+00 4.217671436723559708e+00
1.620105372464249316e-21 -5.532902611181628316e+01 2.942284875689025370e+01 1.155235174957478986e-04 2.313859949020724560e+00 1.458227798516895035e+01
1.987879894880099194e-21 -5.512194861231721177e+01 8.285987041819451804e+01 4.205879993675805417e-04 2.252199146425918119e+00 1.468498130895286735e+01
2.088640783759572184e-21 -5.507000379196287554e+01 5.380347880092696755e+01 4.579348230923237575e-03 2.375732388754114854e+00 1.413863526843778118e+01
2.284737246958911266e-21 -5.497776627633199098e+01 1.492860708403558334e-01 2.850469692629952097e-03 2.968613707497681276e+00 4.501578580674250318e+00
2.288538398093304818e-21 -5.497360394398872074e+01 5.822207055156209066e+01 5.910717061828587617e-03 2.708552660433037662e+00 2.776484115193344149e+00
2.325916596873209960e-21 -5.495490310711296189e+01 3.091604645884569666e-02 1.137098146174966894e-03 2.808478487145005253e+00 7.380057113202262542e+00
2.395079478522821888e-21 -5.492310088817703928e+01 1.769549694434369991e-01 4.412969587513433829e-04 2.195834066336126433e+00 3.933681497568537466e+00
2.585983637907975972e-21 -5.484391135052838706e+01 5.454940187685785036e-01 1.840034836978803479e-03 3.006443691538430052e+00 2.536116524379973480e+00
2.850092926573488488e-21 -5.474416570411202088e+01 3.234214991561910058e-01 1.084980710778600185e-02 2.546154269762855193e+00 1.334978313419168927e+01
3.112532627173604056e-21 -5.465358055931434222e+01 2.609707363658141333e+01 8.837408355861273157e-02 2.982081162836878185e+00 4.106536585363810943e+00
3.294278786533440631e-21 -5.459433004085325791e+01 1.279239377550448753e-01 2.626379936927542361e-02 2.410278728930604686e+00 1.901687942906956152e+01
3.341557853761705644e-21 -5.457758018214725126e+01 7.444122613233176367e+01 2.901919001745419547e-03 2.273917018602585660e+00 1.460243781596434154e+01
3.431966613814622472e-21 -5.454838385000737588e+01 4.002937916420854236e+01 1.628148795338371646e-02 2.073642206723608439e+00 1.306117939316685295e+01
4.703769340170344353e-21 -5.423065312910993896e+01 1.301956777297742462e+01 1.973323194317805687e-03 2.251733646446437920e+00 1.442984303833438808e+01
4.789627521132405380e-21 -5.421006465704482480e+01 3.507103069183386407e-02 5.774810962635661517e-04 2.144207522515261033e+00 1.396328285073801645e+01
5.333035981939769036e-21 -5.410009662504518246e+01 2.476067498487939389e-01 3.041302443852061509e-03 2.113238316656980142e+00 4.529338195938806599e+00
5.720334803422424469e-21 -5.402748996793065572e+01 6.672426750210389912e+01 1.856961942658194586e-01 2.731443682903486270e+00 8.698414122448333785e+00
6.485069244214810728e-21 -5.389951480836814568e+01 8.558865759571014564e+01 1.328860098372055144e-04 2.497216460441839203e+00 1.262563166194046715e+01
7.747845539167782165e-21 -5.371910249390487735e+01 9.900982571618809069e-02 1.253259207267740625e-04 2.293855649952829534e+00 1.446515426913151536e+01
8.898839169298076577e-21 -5.357809646586092356e+01 9.150745886362281567e+01 1.855449493405604252e-04 2.286934050910581995e+00 1.446429998764812197e+01
8.948150740119812516e-21 -5.357007041395428359e+01 1.752161324082402105e+00 8.009268017864334954e-03 2.236877377267999290e+00 1.298977751713598572e+01
1.007417154909611639e-20 -5.344904242760203061e+01 5.380913705483841153e-02 2.672971921477317742e-03 2.414902033957203820e+00 1.362327034057694064e+01
1.365365008201265978e-20 -5.314251041251608143e+01 2.085944301857022509e+00 2.842213632324403568e-04 2.729440244918840186e+00 4.723349249348657075e+00
1.371018437750330910e-20 -5.313587836179691237e+01 8.436118980251423238e+01 8.214356207991498071e-02 2.978038986198460414e+00 4.089865837895356293e+00
1.505528671480296237e-20 -5.303978809743352940e+01 5.415640061234903990e-02 5.896703509136032480e-03 2.997701031448358755e+00 3.231374549178013034e+00
1.712805315070101214e-20 -5.290829964924676432e+01 5.359454652223193394e-01 7.494331367014427873e-04 2.124016473519101833e+00 1.356439933803889630e+01
1.961892618411338939e-20 -5.277002258171403781e+01 4.424477692657429184e-01 7.178373773844805988e-03 2.338077486131537874e+00 1.448501178002337575e+01
2.057254075883689932e-20 -5.272006008995135318e+01 3.050281794717083272e+00 1.664051561098638197e-03 2.112861263515629417e+00 8.188183095831037761e+00
2.087959126842869225e-20 -5.270274511612026913e+01 3.787384764283267202e+00 3.785482949779523515e-02 2.365250383507485399e+00 1.837780030858877112e+01
2.176301384466513361e-20 -5.265880538738845473e+01 7.772027063526873292e+01 7.241834401908653004e-04 2.455828562332768694e+00 1.307005640558297088e+01
2.318413828370800892e-20 -5.259304895349755782e+01 6.172778022167884071e-01 1.020352616910080100e-04 2.009318475727557285e+00 6.370452324366626229e+00
2.436840290601082756e-20 -5.254072997343450879e+01 2.996171410157010229e+01 5.261326827599429939e-04 2.756590151755774265e+00 8.155611199851806603e+00
2.842375069821936071e-20 -5.238429221581576911e+01 5.828753264291932634e-01 3.069834075438551690e-03 2.940767864427545675e+00 2.622463546066262197e+00
3.259397281065650245e-20 -5.224488991550530415e+01 3.619381266638157069e+00 8.262270768602256871e-03 2.692672523867075007e+00 3.740892120892259864e+00
3.300559595146221687e-20 -5.222984018229916359e+01 4.379048275680390290e-02 5.778883333903356637e-04 2.229869648456332065e+00 1.426277458845282098e+01
3.699854999385209520e-20 -5.211313858115533293e+01 2.992263555957950771e+01 1.090085286505139596e-04 2.782304672244605648e+00 7.673574357146359048e+00
4.840444399735174069e-20 -5.184192567604161894e+01 8.839265786441760642e-02 1.844326169094226875e-04 2.861549537243397445e+00 2.835892391927296252e+00
5.676845398517639511e-20 -5.168003651981891267e+01 3.914175095456644965e-02 1.158792891652649613e-02 2.507961366626469513e+00 1.523587109904277526e+01
5.961894954673527183e-20 -5.162854383472389230e+01 4.302498032661313943e+01 8.389731403813784905e-01 2.455138802199099413e+00 1.364907710090061421e+01
6.115847323205442991e-20 -5.160054888643168169e+01 6.504132982324223633e+01 1.780005613438464770e-04 2.859919781966551611e+00 6.268038328383906510e+00
6.943704440866494516e-20 -5.147109679746930055e+01 1.677732273423361420e+01 3.257438539675807060e-04 2.628753968379283101e+00 1.033790484983354574e+01
7.277154800308421196e-20 -5.142169224899875957e+01 1.659695741242468259e+01 2.362911642708476895e-02 2.244802338638956840e+00 3.885660601833836214e+00
7.448053760237811709e-20 -5.139597945265647638e+01 6.821852414379369067e-01 2.654087883474196431e-04 2.167398591327569957e+00 1.395640302012696132e+01
8.124687183573643638e-20 -5.130652498369084213e+01 4.613371634490342349e-02 1.343476191498541820e-04 2.448141853822682901e+00 1.303863259030484656e+01
8.230194494241149732e-20 -5.129112256392242131e+01 2.195304830167063015e-01 2.925396469765874016e-02 2.566042871239349932e+00 1.445160700866704673e+01
8.263952744460599416e-20 -5.128452919712174207e+01 3.056460688152876415e+00 1.204638887155184827e-04 2.525868800170537831e+00 1.211313903899601030e+01
8.351628710420519589e-20 -5.127147563570007094e+01 2.439863897610181809e+01 8.607719670614108476e-02 2.420807746329583399e+00 1.352714581832443841e+01
1.009514773944918599e-19 -5.107937732411128451e+01 2.151975598903183295e-01 1.170202681678632166e-02 2.583498887427336133e+00 1.298883006386555294e+01
1.188459252090299910e-19 -5.091368939561534290e+01 8.611500424302164447e+00 3.453391413625500703e-03 2.140188617073741639e+00 4.297071585013805262e+00
1.222041780120604103e-19 -5.088332406757185566e+01 4.490645860641507170e+00 3.519440941779969356e-02 2.423305806470816837e+00 1.584067510772460174e+01
1.250748866770961442e-19 -5.085760465234203309e+01 2.284433988086490785e+01 1.303866913794564635e-03 2.884511152526865629e+00 5.774396759123921363e+00
1.675410634303743926e-19 -5.056278882764848959e+01 1.388008484449904378e-01 4.384056498376334883e-03 2.333638377060006430e+00 1.398556068049672874e+01
1.811227349577090200e-19 -5.048234240852310251e+01 1.384722090244573955e+01 1.185711037816781083e-01 2.104825891016001815e+00 4.892782544390626320e+00
2.248691667956718754e-19 -5.026349855150557744e+01 1.019164498397586494e+00 2.495969046319145360e-03 2.105792218454808573e+00 1.125589111422303823e+01
2.337634300027206494e-19 -5.022220768260084611e+01 3.094585955023119794e+01 5.585485551063859751e-03 2.509862155328288935e+00 3.230935054606099754e+00
2.743914915582365378e-19 -5.005946141574612085e+01 3.575727213465448862e-02 3.684182597129600362e-02 3.392340949588544152e+00 1.945438678388727638e+01
2.809550696597367423e-19 -5.003332254157635361e+01 3.214298727320816229e-02 7.451480550021642724e-03 2.130195682354854902e+00 1.315938682759671075e+01
2.856851683443686549e-19 -5.001412690917748449e+01 8.019275725151304357e+01 5.549295258112055262e-03 2.020509137676329559e+00 1.022242638753262334e+01
2.865570012463045403e-19 -5.000857983008117458e+01 1.556794945675386010e+01 7.018170163867323841e-02 2.733147671213158603e+00 3.031981034718198131e+00
3.098517379664964795e-19 -4.992792338522630047e+01 4.822936079863923003e-02 1.886002913950399098e-04 2.457393840076003144e+00 3.334389302908410624e+00
3.137167992031862921e-19 -4.991302663810225937e+01 3.351897432763060319e-02 4.669690873339261798e-03 2.971015129401185284e+00 3.380457619365350386e+00
3.213722539955434573e-19 -4.988641718267579961e+01 5.516334362673477187e+01 3.543715845049415442e-04 2.001736492055562699e+00 7.572421068599128446e+00
3.262709707514383070e-19 -4.986878906893980457e+01 3.915183542804724637e-02 6.321880980244286991e-03 2.039782939603767442e+00 1.086481458581339687e+01
3.385016339088508879e-19 -4.982948838442614914e+01 1.971621134858753166e+01 4.264747294483938606e-02 2.207346263179954526e+00 4.174746267847087466e+00
3.484619284948025950e-19 -4.979798832336060599e+01 6.600258837034552073e+00 5.221532902263143622e-03 2.030404072984945074e+00 4.937993882954256009e+00
3.836532107925664394e-19 -4.969927825602059812e+01 3.172847294520880074e-02 1.072291437570492383e-02 2.644905126326791311e+00 1.242551380408809436e+01
4.111091809131429002e-19 -4.962765847746734948e+01 4.330457075428544023e-02 1.911057115189250305e-04 2.626924388896897167e+00 3.055641399238898437e+00
5.138656494033834483e-19 -4.940205545487116723e+01 5.837989442883251973e-02 2.848688504624000400e-03 2.030543324638134806e+00 1.045985298501496175e+01
5.692342057317582245e-19 -4.929722534486744934e+01 4.431389560984276699e+01 6.902889438985726489e-02 2.326663018931918181e+00 1.386576773563587217e+01
5.846954647790585188e-19 -4.926792616501685984e+01 8.009752349589858156e+00 6.559679899029198643e-04 2.740079381431602457e+00 8.285595249262636131e+00
6.045643332023468816e-19 -4.923200921545883091e+01 3.880125788944728260e-01 2.999251520639415023e-04 2.229398360790598943e+00 4.146643503907894157e+00
6.178870701397481468e-19 -4.920771159731825861e+01 4.800896727623978677e+00 3.714016131772508375e-03 2.891638472321120812e+00 4.399149058858538908e+00
7.009054587842844011e-19 -4.907914429195053430e+01 4.608488425163911884e-02 9.014589158128265625e-03 2.115140625748456848e+00 1.269112716948398223e+01
7.873156286321764944e-19 -4.896038808275925902e+01 7.178202594106677736e+01 5.002604534202999449e-03 2.072686053425277564e+00 1.166761767609217948e+01
1.417425291852179919e-18 -4.836991997362401463e+01 6.355524673521965262e+00 1.796818799763522600e-04 2.722700586686956470e+00 3.014161207870918346e+00
1.698699687822662907e-18 -4.818639895582529675e+01 9.303871610110775237e+01 4.619814801528835529e-02 2.146823878119477058e+00 1.294406579569172600e+01
1.723287310406465850e-18 -4.816952833095879782e+01 4.508617744591481014e+00 2.744698228405856029e-04 2.239709129539081633e+00 1.550374939580348688e+01
1.761157029160676422e-18 -4.814529102870653077e+01 8.265572987727441978e-01 6.699754895139031947e-03 2.066416011714858669e+00 7.126880813893814448e+00
1.777413204197237043e-18 -4.813360297345990801e+01 5.868579885057089740e+01 2.758645621130460107e-04 2.136122107029171602e+00 1.279176293412412591e+01
1.879529980677628936e-18 -4.807524028938792782e+01 9.235771583417419495e-02 1.704718297149497575e-02 3.297392628224972810e+00 4.262881504960106760e+00
2.015492678663580146e-18 -4.800289835364186786e+01 7.047906883182784021e+00 1.291636036143950495e-04 2.234643374293259654e+00 4.170046134323866838e+00
2.032645514081601268e-18 -4.799192387117293634e+01 3.758780535199024442e+00 3.980460117308397272e-03 2.596651268758266795e+00 1.113238289986118623e+01
2.182323186994235849e-18 -4.791837203322177885e+01 1.061628873565642894e-01 2.227437853500367423e-02 2.416778485482744543e+00 9.933696618961416647e+00
2.258799986684188033e-18 -4.788142833177268898e+01 3.809469851506986693e+00 3.780185323374411158e-03 2.659039029072973293e+00 9.830131456721138861e+00
2.516914621230683980e-18 -4.777072822996226620e+01 3.278659135707852723e+00 3.174912589237233185e-02 2.398069324456821860e+00 1.043089463850329857e+01
2.685547603280137598e-18 -4.770337736844798115e+01 4.716485339240685803e+00 3.545001749711852159e-04 2.069651184026603197e+00 5.222481900910807440e+00
2.731323044975423663e-18 -4.768397590103424477e+01 1.126516007606714886e+00 1.748198340145962898e-02 2.351218610236341267e+00 1.346835100540326202e+01
2.724519966513297042e-18 -4.768396977117446056e+01 4.191369576164167654e+01 2.598540517310125517e-02 2.794904433499591612e+00 7.165168505348738393e+00
3.103242371003285622e-18 -4.755131453367258842e+01 2.905839564533306607e+00 1.803197745852030401e-03 2.619995205931697324e+00 5.298157587875301999e+00
3.342787704723828558e-18 -4.747445692369271342e+01 8.170954429670926800e+01 2.749481567050783407e-04 2.056330316888578036e+00 1.079756745108138460e+01
3.341793262374918440e-18 -4.747225445688473400e+01 9.754853580772072930e-02 4.067046477101562627e-04 2.079896799759829218e+00 5.706741659088444329e+00
3.459954359538432002e-18 -4.743500662659636191e+01 8.676698386703833865e-01 1.751668935396474749e-04 2.212344400575488645e+00 1.404830311215422967e+01
3.567830229034917368e-18 -4.740180439265693479e+01 3.459286017505565081e+00 5.497433839011765799e-03 2.583277276320163018e+00 1.109363471668891599e+01
4.054881424281697991e-18 -4.727134057940840250e+01 8.002743141337892441e-02 1.420120222797869377e-04 2.234416861165698265e+00 4.246152794535485775e+00
4.247887871941942077e-18 -4.722234013659677032e+01 4.067145664999591403e+00 5.158588521483773587e-02 2.381937580774547314e+00 1.417832406674896006e+01
4.354587746173903018e-18 -4.719503208105782477e+01 1.179974409346777975e+01 1.064219913455204530e-01 2.840512325000065896e+00 4.432184226393617088e+00
4.508037367379219493e-18 -4.715790013942514491e+01 7.359566104866273328e-02 1.707865537203852660e-02 2.207295528935137696e+00 1.247769476747130390e+01
4.744378111122317403e-18 -4.710430166315580180e+01 3.841553649790260927e+00 5.232160097388311414e-03 2.183048580928584670e+00 5.045079626762977831e+00
6.585685530742326718e-18 -4.677386359002111504e+01 3.924381995380518684e-02 1.702321389701851040e-02 2.374245785698540168e+00 1.888314960074373516e+01
6.588637730283674491e-18 -4.677091541525991403e+01 9.760885805799510706e-01 1.201100485972644372e-03 2.217484216831451249e+00 1.356279914833093869e+01
7.275495419651829167e-18 -4.666925011503400356e+01 6.458354816752621963e-02 1.852469643153378028e-03 2.046639490513233017e+00 1.012322305340704531e+01
7.506574642738107576e-18 -4.663548276912619883e+01 1.343454856447360846e-01 5.830517668724996506e-04 2.086431269526372922e+00 1.146795056869097351e+01
7.560921406441225155e-18 -4.662576896277047922e+01 2.309611060626528822e-01 3.838467270438402495e-04 2.157530627199707229e+00 4.849968422156192283e+00
8.052471857572475409e-18 -4.656028291734540403e+01 1.242085339908574948e+00 4.103832127799845542e-04 2.472039157093226081e+00 1.440501655674126802e+01
1.008861286032073074e-17 -4.633235467645724270e+01 1.032729642764333100e+00 2.680734140176221220e-02 2.756919020800314701e+00 1.010718272073885160e+01
1.039684996504644099e-17 -4.629975915240295592e+01 2.049607294731338314e+01 4.498868375070061106e-04 2.696737924133846498e+00 3.106401948092186505e+00
1.203345377397986678e-17 -4.615107143915552257e+01 8.319540630788421764e-02 6.542936941381434675e-03 2.334835175769599758e+00 3.911382915179061115e+00
1.284332704326096331e-17 -4.608343764447819524e+01 4.860099436627950631e+00 6.926498834139713234e-02 2.356223410792179784e+00 1.971656808002272498e+01
1.404425829425325948e-17 -4.599154837477033198e+01 9.420381591618768979e+00 1.635717999669111453e-02 2.917006396509440158e+00 4.144642191952181420e+00
1.432151262453167145e-17 -4.596949923853540554e+01 7.920562718610843156e+00 2.880094557984659923e-02 2.125430089555554680e+00 1.638658590140948590e+01
1.670430265229268011e-17 -4.581309569460605502e+01 6.359060306108282212e+00 1.966244256906370114e-02 2.250009913146078677e+00 1.715375018078828973e+01
1.698570349332670926e-17 -4.579389000543319099e+01 8.644337039481763441e+01 5.065937066451350456e-04 2.674449833701955992e+00 9.145469584199735991e+00
1.790858168732690971e-17 -4.573848200286133903e+01 1.870729978538105343e+01 2.846870104276215418e-04 2.903162386429355202e+00 5.025280421608920634e+00
1.902382749831238934e-17 -4.567556975236923478e+01 1.332066629655953882e+01 6.679540579169299412e-04 2.480951693822011972e+00 3.474320101486121359e+00
1.966151066708737262e-17 -4.564009907329909765e+01 6.094017979986146116e+01 4.787384990421814437e-03 2.582396224626777315e+00 1.065793535861593178e+01
2.174123016217673998e-17 -4.553705155940524918e+01 3.775412565236450302e+00 1.881497974558074548e-02 2.330070160653870737e+00 4.946808767519312866e+00
2.267299792908733692e-17 -4.549258732678791972e+01 2.689801873203911242e+01 3.017377741371828903e-01 2.138370893687776331e+00 6.022289831255114301e+00
2.515641858986357446e-17 -4.538614894838890734e+01 1.989118820764718576e+00 1.995614335027545358e-04 2.592655436156688253e+00 1.057710613683469525e+01
2.516099524468403586e-17 -4.538346703701929385e+01 3.124172309322353208e-02 7.247495694825970697e-03 2.565143819753682219e+00 1.148289222472415716e+01
2.623731179855346105e-17 -4.533907951256774993e+01 3.601819389483898459e-01 1.747819532963932124e-02 2.168471859965206860e+00 8.470894201919493938e+00
4.094599206270272773e-17 -4.489150809311171031e+01 9.657850383528066018e-02 1.200215233421194662e-02 2.093640491891077815e+00 9.309749485330753416e+00
4.247211351610544534e-17 -4.485241431668831069e+01 8.432840223642217026e-02 2.005801921259427884e-03 2.172311002489585530e+00 1.267889826703735956e+01
4.550098668646786512e-17 -4.478102801355549900e+01 1.801095557013688564e-01 7.834764718999239624e-03 2.397584187403518641e+00 1.325827029291266967e+01
5.539413855766248491e-17 -4.458178823874661845e+01 3.056331043528999203e+01 1.090311083368543515e-01 2.136533998814356128e+00 1.330442623053203910e+01
6.038739443772688565e-17 -4.449298164289668023e+01 1.588485097906393229e+01 1.822455990041991492e-01 2.765647542822407878e+00 5.865323943574623833e+00
7.032842519855058394e-17 -4.433808596622806419e+01 7.454519780821545760e-01 1.667722999198848887e-04 2.086109073680112669e+00 6.732005664137675538e+00
8.125697188629445779e-17 -4.419114539933426755e+01 3.905332888737694796e-02 1.588456824071756215e-02 2.304337346617574944e+00 6.664624791095006273e+00
8.308154081952295967e-17 -4.416643947964345074e+01 9.699899603178688823e-01 8.346560748077722428e-03 2.130756758527044603e+00 7.971683256950938379e+00
8.746284779816589226e-17 -4.411254791808962494e+01 6.646486226917480700e-02 1.054856294262047304e-04 2.692423574793946450e+00 8.714277719123295185e+00
8.879802026852424111e-17 -4.409489766921792153e+01 4.648937526446543789e-01 2.104886735883177915e-02 3.196301803098802630e+00 3.700479969331974317e+00
8.957211186337632775e-17 -4.408371800468689372e+01 1.142726625161548704e+01 1.768120571255208107e-01 2.159657155228061676e+00 9.838954424656964903e+00
9.433001573162369088e-17 -4.402946258526018397e+01 9.253025850967924271e+01 1.655452756756927574e-02 2.086687684822975175e+00 6.241993751458814188e+00
9.656832485146778636e-17 -4.400351123733499037e+01 3.362336430701574064e-01 3.938566711948675476e-03 2.054615334498343326e+00 9.135878789807287959e+00
1.077662852868518168e-16 -4.389129716757757649e+01 4.234039680450364784e+01 2.930874960692466964e-04 2.124547149414616420e+00 5.556812908579625621e+00
1.119947315217410682e-16 -4.385031019448992851e+01 1.391158075520658421e+01 9.646167078335619871e-03 2.452510777945815512e+00 1.229834824224821332e+01
1.188124406729585091e-16 -4.378871590377895728e+01 3.888361638199950843e+00 4.929120714084456439e-04 2.286575180755218817e+00 1.537498153210526475e+01
1.431301397949514293e-16 -4.360000773979933797e+01 3.146428390860745439e-01 3.374826678232674404e-02 3.382204355934389284e+00 9.896329600397207216e+00
1.455174489283009912e-16 -4.358096602136705400e+01 1.541995078258761254e+01 3.535773097436719584e-03 2.613849472017545139e+00 9.991950048478797086e+00
1.467601707420248887e-16 -4.356996226179793297e+01 3.645655019487055171e-01 2.817878803626014395e-02 2.498163002576277325e+00 1.388741122573392772e+01
1.902827752391700549e-16 -4.330775076820820857e+01 1.232205845073944595e+00 2.364242804322899368e-04 2.875114109998201606e+00 6.131822803861756377e+00
2.495047431685107034e-16 -4.303428409898784679e+01 4.034629683695746261e-01 4.060210802898944239e-03 2.520309059918674155e+00 1.165947736208815400e+01
2.688462979608041209e-16 -4.295712219143914723e+01 8.507247641806965355e-01 2.541644947043342900e-02 3.163311178030025594e+00 6.225310336415540213e+00
3.289293198808943061e-16 -4.275291913019750467e+01 4.326955730634345088e+01 1.160458255798950747e-02 2.066330881778358552e+00 7.385795378863102556e+00
3.624544651414948621e-16 -4.265336317169222013e+01 2.448556005200736507e+01 5.718717358563916997e-02 2.846113037548438474e+00 5.849320744040361397e+00
3.664376758114212612e-16 -4.263993357018426877e+01 3.714737616585033625e-02 3.601228787346246948e-03 2.635267585645260979e+00 9.602067521894591451e+00
3.935711526192246341e-16 -4.256600015331166986e+01 1.623938682167344050e-01 8.248441459345235913e-03 2.829749723618711688e+00 6.743552545398446618e+00
4.621894546796001220e-16 -4.240278714260614379e+01 7.963085491170093788e-02 1.195480263291182413e-02 2.685882618865876204e+00 1.155301551467835353e+01
5.578806716774003840e-16 -4.221211693522252517e+01 3.962689142880558535e+01 1.007872208421369182e-04 2.111625759868405616e+00 6.062392632487263455e+00
5.695535893530879094e-16 -4.218890914728207520e+01 3.569975112338397844e-02 2.491212785685885042e-02 3.165481874501905324e+00 7.548407624737865973e+00
5.758579694662991366e-16 -4.217540097519197673e+01 6.777790424326377661e+01 1.429407918157647728e-01 2.084009909934449567e+00 6.798712163537512509e+00
7.124460654389173648e-16 -4.196005781304614857e+01 8.533955439856467251e+01 9.755169044691241326e-03 2.318409277183506312e+00 4.187649835444504198e+00
7.160759497559067456e-16 -4.195247578828098511e+01 5.862248121174492427e-02 1.970343851349616246e-02 2.504552023775312719e+00 7.434041034715724194e+00
7.786479072610005108e-16 -4.186620306140683567e+01 3.318731509826865533e+01 9.658263985266943297e-02 2.031912768991097629e+00 9.300533016383344176e+00
8.682364380239440918e-16 -4.175479795308952191e+01 3.354322070861265326e-02 1.006560291403931623e-04 2.073006487532292663e+00 7.577632824121976363e+00
9.153299418892960688e-16 -4.169947743218764202e+01 8.664274472301243535e-02 2.042507960813341587e-04 2.230536442061566760e+00 1.269078378926049488e+01
1.059310288647091909e-15 -4.155088872045399029e+01 3.976311082666819630e+01 9.236543621100180672e-04 2.230679069375166801e+00 1.268405165903037712e+01
1.058475376032098512e-15 -4.154917719746767091e+01 1.207717238305392737e-01 1.227724348712149350e-04 2.070919003210661469e+00 8.395538436790870307e+00
1.146168799144359519e-15 -4.146708184407390263e+01 2.960233860430431796e-01 7.093736524427742343e-03 2.105083889242626238e+00 6.534796421347385476e+00
1.193301304898493763e-15 -4.142428307379823593e+01 4.530631885501115619e+00 3.689397585749735337e-02 2.296621135673163394e+00 6.450498571302464512e+00
1.192604258444113578e-15 -4.142236737728863716e+01 2.510132621645241002e+01 6.158697324830281900e-03 2.346028048063785842e+00 1.294672785486960720e+01
1.212713702457464287e-15 -4.140314616796317182e+01 7.319438363857004581e-02 5.580770809445498130e-03 2.371280412347002375e+00 1.280727496891512907e+01
1.319143189008185883e-15 -4.131652431910607248e+01 2.740640685507108376e+00 1.374099926430829232e-04 2.451552493226617280e+00 4.190680270564461907e+00
1.497168226850872742e-15 -4.118743127060234599e+01 1.451175477480652676e+00 2.939618277293610995e-03 2.402630260915514349e+00 8.912104696913203838e+00
1.692649944239348773e-15 -4.106221143048514932e+01 1.744127550139981664e-01 3.788113288482621542e-04 2.573018036917722018e+00 3.496713789186726817e+00
1.744840275418264424e-15 -4.102934372695859366e+01 1.193102500181137282e+00 1.774926971157458075e-03 2.859186606057879221e+00 4.799081865630379085e+00
1.753662226931030104e-15 -4.102180044332196474e+01 7.379615641581668939e+00 1.156075414087396475e-01 2.493596855207433904e+00 1.128489120074411289e+01
1.771495024481813049e-15 -4.100918290903958763e+01 4.353879306454903997e+01 1.689970188590250895e-03 2.078603006064563274e+00 9.025026563638427035e+00
1.783215430380225284e-15 -4.100008858946330292e+01 8.591268739640106622e-02 3.453821426040199361e-03 2.881431612931834696e+00 3.533717362423287156e+00
1.852258202357277486e-15 -4.095960120108635039e+01 1.284817410498326484e-01 2.687574187488537907e-04 2.697577258335383199e+00 3.336602541406645805e+00
1.949719993909100483e-15 -4.090582097631393310e+01 5.428340260194834954e-01 2.213988600905213155e-02 2.566708756684894954e+00 6.013890540187921907e+00
2.062337256058977925e-15 -4.084716681575179820e+01 1.472819444796741539e+00 1.014007969968179463e-04 2.356249029824958097e+00 5.062957109661208044e+00
2.139693435179260001e-15 -4.080784418152930471e+01 9.610750213023400157e-01 5.268447137389772189e-03 2.579172146931551168e+00 1.406617824707889319e+01
2.273015624262172088e-15 -4.074489932701474260e+01 3.595343273250810046e-01 2.197997711519215219e-04 2.682264780818117256e+00 8.960141755259167340e+00
2.351181694609639446e-15 -4.070858869517196155e+01 5.530535475874031465e-02 4.955622292714295316e-03 2.857678535029706701e+00 3.423396730106591512e+00
2.561164367339682156e-15 -4.062054475963274314e+01 8.879665779964343031e+00 7.686023683772870950e-03 2.298507728382473747e+00 4.293420219143048833e+00
2.661993312317253555e-15 -4.057943153801976877e+01 3.750470330207655856e-01 3.726448669970193733e-03 2.469603189587877612e+00 3.751330376329841343e+00
2.720162257072495367e-15 -4.055531521384781968e+01 2.879557888109988895e+01 6.128466656494853219e-03 2.874239575270342684e+00 5.087809599501663449e+00
2.988232876057542906e-15 -4.045882454437746389e+01 2.762024192082045104e+01 1.056759895401631830e-02 2.149102069711254615e+00 1.186630176527185476e+01
3.029834109952140420e-15 -4.044249887688024359e+01 1.248276174856472664e+01 1.581026385285304869e-01 2.202499953063238092e+00 7.238718589063010356e+00
3.200542034293543274e-15 -4.038518656453374689e+01 1.523181192003095208e-01 6.810028245089942787e-04 2.297447372726545201e+00 1.273845144826988118e+01
3.354426912985192965e-15 -4.033572580568078081e+01 1.817938277653286860e+01 7.543803455928260824e-04 2.244354207629898568e+00 1.259285381735762854e+01
3.628488538776632325e-15 -4.025469056464799422e+01 9.485111950560938254e-01 1.416178718035269665e-02 3.015884939284405597e+00 7.857066859514568513e+00
3.969355498450686151e-15 -4.016240300715148948e+01 1.014637996855676860e+01 1.059951656435186851e-01 2.697814754466071108e+00 7.581108785399750971e+00
4.111189589845270976e-15 -4.012479432116438716e+01 1.781075110464090394e-01 4.557118792262302397e-03 2.087455301194837798e+00 7.712409563357673470e+00
4.110248246007567466e-15 -4.012252331853945009e+01 7.906425545999239413e-01 2.164976451971641416e-02 2.403536835112896064e+00 1.610871931210602526e+01
4.453041766669816543e-15 -4.003991933997116348e+01 2.490079188300678581e+01 1.404573280566214465e-04 2.686021608442713315e+00 3.390168104283091566e+00
4.587534259480441063e-15 -4.000766406435257494e+01 9.018855108253690522e-01 3.155257417945516590e-04 2.677815008178973333e+00 1.235848002768648968e+01
4.938119060402591252e-15 -3.993152224402206230e+01 3.461819831884817944e+01 6.665684998488557306e-03 2.185996997371582928e+00 1.223752041121494294e+01
6.656427415893825597e-15 -3.963042382912653494e+01 1.919976673868111494e-01 6.633786844600037067e-04 2.757023659765838630e+00 7.255521864791159459e+00
6.692132002132937671e-15 -3.962257423741842643e+01 2.695800893039301260e-01 3.007053106740364360e-03 2.159728352326919509e+00 1.140922888740069574e+01
6.696607033250066213e-15 -3.961940576053319063e+01 1.560650067316466272e+00 2.213151119394659964e-03 2.328422328286508858e+00 9.316315838666053395e+00
6.927739350956734604e-15 -3.958297319771206446e+01 2.688625387071535755e+00 9.194319566082138906e-03 2.640087049545093656e+00 6.797963795364054818e+00
7.102599045273391636e-15 -3.955554596593479744e+01 2.267938021281288741e+01 8.563942739120992964e-02 2.282588934618364984e+00 1.318692125952757088e+01
7.202376601754087364e-15 -3.953909569057864815e+01 3.960092385221868572e+00 2.517263676838703518e-04 2.779621088298751985e+00 6.800725757276731898e+00
7.278494467446385908e-15 -3.952608270881250263e+01 7.644119873520382669e+01 6.435425984096608716e-03 2.092256340010795856e+00 8.810276860298142054e+00
7.970756525586549644e-15 -3.943272733576014843e+01 4.370662698986243377e+00 1.433484803854859560e-02 2.175553760258799763e+00 1.808900282174159813e+01
8.357170472388849092e-15 -3.938288683614656804e+01 5.462080333941904087e+01 2.235034297766224330e-03 2.092305792090680683e+00 7.910804730069648016e+00
8.555888351406848798e-15 -3.935688700373468407e+01 4.284268729304989420e-02 1.204142523975524140e-02 2.234688244741478869e+00 1.305507549650612731e+01
8.546341471671122627e-15 -3.935550345238800674e+01 8.038769266340818342e-01 1.056455447546245704e-03 2.124799908896511713e+00 8.504191340633067142e+00
9.005477090347915548e-15 -3.930067378788253052e+01 8.192141986584395852e+01 3.515029814580273443e-02 2.822859452811806946e+00 6.031770549433927542e+00
9.190973138680661455e-15 -3.927778492390797282e+01 3.834714949376692328e+00 1.222303281653872378e-02 2.008725156415089419e+00 7.636347805579544179e+00
9.714750629013741072e-15 -3.921986133186736367e+01 2.525288505525679028e+01 2.399925313301523903e-04 2.443255004559253596e+00 1.188453286642585027e+01
1.239760289570025251e-14 -3.897350360665163294e+01 2.139174708561987259e+01 2.617921279407901466e-02 2.645433291224999373e+00 9.055588166515072146e+00
1.285022679938982116e-14 -3.893514528476858061e+01 7.912044479805431241e-01 3.437732377781124293e-03 2.335496875865546773e+00 4.591870068644905878e+00
1.309924941123003148e-14 -3.891345181399911013e+01 3.508980255226239819e+01 4.725729134204370574e-02 2.771562065640280181e+00 6.915050880458668559e+00
1.382144717732890071e-14 -3.885728521669501134e+01 1.832617750816546121e+01 6.908839847368818121e-02 2.321767852106603414e+00 1.303825623042321702e+01
1.380480258399868242e-14 -3.885599020075821386e+01 8.893107561358017110e-02 1.727151134609279572e-03 2.254703082713945150e+00 1.237577410303303083e+01
1.408477276800297238e-14 -3.883341247742095703e+01 7.959698317990594463e-01 5.129456978587601480e-04 2.127076431239793841e+00 8.032576058148137577e+00
1.420977296116434136e-14 -3.882207678112936122e+01 8.419485665033571209e+00 1.880999399038241421e-03 2.870439729124962369e+00 4.545320640181380156e+00
1.462324726268154729e-14 -3.879089420506284824e+01 4.781979718601581109e-01 2.982424851970142017e-03 2.199898472415451334e+00 1.195238790142120422e+01
1.596338507862307656e-14 -3.870070907852179687e+01 1.906827660778958322e-01 5.431323727160130774e-03 2.376619180585620938e+00 1.240143391538589590e+01
1.599448982624709298e-14 -3.869626246864622487e+01 6.751512410586053647e+01 2.228785385383247331e-02 2.802348112499443822e+00 3.455781504874134935e+00
1.599103123480932089e-14 -3.869397872846231934e+01 5.739424263456352548e+01 3.123130281575950060e-03 2.113319436386972505e+00 9.737413510759775903e+00
1.986044238031001849e-14 -3.847477681240299319e+01 2.179269762040033243e+01 2.524079635533403310e-01 2.718559429771513880e+00 6.756601482932429903e+00
2.214126330553398604e-14 -3.836356376018883196e+01 9.832269950927868818e-02 1.572386877605017053e-02 2.308650483631673911e+00 6.830917724412156389e+00
2.257819826164381204e-14 -3.834152198372404996e+01 3.809654402317901400e+01 4.759467230691824882e-03 2.210777351636476595e+00 5.181963206705857417e+00
2.494805918867848553e-14 -3.823921071456905452e+01 1.289638381176467563e+00 2.936063012321720941e-04 2.498292017198415316e+00 1.221681898155143742e+01
2.491374529281262110e-14 -3.823808707475656377e+01 7.270578848899528168e+01 6.850649780533195343e-02 2.867193056765018344e+00 3.744416450255883877e+00
2.538463755654855633e-14 -3.821686257527362329e+01 2.772563968478588947e+01 2.425262199861043522e-01 2.151686141059077517e+00 5.730003423639067783e+00
2.708470451615788617e-14 -3.814953758616294266e+01 1.257109033803096132e+01 1.399709833020669134e-02 2.375071502870245599e+00 1.227203115035855596e+01
2.928498893407170754e-14 -3.806893168404052830e+01 2.129225781155024677e+01 2.363510938805721828e-01 2.250332265063305748e+00 1.990767411874281123e+01
3.016561250414303146e-14 -3.803680412889886497e+01 6.446983685074760828e+00 3.362082069249343851e-03 2.811739145074081847e+00 5.896992018147134473e+00
3.463817217895691344e-14 -3.789605042960636183e+01 5.547507695215695422e-01 9.647841307051563311e-04 2.183008490275388347e+00 1.151884643797452412e+01
3.517958668859214675e-14 -3.787804075494825184e+01 2.087654659696136861e+01 1.131732327699962320e-01 2.141834825894372685e+00 1.305358102285076605e+01
3.543027689852435451e-14 -3.786844001149615480e+01 6.723391705956347053e+00 5.686703912184034454e-03 2.256687438425496239e+00 1.554917566271402762e+01
3.589031248083366778e-14 -3.785303933396366460e+01 3.628837746806966180e+01 5.053995862466162652e-04 2.162112621118385203e+00 1.103585030336743600e+01
3.747599752460569459e-14 -3.780730608367586854e+01 2.581183200022969970e+01 1.267252790891217409e-02 2.171286005763282567e+00 5.619552612680291048e+00
3.836686083699432818e-14 -3.778131265775299141e+01 3.474684008613254438e+00 1.344494348679622616e-03 2.216971055149919323e+00 1.439021893356417081e+01
3.840585566357779545e-14 -3.777779680650493788e+01 8.210385635650230540e+01 3.432219443435162529e-03 2.688952891990540550e+00 3.499979229800829206e+00
4.032188950351458619e-14 -3.772661226036055382e+01 1.824157172930358328e+01 2.066157063236529401e-04 2.319493531691500188e+00 4.482525705132418992e+00
4.052011272243186800e-14 -3.771920828443926155e+01 7.915860729871461166e-01 7.597589676290731828e-03 2.144649608778235184e+00 9.012382104329315524e+00
4.059175933277640310e-14 -3.771494167180506452e+01 5.025820719101833589e+01 2.321056306919692946e-03 2.802540003275076241e+00 3.520607030843915908e+00
4.847044119841001315e-14 -3.753505259339131328e+01 1.035706327533530535e+00 8.444364319884688176e-04 2.303793874424142629e+00 1.340078341651459581e+01
5.010895865625823895e-14 -3.749930693811261051e+01 9.688939902970437890e-02 1.603004923502088230e-02 2.252640246488582410e+00 9.079860678311968414e+00
6.081345045754017598e-14 -3.730319575657586029e+01 1.518057110833548329e-01 1.023817459173609942e-03 2.843646401113206323e+00 5.408521513128163427e+00
6.128126313675018494e-14 -3.729303260794723940e+01 4.572301838780374439e+00 3.496851820857147485e-04 2.030525105660538454e+00 7.428046318953106741e+00
6.620550313798825453e-14 -3.721324315725144771e+01 1.958146030841184526e+01 5.624202877926344490e-03 2.094485481892074397e+00 9.399986678897198189e+00
6.637336970666439282e-14 -3.720821082830972415e+01 1.052275196960164722e-01 1.809281667647449215e-02 2.795524623618933280e+00 1.601579460149908485e+01
7.253470076482817005e-14 -3.711694166711977516e+01 4.543852053140032154e+01 1.467703039356891559e-01 2.870251298998231171e+00 4.093278503883474251e+00
7.874114702382567179e-14 -3.703234089307080978e+01 2.047872828608254370e+00 1.036186025966276088e-04 2.194291545732073079e+00 7.539148770850104597e+00
8.170057100903293666e-14 -3.699294575477583891e+01 4.691510013101030552e+00 4.420671395619255387e-03 2.266715819432115975e+00 5.071438998635800388e+00
8.348530181275080652e-14 -3.696883615554423841e+01 1.389467876098599142e+01 7.494324950843891378e-04 2.182831968411792278e+00 1.112993157057478300e+01
8.383729255015512389e-14 -3.696212881871707623e+01 8.521346255928525792e+00 2.660987404633437074e-03 2.835228178587244408e+00 3.935027505299512729e+00
8.369691688856877025e-14 -3.696130460415704277e+01 8.322594327015688975e+01 5.410255951417460851e-01 2.734976844581097133e+00 3.817614129692437963e+00
8.527760346729305346e-14 -3.694009488762071669e+01 7.441230431472355633e+01 7.346233327746377537e-03 2.232828122654498149e+00 5.176990298349352315e+00
8.794167152954277223e-14 -3.690683297452636680e+01 1.448167448868689178e+01 1.293581412113406796e-03 2.732371246469317949e+00 7.449939386308027878e+00
9.974493635032989128e-14 -3.677839045463576895e+01 8.319273342873863442e+01 7.824136560497798112e-03 2.743227014390238416e+00 3.532700167888733755e+00
1.010582428212989050e-13 -3.676280973347914482e+01 5.638361484960055847e+00 2.637871405953515235e-04 2.281017185535382019e+00 4.687127797433856102e+00
1.034204266922042792e-13 -3.673720425293342373e+01 4.709241342408202469e-01 2.604453622760438680e-02 3.392330924187587637e+00 1.011570789246564672e+01
1.060441780238039352e-13 -3.670965096461656429e+01 3.680515438257558714e+01 3.358163413650253060e-02 2.819766097188257437e+00 5.825271920155928207e+00
1.077422246752841016e-13 -3.669126518011810134e+01 2.217911617865075957e+00 3.238870824195515144e-04 2.553217278008286684e+00 6.705369079431672041e+00
1.076862611817342705e-13 -3.668928473531607182e+01 1.035516797380833687e+00 1.021036571647948284e-03 2.815343103378053158e+00 3.770959380201912570e+00
1.291322621305662089e-13 -3.650516957876508428e+01 5.394112492215238364e-01 2.627949895968315769e-02 2.725156192603395588e+00 7.833683897978263033e+00
1.436429567120778091e-13 -3.639617599238277279e+01 7.678513838090923749e-02 1.086658382842335636e-03 2.527145360842555810e+00 1.063373865177554123e+01
1.644388672796793247e-13 -3.625846787205635025e+01 1.065938158778303446e-01 1.414684614586387071e-02 2.287309793198916807e+00 1.349849500147075965e+01
1.641088998731518638e-13 -3.625797651463717841e+01 2.903692174229890099e+01 8.315196159670853321e-03 2.130012367680120366e+00 6.611224156356739989e+00
1.686342100335685647e-13 -3.622827481424083373e+01 9.473890167369704018e-01 4.473429845506162600e-04 2.386855737559418600e+00 4.801099944909353212e+00
1.737527028148181120e-13 -3.619587370561936979e+01 1.145255902582516150e+01 7.260625207301429906e-02 2.045913546130724736e+00 1.231907717198146734e+01
1.777332090984852704e-13 -3.617072314507159092e+01 6.752177159188406996e+00 2.400148254159956054e-03 2.527210006010240484e+00 1.138363355931322474e+01
1.908145495135249268e-13 -3.609720473429314325e+01 5.987415974700994736e-01 9.896040048680707080e-03 2.161702487067277634e+00 7.058051056097049525e+00
2.152479698668517056e-13 -3.597421603396153955e+01 9.187338106036931151e+01 7.357400731193696197e-01 2.552987621540290242e+00 4.323053565577030355e+00
2.238675152581082792e-13 -3.593245231857296318e+01 4.089226210136175155e+00 1.260901588622176427e-03 2.192828190802687871e+00 1.587465320207643771e+01
2.271858943782692134e-13 -3.591523814539504400e+01 6.403184306035149653e+00 3.379049934842231692e-03 2.694980125149049499e+00 3.775009134116122933e+00
2.266975983186084737e-13 -3.591488978234990270e+01 1.255582192755615267e+01 2.448202940059128127e-02 2.776612450682613531e+00 6.503864424101918118e+00
2.283270785991085111e-13 -3.590522758948970505e+01 8.384580043338023259e-02 1.781148449576457071e-02 2.331425554675745193e+00 9.620025727304353680e+00
2.289702501014711158e-13 -3.589991466281775701e+01 3.384509052637019871e-02 9.190118074730642406e-03 2.587637413198382141e+00 1.104477264789457180e+01
2.333638365566419826e-13 -3.587840797978100227e+01 3.565285710664167595e+01 8.273377081255011561e-03 2.218883131466713898e+00 1.181705872054804196e+01
2.336250809136730008e-13 -3.587478913359639421e+01 3.850515831542572442e+01 2.264586457886353169e-02 2.865053106988616705e+00 4.327269476862237951e+00
2.345876433931380733e-13 -3.586817748183830190e+01 1.521632706065392249e+00 7.443375573466843795e-03 2.660925482232394224e+00 9.117722913093455617e+00
2.506303467473026416e-13 -3.579952761422367757e+01 5.077374919731177938e-01 2.089783559615730876e-04 2.763581700609385905e+00 3.443242943256506816e+00
2.900653534925739805e-13 -3.565090049124960103e+01 6.769044916010570345e-01 2.703777634890713443e-03 2.137136280593848969e+00 8.336731357826169031e+00
3.135127141904766099e-13 -3.557066683082990011e+01 1.194958702403375028e+01 5.343218055229170685e-04 2.388388821100494219e+00 4.304306227740598345e+00
3.129853618316304021e-13 -3.556985032357658127e+01 4.487463311135597710e-02 1.117796806427941218e-04 2.222898827408061440e+00 5.437223931378253994e+00
3.162917546213952852e-13 -3.555684168396215483e+01 4.994717849700434975e+00 6.113155503059818086e-02 2.434311048109188302e+00 1.436180769259731527e+01
3.158311274611164960e-13 -3.555579908173992010e+01 7.923059819394953074e+00 1.113696650633209072e-02 2.213741085486689464e+00 1.389994738373858318e+01
3.320198415824417093e-13 -3.550331201477878551e+01 3.994225711286853442e-01 4.675276571469036066e-03 2.140783908196548069e+00 9.477510814252728011e+00
3.340854844841967383e-13 -3.549460984391332374e+01 1.991587988221797945e-01 5.534063116379808224e-03 2.396275575439494876e+00 1.189878645721833195e+01
3.371592375234255725e-13 -3.548295141205336733e+01 1.067030926702440485e+00 5.798896583294901527e-03 2.370754740104615621e+00 1.376590839457323234e+01
3.472146545141175646e-13 -3.545106355611459747e+01 4.572613725269681595e+01 5.041100369696514122e-02 2.269722860481428128e+00 1.188763093446029018e+01
3.687610238063018597e-13 -3.538835794343690111e+01 2.759666134037432328e-01 9.827840304809355720e-03 2.822638705756225885e+00 3.658344445873239703e+00
3.728444521028388720e-13 -3.537484543153564687e+01 5.458328474976631206e+00 1.226536197502662900e-04 2.468722497605954747e+00 1.134144460468479920e+01
3.867264377645939162e-13 -3.533578918180037221e+01 1.534377226238326397e+00 1.943508296572366912e-04 2.691435207825291887e+00 8.837831325752958378e+00
3.974871980068658593e-13 -3.530584401840830111e+01 5.612435806181195197e-01 1.656423028702298100e-02 2.247386620034951044e+00 7.645130596793748623e+00
4.112037154745723073e-13 -3.526941799592469806e+01 2.782680232606471549e+01 6.418104532545128652e-03 2.541909213800634504e+00 3.877120416348904364e+00
4.156582993921601766e-13 -3.525614321867296752e+01 3.964958537358747481e+00 7.350506037087240754e-04 2.144109220457132814e+00 1.513013849064681082e+01
4.269314417819788486e-13 -3.522688330326182893e+01 2.472222934970318420e-01 1.046372540962474959e-04 2.169151694421357135e+00 1.045376939351785950e+01
4.426441680627315085e-13 -3.518824053079488579e+01 4.525524817336463457e+01 1.702873904728252207e-04 2.481370610750233130e+00 1.105717615165652745e+01
4.485167211410428719e-13 -3.517256078254238361e+01 1.682644091719607715e+00 3.599042617266702592e-04 2.668522619295293552e+00 8.104015004300380909e+00
4.494581567352790382e-13 -3.516796398459768369e+01 1.195004117967701163e+01 1.163909493197936348e-04 2.408339617269294131e+00 1.170571157917314231e+01
4.543288979830764499e-13 -3.515468536505756703e+01 1.074122404732589020e+00 1.926226887505929491e-02 2.523627183802267471e+00 8.636388307431360545e+00
4.544275966548488784e-13 -3.515196814807426762e+01 1.449480235370893411e+01 5.274949774473668487e-04 2.628417145827870005e+00 9.048059626433945013e+00
4.704096973108919101e-13 -3.511490273430842990e+01 7.760437796550780831e+01 5.678633727276929249e-02 2.198127249190406474e+00 1.100802731403862289e+01
4.825498107241711506e-13 -3.508692259559981608e+01 3.976666409286030435e-01 1.895767327556528421e-04 2.325319655846906919e+00 1.206122136314738036e+01
4.952493657184395745e-13 -3.505844534086423891e+01 1.732779384953602730e-01 1.329057103625231641e-02 2.397160424967199610e+00 1.389154312091652166e+01
5.857919169478982469e-13 -3.488804210972718067e+01 4.628122746072693161e+01 3.973074161188315349e-03 2.676670531383627871e+00 3.667061955488402969e+00
5.987332245167511888e-13 -3.486369061488795040e+01 2.997016622284328591e+01 1.176295967047604482e-03 2.632194448157480160e+00 3.719997580396001258e+00
6.055231722584643945e-13 -3.484991391382526871e+01 2.362867746693377313e+01 1.110943863741230319e-03 2.372700779847022101e+00 1.190228060889680251e+01
6.521946556767793176e-13 -3.477316367669154573e+01 7.393622391348249323e+01 3.617820686892260218e-01 2.683911654057950180e+00 3.774555078551733889e+00
7.151513458255941727e-13 -3.467851255293412294e+01 6.538503798984351079e+00 1.149194252649831174e-02 2.535264405655403230e+00 1.108431232232420349e+01
7.258426015385612419e-13 -3.466117355668072264e+01 6.752538164425044842e-01 2.023937940197357427e-04 2.187148047812903506e+00 1.071562352965597853e+01
7.275249587647345271e-13 -3.465635843967447727e+01 8.285211416562430209e-01 1.125850142251518145e-02 2.893907069416638222e+00 9.633201713402769428e+00
7.728712636153097124e-13 -3.459339425224212050e+01 3.543639507454882653e-01 9.348761388885270043e-03 2.221062562259596529e+00 5.875115987107363935e+00
7.722885556754562284e-13 -3.459164848874270604e+01 6.736848922366177606e-01 2.934642808738746871e-03 2.682129301799278664e+00 1.028049880790574910e+01
9.102627151779127697e-13 -3.442477348986867014e+01 1.711914810926849384e+01 3.097717129681133936e-04 2.700471066383554941e+00 3.680037346164614753e+00
9.150203249022065504e-13 -3.441706046767533422e+01 8.953139670194174116e+00 3.901323396219307307e-03 2.133622148217698022e+00 6.283386456050891411e+00
9.247852290756346052e-13 -3.440394521994175392e+01 3.354373360825906869e-01 1.885569792480952305e-03 2.226616282136272051e+00 1.132080721485936792e+01
9.916277906991787980e-13 -3.433165891982513784e+01 7.586036996581238534e-02 1.046789773830164886e-03 2.138796138465348662e+00 8.058759489770565665e+00
9.950729072202901099e-13 -3.432569073764958034e+01 4.327769008728537159e+01 9.111316584359981357e-04 2.476295133020759209e+00 4.082208528613354481e+00
1.002145408858322513e-12 -3.431610835597481923e+01 7.472375520917346137e+01 1.633727043818451394e-02 2.815178083911312079e+00 3.832324716556485988e+00
1.008301243053949493e-12 -3.430748448949208296e+01 2.047128751290176574e+00 1.921843975099657550e-04 2.568285231314292982e+00 5.805243005821743907e+00
1.014605536670955913e-12 -3.429875156359555177e+01 9.281717116412164614e+01 8.945331537542935973e-02 2.374221305729070863e+00 4.468224690930824750e+00
1.026468833664722668e-12 -3.428462687146289767e+01 5.827856974139579371e+00 1.170688407027501788e-03 2.123395142276497616e+00 5.894405936008615399e+00
1.177006727491557244e-12 -3.414527692267236603e+01 6.043965308355261357e+00 1.090774256898580097e-02 2.014121906972198950e+00 7.453238670250485143e+00
1.178357305040481503e-12 -3.414163011251623914e+01 2.754968884323792944e-01 3.190841520539370538e-03 2.564276353949354714e+00 9.919424985250000049e+00
1.208276019993850128e-12 -3.411405689994550272e+01 7.883968873731146687e-02 1.819640204414979057e-03 2.400078434124973459e+00 1.162230212984893818e+01
1.280775098215507189e-12 -3.405328602658617854e+01 8.051230644534239367e-02 1.659230751751255249e-03 2.604938142808830293e+00 3.802802213401547782e+00
1.288709069094343552e-12 -3.404461047104479832e+01 7.962812285232014453e+00 2.854710688405078488e-03 2.122363875228251651e+00 1.263927230174138039e+01
1.323000878367245496e-12 -3.401584891767647179e+01 4.576606820350409777e+00 1.259420037159852913e-04 2.178980669018299121e+00 6.135188735576013741e+00
1.440927999492864833e-12 -3.392796411661463196e+01 5.567816592904256678e-01 1.445032914387472250e-02 2.278015620209127512e+00 6.271618025830680843e+00
1.554736013311572241e-12 -3.384944570186974744e+01 6.364194550408205231e+01 2.725598808755997846e-02 2.274882290273168461e+00 1.160088530597008472e+01
1.647925193322355377e-12 -3.378873442867435983e+01 3.679836902233178386e-01 1.219282697640301609e-02 2.605749749037546081e+00 4.053750138432335781e+00
1.841709082255232764e-12 -3.367505747717057574e+01 1.026713076761646271e+01 6.663538498245319235e-03 2.487112868584254954e+00 1.096176549212898266e+01
1.900381644798640820e-12 -3.364119673504480801e+01 2.015908815045643721e+01 1.666445359972834953e-02 2.245389350596493028e+00 5.356024553019156365e+00
1.961374947136469328e-12 -3.360710573578506910e+01 1.664811531643456133e-01 1.491850027371059532e-02 2.383765085367226533e+00 1.436357870019514138e+01
2.270425780836867953e-12 -3.345828408417477107e+01 1.391060825587340943e+01 8.598447758034008124e-04 2.391552150942761745e+00 1.158803596124448099e+01
2.321713999676977990e-12 -3.343344576086063569e+01 8.145025295140996491e+00 3.338022968149532976e-02 2.254817629111841804e+00 1.424123687678315342e+01
2.335332529843213723e-12 -3.342509717468076502e+01 2.719479134169557888e-01 2.659559390567193399e-02 3.172756854270592619e+00 1.684354416201861682e+01
2.648934725505448556e-12 -3.329659389792685431e+01 8.213826172828208882e+01 6.261714477934647860e-01 2.644558607503807668e+00 8.871205861005066140e+00
2.779190889583003656e-12 -3.324609162830230247e+01 1.839837597622370780e+01 1.238732081773875849e-04 2.842589864519461607e+00 4.418432848695704962e+00
2.911086082742522438e-12 -3.319722523086721111e+01 3.198383359606528487e+01 4.514074529707526730e-04 2.635964339072990104e+00 3.807848945148331055e+00
3.157996779826880218e-12 -3.311331357058445946e+01 3.815958543182065288e+00 8.069630349471143809e-04 2.573827428451199495e+00 1.019463303970692003e+01
3.150383014657971515e-12 -3.311322742932913599e+01 2.721603171930861986e-01 1.076050588968096271e-04 2.655703937864552167e+00 8.423182889570179910e+00
3.197788278945298983e-12 -3.309579205871694541e+01 2.772587082213057741e+01 9.197148920819546089e-03 2.267817792243235875e+00 1.175176322960449227e+01
3.237764343502636658e-12 -3.308086839253471112e+01 1.291096906208363260e-01 1.275981476644052820e-03 2.156681414863077073e+00 9.061870037291354762e+00
3.446939248812323155e-12 -3.301576480371591060e+01 2.179540673791789729e+00 1.013213254060582336e-04 2.221351776661660615e+00 7.756651524625757688e+00
3.454159254020361387e-12 -3.301117238094023065e+01 8.876700014657612492e-02 2.699875045612301627e-02 2.964888469960630601e+00 1.109275578466718848e+01
3.459748687229295981e-12 -3.300705551404696791e+01 1.022913313664332857e-01 6.092915484229179286e-03 2.664700141801301658e+00 8.477593183699983825e+00
3.636900451220363064e-12 -3.295461967222408362e+01 6.186588953091478160e+00 4.469566410139234891e-02 2.309470442452208339e+00 1.603177859481018785e+01
3.674118377523183970e-12 -3.294193826011764514e+01 2.120486058201927548e+01 2.864472856948580091e-03 2.516841109452479408e+00 4.079967077762628236e+00
3.668757848580178185e-12 -3.294089832283155062e+01 6.409483764815469442e+00 1.509546086356597665e-04 2.259035566235020998e+00 5.302844216992896875e+00
3.699120666985833655e-12 -3.293015633289613930e+01 6.586731474821297638e+01 3.464754811490244890e-01 2.092869286515240290e+00 9.904501544523702350e+00
3.815733975898589373e-12 -3.289661842838873440e+01 6.593110013181805451e-01 1.050834017595589191e-02 2.352968838614851066e+00 1.276318969519807567e+01
4.005632051552192847e-12 -3.284555008304261747e+01 1.158607882078932150e+01 5.780871260747038687e-04 2.301124029453327058e+00 1.163279996276323480e+01
4.208940308029301456e-12 -3.279354055902603449e+01 3.120205279016439737e-01 1.023527646923687241e-04 2.285002475443413505e+00 1.151125044650691898e+01
4.319013980236607084e-12 -3.276522433584139549e+01 1.279971744833853509e-01 4.967081946794161228e-03 2.183283012219276564e+00 1.003402565153869830e+01
4.768800407386288948e-12 -3.266365668037889236e+01 5.617787128090014903e-01 2.146471317660657979e-04 2.244185206297166779e+00 1.136380361720609500e+01
4.856920454341295205e-12 -3.264284688102946319e+01 2.390150462461840775e+01 1.078282335011780807e-01 2.112921848445008521e+00 1.007125646830123245e+01
4.871529622449857232e-12 -3.263734348809946795e+01 5.907440487478863300e-01 3.879870713717970682e-03 2.598456671726551814e+00 1.074978582669525728e+01
4.961135343579819242e-12 -3.261661685227135621e+01 1.122491789592924838e-01 8.471150803796513497e-04 2.365232169372545989e+00 4.644870507136275251e+00
5.032710950853464208e-12 -3.259979267137099868e+01 6.004574692623925597e-02 1.095542572473627498e-04 2.834115902981067858e+00 4.316811573147329995e+00
5.523197067890459840e-12 -3.250429459513462405e+01 3.859071140127963429e-02 3.387299988404062455e-03 2.157495574313130771e+00 8.040933697322646623e+00
5.724458880108928564e-12 -3.246600344051503129e+01 5.843403430293743206e+00 3.699174977570583245e-04 2.155598593611763203e+00 6.288076712896132570e+00
5.824141480048038824e-12 -3.244623986353990119e+01 3.629761149496563699e-01 8.721182795868502678e-04 2.869652781893274440e+00 4.355185434386721788e+00
6.165654777192508873e-12 -3.238675712696298348e+01 1.266085131537879327e-01 1.378960658457436400e-02 2.243599267121768825e+00 8.190869685161310088e+00
6.165034770547274206e-12 -3.238435769013803878e+01 2.589256700259025124e+01 1.333705645943892583e-04 2.211455389638771418e+00 6.084754367921960672e+00
6.361641592884491858e-12 -3.235046501059429147e+01 5.969508373426811687e+01 6.888007189856656942e-02 2.397492060663288349e+00 1.139065986513618078e+01
6.859153072416983203e-12 -3.227266749144510527e+01 3.852438103148295712e-01 1.828001968501783911e-02 3.102812482493478186e+00 4.364816117683648855e+00
6.981933211103730995e-12 -3.225242562396164203e+01 2.239815525401282204e-01 2.878866858226172745e-03 2.304881131198166955e+00 1.150431869957245823e+01
7.820957314059589159e-12 -3.213644450098752969e+01 2.754772112941088480e+00 1.229831993977986585e-04 2.459275203555446154e+00 4.720690226224300012e+00
8.050227619170945830e-12 -3.210505110002576146e+01 9.352598683894564147e+01 1.813915324139589724e-01 2.160572370864592084e+00 7.978342284337296419e+00
8.397698709314368039e-12 -3.206029376159224853e+01 2.809964848126273296e+01 1.110266620341125547e-02 2.266014014246584551e+00 1.156270451524597576e+01
8.584292199640731010e-12 -3.203581742194813842e+01 8.611958945036941770e+01 1.268115757052713510e-01 2.239786209032673003e+00 5.731249670997102363e+00
9.195340611583829036e-12 -3.196455456622930669e+01 6.379976607198558014e+01 3.071924381894650959e-04 2.555444602326146342e+00 9.810751096042903185e+00
9.679201557272022929e-12 -3.191077205259626481e+01 6.993838070727937506e+00 3.773285435416540417e-03 2.263838107021858725e+00 1.447540154075329255e+01
9.749336720710471831e-12 -3.190105221267926794e+01 1.664639242235831063e+01 1.811158170750726054e-03 2.238744357984801425e+00 1.105173915377804938e+01
1.026766872381847557e-11 -3.184675146721199823e+01 3.071940006476108626e-02 2.595514708082111155e-02 3.008860352398019522e+00 1.133417149960804515e+01
1.028380845653429416e-11 -3.184268080288532232e+01 3.925405475676905787e-01 1.755238190388396186e-04 2.170357641679631300e+00 7.490573187532875821e+00
1.108201639000815702e-11 -3.176542781731017584e+01 1.228403463781029714e+00 4.617510031123837899e-03 2.487194544787320716e+00 1.078394498118917966e+01
1.135443618699946733e-11 -3.173864294568567246e+01 1.351339175715217777e+01 2.629358688323612386e-02 2.429232855620273135e+00 4.433626799593394452e+00
1.135271182430394432e-11 -3.173629482408960101e+01 2.745441386075440704e+01 2.041344425327183409e-01 2.537768203261564715e+00 1.062108123298913398e+01
1.136091777013245806e-11 -3.173307226707585116e+01 5.182096749265713242e+01 1.960161464434525269e-01 2.445376763686434529e+00 4.388344540088319867e+00
1.283072201024826779e-11 -3.160890901452998136e+01 1.002038235133559141e+01 5.540624493573674536e-02 2.075992134353260354e+00 1.142692284477104536e+01
1.397407152880911676e-11 -3.152104788790591172e+01 7.796631175160595895e+00 2.628288341988623510e-03 2.349926145292085433e+00 1.293289074881104028e+01
1.415496739676460494e-11 -3.150568585147036771e+01 8.449658274216709231e+00 7.558145695030573513e-03 2.778309950559826103e+00 5.857313566878543654e+00
1.467136620858384037e-11 -3.146735374949178876e+01 2.725588752745168319e-01 2.067305196556014758e-04 2.389189117139287166e+00 1.132429698887615110e+01
1.692026700294827248e-11 -3.132223933236022972e+01 5.231951727314516631e+00 5.274480122464234727e-03 2.007394721776687430e+00 1.202825077773765372e+01
1.704742811623179455e-11 -3.131225211800117592e+01 1.301614468706247252e-01 9.982131564632427609e-03 2.339586091266731227e+00 1.208946093238804487e+01
1.700695493014106035e-11 -3.131212909280008816e+01 1.387182559010436833e+01 9.452341051535081713e-04 2.737013672143871812e+00 6.843464914568774482e+00
1.731500631569686449e-11 -3.129167792412265214e+01 4.554597760096017112e+01 5.324322104735043810e-03 2.693319194793222238e+00 3.881606696996131589e+00
1.745699935390174800e-11 -3.128101078939809199e+01 7.632471862108521066e+01 6.064999465519100219e-04 2.699858316756406307e+00 7.513455823879661821e+00
1.787431642087798298e-11 -3.125488662106971205e+01 7.292187074751266262e-01 5.412452049504371410e-04 2.286248931843673837e+00 5.591714097385829696e+00
1.792292192719870466e-11 -3.124967101850181450e+01 2.657509000382280995e-01 7.204490291827721519e-04 2.533240945764275942e+00 4.119522327799861827e+00
1.845539311254992928e-11 -3.121789482933418469e+01 4.387391735984203511e-01 5.045568339129606616e-03 2.778259151008848793e+00 3.812303630458454329e+00
2.029124627640025670e-11 -3.112056189159464736e+01 3.454137350051713073e-01 1.737588263892633203e-04 2.201171045021821815e+00 6.591443939156107490e+00
2.096395205053434224e-11 -3.108544707302144161e+01 9.784219946197421791e+01 1.022677502398035927e-04 2.446988922380781695e+00 4.397899419002957444e+00
2.270335652124814575e-11 -3.100323868880122902e+01 2.439997800173135722e+00 3.849231771119797189e-04 2.529434922194684354e+00 6.581278917736114842e+00
2.273123153579855001e-11 -3.099951164925977309e+01 1.173110737126333625e+01 1.344516950291199924e-03 2.227118797089789215e+00 5.946085277581808270e+00
2.272897523671358593e-11 -3.099711091405626107e+01 5.091559800753113763e+01 7.864966609958019828e-02 2.821826190991430394e+00 4.565759672743231690e+00
2.269863611093133808e-11 -3.099594662726648764e+01 6.309911364463049921e+01 2.782994113004572806e-02 2.710030409269199581e+00 7.310896948340891655e+00
2.283867780069834210e-11 -3.098729597325442597e+01 1.225126669028765036e+01 6.655650776623201663e-04 2.818053590166109679e+00 4.585647718959633856e+00
3.006931328533463090e-11 -3.070974630719226539e+01 9.655207551923510323e-01 2.176693683077210190e-03 2.435728487022437605e+00 1.296401099916780808e+01
3.259100884207212635e-11 -3.062671501878813274e+01 2.370232684146711932e+01 1.552508450921828980e-04 2.280719193827671631e+00 5.454919970598956169e+00
3.294622806708238991e-11 -3.061337468677770346e+01 1.528913785230297862e+01 4.315136277744874294e-02 2.801443814189384263e+00 4.437542431946182475e+00
3.294911429453648740e-11 -3.061078708642986612e+01 1.017040337952423457e+01 2.463002040023520856e-02 2.231032643788603664e+00 5.776081639808936075e+00
3.504168943353188776e-11 -3.054671298739669894e+01 8.039811821778258150e+01 1.468047780185835309e-03 2.304201080530558166e+00 5.249680250784813929e+00
3.603330391536713663e-11 -3.051630784716296674e+01 1.074903763807014556e+01 1.924509970204107967e-01 2.319191819666976517e+00 1.798442447307501268e+01
3.596520141620531019e-11 -3.051569962308688844e+01 2.756701565204767945e+00 1.041192032081834180e-03 2.346270857516444597e+00 8.293771882783667948e+00
3.661786704703547523e-11 -3.049521517475508858e+01 1.476870779163390046e-01 1.145275876133367747e-03 2.256463907744554742e+00 1.081658630616596994e+01
3.747695695377340947e-11 -3.046952520385720220e+01 5.058733296438632010e+00 6.442085605343161837e-04 2.779989276899279549e+00 5.732195562927167920e+00
4.019275248471851814e-11 -3.039706477380826399e+01 4.327928687443675648e-01 2.409117151383459270e-03 2.767429279896518324e+00 3.872864239479832271e+00
4.099439346202261152e-11 -3.037481615420472281e+01 1.247035293921919807e-01 9.887599026856992712e-04 2.241881472036612255e+00 1.059479309476675368e+01
4.535417267747062968e-11 -3.027124928387288350e+01 4.979226446266804551e-02 2.685990399548579891e-02 3.486638844123822967e+00 9.937885002774340393e+00
4.693562761667018162e-11 -3.023447442899092152e+01 5.850833966567609679e+01 1.673989579411763740e-02 2.771329867953727266e+00 4.063854716994809380e+00
4.781251956679472262e-11 -3.021346394590306517e+01 3.100424213678154217e+01 3.133642434286899696e-04 2.626856274587658469e+00 4.006737406021690262e+00
5.163228266784000269e-11 -3.013410435677149479e+01 1.023601977652797285e-01 3.806093817716823700e-04 2.200248084228880519e+00 9.579517368251071474e+00
5.325967249300591692e-11 -3.010057203557431649e+01 4.902571992534880252e+01 4.794158594939748694e-04 2.508279655836524125e+00 4.264220050198746392e+00
5.585747366327756268e-11 -3.005044813345691068e+01 6.189557840621627560e-02 1.174021560125827236e-02 2.749347831105324325e+00 4.109161279920325427e+00
5.629709436564666420e-11 -3.004010854276249631e+01 1.685066884806151322e+01 7.951120348351655570e-03 2.750289623849583531e+00 6.411207035114445674e+00
6.240548418685284786e-11 -2.993459830760657781e+01 3.668027147581525327e+01 1.075701319558748257e-03 2.591447951214619572e+00 9.095467984702565900e+00
7.410674271509679589e-11 -2.976024494376200380e+01 4.102981902205543463e+01 4.443289055929397404e-04 2.187037901513607885e+00 7.772682472012683697e+00
7.403372612337718797e-11 -2.975873071892802812e+01 1.515379043631700950e+00 6.126636158647191929e-04 2.569396271985199043e+00 8.571599158277230401e+00
7.406494093798928398e-11 -2.975580917813102388e+01 6.488189631763418008e-01 2.892635191921935113e-03 2.704502176278762438e+00 9.214478769185250329e+00
7.446225238496860505e-11 -2.974795914914615480e+01 7.234425056096317752e-02 3.236261738970180445e-03 2.209805425905330800e+00 6.750376356966078184e+00
7.544438349553495708e-11 -2.973235572437252117e+01 4.314590722582346416e+01 2.042918017127672570e-01 2.130304060878679628e+00 9.207510352622803040e+00
7.915518387742173340e-11 -2.968184118820234474e+01 1.491719272222679360e-01 4.711976153806983307e-03 2.222984264989209535e+00 6.473565413248711486e+00
8.376480609721602890e-11 -2.962273852242960359e+01 1.494471041804711398e+01 2.294117801888366850e-02 2.201995892529018839e+00 9.810988621030290346e+00
8.635277190299180089e-11 -2.958981056186502556e+01 7.828124789115412097e-02 1.631070372837344767e-02 2.373824320427937451e+00 1.353549991679691722e+01
9.396581090878716061e-11 -2.950282046435608052e+01 3.947691689836810847e-01 1.343574056686338994e-04 2.846166951034553527e+00 4.941547633675363649e+00
1.001866069564517370e-10 -2.943621695012210182e+01 3.963258666110205297e+01 6.347182145644469919e-01 2.451699220140523217e+00 1.398347775038888230e+01
1.041448194145647621e-10 -2.939496904183889114e+01 1.391261188543736760e-01 1.005615353995112127e-04 2.197152617402367003e+00 7.341795507384871300e+00
1.043814771193622645e-10 -2.939019922925087158e+01 7.186423581123352733e+01 7.153226210592317225e-01 2.523800354725115547e+00 1.143514698700504084e+01
1.081634071416365338e-10 -2.935210835399169582e+01 3.646058677429376421e-02 1.700600905367329746e-02 2.634761945807088779e+00 1.697022883043878494e+01
1.088828014682855283e-10 -2.934297937884732477e+01 9.550611833230349124e-02 1.049420314216788783e-03 2.787480680036683811e+00 4.278048581043682574e+00
1.094855058059944729e-10 -2.933495929330317509e+01 2.868760164184949168e+00 1.681256199412558357e-04 2.448550038212014002e+00 1.079461296025400507e+01
1.108641442880736165e-10 -2.931994594035854007e+01 5.878848249574682328e+00 3.543423967090663165e-04 2.359972350262431018e+00 4.845660756369619904e+00
1.108624749937413507e-10 -2.931746099758836621e+01 4.107243256429084222e-02 1.792477039647227995e-03 2.254810808865443494e+00 1.052041986087855108e+01
1.215108693973179639e-10 -2.922324774789037605e+01 8.069729329019290631e-01 1.049528843614651969e-04 2.238619063854242253e+00 1.041994902231072118e+01
1.331219527979222946e-10 -2.912948582030904277e+01 1.638922503960480981e+01 1.068279142099681431e-02 2.798315372764056619e+00 4.941814139532348271e+00
1.403544629897622019e-10 -2.907408036542678076e+01 6.421987151931080051e-02 1.324092724612587271e-02 2.610074360196071197e+00 1.250116161665599890e+01
1.429628743449273439e-10 -2.905316649014262609e+01 1.278175142087718263e-01 4.488980479096267920e-03 2.787713570578087108e+00 5.594246605191449895e+00
1.457052156431524334e-10 -2.903166595703043740e+01 1.165715053566408255e+00 1.796022101380812148e-03 2.373887572973921056e+00 9.253046330965156940e+00
1.481269541967386492e-10 -2.901268176203814875e+01 1.252642252525826283e-01 7.704255246817760371e-04 2.407232495792742899e+00 1.089801187155866202e+01
1.497694984928167586e-10 -2.899915403124680680e+01 5.519033174958822840e+00 1.987369004905362863e-02 2.031910119419154892e+00 1.264279461089249423e+01
1.581684089495828125e-10 -2.894209112192134015e+01 6.006555249834611310e+00 1.927003895757121088e-03 2.068134386787567003e+00 7.902447911479717035e+00
1.652889942196188109e-10 -2.889555604476307238e+01 1.608748336264730572e+00 1.076079813018836114e-04 2.351145300481874312e+00 6.658468257794635470e+00
1.684278769960857710e-10 -2.887424383826515495e+01 4.297727899354384512e-02 5.565368829018869619e-04 2.630280312058021153e+00 8.404413718723116489e+00
1.713870802478577785e-10 -2.885432684119105318e+01 6.981190164440116064e+01 2.407662303543610938e-01 2.220516111015187199e+00 6.418036271290704420e+00
1.726497504745338888e-10 -2.884448648816261951e+01 3.289690826487807129e+01 2.209324439285899611e-01 2.132941565877260359e+00 7.133116059101640261e+00
1.758097537118446915e-10 -2.882384900115300752e+01 5.346417007059534043e-01 2.521039315075504147e-02 3.080431113719410252e+00 6.110626115680465098e+00
1.829686463090518889e-10 -2.878143666021194136e+01 3.970695068045079767e-01 4.689119094181068599e-03 2.391476366196699566e+00 1.108486509018335475e+01
2.006981305876056702e-10 -2.868644952543233728e+01 8.426259108934059938e-01 1.075322413557767542e-03 2.964299966438381784e+00 4.128571224615272151e+00
2.030957612476895707e-10 -2.867207386863367091e+01 1.041172935781473541e+01 1.537310433188983187e-02 2.474962613406520351e+00 1.052132701914984203e+01
2.070723159035647070e-10 -2.865018338228266259e+01 4.860204753374247622e-01 1.969081768444195038e-02 2.652656341048274413e+00 1.561847578175035167e+01
2.171824034598178806e-10 -2.860001389733040966e+01 5.886185626097144130e+00 7.257303445773227897e-03 2.277615948535908430e+00 1.362714898704847499e+01
2.217481103281371121e-10 -2.857670936720836607e+01 5.764478621613360332e+00 1.973755072432166002e-04 2.752226542978155166e+00 4.215812341363783133e+00
2.218787903058777937e-10 -2.857362022357738240e+01 4.543613745866438847e-01 3.635400406338398262e-03 2.245188036092210293e+00 6.309157356080500101e+00
2.230342085351716686e-10 -2.856592630553157264e+01 1.268325893925889503e+01 2.016743410585802518e-02 2.753450729324267154e+00 6.092848888016004771e+00
2.347711455115221731e-10 -2.851214027597178458e+01 1.186595046417765964e+01 2.351060985450929386e-04 2.511318987021374127e+00 9.984358410024979591e+00
2.444597304093441693e-10 -2.846920087318206782e+01 9.643890921037272790e+01 9.935160390819534459e-04 2.725180314444909158e+00 6.759974227223843890e+00
2.580150953096452624e-10 -2.841273337456774684e+01 4.411267451587086441e-02 2.786070270003974253e-02 2.853532396824688622e+00 1.794548293868864164e+01
2.574672717300897957e-10 -2.841235885478132417e+01 1.599772153724985735e+01 7.125558330152639321e-03 2.449901230113591399e+00 1.063225866433765177e+01
2.582802695030134732e-10 -2.840670615551928080e+01 4.128712856641805651e+00 6.646976603540108268e-03 2.018078924355913628e+00 1.410600283583759129e+01
2.648268529099029876e-10 -2.837917523953848331e+01 8.478860489820574386e-01 2.640231250052078177e-02 2.654863740364502345e+00 1.482612248150282142e+01
2.658459395213187225e-10 -2.837283450046655631e+01 5.851673500922983884e+00 1.635336563840104895e-02 2.418358202700787718e+00 1.234057943713440153e+01
2.738061421113762683e-10 -2.834083112128794468e+01 1.367857929074623691e+01 5.428198380733104513e-04 2.784696115860122223e+00 5.398407353958443622e+00
2.795394985302634654e-10 -2.831760786558522369e+01 4.472206444268037018e+01 3.696676629489363281e-03 2.775687700882287778e+00 5.676952005046126182e+00
2.865988165933770423e-10 -2.829016808046724307e+01 1.471791998931540491e+01 1.758374809546156547e-02 2.407232855168641716e+00 4.804155442623545547e+00
3.000384850077028639e-10 -2.824184071694229203e+01 1.426765921884609334e+01 1.664700360713749746e-03 2.235266349870031810e+00 9.861335699427254298e+00
3.139670337916933646e-10 -2.819396347425780647e+01 5.273996519552318851e+00 6.887281265446179579e-02 2.387935879437207642e+00 1.386028399692229307e+01
3.386134296313047246e-10 -2.811589233558671452e+01 9.758602452692866080e-01 1.040726412207419521e-03 2.812968994550963941e+00 8.815141774643024064e+00
3.436425935099381386e-10 -2.809864932181724129e+01 1.915180896900214036e-01 3.322969426464590040e-03 2.205071563998240780e+00 8.506628936155687271e+00
3.557763518907740562e-10 -2.806144915831980668e+01 1.064607619497890489e+01 1.740562125671920035e-01 2.359152288859188484e+00 1.573537957961072564e+01
3.569203304873185849e-10 -2.805573887375609488e+01 3.862653645673886871e+01 3.744914906093515551e-03 2.581064077345881280e+00 9.035933114034760294e+00
3.657370103889853937e-10 -2.802883694245969082e+01 9.556496032028805043e-01 1.941669232878353094e-02 2.496685835847691770e+00 1.260435231913852760e+01
3.761633739801556971e-10 -2.799822791244370634e+01 8.981216760158480383e+01 8.397421199032116534e-02 2.429247164467108533e+00 4.715948003264576194e+00
3.816305092126278698e-10 -2.798129857958481281e+01 7.788069041594089015e+01 8.212087658680250479e-02 2.207839939739815183e+00 8.525664309992423640e+00
4.719226695397735228e-10 -2.776643633028769642e+01 4.481587164134381851e+01 5.705054510240437776e-03 2.207063326785456692e+00 8.332079763177116405e+00
4.936290523877207249e-10 -2.771896713771090504e+01 7.700710624914093305e-01 1.108407887867173675e-02 2.272523994485064591e+00 7.522654092327041297e+00
4.988875707036968694e-10 -2.770587070557533593e+01 8.266421342770680525e+00 1.003150140462306800e-01 2.500269783223560083e+00 8.831753255803356240e+00
5.111342481889863615e-10 -2.767911919441765534e+01 2.615608114303973331e-01 8.258997892673733019e-04 2.252296350947437631e+00 1.004376199811695258e+01
5.389884095952045538e-10 -2.762355739958604772e+01 1.333258976487088632e-01 8.753933771663750460e-03 2.369460679335790410e+00 1.125246426998676519e+01
5.498489541115616136e-10 -2.760110785510887155e+01 8.855972692962991999e-02 1.166296270570236669e-04 2.209779146036221942e+00 8.375141627664717703e+00
5.672329575946717583e-10 -2.756748138742664977e+01 9.928418165048245925e+00 9.330142609350293437e-02 2.042971431280130368e+00 8.476611496256490241e+00
6.007271174441752183e-10 -2.750761068281932609e+01 4.248615939901544891e+01 5.140606028192742233e-02 2.353242331920212482e+00 1.082620913929101825e+01
6.386274800108891495e-10 -2.744393015572630645e+01 8.919060502155130621e+01 4.134529867303829084e-03 2.613367969076445085e+00 8.505559650938035787e+00
6.578479135335120424e-10 -2.741177769656781038e+01 1.009400581768696292e-01 2.101384444941744797e-02 3.222811471244962256e+00 9.055589564566572491e+00
6.631726601190794282e-10 -2.740121608794570207e+01 2.984928108302233318e-01 1.287435195733023887e-04 2.467084489833097027e+00 1.027192094399190303e+01
6.678911188091416574e-10 -2.739162630227320605e+01 8.706701086147828894e-01 3.482941947514818374e-04 2.908739378347502402e+00 4.132663129123228529e+00
6.782238206559332553e-10 -2.737377411430522045e+01 1.475099657030113143e+01 1.833088805195576525e-03 2.283221280918304341e+00 5.828174718539126609e+00
7.090426096180920643e-10 -2.732683584381164366e+01 4.673080576907354811e+01 7.472392661618436349e-02 2.366293540872878687e+00 1.077440927705991314e+01
7.077675258748064299e-10 -2.732613578024009371e+01 3.309866423912594113e-01 5.249888036785579437e-04 2.572058433670854072e+00 4.291673715946519252e+00
7.228110162575671127e-10 -2.730260366704112585e+01 1.929681099266306044e+00 1.221950187205355840e-04 2.331806521399785392e+00 7.582717038919879471e+00
7.547485218137134632e-10 -2.725686685665601061e+01 1.092954108069192110e+01 2.416934854127490229e-04 2.276581563574321621e+00 1.035049601681860310e+01
7.562017811613060589e-10 -2.725244321986549068e+01 1.585530632697543751e+01 1.267429723247660844e-01 2.230774272498481370e+00 6.259199339822441033e+00
7.868484176168105782e-10 -2.721021584472042676e+01 1.996729275666406511e-01 1.447598033984464662e-02 2.686049393733356716e+00 4.690372087263558143e+00
8.085553322179357421e-10 -2.718050235193709696e+01 3.684463678836658734e-02 3.195720959626637686e-04 2.380958213982784510e+00 1.071308406059315388e+01
8.475414508841574319e-10 -2.713091171907349874e+01 4.401131845634633777e+01 1.753501596186539131e-04 2.665646396770166682e+00 7.646958928576284897e+00
8.746428361120630682e-10 -2.709693585100389512e+01 1.222207646660115365e+01 6.736248899769170517e-02 2.389182951579968517e+00 1.168921438019944148e+01
9.210423254678482598e-10 -2.704274547553938035e+01 8.209631691038349333e-02 4.872917025933682332e-03 2.216967916858601395e+00 8.138412786419813472e+00
9.321315961519922475e-10 -2.702827746442377332e+01 2.019897092556867946e-01 2.178401435660698275e-04 2.285309419745746862e+00 5.930152219717309769e+00
9.410963191331185773e-10 -2.701620597411165292e+01 5.938021356790524408e+01 2.299396649240138257e-01 2.379059153190625331e+00 1.101573991386482021e+01
9.615824536824687670e-10 -2.699217115011785850e+01 2.839980176913414667e+01 3.412208381843758187e-01 2.355949850858212180e+00 7.331357874589555124e+00
1.000459525289189094e-09 -2.695003676800798331e+01 2.394399694770747156e-01 3.095132202503117144e-03 2.225343571590081115e+00 8.995772125068885572e+00
1.090755745370258278e-09 -2.686112538738249000e+01 4.804597640366407574e-01 2.641927108246790862e-02 3.107068483793366642e+00 1.689665926685691844e+01
1.139768133618440821e-09 -2.681467133759099752e+01 3.604776903301410584e+01 1.412469424374838273e-02 2.736486306116949763e+00 4.342433158413783190e+00
1.172213113713350489e-09 -2.678410267548402146e+01 6.396033838866473076e+01 3.274083375355320291e-02 2.774478886170188563e+00 4.658311216263229859e+00
1.186655618927106053e-09 -2.676935724148815154e+01 3.983587272257616263e+01 1.048198420829424932e-04 2.779056599422454532e+00 4.854209065731545536e+00
1.212523266768662731e-09 -2.674529265501480779e+01 3.111137215762274622e+01 2.189387956196010010e-01 2.567886880981812503e+00 4.770406094019631560e+00
1.310735850047118364e-09 -2.666490749064575283e+01 6.496183898287119618e+00 6.164280028036860093e-02 2.244897374672707446e+00 1.742025689757874929e+01
1.311625419379405281e-09 -2.666172904151154555e+01 8.593058902545200439e+00 4.342332275541792904e-04 2.301664861474544743e+00 5.598216888432893334e+00
1.584454133166195546e-09 -2.647025623521500037e+01 1.914428898354008268e+01 2.130579456338678988e-04 2.697727726421765837e+00 7.014248226297008060e+00
1.638900877504336315e-09 -2.643397036723751015e+01 3.924919795655071320e-02 1.929007145978708124e-04 2.400434361567149288e+00 1.054195649171558813e+01
1.715932993258766500e-09 -2.638553923566189141e+01 4.075391363660236799e+00 1.513155190753329854e-02 2.480214340323967814e+00 1.132522996629495893e+01
1.797933210028668885e-09 -2.633635839920216171e+01 1.625636329926022805e+00 1.316288808433536137e-04 2.688205802663598654e+00 5.748778449780077793e+00
1.820555611308378514e-09 -2.632135445230913007e+01 6.432526599741177620e+01 5.871155872814814991e-01 2.514452869910754451e+00 1.092715251054670844e+01
2.026629166339800530e-09 -2.621162228405974304e+01 1.995212932975175235e+01 1.162252421722864519e-02 2.201109898226598194e+00 8.553065366647949475e+00
2.168341063359420502e-09 -2.614153379949569000e+01 4.322641984269441351e-01 6.018406710991276286e-04 2.229244695698980205e+00 7.886676049251909681e+00
2.212948537307410892e-09 -2.611867038166798594e+01 4.905601766681491060e-01 3.090972541820351596e-04 2.691754127026753096e+00 8.090432290767004986e+00
2.255113458331363900e-09 -2.609729590194292470e+01 8.498161442659569076e+00 4.598541550129209288e-02 2.455247565773210461e+00 4.999776082130209076e+00
2.274322345003546189e-09 -2.608631405004513582e+01 6.407861179526661033e+01 8.883885125755273116e-01 2.476635598639694624e+00 1.333511721692792307e+01
2.279214454554802838e-09 -2.608166534162404915e+01 4.826402862249143944e+00 6.380235274575819793e-02 2.128490983876107911e+00 1.631705271635691190e+01
2.303562475979894922e-09 -2.606853936052511500e+01 1.755429714843297617e+01 8.119997273526192993e-02 2.163568837387706889e+00 8.180171699723967293e+00
2.297886769939542710e-09 -2.606850628284258775e+01 7.159750253786269225e-02 1.449797759179458079e-02 2.398258350148661844e+00 7.042472358879976468e+00
2.391473171033123016e-09 -2.602608662214074542e+01 2.191444842030213280e+01 2.243502411436324655e-04 2.422728926183406628e+00 4.927980596783545941e+00
2.606940935094390225e-09 -2.593731870932677808e+01 5.616511752346632846e+01 3.466623095052720482e-02 2.517081698891233899e+00 9.587286851153484335e+00
2.787091102705564762e-09 -2.586799775133385282e+01 4.204945354187427142e+01 3.008591697042478337e-04 2.496950489782985727e+00 9.793619217476569716e+00
2.813333568557040315e-09 -2.585612608419768321e+01 6.838401260457191433e-02 8.959500568411589080e-04 2.489146787970821340e+00 9.867829506070560086e+00
2.926150776117618316e-09 -2.581430835670381541e+01 5.240169360339067550e-01 2.403874377635403098e-02 2.701981078032952510e+00 7.908423375310229986e+00
3.032698612835858752e-09 -2.577604333330424424e+01 5.152505381366042414e+00 2.858592711341509211e-03 2.306357319975059994e+00 5.428491554818130282e+00
3.107131409076285008e-09 -2.574929626371039149e+01 9.950754525946163653e+01 8.827241633908178287e-01 2.317694538826263084e+00 6.145479859751742602e+00
3.233873777172435697e-09 -2.570681545729502560e+01 5.574834062711946814e+01 1.834065189373071739e-02 2.703544535537675042e+00 6.811064763850597004e+00
3.320527789661516647e-09 -2.567787244466458318e+01 1.670945686855101753e-01 8.778230644972130972e-03 2.271463897169442081e+00 6.805617395343648290e+00
3.379764394817198208e-09 -2.565769018635777243e+01 8.257936042747260341e-02 6.614313711178045410e-04 2.690198655600588573e+00 7.045321681595443586e+00
3.457272510918072261e-09 -2.563251620118553831e+01 9.357328214672975264e+01 1.675142837253594595e-04 2.278252218181419320e+00 6.304084977211211083e+00
3.454599817666252660e-09 -2.563078956425070132e+01 5.286405248672373380e-01 2.917518703930030780e-02 3.375812730979748100e+00 1.420509518928824377e+01
3.479005263776507917e-09 -2.562124977856487007e+01 2.459339824527864149e-01 2.251172572824177917e-02 2.509005189518541012e+00 1.256398713082525198e+01
3.571772821202909323e-09 -2.559243412664327266e+01 2.931045934661875019e-01 6.911013552024436284e-03 2.382488016526541408e+00 5.268270053809346543e+00
3.753743448387631601e-09 -2.554024259278516240e+01 6.869330494101204554e-01 1.683711755304992223e-03 2.716874743339635412e+00 9.085085071398170342e+00
4.308151810213555550e-09 -2.539998718993486904e+01 3.909001513820570040e+00 9.859251553084652162e-04 2.679616466335752456e+00 5.454497632008507679e+00
4.492460076130785301e-09 -2.535559573489391383e+01 6.425090599214447473e-02 1.452887734517781812e-03 2.762545817886855382e+00 5.250684525093603838e+00
4.538728124008920087e-09 -2.534284936384025144e+01 7.912495980688708519e-01 5.002814427509106633e-03 2.263272725528507223e+00 8.149822145151809138e+00
4.710599196612914182e-09 -2.530318106984642412e+01 2.110742049414322707e+01 2.058728660055814466e-02 2.213102756749786071e+00 8.186373446689076516e+00
4.733171530170168107e-09 -2.529590069615980141e+01 4.129332655457952361e-01 2.491896839926481880e-02 3.159312458210121299e+00 1.236460691964127179e+01
4.785101763780824547e-09 -2.528248889582117087e+01 8.333625436829680821e-02 1.731270313722651014e-02 2.720913317532735132e+00 1.473941350378267856e+01
4.881394609578307352e-09 -2.526006522805892374e+01 5.809338958951863058e-02 1.386655373746859855e-02 2.410750438658684214e+00 1.273108475610070833e+01
4.944529600199692528e-09 -2.524471435354779913e+01 6.264234214387279231e-02 1.754244028912698859e-04 2.237055491589910350e+00 8.112649201945234978e+00
4.973972671894956263e-09 -2.523627733657244221e+01 1.075904225116066648e-01 4.705040968284625725e-04 2.499606005872275549e+00 9.682960035039219093e+00
4.972601208081075174e-09 -2.523405310264810097e+01 7.143565017629253111e-01 3.533235761245587248e-02 3.248384671764202203e+00 1.423905384257031947e+01
5.350898128796019120e-09 -2.515823176638788894e+01 2.488910661140254776e-01 1.927603683158050918e-02 2.451140872396863291e+00 8.990538188241519180e+00
5.772931594586281905e-09 -2.507981616093606547e+01 1.143197190334857893e+01 1.936416298383647266e-03 2.690212611127774878e+00 6.886413802863053490e+00
6.076803376949575560e-09 -2.502601739040026985e+01 3.363210387734086027e+01 1.619873866793128565e-03 2.332939965822015349e+00 1.033948621026067549e+01
6.080521620296201991e-09 -2.502290570263780722e+01 6.475736562773800387e+00 2.919205209871746087e-02 2.492091734684414472e+00 1.090096682141310147e+01
6.189197433531503300e-09 -2.500269076478332764e+01 3.681843717465903554e-01 7.194450959925486125e-03 2.744374883821721234e+00 6.729019418103206363e+00
6.206653582600517386e-09 -2.499737431263568510e+01 2.189335494243583868e-01 5.016961492030192968e-03 2.242163678276878791e+00 7.818391370111686278e+00
6.325401021898115314e-09 -2.497592275247240323e+01 5.345443081780192340e-01 2.499309118043659930e-04 2.388867007588050040e+00 1.087789873489719383e+01
6.339277013674791407e-09 -2.497123146149917261e+01 4.105310817726903849e+01 5.577074400086901723e-02 2.246103192060713294e+00 9.052070422592723986e+00
6.406753207980328165e-09 -2.495814356495554520e+01 5.039852015377130812e+01 1.996479632160744894e-02 2.535758443318721689e+00 4.579993109431536702e+00
7.205491197598987578e-09 -2.483815278607474042e+01 2.058218760441890893e+01 3.228367076398673541e-02 2.713052202465208396e+00 6.393817547100976384e+00
7.267273221200077503e-09 -2.482711503929697017e+01 4.623811904164984554e+01 1.885082667542813117e-01 2.411805595106359501e+00 1.055981826343288965e+01
7.263617467744844145e-09 -2.482511820921416756e+01 1.144227668711595758e+00 3.539297124873313355e-03 2.426438040690762410e+00 1.013990183582934179e+01
7.631101647414404583e-09 -2.477326396920210172e+01 7.788228314055132273e-01 1.390451404475898101e-02 2.846745882694545315e+00 1.074625026878052303e+01
7.697598635175924970e-09 -2.476208777308987408e+01 4.183217517840374988e+00 3.067897292744038371e-02 2.120438849519037383e+00 1.723902369256111200e+01
7.857538753422121627e-09 -2.473902276604079375e+01 6.087199645724113140e+01 1.532625439972626390e-04 2.376195276969265358e+00 1.030299361860542184e+01
8.015549455379909835e-09 -2.471661285065103186e+01 4.625400903879804404e-01 5.816961499379418726e-04 2.291461758799540949e+00 9.901837746195175427e+00
8.059602177767403084e-09 -2.470863199004444866e+01 6.589254811579786519e+01 7.179793140226201813e-04 2.302235314300615787e+00 6.117729024511946889e+00
8.426893445636106012e-09 -2.466156799543809086e+01 1.499019181742323459e-01 4.936608689648886057e-03 2.292056671707847659e+00 9.828741082756323522e+00
8.748968970128636505e-09 -2.462156032630627323e+01 1.573111446149236592e+01 1.466490755635503108e-02 2.675353850520213239e+00 7.103200528350612331e+00
8.919540572217989944e-09 -2.459975174783902219e+01 7.571256668445747096e+01 5.854789977166990900e-02 2.257201871456538722e+00 7.172120114943330904e+00
9.139253927899235231e-09 -2.457291743275788320e+01 6.365973420603044941e-01 3.146079241361333673e-03 2.488513891208454787e+00 1.080922118439945478e+01
9.135188226582531777e-09 -2.457086239314019593e+01 4.656999009240310627e+00 1.397787452374007772e-04 2.299067683371763593e+00 6.015643486384326444e+00
9.370168763739091675e-09 -2.454296508058822113e+01 5.695634376685972278e+00 1.670559050685377182e-03 2.724185134777343809e+00 4.943690039400355118e+00
9.604851850450805728e-09 -2.451572781585745986e+01 1.273103548321901091e-01 1.280893659501093976e-02 2.349445464144595874e+00 6.911890197555715432e+00
1.051951009031364578e-08 -2.442226455088440673e+01 2.725206392300477121e-01 5.837431634654691994e-04 2.375557577446001822e+00 5.400706261149029075e+00
1.070180719509545116e-08 -2.440258356380345361e+01 3.414769419003833156e-02 6.848138544774275529e-04 2.601324742011645874e+00 8.319778644051853078e+00
1.076585477025283184e-08 -2.439411665736626489e+01 4.438321184389453777e-01 2.693942233993911438e-03 2.544010779581972415e+00 9.390791557961478020e+00
1.131427323665678744e-08 -2.434193114080404285e+01 7.878361447837866649e+01 8.894996180144170697e-04 2.356033207394722329e+00 1.020622575518343744e+01
1.164513341401534188e-08 -2.431060782771321271e+01 1.954735940159892138e+01 1.826356987606223481e-03 2.707016689519060382e+00 6.484184134388780052e+00
1.310974732009920852e-08 -2.418964016398709660e+01 1.994244640999058571e-01 8.498403027385552019e-03 2.713231211945982491e+00 4.499705622157162743e+00
1.425925455651769659e-08 -2.410309004926701704e+01 8.794651365634941209e-01 1.615875110123686335e-03 2.445370535645528864e+00 1.196053228440504412e+01
1.423028957422772593e-08 -2.410262342629382815e+01 8.151045334888894489e-01 5.045512082790852776e-04 2.299607848323035775e+00 1.011040968789091643e+01
1.430735377079264527e-08 -2.409472253295719213e+01 5.339482512908334533e-01 1.514497620753468658e-02 2.526092079890997599e+00 1.246932624734609796e+01
1.482206896841090792e-08 -2.405687897111844720e+01 5.321696623492311318e-01 1.791340111741390436e-04 2.791670995268090483e+00 6.663026062345471345e+00
1.618300589140803555e-08 -2.396653451516389310e+01 6.776105038553748727e+01 3.389647265076435167e-04 2.575694669275746307e+00 8.621130740479774346e+00
1.622519066275483066e-08 -2.396143117405532053e+01 4.476026763916797435e+00 1.493178093407987895e-03 2.155858308813940472e+00 7.190423894967820750e+00
1.656494889997426643e-08 -2.393820723681960061e+01 5.813127325002453993e-01 4.783606335125908503e-04 2.338787085337053373e+00 1.052769774792973756e+01
1.666081838181787641e-08 -2.392993642965744527e+01 4.479589204601045083e+01 2.031571999004821820e-03 2.295475161642677175e+00 9.665835651929066685e+00
1.684759515039167552e-08 -2.391628826218001080e+01 1.059414349297698316e-01 2.313376806763751958e-03 2.666663704835528392e+00 4.502728444353906845e+00
1.798497527553603311e-08 -2.384845948532805693e+01 2.324535934580126417e-01 9.697505420179148346e-04 2.410759092158909489e+00 5.225823414414600521e+00
1.804806865597093055e-08 -2.384245750836294775e+01 1.547360778330588937e+00 1.410310864400067218e-04 2.452471080267036641e+00 7.535800113264406797e+00
1.858409178707854779e-08 -2.381069025325404809e+01 1.551269765609820617e+01 2.592530850066206982e-01 2.328877199349479010e+00 1.793933582399581184e+01
1.901837272990811793e-08 -2.378509069002625864e+01 1.108579843973055146e-01 3.216258144033257594e-03 2.264810247203799864e+00 7.240616255777682753e+00
1.957309976571514835e-08 -2.375384002513133197e+01 9.567465618333148569e-01 6.558772763811121379e-04 2.488049743527690705e+00 1.177740293606821176e+01
1.961484237622713691e-08 -2.374920964399785461e+01 7.968348307386471596e+00 2.060274511853571206e-03 2.391296348963444451e+00 5.134807886554201062e+00
2.024008156123351633e-08 -2.371533131363140967e+01 1.492816969491030932e-01 1.241181959426205475e-04 2.500766282912103566e+00 9.461604563222865139e+00
2.076088445658815292e-08 -2.368742552647569966e+01 1.486239747910301223e-01 1.538601184819026260e-02 2.394899303357589382e+00 1.206798586809771834e+01
2.139867226417268513e-08 -2.365466731137500034e+01 3.113008091907471098e+01 2.093807222402952438e-04 2.553913762375747076e+00 8.861623035954814043e+00
2.243784790207628452e-08 -2.360474701623445526e+01 2.758276309937068760e+01 6.172652499241026818e-03 2.364134974888583596e+00 1.022912700689762922e+01
2.281332588280597913e-08 -2.358565135397845935e+01 1.472158623078216699e+01 1.697102008913481050e-02 2.407905279679679822e+00 5.272350558696925482e+00
2.341197165541516752e-08 -2.355724868700569985e+01 1.161995205704392964e+00 3.775101868704419271e-04 2.627923713002922490e+00 6.296016740538860290e+00
2.350293180599133885e-08 -2.355087101667748328e+01 6.077124622825597067e-02 1.401056944133023468e-04 2.541556815915285039e+00 4.692210267369551602e+00
2.347943069919241826e-08 -2.354937143928315635e+01 4.544649734271681396e+00 1.928627181912908814e-02 2.516753053214202396e+00 1.018900457364332368e+01
2.360231115171842564e-08 -2.354165155035348178e+01 2.259974583307705620e-01 2.765693290295826606e-04 2.258801328547439535e+00 7.930989088655006292e+00
2.547896521053326982e-08 -2.346264296969999208e+01 3.056868287373824344e+01 1.556203135950325230e-02 2.343008197889754562e+00 1.021726007686971371e+01
2.573612733639774245e-08 -2.345010045003039068e+01 6.981983797031687811e-01 4.882097547969904000e-04 2.285700839617279989e+00 9.641321533312677161e+00
2.913294222818127748e-08 -2.332362661850647001e+01 7.331488754986954515e-01 1.974167883410855894e-04 2.501981761634049395e+00 4.877944144107428492e+00
2.974008443558402689e-08 -2.330050040759456920e+01 1.455702419872794806e+01 3.610501225428183053e-02 2.487546848490417517e+00 4.947477425733124434e+00
3.015598114681509519e-08 -2.328411290458701899e+01 4.259102054415921046e+00 2.776192525995941273e-04 2.184282482865726571e+00 8.954121745610255090e+00
3.045331733175992224e-08 -2.327180125595402060e+01 8.660230646110614217e+00 3.143221735346459628e-02 2.647686687931014582e+00 7.387714821228392736e+00
3.038301920001572403e-08 -2.327161231434577715e+01 2.407232451127105655e-01 1.436744902413824220e-03 2.351808094531843807e+00 9.970570106919081965e+00
3.052200002905127822e-08 -2.326454845172726493e+01 4.093721025887687404e+01 3.866924580342693402e-02 2.680527603622846478e+00 6.865025856171689256e+00
3.222684706838751004e-08 -2.320769632269428939e+01 1.457577605947408017e+01 2.282498386678629559e-02 2.339000989225264338e+00 5.847985978921949268e+00
3.378511170787806681e-08 -2.315797596431493233e+01 1.020746788376065251e+00 2.891923139807086283e-03 2.652065885687802993e+00 4.907350027605435372e+00
3.505176893589603465e-08 -2.311867010661354271e+01 6.177942332620004612e-02 8.551119676750588766e-04 2.331824974397488148e+00 9.820731217519194090e+00
3.499339290003866797e-08 -2.311783691836306787e+01 8.001025999139557143e+00 1.239998091052162479e-02 2.610972244444200729e+00 4.684030919048924879e+00
3.511858053503215637e-08 -2.311176583736508050e+01 5.264914804758929989e+01 1.736201861534093227e-01 2.272087026951309596e+00 6.848737144948899846e+00
3.764204424263620878e-08 -2.303987456412711765e+01 2.573113346083332686e+01 3.102318320771745280e-03 2.255176345099436652e+00 7.758247633559028245e+00
4.219392229761013679e-08 -2.292321999846152281e+01 8.148772182243819273e+00 1.574117135861306457e-02 2.698593113409637922e+00 5.020050540147179774e+00
4.269516663046386055e-08 -2.290891046758602556e+01 7.297745797051106820e+00 1.623941396002981374e-02 2.150190072902454119e+00 1.160461711999138501e+01
4.370848896191022247e-08 -2.288295384909007879e+01 2.140283086883861330e+01 2.097250923258609043e-03 2.455926800763253759e+00 9.740859761024612595e+00
4.810278106452395602e-08 -2.278465619391819885e+01 5.339129805918006610e+01 2.451053209728212834e-02 2.337469068582874954e+00 6.028944643450333984e+00
4.808945064148101931e-08 -2.278243335607343312e+01 1.950549817209476511e-01 8.672098231217142050e-04 2.313589162002712030e+00 6.350636359117459051e+00
4.946135946160969655e-08 -2.275180443995035517e+01 1.288141817810023182e-01 2.149577661898763239e-04 2.271020089743148507e+00 7.652400588298235995e+00
4.951581631011659507e-08 -2.274820404779271854e+01 9.009136163418628485e+01 7.109593040937501884e-01 2.086445112343636943e+00 9.687886473861896164e+00
5.137330029047942340e-08 -2.270887759984889698e+01 4.299307419574310174e+00 2.074031278477101673e-03 2.196683339047980965e+00 6.979365960514890332e+00
5.190808838098551229e-08 -2.269602156422752159e+01 3.129572191289579225e-02 5.948713374372752421e-04 2.699657292193930580e+00 4.743045630616560260e+00
5.223995472873872978e-08 -2.268714856938144919e+01 1.161688269772842652e+01 1.284631119186007255e-03 2.354575896637602028e+00 9.967081426723840565e+00
5.389002366374729170e-08 -2.265355081669042647e+01 6.745099886537354905e+01 5.178469161226638591e-03 2.281369036606435863e+00 7.191855834983307716e+00
5.637338734115680547e-08 -2.260599899625591291e+01 6.920287753299354527e-01 2.053268440485769841e-02 3.104811687668876274e+00 4.928177827880797501e+00
5.625830341395238693e-08 -2.260554254130940066e+01 5.535764647222707424e+01 6.565438939442873323e-02 2.546565966125070801e+00 4.768471330129468555e+00
5.820821065936923258e-08 -2.256896976633927920e+01 6.175841519404215063e+01 1.355309329362214005e-03 2.588208871332575711e+00 8.261568783948170847e+00
5.935002012041070165e-08 -2.254704372767933052e+01 4.823594001573858314e+00 6.185146610749979327e-04 2.148754327218583615e+00 1.127233317609084651e+01
5.984144888329880533e-08 -2.253629764175269301e+01 8.775078362547227007e-02 1.126130465706827899e-04 2.490782281440935719e+00 9.381128910545470490e+00
6.360789911576931377e-08 -2.247275852518038519e+01 6.303620368875152202e+00 5.442070336876915493e-03 2.363758075986836182e+00 5.392166766612633388e+00
7.123614789092305192e-08 -2.235699580306615530e+01 4.796564406215899634e-01 1.076699188670532208e-02 2.305984539595325788e+00 9.532631023411813231e+00
7.270194008432402796e-08 -2.233412811739759718e+01 8.944231189193374121e+00 2.006745391294841724e-02 2.362475294155835570e+00 5.578141100412162601e+00
7.318059406664192674e-08 -2.232506591030714915e+01 3.998110744547654249e+00 6.307436598252655346e-03 2.212021097716434515e+00 1.321819611180301735e+01
7.426186252601533091e-08 -2.230789865816583628e+01 2.084472037844851411e-01 3.810753526146181476e-04 2.407127136787197141e+00 5.439174888450502898e+00
7.449334096370411899e-08 -2.230228644939468552e+01 5.644419380646368722e+01 1.779326827062752234e-04 2.426027282849440692e+00 9.764008806813592400e+00
7.916663112522972664e-08 -2.223894130188574536e+01 3.403679074776961855e-01 6.560372086269499652e-04 2.408962438662023420e+00 9.891597162153603406e+00
8.261436589240686278e-08 -2.219381260112779941e+01 1.469089073208208163e+01 2.761463889846339781e-02 2.263885719382294326e+00 8.063602609692885892e+00
8.240819339517736291e-08 -2.219381132136811985e+01 5.282344459296544059e+00 3.738555134472714933e-04 2.616310088113253940e+00 4.729887518302616556e+00
8.326107253830426439e-08 -2.218101506426827640e+01 9.710861639201395334e+00 3.497746065674484659e-04 2.286319071988179186e+00 9.155641029086387661e+00
8.526185248736038284e-08 -2.215476904913841238e+01 3.414240732597043149e+01 4.028217616306275506e-01 2.515905947394328379e+00 1.031260411723308046e+01
8.589793354165877733e-08 -2.214483641560502392e+01 5.783171216940854897e+00 2.707208807759664201e-02 2.647656185569279508e+00 7.459424573101727240e+00
8.626237945835413819e-08 -2.213810261218380404e+01 5.005318486526362243e+00 4.676477015670576121e-04 2.680266005906312365e+00 4.968877954384577578e+00
8.766599108424182663e-08 -2.211946215053120568e+01 5.379499737551533656e+00 2.405982820254690645e-03 2.156820325503225000e+00 1.151368064176540251e+01
8.824655159513262312e-08 -2.211036156810708420e+01 5.578856750782839491e+00 2.189468171320156707e-04 2.575555165114705503e+00 8.563800116073448265e+00
8.815642919312697273e-08 -2.210888334687118473e+01 1.783072888133099276e+00 1.093350474539184897e-04 2.413353619874485823e+00 9.095079815071231977e+00
8.933771168462864635e-08 -2.209307248571094107e+01 3.378527136180757395e+01 6.510059631014983306e-02 2.665632808702475653e+00 4.787406871903144179e+00
9.166524865089759149e-08 -2.206485284813189196e+01 3.724176314158637524e+01 4.643437078059195477e-02 2.378403707787780430e+00 5.690051039522677101e+00
9.160392348535195947e-08 -2.206302208417546140e+01 5.512466415404907449e-01 2.707755634400727104e-04 2.633393053150582475e+00 8.926612914684971756e+00
9.313860290969309289e-08 -2.204390745020196363e+01 2.838569218969280161e-01 1.948550378139071552e-03 2.642205722874624296e+00 7.365142902122159718e+00
9.558728334432600196e-08 -2.201545639594909787e+01 5.389410149300302777e+01 5.662447909231896077e-04 2.279480597124406316e+00 7.960499864399475101e+00
9.737731758857513461e-08 -2.199440288318719894e+01 6.816851122814222563e-01 1.813718295392603794e-03 2.377760039075831333e+00 5.812644347800787870e+00
9.719554143594029782e-08 -2.199377134733405015e+01 9.029514915607982084e-02 2.027884275063263704e-04 2.555484648602109665e+00 4.809737162541800615e+00
9.732073607876328788e-08 -2.198998410637190659e+01 6.519665394278440829e+00 1.050165339098683417e-03 2.523135307702989216e+00 9.691973964037716271e+00
9.727853130134854088e-08 -2.198791786728626718e+01 2.793459031232261580e+01 4.633904121520504918e-03 2.311629392536618255e+00 9.560252333774110767e+00
1.022060553459246655e-07 -2.193600526177324994e+01 5.425285203269148759e+00 1.733310073004366847e-02 2.100624843337250525e+00 1.038367353858346576e+01
1.051364732314850430e-07 -2.190523693646590786e+01 2.111969668511689591e+01 5.608642421277651273e-03 2.594687294549826717e+00 7.992855400027952584e+00
1.053267335371186118e-07 -2.190092892108513212e+01 4.040353470797642399e-01 1.240930227514637453e-03 2.344061508754967882e+00 6.118060333098352288e+00
1.074738519814162353e-07 -2.187824860714923503e+01 1.026670525910128440e+01 4.070205311555143905e-04 2.668525947501618312e+00 4.785763132460651548e+00
1.077287452762953044e-07 -2.187337973783889922e+01 9.956890625117731020e+01 1.313836981130116904e-03 2.414575682762025721e+00 9.722574310421295607e+00
1.190246779922476554e-07 -2.177116533804998966e+01 3.940948928201940049e+01 4.682328698950061902e-02 2.285812966332753327e+00 8.786991475866475554e+00
1.309801321415527593e-07 -2.167295053909020197e+01 1.443813315221325333e-01 5.552744631592747369e-04 2.372880210400612366e+00 9.686817056740679277e+00
1.307861462050275981e-07 -2.167193267019785452e+01 1.135408799742365105e+01 1.875740732398145927e-01 2.274418047464243919e+00 1.838618950641884453e+01
1.319727777250770360e-07 -2.166040051578507430e+01 6.699639409750670893e+01 8.077089756281757849e-01 2.505601126288329539e+00 1.073290603605504501e+01
1.351207769979215874e-07 -2.163432716483609042e+01 3.264390291634985258e-02 6.452547411004799956e-03 2.397358549691938734e+00 5.687622924294704951e+00
1.361683316807764354e-07 -2.162410433442477853e+01 3.611178968963722014e+01 9.784449299985581699e-04 2.710204112099288132e+00 5.824309345238310343e+00
1.367666080925638702e-07 -2.161722030524545346e+01 4.119380762607627866e-01 8.567968759605243314e-04 2.286637471530876820e+00 8.071154158489267871e+00
1.485992649568019561e-07 -2.153174300193124324e+01 4.498769313463394148e+00 3.906019194907615487e-04 2.172598394483171713e+00 1.027352179818191935e+01
1.509189091878136647e-07 -2.151375352042881772e+01 7.032617100495075491e+00 2.312722773251036951e-04 2.280764099747050189e+00 7.008339983297905640e+00
1.514926629495849833e-07 -2.150745899334676281e+01 6.955451163781067869e-02 2.816988614274621924e-02 3.300093472620257984e+00 1.225923331821367768e+01
1.534637543619204607e-07 -2.149203177653847874e+01 1.838849066915111763e+01 1.154540969433798074e-02 2.268144432576565173e+00 8.257667169658335027e+00
1.618111581694388656e-07 -2.143656622277289969e+01 5.446722094548229753e-01 2.320886340303220802e-02 2.749985253273209196e+00 1.714724394727840462e+01
1.629325171952880671e-07 -2.142716007760159513e+01 7.027023536570997919e+01 7.100217718144694566e-04 2.668528212556349644e+00 4.824090534558621357e+00
1.625471562856304846e-07 -2.142702803554872659e+01 3.093331524331544102e+01 2.962741710417941886e-04 2.310678006749112168e+00 9.041985431987527022e+00
1.628984990250174796e-07 -2.142236888627051172e+01 9.069037904256907723e+01 2.825704933870765712e-01 2.457770918659242909e+00 5.244537391900462531e+00
1.689512026808971823e-07 -2.138338625605171117e+01 1.973084789174897880e-01 3.013738586984179325e-03 2.522990074463759225e+00 8.900286929449098494e+00
1.843908288391427142e-07 -2.129343861300775487e+01 1.504081729450519411e+01 4.720291037534721929e-02 2.570020143066619411e+00 4.971898025777822028e+00
1.858360696441572896e-07 -2.128313124864746086e+01 3.599980488373250864e+01 1.175697170408600972e-02 2.691763206654792295e+00 5.015234617092318992e+00
1.874874700865286516e-07 -2.127178417077545447e+01 3.781490460484002725e+00 2.273930571421988941e-02 2.409814950867709360e+00 7.348718744109381973e+00
1.931921740765797951e-07 -2.123931077363977948e+01 8.603033272259931863e+00 1.065185959798983437e-02 2.531181994296782811e+00 9.168818852243800777e+00
1.987036207662226706e-07 -2.120868181608011582e+01 6.718144458708467937e-02 2.240906985952803229e-02 3.120373035256025496e+00 1.480585953261327958e+01
1.986348660060469105e-07 -2.120652789260253002e+01 3.432868220497326650e+00 9.819252943903751703e-04 2.408719749053021442e+00 7.775623305107001393e+00
2.027072468180472504e-07 -2.118373338348316537e+01 9.706360673729177435e+00 1.373118412570341167e-02 2.535457306444357961e+00 8.824879417742458543e+00
2.025416934750056340e-07 -2.118205042869064414e+01 5.797128084562064743e+00 9.265179952265284328e-04 2.238623239103366913e+00 1.135690150576297164e+01
2.038609188685923927e-07 -2.117305819666657385e+01 2.729689452530499949e+01 1.202674209930150277e-02 2.382948707616947104e+00 5.808309223840505631e+00
2.097451887672296556e-07 -2.114210278060284409e+01 1.649024130199113480e-01 6.096295025042339569e-04 2.367011366870266365e+00 5.969697118795172841e+00
2.112438340263322581e-07 -2.113248310997749613e+01 2.800060458495539084e-01 6.988881238350272418e-03 2.302559551570984020e+00 8.658673228010499656e+00
2.124886576815186769e-07 -2.112410757642421189e+01 7.175333096149213929e+01 5.444700581376501480e-01 2.628871623148917536e+00 5.622012565362626724e+00
2.131450746805144466e-07 -2.111852315209644715e+01 1.026173028691753197e+00 1.991575477132973687e-04 2.452642529077360578e+00 5.987920757615424527e+00
2.204557448763542864e-07 -2.108229921651311045e+01 4.538796205063433398e-01 2.781395653762390452e-04 2.757328686558587538e+00 5.326122937811184066e+00
2.232300325683289632e-07 -2.106729341177465997e+01 5.707462243439805766e-02 1.623578200975197509e-04 2.337772166412802388e+00 9.313819803912815942e+00
2.228099370863742040e-07 -2.106667707976295745e+01 4.383061277190505933e+01 1.896213855355244641e-04 2.303585344451386518e+00 7.145429884359191242e+00
2.235346875274820907e-07 -2.106092958427140616e+01 4.666874066035165969e-01 7.443385866464370367e-04 2.765288846265609557e+00 5.079571137820511062e+00
2.291150042323092795e-07 -2.103377210836688249e+01 4.611629377416298325e+01 7.679708748608276431e-03 2.428251457537692115e+00 5.465766057864366978e+00
2.306087477051438701e-07 -2.102477364609135790e+01 1.258779920194280599e+01 1.695905455446466426e-01 2.246938984000996342e+00 1.932550319212857204e+01
2.414849580102773167e-07 -2.097618900226670746e+01 6.422434733051624711e+00 3.212409282773867961e-03 2.675265449496953440e+00 5.339271120189668096e+00
2.425390053548409915e-07 -2.096933364348060991e+01 1.124536878561103181e+00 3.493503077370403395e-04 2.665560192236098302e+00 5.994197966709198688e+00
2.449175333374349470e-07 -2.095707463248778879e+01 4.746583979909840423e+01 5.491430933045099352e-04 2.299076218150943429e+00 8.404183808438405734e+00
2.450069173597482680e-07 -2.095420974348019882e+01 3.651992540354682859e+01 8.226896899955488118e-02 2.319533627509906992e+00 9.446127812265160628e+00
2.546402614764950522e-07 -2.091314437792677339e+01 6.284047159666140203e+01 2.854915669126266084e-03 2.649762612294453312e+00 7.046804570351068442e+00
2.719789652981407034e-07 -2.084477145790487640e+01 7.313556053107125865e-02 2.356465411528705506e-03 2.495521714612514153e+00 5.132165719923953873e+00
2.769819673704655538e-07 -2.082404378342512530e+01 3.109549675417105571e-02 3.321665957433786887e-03 2.514658665643746183e+00 5.062422627080235493e+00
2.844172554377744703e-07 -2.079505381853062573e+01 3.786404306302387779e-02 4.141094023920593591e-04 2.312621305931370497e+00 6.979390059650323330e+00
2.943273018795252559e-07 -2.075830376793742715e+01 2.517510703687489970e-01 1.922979967583584096e-02 2.466399877145037944e+00 1.058668651933764338e+01
2.954074751464930995e-07 -2.075214051280311622e+01 5.633252792863637781e-01 1.538643933569056607e-03 2.579295025114029194e+00 9.431468697667536816e+00
3.038550008044957898e-07 -2.072144557116626018e+01 1.397382761313939181e-01 2.705715165023831869e-03 2.693573191503810804e+00 6.061550699623145633e+00
3.117947147661396218e-07 -2.069315118198572279e+01 9.149544974165578770e-01 1.236134211625274440e-02 2.667462253092441671e+00 1.126018282781046587e+01
3.114583797030008250e-07 -2.069173047095764062e+01 2.482363589728843467e-01 1.371612954616775390e-02 2.490517870640752029e+00 1.119214890342088253e+01
3.374375753801647192e-07 -2.060911565637928433e+01 3.101987379929451241e-02 3.761590695918492523e-04 2.476319118556876475e+00 5.246279250586336929e+00
3.547691897525766134e-07 -2.055652877943539281e+01 5.162667667291682250e+01 6.544780584944831503e-01 2.005620196041113967e+00 1.134622515465519399e+01
3.568853706196922172e-07 -2.054808154822993416e+01 9.243144212651395464e-02 1.561559553405260543e-03 2.540126072947873404e+00 5.010275220597193879e+00
3.634894395138746241e-07 -2.052724594342765485e+01 3.881985864010610854e+00 2.760523154847692451e-02 2.468542171303973465e+00 9.539592007784216676e+00
3.659178933554083712e-07 -2.051808721460779950e+01 6.101145665809417196e+00 8.471409221469163031e-02 2.272370174524348752e+00 1.444978838807218580e+01
3.775569800117277047e-07 -2.048427469002063717e+01 2.231442913375884629e+01 4.227020344097964268e-03 2.295511810722798529e+00 8.635343744066606320e+00
3.767700104170901287e-07 -2.048386123840122153e+01 4.262553646363334892e+00 3.114996615977212030e-02 2.080775648109071785e+00 1.574193741676432268e+01
3.803106662411777849e-07 -2.047200772629343390e+01 1.282822829650061003e+01 6.997768936430699693e-02 2.272916774503509263e+00 1.035935597884342307e+01
3.827946305670498747e-07 -2.046299755499919470e+01 3.945880515113416864e-01 2.434974763257266583e-02 2.589765911109266128e+00 1.640208358182123050e+01
4.007715933136049652e-07 -2.041460451545492205e+01 3.895902813686770116e+01 3.340319235361153827e-01 2.173142920985587256e+00 1.319016273177503962e+01
4.030327941502339461e-07 -2.040647825404924731e+01 3.313518615820690294e-01 2.563737029530101935e-02 2.893812852854437345e+00 1.933542255191276027e+01
4.035540471065322868e-07 -2.040268576326660366e+01 6.751122225093598994e-02 3.232179894447297541e-04 2.402264744871787983e+00 9.442733469911356536e+00
4.126007812601764429e-07 -2.037801569360738085e+01 1.793292771064210456e+01 6.270929395598430489e-03 2.286568411317868588e+00 8.177832204237370561e+00
4.268984084318238947e-07 -2.034145012218985826e+01 8.446139719602892282e-02 1.763162823505626253e-02 2.513178573703324759e+00 9.099053997662194249e+00
4.674591862171334982e-07 -2.024818414503943131e+01 4.268920911882502622e+01 7.593380952898761034e-03 2.575311726185462113e+00 8.084527052869052710e+00
4.756414283594753116e-07 -2.022833191915650630e+01 2.067620111423552620e-01 1.696383077354171251e-02 2.796743708949211538e+00 1.046970040081814091e+01
4.907083652123115376e-07 -2.019464619728894306e+01 2.358244002592687905e-01 6.037110488021220703e-03 2.475714591704162082e+00 5.327992849722158475e+00
5.006776632139324647e-07 -2.017203368052355117e+01 7.236532331068494528e-02 1.102312414148355103e-02 2.542962388467777224e+00 1.026703339612105026e+01
5.070092654179727678e-07 -2.015696690933743795e+01 5.204245003124118796e+01 2.650298252870781105e-04 2.411781054941063651e+00 9.384179320520919632e+00
5.076124127527702952e-07 -2.015327799839886680e+01 1.207274939452604734e+01 9.034997422398551373e-03 2.549164694066899273e+00 5.094109395057379253e+00
5.111708578474987385e-07 -2.014379229365000157e+01 4.290050324540481519e+00 7.529090538468541892e-03 2.243781510355090436e+00 1.325330995417299107e+01
5.123909287431197682e-07 -2.013890832134966047e+01 8.854136449978446421e+01 1.111510969527271199e-03 2.638743831446996424e+00 7.098884962488909878e+00
5.119899895333631279e-07 -2.013719111459205280e+01 1.001731513162445603e-01 3.036246152850151088e-04 2.472239509961370985e+00 9.131193721965477295e+00
5.180493223625788445e-07 -2.012292573310495669e+01 8.465507557219167922e-02 1.735738649269908188e-02 2.875230121814708717e+00 1.141477658149952212e+01
5.183890491750819911e-07 -2.011977016720929257e+01 8.789116881327014852e-01 1.526276890619787685e-04 2.855722268546461606e+00 4.931265330436547245e+00
5.266933794152117276e-07 -2.010137763127247723e+01 3.234049715221714583e-01 1.192787802734972952e-02 2.531329370599642026e+00 1.003978993473433867e+01
5.293170838558386862e-07 -2.009390853308534020e+01 4.438933109958512091e+00 1.195260796017021902e-03 2.614320245701007739e+00 5.556278769762064584e+00
5.422248111436491405e-07 -2.006731549159802697e+01 3.418142825419915876e-01 2.862848652988889825e-03 2.648951394295922412e+00 7.207436127335716591e+00
5.596676615987786220e-07 -2.003315304161726829e+01 3.892476293593502557e-02 8.053510360655850506e-03 2.553134360399704317e+00 9.059770671179451895e+00
5.585856755106306976e-07 -2.003258817811968484e+01 8.648533821898558849e-02 1.638499353242496093e-03 2.692583927872810090e+00 5.721386327127030214e+00
5.582029636076618173e-07 -2.003077355743775101e+01 4.578441224054870418e+01 5.109601147502178947e-03 2.319912906507059613e+00 8.594810535314621802e+00
5.585077961084483168e-07 -2.002772761032350246e+01 1.106549924499738102e+00 3.878863416366000244e-04 2.666193498142233498e+00 9.097240782933885939e+00
5.687351324573322715e-07 -2.000708135855864711e+01 1.006325300784766785e+00 3.941004163524436084e-04 2.451881617837323279e+00 1.105211792581733121e+01
5.884535513173790322e-07 -1.997049819140555726e+01 6.369117407889544058e-01 1.243678356233688233e-04 2.658053705205021711e+00 4.610070750881898327e+00
5.886778571175758060e-07 -1.996761708560665483e+01 6.924752660223811418e+00 5.037959659874376335e-03 2.140963088657518831e+00 9.037726531438602606e+00
5.961552621745172995e-07 -1.995249504760425907e+01 2.669488582247565578e-01 1.190711398023304793e-02 2.495692480797730539e+00 1.024797703412911787e+01
6.215111827645588424e-07 -1.990834228377375226e+01 3.163487347920951320e-02 4.167359116107896555e-03 2.338154898124289893e+00 6.709673310885439612e+00
6.298665101266564733e-07 -1.989248827950162024e+01 6.240810921870198769e+01 9.907889858795111693e-02 2.679063028769287147e+00 6.189093162329503350e+00
6.468269626390581619e-07 -1.986341737470609559e+01 1.174351051355062847e-01 1.815285032982730598e-02 3.032450643287988967e+00 8.185985022141636591e+00
6.468298472896153381e-07 -1.986091291502167877e+01 4.211849592950477755e-02 2.214887568534085888e-02 3.161277770980682078e+00 7.968614022996938218e+00
6.746688057063421496e-07 -1.981627427550019860e+01 6.751326487292136358e-02 4.505399843385829266e-03 2.690289560478417830e+00 5.937881380368551731e+00
6.794678462417970465e-07 -1.980668627500864432e+01 2.357248637069286090e+01 1.665061482061654281e-03 2.626244513947731285e+00 7.216258345418838260e+00
6.799665679704663016e-07 -1.980345255553556072e+01 7.597026771715610138e+00 4.864054495184024461e-03 2.458918948594093656e+00 5.231520884380247871e+00
6.962033155903137335e-07 -1.977735444997109937e+01 7.602760858142593170e-02 6.743875726407738084e-04 2.538563454503651062e+00 5.108776904135789110e+00
7.090987069952084256e-07 -1.975650145088440368e+01 9.697408733387574387e+01 1.582599986113667249e-04 2.405449003997389923e+00 5.835282850338745497e+00
7.140994613047471273e-07 -1.974697393356248298e+01 3.889395406636339914e+01 5.813907988473445559e-03 2.493161715599418571e+00 5.288925747132149802e+00
7.154954634538507625e-07 -1.974252092915732248e+01 4.357467570932322537e-02 1.881766658256432592e-04 2.470528924668785820e+00 5.389018705101138451e+00
7.404462334150620623e-07 -1.970574316516346869e+01 7.941393116038767630e+00 5.013522262751464453e-02 2.535678384316223610e+00 5.675331911624666326e+00
7.392703010654106453e-07 -1.970483256768726932e+01 6.801210614812765343e+00 1.277287258767053138e-02 2.171810230604411807e+00 7.886765504695425477e+00
7.718304642901044822e-07 -1.965923126768172580e+01 7.526732264826818675e-02 1.767327349213737749e-03 2.442610475280540872e+00 5.566295919451002661e+00
7.740100806728585742e-07 -1.965391129011772264e+01 1.062235004550866257e+01 5.067492459890016523e-03 2.293787078751782005e+00 7.812822230482730390e+00
7.779613169020864578e-07 -1.964631938601106853e+01 1.180839034127493115e+01 1.902403548610862841e-04 2.617374552398676890e+00 5.014459752301452689e+00
7.764481748163464669e-07 -1.964576628941297898e+01 5.497400700657323336e-01 3.621268821150802706e-03 2.713233012733811123e+00 7.615795585086213570e+00
7.777278944916822445e-07 -1.964161947475687597e+01 2.394979687613583708e-01 9.908636495716292847e-03 2.331167329053697834e+00 7.713560815049635089e+00
7.855923507764108707e-07 -1.962905816754665977e+01 9.210833245022233273e-02 9.210647162051693870e-03 2.361796721497556817e+00 6.780538987800914796e+00
7.966520845016622172e-07 -1.961257813563065611e+01 4.936645865655312271e+00 1.712135644024496105e-04 2.643080235966350333e+00 7.037325021828647387e+00
8.249987401484888174e-07 -1.957511432850699862e+01 4.171608208145570984e+00 1.295435566428270770e-02 2.599280222713640676e+00 7.703421074667310187e+00
8.335842024707198462e-07 -1.956226146789907006e+01 7.001939986664074134e-01 7.081792780492461407e-04 2.329610927666933673e+00 9.309846631302930220e+00
8.379037850276339446e-07 -1.955459290886026480e+01 9.760637684627636190e+01 3.829217283975298782e-03 2.420738379974455512e+00 9.240948635107796960e+00
8.789762161297959256e-07 -1.950423834830148451e+01 1.017006845660225522e+01 4.606921828271061392e-02 2.386707358819518454e+00 6.062724651186261582e+00
8.994485814042059869e-07 -1.947871429952170530e+01 9.314579341762211584e+01 1.990072366379924457e-04 2.684024391053461134e+00 5.751165431576915843e+00
9.084733470904021849e-07 -1.946623063761168027e+01 4.693739920549109712e+00 7.199918079310425011e-03 2.211829524717938256e+00 7.644750937791635614e+00
9.098017774159439409e-07 -1.946226943898007633e+01 4.626037425104709833e+00 1.860583093319886222e-02 2.306939011944034945e+00 6.854814518233318665e+00
9.176466106824354928e-07 -1.945118382692536585e+01 9.322831179219191355e+00 4.941786282192209973e-02 2.555164701187104370e+00 5.835968010343794532e+00
9.215453667410546352e-07 -1.944444418044325928e+01 3.479365380445197942e-01 1.296559173852097403e-04 2.322547297438442016e+00 7.369364238952385904e+00
9.600091899645885219e-07 -1.940105333045193348e+01 5.727641961181003438e+01 1.782252233953462734e-03 2.658657098579582101e+00 5.160204759876643621e+00
9.593209420901624412e-07 -1.939927050556676136e+01 2.749767537532714456e+01 6.822417194680837314e-04 2.570456676615304303e+00 8.005921007007216872e+00
9.620913952073368166e-07 -1.939388673618176639e+01 1.915031685882546408e-01 3.084657922619825354e-03 2.680948104381497998e+00 5.914267097428647091e+00
9.818085311805243137e-07 -1.937109987683531287e+01 2.397901789051673505e-01 8.270159805669878919e-03 2.336558539276662128e+00 8.720743951738612054e+00
9.935553864126198738e-07 -1.935670637853012011e+01 3.135678005013056335e+01 3.375466912110051121e-01 2.044189463016929942e+00 1.647419887087534818e+01
9.931812941085813512e-07 -1.935458296825348867e+01 1.620090730747292085e+01 4.146524910553785886e-02 2.299819143384139064e+00 7.563643791804481431e+00
9.948724963157562695e-07 -1.935038160320665312e+01 9.637238545183587357e-01 5.034506426252166600e-03 2.452916140498433872e+00 1.049347083293968552e+01
9.995740282518920840e-07 -1.934316697126548235e+01 1.003252638498666416e+00 1.208573300198980587e-03 2.861651135923215961e+00 6.002929726624421036e+00
1.053370831103884897e-06 -1.928824557131930462e+01 1.421965671366857364e+01 1.985767314900972746e-03 2.476475008035160741e+00 8.988426310780848638e+00
1.062868667089278725e-06 -1.927676936634320626e+01 3.816855634567414141e-02 1.538800309689004149e-04 2.322097258335237946e+00 7.942216224948440484e+00
1.065095310754475866e-06 -1.927217661994239606e+01 5.052819760101657209e+01 8.252460179541742935e-01 2.301851875596597541e+00 1.934573133497875475e+01
1.097554779712773622e-06 -1.923965613086614468e+01 5.253904561262731088e-01 3.870047421554709591e-04 2.733603452969007197e+00 7.023944483043015552e+00
1.125578117211689624e-06 -1.921194412313543154e+01 8.549437435912513039e-02 1.973410169366615011e-03 2.326397963008218994e+00 8.216543434943099911e+00
1.128937100154257417e-06 -1.920646433803387509e+01 8.939847937549166090e+01 9.941090155551240981e-02 2.329487668392703270e+00 8.329049215500671011e+00
1.143886240251801958e-06 -1.919080946109188446e+01 1.102213724141035828e-01 1.292534336232566226e-04 2.397467002885871334e+00 6.016263812273089151e+00
1.155639699897653870e-06 -1.917808686538645446e+01 9.706942881128980405e-01 9.171365796219396738e-04 2.410931982000255935e+00 7.132131353590271061e+00
1.161871428610893455e-06 -1.917020890309205328e+01 8.503743617481138983e+01 1.529214760206958588e-02 2.398100077587815626e+00 9.143636431522162766e+00
1.169292873228227154e-06 -1.916134172452452944e+01 9.166241965274632264e+01 2.094092771820348781e-02 2.458592581400782073e+00 9.026365209410178281e+00
1.221822841996190844e-06 -1.911489703234249404e+01 3.414509516504541153e+01 1.046202116453878424e-03 2.517425145773383832e+00 8.571565101842242740e+00
1.259080923492624074e-06 -1.908235887976219303e+01 9.149821930714812979e+00 2.101444773222879443e-03 2.584007614029087740e+00 7.855298096555191734e+00
1.266424133909495107e-06 -1.907404362226409589e+01 2.611210851255744703e-01 1.277186567154741390e-03 2.449592503948425648e+00 9.053400695335277248e+00
1.295965376201174493e-06 -1.904848502708658842e+01 9.330920858038588506e+00 1.502406839007315359e-04 2.382523808751298322e+00 9.131138478476318099e+00
1.299515074293683744e-06 -1.904324973366141904e+01 2.257881139377553481e+01 1.542555552190230531e-03 2.574043612098730449e+00 7.872935321477410042e+00
1.304176223205829198e-06 -1.903716931389656608e+01 3.204236857896906798e+01 2.801574275356812915e-01 2.488901358085799487e+00 9.992670964185579763e+00
1.302145797713803979e-06 -1.903622739143762388e+01 2.966080119706875906e-01 8.444532941975491785e-03 2.485283618881872769e+00 9.228276694959314241e+00
1.299846375435754633e-06 -1.903549482402282322e+01 1.598127850323751153e-01 1.707320876343487812e-03 2.429521763013943847e+00 5.759094060928384273e+00
1.319969265326036389e-06 -1.901763245628234600e+01 2.969101301920681735e+01 2.648965663753039337e-02 2.321124223539594134e+00 7.287165759969263412e+00
1.327588116095611478e-06 -1.900937705936141597e+01 7.906539736058832091e+01 3.449680098460173607e-04 2.453008410571936526e+00 9.024495721076805310e+00
1.347997696034095360e-06 -1.899162060545050323e+01 2.464281921145797938e+01 4.025715457888957155e-02 2.416553089399596121e+00 5.911074738217852342e+00
1.368872396102925261e-06 -1.897375357637050186e+01 6.216398202941033624e-01 1.386582652142666447e-04 2.715565127813288626e+00 4.627096327398289688e+00
1.392274919652483418e-06 -1.895430186660357208e+01 9.449761512107198058e+00 5.457170017123779727e-03 2.590418346109665926e+00 5.391111958921414704e+00
1.406533717096709159e-06 -1.894161258776484047e+01 1.454252201571357705e-01 5.438711306022779319e-04 2.428113277006593851e+00 9.092280157694109022e+00
1.444628807806925407e-06 -1.891238850061110099e+01 8.589228738510608707e+01 2.622769343243477880e-01 2.346056308346449182e+00 8.942611662878444889e+00
1.480091322543407944e-06 -1.888563711847203308e+01 5.946403180429839924e-02 1.028148479898151162e-03 2.379629327479517720e+00 9.000807408511199981e+00
1.484402908001683575e-06 -1.888022829952143056e+01 1.779269128185003268e+01 1.148300922682152572e-03 2.671222397873911802e+00 5.847415048951916994e+00
1.515043063766179774e-06 -1.885729704528011652e+01 1.681698128686579707e+01 6.512231618005300850e-03 2.434411086096616827e+00 9.181455129862920117e+00
1.527384323500912595e-06 -1.884668422886527495e+01 7.983617549162624893e-01 2.169164677821854047e-04 2.864191460343679108e+00 4.837778102191445662e+00
1.533791657074748276e-06 -1.883999803181455590e+01 9.613195015072227534e+01 1.820152667759443509e-04 2.641880618627372890e+00 5.200924939032162797e+00
1.541080302879660937e-06 -1.883275724289657305e+01 7.992996305060083628e+00 1.784386323684028692e-04 2.606170071195506033e+00 7.445015874895928754e+00
1.548233612393691822e-06 -1.882562623258521128e+01 2.155890224148937406e+01 1.688369859396010308e-01 2.191259182621659196e+00 1.127871994752709028e+01
1.546985195034993841e-06 -1.882393290733363145e+01 3.378579862100290071e-02 2.237434875136325337e-03 2.605888005734337654e+00 5.135452011817248419e+00
1.548443666386901646e-06 -1.882049056846872759e+01 1.198354968989752933e+01 1.200231641527094439e-01 2.077774811843300373e+00 1.596015744526422253e+01
1.556736559971199309e-06 -1.881264922742179024e+01 8.104221918355193344e-01 1.428651614015838140e-03 2.896341182756093868e+00 5.717121950262102459e+00
1.556089507138235530e-06 -1.881056496079611406e+01 9.962402837811551448e-02 7.291138961022892301e-03 2.389561355564755463e+00 6.308563342306319655e+00
1.598012216781339235e-06 -1.878148041640613997e+01 7.213430689889354319e+00 6.365232830970206368e-02 2.191373680982102723e+00 1.606950259214516308e+01
1.598582436051924027e-06 -1.877862364969746167e+01 8.411388696552080102e-02 1.064398944634954497e-03 2.657756284460236262e+00 6.385618851679926600e+00
1.598649193638062795e-06 -1.877608189007921524e+01 1.772781649443239405e-01 1.046823990224143923e-04 2.429418615329806297e+00 9.052028923481428180e+00
1.608924781102923995e-06 -1.876717479069655425e+01 1.040334911616105451e+01 4.862209901681831259e-02 2.602170834426897450e+00 5.953600386449322990e+00
1.611612962531766187e-06 -1.876300539119427668e+01 1.419817241686864406e+01 1.165979793773107504e-03 2.664785985151140402e+00 6.089165647431217465e+00
1.612728805505288633e-06 -1.875981325425697932e+01 1.029113735292135168e+01 8.318351298314954206e-03 2.612174805484912099e+00 5.521212733674765616e+00
1.666918356240102254e-06 -1.872426428265701759e+01 7.059143719552527330e+01 1.810488082051157660e-04 2.464229952104946886e+00 5.573389923270504198e+00
1.686559199457085225e-06 -1.871005043190121597e+01 8.568430819238047613e-01 1.125949028004809250e-04 2.371526485147159580e+00 9.855240042121808486e+00
1.699704789339177100e-06 -1.869978632611285363e+01 8.375987091576809007e+01 2.207475703607645820e-02 2.625267949663723677e+00 7.043609249742750933e+00
1.702508141934063249e-06 -1.869563836739542140e+01 6.610052041560407488e-02 4.754990436624480015e-04 2.455546705152170883e+00 5.631485161694804731e+00
1.702937245756804814e-06 -1.869288635699668433e+01 2.418297342327988819e-01 2.473324541795595896e-02 3.086519796965067286e+00 1.369603918049410396e+01
1.706225517129855858e-06 -1.868845727785233990e+01 1.917569276222954500e+01 1.220600833536362155e-04 2.518657777665391784e+00 8.479714410798431246e+00
1.719477824581658408e-06 -1.867822025439266298e+01 2.426459375934432927e+01 1.098485480975469747e-01 2.642530646506518366e+00 5.663458768629462625e+00
1.717401105502605579e-06 -1.867692874580248485e+01 1.847875159076262008e+01 6.599683712848374018e-02 2.629398859341975481e+00 6.744387716656782494e+00
1.726461449059432839e-06 -1.866916700012188812e+01 9.554344079650386456e-01 1.770036368854308810e-04 2.664250872506398693e+00 9.547188556006652504e+00
1.784502503970848516e-06 -1.863360124164071152e+01 1.630332780596702169e-01 1.893193458898436983e-04 2.537675709180310157e+00 8.270022293752642639e+00
1.790933643870499191e-06 -1.862750383613864358e+01 5.895394484916116618e-01 2.349285781381502472e-02 3.263939813737838591e+00 8.756303593549805697e+00
1.802501024735099882e-06 -1.861856575008115300e+01 1.797568701018639459e+01 1.562902946779532994e-04 2.379379332933744262e+00 6.358685473496039187e+00
1.827202388041330586e-06 -1.860245486134663295e+01 6.056567051515523303e+01 5.960661675955038902e-02 2.372028015038409876e+00 6.491911315827653794e+00
1.845310021409844060e-06 -1.859009361210469180e+01 9.433407414258842039e+01 1.464987265416478406e-04 2.402020170525353659e+00 9.005889482789399381e+00
1.859651329319148789e-06 -1.857985189596815445e+01 3.661224516677170082e-01 2.260719111117677352e-04 2.648189108869497321e+00 5.072029227225404391e+00
1.862750903933308620e-06 -1.857568653304587514e+01 7.179926313417256267e+01 3.765543830860656094e-04 2.598111273490228523e+00 5.175876048824690656e+00
1.926819492799560458e-06 -1.853937019637298889e+01 9.213552429462363591e+01 1.284176116513469600e-03 2.335138317550404352e+00 7.887203856479440667e+00
1.991737776930515402e-06 -1.850373339635537917e+01 1.491849824337002639e-01 8.660253903739296641e-03 2.381482523623334124e+00 9.206666416607175663e+00
2.007781840618352951e-06 -1.849321035794884693e+01 2.943429217847650747e+01 9.002748042971506215e-02 2.510453322492085526e+00 8.415363436666659425e+00
2.014481834259233910e-06 -1.848737890065059020e+01 3.212554288614460063e+01 5.987468247017033174e-02 2.530706390034084929e+00 8.226537252785064425e+00
2.021993543647622178e-06 -1.848115698122506956e+01 8.420086989318152915e-01 7.039612127074219849e-03 2.811468717938740536e+00 4.763232617839681993e+00
2.045528281297210452e-06 -1.846708482436918075e+01 3.376668890924619526e-01 1.346370906481213388e-02 2.407982833398114142e+00 7.152614967530305456e+00
2.047367554054567467e-06 -1.846368606077726326e+01 1.261298660642910185e+01 1.678733535267760632e-03 2.654069196625792770e+00 5.559756947838937258e+00
2.129752246822342907e-06 -1.842173525185539518e+01 1.653058310491268301e+01 1.496299250939365881e-02 2.319890507663725288e+00 8.054794204641723354e+00
2.155623910575833615e-06 -1.840716070944348459e+01 3.920798384076928933e-02 1.668597719773351820e-02 2.529985317665111033e+00 9.090348847780530761e+00
2.208939723617099428e-06 -1.838022827142829030e+01 9.221880728499622037e+00 1.907869177279675665e-04 2.451001539061442358e+00 5.684417637265574363e+00
2.234587020400166412e-06 -1.836618447611817828e+01 4.972660789221917121e-01 2.350188513179175126e-02 3.011351328271392624e+00 1.307282516920982651e+01
2.234731416212213942e-06 -1.836361985963844035e+01 3.481551927417128600e-02 1.880017838411379922e-03 2.509939096528617686e+00 8.501960583962496543e+00
2.256387300569310534e-06 -1.835147591408016154e+01 2.145410256159346329e-01 2.242956653468681019e-03 2.640781297994128973e+00 6.656448234384426677e+00
2.294199292489909420e-06 -1.833235701829142528e+01 5.820987015691842653e-02 1.297642940092682412e-02 2.690764524137511771e+00 9.783333515378476619e+00
2.329225554796247206e-06 -1.831470507635425449e+01 8.836877393262435598e-01 7.997516872761528933e-04 2.838402108568860882e+00 6.947949379414354532e+00
2.324695951099208927e-06 -1.831415165199872419e+01 3.876762119191955680e+00 1.461374134596426025e-02 2.374566126173212499e+00 1.139864847310363416e+01
2.375016988020411298e-06 -1.829023631845392117e+01 2.206669934407808142e+01 1.391512336307058288e-03 2.622058403718786845e+00 6.961924657359639390e+00
2.385947199812492748e-06 -1.828314471449969503e+01 4.554004833059832436e+01 2.099704900452037404e-04 2.380078007782040928e+00 6.441156866380176815e+00
2.385888816555837822e-06 -1.828066918443389000e+01 9.990035665283579502e-02 2.958527786170767233e-04 2.648225239835880096e+00 5.384142414787500996e+00
2.441856325843640725e-06 -1.825498236943381869e+01 4.569484378727527440e-01 2.661000837645992236e-04 2.371883739359036181e+00 6.585446090945097808e+00
2.466087789400352719e-06 -1.824260790473811156e+01 4.990233796354398343e+00 4.581157868106985193e-02 2.022132778029034572e+00 1.421370999085523223e+01
2.494765416162469535e-06 -1.822854620556063310e+01 2.818509346567363849e-01 1.079513141715571884e-04 2.649433958504188613e+00 6.406848534677664020e+00
2.572262117473930216e-06 -1.819545519565683733e+01 1.124589179919288995e+01 8.224392293940176527e-03 2.643082675684123473e+00 5.904801232507133513e+00
2.626685387855715690e-06 -1.817201816623312993e+01 1.313991314626754836e-01 4.279380928676335648e-03 2.397221592690660597e+00 8.899799139400919046e+00
2.646153302974323340e-06 -1.816213390711918052e+01 1.542591439653116514e-01 9.589669195903063187e-03 2.362419350762468895e+00 7.353859955430320561e+00
2.689538418094595435e-06 -1.814337132166184574e+01 1.462345054397008459e-01 4.102281530065087466e-03 2.386056078480525144e+00 6.404796178871649204e+00
2.696348522275121767e-06 -1.813834245022980696e+01 4.117164310837876684e+01 2.496832008841098579e-04 2.640822523328594684e+00 5.367650775338918656e+00
2.694349443376533753e-06 -1.813658412746825022e+01 5.230981481391013155e+00 1.313837015745295629e-04 2.338498569569281038e+00 8.786853425235026549e+00
2.710116133042463111e-06 -1.812824942127101480e+01 1.865985584227561134e+01 2.236586867061910757e-04 2.348165045310792731e+00 8.224137574948105822e+00
2.754889196896717639e-06 -1.810936368588182788e+01 6.077926645477187417e-01 8.361940576706980346e-04 2.414613903194800404e+00 6.037476474615425914e+00
2.771834338436452068e-06 -1.810073159169264656e+01 4.882014504608875427e+00 1.129117468726663701e-02 2.559743984060855126e+00 8.482904636666043885e+00
2.783731850268744331e-06 -1.809394848908295472e+01 1.335533121221467445e-01 2.369817263931540009e-04 2.544616868335600302e+00 8.087717031515072819e+00
2.803737612840882222e-06 -1.808428751999146655e+01 4.515091634689782296e+01 3.514288009791422529e-01 2.228536974781972990e+00 7.865627018655232838e+00
2.848373006009723760e-06 -1.806599295258061488e+01 7.226595763038074161e+00 4.832898388743588937e-03 2.273839194451265477e+00 6.654977993292703786e+00
2.907151232772153122e-06 -1.804306726488465529e+01 3.619443143594865409e-01 1.577416873230119340e-04 2.445509597047922146e+00 5.788958077911907196e+00
2.927962625048907273e-06 -1.803343407741713733e+01 3.278227431310093420e-02 4.734422761119151495e-04 2.464100328700408848e+00 8.761981014493883890e+00
2.970010905830426871e-06 -1.801667528396099982e+01 9.343849389229896829e-02 2.131452127678594953e-03 2.551364771751112315e+00 7.995860065646103187e+00
2.990530150299734778e-06 -1.800729022928766554e+01 3.279475339554428359e+01 3.597646742143918441e-01 2.123838850412269608e+00 1.683755602943014651e+01
2.997588212171424132e-06 -1.800243287269816506e+01 5.025595298135390721e+01 1.357308026713837951e-03 2.630124421172808091e+00 5.343007906920884231e+00
3.027341114815623767e-06 -1.799005619435314074e+01 9.690703861368402272e+01 6.788249672563873190e-03 2.581333898732518506e+00 5.280034969634345821e+00
3.031867901092186896e-06 -1.798606201017600625e+01 6.447405052528923930e-01 2.039413226967543361e-02 2.621960269648992536e+00 1.441293686300252475e+01
3.036778134712069225e-06 -1.798194377946607858e+01 6.503233871323579884e-02 1.363334035209208984e-04 2.412958932019091396e+00 8.859557483995430971e+00
3.057236262580017422e-06 -1.797272958307951285e+01 2.199459611282637894e+01 3.115187680637305223e-01 2.337117537445111637e+00 1.571319233490422107e+01
3.051266638078979270e-06 -1.797218411318240072e+01 4.021387083935928786e+01 1.375473735784404905e-01 2.512750508191728738e+00 5.522854312268310473e+00
3.058931090050229020e-06 -1.796717537080379046e+01 1.982975170475030358e-01 1.306369741979252061e-03 2.371083507225418607e+00 8.602652197502932196e+00
3.072531896587760285e-06 -1.796023896504731354e+01 3.370549570374778980e-01 7.327990409532389709e-04 2.403921026110731329e+00 8.915522540051560085e+00
3.105978473303205756e-06 -1.794691211474468417e+01 3.474391779078594755e+00 1.808449012047908791e-04 2.610494338678884585e+00 6.593949393303380369e+00
3.153859670665625615e-06 -1.792911391371124807e+01 7.320423306275306574e-01 3.254083094331420428e-02 3.024527198351522728e+00 1.629190839372404298e+01
3.198434706959548203e-06 -1.791257937270998823e+01 1.328770180828617242e+01 2.100662020637749424e-03 2.385869910528570781e+00 6.381114623453398416e+00
3.257449821228947210e-06 -1.789179628294142432e+01 1.926069884642566676e-01 2.902148080802119672e-04 2.372412251714836717e+00 8.587402052841216715e+00
3.284931602165781032e-06 -1.788089507830434854e+01 1.591008542516699764e-01 7.926544528538773940e-04 2.611451974342980265e+00 7.095877647467583316e+00
3.280244205779727819e-06 -1.787982303615945412e+01 8.586590361644929059e-01 2.103104832033833495e-03 2.506708522834450559e+00 1.085154016286904621e+01
3.272925845056279921e-06 -1.787955657007024257e+01 6.492673563587723606e+01 2.136923456410932953e-02 2.377986334501265286e+00 8.612108221701166855e+00
3.283546796313944201e-06 -1.787381673025731033e+01 1.217414631186066210e+01 3.196124605702184863e-03 2.426158742596118856e+00 8.948893110105117898e+00
3.315112516606709701e-06 -1.786174934404267489e+01 6.990382065408402568e+00 2.943501318615228748e-02 2.174399589603044358e+00 1.212542024567619592e+01
3.336811547876344555e-06 -1.785272518410732445e+01 1.701895202346019431e+01 2.063151099466134855e-02 2.645295291282673489e+00 6.054576581589198092e+00
3.346841804551592835e-06 -1.784722375250211712e+01 4.654196963679649457e+01 3.550206081103737810e-01 2.347440069805771135e+00 1.121006266983462751e+01
3.345851105184347402e-06 -1.784501980653831410e+01 3.723604977773979641e-02 3.190636580213948776e-04 2.384918692605062951e+00 6.495539830995852526e+00
3.371675080781102093e-06 -1.783483123128149117e+01 2.914250188334220226e+01 1.036105721618709591e-01 2.362731983201704633e+00 8.761068733842090950e+00
3.473721255609051847e-06 -1.780251448146901083e+01 1.485432418596773729e+01 2.721318989822742174e-02 2.545477698348264095e+00 8.006170839607055001e+00
3.485850583955712297e-06 -1.779652882433175520e+01 3.749612911959734163e+01 1.719851465315581918e-01 2.631056187251449074e+00 6.394514511623111019e+00
3.502861559822666726e-06 -1.778916068579295029e+01 1.008320027647559014e+00 3.087469488981693481e-03 2.826388894388194295e+00 6.495087281847300886e+00
3.572543778922901563e-06 -1.776696302359675883e+01 9.925277400568296216e+00 8.947795308525027802e-02 2.393081617191308741e+00 1.113773755274062793e+01
3.624645021059536820e-06 -1.774998455047894907e+01 5.419492729397205011e+01 1.198923987523412872e-02 2.352079624141990344e+00 7.641034642578893532e+00
3.706309716961840721e-06 -1.772520421262920109e+01 7.359039291122934645e-02 1.288123001260638688e-03 2.600760492662169465e+00 5.329004357372208567e+00
3.699064186048334852e-06 -1.772466104379544305e+01 3.508771225588062759e+00 5.390478848677379654e-04 2.462347861484333045e+00 6.980380160674040546e+00
3.712805537434330459e-06 -1.771845310837764842e+01 7.401808139297783029e-02 5.467232148614398820e-04 2.361389370680404998e+00 8.307819237708322646e+00
3.707669464793172102e-06 -1.771733740613750641e+01 3.810416141491862163e+01 2.394922222267358014e-02 2.623340806516534673e+00 5.423104752620006686e+00
3.727265051472699697e-06 -1.770956617422281099e+01 1.312862781589629602e-01 5.347787683419935123e-04 2.639658230882425904e+00 6.465133568598417924e+00
3.742863252996967398e-06 -1.770289001457513223e+01 1.406454205112708777e+01 1.579511784425835785e-01 2.425962387452529789e+00 8.653414931539241906e+00
3.754914035472726147e-06 -1.769717551716107806e+01 4.206902006206754407e+01 1.084832284455163265e-04 2.585517803513112334e+00 5.329727657505516802e+00
3.895713820904777276e-06 -1.765786398027650961e+01 7.064165380663273375e+00 7.610920737302157013e-02 2.442258930839178888e+00 9.985037855844513643e+00
3.890696163246799596e-06 -1.765665280487288769e+01 7.034353644771313441e+01 2.807002469626470481e-04 2.607951994225612857e+00 7.101424377237308683e+00
3.947287911724984999e-06 -1.763971217030010763e+01 8.145136767651369780e+01 2.922360300878510397e-01 2.480646474388367828e+00 8.712670700118341216e+00
3.945787152147619594e-06 -1.763759244277523663e+01 4.716825805606541383e-02 2.282321697509653163e-02 3.239494818198208836e+00 1.171784119929513324e+01
3.945337430966893811e-06 -1.763520642429370611e+01 4.150220728288601890e+01 8.295195012183531960e-04 2.353475670172950007e+00 7.424248171230277471e+00
3.987222130385453502e-06 -1.762214612825259863e+01 3.493781729365908717e+01 2.267626020539388054e-01 2.422406340306093586e+00 6.200771310753268928e+00
4.038907347839475783e-06 -1.760676671182864439e+01 1.726536371475140541e+01 7.162236882127491489e-02 2.623862918251372633e+00 6.362835220766781319e+00
4.126956409608434984e-06 -1.758270072029754516e+01 7.091871987500650842e-01 1.791491247115074370e-03 2.358703336873698930e+00 9.211008273995073381e+00
4.118540827726337967e-06 -1.758224197616410578e+01 7.138913309692387354e-01 1.996714198682542931e-04 2.419185032068162933e+00 6.130039690116727336e+00
4.644359610290317763e-06 -1.745958741246494128e+01 7.859202748316856946e-01 1.219890351469920912e-02 2.420925758167823183e+00 1.028731510123104975e+01
4.666224771016323667e-06 -1.745239056422713375e+01 2.912854182030445216e+01 2.599157416360882433e-02 2.402555372371228515e+00 8.790200449176321484e+00
4.786966808009669680e-06 -1.742434393215627964e+01 4.157682274863775534e-02 6.323755829356631896e-04 2.566126390044391137e+00 5.394951502438908975e+00
4.780345926750851237e-06 -1.742322799526768762e+01 5.788817379261857354e+01 3.286660585291011245e-03 2.491600056157481813e+00 5.636775342739499983e+00
4.921368157325637171e-06 -1.739165433616147283e+01 1.379978424760718170e+01 1.355007222372200670e-01 2.169889176664331565e+00 1.489789443998710183e+01
4.929239480961132757e-06 -1.738755619610761372e+01 9.095810503963932092e+00 5.935007193667912045e-02 2.166214952578109365e+00 9.932182950687533207e+00
5.008674220642612641e-06 -1.736906965530691593e+01 4.765325720510746521e+01 1.372840027972564323e-03 2.357679149046600919e+00 7.580563688252418331e+00
5.073024406642138412e-06 -1.735380373910610174e+01 7.660468267915767626e-01 2.456206125622572081e-02 2.716670316835401167e+00 1.436971068448621480e+01
5.077324118816094329e-06 -1.735045653422040957e+01 3.870858726377959158e+01 2.897420525566606758e-02 2.625085053353992670e+00 5.535102233866644461e+00
5.211606475215351440e-06 -1.732185275595770335e+01 4.131258134991217190e+01 5.051890139526336171e-02 2.354637687134562896e+00 7.770271303105015015e+00
5.208687401855134108e-06 -1.731991302296571789e+01 1.900430315691722383e-01 6.791473842748987910e-03 2.651318239557568734e+00 6.408672917572621586e+00
5.261336485419267786e-06 -1.730735582960960528e+01 5.842311842819641043e+01 2.504249136995874772e-02 2.365373454874512671e+00 7.248261731357354520e+00
5.293749601446871356e-06 -1.729871410463490733e+01 9.889270928794827720e-01 1.776357809935623236e-03 2.787240351387946902e+00 5.330698887077474524e+00
5.309675944175361384e-06 -1.729321010283631921e+01 1.118680008509098478e+01 5.709931564089048162e-04 2.350273535119896451e+00 7.454923257679052284e+00
5.435404370902772006e-06 -1.726730698969005218e+01 2.070538561768332997e+01 6.832477159220100293e-02 2.343801807173143459e+00 7.909221244631181591e+00
5.497287069140512888e-06 -1.725348619837630437e+01 5.182350942574360175e+01 6.559949931035576887e-01 2.042034281863551293e+00 1.174878948079208207e+01
5.689935212264498509e-06 -1.721654204693748724e+01 1.486684984438401003e+01 1.773026824292572509e-02 2.372401930093182010e+00 8.609357921930294921e+00
5.731807846248634445e-06 -1.720670992234686381e+01 6.728809686606736840e+00 6.126756124706837867e-04 2.635102865480047463e+00 6.757849932985187991e+00
5.846486504184887825e-06 -1.718440002552808465e+01 9.102892717973727343e+00 2.128498813018626316e-03 2.314826205266073522e+00 8.910513779329342299e+00
5.847110428460930365e-06 -1.718179331340516569e+01 5.548321257765835668e+01 4.357415134144424634e-02 2.472937959956396092e+00 8.508691439906023390e+00
5.856887283072667296e-06 -1.717762262666601814e+01 7.470706892423664591e+00 1.920459705192384750e-02 2.455057206963585426e+00 9.992880601416958442e+00
5.898939308440279512e-06 -1.716796835224647921e+01 9.667173677386884378e+00 6.842504070552869007e-04 2.337674507216040531e+00 7.283104532144959897e+00
6.022718890435149278e-06 -1.714470210847546028e+01 8.403640766617085589e+00 1.296109717489237444e-03 2.292721505296765550e+00 7.550460847000043607e+00
6.123269469493873986e-06 -1.712564472784839253e+01 7.268141458994435700e-02 2.900948396440461495e-04 2.365354131022916917e+00 7.940645878203977936e+00
6.143338678350260009e-06 -1.711987255570081601e+01 7.878243276140567630e+00 1.262538144727970934e-04 2.355640819604125635e+00 7.691516745215668749e+00
6.161018432829043574e-06 -1.711449881488100289e+01 2.670422953063857352e-01 6.388002677542871897e-03 2.602223725132917664e+00 7.261298702356567603e+00
6.332825095686150723e-06 -1.708449446953691719e+01 9.733398070467185192e-01 1.550564142923607943e-04 2.617771586769259251e+00 9.713847676926265606e+00
6.546865144501317859e-06 -1.704875457757881563e+01 2.783458018545137413e-01 2.108733204269991335e-02 2.871156075737296476e+00 1.258953531314954333e+01
6.546571499551900603e-06 -1.704629943134142067e+01 3.851215197176694804e+00 1.990676617586144281e-02 2.490392378257225481e+00 8.791133041121662828e+00
6.575932407858637655e-06 -1.703932452967490008e+01 1.219040009515050538e-01 3.562229544390375208e-04 2.588725147756354872e+00 7.264146242502214967e+00
6.740082892321995600e-06 -1.701216868535296456e+01 9.660345568318847143e+01 3.402311352207317285e-01 2.565818869819295411e+00 7.625319321623623914e+00
6.840092509610971419e-06 -1.699493965242572457e+01 1.689370040715097332e+01 7.746527169778887056e-02 2.596762266394638807e+00 6.842361678429535132e+00
6.944943480598252125e-06 -1.697722707073525683e+01 8.430950343199780761e+00 1.019247745647756465e-03 2.302352987692104502e+00 7.488420139379805107e+00
7.111716930162390859e-06 -1.695099721306685225e+01 4.132610804860536113e+00 1.385520865070662513e-04 2.410619020674637181e+00 6.308536072402771921e+00
7.166435586226928415e-06 -1.694083250660226980e+01 4.291043340897190278e-02 1.967407863486053882e-04 2.436258539188375316e+00 6.117474645756619367e+00
7.380976317035391256e-06 -1.690883498662190121e+01 4.035735645233465285e-01 2.780224725848991999e-03 2.408782013077937822e+00 8.670290848822176599e+00
7.533911086838023657e-06 -1.688582660115316969e+01 2.596873074219792632e-01 2.202168099185555783e-02 2.786058637284552830e+00 1.534252169559224654e+01
7.618269771642973506e-06 -1.687219162893889290e+01 4.005936086497747239e-01 1.885745765280459618e-02 2.635708704063396635e+00 7.038902982473125292e+00
7.618952051897080785e-06 -1.686960207452241889e+01 7.553338848878529688e-02 3.648611119676793387e-04 2.401584217047075143e+00 8.454979728845341214e+00
7.637967094158959109e-06 -1.686460942814665742e+01 7.900467380696897524e-02 1.096082620756470664e-02 2.720290528591826629e+00 7.278206322176377085e+00
7.636377586884130519e-06 -1.686231755586850056e+01 3.331293143021966940e-02 1.162311746809709112e-02 2.744367337736917989e+00 5.368466146148413110e+00
7.674326108156683091e-06 -1.685486042264484041e+01 6.098975413801370316e+00 3.370863837158004578e-04 2.601608801904204959e+00 7.327335872305917874e+00
7.708410841171809208e-06 -1.684792885901488191e+01 3.719224760783401962e+01 1.574629177271442450e-03 2.444719188250484176e+00 8.555579868999863891e+00
7.689843774811370552e-06 -1.684784044082358889e+01 2.878769051711260829e+01 1.458249359248139920e-01 2.346503958638703313e+00 8.612824990185657725e+00
7.711394524882282667e-06 -1.684254186531724784e+01 4.792121035981038862e-02 7.854494003350439776e-03 2.680998614542112968e+00 5.767403741284017116e+00
7.845056126077554285e-06 -1.682285736823052247e+01 2.245894259889323052e+01 2.821901657972838897e-03 2.429383303200407962e+00 6.236954652562192614e+00
7.828180682566199049e-06 -1.682251077792356497e+01 4.387341574804314720e-02 1.860355443424493299e-02 2.773403480159767565e+00 7.871427759741052022e+00
7.814279445735269235e-06 -1.682178815058444954e+01 9.362007993546421858e+01 1.564387737378623421e-03 2.582374023344788050e+00 5.505397901394421645e+00
7.928647230699815450e-06 -1.680475847648547116e+01 2.772139851235607133e-01 5.433502343494676272e-04 2.370760613499427016e+00 7.447282336030333738e+00
7.939709236040341239e-06 -1.680086425432319075e+01 1.006156301721028712e-01 1.742095706936433962e-04 2.401849691592656377e+00 8.429407065256953047e+00
8.100998165461450884e-06 -1.677825362437560486e+01 5.174628363388413277e+01 2.632788972595028441e-03 2.564021683447762268e+00 5.521117026810894224e+00
8.240108511785746042e-06 -1.675872739602494121e+01 7.177928259869890582e+00 1.702064352220450730e-02 2.196418550656387136e+00 9.090959611873049795e+00
8.236211750168606646e-06 -1.675670040961387741e+01 1.136969931917056476e-01 7.638261052334131308e-03 2.584247052328784378e+00 7.785760832428694656e+00
8.469763321916027200e-06 -1.672623834359528772e+01 8.102493917854057770e+01 1.399926564994220584e-03 2.630245914130342033e+00 5.859125884676986473e+00
8.547151736335930228e-06 -1.671464281157029674e+01 3.860556867873486198e+01 1.615408166324391326e-01 2.448865234238740474e+00 8.715149446033048974e+00
8.623873020720496064e-06 -1.670320661864983336e+01 3.941678572336175246e-01 1.115310390798092584e-02 2.646252336759847168e+00 7.995507760820922627e+00
8.611914669517804194e-06 -1.670209423763614609e+01 4.617825264644673799e-01 1.791705465293726715e-03 2.582604701500126332e+00 5.315898738176113802e+00
8.598050506946138902e-06 -1.670120541644199008e+01 5.669264592892866972e+01 4.395685250792751345e-04 2.462687699403821373e+00 8.445601985689956237e+00
8.601199712004693125e-06 -1.669833921383970932e+01 8.136606366780891619e+01 5.342455556219332519e-02 2.564520807112238732e+00 7.534160331204663663e+00
8.687134062324941650e-06 -1.668589782108421815e+01 9.916311757092065582e-01 1.992309022608834777e-03 2.615317606830527275e+00 1.011342387865551906e+01
8.694605038373167571e-06 -1.668253818598498839e+01 2.861486571847202121e-01 2.347552179298798697e-02 3.017122707417995819e+00 1.247639085282311910e+01
8.850029296214197207e-06 -1.666232013944460277e+01 1.120114849885351233e-01 3.144559172180070878e-03 2.598527696632573214e+00 5.564378377150843491e+00
8.858014095507842553e-06 -1.665891831199159867e+01 4.408033139489433982e-02 2.009134449655228943e-02 3.161697305071197839e+00 7.804767082975230252e+00
8.841592298652255167e-06 -1.665827392405460117e+01 1.015719782864103582e+00 1.061731412677610620e-03 2.574765066175517703e+00 5.993970013642447192e+00
8.823627658626609412e-06 -1.665780782414325145e+01 5.727645319177351091e+00 5.030001948082757357e-02 2.461318651964241599e+00 7.774568963250495734e+00
8.819209494600569350e-06 -1.665580866922616110e+01 4.268993480201979551e+00 3.493429750661077721e-03 2.396080355997768141e+00 1.107945540187492917e+01
8.876752781145196691e-06 -1.664680509643696382e+01 4.533234943958992069e+00 1.394481752055402521e-02 2.573636403655585880e+00 7.347545162388900764e+00
8.883199585347675267e-06 -1.664357910299367305e+01 2.161116135355452528e+01 1.187667146566126746e-03 2.406084602287202667e+00 8.491737877572392179e+00
8.877601251697387548e-06 -1.664170951756642225e+01 6.054335679476024978e+01 1.960444158101945222e-01 2.371018722045890925e+00 8.325188304939317163e+00
8.877279109597684272e-06 -1.663924580529049635e+01 2.684495983034642919e+01 4.274431689203242457e-02 2.366307934884609665e+00 7.907219087929934886e+00
9.127160801372680989e-06 -1.660898623717939415e+01 1.129656264582706432e-01 1.729675003717661016e-04 2.426258016737791401e+00 6.305209198933050985e+00
9.168515749973184771e-06 -1.660196549492471974e+01 6.872866792510140499e+01 1.072466285366043964e-01 2.379655322181742250e+00 7.205818940818336849e+00
9.173496689339700533e-06 -1.659892237682299054e+01 2.025769742918721306e-01 2.467687819607449970e-02 3.149858351474058349e+00 1.127813514681540674e+01
9.228405680733156019e-06 -1.659045460748576772e+01 1.155008325929434321e+01 1.123050208890818448e-02 2.468120472910439567e+00 8.500128530831229767e+00
9.255078833713264736e-06 -1.658506844481717124e+01 5.270421606338233644e+00 1.344208562111074909e-02 2.197256736314669112e+00 1.018274128447760418e+01
9.251097005920450663e-06 -1.658299876903853232e+01 8.649318002137000860e+01 1.893687800188882664e-02 2.628519070150088233e+00 6.130277829428482761e+00
9.325675261361735869e-06 -1.657246953177049420e+01 1.357864071259703920e+01 2.332928783924999999e-02 2.473135139017727191e+00 5.919298069346190516e+00
9.328224322448402971e-06 -1.656969623115674750e+01 5.031403516888621397e+01 3.202871416519627746e-03 2.553313120996167918e+00 5.579433194084266745e+00
9.381367902822907234e-06 -1.656151532452249597e+01 8.949925728511694267e-02 2.491636025475022290e-02 3.142404888309763944e+00 1.031574138134928020e+01
9.487111239674761676e-06 -1.654780674293880338e+01 3.543860145640210235e-01 1.186214714482460540e-02 2.579495444569513296e+00 8.958617422015635157e+00
9.511517889943346839e-06 -1.654273743506627881e+01 6.865878379436605883e+01 7.368929429758905858e-01 2.447700667614089998e+00 7.952262764701819364e+00
9.557878968167007311e-06 -1.653537507157257380e+01 1.952417811249563540e-01 7.684571360882519464e-04 2.376608652332750093e+00 7.702321918980304716e+00
9.626230983882703727e-06 -1.652574914234022785e+01 1.771580663013101742e-01 4.521694551244594823e-03 2.578513457042282297e+00 7.343902017204311683e+00
9.661897607636323426e-06 -1.651955084011907360e+01 6.990033950956019426e-01 1.142831368974853677e-02 2.805282451575750180e+00 4.730113260132270625e+00
9.871791275317801556e-06 -1.649555958492603480e+01 1.081669979473409426e-01 6.893927016952294167e-04 2.623311129344414017e+00 6.322060395229024188e+00
9.874177474390619059e-06 -1.649281789518017405e+01 6.417340887091282475e+00 4.649016294381973918e-02 2.526467346044276141e+00 8.544888296690302809e+00
9.853545394818710601e-06 -1.649240957978372180e+01 2.673928217659523043e-01 6.036008171629934482e-04 2.555966576904603826e+00 5.591708761024465346e+00
9.869184305538219578e-06 -1.648832370255123436e+01 4.220561801718132333e-01 1.978010690030053420e-02 2.789968981545440041e+00 1.184108010334815297e+01
1.006240126049499792e-05 -1.646643507869072920e+01 2.013850510209026223e-01 6.970236485663344923e-04 2.611160830048907755e+00 5.696488416392424092e+00
1.006266028134282858e-05 -1.646390933756717345e+01 8.173945819291500925e+01 7.553430136779975450e-04 2.383481289720401186e+00 7.966229054564675671e+00
1.013501761839499064e-05 -1.645424439049171284e+01 9.897722290652984090e-02 1.354452243800130691e-02 2.563272352343384686e+00 6.324273986980860407e+00
1.015720865555296225e-05 -1.644955724298956312e+01 3.466761365130766603e-01 6.580488778462691667e-03 2.410180455012802980e+00 6.574831827406926621e+00
1.019963499778470777e-05 -1.644288897364661750e+01 1.382099840630298893e+01 5.139139357378920761e-03 2.410860465888974069e+00 8.472990774202642683e+00
1.030822054295304931e-05 -1.642979922088494504e+01 3.251151945186884773e-01 7.420209784913539205e-03 2.398552741848969383e+00 6.832767955702259144e+00
1.038754512536751846e-05 -1.641963340439448160e+01 1.898204685064566277e+01 2.363900065987357502e-04 2.522447593936586241e+00 7.957214205504063997e+00
1.048833939848399802e-05 -1.640747680217910442e+01 3.749076163607770185e-02 1.857072740799430239e-03 2.416570404349873247e+00 8.365012053952185056e+00
1.064711986374387264e-05 -1.638995148851365968e+01 2.798883583374162143e+01 4.158422584244501029e-03 2.616706102293436587e+00 6.108849384951394512e+00
1.062138522854684178e-05 -1.638987146562483588e+01 2.783188307827638153e-01 2.500042774431881750e-04 2.471351202456987028e+00 5.961152371994899113e+00
1.061439501785921624e-05 -1.638802980837080270e+01 1.783191532452850225e-01 3.847700165012629117e-04 2.589108699502776112e+00 7.074356143963093757e+00
1.068785175742834456e-05 -1.637863316206864184e+01 5.580499325712219871e+01 2.963429320228727713e-03 2.479521351310875588e+00 8.276372754009772237e+00
1.075036969799798957e-05 -1.637030076427187808e+01 8.897578876270428871e-02 1.845508379690361065e-04 2.380256347549985385e+00 7.617404852620741629e+00
1.081537422247385449e-05 -1.636177224778877815e+01 1.828312437460352768e+01 2.830924679653161191e-01 2.207902775588530986e+00 1.477813015889458015e+01
1.078953331979282797e-05 -1.636166438160864800e+01 1.379281843318242551e+01 1.490742109375894076e-01 2.228752344215066294e+00 9.097808697484856211e+00
1.085322549458418259e-05 -1.635327859235147230e+01 2.232158645537535335e+01 3.432758089793003925e-02 2.399818026723890885e+00 8.329253748290717851e+00
1.087031972611187750e-05 -1.634920479443935903e+01 1.401563570022195393e-01 1.040957539532365089e-03 2.473205429636963881e+00 8.304193816298727882e+00
1.101355754151271998e-05 -1.633361389110266515e+01 5.470427703845330392e+00 3.478917669743889678e-04 2.333459583331442655e+00 6.913363433776857470e+00
1.126317169920791688e-05 -1.630870264728038421e+01 1.350044693759296877e+01 1.008697896316299893e-02 2.604492667734938482e+00 5.898762879863125974e+00
1.132437233003687701e-05 -1.630078366232879006e+01 7.851577309074692090e-01 1.256794584568408750e-03 2.394045231436246812e+00 9.556330106645921418e+00
1.131730148516174627e-05 -1.629890824911178981e+01 2.793034884234855397e+01 3.103013726625943741e-02 2.435263102279148661e+00 8.406484342894287920e+00
1.129412693061610727e-05 -1.629845805881278764e+01 4.833783918569813665e+01 2.278798168046652917e-02 2.411954050165896035e+00 6.606599699393346903e+00
1.138000069072292998e-05 -1.628838341937125378e+01 1.925462550237488912e+01 5.594431401369092012e-03 2.410585657051771413e+00 8.411611278857076712e+00
1.151492242769823361e-05 -1.627409711214632893e+01 2.490574521789946871e+01 1.317790219455002671e-03 2.557354583021783867e+00 7.496349381680465385e+00
1.155881186767090360e-05 -1.626779283041684820e+01 1.570060382087347661e-01 2.767985829369869200e-02 2.973061018117675758e+00 1.447391251867457029e+01
1.162614372884557920e-05 -1.625948457685470316e+01 4.294918845910795091e-01 1.842254537859853861e-03 2.516748288151170243e+00 8.284030516816356382e+00
1.159755868102513578e-05 -1.625944629133515207e+01 9.375749807011453385e-02 2.691469843045456081e-03 2.386601435652655478e+00 7.871101794961521847e+00
1.194363948579715146e-05 -1.622754203269183648e+01 2.333818918797882347e+01 1.826844547561124951e-02 2.582852560059375691e+00 5.776024634770234201e+00
1.203601559938071588e-05 -1.621733745393847670e+01 1.100033494620513252e+00 3.054801864453166060e-04 2.506612187223124621e+00 8.309172745418379691e+00
1.201359493619939399e-05 -1.621670198888747905e+01 7.783670303661714973e-01 5.996728910893758856e-04 2.463547650366161079e+00 1.035857026940603376e+01
1.221400194242773038e-05 -1.619765791493182405e+01 6.347014382840917568e-01 2.185230581708585734e-04 2.755031676052487555e+00 6.614876749333340911e+00
1.220890705559807893e-05 -1.619557513688552319e+01 3.814912730307859490e-01 9.655799689093181454e-03 2.702077487494313424e+00 6.193729241369959837e+00
1.229491922081524683e-05 -1.618605480320323409e+01 7.961309322007384948e-01 2.364667325920772614e-04 2.374080168910043920e+00 8.553047259391757251e+00
1.238947573170420273e-05 -1.617589352784517587e+01 4.581924548964839278e-02 2.996752414552341769e-04 2.386356992813400968e+00 7.733548828079846338e+00
1.241610639258255867e-05 -1.617124637637127904e+01 1.139545450938665283e+01 3.017142253161487868e-04 2.607048590986035030e+00 5.785776822747648929e+00
1.252329557023901982e-05 -1.616015035327118810e+01 7.007209905509458991e+00 5.820789007997073747e-04 2.303943817187363408e+00 9.148298246726268346e+00
1.277066335321544105e-05 -1.613809029385144811e+01 4.206810862384339350e-02 2.980348704582084715e-02 3.324214836588831989e+00 1.746537243000017625e+01
1.287453613608124565e-05 -1.612748949113041164e+01 2.037287945783292364e-01 1.305412884098625407e-03 2.426225965486580094e+00 8.294542284229827089e+00
1.287866402315828132e-05 -1.612466891837930660e+01 5.707392759401053439e+01 1.320101551357765824e-03 2.387705220863267641e+00 7.716806658630667393e+00
1.284730992318343632e-05 -1.612460646383937757e+01 1.596899855992763573e-01 2.193849328974891225e-02 2.717664404165774705e+00 1.052300816722661025e+01
1.284526762401606731e-05 -1.612226544354220437e+01 5.951018357220237753e+00 8.654434781422042436e-03 2.610691276565280106e+00 7.089534487008651631e+00
1.297318520635865287e-05 -1.610985635798493476e+01 3.403930867764288215e-01 6.298447578357251183e-04 2.417364705744387443e+00 8.374864358802119213e+00
1.301943113397329971e-05 -1.610379796464685143e+01 2.802726297481233786e+01 2.958995821793982978e-03 2.495827240641053102e+00 8.088665702013550174e+00
1.317851856478634146e-05 -1.608915278625249101e+01 6.711307584014512828e-02 1.520628514822626801e-03 2.405651866582734666e+00 8.135476671458906850e+00
1.325036405089295573e-05 -1.608121588117176515e+01 2.096644805122991340e-01 1.194869307139043331e-02 2.725192896575366230e+00 6.599662992879935963e+00
1.346554314763867894e-05 -1.606260684557788210e+01 5.127633763916417814e-02 5.308702143804951449e-04 2.388507134724043190e+00 7.412169470625843637e+00
1.343517452782263178e-05 -1.606236467624868425e+01 5.174196172956679440e+00 4.696863623330566062e-02 2.408060483308604116e+00 8.617056148672531890e+00
1.340964991743811935e-05 -1.606176631789499254e+01 2.365753253977412740e+01 2.750373166278089355e-03 2.583210698946635908e+00 6.971653252532924228e+00
1.358139244277398441e-05 -1.604654025560483177e+01 3.585866031742762639e-01 9.374472666786183139e-04 2.614218883866857190e+00 5.550035879419212392e+00
1.358045587412908576e-05 -1.604410921767503595e+01 5.032494190373258292e+00 1.181600862553482486e-04 2.366238301936947508e+00 7.543739591756949636e+00
1.375927019828614575e-05 -1.602852811558225454e+01 1.976127052202127743e+01 4.467696261776732403e-03 2.423692149236979620e+00 8.303261855177453299e+00
1.385246775307918335e-05 -1.601927751488631912e+01 9.844031698656392848e+01 1.968287737418672988e-03 2.568067603548350064e+00 5.694679781271631214e+00
1.382809446648371155e-05 -1.601853855519331304e+01 5.432111703153235105e+00 2.070929661711584885e-04 2.371820260205919961e+00 6.806898612900859291e+00
1.390527685259518716e-05 -1.601047251098700031e+01 5.489137332975409928e-02 8.116753965316194806e-04 2.595672089565869811e+00 6.816484652399548594e+00
1.389774515893100997e-05 -1.600851430056982139e+01 2.743238176078223733e-01 9.402313564993435317e-04 2.391078176949947398e+00 7.308943955097563006e+00
1.406695782113207737e-05 -1.599391227842123975e+01 4.750478747115246847e+01 1.500428300611855986e-03 2.613434986357475509e+00 6.058198486703837204e+00
1.406623062420163304e-05 -1.599146397515174378e+01 5.866966322604228168e+01 3.101886247592994805e-01 2.421085539584781010e+00 6.398062721002467867e+00
1.449910724609432563e-05 -1.595865383046944430e+01 4.517199005384395782e+00 5.910915179766676464e-03 2.497147183260699954e+00 9.272703434359817365e+00
1.454914008640136074e-05 -1.595270901748561698e+01 8.392601311651965990e-01 3.683990387611732909e-03 2.612262967600157637e+00 1.008237103657373979e+01
1.457756466808823557e-05 -1.594825722850364613e+01 5.901144026620610106e+01 9.521386954068804254e-02 2.449504930915326284e+00 8.253203387495570809e+00
1.475571524180707051e-05 -1.593361042700766106e+01 5.033541445845846596e+01 8.594602310830859113e-03 2.610570115134388747e+00 6.362344804728491177e+00
1.473897822277141220e-05 -1.593224534443626261e+01 1.054965743137715428e+01 1.065650025481720414e-01 2.095801876255587004e+00 1.503484851623040264e+01
1.484633242040352896e-05 -1.592248804907728754e+01 2.425337876833978257e+01 3.204411765142673070e-03 2.387487921637838184e+00 7.804161305781279090e+00
1.483240994894801764e-05 -1.592092626083191931e+01 2.671013971810166865e+01 2.120413101635712505e-02 2.595082957431714910e+00 6.541477115512125629e+00
1.497846869905413461e-05 -1.590862715892878221e+01 4.074229222598704098e-02 1.229542502102706422e-02 2.636483121289522558e+00 5.811010757704800689e+00
1.494718333479133938e-05 -1.590821803237909826e+01 5.048133278413951430e+00 1.101159778772635781e-04 2.427907137494913492e+00 6.348871824520460727e+00
1.507907917030745497e-05 -1.589693261102720356e+01 2.156645359776032222e+01 6.286980589111421103e-02 2.405938535628763475e+00 6.921541808832444076e+00
1.505605116159766297e-05 -1.589596092784139714e+01 7.150862880872546068e-01 5.872706864642005670e-04 2.636539847557420213e+00 9.112777831132971684e+00
1.519687874951780821e-05 -1.588415084742612216e+01 7.466285269320987794e+00 2.902724055223041607e-04 2.449572156596974803e+00 8.680548525138188865e+00
1.530432076950025724e-05 -1.587460571700021994e+01 2.161909384067165973e+01 1.537425871776918196e-01 2.474233558293768453e+00 8.962152448368657431e+00
1.529587982897273734e-05 -1.587265740885690768e+01 3.024432935943045209e+01 9.889210932144704581e-04 2.392057026711311263e+00 7.695767848391719568e+00
1.539247652196406354e-05 -1.586386205625419343e+01 2.528192096305923897e+01 2.555832073660428971e-01 2.177861773435695980e+00 1.413410469259435942e+01
1.538550846828616852e-05 -1.586181485092539134e+01 8.044932122215959680e+01 5.436594738842340790e-01 2.298436619092040001e+00 7.674208712234404928e+00
1.538915621589901289e-05 -1.585907778919507827e+01 3.943735492707450274e-01 1.406650247213180440e-03 2.599556592384419940e+00 7.275139350333733823e+00
1.540797164765078290e-05 -1.585535589381729160e+01 2.187996466090433856e+01 2.555370431074696080e-01 2.412748388233578289e+00 9.187299285727743126e+00
1.547077165371736379e-05 -1.584878836477065533e+01 1.198617013189531844e-01 1.793861882108876982e-02 2.904417304441493819e+00 1.005038940622708488e+01
1.576369959138730438e-05 -1.582753110623794157e+01 9.443010925481457596e-01 1.197507941840988526e-04 2.572285894392541294e+00 5.631594652708026061e+00
1.575944370741329923e-05 -1.582530112271183675e+01 1.803990327770922164e+01 7.157447315343413866e-04 2.419851262974521688e+00 8.192895925767842868e+00
1.574147439086826683e-05 -1.582394199857063377e+01 7.497950839134702505e+00 1.259646773616256155e-02 2.351454210530786959e+00 1.046435878028826494e+01
1.628587713002857301e-05 -1.578744261026415607e+01 3.661962267216097716e-02 5.112593521467185967e-04 2.426444614528005417e+00 8.154929996899673128e+00
1.634628444600881274e-05 -1.578124028825642355e+01 3.004921369135756248e-01 1.183406287366714320e-03 2.457446302298838869e+00 8.187204117868297715e+00
1.639839106848157442e-05 -1.577555768432853256e+01 3.241072841735988419e+01 3.106064390977713273e-04 2.516022768885713745e+00 7.844780579250588914e+00
1.645785881466322966e-05 -1.576943780614221957e+01 5.444812856079334296e+01 5.282685836024075821e-01 2.203101475441749280e+00 1.372307570051370185e+01
1.644385486752457945e-05 -1.576778906563098559e+01 3.018382603901103786e-02 1.255680415405395836e-02 2.832797442676096900e+00 5.868835874253204743e+00
1.651523949539111628e-05 -1.576095734833918627e+01 1.947589244833910627e+01 4.380964808407099287e-04 2.463317992493663233e+00 8.177927584935446248e+00
1.669118485255271532e-05 -1.574786018184698477e+01 4.139472743936569166e-01 1.685664744752386627e-03 2.416868014815887200e+00 6.689765547545842850e+00
1.692858822841173094e-05 -1.573123710485061544e+01 1.896431641557313341e+01 4.093228997750757159e-02 2.514248330243921359e+00 6.026581231801015903e+00
1.702473787859664175e-05 -1.572307345311308957e+01 2.030858016493263918e+01 1.917867880022753116e-02 2.409899147848148182e+00 7.978943810512551416e+00
1.709318276001569237e-05 -1.571656119375155747e+01 1.315340190807317100e+01 2.688168123940159332e-02 2.384073084470932358e+00 7.624474831721630430e+00
1.737640077325741282e-05 -1.569762790052079637e+01 1.088901840751418604e+01 2.002859586685475925e-04 2.459177643161615023e+00 8.194309545980686948e+00
1.767215830159036185e-05 -1.567825048492477791e+01 4.247430817795994074e+00 3.772062653002347579e-03 2.181682358087216222e+00 9.825484527107660071e+00
1.769346908725094735e-05 -1.567454531539643448e+01 8.598348923695738055e-02 9.726195153937102194e-04 2.405333311703897081e+00 7.059066527642652744e+00
1.782479238876220759e-05 -1.566465058972735669e+01 2.409059242161631786e+01 3.551321466222659515e-03 2.472583925648353720e+00 6.189171974156904454e+00
1.778974619326935337e-05 -1.566411867400980995e+01 7.804614900837664182e-01 4.121235654915178948e-04 2.398311103795844890e+00 7.246075110509428541e+00
1.777459627272547278e-05 -1.566247064654239729e+01 8.553299421015911341e-02 8.588316078694546024e-03 2.400251108069490158e+00 8.078344613165105770e+00
1.773462734674289648e-05 -1.566222183306737392e+01 1.923278439174859744e-01 7.747303072680318016e-03 2.404970333848877928e+00 8.044112221548640917e+00
1.779983219121849026e-05 -1.565605187897165429e+01 9.866242176015070697e+00 9.621272914712588817e-03 2.369873675368799226e+00 8.448944901436727051e+00
1.785547710297577658e-05 -1.565043060710304523e+01 4.990298485859716304e-02 6.022830540434883327e-03 2.397581027604033466e+00 7.565006341370167142e+00
1.788199403773881721e-05 -1.564644662187505197e+01 1.712873440802819835e-01 1.149723924683266132e-02 2.637463905632477790e+00 8.124135947974533423e+00
1.803495616914069455e-05 -1.563542902473518481e+01 6.094303339231762706e+00 2.889283923364825441e-03 2.241670963793364724e+00 1.018673168997626099e+01
1.831698678646543555e-05 -1.561741203976873393e+01 7.515718918063554099e+01 9.743611644297111435e-04 2.403652289763901884e+00 7.736121330628624726e+00
1.836784442526281255e-05 -1.561213935854331680e+01 2.817339804644732482e+01 2.795389862810069431e-02 2.395188554805910197e+00 7.592205032255250785e+00
1.847800427894886029e-05 -1.560365984194717903e+01 5.987595379911087257e+00 4.067298982349754760e-02 2.475039461978632005e+00 9.857144785544585730e+00
1.851302839702536273e-05 -1.559926618686328581e+01 5.369273834091322328e+01 7.218053028326129605e-02 2.585376498213338259e+00 5.865825597866105134e+00
1.856335003750216934e-05 -1.559405169998506935e+01 1.235008318701609475e+01 1.546491811683590881e-03 2.566370360233174885e+00 7.190140289688637942e+00
1.878465323514345921e-05 -1.557970068957770238e+01 3.847555164936633787e+01 2.864750220355144288e-04 2.579239492647274368e+00 5.849831844276850212e+00
1.883179185890251165e-05 -1.557469441083094530e+01 9.511834736425931469e-01 9.890598794662789142e-04 2.447152099115464274e+00 7.700287213368986805e+00
1.887818363507964056e-05 -1.556973395844542196e+01 1.003626614651258464e+00 8.533261485328444418e-03 2.490933061362629708e+00 7.377432390425855857e+00
1.889307776586325461e-05 -1.556644530956247863e+01 3.454398731841935444e+01 1.287596809770103976e-02 2.412854500381020006e+00 8.072079439137869628e+00
1.884692365584499739e-05 -1.556639120947180821e+01 1.355890885638849630e-01 2.640292302485686268e-04 2.600010400362121832e+00 6.426857948684853383e+00
1.893390183801767185e-05 -1.555928684550154628e+01 3.309363837195073432e-01 4.415102017938497434e-04 2.588833188450011757e+00 7.028654084919251588e+00
1.889619203192548347e-05 -1.555878048679210046e+01 1.514430790777523050e+01 1.178851674797279489e-04 2.440168927653686204e+00 8.107544055625520940e+00
1.898710236592829462e-05 -1.555148098294960057e+01 5.263149459606244029e+00 2.313057568546103299e-03 2.278586208428207804e+00 1.069202267588302746e+01
1.898758675404022149e-05 -1.554895547184611715e+01 1.598475372185030885e+01 4.087650519196325133e-02 2.454698512516914732e+00 8.301225255419890203e+00
1.906820395167761986e-05 -1.554221867546190339e+01 2.765808210690494207e+01 9.321820432839182657e-03 2.544035605665144750e+00 7.363575431549372219e+00
1.914884522952132591e-05 -1.553549849628763724e+01 7.840049596904870910e+00 8.651251672087582889e-02 2.249970615916388805e+00 1.008231055529024545e+01
1.917126736490334235e-05 -1.553182824200481349e+01 6.290661683170205798e+00 4.917272258519654604e-02 2.231181762198984231e+00 1.372750136514154207e+01
1.921698479256671828e-05 -1.552694639616877481e+01 2.560137943591192311e+01 2.732892188765533303e-01 2.197713234010997496e+00 1.492299729519562490e+01
1.953108584331217788e-05 -1.550823356668667508e+01 9.266668111121626694e+00 1.249812465532788852e-03 2.581354733842769811e+00 5.942560474345775390e+00
1.966206867952270039e-05 -1.549904957681901152e+01 4.458347704044049564e+00 2.810370335667931874e-02 2.201789265527267059e+00 1.049943817306097849e+01
1.961940047106220213e-05 -1.549872201212573941e+01 4.504966483448358261e+00 1.505635665385819319e-04 2.583846633369775159e+00 5.834049862403138498e+00
1.970316313916828247e-05 -1.549196172047090592e+01 5.583326041019793706e+01 5.547990255882935540e-04 2.566366866523885903e+00 5.848423928686782958e+00
1.987882179434219984e-05 -1.548058597517163193e+01 1.576491057646243910e+01 7.757364601790603387e-02 2.336993808350181112e+00 7.789170043862866599e+00
1.993315905991291246e-05 -1.547535627932908575e+01 4.768105443168794011e+01 3.442970478317384890e-03 2.562166975173007177e+00 5.850478839906507744e+00
1.992828163976726304e-05 -1.547310099803891781e+01 3.119838857829814599e-02 1.307917311680701451e-03 2.434935346613674945e+00 6.576621809341829383e+00
1.989869171081361872e-05 -1.547208692237153471e+01 9.900285609991692937e+00 2.424931921468033783e-03 2.550861738001934498e+00 7.352836261513057359e+00
2.024261085738777831e-05 -1.545245107773524751e+01 1.986171365180867954e-01 3.211228018093179298e-03 2.523415553490246932e+00 5.914966310174956554e+00
2.026396785084540615e-05 -1.544889658258321496e+01 8.936427820524575338e+01 3.041806467467210429e-04 2.553271131293008978e+00 5.856898225265881663e+00
2.047281690891929399e-05 -1.543614290698604030e+01 6.015313832774801028e+01 3.118521323206513984e-01 2.455014114096388145e+00 8.641531004141397077e+00
2.046344457944341292e-05 -1.543410080564599696e+01 9.854957502346256604e+01 6.803889154208128121e-01 2.327550257246963294e+00 1.008406373229700215e+01
2.059706658976862093e-05 -1.542509224166463078e+01 5.084559781541748702e-01 2.160550650666100483e-02 2.580093397150421186e+00 1.026656335598453751e+01
2.058918746417635608e-05 -1.542297485114778688e+01 6.957167191465653266e-02 3.764783665318748290e-03 2.547245814042699230e+00 5.861466560428928219e+00
2.082688996306637999e-05 -1.540899597030164436e+01 5.886620492157339513e+00 3.030190606460502617e-02 2.196635163402060886e+00 8.085142978810051062e+00
2.080936796983528665e-05 -1.540733764028522934e+01 4.398896194395665304e+01 1.648838991900489215e-01 2.382135471323012066e+00 7.817868839008873749e+00
2.097875988397875340e-05 -1.539673041698305944e+01 1.607552391628876620e+01 2.922775631888045039e-02 2.415648127693547309e+00 8.203304257415066303e+00
2.157516690364170753e-05 -1.536619793585191474e+01 2.619163663730101343e-01 2.005871485186618702e-02 2.946194221366585708e+00 9.349065459427798430e+00
2.169040166908424157e-05 -1.535837106546831166e+01 3.515353755637292132e-01 6.807724383848835770e-04 2.411325009145237175e+00 7.949002879373786357e+00
2.172179034509622055e-05 -1.535442498868547645e+01 5.618776548841208918e-02 7.631245226744501689e-04 2.550397409378689417e+00 7.331000563396963265e+00
2.216930830613550148e-05 -1.533153208516692878e+01 1.055350153755833242e-01 6.805282937281020763e-04 2.522291877027619478e+00 7.649688254012890098e+00
2.219717007331565447e-05 -1.532777610218786535e+01 2.609331360513319709e+01 2.149771810163510471e-03 2.535842869689269197e+00 7.460393663583436030e+00
2.218414007787058420e-05 -1.532586328610717707e+01 2.094421689773866835e-01 2.569834698626816561e-04 2.580561040249830462e+00 5.964053767524250205e+00
2.218332555917770067e-05 -1.532340000304294314e+01 5.466186418832631233e+01 3.403158630770119347e-02 2.465556470140487288e+00 6.295359333058174300e+00
2.219800116738875976e-05 -1.532023866144599822e+01 1.388347390507933632e+01 2.096831430351030548e-02 2.569632340506168067e+00 6.070057621853723440e+00
2.243021347862874998e-05 -1.530733204272956982e+01 4.463382369539282690e-01 1.111299707534859835e-02 2.734974402747220701e+00 5.727521218136741865e+00
2.243485918730628499e-05 -1.530462494583133370e+01 1.120299612018455448e+01 8.909738456569421322e-04 2.431378432959432345e+00 6.519865325689607971e+00
2.238572120378335616e-05 -1.530431759941952485e+01 1.203461847456812062e-01 7.656320110689374646e-03 2.484883288885170405e+00 8.330506614891158179e+00
2.245568331377870611e-05 -1.529869717232689297e+01 9.544283501715591811e+00 2.503890238993138149e-03 2.553374213449979724e+00 7.284957160480998617e+00
2.240342005190139264e-05 -1.529852728067069556e+01 1.861617124117264055e+01 6.048121989062420906e-02 2.566390099643101053e+00 6.568502692570882040e+00
2.246117893678883503e-05 -1.529345247032581057e+01 2.243075103156975114e-01 1.045223792398439471e-03 2.484737880294424439e+00 6.152021671547778681e+00
2.249722290794509111e-05 -1.528934903348643104e+01 1.068568280589873520e+00 1.792219583219390811e-03 2.630226842234048679e+00 8.607713712714645027e+00
2.257529699987422472e-05 -1.528338465340848629e+01 4.942624998247600182e-02 2.513450403487983991e-04 2.467362908518238918e+00 7.987907036991183318e+00
2.264217435869948000e-05 -1.527792661946362252e+01 2.412755144468726698e+01 4.625804891296183413e-02 2.475038611092488239e+00 6.348347083648115508e+00
2.263522521782639925e-05 -1.527573357794589270e+01 6.981974839379594400e+00 4.979063765253240485e-04 2.615957296649417341e+00 6.054599837174880150e+00
2.265743658491781848e-05 -1.527225278467881786e+01 1.431335307982219418e-01 7.369739458824782138e-03 2.408617192849659805e+00 7.606789934770994854e+00
2.260338416804323641e-05 -1.527214127174874747e+01 1.573162841557871616e-01 1.113397579343321925e-03 2.592873994022758311e+00 6.232233977417577009e+00
2.261833995028512845e-05 -1.526897982935225784e+01 4.981823231219674852e+00 6.706534383086019827e-04 2.532034420370336214e+00 8.506371897900478984e+00
2.268142263315356671e-05 -1.526369470554373819e+01 5.631909604869157704e+00 5.775904265197576680e-03 2.593944908239641300e+00 5.829183102176426878e+00
2.264012347731709590e-05 -1.526301720150038399e+01 3.589628977150072925e-02 6.038067143690324656e-03 2.555692919701051835e+00 7.555106591573865771e+00
2.258571778432079567e-05 -1.526292315870198202e+01 8.931421092637489778e+01 1.025986737249349405e-04 2.577454574922254160e+00 5.974679242033418269e+00
2.262503857369741925e-05 -1.525868371426625814e+01 4.456324954493766644e-01 2.370686157954845705e-02 2.644927672654484141e+00 1.487709228671660888e+01
2.259094352977589131e-05 -1.525769181157156673e+01 8.582898296029041774e+01 8.320478929430613277e-03 2.436982913208542101e+00 6.643492589157256489e+00
2.275719330783304754e-05 -1.524785962399065831e+01 2.787987982086337979e+01 7.570834520448212202e-02 2.480198297102976124e+00 6.420514848442833156e+00
2.301617892973218722e-05 -1.523404350840109522e+01 1.673760289837174753e+01 5.574990229715146364e-03 2.441891773133042065e+00 6.519184352495961399e+00
2.322601208032775669e-05 -1.522246804782127860e+01 2.273517170971760848e+01 2.656339090467009847e-02 2.417356443802854749e+00 7.116322659683654628e+00
2.329336609599790982e-05 -1.521707230564345537e+01 1.975671484427632763e+01 6.356412901250767244e-02 2.550104222209735649e+00 6.357293678220014677e+00
2.326474957481411708e-05 -1.521580158755811318e+01 7.312110790133500515e+00 1.489096716048550018e-04 2.429536524496585415e+00 8.163370554579561400e+00
2.352708690567604225e-05 -1.520208851710428100e+01 8.251904382926014137e+00 2.354461775911330108e-04 2.561369767366028061e+00 7.269404275499590895e+00
2.352598541323826451e-05 -1.519963533625481311e+01 5.048932190207566606e+01 1.844010778905351769e-03 2.465981403377499603e+00 7.958097007494800756e+00
2.372625360336541562e-05 -1.518865872674601825e+01 1.193531380424134625e+01 2.049611238155119725e-02 2.577373793614546216e+00 6.501727841858286894e+00
2.379642607737795983e-05 -1.518320550418008175e+01 5.016855598526492344e+01 1.032222254625036612e-01 2.496568770604729703e+00 7.829272537216893646e+00
2.399537833001339477e-05 -1.517237966654432491e+01 2.150842336701567492e-01 1.073964215013148080e-02 2.677605174167659641e+00 6.348974768935868873e+00
2.406020165744970422e-05 -1.516718181681404864e+01 1.239418142137179579e+01 9.005763971067311247e-02 2.404092478020795731e+00 9.976157660162956020e+00
2.411769810341642334e-05 -1.516229497664257408e+01 2.145201584405403494e+01 1.379038268631115798e-03 2.544075633410867177e+00 7.299094070750848040e+00
2.406258881025298045e-05 -1.516208260590868839e+01 3.158793097982643161e+01 2.707624747459301817e-01 2.340259260317274936e+00 1.111306839214399211e+01
2.409276977723777053e-05 -1.515832912252400533e+01 2.896137837674277904e+01 3.420057135977824236e-01 2.094675268816816427e+00 1.756344610153229269e+01
2.420099646947404521e-05 -1.515134710002612728e+01 2.204719917879326019e+01 2.350037988762780227e-04 2.562113237738569804e+00 5.966376544680542793e+00
2.420286196459370875e-05 -1.514877001959572667e+01 6.389686901121788276e-01 2.718638576276416127e-02 3.107214659136319668e+00 1.774923222947820634e+01
2.484013889385580391e-05 -1.512028006017585469e+01 7.520715141785688784e-01 1.801449248849359974e-02 2.897702446549057953e+00 1.112116982683975763e+01
2.486937714961821576e-05 -1.511660369550923555e+01 4.431071786724724570e-01 1.305234596077733131e-03 2.511912098373345170e+00 5.947832869471751494e+00
2.491609453990550275e-05 -1.511222694703567093e+01 1.008658463581772136e+00 9.294694320770700846e-03 2.530987834877234555e+00 1.006169942368119052e+01
2.494544101933549439e-05 -1.510854982794018220e+01 4.752951599236141078e+00 1.596047515861832757e-04 2.432250197242203704e+00 8.569378331054195996e+00
2.509138766312309660e-05 -1.510021624249843697e+01 3.799379501792337965e+00 3.448610117452307819e-04 2.417914567164741957e+00 6.895193070144096659e+00
2.514050727946245790e-05 -1.509576052762637843e+01 8.991406608618210328e+01 2.494885210288785913e-04 2.557851958061124975e+00 7.123421343565909503e+00
2.578124086782748330e-05 -1.506809377944829720e+01 6.589654383691237172e+01 1.800341032699802057e-01 2.572329400719283843e+00 6.847376859918759884e+00
2.601922104721420326e-05 -1.505640537282364377e+01 8.768959211407864607e-02 1.239777942061858927e-04 2.446687117065207140e+00 7.891345330676527325e+00
2.596708984182433908e-05 -1.505591094782876915e+01 1.215639646000304941e-01 5.836304448381466996e-04 2.418393923558969760e+00 7.342407472459928641e+00
2.592722963109832712e-05 -1.505494715521986393e+01 1.275714386434851377e+01 1.999752780769463879e-03 2.578324704937555722e+00 6.592214544527710274e+00
2.599544776635502456e-05 -1.504981947198285575e+01 8.865246934350924590e+00 8.952450520661594602e-04 2.531821176722833577e+00 5.855789363416098681e+00
2.600568074548527685e-05 -1.504692590439863942e+01 3.376193282092188497e+01 3.812136863286288979e-02 2.567546524066008473e+00 6.340510453153356707e+00
2.623731558721294433e-05 -1.503555825223951636e+01 6.350071744114380579e-01 3.361265329910167327e-03 2.457720436985407542e+00 6.219875819225189062e+00
2.650501993370718242e-05 -1.502290676225263155e+01 9.391277287133111429e+01 3.751021866409263716e-01 2.392003358284991332e+00 7.348322814019025095e+00
2.725527506463985370e-05 -1.499249382603683678e+01 4.504876186714323327e-01 1.262095969237719828e-02 2.696433047351737944e+00 7.921045404778286780e+00
2.734438867068351246e-05 -1.498672956838118608e+01 7.488514032131095632e+01 6.828379806425730614e-01 2.512067852003730284e+00 8.188950386274072457e+00
2.788703862856921792e-05 -1.496457889316640610e+01 5.583098559781219938e-01 1.482058512665877705e-03 2.726470306301342461e+00 6.606551104308197253e+00
2.799385656563966029e-05 -1.495825583103392908e+01 1.602552233109124913e+01 3.541691526099170978e-04 2.582228639238528523e+00 6.363392531239819405e+00
2.794689716197911356e-05 -1.495743472920965189e+01 1.443385472309348105e-01 1.890262210741035275e-03 2.430100260754802566e+00 6.951964787447622918e+00
2.791369730747489300e-05 -1.495612339749106212e+01 4.628391437180209067e+01 7.790825830362530825e-03 2.580781489263716644e+00 6.254791456266133309e+00
2.819245449122181850e-05 -1.494368653785835299e+01 3.052824846648339308e-01 6.197938342966222321e-04 2.570268178564466766e+00 6.097543661456400699e+00
2.834568671357129229e-05 -1.493576603430901883e+01 7.656195209197994012e-02 3.053822253624930566e-02 3.191800303979653197e+00 1.908986065016830480e+01
2.873948478602995739e-05 -1.491946895499668457e+01 6.418926003855395912e+00 3.794463630905977615e-04 2.439120615598728392e+00 6.164128980163084748e+00
2.923940876178735679e-05 -1.489972349427354459e+01 1.034983811646347451e+00 6.244351705369244332e-04 2.539430367255191889e+00 9.826996804589953172e+00
2.956953137408615178e-05 -1.488599642304550663e+01 7.875348502256135363e-02 2.510429903648946429e-02 2.923944299185649687e+00 1.375426886449462849e+01
2.964331861790923448e-05 -1.488100415043823332e+01 4.888718462701019396e-02 1.591883070309382548e-03 2.477415506582012039e+00 6.343583661419352815e+00
2.972554147304291432e-05 -1.487573425027246010e+01 9.057500772545333234e+01 3.109969915609727131e-01 2.449557533739826987e+00 8.054087902156169321e+00
2.987392703242994650e-05 -1.486825481439134045e+01 5.211476194988896538e+01 1.430697584162646807e-01 2.536537848129078121e+00 6.090187083175267801e+00
2.982458022304224134e-05 -1.486740801554813096e+01 3.032331203491989147e-01 7.818773372799904878e-03 2.613912303610707255e+00 6.407151973521291843e+00
3.024239141225131732e-05 -1.485099627948802414e+01 2.633103618661768053e+01 4.228894364843179682e-02 2.555852836621133051e+00 6.610910074743374665e+00
3.027111721411322430e-05 -1.484754687811726725e+01 9.205121343482892016e+00 9.907246632658385510e-03 2.415375256082747502e+00 6.635112169597603859e+00
3.086076604157837543e-05 -1.482575523901556913e+01 6.249445554871675057e+01 6.943741252814649156e-01 2.019717106014661478e+00 1.429812920084195227e+01
3.148390078753538645e-05 -1.480326457969299803e+01 5.850129831993529095e-01 1.094843672277341640e-02 2.698881483838421413e+00 8.236975587240475960e+00
3.162662551270763498e-05 -1.479624156342750041e+01 9.902577869888846696e-01 6.314182347982539916e-04 2.750694437276571591e+00 5.712663829126616299e+00
3.156145496541419755e-05 -1.479580431228482773e+01 3.487412442857343864e-01 8.973597964172644326e-03 2.652851688453473855e+00 6.169651747693064792e+00
3.157309056033226117e-05 -1.479293571550621778e+01 4.519288782337523713e+01 3.344767846723659122e-02 2.450974011396732877e+00 7.754827313560575419e+00
3.153122685251311325e-05 -1.479176252532452907e+01 3.904318600784155535e+01 1.008101630805572496e-02 2.568781699233862348e+00 6.292583208154626462e+00
3.151901841680479141e-05 -1.478964978585963763e+01 3.014098530059958203e-01 1.803194764999830723e-04 2.431788543497944044e+00 7.544572891062111708e+00
3.174098010391633823e-05 -1.478013231500366231e+01 3.553633497899887317e+01 3.262678070413262965e-01 2.479426460742360394e+00 9.068507793927436111e+00
3.214811127697686147e-05 -1.476488720702452717e+01 2.765572838658719590e+01 2.956607171797848502e-04 2.514679894951104444e+00 7.515246535452867249e+00
3.210666447004172026e-05 -1.476367728428964732e+01 1.996268817110113503e+01 1.333872573826838258e-04 2.522665365773271606e+00 7.438217797657069141e+00
3.214573922237515740e-05 -1.475996099493998948e+01 4.880844091661883155e+00 3.383540196652352894e-02 2.428001747774793273e+00 9.781833925774400029e+00
3.229762943760995658e-05 -1.475274707325474743e+01 1.977144033342391083e+01 1.437046459138069561e-03 2.423481087166261538e+00 7.414481825726266351e+00
3.293746792002468068e-05 -1.473063005642956114e+01 1.029843551060997786e+00 8.494620216177814834e-03 2.732436601200915582e+00 6.256231231310875884e+00
3.287316688921276478e-05 -1.473008417984623719e+01 1.502377167560699778e-01 4.933879609734035786e-04 2.448596359195025052e+00 7.710527936820615658e+00
3.280135547847949726e-05 -1.472977106866595243e+01 5.117914428911961799e+00 3.346345367420342637e-02 2.424792279250492566e+00 7.032240197488762057e+00
3.278130973472979069e-05 -1.472788238094820912e+01 3.242162174323112711e-01 3.179083734040915807e-03 2.450029056632836433e+00 7.845068275339907693e+00
3.270251367687990114e-05 -1.472778896296417983e+01 3.498579689943624516e+01 5.216441195969873101e-02 2.550108159250566775e+00 6.350656824175461956e+00
3.286628707775378767e-05 -1.472029348525018655e+01 1.388112006735755521e-01 1.751745048962444554e-02 2.936800164851907979e+00 6.837070782910116051e+00
3.296063503604362350e-05 -1.471492693703964783e+01 2.588059806825966924e-01 3.501437581891455523e-04 2.459288051457867663e+00 6.597635132709455341e+00
3.312496509922228959e-05 -1.470745367806812531e+01 2.726962129153957548e+01 3.694812487011301522e-03 2.461015578933038572e+00 6.634673824892789007e+00
3.305676837816951192e-05 -1.470701457135716161e+01 5.872610200720146167e+01 6.032875411697068424e-01 2.157285922416921853e+00 9.834552644415090583e+00
3.301491876909969266e-05 -1.470578136554612136e+01 1.245141206256833222e+01 8.515113282978760412e-02 2.465095230794401626e+00 8.786082267520864519e+00
3.350845240588469829e-05 -1.468844319113609487e+01 2.658797934002687668e+01 3.416807664688498725e-01 2.055529650110831330e+00 1.269986760028286987e+01
3.363744503013994011e-05 -1.468210102689775631e+01 1.672395588498366692e+01 1.618060775459957907e-04 2.438762673330872932e+00 6.974056563849748258e+00
3.419764525323679897e-05 -1.466308411931197320e+01 8.090555679754177221e-02 2.567933675292276979e-02 3.179788874498337137e+00 1.690270448369897238e+01
3.422129342941171925e-05 -1.465989284354616728e+01 3.938967199747259063e+00 1.606563724629694878e-02 2.488824114189840842e+00 8.592334184963387855e+00
3.471524607091580920e-05 -1.464306195026870761e+01 9.506485851921403496e-02 2.025060033057129050e-03 2.558941177416850898e+00 6.205122166521226390e+00
3.517927722682488028e-05 -1.462728371466934263e+01 4.304727099283101044e-01 3.142918580031439191e-04 2.469074909625980752e+00 6.411969211294087145e+00
3.556856262368027238e-05 -1.461377873341421285e+01 7.470842658334178599e-02 1.674235501363658101e-03 2.566991540159103913e+00 6.604310318076654696e+00
3.552691221215540019e-05 -1.461245040900639225e+01 2.214084657956026803e+01 9.443973156666801098e-04 2.467092240335465370e+00 6.559453160322206600e+00
3.563760206954210081e-05 -1.460683959042587432e+01 5.299932148527355391e-01 3.516794552877832011e-04 2.422284779761469053e+00 8.538704868426194139e+00
3.563123060258772327e-05 -1.460451839136121599e+01 9.650518780079277159e-02 5.236641455280910623e-04 2.552394209784000889e+00 6.197019673759493585e+00
3.558872385423611192e-05 -1.460321206674960948e+01 9.131236084607861903e-02 1.566048633838810654e-03 2.559794513899828594e+00 6.243322042986530818e+00
3.590300620129549753e-05 -1.459191987857952988e+01 2.225665339651002128e+01 4.596815489167457858e-02 2.524690535207385622e+00 6.461663323799770708e+00
3.647266388453409712e-05 -1.457367786343909266e+01 4.508065954618495907e-01 2.841734817894753067e-03 2.560160812120826357e+00 5.854690095941716521e+00
3.639399313889698958e-05 -1.457333717139744778e+01 1.279196875204983153e-01 1.547176701157242790e-02 2.547989975701576260e+00 1.102643452012286573e+01
3.641958883123255720e-05 -1.457013412417198950e+01 1.829333340414814324e-01 1.268793248104989335e-02 2.527810194026166801e+00 9.406826171311731599e+00
3.638739320569865540e-05 -1.456851853461537338e+01 6.307606420357540600e+00 1.383935429143892323e-02 2.240431235700306445e+00 8.347283369669380448e+00
3.633850618380850180e-05 -1.456736295330703790e+01 4.148161548997797432e-01 2.929257304127154773e-04 2.491296783014641303e+00 7.946751394315386463e+00
3.637577502491376978e-05 -1.456383787697404664e+01 1.115852325644981491e+01 4.098744661322104802e-04 2.485159891594334702e+00 7.739047947256382010e+00
3.628909523067691848e-05 -1.456372361949434335e+01 9.445822294260959495e+01 2.859159311285620550e-03 2.509319920937541859e+00 6.262407274631051735e+00
3.628236771431810374e-05 -1.456140902340119681e+01 1.531904228859688999e+01 1.657404569003854272e-02 2.428503121716834912e+00 7.705959309026482629e+00
3.680420453111915504e-05 -1.454462881655409667e+01 5.086116737141382060e+01 3.892178825691623625e-04 2.516288655756316217e+00 7.403662314209424444e+00
3.692878455395997520e-05 -1.453874959260192590e+01 1.540119623644790181e+01 1.083929226800745826e-01 2.384927763658939881e+00 9.616543258591626397e+00
3.697133649222235314e-05 -1.453509798574762968e+01 6.223273806193594382e+00 4.217779665315699034e-02 2.160665642774387329e+00 1.282399362463229409e+01
3.824520886829117664e-05 -1.449872261468382462e+01 6.471284860149826734e+00 1.370818832840478162e-04 2.575058157533979930e+00 6.480790471890628623e+00
3.822311000337312646e-05 -1.449680060216568300e+01 3.010615201748891023e-02 8.305576802441945201e-04 2.557732025236130635e+00 6.761154188591196323e+00
3.822334813520376673e-05 -1.449429437213655270e+01 1.019802000114773843e+00 7.086827339586682963e-03 2.597925335027597704e+00 9.825380204056969546e+00
3.850869754179165282e-05 -1.448435678280927519e+01 1.248395949703392238e-01 1.962500081903612199e-03 2.523273047949445846e+00 7.306183294181535004e+00
3.914091809163472712e-05 -1.446557249046479043e+01 6.113547859678369889e+01 2.255500231342578033e-03 2.451989149144612856e+00 6.880404995230115617e+00
3.942730120020908877e-05 -1.445578240855939356e+01 1.883921592547853074e-01 2.802849797161855133e-04 2.444286350354923254e+00 7.126887068478778176e+00
3.935587013356681450e-05 -1.445509576755489256e+01 9.181754271066798978e+00 7.266670030659003188e-02 2.324681386463005595e+00 8.579524121173172091e+00
3.945178659601227591e-05 -1.445016157489425446e+01 3.768263285747632096e+01 4.082870992310175251e-02 2.497572246319300415e+00 7.482905078578262703e+00
3.944799223733324862e-05 -1.444775775662601447e+01 1.699402347133871061e+01 3.008567097156902501e-04 2.559829373826175036e+00 6.608688529128427191e+00
3.949801521810431741e-05 -1.444399048576386591e+01 1.123095639181878447e+01 1.760835924545648464e-03 2.551840796808201972e+00 6.829299115246084462e+00
4.007294211303916452e-05 -1.442703956247954089e+01 6.838416163944876303e+01 1.143002876570141076e-04 2.549309029405280924e+00 6.892382668204021456e+00
4.000721267657729555e-05 -1.442618115399232792e+01 1.219725484973126584e+01 6.546846383361881565e-03 2.434354265674987250e+00 7.563352856392001833e+00
4.042674532006784526e-05 -1.441324932995934383e+01 7.840474080905538301e+01 1.065339896735088693e-01 2.448454685421203258e+00 7.397819496391258021e+00
4.038683535534752636e-05 -1.441173703444246001e+01 3.046266346154020965e+01 3.763919153354759045e-02 2.465865096233114784e+00 7.367615928946928960e+00
4.028963236190590810e-05 -1.441164673440150068e+01 1.851603802771866469e+01 7.039572682706970617e-04 2.549101785124256558e+00 6.872219151323489150e+00
4.164843397303216391e-05 -1.437597714054669140e+01 5.407678738484745651e+01 4.420926897198419470e-01 2.248073533772401156e+00 8.822403884402639562e+00
4.331549910692732456e-05 -1.433423039076266825e+01 4.750897850528085087e+01 7.112125800164322831e-01 2.034593774391855181e+00 1.564795443961303612e+01
4.326419592992795325e-05 -1.433291549964950562e+01 1.282108579319561070e-01 1.646441269446621434e-04 2.552170862242426175e+00 6.714137024527671471e+00
4.317934217051819820e-05 -1.433237871838229083e+01 2.025432416039090455e+01 1.894998902093610158e-04 2.466987787005789912e+00 7.510537641252543750e+00
4.313063295382074658e-05 -1.433100742272494443e+01 4.443139206458420754e-01 2.438055266552727543e-02 3.022410336500252814e+00 7.993524932260765326e+00
4.308029794071611257e-05 -1.432967514051436630e+01 3.669951907813077696e+01 6.005293813096375909e-03 2.546097094633071656e+00 6.628413415838657841e+00
4.302943254983503162e-05 -1.432835654931700908e+01 1.199341268906440128e+01 2.839748962657007506e-04 2.541606411340809224e+00 6.309657209647728138e+00
4.297681068662228030e-05 -1.432708022489679855e+01 5.897843091477766864e-01 1.929869472635864155e-02 2.535640444393655102e+00 9.824297464715959549e+00
4.298362910235375940e-05 -1.432442158411361000e+01 5.811736394652143645e+01 1.848186374042062982e-04 2.469845680704176427e+00 7.507341498920412803e+00
4.312930727394799182e-05 -1.431853815958539577e+01 2.624230657020890689e+01 1.594619436782399990e-03 2.460061699363520038e+00 6.861441574387457720e+00
4.312970118430363317e-05 -1.431602902638615049e+01 4.470025705513647551e+01 6.501960933007656651e-01 2.249970315840037483e+00 1.833426042835962733e+01
4.311568740226555776e-05 -1.431385400102864303e+01 5.577490652631835744e+00 5.735829182603516957e-03 2.436426203285836145e+00 9.783786207786997480e+00
4.304207729807941481e-05 -1.431306272971612792e+01 6.897509968636848043e+01 3.305032499277971571e-04 2.451900338243393040e+00 7.300016989675072843e+00
4.316105671785152773e-05 -1.430780228494383621e+01 9.812850609881637354e+01 1.039482449690623924e-03 2.453542637561400230e+00 7.344309152001304852e+00
4.431701202872706367e-05 -1.427887228672361353e+01 1.673867423673241817e+01 4.325152025161865072e-04 2.451042385631108100e+00 7.283022336178490264e+00
4.461344625002709182e-05 -1.426970560975051505e+01 2.019248237983253813e-01 1.450115124611390085e-03 2.454504468918997429e+00 7.285991193294313994e+00
4.497799028677857748e-05 -1.425906764338421873e+01 2.093403849198394795e+01 4.310049358196764934e-04 2.453148609053950047e+00 7.247551730065159958e+00
4.490506458174851613e-05 -1.425819032345753001e+01 6.297080202005514438e-02 1.289288580380040881e-04 2.548735373533284942e+00 6.700817389141691116e+00
4.506797613971899656e-05 -1.425206897789220939e+01 7.500258094305111811e+00 2.667618895978671537e-02 2.514558701331506718e+00 8.639681590010571455e+00
4.548423219093438059e-05 -1.424037518812351344e+01 2.631227081564781400e+01 1.852093484253521452e-02 2.507084346310447298e+00 6.724701435857237897e+00
4.543663015006499872e-05 -1.423892229753258043e+01 3.535039182780700884e+01 1.739629135598171224e-04 2.494971289463472797e+00 7.399249465656844826e+00
4.555822937698402711e-05 -1.423374963448470076e+01 3.048815494882805566e-01 9.157861062511301470e-03 2.443478316401442196e+00 7.844397179370246498e+00
4.570607820848383022e-05 -1.422800961733559255e+01 4.337032923037957843e-01 2.259301304211579556e-03 2.548022109831356463e+00 7.438405375098877670e+00
4.597443558878161463e-05 -1.421965541483161388e+01 5.927115418130948082e-02 2.443708853585492558e-02 3.036074949585138683e+00 1.973570825385125005e+01
4.596984040779688820e-05 -1.421725537061328026e+01 1.355779560337423817e+01 3.290068816582118055e-03 2.445807414125140244e+00 7.369047200941532871e+00
4.602085647524277478e-05 -1.421364621339619738e+01 4.713234072426892851e+00 1.157179493519455487e-03 2.472450894538963162e+00 6.424500172108758456e+00
4.616815514593115919e-05 -1.420795063089789245e+01 4.841799868592806533e-01 4.854721523915292219e-04 2.481195076841785419e+00 8.282610876531512289e+00
4.630564631226114067e-05 -1.420247700451993111e+01 6.925558936783303032e+00 5.904105570662463234e-03 2.424409136288756983e+00 9.905515298147754777e+00
4.633692015320265421e-05 -1.419930185392074939e+01 8.647803269547532645e-02 2.141887615191017953e-04 2.536568863365020743e+00 6.934738933893012991e+00
4.622132926638992061e-05 -1.419929954478309320e+01 8.826723885183263008e+00 6.441627110673919798e-02 2.400630090601042710e+00 9.727511766074291799e+00
4.619211171894242729e-05 -1.419743186727015782e+01 4.279739816480677139e-01 3.548643587573137477e-03 2.512367190620592439e+00 7.724169979504406314e+00
4.610318450609648602e-05 -1.419685888292537790e+01 3.631005140884582122e-02 2.104665264490762980e-02 2.831109285137801912e+00 1.734929994086499505e+01
4.599593538679643689e-05 -1.419668787733712279e+01 2.808713655156254707e-01 1.512052751509666317e-02 2.608023045724380928e+00 6.555732699370164340e+00
4.593970774178153017e-05 -1.419541107326227269e+01 6.658115927198163320e+01 1.234923899691684618e-02 2.489020663033589820e+00 6.578002071767923731e+00
4.593862500299679169e-05 -1.419293464223120083e+01 5.513317899538332928e-02 1.737054427135859350e-02 2.687423989086371812e+00 8.054821457124496931e+00
4.586491068459010970e-05 -1.419204055716022772e+01 2.780570893103057051e-01 5.351506457906339380e-03 2.529078459536917567e+00 7.188855527888700969e+00
4.577342366905715667e-05 -1.419153725530131105e+01 1.109481284005883611e-01 2.667806713182583472e-02 2.867812661750589687e+00 1.945420004614929610e+01
4.613274639856822825e-05 -1.418121787690540003e+01 4.599597750104810245e+01 3.502034534495141460e-01 2.275414208548404371e+00 8.890493169231740822e+00
4.602570880137290849e-05 -1.418104078140924251e+01 2.104490500357963967e+01 6.680166922564676531e-04 2.485886445426875646e+00 6.614744782908196896e+00
4.619265517212458195e-05 -1.417492010227468313e+01 1.008580552619318205e+01 1.124759599425718438e-02 2.425990643482329290e+00 7.626632639495587895e+00
4.623250404277870024e-05 -1.417155780734413106e+01 1.669858109609577923e+01 2.898676268906788100e-03 2.498788415548965691e+00 7.382595534622915956e+00
4.618961898518388369e-05 -1.416998583321645455e+01 9.932878601176216293e-02 3.689852408351375693e-03 2.458947013514633628e+00 7.084206591332172565e+00
4.672612038312548506e-05 -1.415593757747434900e+01 9.998570598816949317e-01 1.715206708871302955e-03 2.767156379579713388e+00 5.987518015526811510e+00
4.683877527554753030e-05 -1.415102951735592107e+01 4.923631348516002704e-02 1.333030074091503354e-03 2.479348171899004249e+00 6.705963642319026086e+00
4.680429074881123141e-05 -1.414926602737762806e+01 1.071825725758855791e-01 3.881538317697263052e-04 2.462153081419838685e+00 7.216045722672897789e+00
4.683008916958822111e-05 -1.414621498145940137e+01 4.447950513973766817e+01 5.957201915072372553e-03 2.503720864651647560e+00 7.278378955701541919e+00
4.675865305010513099e-05 -1.414524157817739081e+01 8.189092353492758036e+01 2.922613429195191070e-01 2.439573251604749249e+00 7.565355726921049850e+00
4.678477820163817806e-05 -1.414218301084962093e+01 1.755013264759964642e+01 1.917604154746202771e-01 2.350759972827184185e+00 1.217046620688119773e+01
4.679007181600003021e-05 -1.413956986903071211e+01 1.941980247796001868e-01 1.341305639701909384e-03 2.507568978536588666e+00 7.248826507955609344e+00
4.703033883924412687e-05 -1.413194800808768647e+01 8.047251893023403824e+00 5.846352448739980476e-04 2.375413588864009107e+00 7.415497996576649875e+00
4.706102169850130825e-05 -1.412879581515159799e+01 1.230088787012413754e+01 3.995119144410391038e-02 2.479976190348295084e+00 7.726592678321413388e+00
4.703411780107599971e-05 -1.412686765973999314e+01 5.355870799797634446e-02 4.062978263566683311e-04 2.512300826038487589e+00 7.197199923430765089e+00
4.745681383501838623e-05 -1.411542079370262570e+01 4.159056173855173455e-01 4.778587510216803966e-04 2.478063069327817836e+00 7.781652279652570670e+00
4.740331113212674911e-05 -1.411404882739609512e+01 4.016501833119104958e+01 8.514322433708816640e-04 2.468996380208175800e+00 7.296286773466564846e+00
4.788955561934713672e-05 -1.410134347364915541e+01 7.204614265098278736e+01 4.377334669468165712e-02 2.478900778719809850e+00 7.318692359898100186e+00
4.791478544299950166e-05 -1.409831677884690038e+01 5.559276278819962336e+00 2.442858023955849639e-02 2.580470605634410219e+00 7.141351174612817765e+00
4.869577315288892692e-05 -1.407964867601894454e+01 4.468649935590604372e+01 4.742652904794872793e-04 2.479787341958485491e+00 7.308781967654269351e+00
4.878184677737126384e-05 -1.407538265737969851e+01 7.729890850547274650e-02 1.774492067365095183e-02 2.841324809472366653e+00 7.004746551816876554e+00
4.873607390145186843e-05 -1.407382141569124201e+01 5.697897625607153316e+01 4.267114780040235367e-01 2.516608547351593117e+00 7.126874109669254942e+00
4.895419760321386771e-05 -1.406685579059093705e+01 2.855296832779801730e-01 1.230205572289825178e-04 2.483600246076459239e+00 7.298360255298723231e+00
4.904650961825479297e-05 -1.406247188495473388e+01 3.128049012389229333e-02 2.311990868365148329e-03 2.535286466607481692e+00 6.588141170711988792e+00
4.902715333080693731e-05 -1.406036661453079084e+01 4.191693480139627170e-01 1.660805510131047437e-03 2.535868740524327869e+00 7.485116291858645354e+00
4.891106771710761691e-05 -1.406023720421112344e+01 3.265564082824440817e+01 3.918505688921216160e-03 2.475335604554939284e+00 7.070082928834978020e+00
4.959844943055956957e-05 -1.404378133700395281e+01 1.740476512820106625e-01 2.762890129465338023e-04 2.530233680934125040e+00 6.865522390059797253e+00
4.958740619796438186e-05 -1.404150401457366826e+01 1.484337746657527290e+01 1.687322187939588880e-01 2.225804626317415824e+00 1.013800880243536540e+01
4.976162149885524197e-05 -1.403549687447374339e+01 1.043780888979827104e+01 5.356690076131156997e-02 2.408375910120386099e+00 8.752930369368188579e+00
4.986031939652401334e-05 -1.403101542482372643e+01 9.525687484321666565e-01 1.143675213630908349e-02 2.711291114984432760e+00 6.293629027624184857e+00
4.974994379745378506e-05 -1.403073157486098665e+01 8.296100080379947883e+01 1.389213097381794288e-03 2.502230342970236165e+00 6.603395586821086738e+00
4.974373137348570104e-05 -1.402835645564291411e+01 6.237222017463236767e+01 2.276392501646047270e-02 2.475887908665450610e+00 7.183292444388420073e+00
4.966723938879320273e-05 -1.402739536023667810e+01 1.035852235702828850e+01 1.140095610982366503e-01 2.120453742527867114e+00 1.573215056528553291e+01
4.966008473025303524e-05 -1.402503942247969171e+01 8.945920308616948924e-02 1.176996238593284484e-03 2.518943873886383855e+00 6.555354426504207410e+00
4.956819328057935042e-05 -1.402439154523711906e+01 5.352069024768819627e-01 1.217438456411585766e-03 2.690406085819450510e+00 5.455704927109193747e+00
4.959662581369848113e-05 -1.402131810529827582e+01 5.790107598583631859e-02 1.089809274970588549e-04 2.476467586665837217e+00 7.210555778900610058e+00
4.952252340387370015e-05 -1.402031332442022205e+01 4.373464452643557543e+00 8.918345124793513462e-03 2.486282597284497520e+00 9.072944896576911944e+00
4.952368995853533251e-05 -1.401778976865524839e+01 1.127307404004132074e+01 1.156627181589763568e-04 2.488183983746322880e+00 6.702334832924988106e+00
4.940927858363420287e-05 -1.401760267662902670e+01 5.845972822928245272e+00 2.345315574515404594e-02 2.333425648079222370e+00 1.088765162850281065e+01
4.932368901127079657e-05 -1.401683643579555039e+01 1.799742218562601437e+01 1.107902444696667882e-04 2.527083304297902178e+00 6.890034615583676469e+00
4.933261622025891010e-05 -1.401415545985100053e+01 5.232273039903083678e-01 3.211020118096979958e-02 3.027754005076558563e+00 1.510398346806947600e+01
4.975417427110095952e-05 -1.400314654373399215e+01 6.560604003610504442e+00 1.912124315875017783e-04 2.432477310175463536e+00 7.798379313352414854e+00
4.971166865228237263e-05 -1.400150122148379772e+01 5.700595820088029120e-01 6.154818160360784165e-04 2.452247225376622097e+00 6.493109471357520590e+00
4.963846233151573110e-05 -1.400047492530866045e+01 3.436781455549366843e-02 5.987679656384876231e-04 2.523392650000545245e+00 6.934168380521350983e+00
4.993349711326710650e-05 -1.399204884638391988e+01 5.158772636509435294e+00 1.781776204419702734e-04 2.511725152099469671e+00 7.704103078783528957e+00
5.021350209925366911e-05 -1.398395695211215006e+01 1.500873879599779748e-01 1.021393639289462987e-02 2.485083039787885362e+00 8.429899115941619669e+00
5.015336695793129180e-05 -1.398265525886582772e+01 1.089061226699558627e-01 8.173951717160422674e-04 2.522546442491190088e+00 6.618733368448821430e+00
5.016115763972802256e-05 -1.397999993376522276e+01 1.745973606573051340e-01 1.774026621870786961e-04 2.491638102199096316e+00 6.736535664640655341e+00
5.038909344279867309e-05 -1.397296615705051259e+01 7.482534028684659222e-02 2.212063263427896907e-03 2.491697415375714542e+00 7.193306445020678730e+00
5.042398012330872779e-05 -1.396977405074587253e+01 2.116762497957184763e+01 1.186470837965543784e-01 2.426461623792171007e+00 7.802516695607936370e+00
5.051189392780853750e-05 -1.396553207689252929e+01 5.584310369690596854e-02 1.237963151457634713e-02 2.643004704860081322e+00 6.091036582431920365e+00
5.047493299442359970e-05 -1.396376407206777337e+01 3.722442660679251958e+01 6.179465033277754989e-03 2.480858041397607572e+00 7.053590857795197344e+00
5.049594950492863828e-05 -1.396084778352421907e+01 4.001920474201622824e+01 1.174980928900952806e-02 2.479589364273937502e+00 7.090451322199241346e+00
5.082830203364354017e-05 -1.395178758267198837e+01 5.236620639658862153e+00 3.256353251171375390e-04 2.412761364240411321e+00 6.578209588157291066e+00
5.098456925514008114e-05 -1.394621788544750629e+01 4.066922829197573003e-02 1.099258278071056752e-04 2.515777824151018471e+00 6.969641677263522794e+00
5.141770034866985806e-05 -1.393525843082422000e+01 2.187387812981027935e+01 5.283763035061410070e-04 2.517640934993824686e+00 6.712608669812641260e+00
5.143983398439604853e-05 -1.393232805620535686e+01 6.250341194010315071e+00 2.670580711414112605e-04 2.425210924368233378e+00 8.200480413021221437e+00
5.173470939436171053e-05 -1.392411199092044427e+01 8.402778515059933229e-02 2.014113700797607112e-02 3.034315852526150437e+00 7.796511697914169758e+00
5.222858969959025407e-05 -1.391211086841285649e+01 1.627909028166644845e+01 5.508506504369135165e-02 2.502001396589766280e+00 7.060207178473903333e+00
5.230256199138351230e-05 -1.390819555244350703e+01 7.346721772450410803e+00 3.804554304639305023e-03 2.315600092099411533e+00 7.196872752120675010e+00
5.241454894164846107e-05 -1.390355670441840452e+01 9.718050622679919570e+01 1.478933558079936793e-04 2.506820925269728217e+00 6.738454814483678668e+00
5.312209466433757748e-05 -1.388764797168770748e+01 8.395734910650218263e-02 2.392750211177528392e-04 2.494137908994733088e+00 6.878104299132993482e+00
5.341791323506270631e-05 -1.387959476521130142e+01 2.012366336076817364e-01 3.725036055362145569e-03 2.503029092009890544e+00 6.756269350708011601e+00
5.390696533786541847e-05 -1.386798121215206514e+01 1.470026834457626719e-01 9.870469646889414635e-04 2.502781214613913008e+00 6.899546352261324955e+00
5.387398602686461341e-05 -1.386609318136577507e+01 2.239833068721194531e-01 3.769894816047230854e-03 2.514604407002872133e+00 6.792067153944887359e+00
5.424459753761708098e-05 -1.385673750586387065e+01 1.004698010432106337e+01 3.031578944101580644e-02 2.454537095477826281e+00 7.139700522121582793e+00
5.414094953309859918e-05 -1.385615008625700995e+01 3.636706852006589830e-01 6.023076792969614054e-03 2.454448351663595318e+00 7.106713041246997875e+00
5.403614859451574983e-05 -1.385558766774484596e+01 9.737296401401696500e+00 4.804452295196287408e-03 2.468431251328480514e+00 7.689482805565094559e+00
5.398737894053685736e-05 -1.385399061284218192e+01 7.391482030728973029e-01 8.041552574206081326e-04 2.527868885440879509e+00 5.851815858297977790e+00
5.426752778961312817e-05 -1.384631487563211749e+01 6.446865846164024028e+00 8.951115211981048323e-04 2.412301135913220484e+00 6.348234611911097502e+00
5.497962170141525309e-05 -1.383077830671023101e+01 5.785853431410667547e+00 8.722594332052562927e-04 2.593055738889461725e+00 6.468831148939515607e+00
5.495450718750372916e-05 -1.382873520784915833e+01 5.403459091396106473e+00 3.867160772619945841e-02 2.470943849502004852e+00 9.644401376837693718e+00
5.489198794117868072e-05 -1.382737351004082349e+01 6.544775051761407836e-01 9.249236671629354868e-04 2.570213947680235478e+00 5.639276024029266310e+00
5.515522483313020489e-05 -1.382008942896538173e+01 5.372681484264286489e+00 3.105408969158066339e-03 2.255502122237543539e+00 8.393798584638270555e+00
5.504267178615262498e-05 -1.381963217369226093e+01 1.267291239808514902e+01 1.049299015510237083e-02 2.492781213712499611e+00 6.938789522757816464e+00
5.525182113965258112e-05 -1.381333960710721165e+01 3.432624837487633362e-01 1.388813032837612105e-04 2.529064074037728371e+00 7.192573145776681720e+00
5.512144788612178886e-05 -1.381320201451464769e+01 7.500178023711902009e-01 1.483632519972175479e-03 2.463264590320557446e+00 9.619672958422288644e+00
5.499812177935609417e-05 -1.381294187358239967e+01 2.669739508170941855e-01 2.674318692357431637e-02 3.054603748216693671e+00 1.610095135678967893e+01
5.571816807613904325e-05 -1.379743463770702938e+01 6.268870045902642296e+00 3.603207440799242184e-02 2.179727570040679741e+00 1.145342901357885168e+01
5.559022656858797549e-05 -1.379723350410079163e+01 4.275519559000403369e+00 2.220935292710814733e-04 2.446843045333950695e+00 6.627163516549791744e+00
5.574678767692236236e-05 -1.379192112023027406e+01 9.934438257740517697e-01 1.690502476083186522e-03 2.706549078637397354e+00 5.889584498884504526e+00
5.620746973770917828e-05 -1.378119124721570898e+01 1.625671833599167826e+01 1.834177073758796583e-03 2.496439688286751668e+00 6.911547447391961363e+00
5.645723737884508086e-05 -1.377425741772807477e+01 5.896757130710721384e+00 3.412373564580052209e-03 2.576344406486194227e+00 6.191479258324418922e+00
5.656466337834452113e-05 -1.376985644046384216e+01 8.426913908601079584e+00 7.089503509257856842e-03 2.413398086974197998e+00 6.596352261771503578e+00
5.657581110519461218e-05 -1.376715938053569133e+01 5.559755968608743465e-02 5.285252660908593310e-03 2.530796978567792621e+00 6.888258470726145610e+00
5.653022195610131451e-05 -1.376546551174422461e+01 1.914321058434886036e-01 1.800259419659223578e-02 2.716669761650591042e+00 1.154066572084113673e+01
5.718404189717057450e-05 -1.375146603711579907e+01 8.641176946695214411e+00 2.338798328932386456e-02 2.402780754467219726e+00 6.749216844786861458e+00
5.710096357859667960e-05 -1.375041991696402555e+01 6.919063598169186946e+01 8.084941213579773800e-01 2.015356977537822392e+00 1.616292530832567564e+01
5.894293927161214740e-05 -1.371617106382233864e+01 7.435019591717359488e-02 2.050549011750962131e-02 2.950423481415786142e+00 1.348026802514455547e+01
5.899369516801699156e-05 -1.371281033212892098e+01 4.165772467832231651e-01 6.453163345724217091e-03 2.458521453155478209e+00 7.358685894961104701e+00
5.888850042862411318e-05 -1.371209507607237654e+01 7.942644024457242047e+00 5.917096045197633297e-02 2.391196129994537234e+00 1.077110174502790407e+01
5.896739865933563180e-05 -1.370825618267614310e+01 4.998493646438975091e-01 1.479554476404231454e-02 2.478781386256486918e+00 9.528053347382408944e+00
5.886150300304483985e-05 -1.370755363106626845e+01 5.154859867859293132e+01 6.117780040040414757e-01 2.262739719005912420e+00 1.519841888221786874e+01
5.912442143959765507e-05 -1.370059684737806904e+01 4.612670938182989566e+00 1.610641229609431624e-02 2.451212530980148241e+00 7.122252149763034446e+00
5.900423348759421479e-05 -1.370013171340695912e+01 1.009581577003464264e-01 2.386428071138261067e-02 3.161801965719449825e+00 1.053755872018817108e+01
5.911816108854833562e-05 -1.369570273733617327e+01 7.644191626150137475e-01 1.323316300187219081e-02 2.731666733109235690e+00 1.032262177194170860e+01
5.907721568628905708e-05 -1.369389558006851004e+01 5.307425047481268976e-01 3.601086563675745924e-04 2.453995579629437707e+00 6.570924180797561576e+00
5.895378958535559737e-05 -1.369348699910944056e+01 1.341895927811460887e-01 2.171491775465017246e-02 2.836649581892197958e+00 1.548670195992990095e+01
5.918220362690302863e-05 -1.368712002647953341e+01 7.873833549168399948e+00 3.754645275251269898e-02 2.287317622647188742e+00 1.051708550904638351e+01
5.927877938216643416e-05 -1.368298951870884927e+01 5.427526677489288298e-01 1.786724539134160877e-03 2.475241991572550759e+00 6.307453769885476902e+00
5.965474042687028976e-05 -1.367416729268565234e+01 3.097143025350719836e-01 1.231268910091435319e-02 2.516477749836838917e+00 8.742316344419112539e+00
5.973807492637372253e-05 -1.367027132069538098e+01 5.485232850550910477e+00 1.862425233891918525e-02 2.261097700322835191e+00 7.852280395876340080e+00
5.988253779765809155e-05 -1.366535596872172320e+01 6.802290189328152437e+00 2.339223791750857126e-04 2.425863295037582468e+00 7.613759510535044406e+00
6.012031319373871191e-05 -1.365889313441760322e+01 6.126143200324517535e-01 7.947020864430097767e-03 2.771202018774628240e+00 5.589899956819162519e+00
6.040890574803736468e-05 -1.365160436853428649e+01 6.559848882677778992e-01 1.244602241395146311e-04 2.732066288785512498e+00 6.000762224829454539e+00
6.036949154961831457e-05 -1.364975703822853781e+01 4.165872732475162099e-01 3.566430024027563567e-02 3.204807739676002853e+00 1.923650336989236820e+01
6.094906193373657695e-05 -1.363770244370749118e+01 2.805953887683047543e-01 1.370404206018524182e-02 2.489451855501908284e+00 9.023416697178710422e+00
6.139425148191840801e-05 -1.362792470206840001e+01 7.159021700937943100e-01 1.199877861555117848e-03 2.798839629130059237e+00 5.414269149818862203e+00
6.162577810590900366e-05 -1.362166065001730253e+01 7.343533189538399952e+00 7.154559076366641401e-02 2.175787247872227326e+00 9.759144497426973430e+00
6.164028253620912248e-05 -1.361892531467371015e+01 1.028985226436317957e+00 2.939836103321699428e-04 2.488671689937042686e+00 8.385653812066315993e+00
6.169434293594675271e-05 -1.361554866867113489e+01 9.235331293506209960e+00 1.542473592056484329e-02 2.410731291997319836e+00 8.050915314854446336e+00
6.157161800444129298e-05 -1.361503989108353707e+01 9.662600711982683777e+01 9.249737381904370448e-01 2.442332434382681328e+00 9.952085864131607451e+00
6.164383663687169896e-05 -1.361136765760177880e+01 1.163471830122978917e-01 2.284640843789890671e-02 2.766196448292299159e+00 1.309822857750254599e+01
6.151390160663122416e-05 -1.361097771711250637e+01 2.077781896257949512e+01 1.683198342982091811e-01 2.465340026788105376e+00 8.394566492859262041e+00
6.233855278569331671e-05 -1.359516084955471804e+01 4.555260062964792134e-01 2.695595788647880270e-02 2.824848327551893412e+00 1.884504810352400028e+01
6.246840118496782730e-05 -1.359058006091284021e+01 7.212052055891842173e-01 8.827419909458246753e-04 2.427802227364451948e+00 7.062835604263508316e+00
6.259619974036486787e-05 -1.358603633952511203e+01 5.029456116118970499e+01 6.077720803232482538e-01 2.360927883829744722e+00 1.252776061853772660e+01
6.254257024686966113e-05 -1.358439345993286196e+01 1.393437039808569722e+01 1.131102274735240193e-01 2.247244777312519037e+00 1.027425083607862355e+01
6.305292108180637239e-05 -1.357376651781940247e+01 8.005179840006602987e+00 8.930790628949208942e-02 2.174881452733247844e+00 1.179365834374029021e+01
6.310690597785914178e-05 -1.357041070023299234e+01 3.294776113458272038e-01 3.053329821794871501e-02 3.188171945693987208e+00 1.688999912621448374e+01
6.300159052759633413e-05 -1.356958093622286476e+01 7.142496541003558264e+01 3.523008162925425069e-01 2.498186217992339309e+00 7.307242459657403266e+00
6.384107278085786579e-05 -1.355384415155369382e+01 3.572514835634015840e-01 3.519482306620654423e-04 2.492430891923697267e+00 7.313165791094338175e+00
6.459848357244900459e-05 -1.353954997236315450e+01 4.144205591248526499e-01 8.325657979775925518e-03 2.544994311655451646e+00 7.606978668521019671e+00
6.445033737290354768e-05 -1.353934594474847941e+01 1.033906853054946673e+00 1.073565598813398109e-02 2.580656873712031008e+00 7.745525027445275157e+00
6.455834541601904414e-05 -1.353517151375645433e+01 7.289012443149374576e+00 8.948090291231258764e-02 2.135485101147016174e+00 1.297958326543516705e+01
6.463569621351945979e-05 -1.353147407762446264e+01 4.050023956216941912e+01 2.383149678845745689e-01 2.455757061009208098e+00 7.176669610575239666e+00
6.546752591894088567e-05 -1.351618667656462947e+01 9.066683477696054538e+00 8.646191478935977151e-04 2.412030181565621323e+00 7.823032091779306363e+00
6.534091228095055168e-05 -1.351562254063079926e+01 1.875974265441454492e+01 2.120102685319052438e-01 2.382264544616575552e+00 1.092737035625037123e+01
6.520016944145114418e-05 -1.351527884104099719e+01 1.709910182539353951e-01 1.699298123835138452e-02 2.797425164393093855e+00 6.684367310792379335e+00
6.507694415230349735e-05 -1.351467058276749178e+01 7.545571663652538064e+00 6.153987446480194265e-04 2.505045893125035228e+00 6.116955696593773695e+00
6.538796758341447566e-05 -1.350740264913406108e+01 6.549651920983846409e+00 7.636301723904216632e-02 2.256088632514100301e+00 1.190526271890262500e+01
6.604529105239624999e-05 -1.349490017401927311e+01 7.518607071665849162e+01 9.702451356360394241e-01 2.020638620971884514e+00 1.430487454852265294e+01
6.609165463007780786e-05 -1.349169842358384308e+01 6.972403923511112378e-01 1.277659600064808389e-04 2.555569816071201039e+00 8.735431226744692523e+00
6.667096449417825993e-05 -1.348047136555081948e+01 8.202366340307936099e+00 3.685307804987353331e-03 2.363029626417213258e+00 7.242750589131794925e+00
6.674009661139190222e-05 -1.347693498786476596e+01 8.990672979519610308e+00 4.551215027647363513e-03 2.521526024407459765e+00 6.909242325417405794e+00
6.690723095622852230e-05 -1.347193386142989979e+01 5.190977490901523689e-02 2.068503716121909350e-02 2.809286125498366982e+00 1.025738544334526026e+01
6.729231389262874607e-05 -1.346369488528429947e+01 8.538704434594379666e-01 1.134792712918569410e-02 2.844417129057263072e+00 7.392999451038202885e+00
6.721453087559128685e-05 -1.346235145134369837e+01 4.373771354944172352e+00 7.279390137993542757e-04 2.402528435037924126e+00 1.005641675907555310e+01
6.710980231284179812e-05 -1.346141079031802334e+01 2.117017526694798535e-01 1.947736756131717914e-02 2.608865769223806197e+00 1.200846633433054933e+01
6.697749089367466030e-05 -1.346088430263147728e+01 3.515954675088457937e-01 2.388391494404628820e-02 2.833758868001683418e+00 9.676747154119752281e+00
6.687161543632251363e-05 -1.345996631512803710e+01 4.328104147203288932e+01 2.514813072871268096e-01 2.444948058876478925e+00 7.916158890245183599e+00
6.671258187950293572e-05 -1.345984733975743275e+01 9.538126995809678155e-01 3.152971217565666943e-03 2.696760405033048258e+00 5.923452291685504356e+00
6.696476508311168311e-05 -1.345357432198733427e+01 7.934474870788332801e+00 1.040078972702811466e-01 2.087064745759000584e+00 1.754294924061029093e+01
6.767846639018546245e-05 -1.344047285344373499e+01 5.448172757822972168e-02 2.033580644673550417e-02 2.785809410251707696e+00 1.568023907388298710e+01
6.783471488047378888e-05 -1.343566682597003137e+01 5.797919210748844199e-01 2.139964439485835673e-02 2.835438834047145917e+00 1.271945507520200280e+01
6.844702933251530235e-05 -1.342418075705949398e+01 2.629113805069175669e+01 2.520449512964246797e-01 2.241467316642329344e+00 9.326143840749720582e+00
6.903166824645751501e-05 -1.341317554936460432e+01 6.062916944957379428e+01 8.972787418502270462e-01 2.024259307436321542e+00 1.622852043345882223e+01
6.921567210636040128e-05 -1.340801359625813127e+01 5.720123936704810674e-01 1.430680708081894642e-04 2.707907495357631422e+00 6.192462313415996178e+00
6.915548683268816024e-05 -1.340638350698127290e+01 2.297865790149824150e+01 1.624672785057197921e-01 2.467715634291272497e+00 7.784999031833029548e+00
6.906501970741845363e-05 -1.340519253326764293e+01 4.565205392411722407e+00 1.266964686004567672e-02 2.478103413332176874e+00 8.850087239586173382e+00
6.898187648721862864e-05 -1.340389709827482534e+01 6.033923137895599531e+00 3.997231983353997931e-02 2.149340981935790484e+00 1.010015259553588152e+01
6.914067421220407002e-05 -1.339909772291364476e+01 4.710968408336183577e-01 2.198411403561869627e-03 2.590603785108247514e+00 6.010215771924345418e+00
6.957369953944016097e-05 -1.339035429302026969e+01 4.456588976455761575e+00 4.462075466971247503e-03 2.337850956623395149e+00 7.341232356041593299e+00
6.980238234750061829e-05 -1.338457276852658850e+01 1.686276293828572748e-01 1.585705814761877511e-02 2.597179327501617507e+00 1.065756876412887699e+01
6.968726567057721103e-05 -1.338372330969137458e+01 5.534290895015144152e+00 1.185745722881142820e-02 2.253290767556370700e+00 9.141788448752436125e+00
6.955263364697930216e-05 -1.338315712415423953e+01 1.870191089637411608e+01 2.109461519098552451e-01 2.060153819673190778e+00 1.375835904626512907e+01
7.036753696371333348e-05 -1.336900887462576293e+01 6.380516080224100106e-01 3.975803570233245039e-04 2.539306717829378890e+00 8.566212638904037391e+00
7.023869985018451917e-05 -1.336834146971550652e+01 5.519914009043747960e+00 8.432241667380629968e-03 2.259325914007440872e+00 9.289905358865190976e+00
7.146673656880191930e-05 -1.334850879012918412e+01 3.799675749891299331e-02 2.670247797481806185e-02 3.218941442729609470e+00 1.451781257346243237e+01
7.186860172801996067e-05 -1.334040143304667225e+01 6.901473618871068361e+00 2.428151505312363487e-03 2.264101481140683436e+00 8.788569286959436511e+00
7.179753195040096847e-05 -1.333889080725194098e+01 1.205289820144676760e+01 6.400645421876366425e-02 2.428157470337264368e+00 7.261189404383443069e+00
7.186840079678261388e-05 -1.333540422886450116e+01 8.959887982824772834e+00 4.529616047860841876e-02 2.303262863127747195e+00 8.609799873262403480e+00
7.218102455616030638e-05 -1.332856371519105565e+01 1.393615715893690954e+01 9.343180388661563585e-02 2.364006092263023273e+00 8.866490537483308287e+00
7.211292531315293959e-05 -1.332700761128822542e+01 7.299306401331522309e-01 4.620235135552533813e-04 2.619319921374142268e+00 5.445298610377867554e+00
7.264485721867174214e-05 -1.331715830971080017e+01 5.671390185549375351e-01 2.899035839411212524e-04 2.493569447941010875e+00 6.217828306954791273e+00
7.259928188270534273e-05 -1.331528587840643851e+01 7.428994140726098294e+01 4.823664467129073485e-01 2.473084001837472456e+00 8.042828242126358163e+00
7.246233317753713948e-05 -1.331467402429255031e+01 5.987636427177982945e+00 8.491992155031129934e-04 2.524267037919841528e+00 8.107180460856268311e+00
7.228342120514008780e-05 -1.331464611149502808e+01 2.784355347033307670e-01 1.456527565719555918e-02 2.733250560222784564e+00 7.388637587999408396e+00
7.272229832733825535e-05 -1.330609285423426336e+01 8.928272834164083349e+00 4.943245274937121264e-02 2.472757745427850651e+00 7.976677735047128515e+00
7.297742909842058973e-05 -1.330009070585889397e+01 5.945737375119777823e+01 4.645284439213662186e-01 2.360722785732654483e+00 7.711607053713713356e+00
7.341315676377903777e-05 -1.329163774174497981e+01 7.359503980740895734e-01 4.361085518664402881e-03 2.417430834627185998e+00 8.527297630612359569e+00
7.430414563160443069e-05 -1.327707416274897056e+01 4.286068016520954593e+00 2.551086961158906524e-03 2.254720661551668837e+00 1.088599406624503629e+01
7.442493550944122576e-05 -1.327294986838142421e+01 1.447971239514612485e+01 1.173492312070448657e-01 2.259013789657854598e+00 9.687478136795672157e+00
7.468358188645120332e-05 -1.326698062811344769e+01 9.989661319097244141e-02 1.460569085433095077e-02 2.824963197216574518e+00 6.838609124010653240e+00
7.515790789845693410e-05 -1.325814956991287552e+01 9.980699110256799900e-01 2.977821346947509204e-04 2.635741356813952052e+00 8.993498693919269371e+00
7.505606414738242780e-05 -1.325700555251944834e+01 7.819734135005523834e-01 3.526827041695681912e-04 2.633095356344533844e+00 9.137891539377811512e+00
7.509522787980967939e-05 -1.325398389555883583e+01 5.456615337899661355e+00 5.402298027454527189e-03 2.301931435247459135e+00 7.386850911971082567e+00
7.575011544130108847e-05 -1.324280094039958300e+01 6.524436672507293034e-02 1.281176064507524165e-02 2.496949783172752291e+00 7.837640710507219666e+00
7.625164889809790550e-05 -1.323370186861867914e+01 3.116715988539594043e-02 2.562932359279616878e-02 2.932075967984368425e+00 1.940374663841604885e+01
7.635352295629497317e-05 -1.322986673597418772e+01 3.742314282440887041e+01 3.982794073613198926e-01 2.162768025487650014e+00 1.410647714838161804e+01
7.661524789750434714e-05 -1.322394479311432214e+01 4.811992457207581869e-02 1.041674954761773360e-02 2.605802229749063059e+00 6.190808097199435700e+00
7.647044475067479689e-05 -1.322333658571114512e+01 5.750037740197820879e-01 4.473319707876990438e-03 2.520830242953588041e+00 6.023611073710547714e+00
7.650325336916003968e-05 -1.322040764113581801e+01 7.648948707356358900e-01 6.438685207295079087e-03 2.544872893587328377e+00 5.948640444942232541e+00
7.677000960761654004e-05 -1.321442684477760920e+01 6.332663888280351649e+00 2.865858079037018544e-02 2.211784379875706197e+00 9.455307442885887426e+00
7.660376601957701883e-05 -1.321409466848103342e+01 6.789019208763878055e+01 9.522480798090986465e-01 2.279954357707238533e+00 1.339258716621080936e+01
7.691032287594820724e-05 -1.320760080360431488e+01 8.706331810956199346e-01 1.020960580844287868e-02 2.516605313659910692e+00 7.338208769476425530e+00
7.699873807171877008e-05 -1.320395187572505691e+01 4.468858182148901514e-01 1.072263947973041941e-02 2.546854263427425380e+00 6.272129370349302846e+00
7.708290813987781008e-05 -1.320035933707946363e+01 2.468622658573544015e+01 2.696810885470027341e-01 2.398484636201228870e+00 9.521420981540263284e+00
7.733297121291365114e-05 -1.319462050836986222e+01 6.008317220771254297e-01 2.482122263126801398e-02 2.834125631647536281e+00 1.641687411851386713e+01
7.808049854252895321e-05 -1.318250058165886962e+01 1.057413357421215228e-01 1.359465569091690938e-02 2.528256745307379649e+00 9.685322109735498231e+00
7.838308438753977371e-05 -1.317613276505173303e+01 8.035493530548466268e+00 2.305533843326309628e-03 2.501337794637240819e+00 6.236097003706748687e+00
7.821950299682213601e-05 -1.317572189337260191e+01 3.940646794545497045e-01 2.542620032617856976e-03 2.510793117723087331e+00 6.988566714747675768e+00
7.869526364611258238e-05 -1.316715793754052655e+01 6.758556832410509863e+00 8.314966063408554472e-03 2.573716249015687296e+00 6.706933048354762228e+00
7.891204929803214752e-05 -1.316190697650216279e+01 1.985468185970694355e-01 2.953265539774328763e-02 3.025713307998307400e+00 1.735592899345147089e+01
7.891836193978633450e-05 -1.315932698378456145e+01 4.739322381759271674e-01 1.912968307553993344e-02 2.549348789042596763e+00 1.048197573460343612e+01
7.875276136940429818e-05 -1.315892756666617558e+01 4.385949543273132828e-02 2.685887500637143890e-02 3.251237310400868274e+00 1.829674130922177255e+01
7.885695822666895672e-05 -1.315510535287489269e+01 7.539059358931374799e-01 2.531767595954084044e-02 3.073036877594525595e+00 1.012279478685181111e+01
7.909375103948636276e-05 -1.314960703787760643e+01 4.752695610799100856e-01 2.229406366609057444e-02 2.624432165436847875e+00 1.180280137589617873e+01
7.899037892115614483e-05 -1.314841484952308548e+01 7.334986155611685099e+00 2.502309026916644998e-03 2.464513825200897124e+00 8.958929428645436843e+00
7.981696574123650189e-05 -1.313550482363292993e+01 5.112537078698506932e-01 2.770080612633095407e-02 3.214765122957948140e+00 1.297923318565247541e+01
8.045692061089796971e-05 -1.312501901527428316e+01 4.371773175178302329e-01 4.391578453816715258e-03 2.527068533529577277e+00 6.904788369449548213e+00
8.064926682872733280e-05 -1.312013119501389902e+01 5.981194977839557891e-01 2.039484401076893801e-04 2.448885863889572079e+00 8.281342634415739923e+00
8.052689671957062177e-05 -1.311914965940684041e+01 2.183785337707694063e-01 2.764397447934104080e-02 2.872869422284427543e+00 1.773861150638633077e+01
8.075113721297352712e-05 -1.311386886362906168e+01 8.923335995598706827e-01 1.951295256721190285e-04 2.763224379408584674e+00 5.919328315932234297e+00
8.102115479371465277e-05 -1.310803061789926893e+01 9.384808943861587238e+01 7.219633067190281972e-01 2.297218886576589902e+00 9.028027164491788881e+00
8.083003675719785473e-05 -1.310789227027283488e+01 4.081203864991487684e+00 5.050237095047902663e-03 2.494806460568945727e+00 8.382068407524275955e+00
8.146429342914158502e-05 -1.309757610195397248e+01 9.163869530242010342e+00 6.217156832286148405e-02 2.362274645920269034e+00 8.579922655367390405e+00
8.141054973188469642e-05 -1.309573604056897622e+01 7.253459349430315228e+01 6.135295993174603169e-01 2.435434068406710395e+00 9.312961791322980076e+00
8.190939623298688270e-05 -1.308712719636770139e+01 5.838733524442260014e-01 5.783224290949668875e-03 2.729781567304544687e+00 6.184217214254183581e+00
8.197610527803959803e-05 -1.308381310301445311e+01 4.447801315151841961e-01 6.075175708076429454e-03 2.548736971233236837e+00 6.963603658738857227e+00
8.179606728352657014e-05 -1.308351174353100532e+01 6.699984345399312247e+01 4.309305641003825516e-01 2.382229915396813613e+00 8.097633561968869742e+00
8.183758227320227924e-05 -1.308050432967476162e+01 4.967353844393181816e+01 3.943639594483142052e-01 2.349509017434217029e+00 7.943004298511500139e+00
8.169253525345492441e-05 -1.307977827884055699e+01 1.513077062840691711e-01 1.976329342319287780e-02 2.846607799691904805e+00 7.907445055780063292e+00
8.226891274039049005e-05 -1.307024760342020819e+01 8.401480568693415307e+01 6.334200638788942683e-01 2.482275387361802199e+00 7.477877165263459247e+00
8.245376875261854754e-05 -1.306550315125181960e+01 7.422862924615785118e+00 1.244643836276647896e-03 2.470892649296832833e+00 8.628643432218211728e+00
8.293047157886494086e-05 -1.305723834384962068e+01 5.410367589167660363e+00 1.256480125862239824e-02 2.305083922529103102e+00 7.387442233020515836e+00
8.298345993982178515e-05 -1.305409959866079461e+01 7.433986591946408762e-01 2.419454601650145639e-03 2.557599389615232255e+00 9.509402596528779839e+00
8.303239629316393449e-05 -1.305101006033753208e+01 5.763548245612563292e+00 1.144997635307028151e-03 2.496702606178422101e+00 6.081995341840986669e+00
8.307694824842386250e-05 -1.304797364311848540e+01 5.855646432007482360e+00 1.742901031470045145e-02 2.456269636328769490e+00 9.340909955697540568e+00
8.343372594723685225e-05 -1.304118829328692719e+01 4.392847306489620962e+00 1.900351303654720936e-03 2.523520066614460600e+00 7.010057241379346493e+00
8.349588062799841951e-05 -1.303794361192201912e+01 6.032555729174159387e-01 1.700793763795609148e-03 2.638541917617388322e+00 7.668088747932381821e+00
8.513376478213924205e-05 -1.301601718592933743e+01 8.581486741480960356e-01 2.045021268887943814e-04 2.523554268324896377e+00 9.544540192282374491e+00
8.518700479210389775e-05 -1.301289201247771743e+01 3.222563990311229642e-01 2.306855109116277142e-02 2.911975911794012717e+00 8.769646085512519562e+00
8.729685455162196882e-05 -1.298592647690552404e+01 4.426819750272644960e+00 1.022653067521648099e-03 2.539786052897353485e+00 7.548283877194096547e+00
8.961096912616814088e-05 -1.295726317299455665e+01 7.598835886225639769e+00 2.348320301699208246e-03 2.548171684022537686e+00 7.410265390822820208e+00
8.993717411032221853e-05 -1.295112954763717994e+01 7.803746580082926876e+00 2.022927942056549841e-02 2.316197456705617608e+00 7.864503301052767625e+00
9.012459836156119287e-05 -1.294654776963006348e+01 5.362097524050964736e+00 1.445714315005019145e-02 2.293209791203012493e+00 1.008872683365195044e+01
9.008136756831308753e-05 -1.294452756278068506e+01 5.642064513730879582e+00 1.479686871703675844e-03 2.282340825257189731e+00 8.550504147704366176e+00
9.020155030193291413e-05 -1.294069429446172492e+01 5.331425780401015224e+00 3.404667055251003969e-03 2.360876581841694133e+00 1.002895043079252702e+01
9.003682093274442092e-05 -1.294002220062761666e+01 4.892035327003424783e+01 4.905410616600956453e-01 2.434160275039114474e+00 9.274877107549063027e+00
9.042497055627309976e-05 -1.293322045654223551e+01 7.735623720596361552e-02 8.535630211923815949e-03 2.510857874127509159e+00 7.468841792053115825e+00
9.057254885561513106e-05 -1.292908973439172726e+01 5.336944765276092539e+01 5.206889694033625116e-01 2.321503999817301267e+00 1.179389160306669382e+01
9.114119310159081585e-05 -1.292033103214869882e+01 5.276941933068730606e-01 1.918859018983573583e-02 2.955836346473960319e+00 6.309055759287996779e+00
9.233093497559369733e-05 -1.290486166657714406e+01 6.370625601179192854e-01 1.938355432251274817e-03 2.707564493709261555e+00 6.765458741873908721e+00
9.211632952915444882e-05 -1.290468867905798689e+01 4.990958465449000236e+00 7.862349885462915910e-03 2.423069437426825790e+00 9.564991170913115681e+00
9.322676317461629477e-05 -1.289020606977009642e+01 3.789937414478480537e+00 1.944504268696371470e-03 2.348254644246760670e+00 9.311054228442452896e+00
9.322441634732099992e-05 -1.288773124340858978e+01 1.075670142726687395e+01 7.928308494651244154e-02 2.294914345978733561e+00 9.569008268775272441e+00
9.316062121628595441e-05 -1.288591579549882837e+01 5.575072225376435098e-01 7.264925995440010137e-03 2.722792386269148324e+00 6.372688415299035292e+00
9.318197898494152195e-05 -1.288318656430074327e+01 8.178409467535365351e+00 1.288556939637014800e-02 2.443799788089759062e+00 6.564074252319129776e+00
9.538617623262376111e-05 -1.285730724403266656e+01 4.793154536629022355e-01 3.788906934243094541e-04 2.577656064585831963e+00 6.123815910443912713e+00
9.525025219865227268e-05 -1.285623324700726045e+01 1.022873497940490484e-01 9.828643979140990264e-03 2.502449541640015873e+00 7.875152812376100542e+00
9.557936656431534729e-05 -1.285028394292013765e+01 4.943884517584236638e-01 1.356040242829419443e-02 2.588057845444447391e+00 6.253598076278422901e+00
9.558407816581560175e-05 -1.284773464896116124e+01 3.127333972049707711e+01 4.180043098840164895e-01 2.102232058614288412e+00 1.323788336360935070e+01
9.552964302508319878e-05 -1.284580431127389311e+01 3.374496482620584908e-02 2.135111153758398328e-02 2.804845031902465813e+00 1.249670979435964924e+01
9.741250990682456335e-05 -1.282378626789604148e+01 5.586992328446814149e+00 2.735018912822513582e-02 2.509936591315826249e+00 6.414350138263059442e+00
9.746220646064322854e-05 -1.282077623195272409e+01 5.156068312201719905e+00 4.305445570531048053e-04 2.480592760412209774e+00 6.326257594866183886e+00
9.758497760521721645e-05 -1.281701734517231905e+01 8.331119272021979272e-02 2.635259196428345330e-02 3.196716763878804990e+00 1.637991423534138491e+01
9.820548640886269038e-05 -1.280817882522165974e+01 6.778288681893297252e+00 8.436365159651726398e-02 2.106132805724021395e+00 1.769470162698857507e+01
9.804920915580072054e-05 -1.280727142187921785e+01 5.349920155217133821e-01 1.615603949329490890e-02 2.850309315348998673e+00 5.843611159046955272e+00
9.886518129672266641e-05 -1.279648379181369400e+01 9.330868465478008023e-02 1.923734788621754566e-02 2.728813161875858206e+00 9.151243630378631977e+00
9.890782346556813392e-05 -1.279355256845682121e+01 5.432973351723103583e+00 7.133536493559537207e-03 2.396407046304013910e+00 6.534550790480516014e+00
9.905079409174346054e-05 -1.278960811857332658e+01 7.343556713333225794e-01 1.138709617412746915e-04 2.679636651445583162e+00 7.523800084655775322e+00
9.905633676823137905e-05 -1.278705216221814389e+01 8.980626821455860165e-02 1.973767254258203263e-02 2.968899333800818940e+00 1.110883096227301969e+01
9.882204343155984541e-05 -1.278692021724186034e+01 6.914113538542945037e+01 7.780375410696457328e-01 2.188271859481381476e+00 1.534128412085318338e+01
9.876063123871332817e-05 -1.278504185266537618e+01 5.115609182791199805e-01 1.079228310676571981e-04 2.559611419271640820e+00 6.054356681239775106e+00
9.900284082600896906e-05 -1.278009236383033809e+01 7.241228658481922764e+00 9.856210710711102441e-02 2.049287045308317623e+00 1.748190367045200944e+01
1.004812945235946292e-04 -1.276276932273289333e+01 5.766565481359379186e-01 3.749474946271985284e-03 2.524834891719831553e+00 6.096944441930847169e+00
1.003957104216579468e-04 -1.276112142730443111e+01 5.391919673051575046e-01 5.131986977488275491e-04 2.632718753600201467e+00 5.704825362259793309e+00
1.006417816188296782e-04 -1.275617341308019981e+01 8.258122500862743465e+00 6.955843419068596413e-03 2.475262599250561024e+00 8.203606577123101928e+00
1.004665316759236480e-04 -1.275541625487917941e+01 1.190383170498180654e+01 1.002436073464233052e-01 2.341245472220258694e+00 8.390891602428226292e+00
1.009706173605543785e-04 -1.274791135147103560e+01 7.616461167666678023e+00 5.861655680967448566e-03 2.493452638751931350e+00 6.216448767106871998e+00
1.016064435000470196e-04 -1.273913395535598525e+01 7.040581502703692485e-02 2.102455443108455779e-02 2.790391121130737062e+00 1.084590438628545428e+01
1.018308632980516765e-04 -1.273442767478168314e+01 8.287906880252587927e-02 2.463307704517616464e-02 3.185405209809738292e+00 1.265877125250197288e+01
1.018334953138572298e-04 -1.273190182817971916e+01 1.080678608062808621e+01 1.291755097319306489e-01 2.026972815057418220e+00 1.691050914109171543e+01
1.028671753274479974e-04 -1.271930231266141575e+01 8.206118327044427119e-01 1.785962820142271770e-02 2.852303498800226045e+00 6.935274322700156979e+00
1.028337625310868397e-04 -1.271712718037473522e+01 6.112043755170478709e-01 3.393512866397083161e-02 3.062843176600137163e+00 1.749613110738411947e+01
1.028183045715596000e-04 -1.271477751156055191e+01 4.640022832741182157e-02 1.184790911635122228e-02 2.577870220729048700e+00 9.025302918184218370e+00
1.026962550730998428e-04 -1.271346525721729748e+01 2.495072380849833138e+01 2.103745604542958947e-01 2.348787972195179208e+00 9.801229267222160146e+00
1.030677232310064223e-04 -1.270735462950173655e+01 4.721038392871820477e+00 1.469161585019403832e-02 2.452634204670878226e+00 7.482951061498737566e+00
1.028253308569534937e-04 -1.270720917698377583e+01 6.990162573353196906e-01 1.345340993610986795e-02 2.483062207649210595e+00 9.767279162307096030e+00
1.044434933672609071e-04 -1.268909471693720370e+01 4.710624802034920400e+00 1.359673976078733595e-02 2.288721215647357976e+00 8.991865805894784458e+00
1.052836082217385597e-04 -1.267858316915282302e+01 5.137851778608116149e+01 5.886012132090396864e-01 2.052957257419150139e+00 1.379342393126814947e+01
1.050581121305757353e-04 -1.267822726284162016e+01 5.309968986270607871e+00 4.071559492646609039e-03 2.426986511819920089e+00 9.519622726417521719e+00
1.060627460000845433e-04 -1.266621004638572501e+01 1.930289531284342108e-01 2.614552320016122131e-02 2.867299952758063153e+00 1.900589779608860752e+01
1.058787570769809995e-04 -1.266544627045370319e+01 6.189298439606000812e+01 5.377024453776705348e-01 2.301717777627780848e+00 1.073285863604904833e+01
1.059416253185963631e-04 -1.266235267088834959e+01 6.435117834827027705e-01 1.633478743410695516e-02 2.745947288152869259e+00 1.020517113452548230e+01
1.057662966877465853e-04 -1.266150899691782961e+01 5.025800510209192939e-01 2.020161429848261331e-02 3.006883513573438638e+00 6.807903070578662508e+00
1.065205640543018858e-04 -1.265190285254361413e+01 1.024093229110019543e+00 7.331676110583498166e-04 2.719743275196259358e+00 6.424813383979526726e+00
1.070446994643926836e-04 -1.264449440953393022e+01 1.368579205110456720e-01 2.080700393784907717e-02 2.939192650650001681e+00 1.205239377458021899e+01
1.074034467582131078e-04 -1.263864863448483433e+01 6.614632597298193417e+00 7.882674197297915523e-04 2.553538097472203283e+00 7.010358157715498528e+00
1.073164681777296714e-04 -1.263695879301406499e+01 9.793276953948208963e-01 2.390742208546953532e-03 2.526351034992194045e+00 8.903549911378991766e+00
1.071583091679112086e-04 -1.263593364278842834e+01 1.963184423769951670e-01 1.252245142031626485e-02 2.663022720618578365e+00 7.015793684901730387e+00
1.076318481479934878e-04 -1.262902431832759476e+01 8.851198877101673634e-01 1.043769151763161880e-03 2.729948496789544876e+00 7.809618601647702718e+00
1.085011309972390133e-04 -1.261848031190155517e+01 5.233143406188950353e-01 1.808022949460106731e-03 2.510236995722432418e+00 8.077109570998945998e+00
1.085374315935555122e-04 -1.261564580363517507e+01 5.841754334569773555e+00 1.108639583388130578e-03 2.432668401981953554e+00 9.167209527579755601e+00
1.098187654611427653e-04 -1.260140948845354991e+01 5.806592182330955865e+01 6.571080939566703583e-01 2.135640285711621011e+00 1.127851108953768566e+01
1.098782729083063397e-04 -1.259836776564235095e+01 3.957884409988119412e-01 2.463081568415040334e-02 2.844378124959091814e+00 1.014160138524578159e+01
1.111861772780896849e-04 -1.258403483972860926e+01 4.536069414353621765e-01 3.306772012218782419e-02 3.157108766551384171e+00 1.565080319149637766e+01
1.116710399029425177e-04 -1.257718350306539890e+01 6.359593431716362155e-02 2.020987614012156180e-02 2.969219177244209362e+00 1.262565428803273093e+01
1.123234310617162308e-04 -1.256885842175259427e+01 7.306066495283140005e-01 2.296793946730797675e-02 2.825742316699165535e+00 1.461807252641769672e+01
1.130519055725654880e-04 -1.255989385416789084e+01 1.001337980905837366e+00 1.858630576355332334e-04 2.536955402957329575e+00 6.836526151550846642e+00
1.143089871484674781e-04 -1.254633571333503461e+01 6.065319527350705009e+00 1.198176058515785201e-02 2.350498448219632941e+00 9.890096524749287354e+00
1.145099674655654213e-04 -1.254207903745893837e+01 6.355161549774264174e-01 1.175477141334634393e-03 2.459946755317986788e+00 7.012749612990463177e+00
1.143673481849396590e-04 -1.254082528852300094e+01 8.904851956980602834e-01 4.156919115253534386e-03 2.632365941018329103e+00 9.065509322516247082e+00
1.146252221843814019e-04 -1.253607303983184273e+01 9.006302282699106820e-01 2.529306678351881440e-04 2.593204984838286098e+00 6.253910783751774893e+00
1.146773486316010458e-04 -1.253311838772800968e+01 3.071333591994115583e-02 1.999627598924574173e-02 3.111835776442149815e+00 9.119972558902334825e+00
1.147684121439089766e-04 -1.252982461828305283e+01 9.066580739220378438e-02 1.349593823396428791e-02 2.739206471751442606e+00 6.430116663770101937e+00
1.152179032116115731e-04 -1.252341576275547119e+01 1.029897986148745337e-01 1.859366129366862852e-02 2.638625709108930018e+00 1.026796787545911371e+01
1.159946528229900030e-04 -1.251419681507506532e+01 7.467963763891691542e+01 5.842988794355452598e-01 2.378254819795569297e+00 7.911569459733266640e+00
1.160842142402184428e-04 -1.251092499622910026e+01 4.296615293506525290e+01 5.451908081513969773e-01 2.103645496234842760e+00 1.862577112851726824e+01
1.162864818673322139e-04 -1.250668409101525391e+01 6.591536684453560113e+00 7.254123077048578450e-02 2.288552595646292431e+00 1.245499671466032154e+01
1.179295894158466173e-04 -1.249015316226167904e+01 8.372251249961942809e-01 3.258526726775862778e-04 2.514407679009201591e+00 9.448853376590932385e+00
1.176895754279771495e-04 -1.248969046742779732e+01 6.977847934760954551e-01 1.321821591724129351e-02 2.594271985325791618e+00 1.038892887907991103e+01
1.179390222159168742e-04 -1.248507317874873834e+01 7.684841220153708186e+00 7.308140763304426905e-03 2.423154968686145772e+00 9.046484528409189707e+00
1.185306148377513141e-04 -1.247756962849644502e+01 4.031799164217187981e-01 3.080429650079241286e-02 2.932754126381825088e+00 1.740392648372786866e+01
1.187918316827656469e-04 -1.247286826107981383e+01 9.599252893768869810e-02 2.778346998527670905e-02 3.215683618585694070e+00 1.712087591065268910e+01
1.185684575764609411e-04 -1.247225041392807654e+01 5.767919991717281647e+00 2.097844017253685037e-02 2.282570035852211632e+00 7.731018948695187021e+00
1.188955079619716585e-04 -1.246699588574896111e+01 4.764322320890763685e+00 4.477418846725787077e-03 2.301410280780907147e+00 8.945843365271795022e+00
1.186738574998411874e-04 -1.246636187150864039e+01 1.539310847218124112e-01 2.465996499555310820e-02 3.105315056061808576e+00 1.139522871536664539e+01
1.187025629827416864e-04 -1.246362001527892716e+01 7.021228262839383782e-02 1.173021474702427153e-02 2.588650399472496755e+00 6.584395339850400042e+00
1.184543749355526312e-04 -1.246321304397100249e+01 3.884644115220907246e+00 7.849511232667081336e-04 2.461726271747112893e+00 8.309008458398441377e+00
1.188489973098508576e-04 -1.245738715159681576e+01 4.896078176738493681e+01 3.811171419137782124e-01 2.390014392412977084e+00 7.934864323861688717e+00
1.218783010230315621e-04 -1.242971789449702236e+01 1.333618079703264292e-01 1.493245234957767120e-02 2.534867417332582473e+00 8.530916680897714599e+00
1.222955945829321727e-04 -1.242379988811983260e+01 3.740079413998534363e+01 4.322526084238480504e-01 2.367347603753035212e+00 1.046840519744759490e+01
1.227269516202784852e-04 -1.241777892656209836e+01 4.778019731097355449e-01 6.190589686439374340e-04 2.587627975876055419e+00 6.485221130047542637e+00
1.226819089708245530e-04 -1.241564600906963811e+01 6.360966704773913349e+00 5.699088490130873458e-02 2.210863205841866019e+00 1.312990656496543451e+01
1.229167915919899959e-04 -1.241123327343839833e+01 7.145262455276166214e-02 1.423674535134722245e-02 2.727861208832465412e+00 8.971862500508102301e+00
1.230014419648407526e-04 -1.240804483017032567e+01 6.300485295241703421e-01 2.369479556218598640e-02 3.202447806430737121e+00 9.845560741457926923e+00
1.230043510699767903e-04 -1.240552117946600497e+01 5.640855482001187582e+00 1.249785535682470822e-03 2.546969596874495423e+00 7.495006056063076016e+00
1.237824391940510970e-04 -1.239671540676654438e+01 9.551328080599083559e-02 1.184218753839875841e-02 2.666035841972121290e+00 7.402135963603741153e+00
1.239799217888538788e-04 -1.239262127732863839e+01 4.310020584724554016e-02 2.539401605404460402e-02 3.120842905342021911e+00 1.350691910274352203e+01
1.239560501398293717e-04 -1.239031384034329264e+01 7.683990050966476026e+00 4.449664204401399675e-02 2.255791126521164092e+00 1.087428699337332461e+01
1.237798035202458593e-04 -1.238923669978583497e+01 3.281744769603757717e-01 2.666085526595074473e-02 3.010308217340932124e+00 1.575537611243029623e+01
1.250473129554104037e-04 -1.237654873943426459e+01 6.811780230483189813e-01 3.142446397552827592e-02 3.012458617085699952e+00 1.554872751121515861e+01
1.250243405931774417e-04 -1.237423246567409407e+01 8.811301577904891991e-01 2.140906667147998016e-04 2.745247194541256874e+00 7.054120281436349060e+00
1.247249716358249871e-04 -1.237412982243204596e+01 6.865655790494361810e+00 5.240106415368107548e-03 2.392198810574853063e+00 9.681405754169924549e+00
1.246316584053236626e-04 -1.237237825438544725e+01 5.556390369466948975e+00 1.454914951247641280e-02 2.560892402026432091e+00 6.613444373509634211e+00
1.244846188018479611e-04 -1.237105874425306595e+01 7.504607374494984273e-02 1.767473485529849619e-02 2.718292447548599444e+00 8.187223191347882789e+00
1.247788987840230948e-04 -1.236619754738198651e+01 9.347141581376161579e-01 1.408548210215956431e-04 2.723253085166882137e+00 6.868961701527285690e+00
1.260257943244079664e-04 -1.235375430590518775e+01 5.761128492213271057e-01 1.227731317171098060e-04 2.497695741063735042e+00 8.143208000210973907e+00
1.260646528661855156e-04 -1.235094601542835058e+01 2.445807498568915717e-01 2.010017072606722424e-02 2.849188607120632266e+00 1.083584865928074237e+01
1.262575831411105482e-04 -1.234691677792969600e+01 7.313021017963996506e-01 7.397429837903550000e-04 2.431766242785958543e+00 8.035811602257243891e+00
1.268360587764034660e-04 -1.233984553198101963e+01 3.891419215821645960e-01 1.189757124416317320e-02 2.518461427374555583e+00 7.917408146288593684e+00
1.268317583386930757e-04 -1.233737943803784454e+01 2.166692864264189566e+01 3.222680125410302687e-01 2.224964504133606358e+00 1.621676759096001064e+01
1.272009482735354075e-04 -1.233197280290655229e+01 9.338077064782489556e-01 1.337545769374853116e-02 2.717122407086631775e+00 7.763593358400057376e+00
1.283447620691288466e-04 -1.232052081202678018e+01 3.302728999426966539e+01 4.258683027041457736e-01 2.080493310824925057e+00 1.890817769163439621e+01
1.280489891891734347e-04 -1.232032799002706902e+01 4.314270871146251574e-02 2.334377604477097176e-02 3.022383000087411453e+00 1.787178174721956125e+01
1.288696576991187883e-04 -1.231143942064059971e+01 4.493355371937631126e+00 5.517937054840040163e-03 2.444536029105957464e+00 7.114858867575355461e+00
1.305716080501050655e-04 -1.229581911180434872e+01 8.553063098319971802e-01 1.515041217699731636e-02 2.807708950172131956e+00 6.636121598954124678e+00
1.305458106030317781e-04 -1.229351670449877787e+01 5.464356220648012297e-01 3.217584686212234674e-02 3.391365452905229283e+00 1.392812582621624351e+01
1.323724647004656746e-04 -1.227712125743165927e+01 6.630742310353479496e+00 1.182230715092828267e-02 2.387827547020557439e+00 6.795631838844549577e+00
1.323196634519991136e-04 -1.227502022093341161e+01 9.643379367789375323e-01 2.208686488095360856e-04 2.506788669702550987e+00 8.323656655737259769e+00
1.328177591763535085e-04 -1.226876295192636235e+01 7.814455694286359666e+00 3.294962217085949802e-02 2.478993791494047638e+00 8.616737259184873210e+00
1.338528765957915654e-04 -1.225849964783989954e+01 1.020939735862298692e+00 1.145267032222478101e-03 2.585777555521237225e+00 6.905723257457745845e+00
1.367020278797586891e-04 -1.223493733061913424e+01 4.669026845708437179e+00 1.224008203328889269e-03 2.500115820361012986e+00 8.013339526081185937e+00
1.365505889796426032e-04 -1.223354574756577584e+01 8.455275650669695775e-01 1.619322768403773372e-02 2.702713977656701516e+00 1.022113266181419178e+01
1.363254517220371020e-04 -1.223269585439165397e+01 5.585096329166536755e+00 1.415037170366777348e-02 2.332907594874226831e+00 9.899181200313478257e+00
1.361400098387002832e-04 -1.223155706847661328e+01 4.308310554562332584e+00 1.868947178816345988e-03 2.422523796271628616e+00 9.610941036791102121e+00
1.373625937319633919e-04 -1.222011680962321556e+01 1.973633142978898636e-01 1.517508658568142779e-02 2.619784627780975317e+00 9.525937497188369463e+00
1.378643677642972531e-04 -1.221397054920208092e+01 4.106065423998202513e-01 2.495751583761739861e-02 2.772243718456218531e+00 1.577345535818814781e+01
1.376919083422456112e-04 -1.221272226770405922e+01 3.360456963316341139e-02 1.873768703079835632e-02 2.777134176378487140e+00 9.254676208313407315e+00
1.411621089178325046e-04 -1.218533197015896263e+01 2.598539366988063537e-01 1.524591773526050645e-02 2.552715779756812076e+00 9.266180695363040343e+00
1.414883240456232588e-04 -1.218052371066534079e+01 2.993693655141990151e-01 2.552423650714810005e-02 2.975797861593813209e+00 1.497022976373791536e+01
1.411738752487868567e-04 -1.218024862030898881e+01 7.672505402734581814e+00 6.921699633220144629e-04 2.408489211330230084e+00 7.792898159490640353e+00
1.412839366633499591e-04 -1.217696930803301925e+01 4.975980445301904531e+00 1.348941170953946297e-03 2.519861616370706159e+00 7.820519963650738759e+00
1.432266596615111391e-04 -1.216081250074588382e+01 7.179711149950515625e-02 1.112873610433523335e-02 2.642289873443445458e+00 6.604418084543338452e+00
1.434228947293830140e-04 -1.215694333693228835e+01 7.055910366306859416e+00 8.706485968729278657e-02 2.021408327523569692e+00 1.712743368492634488e+01
1.434774967045105928e-04 -1.215406270325302529e+01 1.807549289653149482e-01 2.595252155981085662e-02 3.102205801045450961e+00 1.382635807972647157e+01
1.440811669334227379e-04 -1.214736410872573380e+01 4.996382458124905973e-02 2.119166907336217723e-02 2.931347126219660204e+00 1.528329880510554695e+01
1.438758946920859754e-04 -1.214628982320516570e+01 3.999552210628774862e+00 6.814980793674568337e-04 2.357666046607344690e+00 8.921623775794712330e+00
1.437009732299744983e-04 -1.214500634305217375e+01 8.041920626457295995e+00 6.215997158709871129e-02 2.215707254496384504e+00 1.201603231037129049e+01
1.444510907016680491e-04 -1.213729993116052519e+01 6.337219227152827150e-01 2.074363991290594823e-03 2.498436042247799360e+00 8.213681910195736791e+00
1.483453337904522859e-04 -1.210819801658154837e+01 8.850375047156316954e-01 1.325266495156252012e-04 2.566848073602876923e+00 6.263880443886351124e+00
1.480113158292127205e-04 -1.210795217961858050e+01 5.267648009005076126e+00 5.950991055889707018e-03 2.290485716719293130e+00 9.174907104994801443e+00
1.489452069600827159e-04 -1.209916240897526230e+01 9.738373913710306473e-01 5.247091941609390887e-03 2.691234778440261266e+00 8.144601425443511289e+00
1.504483807465597893e-04 -1.208662086848199202e+01 5.138785475350105686e-02 1.805355079777119093e-02 2.884360146401016678e+00 7.590265946897780225e+00
1.503126638283223829e-04 -1.208502335854775644e+01 7.502503043057416887e-01 1.503829636167087471e-03 2.678963464060545974e+00 8.301020076287292326e+00
1.502953818347878246e-04 -1.208263833879397886e+01 8.411987613369426020e-01 1.510913088911289097e-04 2.680803394877260271e+00 5.717422287071403986e+00
1.502254187045441052e-04 -1.208060395136643450e+01 8.214524699210108694e-02 2.582444733401583273e-02 3.098256168873965599e+00 1.871564663918113780e+01
1.504867896626089249e-04 -1.207636560475721232e+01 3.910508047551426358e+01 3.280745793495191132e-01 2.407958313414673590e+00 8.786407699347801525e+00
1.523452822063521106e-04 -1.206159137062410736e+01 6.237782809326755107e-01 3.383878917097543192e-04 2.600669211021669369e+00 7.781856024923508031e+00
1.527061456468490307e-04 -1.205672545080942726e+01 7.997030255175352487e-01 3.394341120558510921e-04 2.447620528250030070e+00 8.135165589353363202e+00
1.534007009998340418e-04 -1.204968745009147746e+01 6.234409004699888612e+01 7.399451275285841012e-01 2.049465808566363290e+00 1.596786695654101074e+01
1.538184136357981496e-04 -1.204446813431021113e+01 5.109420739784483745e-01 2.929703656041057823e-04 2.480846856208543283e+00 7.108891701223338799e+00
1.538614543153299949e-04 -1.204168835858033049e+01 6.726125789519478815e+00 7.801655201978068173e-03 2.331348055355778381e+00 9.757071954792547075e+00
1.536704481925498704e-04 -1.204043054611133456e+01 4.876478032614302904e+00 7.299337064000734759e-03 2.361831435136979795e+00 9.608963228748903518e+00
1.533485133681886808e-04 -1.204002771262324423e+01 2.278794795460545031e-01 1.310117454219278561e-02 2.645220866504959911e+00 6.937792869454914246e+00
1.536693559619261630e-04 -1.203543765375316354e+01 3.683174826584668243e-02 1.017668189430177839e-02 2.548565736920510805e+00 7.972700062672405608e+00
1.534471123930894335e-04 -1.203438494577772033e+01 2.252986206910511413e+01 2.047098265337400635e-01 2.329560835536167218e+00 9.038313916705268625e+00
1.531140317127195117e-04 -1.203405795966314429e+01 1.579056401540175969e+01 2.542876094858331215e-01 2.125817191631371728e+00 1.988806481553587346e+01
1.550159581385209895e-04 -1.201921284141332791e+01 5.807299663888241259e-01 7.019159238944573621e-04 2.633582521917189112e+00 7.352932247943294364e+00
1.548107164221625511e-04 -1.201803772247253121e+01 6.650828708142855206e-01 8.834713440891646440e-04 2.461243164100840985e+00 7.344630010178812007e+00
1.559803184058532318e-04 -1.200801107354025454e+01 2.131976338802736848e-01 2.317117100180116421e-02 2.755007107093498053e+00 1.298117237428590620e+01
1.566683785112174846e-04 -1.200110957612174722e+01 9.905411990503534825e-02 2.270662610361826733e-02 2.825629185256838483e+00 1.246981345393365892e+01
1.565938775125224540e-04 -1.199908522231701191e+01 9.769907840680920608e-02 1.944835326795082975e-02 2.715843768960558346e+00 9.858286496041518632e+00
1.565704358784137122e-04 -1.199673493052545581e+01 7.189582600496197351e+00 1.072326844377348952e-02 2.405252372212190348e+00 9.368893086708389717e+00
1.563281667874011761e-04 -1.199578347780154708e+01 4.227941404221070343e+00 7.603509118705996904e-03 2.274837285233829220e+00 1.007226348125791304e+01
1.569386441055384577e-04 -1.198938598167558567e+01 4.942365333008892136e+00 3.790294008149045608e-04 2.391416756019688172e+00 8.338135705146743959e+00
1.569234618489299515e-04 -1.198698272643280305e+01 7.237017770674606387e-01 7.213471191508394158e-03 2.568716957708991444e+00 9.234467400465174336e+00
1.567166589565416985e-04 -1.198580145390827312e+01 6.552632257336622745e-02 1.313961922352458248e-02 2.708723433873211572e+00 6.497682560283028153e+00
1.588716334258285438e-04 -1.196964436956161393e+01 1.767340025019790706e-01 2.725140596015747374e-02 2.906391526497579925e+00 1.914257153203762485e+01
1.586015744330639902e-04 -1.196884567254541309e+01 6.931530910722616845e+00 2.479215264467574467e-03 2.545608868931971802e+00 7.185635255244333663e+00
1.585584460681128624e-04 -1.196661763850851656e+01 7.965973936793487198e+00 1.930721137544320204e-02 2.451079407426723034e+00 8.491917956324821048e+00
1.586302964853931118e-04 -1.196366459330942789e+01 2.706854855053483533e+01 3.847027041273027859e-01 2.247682186731530418e+00 1.487428592416887163e+01
1.582900157960927365e-04 -1.196331201527563870e+01 6.421782654522740330e+00 4.317277784014116005e-04 2.471550534395543508e+00 7.632871737808617496e+00
1.587031174412730709e-04 -1.195820563781364676e+01 7.896222618893556700e+00 2.157424092849327419e-03 2.433205568210438763e+00 8.407678381234703124e+00
1.589031717528266484e-04 -1.195444587473705234e+01 6.423221811654254765e+00 1.576211201781065052e-03 2.528843622319545847e+00 6.771894887000967422e+00
1.620435904055804704e-04 -1.193237553314995303e+01 1.077047437836116472e+01 1.053361350827770881e-01 2.275179023221161501e+00 1.159037625745963673e+01
1.643595095798074037e-04 -1.191568474857181492e+01 1.754653467642606213e-01 2.681312787085109867e-02 3.113731122725539535e+00 1.394283838633980466e+01
1.660757678471287192e-04 -1.190279679172858351e+01 4.170588203906166136e+00 1.873802577539668973e-02 2.381831564022117931e+00 8.323226061006014476e+00
1.692064930520976367e-04 -1.188162108731716238e+01 6.946651878879031017e-01 4.875890323882434781e-04 2.466618843849803344e+00 8.446243566359811439e+00
1.696401135957331164e-04 -1.187656169453098620e+01 4.675595201134533418e+00 2.384221546950832452e-03 2.311457476525920818e+00 8.921028856724106504e+00
1.721003226596937044e-04 -1.185966333071121781e+01 6.874899837306166717e+00 4.265952149347833518e-03 2.347440823514140629e+00 7.246135827034471788e+00
1.719011489769517529e-04 -1.185832131241432208e+01 2.372843366213026783e+01 3.269234229644657486e-01 2.197323056213830839e+00 1.778032182780683712e+01
1.724932848508244770e-04 -1.185238260145271560e+01 9.121004870383080387e-01 5.557854706646477103e-04 2.558782109123200144e+00 6.877735596287947395e+00
1.728140809444826459e-04 -1.184802456876806964e+01 1.432432630295067000e+01 1.526278783013482465e-01 2.274063632771384569e+00 1.227546217248568361e+01
1.762236261967277547e-04 -1.182598711687010429e+01 3.636657620899641330e+01 4.734116258781468911e-01 2.042676240013022060e+00 1.916232439621863293e+01
1.763745817119573333e-04 -1.182263087017873282e+01 7.656647253206572135e-02 2.265952982860523768e-02 3.107708485525090047e+00 1.212974127251322543e+01
1.782994684767703246e-04 -1.180927636496202737e+01 6.046215858970215962e+00 1.063085668523410963e-03 2.533024339791944968e+00 7.335634326357954649e+00
1.785071936619200275e-04 -1.180561200773073161e+01 6.448653033912218335e-01 3.250322256550784890e-03 2.688718001868239504e+00 5.898018866263850413e+00
1.804393713025921186e-04 -1.179234608047758570e+01 6.915993724857735780e-02 1.866222044603751268e-02 2.663133435675668181e+00 1.188932938760471814e+01
1.825529256941079792e-04 -1.177820077398247456e+01 4.703897676493662416e+00 1.002813432669850220e-03 2.409133767148905481e+00 9.334384510578505711e+00
1.860996797420624502e-04 -1.175645846601030975e+01 8.189697464705606222e+00 1.712466035775225826e-03 2.469901481541683541e+00 7.625201781011626601e+00
1.869563565462530291e-04 -1.174936570660307567e+01 1.760325224010470258e-01 1.736830999653104363e-02 2.802820251582105016e+00 7.263843809468805368e+00
1.865242699954129137e-04 -1.174917954412454435e+01 3.729083219946466299e-02 9.947628176494185612e-03 2.544400982974144299e+00 7.424607375093420281e+00
1.860889169300262622e-04 -1.174901630126983143e+01 1.954718997426428118e+01 2.325905696493278940e-01 2.121347448000843183e+00 1.576107959539151437e+01
1.862649172911415947e-04 -1.174557096187462335e+01 6.067780160124583433e-02 1.847474611879873496e-02 2.963602903908558517e+00 9.815788007475305221e+00
1.863736356351738488e-04 -1.174248745624288759e+01 9.182160743255560753e-01 2.736899891808318918e-04 2.571981540462506821e+00 8.815941675253613496e+00
1.863760343562998747e-04 -1.173997458582974751e+01 6.921891880096481264e-01 2.775590607638330973e-02 3.187924378792502011e+00 9.822236787834279781e+00
1.911437558241187965e-04 -1.171221511552261596e+01 8.116974887006724870e-01 7.258151678477053198e-03 2.503859862684473914e+00 9.362441397286504596e+00
1.908298042475866307e-04 -1.171135895520183468e+01 6.609609151931517879e+00 6.913220713900979433e-03 2.402472639906792828e+00 6.855804846497379756e+00
1.907702857064659367e-04 -1.170917089717024595e+01 5.983325861368242293e+00 1.647972906172043154e-03 2.332605003436539093e+00 7.702204119327571874e+00
1.906904301193824178e-04 -1.170708958032652980e+01 7.485605295820113581e-01 8.545162851820228963e-04 2.572184283844976882e+00 5.957378458055573311e+00
1.915877985170047774e-04 -1.169989472731796276e+01 1.348753871365404866e-01 2.636900544168652855e-02 3.040215854430005749e+00 1.865930375583434753e+01
1.921772409021989595e-04 -1.169432283286082175e+01 9.575264702542003736e-02 2.477748051812879437e-02 2.950783875301538739e+00 1.359098320872407406e+01
1.965294677448952267e-04 -1.166942852562105060e+01 4.123583783829691540e-02 2.400184307513085827e-02 2.901321870889240540e+00 1.893125934495989426e+01
1.980718114324467284e-04 -1.165911125982252905e+01 9.119668662579940577e-01 6.752199249308039018e-03 2.674905901452140355e+00 6.293638013131375608e+00
1.978554778571249453e-04 -1.165770405439720214e+01 8.257972990271121860e-01 1.797562358202074826e-04 2.576976701933247682e+00 9.057609452059500299e+00
1.977655958539632037e-04 -1.165565843870926344e+01 3.104065681870357002e-02 2.112502076934374973e-02 3.113320229405836415e+00 1.151428834158702941e+01
1.974046646437367040e-04 -1.165498515163111648e+01 5.936195288294523476e-01 1.615559523334159781e-04 2.488076132249439354e+00 6.911483877478949545e+00
1.987649705675527964e-04 -1.164561783445728338e+01 7.313305267388168218e+00 1.563243450646224428e-02 2.540499276557290464e+00 6.993625136534404874e+00
1.992142056485190409e-04 -1.164086025266097835e+01 4.168317458763298333e+01 4.165944195746850154e-01 2.300183674558754721e+00 1.155908448080054463e+01
1.994071464031124761e-04 -1.163739221234568610e+01 4.857959641179300903e+00 2.192871566222655971e-02 2.322428230715213093e+00 9.263197345939270022e+00
2.015891113946115904e-04 -1.162400938496622693e+01 4.400435669145662310e+00 4.439808228865901006e-04 2.399816838412183628e+00 8.903169850246801076e+00
2.027649170651889233e-04 -1.161569364478852151e+01 5.984845241308527353e-01 4.822876387744996296e-04 2.677506080897557261e+00 6.105468413335493061e+00
2.028715126570798221e-04 -1.161266807269225865e+01 1.852324783427439781e-01 2.865874409296911840e-02 3.110042129235424113e+00 1.805993535713702158e+01
2.031030142393142870e-04 -1.160902759913054538e+01 6.634064859738961206e-02 1.109189418742898003e-02 2.614943901643716373e+00 7.447827788760247536e+00
2.030614219618491012e-04 -1.160673240424839214e+01 4.833426058300276829e+00 3.189715687385934174e-04 2.446714145317143707e+00 7.789496278198500434e+00
2.043147229642314319e-04 -1.159807934412364183e+01 7.406385461021683270e+00 2.316748585889131726e-02 2.337508085157752991e+00 9.439347919893840810e+00
2.048834502944588891e-04 -1.159279962645333129e+01 7.741269919041616099e+00 6.740137068644344587e-02 2.226634666643980243e+00 9.479622769726134379e+00
2.051195998484822453e-04 -1.158914768585164623e+01 1.495822418550088184e-01 2.887090812260825756e-02 3.147105789511036811e+00 1.785564152841522656e+01
2.049149322697078803e-04 -1.158764598028657922e+01 8.926515550468587801e-01 1.459820106988285633e-02 2.754308118041760345e+00 7.808579201542556802e+00
2.056924861653276358e-04 -1.158135864089551248e+01 6.901379378067860060e+00 2.592002350407084793e-03 2.455772969657772364e+00 8.777702325171754083e+00
2.053125798731300384e-04 -1.158070731105452467e+01 9.811462558186231919e-02 1.529662374278378117e-02 2.610450908265848469e+00 7.844514579385687192e+00
2.048110791665996280e-04 -1.158065291957006693e+01 5.238843223613311295e+01 6.065996406459025492e-01 2.079218441298462672e+00 1.457147249848820714e+01
2.045231591495820967e-04 -1.157955969201932511e+01 3.949255771914504276e+00 2.247618887576410644e-03 2.378337501197710147e+00 8.074497873337570297e+00
2.089730979741159821e-04 -1.155553538291260196e+01 5.754054827383352499e-01 1.441761791006471866e-02 2.621799829617324384e+00 9.288463023168453958e+00
2.086053635591114176e-04 -1.155479665435709080e+01 4.651917080044505326e+00 8.056710954084002688e-03 2.457679029782846580e+00 8.132513391404598835e+00
2.085714540656152458e-04 -1.155245922088589872e+01 9.300295915909582156e-01 1.775858395054526369e-04 2.682779403691795572e+00 6.194273897326535661e+00
2.087369755252815688e-04 -1.154916593967416460e+01 7.383427129207305317e-02 2.052801878674547983e-02 2.796559656839121111e+00 1.044215291294244707e+01
2.135139483769362280e-04 -1.152403874625444224e+01 5.522583125864521242e-02 1.192549415376975737e-02 2.529642086364265019e+00 7.983867052013706278e+00
2.136700152634571706e-04 -1.152080806857574480e+01 7.784145167974658441e-02 1.806835212438335017e-02 2.710678379888195266e+00 1.232111619375342038e+01
2.132286030569244511e-04 -1.152037606479265541e+01 6.886933875248407944e+00 8.722035986759044211e-04 2.371293082259112950e+00 7.803556245993104490e+00
2.128471779436155481e-04 -1.151966647500702123e+01 5.033022891582287217e-01 9.779470192541235302e-04 2.536323506108846715e+00 7.074214655612065528e+00
2.124400611343772564e-04 -1.151908102543876389e+01 7.411496189328729833e-02 2.262224186678661597e-02 2.810555303886437706e+00 1.487099909061473291e+01
2.124513104494617135e-04 -1.151652807395121059e+01 8.846514545161620058e-01 2.911582600973109509e-04 2.510970647455016191e+00 8.499592316410437220e+00
2.120682329642837585e-04 -1.151583283227199672e+01 4.219413582977744603e+00 1.535346887942144051e-02 2.420387769189660254e+00 7.816224012534635612e+00
2.120120084981911939e-04 -1.151359799183816079e+01 7.194035507187991341e-01 3.134435766941736767e-03 2.470505345227725247e+00 7.038656187799228192e+00
2.117389970934036904e-04 -1.151238653836175274e+01 1.786700955597270712e-01 2.433780449246669350e-02 2.901328387628810290e+00 1.633735470042025995e+01
2.129464207792292941e-04 -1.150420032033626505e+01 7.874410086731418179e-01 9.604746798684694713e-04 2.695676049817743447e+00 8.197583405369638143e+00
2.141836496999628074e-04 -1.149590708559808938e+01 2.604029294712454923e-01 3.063603710084931986e-02 3.051681532135653185e+00 1.898699427605037471e+01
2.138941666771730762e-04 -1.149475956431032841e+01 3.410213343111900741e+01 3.837986652447319402e-01 2.337510246070080733e+00 1.138949484499276998e+01
2.168340832811824648e-04 -1.147860844084961585e+01 5.873683505627844137e-02 2.172724390628309049e-02 2.961702187762243810e+00 1.502509265960614471e+01
2.184584123273534820e-04 -1.146864524494318793e+01 5.999645269498990352e+00 1.982371233442693781e-02 2.314637041260013461e+00 9.824925797383277981e+00
2.194605990447846594e-04 -1.146156819557558748e+01 4.869947393212784448e+01 6.556988829675158836e-01 2.276758914079137774e+00 1.390842997212235410e+01
2.206132831661906197e-04 -1.145382958995007527e+01 5.690348357275584051e-02 1.448178328631571053e-02 2.682723618407588440e+00 7.014576870711532131e+00
2.202209439829116977e-04 -1.145310957554422870e+01 4.525081939551007792e+00 1.427384333554281882e-02 2.435297655430883168e+00 8.724921844706340579e+00
2.229453793986010783e-04 -1.143831410273910265e+01 8.460198511815446576e-01 1.945231053694619833e-04 2.590158315633934727e+00 8.962526439870574180e+00
2.226543950133325631e-04 -1.143712013763112623e+01 4.920965979695994530e-02 1.383254602415596307e-02 2.773219943239339624e+00 6.799261285584193182e+00
2.226872563032285366e-04 -1.143447255974408883e+01 9.160613217087623106e-01 3.067656235089823245e-03 2.579287199648329754e+00 8.570657619636433466e+00
2.232840941482273531e-04 -1.142929598331957308e+01 6.357276328403330679e-01 2.612596684359022245e-02 2.798433173591329481e+00 1.641915777001566212e+01
2.233867262362161080e-04 -1.142633644092230050e+01 6.712750656781962277e+01 8.214281575400189661e-01 2.083484243933873437e+00 1.338764283353619966e+01
2.233521594285662812e-04 -1.142399119265235363e+01 4.104800686676154164e+00 4.744990402414719097e-04 2.399114663273136827e+00 7.924705608468476825e+00
2.241853363900682351e-04 -1.141776780441401762e+01 4.881824994323021027e-02 1.138668896248858087e-02 2.602808625382773577e+00 7.987054690266258916e+00
2.245387095914415788e-04 -1.141369279064959841e+01 9.002873773361825815e-01 4.171638026388706949e-04 2.708144841648390866e+00 7.578213918625325007e+00
2.263675044143304775e-04 -1.140308110447681500e+01 6.867985876447336047e+00 1.941867988784061905e-03 2.439938910280785578e+00 8.837639363947040749e+00
2.266117572088257139e-04 -1.139950267621812507e+01 4.460124755606053704e+00 1.197815595557466918e-03 2.399339743725518836e+00 9.597702274964794000e+00
2.270438304182725994e-04 -1.139509782437951380e+01 3.175084822950411945e-01 1.714724972947165652e-02 2.582478216918466796e+00 9.122949419582912611e+00
2.267164076239889137e-04 -1.139404097793797987e+01 4.309418526332202126e-01 2.590478913637508929e-02 2.900632344274884034e+00 1.608815883260164981e+01
2.263826361928600458e-04 -1.139301426063877543e+01 6.008141876498884759e-01 1.341571005586270939e-02 2.787651075409240509e+00 7.229249151303865695e+00
2.264190195302998780e-04 -1.139035355743878242e+01 5.456509215287349557e-01 1.475595597009718093e-04 2.604949841662188348e+00 7.048332862007016253e+00
2.271696498124989685e-04 -1.138454381441318475e+01 7.869524297703661020e+00 1.608953647212009886e-03 2.490199558164024829e+00 7.194291078554063468e+00
2.283419705821990717e-04 -1.137689653251937649e+01 3.889756573277523832e-02 2.623335566434780580e-02 3.209417415593493139e+00 1.782977390965715969e+01
2.280120939980933377e-04 -1.137584223736640077e+01 6.542829527990580152e-01 1.162696151204862605e-03 2.541217835622692434e+00 7.942742583920193944e+00
2.279622921726370604e-04 -1.137356067869628085e+01 9.670914436742007736e-02 1.223678840455186094e-02 2.609296964578214251e+00 8.031410254178204866e+00
2.323488626834766349e-04 -1.135200094808827487e+01 5.233499800240350164e-02 1.569064367948475730e-02 2.670124394993721673e+00 1.079451233834909374e+01
2.321845592424057192e-04 -1.135020833937668527e+01 6.980101970818131107e+00 1.719695993120387610e-03 2.384741156751583713e+00 9.167666091968731834e+00
2.322940046127040944e-04 -1.134723707813519411e+01 4.441382188544881759e-01 1.200605568568925176e-02 2.558834398744824767e+00 7.020514514558174213e+00
2.328449344396813219e-04 -1.134236819418093667e+01 7.317513022340151885e-01 4.221709978919890166e-04 2.757842188066944367e+00 6.550892042228992906e+00
2.355826220592747728e-04 -1.132817922006796074e+01 1.151206194915694869e-01 2.159685431414337317e-02 2.838854672833897475e+00 1.468649384315712147e+01
2.354547366147903900e-04 -1.132622221499297765e+01 5.330207405866530523e-01 2.327622820435745494e-04 2.507522698803141381e+00 7.027897063959891888e+00
2.349780989307626424e-04 -1.132574859500351749e+01 9.621049616463727139e-01 1.034060960436352901e-03 2.656373886925211369e+00 6.640174385367256349e+00
2.350038435090966225e-04 -1.132313903939707700e+01 5.475461834171009734e+00 2.489236761756711235e-03 2.317671133000313688e+00 8.894859935857272859e+00
2.362661469838354261e-04 -1.131528199770551879e+01 3.166528179387766151e-02 2.125642371023252208e-02 3.113442952549565490e+00 9.972040818933344042e+00
2.358925857658164646e-04 -1.131436435240978788e+01 6.415624347906503377e-01 6.277676038414982829e-04 2.495767761066670865e+00 7.638331540675904918e+00
2.353909659444916916e-04 -1.131399309214165427e+01 3.860462060306448784e-01 1.491608042722064077e-02 2.594150809663319013e+00 8.589411040406169207e+00
2.361714095028114610e-04 -1.130818305592366002e+01 6.125091191110772826e+00 4.589158039129749567e-02 2.232148893396982636e+00 9.482657217965073215e+00
2.372751097214383770e-04 -1.130102064032580955e+01 4.442093297584696898e-02 1.816947520585657228e-02 2.760548852882156456e+00 8.908841914618284008e+00
2.374500262322590933e-04 -1.129778372329534619e+01 6.806237850748658502e+00 6.282076824498274278e-04 2.454549295413918308e+00 7.767151487977359103e+00
2.379216854773418682e-04 -1.129329934185977180e+01 4.147391665322285037e-02 1.262552363828282724e-02 2.638426387932200079e+00 8.690809658448625186e+00
2.374276574929548448e-04 -1.129287793172032117e+01 1.073286492853733343e-01 1.476325273767238079e-02 2.583080748315603969e+00 8.048561604667124669e+00
2.371265200045829516e-04 -1.129164707039013926e+01 6.058556947900403777e+00 5.693684589944057219e-03 2.316410160381126460e+00 8.670769780264091509e+00
2.377105828970200660e-04 -1.128668701331614699e+01 2.843026263540166521e-01 2.765379680546106722e-02 2.984083864413653586e+00 1.410776910384038452e+01
2.384511020387491791e-04 -1.128107664235534280e+01 5.732915162519429231e+00 3.489566937304581541e-03 2.488836492578635706e+00 6.523052079403919734e+00
2.400258647540661177e-04 -1.127199422142149032e+01 5.401312492412230215e-01 1.392451219168301842e-03 2.521873396564951797e+00 7.602052870189377032e+00
2.394751349275217177e-04 -1.127179131806603429e+01 5.176599879004957927e+01 6.777424328614408688e-01 2.238292021489384442e+00 1.251353476649970808e+01
2.390651176362274758e-04 -1.127100493521498592e+01 6.956614141020290631e+00 6.570174394063454850e-04 2.491519503269929103e+00 7.316734483670256139e+00
2.401481244450353637e-04 -1.126398499061614977e+01 9.398417865610252386e-01 3.027977851101587049e-03 2.624254168743065385e+00 6.911607307502746878e+00
2.398114109667279182e-04 -1.126288808195491420e+01 6.865146446905424638e-01 2.344512682372205947e-02 2.933750591208682312e+00 1.454999330791605594e+01
2.399904433972899513e-04 -1.125964180539411075e+01 5.674482440980205267e-02 1.782329691570242250e-02 2.951289651752546650e+00 8.942238605139211316e+00
2.402837866734514136e-04 -1.125592023948749976e+01 7.415547987372407279e-01 1.569554681152752172e-03 2.480578351978802942e+00 7.027047551636744771e+00
2.422098075312241114e-04 -1.124543658494338239e+01 6.484035270322575428e+00 1.729382223420633568e-03 2.347503068257829284e+00 8.770531534693628117e+00
2.416607530381369878e-04 -1.124520601306519119e+01 6.002755162917684795e-02 2.106553998289439553e-02 2.826865316297232145e+00 1.521626927708514110e+01
2.418255055528022949e-04 -1.124202449412596927e+01 5.296567193249809291e-01 4.370138700323166620e-03 2.533620384374179579e+00 6.623140056870747472e+00
2.422466574880824224e-04 -1.123778445586846786e+01 6.665251359343790649e-02 2.066843971668015645e-02 2.749697270754989376e+00 1.294221915510953202e+01
2.433689566133547379e-04 -1.123066227696482677e+01 3.690505732571337916e+01 4.600524541900254949e-01 2.129362471132453472e+00 1.690890807878977853e+01
2.461623704039113923e-04 -1.121674954827276416e+01 6.810783525905867997e-01 8.639890046763158346e-03 2.738504572901008682e+00 7.069238979269629297e+00
2.463468130314964456e-04 -1.121350055660961686e+01 7.983411808410886268e-01 5.248893364242991806e-04 2.466763182315662828e+00 8.082237836521596108e+00
2.474180276568094684e-04 -1.120666158300251425e+01 4.133422881433808094e+00 7.635703894184625194e-04 2.452077573629626972e+00 8.432443049003055080e+00
2.468699384635886706e-04 -1.120637927574609805e+01 4.211115345071531380e+01 5.471776317148343560e-01 2.059762397101662312e+00 1.430668840014243237e+01
2.468187066459672126e-04 -1.120408682282384483e+01 4.987597121682949552e-01 1.957243896977820669e-02 2.628384052374284519e+00 1.107116425697806150e+01
2.471418039954757025e-04 -1.120027863162788684e+01 3.546789188887615185e-01 1.840684887831676997e-02 2.606942867089064642e+00 9.603245373915070715e+00
2.488552904322382381e-04 -1.119086934416399437e+01 6.022439644129288366e-02 2.180967340023284157e-02 2.821327674789752216e+00 1.565524081188504191e+01
2.484012103735446842e-04 -1.119019568603855674e+01 7.595999061080271897e-01 1.879491132874354484e-04 2.721506758602822096e+00 5.733118858315379818e+00
2.479992014319604078e-04 -1.118931538263795389e+01 6.501290040945211235e-01 1.765908411319604848e-04 2.541330443006426965e+00 7.828664703923815971e+00
2.476247701118505372e-04 -1.118832633211918548e+01 8.173679833087301461e+01 9.870766490363165335e-01 2.317477507167458928e+00 1.315122958567210887e+01
2.486947959428691102e-04 -1.118151448321363084e+01 6.588947562875298314e-02 2.239829178003167887e-02 2.958678919560516096e+00 1.575682081742557550e+01
2.494587115054963753e-04 -1.117594749221581729e+01 5.630651853552576247e-02 1.798377009849820921e-02 2.966533669690635033e+00 8.553790724095232889e+00
2.494549117029459134e-04 -1.117346272452206435e+01 5.843243692349076035e-01 3.301758135058088209e-04 2.544068237158286117e+00 7.753216557273109544e+00
2.493450647978871001e-04 -1.117140316923742027e+01 8.874604472230608110e+01 9.260360381352237269e-01 2.183907484160772405e+00 1.205979290205149290e+01
2.490361829615140546e-04 -1.117014270975910151e+01 7.169559248175176869e-01 3.446935052318700408e-04 2.743738444297347367e+00 5.883630872674663337e+00
2.487846942083621771e-04 -1.116865306824778159e+01 6.806568455791781602e-01 9.776019281145296655e-03 2.531163612610097591e+00 8.897428253943825638e+00
2.498376695406027970e-04 -1.116192952364139757e+01 5.130687548922224089e-02 2.033369841412566853e-02 2.994526090734774826e+00 8.943308516841778300e+00
2.516502489473719040e-04 -1.115220068628308425e+01 1.561690912378725093e-01 1.410702449657581271e-02 2.601052189282210492e+00 8.729341346663169077e+00
2.536572164369956732e-04 -1.114175709478479348e+01 6.282947796555165887e+00 4.642398118241865788e-03 2.465006465070957109e+00 6.810614800970991034e+00
2.545449089267206666e-04 -1.113576362890487026e+01 5.629222399405762189e-01 2.422757238429420687e-02 3.031539499626858536e+00 1.227414016878648972e+01
2.575262934423050150e-04 -1.112161908341890282e+01 1.691790589882257445e-01 2.544482515055845884e-02 2.984276295256591549e+00 1.667978618584749384e+01
2.583958566578726992e-04 -1.111574817159119455e+01 3.033959522173193335e+01 3.620861858461664196e-01 2.281900291350932974e+00 1.307949599762062753e+01
2.584832062128950112e-04 -1.111291018322165769e+01 5.753173917789913716e+00 8.092681590146314635e-04 2.516792826220541457e+00 6.905398194928591415e+00
2.580026531555239299e-04 -1.111227104034804469e+01 4.035549678396375267e-02 1.595032851218177242e-02 2.621385310142197334e+00 1.068178627338960318e+01
2.577748276265545853e-04 -1.111065446605883977e+01 3.036967115832901049e-02 2.224664920231487000e-02 3.004165664891450760e+00 1.637542808166707431e+01
2.578818387117429666e-04 -1.110773941824229816e+01 7.490961383477146462e+00 9.745362283145105053e-03 2.512843412109048380e+00 7.321503623609408429e+00
2.577926345953302921e-04 -1.110558538889595681e+01 3.020365967854089462e+01 3.019788704309532834e-01 2.294865439303770849e+00 1.047466574651230786e+01
2.572212513553960469e-04 -1.110530429401660157e+01 4.271665048667189213e-02 2.318853452205812612e-02 2.871408533668579288e+00 1.624309284092253236e+01
2.570106248269335815e-04 -1.110362348298561308e+01 5.010967753361214250e+00 5.431371928619778671e-04 2.425001190826121089e+00 7.181364098184214839e+00
2.564457240223861549e-04 -1.110332386879732169e+01 3.130981401379934193e-02 2.511083799266172409e-02 2.971598247812901050e+00 1.795905739477154484e+01
2.566276614579246149e-04 -1.110011466247981460e+01 5.821361253980563699e-01 1.021667882264668632e-03 2.569115646534607222e+00 6.286477052656593401e+00
2.561775808997925259e-04 -1.109937002937751771e+01 3.256041542645165521e+01 4.594963076072981489e-01 2.228015071097984467e+00 1.509967052423376543e+01
2.605730816845409133e-04 -1.107985754302239201e+01 8.102283817942487198e-01 1.726183379394395406e-04 2.644759298969641570e+00 8.322651504674077216e+00
2.632648315140542045e-04 -1.106708041930388831e+01 1.569559178980194925e-01 2.690682654146515571e-02 3.026302784073778174e+00 1.853364176137152697e+01
2.643382829998064528e-04 -1.106051125088005271e+01 3.007349724465042604e-02 2.384533559960935398e-02 3.151970978266580570e+00 1.553397923842550910e+01
2.639244326900983396e-04 -1.105957808640367546e+01 1.172303792418634671e+01 1.459603825250499753e-01 2.115185674262546556e+00 1.350553704741626859e+01
2.651012625746400992e-04 -1.105262903284630127e+01 6.011649800478369166e-01 1.064519251348303337e-02 2.705904667737755176e+00 7.194497188515068586e+00
2.677168673936820907e-04 -1.104031095165586507e+01 6.228519328948005640e-01 7.045276791756866505e-04 2.616052544620407261e+00 6.124322201323203707e+00
2.682084255717981564e-04 -1.103597652315467492e+01 4.550541114328980008e+00 6.683032932766599411e-03 2.309295121051521349e+00 9.162069610441948342e+00
2.680726164078918558e-04 -1.103398300821075040e+01 3.112820326630638679e-02 1.298682616079278353e-02 2.729912148925644821e+00 6.806089465935863281e+00
2.678578734608914316e-04 -1.103228439183251730e+01 5.569275860171757131e+00 6.383994102624071607e-04 2.503726671315328112e+00 6.956543620859163113e+00
2.688038341333925875e-04 -1.102625903632894477e+01 6.956261085463851801e-01 2.043742488679541362e-04 2.581605757533236734e+00 6.050855026353980648e+00
2.690017706323775135e-04 -1.102302294690865025e+01 1.515408627904803740e-01 1.599954238500868667e-02 2.645018227105064845e+00 9.840183459879986216e+00
2.690692468185606882e-04 -1.102027213917380344e+01 3.308959760841283071e+01 3.550953719080315873e-01 2.282001892800145093e+00 1.035886202319873028e+01
2.696316887947694790e-04 -1.101568399659451281e+01 6.786265332430279962e+00 2.576939211231468393e-02 2.292018362400691789e+00 9.528612419261778044e+00
2.701094759854372478e-04 -1.101141356533358717e+01 6.022828328660682295e+00 2.107842529639735937e-02 2.357178616738289989e+00 9.649789920616495209e+00
2.699956401900452689e-04 -1.100933509734159443e+01 5.494999302772951566e-01 7.996348984642008464e-04 2.527936550369466850e+00 7.512582619476143364e+00
2.694127149877947338e-04 -1.100899644847225289e+01 7.209499610680986104e-02 2.455770687532445734e-02 3.046630858661655061e+00 1.744374574833216585e+01
2.699739874382454941e-04 -1.100441529722952261e+01 1.477860713271684501e-01 1.956567614462196084e-02 2.930493323082198565e+00 9.165237822234386655e+00
2.694244293790440262e-04 -1.100395296820600066e+01 5.155936358307173784e+00 7.853193888872363583e-04 2.365620174508228146e+00 7.799585137838544568e+00
2.719945082637348767e-04 -1.099195903288000231e+01 4.499376125684110050e+00 9.139846041932861778e-04 2.452856356893778234e+00 8.645261544887471672e+00
2.725133828726623918e-04 -1.098755318440863604e+01 3.523711538021892409e+01 4.304981589445420753e-01 2.296685349747505711e+00 1.225075381527847718e+01
2.721730519332158228e-04 -1.098630282442897332e+01 3.199952541846395881e-02 1.406946001703263463e-02 2.805110615742467228e+00 7.223573591724782084e+00
2.724256510071794467e-04 -1.098287517223034193e+01 1.477341113277540197e-01 2.395928554160447685e-02 2.843525845410308506e+00 1.583338315099651261e+01
2.730020476751708852e-04 -1.097826161296683622e+01 5.953082712093967777e-01 1.535124884622026190e-02 2.837972989069695195e+00 6.155053517217622172e+00
2.723504676010513915e-04 -1.097815118802485657e+01 8.613739525400380959e-02 2.113464373237119304e-02 2.961587376574391861e+00 1.289202172083956555e+01
2.722825479595125013e-04 -1.097590060236423781e+01 6.525144608294292103e-01 2.512390678443598632e-02 2.830967109335473353e+00 1.614265717287351265e+01
2.728315865019335712e-04 -1.097138620320131430e+01 5.725169899163886633e-01 1.699683964282785141e-03 2.630235513151562010e+00 6.258058455463856085e+00
2.728484318882826382e-04 -1.096882446230633334e+01 2.008035449214862211e-01 2.577448730231143501e-02 3.048306914018870994e+00 1.314901605577919241e+01
2.726794518141902914e-04 -1.096694397263585152e+01 5.797501470377771637e-01 7.910167409304211467e-04 2.614901408641771674e+00 6.190376182489197632e+00
2.734046379272692096e-04 -1.096178802073028891e+01 6.264270879418825100e-01 3.980864404545985985e-04 2.517383129075618342e+00 6.891354216616301542e+00
2.730632172221366381e-04 -1.096053757547111829e+01 6.721757392016700083e-02 1.690360600521201989e-02 2.901016412492045227e+00 8.135045400303006602e+00
2.729283235307573873e-04 -1.095853169922233405e+01 5.658406703785208158e-01 1.287463737206791898e-03 2.548640537642525850e+00 6.552264886943755862e+00
2.727110084265763025e-04 -1.095682825146094075e+01 4.148014551044493459e+00 1.078284956747548907e-03 2.457590969236034262e+00 7.836741706096751692e+00
2.720738696210674937e-04 -1.095666729985113186e+01 3.307439419442624318e-01 2.061923288646662009e-02 2.887339202968522756e+00 8.530703911189828403e+00
2.728662765216977645e-04 -1.095125906317690756e+01 6.310168934218348680e-01 2.003560535583746448e-04 2.612512962423998886e+00 6.173890082834856408e+00
2.740932179323793839e-04 -1.094427264880398987e+01 9.113391171465545781e-01 1.025932455628172750e-02 2.715836617077923343e+00 7.862895595421051986e+00
2.767813443845812144e-04 -1.093201308474765732e+01 6.612260695403590072e-01 1.503919625870141219e-02 2.590491526131866173e+00 6.995503031094436608e+00
2.772048304589753748e-04 -1.092798421570321210e+01 6.594866580760229802e+00 1.838951893450045845e-03 2.479868375772576350e+00 6.925285982566463439e+00
2.777917347812393768e-04 -1.092336923129502324e+01 6.099371187812431572e+01 7.099577647004338132e-01 2.322857672868134493e+00 1.158866553429148283e+01
2.791717672836671995e-04 -1.091591366303424238e+01 7.438872482407651532e+00 1.063667335484578180e-03 2.438770759863299276e+00 7.448035981475111811e+00
2.825385361817469351e-04 -1.090142595621916399e+01 3.989740795959560715e-02 2.481583214045164631e-02 2.945743824821025925e+00 1.793497664598591612e+01
2.821215054334998812e-04 -1.090040306029360373e+01 3.601793153807333892e-02 1.871205029434358513e-02 2.839591771836873058e+00 8.878941802880675027e+00
2.817126642836225640e-04 -1.089935327826012212e+01 4.269920708767009643e+01 5.384845609654805854e-01 2.036712970636938458e+00 1.663430301240701681e+01
2.814210117257915766e-04 -1.089788909833742636e+01 4.493771487857223690e+01 5.983548701859154884e-01 2.072286583910253999e+00 1.945302102135557831e+01
2.812166566258371306e-04 -1.089611551649403154e+01 5.127814781994609605e-01 2.993272274609412587e-02 2.888251134455110503e+00 1.733644600873207153e+01
2.819595630657690611e-04 -1.089097724149280566e+01 5.067322396533926465e-01 1.117555442541995174e-02 2.610856849374993516e+00 6.332430877221352006e+00
2.821392135299040350e-04 -1.088784029464001080e+01 3.482118508121061495e-01 2.976468166968464571e-02 2.938249973433424422e+00 1.954328287235744455e+01
2.819432883335789577e-04 -1.088603496325163178e+01 7.728684021444555130e-01 1.703491909953535439e-04 2.488426456238224560e+00 8.578109491250355489e+00
2.834028495675126750e-04 -1.087837152662804030e+01 3.382275386805053685e-01 2.268602804358668332e-02 2.798318953697624067e+00 1.002444494447970591e+01
2.851744908304130609e-04 -1.086963966731655518e+01 4.755473175926412210e+01 4.951490064817219983e-01 2.318439354675945197e+00 9.957053080846781867e+00
2.863806295349794091e-04 -1.086291911027135981e+01 7.128915390305558653e+00 4.382795672064222943e-03 2.352971411037266591e+00 8.684598012801227895e+00
2.868881157243670008e-04 -1.085864860969496526e+01 6.746638861044612634e-01 3.830257897952955154e-03 2.679472072406327676e+00 7.084622606107112475e+00
2.880274207523332011e-04 -1.085218522221603266e+01 7.092008994410834433e-01 6.455324185781530265e-04 2.472074677912540430e+00 7.973080494399207296e+00
2.873337302119501730e-04 -1.085209654552258840e+01 2.935189692351847790e-01 2.217283179452560898e-02 2.761578816174849127e+00 1.051756639242295499e+01
2.884973606478633251e-04 -1.084555497139326974e+01 7.092588097854764406e+00 4.435312044803458101e-03 2.332428858972147356e+00 8.779042009457079132e+00
2.888704274288941354e-04 -1.084176266918779419e+01 8.067889724652994587e+00 5.685654366200025567e-02 2.333899596697491141e+00 8.282289739879818313e+00
2.896728921852159927e-04 -1.083648858039017071e+01 6.915511379505682399e+00 6.225218661039302881e-02 2.147163127787288683e+00 1.249949883324486599e+01
2.898505886090427166e-04 -1.083337533024488941e+01 5.732037564177144828e-01 1.033699098156875412e-02 2.708461020075722203e+00 6.183931249099070548e+00
2.896597950364970309e-04 -1.083153379499314184e+01 6.368941532356198199e-01 1.820321046607247700e-04 2.579568768803613743e+00 7.507307157489572447e+00
2.927106662722496195e-04 -1.081855627476028836e+01 6.589738847512629505e-01 1.074212777925210444e-02 2.715297119421834271e+00 5.813903082950894863e+00
2.925737612927433286e-04 -1.081652409852444663e+01 8.108079706739518278e-01 2.181733641978714591e-04 2.666877737942265902e+00 5.886314620517819840e+00
2.922651908362991773e-04 -1.081507933085448592e+01 6.538890580809348929e-01 2.535936808684394889e-02 3.037550365143206754e+00 8.629628175533417433e+00
2.942755998132385036e-04 -1.080572416619429887e+01 5.532167944944471394e+00 1.602051964927556429e-03 2.435794834021531408e+00 6.827864629919921491e+00
2.942043309427835982e-04 -1.080346637962275658e+01 5.635692058981853769e+00 3.019009015401823062e-03 2.402514153463717772e+00 9.063417943105498864e+00
2.954649162953815861e-04 -1.079669080554847937e+01 1.516952244390008531e-01 2.533289585409687072e-02 2.941820184225682144e+00 1.399068470898662930e+01
2.956790105423665396e-04 -1.079346646669756460e+01 9.004737210037224715e-01 2.610951473910642310e-04 2.658515274539908990e+00 8.006345615882151989e+00
2.967475522711013921e-04 -1.078735912376412998e+01 6.865669470708712918e-01 2.522524488008717411e-02 2.821881697941994283e+00 1.564093261822414149e+01
2.975611548132357505e-04 -1.078212114250723985e+01 5.715708642163578324e-01 5.975905663311722278e-04 2.623537860580665626e+00 6.399980312443726227e+00
2.990679496469655311e-04 -1.077457010484905631e+01 1.196657593380642304e+01 1.392407204764494200e-01 2.201646658288430647e+00 1.413177489082031180e+01
2.985941502918621339e-04 -1.077365561430132779e+01 7.978409180675470225e+01 8.794636179480038729e-01 2.167340791739297945e+00 1.361598407173505620e+01
2.989422399672232960e-04 -1.076999053140290741e+01 1.267182708383937928e-01 2.670228217515608835e-02 2.979375047829440959e+00 1.947753198888761261e+01
2.990346982757492310e-04 -1.076718129436265059e+01 5.640305175899114065e-01 8.883495892177290529e-04 2.616839969000981370e+00 6.746856638867487987e+00
2.987190639453855237e-04 -1.076573736252866453e+01 7.129767480015442693e+00 5.245858717947211869e-02 2.442412299556521837e+00 7.962153443481463810e+00
2.995271334804900688e-04 -1.076053589938517518e+01 7.321670386015361132e+00 8.112960368887293938e-02 2.142655798518965593e+00 1.435774701911804563e+01
2.995554408543872984e-04 -1.075794139697388552e+01 5.901003669152906639e-01 9.639452321016898787e-04 2.626243561649004299e+00 6.944764893176558651e+00
2.990811631898003010e-04 -1.075702592341485264e+01 5.377024965191298911e+00 2.841900504241714424e-03 2.506358726039564555e+00 7.720899914802680009e+00
2.984330260783830719e-04 -1.075669536935358117e+01 9.061264893829093503e-02 2.529002117904430302e-02 3.103954940803697493e+00 1.323581851434748202e+01
2.978191953199742269e-04 -1.075625433350745119e+01 1.005520280357484530e+00 4.337478914473995198e-04 2.577972386349052236e+00 7.557897099677108876e+00
2.971430499718040767e-04 -1.075602723618188428e+01 5.660264293960604931e+00 6.020319021288937731e-04 2.456728531913987101e+00 7.204420493866042108e+00
2.968944874164053806e-04 -1.075436409430703755e+01 6.253065498618473939e+00 2.109553500879407517e-02 2.491973613161635459e+00 7.294767227042096458e+00
2.976786860726378880e-04 -1.074922623862864057e+01 7.913594426732618869e-02 1.877679462136748814e-02 2.958720057693240868e+00 8.399953052507667550e+00
2.969938811363423371e-04 -1.074902937240936041e+01 8.019578045773242536e+01 9.321893496096768095e-01 2.321758442262502609e+00 1.174249859350229030e+01
2.967722706304673063e-04 -1.074727582963163819e+01 9.084461339995119067e-01 7.017919258455143638e-03 2.647987243813316738e+00 6.692009143132824356e+00
2.962194344785298319e-04 -1.074664039639485402e+01 5.301919701962206410e+00 1.200841300656627000e-03 2.420854696948197660e+00 7.023109379125796359e+00
2.955173755885253111e-04 -1.074651327300984249e+01 7.488783728558131791e+00 5.541370039033182565e-02 2.255549508115471724e+00 1.160918680312848572e+01
2.950979518682628373e-04 -1.074543356730723076e+01 6.732948325774029463e+00 1.127252918083143651e-02 2.429954342029544190e+00 8.801093940154833817e+00
2.965441809809058111e-04 -1.073804469306085174e+01 7.815832041260999574e+01 8.749141026987851122e-01 2.171094612394020018e+00 1.201463757010623112e+01
2.966531614515779849e-04 -1.073517725894035912e+01 9.024217586314037254e-01 1.081519486298058996e-02 2.722721116982655953e+00 6.985929302144668007e+00
2.995002617734628938e-04 -1.072312561717523316e+01 9.397485002892629335e-01 9.045924770687293172e-04 2.651495219733195796e+00 7.178165932206416855e+00
3.007381073032216394e-04 -1.071650109815630003e+01 1.991128411692734446e+01 2.190511345149892541e-01 2.226026202783640606e+00 1.225282446123824442e+01
3.014011154396756373e-04 -1.071179892171818082e+01 6.846028052142616005e+00 6.229271732664803593e-03 2.464820140616636568e+00 8.316418938690024021e+00
3.020260330575141893e-04 -1.070722769292841647e+01 3.655642598506594204e-02 1.892185743254478844e-02 2.760068120154389959e+00 1.328411451205077043e+01
3.013353935477883390e-04 -1.070701700006972068e+01 5.632656566275324739e-01 2.198889695722784296e-02 2.680024283659575790e+00 1.068194877569633050e+01
3.049839976287988430e-04 -1.069248160032512907e+01 1.889912239752095657e-01 2.695451750834220242e-02 3.020736294087676299e+00 1.713186203686893094e+01
3.064149076514848663e-04 -1.068530081786740205e+01 1.258116275632387426e-01 1.766724139130493310e-02 2.828527288483080770e+00 7.710587194703873770e+00
3.075671070599391116e-04 -1.067904761098710154e+01 5.683033627635890594e-01 2.336447837409008741e-04 2.607046187704678442e+00 6.499442172851291666e+00
3.083225093523180613e-04 -1.067409456534045376e+01 3.919171919604031440e-01 1.508070864025207874e-02 2.658133351393512811e+00 7.395125085125986431e+00
3.092888190479769670e-04 -1.066846537894208957e+01 7.326953916926965960e-01 7.254900583547287856e-04 2.470338473991589456e+00 7.835617222066205478e+00
3.097680671406185648e-04 -1.066441706181946536e+01 6.794299064295457047e-01 1.284465814885889711e-03 2.524492399996241865e+00 6.656506010635939496e+00
3.094367627635267212e-04 -1.066298715815175235e+01 4.851392916599262667e-02 1.862786030466901180e-02 2.827357356698114721e+00 1.247174467890802774e+01
3.093778840331361940e-04 -1.066067745335847405e+01 2.343252281470238074e+01 2.833914925568947751e-01 2.234521737101125005e+00 1.395645938999135716e+01
3.093694152282655476e-04 -1.065820482739269082e+01 4.974495117261348298e+00 2.168532139505958359e-03 2.431458867427109816e+00 8.622276136530087953e+00
3.114550460058910239e-04 -1.064898589553996011e+01 2.954502403888028894e+01 4.422448650675659398e-01 2.151800929793149741e+00 1.684596755846781235e+01
3.119531069208419309e-04 -1.064488803058236499e+01 4.517749622912273999e+00 1.434379022195778368e-03 2.327430049648646637e+00 8.612050216140220371e+00
3.117695392809656844e-04 -1.064297665004742477e+01 6.659809448997940251e+00 4.027280081787516786e-02 2.310987625708180726e+00 1.067716424230058081e+01
3.133963103783000666e-04 -1.063527235179619979e+01 7.570362535944361593e-01 2.819356800896630016e-04 2.474277695948986278e+00 8.077139098374622961e+00
3.128884093637265547e-04 -1.063439430139806063e+01 3.714079811691704536e-01 3.159053154559294391e-02 3.120046194845921939e+00 1.736731319882327540e+01
3.122209820834073160e-04 -1.063402969575645329e+01 5.476188373562200340e+00 1.904470231369212105e-03 2.437425168162273614e+00 6.859761771452449253e+00
3.120997247023819614e-04 -1.063191814157038095e+01 5.620884641234613177e+00 9.174992009280576177e-04 2.472992558651117889e+00 6.884740528029510642e+00
3.116955369346071985e-04 -1.063071404055902747e+01 3.798605917760138340e-01 1.943562719581435477e-02 2.732444623202758827e+00 1.041195318692872362e+01
3.123436606335600919e-04 -1.062613685074621550e+01 6.941412130708522754e-02 2.461736480141765021e-02 3.094110982489698181e+00 1.280403810276935239e+01
3.116722071617157672e-04 -1.062578889131325077e+01 1.106197240463565912e+01 1.636405233930974812e-01 2.007378195795603837e+00 1.924860582162082778e+01
3.121215078871294904e-04 -1.062184834841494130e+01 8.762361400971654390e-01 2.659044839448481811e-03 2.594427838203513748e+00 6.680300252722032539e+00
3.114452951742830030e-04 -1.062151720337834782e+01 5.592535560039728626e-01 5.052579111075260719e-04 2.589666960550818242e+00 6.541684919119017394e+00
3.112696609410163040e-04 -1.061958129529937978e+01 5.393384562551787553e+00 6.751314984469289522e-04 2.481423892473471504e+00 7.623197111024539119e+00
3.113069716348346736e-04 -1.061696143633933609e+01 1.692471128042700723e-01 1.502906523065275328e-02 2.644303549061425507e+00 7.637000112961892739e+00
3.105307076535471396e-04 -1.061695811484683993e+01 3.365056951756058012e-01 1.557964312333073517e-02 2.659738966268406113e+00 7.915483086119841083e+00
3.109218595113892266e-04 -1.061319928374640753e+01 7.516672718336579351e+00 3.344968980241359684e-03 2.418314001892223786e+00 7.269135585460780646e+00
3.110403211528963265e-04 -1.061031835498056886e+01 5.976731666891721417e+00 2.052127548827298656e-03 2.405523086733461380e+00 8.806665269425867137e+00
3.105326434220709677e-04 -1.060945188112359716e+01 9.547195225011518849e-01 6.411319550089497133e-04 2.608362934813871270e+00 7.532414967663727090e+00
3.099825285584349092e-04 -1.060872497236326417e+01 5.920347171143990339e-01 1.080823920727429780e-04 2.553314438496883110e+00 6.882776068656698776e+00
3.092721858504233513e-04 -1.060851915923998412e+01 8.425488322767169524e-01 6.064115126111373211e-03 2.607033670836821582e+00 8.973170146734890551e+00
3.096248406743078792e-04 -1.060487953553220386e+01 5.848830375466053111e-01 3.234191089317585421e-02 3.329992044995009337e+00 1.289354201769613262e+01
3.091079850867277726e-04 -1.060405022661656815e+01 9.954418909781631575e-02 1.739849979094344398e-02 2.879998899103189736e+00 8.247859539663686235e+00
3.084198071773162951e-04 -1.060377904353109813e+01 4.195498497987612652e+00 6.198516076455135894e-03 2.353772501894656255e+00 8.315699137621027859e+00
3.087393194376658124e-04 -1.060024361433587892e+01 3.520993086401517047e+01 3.724172451985512389e-01 2.277900351878932916e+00 1.084443153110435176e+01
3.084216675684401093e-04 -1.059877301154005913e+01 7.898116557471850374e-01 8.402122064245205009e-04 2.765649672568778250e+00 6.240754566840140960e+00
3.078514022916070268e-04 -1.059812370230520706e+01 8.732388608952900144e-01 2.168678731062087008e-03 2.568722538698815505e+00 6.946772067369049175e+00
3.073848483610103037e-04 -1.059714036852744279e+01 1.544355754277313975e-01 1.478793822325447267e-02 2.596857241793365745e+00 8.459044386648926661e+00
3.067213899494901580e-04 -1.059680109782233437e+01 7.198422734397231793e+00 2.642640803588881121e-03 2.420294388105882710e+00 8.598470646465091960e+00
3.094215881259034374e-04 -1.058553619889782738e+01 6.482429300524484850e-01 2.733618516017800176e-02 2.885722078941279634e+00 1.806885032226961840e+01
3.097015856917992673e-04 -1.058213170170946427e+01 1.748083437555266462e-01 1.549726972106145115e-02 2.612842535567169833e+00 8.951261083063940305e+00
3.102326903224822494e-04 -1.057791827891234782e+01 4.434512218869255840e+00 5.012236456896170846e-03 2.332621283537760881e+00 8.510363893794728796e+00
3.105416682162856425e-04 -1.057442281924147309e+01 1.176883516122329276e-01 2.093325868906290022e-02 2.811712534657613283e+00 1.362810167260140837e+01
3.097854594172413131e-04 -1.057436091727057281e+01 4.473838802961671135e+00 1.746400597203991720e-03 2.454656874267777233e+00 8.000667113433014066e+00
3.110672779414733256e-04 -1.056773169219543540e+01 3.794806266696655883e-01 2.154705330488957196e-02 2.698750682079742891e+00 1.158330502012012886e+01
3.113758427703692991e-04 -1.056424022857761891e+01 6.267829986032089629e-01 5.365643373427991022e-04 2.551455140649101061e+00 6.693345734037427164e+00
3.128490730972389002e-04 -1.055702002909582049e+01 5.682810567962565784e+00 1.791081757119271714e-03 2.349221520715355283e+00 8.251204989932272582e+00
3.122760806792882859e-04 -1.055635323825388738e+01 5.307332586039561306e+01 6.359658400497635311e-01 2.201965710637113105e+00 1.492456236291237381e+01
3.117008954028638204e-04 -1.055569684935297481e+01 1.193221278254632117e-01 2.239993936837949076e-02 3.019936608674376188e+00 1.033232685469331891e+01
3.111973136866146971e-04 -1.055481374861071231e+01 6.913842322935398466e-01 7.679166829697699724e-03 2.500133496470926531e+00 7.055556999384331895e+00
3.107394480561104775e-04 -1.055378613532713317e+01 4.229063012786708597e+00 8.683083906967113685e-03 2.357151709384407656e+00 9.361580388937399633e+00
3.103896465854337938e-04 -1.055241247608519828e+01 1.153542741077853429e-01 2.001976068258604774e-02 2.747894709321254680e+00 1.278151606518518690e+01
3.112551643469751300e-04 -1.054712786884456754e+01 5.576903965992076329e-02 1.771986678662970660e-02 2.937489268140515364e+00 8.683851389474948945e+00
3.114751612650159033e-04 -1.054392131283421818e+01 6.337133523699762794e-01 2.975655567301244836e-02 3.346218364486035046e+00 1.393348341130363366e+01
3.108573031368129557e-04 -1.054340693423932329e+01 5.234057419504702935e+00 1.281266040306648299e-02 2.438712785076167400e+00 8.761784034105895458e+00
3.102401722667454489e-04 -1.054289416200179019e+01 6.191059550239695675e+00 2.214596015236209095e-03 2.361036795829118962e+00 8.555170705097319583e+00
3.097504506731371221e-04 -1.054197393329940802e+01 7.035953549987918443e+00 1.786548412065482039e-02 2.512444955787265677e+00 7.136856767667015156e+00
3.096794247581567488e-04 -1.053970326003390845e+01 6.432517730194587280e+00 9.631035604076913087e-03 2.409783464291141097e+00 7.371862732162622223e+00
3.099365924792843517e-04 -1.053637317259671846e+01 5.554726452377650725e-01 1.499372860836160545e-02 2.766040324633266323e+00 7.881076439464963279e+00
3.095687211981429550e-04 -1.053506080187530181e+01 8.055203909711407562e+01 8.518649435354711530e-01 2.245999529486873314e+00 1.086456748949797380e+01
3.102676006122743004e-04 -1.053030575587137285e+01 1.734321812341419466e-01 2.709044870335347924e-02 3.010288003955784220e+00 1.784499336783627754e+01
3.115577501474697613e-04 -1.052365619398920771e+01 8.341568805896368843e-01 5.453095761890415808e-04 2.706586619854228104e+00 7.706988605395183711e+00
3.127425100821122584e-04 -1.051736070828339287e+01 6.338815550026936085e-01 2.621878900515860200e-02 3.011270753260479882e+00 1.630777977425768910e+01
3.126385604123890858e-04 -1.051519314453893372e+01 5.964773606350131985e+00 1.085775616886855595e-03 2.440133919323087763e+00 7.065428664535287950e+00
3.144439364141492633e-04 -1.050693511110955392e+01 6.495948278853096447e-01 1.880983510122486574e-02 2.972408128001879035e+00 8.912453017458783933e+00
3.142115955371641294e-04 -1.050517427866874876e+01 6.174255100901598903e-01 2.322212980028010021e-02 3.135990462736410134e+00 7.389145183649230120e+00
3.135401050285589936e-04 -1.050481363014834812e+01 5.541561192328752838e+01 8.008145788222097439e-01 2.136139417389792960e+00 1.567078844182305275e+01
3.127674445706076856e-04 -1.050478098297023521e+01 6.136209040773866752e-01 1.152101722606363975e-02 2.713527198620397041e+00 6.128827236110870658e+00
3.126861197362462079e-04 -1.050254103372207659e+01 1.201288601536082135e-01 1.789006606342759265e-02 2.798251419339502277e+00 1.036601637778747609e+01
3.125056680015530835e-04 -1.050061830214832170e+01 1.336750539152562756e-01 1.527126021773116300e-02 2.672528689067918073e+00 7.537702190044563544e+00
3.133089808775212310e-04 -1.049555104579338227e+01 8.997368928782908393e-01 1.275694063627939899e-03 2.634433429226972212e+00 8.146773186158025482e+00
3.148612878091403911e-04 -1.048810872308633435e+01 6.511111904502664416e-02 1.356150316125796264e-02 2.583041566185337423e+00 8.239544389501910260e+00
3.155915115382711003e-04 -1.048329221642182496e+01 9.086161453909714636e-01 3.131647478929973361e-03 2.578091550377680896e+00 7.426176193209072629e+00
3.150664609495072103e-04 -1.048245730505299456e+01 3.468707319846632231e+01 5.465961794292100162e-01 2.109755480085870882e+00 1.887537095490375094e+01
3.156990374842255902e-04 -1.047795156203641831e+01 6.978061647999236339e-01 2.322135199106056119e-02 2.922203490986497343e+00 8.337442767066571392e+00
3.154519277096395360e-04 -1.047623460698394737e+01 7.041838132556600405e-01 9.453044369814818382e-03 2.508349094997909923e+00 8.797102786732814650e+00
3.149370720734979913e-04 -1.047536806109179786e+01 6.262591345755589289e-01 2.706588533036594080e-02 2.816657993698028939e+00 1.541952483514096528e+01
3.147688759693887057e-04 -1.047340226633038895e+01 3.233726353453379998e-01 2.541888389027666117e-02 3.000819388140481436e+00 1.163786480309378035e+01
3.141409788258120949e-04 -1.047289904646481951e+01 6.623231533750638667e-01 1.563905091161843085e-04 2.632690589751993659e+00 6.413542817770646387e+00
3.150007445624442644e-04 -1.046766590625212068e+01 5.402939896264353781e-01 1.613621152840547315e-02 2.839623461109804126e+00 7.135758215733438270e+00
3.146073260292307988e-04 -1.046641563160601507e+01 8.069583986059830849e+00 3.917759934839390445e-02 2.416275375323426733e+00 7.451196700431006903e+00
3.194076567882245146e-04 -1.044877270086020538e+01 2.606882579335033867e+01 2.997539502996331984e-01 2.213264901285070696e+00 1.315596520404750436e+01
3.187475529782971342e-04 -1.044834148925292183e+01 1.005624595702421686e+00 5.153510053102156388e-04 2.617180592454890764e+00 7.296030518840425749e+00
3.205029703379705798e-04 -1.044034936462229979e+01 4.612535104789915186e-02 2.012129329433852767e-02 2.865793448437436552e+00 1.392583591925968634e+01
3.198168817316950378e-04 -1.043999232135436195e+01 1.196352243224611533e-01 2.431139389819119215e-02 3.001218157714670376e+00 1.232633219683937753e+01
3.192724376141903840e-04 -1.043919613405387992e+01 6.590020356520189804e-01 9.284025242459616190e-03 2.579739181009102822e+00 8.119495316065226120e+00
3.192195559174225363e-04 -1.043686177966079320e+01 1.436620195430804436e+01 1.778848588234626937e-01 2.177819877158651884e+00 1.391155201190131763e+01
3.192217348451662287e-04 -1.043435495388753864e+01 5.248078799018871088e+00 7.440384641495681635e-03 2.484250338283809256e+00 8.004075833166268694e+00
3.201683722221988792e-04 -1.042889388815243024e+01 5.626694836790592902e+00 1.544864716004077819e-03 2.426177913242075768e+00 7.024314595619541635e+00
3.197550251367242084e-04 -1.042768575259953856e+01 7.109283915527419673e+00 7.357435308256375650e-02 2.271841807666858504e+00 1.172731907369923654e+01
3.191840259546973473e-04 -1.042697308844341997e+01 1.663280824631409027e-01 2.502340897193890482e-02 2.904688680709303306e+00 1.628526536636141486e+01
3.185946550318061459e-04 -1.042632128785248646e+01 1.036017068478968239e-01 2.490713360964891612e-02 3.041241713538100910e+00 1.305087876280409809e+01
3.186888021399887313e-04 -1.042352582401200145e+01 7.653631839990139518e+00 6.346190963710401922e-02 2.360105509003065372e+00 1.010157095774839320e+01
3.211135022752932295e-04 -1.041344625849066574e+01 7.348609114897516337e-01 1.537223681762676204e-04 2.698608608472300219e+00 6.773937842923532848e+00
3.210964114223864379e-04 -1.041099948362016114e+01 1.128705189747162413e-01 1.482306395532277492e-02 2.653092655258546984e+00 9.023368904882609343e+00
3.215115170073388150e-04 -1.040720754300030571e+01 5.356449281318536038e+00 1.095510936367037787e-03 2.424361472445210275e+00 8.516217898238163997e+00
3.218691379383588325e-04 -1.040359584974343754e+01 5.114767646890341268e+01 6.919170457799534990e-01 2.002657174297828746e+00 1.974507952103352793e+01
3.222658740960155309e-04 -1.039986400796985677e+01 6.807535875533534675e-01 1.400206261684594760e-03 2.653102498482299954e+00 7.232821769791137001e+00
3.224099350383241754e-04 -1.039691708273188020e+01 1.276053758195015675e+01 1.852492783087612838e-01 2.110838469972755149e+00 1.928154551079041212e+01
3.237643159679511702e-04 -1.039022507752311597e+01 5.576988748120717077e+01 6.730030563660244214e-01 2.092395973456610658e+00 1.423827099560255327e+01
3.245541559232081657e-04 -1.038528849618147554e+01 6.784716410525891417e-02 2.639084855591090212e-02 3.032932342583232632e+00 1.710756189405855920e+01
3.244930668128972540e-04 -1.038297673860313886e+01 5.799710074458738873e+00 1.121396836920473877e-03 2.434589620898051976e+00 7.121266611660606038e+00
3.237580054136229997e-04 -1.038274456891088704e+01 9.182638676582016712e-01 5.801193579638333053e-04 2.666186569462291711e+00 7.345230503989145454e+00
3.245143026444467522e-04 -1.037791129764651465e+01 2.396286439167342464e-01 1.846106462352975139e-02 2.775600840925987356e+00 8.182574960429899846e+00
3.239104463247204080e-04 -1.037727383141085014e+01 9.990960245715683197e-01 1.642980879323383903e-03 2.650602687008734915e+00 7.586607265141705803e+00
3.234772914288154533e-04 -1.037611199379880134e+01 7.534947064454211585e-01 1.653626795276188707e-02 2.580281657469989387e+00 9.644032794919745299e+00
3.228987952974831537e-04 -1.037540196189220509e+01 4.284927596345839085e+00 1.056862142698446715e-02 2.342861631511738540e+00 8.667321838860180705e+00
3.224756439277646439e-04 -1.037421329808601023e+01 4.057057090991820769e-01 2.672459902361534398e-02 2.849966435079683613e+00 1.628995929200826254e+01
3.225987531275032361e-04 -1.037133160815444377e+01 2.428496328802655646e-01 2.040866482871590490e-02 2.718376292416500029e+00 1.140727486621653419e+01
3.226885309447275396e-04 -1.036855335126012889e+01 7.788217003977022657e-01 1.845798716042703486e-02 2.733971993320389426e+00 1.116022384597102501e+01
3.229745049253405402e-04 -1.036516752077758241e+01 4.396935315840254432e+00 3.535278626396875980e-03 2.320900949912170663e+00 9.269486658846442850e+00
3.233603050843515746e-04 -1.036147371162834219e+01 6.749674564147487565e+00 2.863786060518007381e-02 2.476349676500193553e+00 7.104795236362956956e+00
3.233726534486542291e-04 -1.035893552472557033e+01 4.961695712288206828e+00 2.457540586709242632e-03 2.366642594198413718e+00 8.443643737692859474e+00
3.246521333857245385e-04 -1.035248665849174543e+01 9.728174451858796479e-01 8.867697291936603486e-04 2.632076673813896761e+00 7.192021771643434036e+00
3.243622629777055525e-04 -1.035087992196607765e+01 7.305987245031547728e-01 3.522000794091391992e-03 2.480665459665852612e+00 7.586794122995113909e+00
3.236620401636752884e-04 -1.035054102328020953e+01 8.156716722139931708e-01 2.384038139830286997e-04 2.705214564702913549e+00 7.359424889641809742e+00
3.235046743560087085e-04 -1.034852734560562482e+01 5.413848732835371269e-01 2.639557132207364168e-02 3.038069865773768363e+00 1.452352242904702884e+01
3.229600932132698507e-04 -1.034771214359888170e+01 4.717378257555790988e-01 1.217284626173669761e-02 2.601386783109484568e+00 7.523840377590946815e+00
3.224210219926746984e-04 -1.034688269556658469e+01 2.384358406839153233e+01 3.104987301449617654e-01 2.098417400824687196e+00 1.733669245252368896e+01
3.217611453376625300e-04 -1.034643142314485509e+01 2.569594450126193408e+01 3.324221738693483585e-01 2.179733010040974861e+00 1.600363034571352117e+01
3.225311511500108348e-04 -1.034154118448097925e+01 5.526635615796450018e+00 8.637313453364038563e-04 2.478280421557762736e+00 7.658165039298618026e+00
3.242915841588572888e-04 -1.033359784657853275e+01 5.265405346925988717e-01 1.796088130894425705e-02 2.666946963159882777e+00 1.017107801668003120e+01
3.255586140612993021e-04 -1.032719838940693968e+01 7.620273371766179693e-01 1.909465517477797322e-04 2.485832226230996866e+00 8.107859321853593926e+00
3.265939277914121333e-04 -1.032152332058967303e+01 7.472838627268864720e+00 3.864016708517849924e-02 2.422458029367581034e+00 7.145241739173210149e+00
3.258419002724678476e-04 -1.032132861352314990e+01 3.897986509930936316e-01 1.846727486241259500e-02 2.634222653352195298e+00 9.383078711277407891e+00
3.278022333671844939e-04 -1.031283042927803884e+01 6.806064864292450167e+00 1.755535375354344303e-03 2.429834316459722920e+00 7.247473169311423824e+00
3.279972283846261630e-04 -1.030973575046367152e+01 8.179122366933315735e-01 5.876068965205780668e-03 2.698347144934021280e+00 5.985800885061586030e+00
3.275236302485648454e-04 -1.030868070286213367e+01 6.204852276449802639e-01 9.878303085589185215e-04 2.552883729152130243e+00 6.931404267530254515e+00
3.269128188697638837e-04 -1.030804738237544349e+01 7.039999650598758318e-01 2.642271804610160472e-04 2.496030081683224822e+00 7.983909056106420543e+00
3.275415888843976665e-04 -1.030362587279235598e+01 1.129328212652887936e-01 2.264105998812018794e-02 2.970006866767520570e+00 1.384713865072355610e+01
3.270593598423892712e-04 -1.030259922577230647e+01 3.165995066532787533e-02 1.720010300535362510e-02 2.676928997412824529e+00 1.051529147984542156e+01
3.266943780587250996e-04 -1.030121579857464553e+01 8.150750787608552761e-01 2.494235962296959593e-03 2.589900411337709318e+00 8.858882162121647141e+00
3.292412383670975727e-04 -1.029095017937793699e+01 2.080782739115326407e+01 2.758992476118788950e-01 2.189586595566027860e+00 1.591484632913430985e+01
3.287809549867913941e-04 -1.028984917005036515e+01 5.863760423731934068e-01 1.816749049621368614e-02 2.603001402194159208e+00 9.473263347356137842e+00
3.293166948413550968e-04 -1.028572102269852273e+01 4.965360830167042661e-01 2.747139604138554986e-02 3.180966804987049201e+00 1.116983056761766235e+01
3.286394863174779148e-04 -1.028527954508165010e+01 6.711645006344301834e+00 2.987813655970004197e-03 2.470780160112104884e+00 7.574215995225143772e+00
3.284370970624625593e-04 -1.028339557452642339e+01 3.619185271463601361e-02 1.410107450437521510e-02 2.744074726472344850e+00 8.462847420571998569e+00
3.280579642501888437e-04 -1.028205059571931734e+01 9.461578993196435861e-02 2.093572093343481003e-02 2.974974129462896855e+00 9.439624441778736497e+00
3.273933367968785138e-04 -1.028157859590800172e+01 7.696027438312527114e-01 6.555037831747354687e-03 2.780386825069236956e+00 6.767261981389248504e+00
3.267834360007296386e-04 -1.028094323249622200e+01 7.641148806085423795e-01 2.462607326650991533e-04 2.729848115670320929e+00 6.848250311120683165e+00
3.263382293613834744e-04 -1.027980655186507342e+01 4.760176467679015921e-01 2.493748958670544483e-02 2.842894366556699470e+00 1.483269550759199618e+01
3.258203382821870330e-04 -1.027889478887906449e+01 5.077106326178859597e-01 2.383707298494374544e-02 2.880305689426923443e+00 9.216772171409278513e+00
3.251048709651466802e-04 -1.027859309859269565e+01 6.835799965807155765e+00 5.136269039788738007e-03 2.476422606134545124e+00 7.808875663226735320e+00
3.250799516350833798e-04 -1.027616975165874713e+01 2.737039861970051291e+01 4.154228307910536322e-01 2.057922798436545353e+00 1.812395576754377302e+01
3.260706954729629382e-04 -1.027062669362964087e+01 7.434551534810289741e-01 1.396699570760857358e-04 2.489067000398318186e+00 7.586262339473649696e+00
3.257330822860552821e-04 -1.026916262876417107e+01 5.507252791130800240e+00 1.105149801573621776e-02 2.405445028747268399e+00 8.914416273536780011e+00
3.256641896625422678e-04 -1.026687415136869141e+01 7.320904155958150028e-01 1.814709429239527716e-02 3.032825736918616677e+00 6.515243352047758840e+00
3.264918825410010965e-04 -1.026183582240681247e+01 2.590722842064174003e+01 3.115480034426940659e-01 2.148531130353690699e+00 1.409651344349359547e+01
3.262587724289939283e-04 -1.026005006181857659e+01 7.254745024884822158e+01 8.329920879589194360e-01 2.176369760441983381e+00 1.228516732306506398e+01
3.259110726023533460e-04 -1.025861634803905709e+01 3.212346160651467081e-02 2.197056826402946084e-02 2.970675989983051490e+00 1.587679269406591764e+01
3.252554936773368460e-04 -1.025812990088547849e+01 4.918598887360839278e+00 7.548701075514446801e-04 2.417408590874398300e+00 7.970112421366186695e+00
3.261795095686771391e-04 -1.025279303609796244e+01 6.569336888872239211e-01 5.027466058573377018e-04 2.596502254425773870e+00 7.062927497507257790e+00
3.262620122331921758e-04 -1.025004013170056361e+01 3.054066626673361284e+01 3.588724292929363902e-01 2.189631637293743882e+00 1.363460343781866513e+01
3.276018713708025629e-04 -1.024344184443754280e+01 5.800013729518797012e-01 2.401452185965283204e-02 2.888371853231229469e+00 9.111635048609164400e+00
3.279129187627263537e-04 -1.023999282720726889e+01 1.182260739414261741e-01 2.399403470371338706e-02 3.006375490909961812e+00 1.494713041899085404e+01
3.295680349621476785e-04 -1.023245809673706574e+01 4.467972430666109496e+00 6.882024642474133614e-04 2.377795050403696209e+00 8.013491343880323470e+00
3.290181624360247951e-04 -1.023162795455087881e+01 7.249683332180675066e+00 6.195411144260199593e-02 2.174325499131251505e+00 1.177199945738612463e+01
3.282515812912684280e-04 -1.023146057825571553e+01 8.107631517313025615e-02 1.474022789642940277e-02 2.638416084941896500e+00 9.279827451869536503e+00
3.277543359264947168e-04 -1.023047655683746981e+01 9.251839011579098271e-01 2.259768417848365986e-04 2.622603878842832081e+00 7.911362157177323162e+00
3.289144533832265532e-04 -1.022444321192271843e+01 5.342214318240725568e+00 4.080428209041308402e-02 2.295865030081523539e+00 9.203578482509955805e+00
3.293317588943016566e-04 -1.022067528038221873e+01 3.174890632554857456e-02 2.580342882188843556e-02 3.162881202010609183e+00 1.846622298852011568e+01
3.290078328561647065e-04 -1.021915935020981436e+01 2.063821747427159181e-01 1.940879264211597954e-02 2.804584465126546355e+00 1.034885529168014884e+01
3.283682572164941952e-04 -1.021860519476099682e+01 1.227814092431549209e-01 1.606756798773780262e-02 2.634349388835095063e+00 8.641006952028062571e+00
3.277161448248370502e-04 -1.021809308718573739e+01 7.312009599212228039e-01 1.019599607006917760e-03 2.666831347750257208e+00 5.839073178790512131e+00
3.287956656090042728e-04 -1.021230442812445638e+01 3.137580126405151049e+01 3.835635897849884457e-01 2.142117778600987510e+00 1.494775078618030584e+01
3.307044831649482331e-04 -1.020401573227744763e+01 7.930887356771884056e-01 1.617420870588434298e-02 2.860836354070758425e+00 6.515939910817565739e+00
3.316350204770498436e-04 -1.019870588047419169e+01 7.026934294476203657e-01 5.028828316510359749e-04 2.601132995795231828e+00 8.086856583415617195e+00
3.324113674382838052e-04 -1.019386764829922853e+01 3.057736628093649794e-02 2.068835039203197057e-02 2.850505245526600895e+00 1.490216485160434168e+01
3.320679987068601759e-04 -1.019240114543843490e+01 7.257233012500091673e-01 1.152468935357235831e-02 2.737130875070088454e+00 5.675640898202660267e+00
3.320989369238941174e-04 -1.018980798145993028e+01 4.895578920965194120e-02 1.457674030845244363e-02 2.606168470025716388e+00 8.753341402660558046e+00
3.317184422279442573e-04 -1.018845436523826997e+01 3.883265089792342084e-01 1.673359304529694128e-02 2.640721422308145883e+00 8.675585566557852957e+00
3.317068749834836965e-04 -1.018598923651665622e+01 3.440866554371962982e-01 3.049300568635886222e-02 3.025556873712246464e+00 1.870741374580136807e+01
3.309784425127334888e-04 -1.018568766386942670e+01 5.860341782228043250e+00 1.731895366416582802e-02 2.452706897146157417e+00 6.958168244975716732e+00
3.313846669043559010e-04 -1.018196107248238036e+01 3.663929736383875202e-02 1.449949364542479219e-02 2.678685307301002627e+00 7.577120584562743844e+00
3.308608341408131033e-04 -1.018104306246031143e+01 2.445576470947112213e+01 3.138232149151832795e-01 2.144931526321523840e+00 1.627371320306850677e+01
3.302160397587378983e-04 -1.018049380256938719e+01 3.405366271536455075e-02 1.747518169061248322e-02 2.739301060364910612e+00 1.190471395694476087e+01
3.295881350547288100e-04 -1.017989710939141546e+01 2.142010058691548868e-01 2.455962411448277261e-02 2.889709339795911269e+00 1.313675023114037721e+01
3.290305792835274091e-04 -1.017909021616853416e+01 6.683684572259626755e+00 2.840287146961767428e-02 2.332144307028385377e+00 9.512117963692482192e+00
3.287417407745429052e-04 -1.017746844870809575e+01 6.275323243219569358e-01 4.139608143890352240e-03 2.577445062008542287e+00 6.791130602559928064e+00
3.298532626365840450e-04 -1.017159301187169618e+01 6.758776158954912239e-01 2.036335031367468920e-02 2.642831774503405118e+00 1.060253508188137772e+01
3.294758965665420085e-04 -1.017023770904148527e+01 4.793357507748404189e-01 1.415536116070750111e-02 2.561941556195194813e+00 8.235010571963385928e+00
3.297882137210632748e-04 -1.016679023693429151e+01 4.340909905553084869e+00 2.920386370164522807e-03 2.423717515954949331e+00 8.513875112900130659e+00
3.294043946833770647e-04 -1.016545474963108298e+01 4.222751468679210585e-01 2.662669828105724418e-02 3.048844176245353754e+00 1.368491964957750895e+01
3.291835586560835610e-04 -1.016362538453854114e+01 7.407401625811529389e-01 2.035370792812474846e-03 2.496003660789603895e+00 8.284172965457656801e+00
3.301122017457405289e-04 -1.015830830680327068e+01 6.410745431154287743e-01 5.459928452418778182e-04 2.587475016949251305e+00 6.897840869234333816e+00
3.293314702695308177e-04 -1.015817615677778463e+01 4.718087850069933031e-01 2.619763867596616030e-02 2.814779335460278809e+00 1.340264933753661047e+01
3.313593092616911088e-04 -1.014953759567561242e+01 1.114680576405426976e-01 2.088375776733650616e-02 2.765669429458940343e+00 1.236832346541621597e+01
3.311347799714264395e-04 -1.014771542602160181e+01 2.006283326425608493e+01 2.900227914281367503e-01 2.153359244307093689e+00 1.678002568706406805e+01
3.310237505112142704e-04 -1.014555078215202144e+01 1.321000382305540022e+01 1.647931211416044928e-01 2.087512843122198980e+00 1.531636651951756534e+01
3.321055630210013139e-04 -1.013978802948095215e+01 8.728221438283232381e-01 1.119070331656641173e-02 2.620213794404915753e+00 8.791159774053010523e+00
3.313055055177973815e-04 -1.013969998167472042e+01 6.599725005517070864e-01 5.216706102817381336e-04 2.590118097575908607e+00 6.810428248207346158e+00
3.316189349907592903e-04 -1.013625438523215649e+01 5.538275879127425583e+00 2.004107985745828477e-03 2.440408722127896723e+00 8.445087353488851534e+00
3.313079360247322557e-04 -1.013469264555147831e+01 2.455240768068159551e-01 2.137391093187639493e-02 2.748294223488747079e+00 1.165915979068758723e+01
3.316133176142701958e-04 -1.013127132462697055e+01 7.359724455512403063e-01 1.526981181668203439e-04 2.560979487961566825e+00 6.413160910887302002e+00
3.327266673431720817e-04 -1.012541957463023934e+01 6.255984558180956334e+00 2.196480015213810727e-02 2.415067464104538875e+00 8.762818507290660364e+00
3.324163244719017499e-04 -1.012385273606352598e+01 3.454313643969375569e-02 1.537892096280357376e-02 2.657756588317282009e+00 1.024676746855642406e+01
3.329130971286477377e-04 -1.011985942242689873e+01 1.367391848951171607e-01 1.664265481449275427e-02 2.788599911865142111e+00 7.993595382279638173e+00
3.332916622327789674e-04 -1.011622293956766327e+01 6.899803925380010305e+00 6.397770607432208545e-02 2.179262684604736933e+00 1.228119623258917414e+01
3.333265435969142267e-04 -1.011361828786789907e+01 4.182693740831854023e-02 2.587014584043892743e-02 3.152449643842462290e+00 1.792355345109996989e+01
3.325291625100784470e-04 -1.011351334571809168e+01 6.047428789779750957e+00 6.233945230663431349e-03 2.365514280791099821e+00 8.391034051157969742e+00
3.328907849319122933e-04 -1.010992644575717669e+01 3.780320111765081981e-01 2.263230460262901853e-02 2.934828493713034003e+00 9.496067814890546188e+00
3.330057659230386299e-04 -1.010708110385047043e+01 3.068629446687427542e-01 2.753101066312948000e-02 2.946922082090172257e+00 1.620954581559193741e+01
3.334405293860312740e-04 -1.010327638199147948e+01 5.765105034250473715e+00 2.992837848091111502e-02 2.350214486959536497e+00 7.601687487069213489e+00
3.342791401778764026e-04 -1.009826451579671591e+01 5.484958872467246671e+00 1.191876501761542084e-02 2.351577100764065342e+00 8.009982641479981069e+00
3.346787509545069489e-04 -1.009456978940373872e+01 4.760696907035879377e+01 5.264838263204467683e-01 2.254507776316194700e+00 1.137205427661879042e+01
3.341524989878040335e-04 -1.009364343619535376e+01 5.377638258285451833e+00 8.683239419034833456e-03 2.447140605435420113e+00 7.028949959554393168e+00
3.333232160254183179e-04 -1.009362827083555736e+01 7.916850282041721920e-01 8.378810514390298142e-03 2.500012281660034308e+00 8.273634398451376271e+00
3.331697164278363483e-04 -1.009158888967431977e+01 5.597504143084776063e-01 2.663296443453647827e-02 3.205849285013383732e+00 1.060328736472005140e+01
3.366028318847862901e-04 -1.007883721383894660e+01 1.338970626558528831e-01 2.403672023790444368e-02 3.006310275113990294e+00 1.206719570560185950e+01
3.371783319656082578e-04 -1.007462894340441828e+01 5.516664007846744155e+00 5.607054335123623501e-03 2.452249959601605855e+00 6.999493107366036249e+00
3.412724029112722116e-04 -1.006005991486403595e+01 8.473855855790904945e-01 8.784259413408655390e-03 2.570789731255644472e+00 7.177801201549149468e+00
3.421940844534473113e-04 -1.005486283426703054e+01 8.454962505195189049e-02 2.361627746392445937e-02 2.939781127886871737e+00 1.312713027822656464e+01
3.416673071794558425e-04 -1.005390343119098873e+01 7.971614034151108807e-01 1.866361642476840801e-03 2.499529764865819903e+00 8.273566290303318027e+00
3.420236729344491595e-04 -1.005036095499155735e+01 5.578412421843582436e+00 2.952973171733521297e-03 2.492234119522898972e+00 7.365707218067211848e+00
3.417371159161658781e-04 -1.004869913419028293e+01 6.201300563409935407e+00 4.085627302970905317e-02 2.274561079914024120e+00 9.291011650517670972e+00
3.413662461953602249e-04 -1.004728497208192728e+01 8.635257801541948997e-01 2.682727802746450352e-04 2.619660690036734518e+00 8.321955990227092315e+00
3.412103409558589181e-04 -1.004524178599892181e+01 4.401318677791564049e+00 1.879052242019186789e-03 2.390936029964716880e+00 8.965548927428478976e+00
3.408420636979043192e-04 -1.004382169508283340e+01 4.385928739208562632e+00 7.493321158727833664e-03 2.359134950113687346e+00 8.630993116684523514e+00
3.454336547933501539e-04 -1.002794031064427926e+01 6.893035500562213258e+00 7.000753268426990888e-03 2.390442033432005786e+00 8.726789596020402939e+00
3.449140789702293745e-04 -1.002694556921417046e+01 5.214918046955247632e+00 1.120509029868901841e-03 2.468038305884187267e+00 7.562797793639258970e+00
3.451089777357469694e-04 -1.002388066411771916e+01 7.542930580012991548e+00 7.096205063896650345e-02 2.230408994012073265e+00 1.213595807440664487e+01
3.444202397032686941e-04 -1.002337836992658637e+01 8.678319503365829191e-02 2.647802194161282333e-02 3.044091256509473098e+00 1.920919771209511140e+01
3.437186084495195732e-04 -1.002291758482855322e+01 5.066151196241087895e+00 4.999598090153519261e-03 2.381305865958922574e+00 8.579274599881017593e+00
3.440488394674452743e-04 -1.001945728627326737e+01 8.749523121407736248e-01 2.747466567363024675e-03 2.566879174193285706e+00 8.345301405447184351e+00
3.436003623864324974e-04 -1.001826166398036122e+01 6.980948241854565417e-01 1.519622966407693267e-02 2.961227303736649219e+00 6.548783305573773639e+00
3.436341024947274373e-04 -1.001566347301338489e+01 5.069839967101681388e+00 1.718869737583402987e-02 2.362448016595375844e+00 8.320435758102350476e+00
3.436224375208091035e-04 -1.001319741950422149e+01 6.603413061815757601e+01 8.906109826899936133e-01 2.015676214271207023e+00 1.735288018866927473e+01
3.438421215066806585e-04 -1.001005830584966461e+01 5.197790151969416961e-01 1.368874818564224868e-02 2.639365517723510912e+00 8.279918194977195611e+00
3.434835702411661402e-04 -1.000860162869455117e+01 4.282801234512702138e+01 5.727642456252300951e-01 2.060799288932148254e+00 1.553290675619287597e+01
3.430789237186748167e-04 -1.000728038976264145e+01 6.963135619094956930e+00 4.182219336454525566e-02 2.260823028198210682e+00 9.076107612605129660e+00
3.431743919777461779e-04 -1.000450215938472098e+01 4.925408016282801366e-02 2.099488869551675504e-02 2.842429420927646611e+00 1.182207921603149714e+01
3.426842004864628813e-04 -1.000343158399246057e+01 5.378636466103982272e+00 2.517364131277607248e-02 2.453013619129872147e+00 8.635381277375561382e+00
3.425164659601967628e-04 -1.000142117642232975e+01 7.859323733597480821e-01 1.763686943835510385e-03 2.520107881938763228e+00 8.649298328409223302e+00
3.418791379179997314e-04 -1.000078363206293375e+01 7.727316464373312499e+01 9.604957523087341853e-01 2.099405932979408362e+00 1.486363278892466511e+01
3.411926316008423010e-04 -1.000029368892352721e+01 6.541226010568280957e-02 2.260258189003435184e-02 2.925433143937568925e+00 1.225788774538047576e+01
3.438700910353823838e-04 -9.989976965055632263e+00 7.739479996222006219e-01 1.353984004713341179e-03 2.702778957832816076e+00 7.649203825454813810e+00
3.440638347836846985e-04 -9.986913702375444402e+00 6.326849045486716783e+00 2.036271417191328273e-02 2.454842826235471787e+00 7.836842183173810206e+00
3.438290874463351436e-04 -9.985096213675896948e+00 5.426145054604232243e-01 1.465625641297996044e-02 2.765465173966075163e+00 6.524799400209676747e+00
3.434380690491198296e-04 -9.983734107246714728e+00 1.152592800668294365e-01 2.658708295432505794e-02 3.028804360298385845e+00 1.651681382984461521e+01
3.431493313605946203e-04 -9.982075187946346517e+00 8.270894030669814212e-01 1.009559008679958595e-03 2.543150154994192391e+00 7.038267906002599439e+00
3.426214858339731340e-04 -9.981114610790328356e+00 4.594413770664623753e-02 2.417297512103776941e-02 3.136214440585985308e+00 1.421418209983933956e+01
3.419097453959941643e-04 -9.980694108881840165e+00 5.245037290462968294e+00 2.300928639830601349e-02 2.324758583513707233e+00 8.412192063232440731e+00
3.419376037530318926e-04 -9.978112633514307106e+00 4.888256053661824296e+01 6.122688259459286853e-01 2.120080258279986474e+00 1.632089975505172674e+01
3.414983234126173000e-04 -9.976898139246294761e+00 7.351072777544538361e+00 2.548535188266306400e-02 2.473074735704263727e+00 7.201148898013234323e+00
3.409495351335881086e-04 -9.976006433243993499e+00 5.440794613345122377e-01 1.297607185696129581e-02 2.552392698394978510e+00 7.877493800374084643e+00
3.404087635081376787e-04 -9.975093767661354249e+00 9.152698489684608918e-02 2.684711600084157407e-02 3.057092825503060940e+00 1.717647268206681588e+01
3.411937997882820948e-04 -9.970290265093895599e+00 1.230337813848868223e+01 1.659619816385762281e-01 2.091549121253575727e+00 1.600105344082874126e+01
3.406157292954616446e-04 -9.969485960465338081e+00 7.191279468112323769e-01 2.073572946784220383e-02 3.061131781237727445e+00 6.974751233950261309e+00
3.416557748717725484e-04 -9.963937184793001833e+00 6.001943662035380989e+00 2.562070374165841338e-02 2.323101306678478473e+00 9.403981864325796636e+00
3.416206880488064593e-04 -9.961539886480828443e+00 2.407584181279739610e+01 2.998923058102468397e-01 2.140825171004173910e+00 1.415871485995783097e+01
3.411079705655795644e-04 -9.960541852373555827e+00 6.310313853453663135e+00 2.549148737978763814e-03 2.431504080743828844e+00 7.740442983792041431e+00
3.414318239810128198e-04 -9.957092886636100815e+00 6.177951514055926019e-01 1.215225952322958845e-02 2.733933099447170889e+00 6.896825818492683169e+00
3.438565560356150351e-04 -9.947516326624139538e+00 1.445904922887613908e-01 1.933604447145037541e-02 2.737174528180783994e+00 1.151784827923216170e+01
3.447072229668198982e-04 -9.942545481105021565e+00 4.226714861752824820e-02 2.528982404361715744e-02 3.106739733953441274e+00 1.814734484401440184e+01
3.455014151698648610e-04 -9.937744169560456697e+00 4.127232804063386135e-02 1.778064595249746402e-02 2.902877300092000734e+00 1.009283912868089317e+01
3.453611012959401441e-04 -9.935650368688389023e+00 6.420094411113656807e-02 2.410020672908570055e-02 2.927313540488614585e+00 1.601183725176954908e+01
3.449488455790776552e-04 -9.934344776411291988e+00 7.922502124364608767e-01 1.235398372596483688e-04 2.581702119017765362e+00 6.448506888678567250e+00
3.453700979431734370e-04 -9.930624319055057825e+00 6.820661105378142963e-01 3.062860223240799259e-03 2.672158159724332016e+00 6.571725315980119220e+00
3.450417647195067722e-04 -9.929075441902664778e+00 7.986980427555947504e-01 1.290934184424444775e-03 2.720453799122955374e+00 7.407053848874166846e+00
3.443914796252342124e-04 -9.928461876281774678e+00 5.858527109454490400e+00 1.116237075817336222e-02 2.462131762625917819e+00 8.057190549338420382e+00
3.454363579242090607e-04 -9.922932485349175380e+00 4.472205685803371189e+00 1.530420287004830493e-03 2.376252887762130950e+00 8.372991537388415395e+00
3.449946061239817863e-04 -9.921712126279288668e+00 3.401129473663373481e-01 2.133461028245703384e-02 2.732969675945659649e+00 1.060971707616925030e+01
3.449537783328020745e-04 -9.919330476556345033e+00 3.188938617737125947e-01 2.622359444808123122e-02 2.930938059791768246e+00 1.339663957701668018e+01
3.441334329296807590e-04 -9.919211440176791683e+00 2.527709163538521153e+01 3.284205373627220870e-01 2.161193839868233546e+00 1.410445448832924953e+01
3.436254375226759300e-04 -9.918188689024347582e+00 7.222948055536108081e-01 6.774297922463344730e-03 2.590425281885323727e+00 6.208057825269246877e+00
3.429485520135428780e-04 -9.917660466979103973e+00 4.354886888178294946e+00 5.537287274742183109e-03 2.375557425448189708e+00 8.559883757269354021e+00
3.441720965520616584e-04 -9.911599095815846638e+00 7.047393404473537792e+00 6.289159125141093043e-02 2.183597043765025170e+00 1.143375828210718481e+01
3.437671537388977826e-04 -9.910276359243574973e+00 6.699605166581256377e+00 2.953687601462269205e-02 2.396614259615621023e+00 9.155206796138507741e+00
3.429122542460807986e-04 -9.910266312850934511e+00 8.093189136886855817e-01 1.484681981364794397e-03 2.550984804458900967e+00 6.830017420534053585e+00
3.434996870715419526e-04 -9.906054708103074091e+00 9.145857453670559745e-02 1.951316358751952265e-02 2.750467078384746245e+00 1.055670175918055698e+01
3.436116260755577305e-04 -9.903228883151966144e+00 2.918393236885216124e-01 2.002872319047012753e-02 2.795245547701090683e+00 1.000527797978099187e+01
3.440273543681695786e-04 -9.899519736041094475e+00 5.243221651584385690e+00 2.012774441889120247e-02 2.475054780044847469e+00 7.662558321105477077e+00
3.438365981575761295e-04 -9.897574369598453714e+00 2.066584000659491949e+01 2.616707513462900869e-01 2.133212952261935857e+00 1.456179481239475137e+01
3.436457963420929697e-04 -9.895629443653897184e+00 3.924436433236987654e+01 5.378631809808726016e-01 2.009713953267485032e+00 1.898708184648855379e+01
3.445087436864704674e-04 -9.890621437831031315e+00 4.332312430265045577e+01 6.624721836598139735e-01 2.145732473011877861e+00 1.882224615090640185e+01
3.441540110422758162e-04 -9.889151645064201190e+00 7.974924077566484248e-01 1.004740469357895654e-04 2.647580246384674041e+00 6.509611723356177215e+00
3.439348285840767888e-04 -9.887288721130516933e+00 7.788561422021674785e-01 4.379484261243524537e-04 2.672774350279056410e+00 5.970226402846242841e+00
3.445428509471451951e-04 -9.883022440133418129e+00 2.104792984074482121e+01 2.961140140978172908e-01 2.068637564271275320e+00 1.662950076996029836e+01
3.444926610074343430e-04 -9.880668121854975894e+00 2.062570792715758827e-01 2.461981008552399652e-02 2.922593342545318329e+00 1.312412555922586144e+01
3.448463029211131046e-04 -9.877142089777265710e+00 6.910497911567561324e+00 1.154010582926457557e-02 2.476102720549986369e+00 7.358641522874608931e+00
3.454687826543663171e-04 -9.872838623751455600e+00 6.272947064351566682e-02 2.016582624264427748e-02 2.993990231978826966e+00 9.412159126377995122e+00
3.452416925577610142e-04 -9.870996178871687121e+00 6.872146550848878821e-01 1.601040753800925948e-02 2.955807801043093264e+00 5.921768582705445816e+00
3.445704514289922669e-04 -9.870442335797111610e+00 5.453236980386362731e+00 7.772181600292108958e-03 2.421981650665444352e+00 7.203765550158148123e+00
3.446555260470711098e-04 -9.867695465768150598e+00 1.315153198841854665e-01 2.328584477258145019e-02 2.912576635366760591e+00 1.220717186647476105e+01
3.461663130227253266e-04 -9.860821575717858778e+00 5.227765455866021510e-02 2.243885173006217662e-02 2.889920962767422274e+00 1.569811739934089090e+01
3.464507579334010910e-04 -9.857500212980509602e+00 7.757429234819278319e-02 2.387143413912545462e-02 2.916225288206664601e+00 1.500168617861491960e+01
3.462687909080235885e-04 -9.855525582965716680e+00 7.124165873307562735e-02 1.474483934167979647e-02 2.628497124354595815e+00 8.414470328356699724e+00
3.460371583032214367e-04 -9.853694745533825738e+00 7.366064661643669353e+01 8.983340673026217749e-01 2.142557504958980896e+00 1.569128267409447375e+01
3.459679613318361060e-04 -9.851394735301683525e+00 6.787178488845209134e-01 2.012170484007414579e-04 2.627705526657114099e+00 6.457157938915406348e+00
3.456392568269748503e-04 -9.849845287930342863e+00 7.772026816273246430e-01 1.060479100078931601e-04 2.542061832055069637e+00 7.989884048687876827e+00
3.451794957486475197e-04 -9.848676349498934002e+00 8.783227697800549683e-01 5.652519878390802749e-03 2.686027881039275478e+00 7.762813538305014305e+00
3.445995806766903916e-04 -9.847857801512798659e+00 4.656246571433987924e+01 7.352654313824555921e-01 2.044388355000438917e+00 1.977855807894423990e+01
3.437600605490592851e-04 -9.847796993160859103e+00 8.799138611017357503e-01 2.120807883287366966e-04 2.631741167966747064e+00 7.967804297448711992e+00
3.475507614306737390e-04 -9.834330178368904996e+00 4.425327154642955563e+00 8.209777917442009866e-04 2.385445583955846161e+00 8.249333543205869645e+00
3.486961619209386358e-04 -9.828539961966804128e+00 6.972191937245199034e-01 4.690938622403018413e-03 2.661140813866122112e+00 7.318332262051930215e+00
3.488637496869612564e-04 -9.825559464832556600e+00 7.283972884874423848e+00 5.890848804631346192e-02 2.278485495139010553e+00 1.147411623055157648e+01
3.495978266289793447e-04 -9.820957481739448269e+00 8.274218804734552180e-01 4.141519235529472526e-04 2.527852486933793053e+00 8.397853655046418453e+00
3.489747201423529189e-04 -9.820241424308497002e+00 4.017137369225830951e-02 2.523661908206667470e-02 3.096102831971519365e+00 1.835619757002189090e+01
3.497929718785054904e-04 -9.815399438210686611e+00 6.067038841863025000e-01 3.499165487867925833e-02 3.456644673302683657e+00 1.604884145825348440e+01
3.503528026601659896e-04 -9.811300254379753838e+00 4.178885463628188290e+01 5.972102807076522524e-01 2.138426518970904411e+00 1.589659534138828256e+01
3.505192511383954353e-04 -9.808325279010267295e+00 1.929558614486489021e-01 1.693691731537420864e-02 2.683493610510057970e+00 8.877983874513827089e+00
3.496624182833242512e-04 -9.808272738920162936e+00 7.514079997487010942e+00 2.484784689581214998e-02 2.430089795412219811e+00 7.477872377218908184e+00
3.491775033007314894e-04 -9.807160510412431975e+00 7.240695168788748026e-02 2.562701812940496385e-02 3.097475846894943263e+00 1.692388638402919199e+01
3.487677163001059706e-04 -9.805834777493016574e+00 7.454566473340230814e+00 4.066070992519831701e-02 2.305240130207760085e+00 8.552509669037972273e+00
3.480900634110919794e-04 -9.805279659568956419e+00 7.010366121555912378e-02 2.179438403032499597e-02 3.024292012804167040e+00 1.235076732493978824e+01
3.482835976849958009e-04 -9.802223824994218404e+00 5.817489772340507515e-02 1.450042498567161858e-02 2.632285874762324340e+00 8.274692005765555081e+00
3.491991511422508571e-04 -9.797098515666792906e+00 3.524171719905386246e-02 1.697144199964701825e-02 2.709064329221300582e+00 9.294406049451851004e+00
3.509894142191348054e-04 -9.789484844673937758e+00 8.943060091792423005e-01 1.377535820541292725e-03 2.596893357210801945e+00 8.020268850275996897e+00
3.514789361460878524e-04 -9.785591124925744566e+00 3.105621717414632244e+01 3.830526901900676573e-01 2.188951511874264177e+00 1.392856628559289334e+01
3.518181821292291770e-04 -9.782126394655600521e+00 4.125178360419706758e-01 2.978356508075053269e-02 2.960852973545518019e+00 1.952397243942276361e+01
3.513783507274287712e-04 -9.780877343540032243e+00 1.457553405564054927e+01 2.042307928727614408e-01 2.015871981713852179e+00 1.935177805515080607e+01
3.506071032231227163e-04 -9.780574676291818648e+00 3.826970419572964244e-02 2.015474733762467538e-02 2.961140125736011264e+00 1.259190558139906813e+01
3.497598250325647238e-04 -9.780494204027105454e+00 3.428129360484166721e-01 1.890230189760788021e-02 2.698883211633873458e+00 9.107492397387272121e+00
3.515284675729457337e-04 -9.772950211966140444e+00 2.132660879597248282e+01 2.971103544279877773e-01 2.083384515452423535e+00 1.903058120126799579e+01
3.529131242829449387e-04 -9.766518988968311277e+00 1.025246715843952661e-01 1.849483321121215412e-02 2.718287020494872586e+00 9.824609399376065255e+00
3.522142495639421023e-04 -9.766001254793660991e+00 4.142046194743789767e-02 1.611504915489871820e-02 2.661417522399776914e+00 9.318514205084667879e+00
3.540254662191990968e-04 -9.758372059746527327e+00 7.563975526455964937e-01 1.936717598298242455e-03 2.700639331896034889e+00 5.943449588652213400e+00
3.535621028095544630e-04 -9.757181759057708348e+00 1.357012845011349722e-01 2.357988754434245729e-02 2.906128049878235586e+00 1.491875283731254953e+01
3.527910304843859344e-04 -9.756865008752811264e+00 5.761322075153873179e+00 4.820996013035152433e-02 2.252741177841234510e+00 1.096857148571420382e+01
3.530833936759621844e-04 -9.753536637024673439e+00 6.967627003579968115e-01 2.470268949070144378e-03 2.637519808390134557e+00 7.475630395253988425e+00
3.528892778590669746e-04 -9.751586561489499871e+00 8.650064793048627132e-02 1.945610948924662506e-02 2.780817211708558112e+00 1.233864715933731837e+01
3.529014478166930444e-04 -9.749052075466421385e+00 8.352977137443801103e-01 2.176403759824223003e-03 2.595065346279342933e+00 8.573421868343992003e+00
3.522976383907290652e-04 -9.748264526844559796e+00 7.547014331744249738e+00 3.319037247872155122e-02 2.397968614360129092e+00 7.549668795186561532e+00
3.521614933981181842e-04 -9.746151050315297937e+00 4.133339783525526862e-02 1.532134319361415017e-02 2.668662636896072637e+00 9.895567744364647922e+00
3.514007555696927799e-04 -9.745813582844606415e+00 6.771346933781122956e+00 3.575290834408402247e-03 2.414445607310274688e+00 7.713829796573465458e+00
3.506744572031059788e-04 -9.745382588023732140e+00 5.670151899168025533e-01 1.164375726315741016e-02 2.585981674140989117e+00 7.827891226009137782e+00
3.503070706920087844e-04 -9.743930794089413538e+00 5.273415384221270541e-01 1.141193678194516760e-02 2.594150579929009659e+00 7.574953317072492531e+00
3.494898987889498692e-04 -9.743766249400382051e+00 2.967066959045271091e+01 4.211096062678768570e-01 2.141005147824363686e+00 1.815777579556589671e+01
3.488333821490522562e-04 -9.743146515607278957e+00 7.396414571720523190e-01 1.825771933196668542e-02 2.741117511742802826e+00 7.409410406430508189e+00
3.480867361015735221e-04 -9.742789218375044413e+00 3.673570652734713393e-01 2.589089654721664358e-02 2.958499874122370699e+00 1.193227778349677770e+01
3.473013041932426445e-04 -9.742548193786817023e+00 5.399235860555045896e+00 1.733043922434261697e-02 2.451068040218281840e+00 7.217323704120695460e+00
3.467479506163292577e-04 -9.741642759850615008e+00 1.117172085401244574e-01 1.861633072025549451e-02 2.870559153588386536e+00 9.724660100313439415e+00
3.462690967847066202e-04 -9.740524699615663806e+00 7.862049901391878759e-01 6.677299668606911627e-04 2.607107120764317720e+00 6.313477104346099544e+00
3.462175705336151526e-04 -9.738173514758591054e+00 5.527723982903931521e-01 2.414288594058057111e-02 3.022345074992568215e+00 1.168000893495499959e+01
3.458481541297540982e-04 -9.736741090931728237e+00 4.632757071691515072e-01 1.672674513206172733e-02 2.644731036265690172e+00 7.620627618626621747e+00
3.457327008553790111e-04 -9.734574973151326915e+00 3.466776031339519060e-01 2.315886416389789648e-02 2.804883713623893549e+00 1.241169985690067179e+01
3.449627906942514285e-04 -9.734304350610498702e+00 1.201909177512680560e-01 2.402133832502778218e-02 2.902422852259232133e+00 1.521192204577856977e+01
3.442530962427183699e-04 -9.733863777027726982e+00 8.414978133430305041e-02 1.735143163001124506e-02 2.782050838894681188e+00 8.185659889938190048e+00
3.471093610359467577e-04 -9.723101016984369238e+00 2.038519404295677973e+01 2.793837146753508360e-01 2.070335660472299555e+00 1.838381665955037647e+01
3.463804817914485613e-04 -9.722703079532010406e+00 7.995208005153515707e-01 1.597688672486741797e-04 2.526083516030258380e+00 8.196902774039006800e+00
3.457699263248800855e-04 -9.721967307704879602e+00 4.881544274487717994e-01 2.553509519060299937e-02 2.831277987147678754e+00 1.199060113052035526e+01
3.449420632353438192e-04 -9.721864438487241245e+00 1.243731811776946639e-01 1.725943333604991470e-02 2.714012526736389930e+00 1.011681097204610680e+01
3.442836358878318347e-04 -9.721275068194310975e+00 8.344292136755747658e-01 4.827995455982534898e-04 2.720049392142721345e+00 6.886484874909129417e+00
3.441910196426519646e-04 -9.719044115849138521e+00 5.174567960747757794e-02 1.391622225846878697e-02 2.693043775896441172e+00 7.594015032633633311e+00
3.433620425178647139e-04 -9.718955500721385476e+00 8.382553962464290853e-01 7.487670100450085839e-03 2.722189971673958375e+00 7.659694884844824969e+00
3.432448335323933170e-04 -9.716796915847560001e+00 3.376201961075638858e-01 2.473336631490405391e-02 2.855735712532695203e+00 1.354741387837463051e+01
3.432045631116128971e-04 -9.714414245459977337e+00 7.425811639032025901e+00 7.060399816697345010e-02 2.228864089686160899e+00 1.120205774780342090e+01
3.428778022977280941e-04 -9.712866786598086222e+00 4.506644038947344999e-01 3.129102425982580732e-02 2.971034809417974820e+00 1.867619547031083371e+01
3.449776617076869088e-04 -9.704261242503454454e+00 3.984418068700134086e+01 5.861748061839580082e-01 2.157655186338542919e+00 1.787851310573859109e+01
3.441561103242485732e-04 -9.704145545249835081e+00 5.631761163229040967e-01 2.284716727488345436e-02 2.726413944796941102e+00 1.168556617152773214e+01
3.438052872830694908e-04 -9.702665436984483804e+00 7.666839670154556030e-01 1.778056349690569768e-03 2.731546211689899639e+00 6.068637718104770151e+00
3.440263778649839204e-04 -9.699522574491435734e+00 5.339603028634247739e-01 2.956101506756728114e-02 2.939570967614685948e+00 1.537240266165099456e+01
3.437087996121329322e-04 -9.697946122641432964e+00 6.822485828341785519e-01 3.125645532428297790e-02 3.172950648302885313e+00 1.408549875609278956e+01
3.442091434319433487e-04 -9.693991461040877056e+00 7.219788722457234798e+00 8.757577769523117867e-03 2.427409220027102688e+00 8.003590698250082625e+00
3.435300687018116948e-04 -9.693466264684003519e+00 6.606305742345316423e-01 1.129490839877801862e-02 2.745003519913040257e+00 6.985307301507166500e+00
3.443578603092433289e-04 -9.688559500523441059e+00 3.043002900868326671e-02 1.526598583978361345e-02 2.644179785190152288e+00 9.187590574415777311e+00
3.455957188941091458e-04 -9.682471259371153494e+00 7.986314266600884615e-01 1.606512617858552386e-02 2.887702141386322641e+00 8.000691015518341942e+00
3.463065233763940910e-04 -9.677916620178162788e+00 8.456614220499322765e-02 1.570400812145251318e-02 2.689121274583545329e+00 9.473476369564698629e+00
3.463915961325625685e-04 -9.675170992958452842e+00 3.682895323182538760e+01 4.725575225379920474e-01 2.094423848932573939e+00 1.577168892355507523e+01
3.458163136100773981e-04 -9.674333160197047476e+00 3.073137297493552467e+01 4.230229384658569236e-01 2.070873006506135816e+00 1.647928297506570061e+01
3.450554782288988462e-04 -9.674035698201185696e+00 1.284254487521329402e+01 1.771673033239202777e-01 2.072697108344633055e+00 1.856055307864258097e+01
3.442977658052878091e-04 -9.673734027534701241e+00 5.457572048104599283e+00 4.206946460764084822e-02 2.381984045101142922e+00 9.391927264549282839e+00
3.435788887922991810e-04 -9.673324161775761709e+00 7.097752843625082519e+00 9.711575402526964954e-03 2.462938146694720665e+00 7.689064440449261184e+00
3.437025265297986940e-04 -9.670464373962277094e+00 5.182811260227388139e+00 1.413562541274016905e-02 2.398177330183364209e+00 7.779774491964173144e+00
3.431331092560781118e-04 -9.669622463247423028e+00 6.046363352796632062e-01 1.184656584254405350e-02 2.629404424828229558e+00 6.664290336926375957e+00
3.432635081492636168e-04 -9.666742511215471012e+00 5.863226898054013647e-01 9.378187193085276568e-03 2.596279609377276643e+00 7.087413461939121362e+00
3.436857249104240467e-04 -9.663013259346460160e+00 1.202992560140528217e-01 2.107273561135208570e-02 2.908176709050667164e+00 9.908886629327227524e+00
3.435482973716662432e-04 -9.660913203284433592e+00 5.899094812679540389e+00 4.234172786282636158e-02 2.393021861810125106e+00 9.194485452151171856e+00
3.449963964103552536e-04 -9.654206936975715081e+00 4.249128764489649157e-01 2.950127830914970120e-02 2.924081679511835841e+00 1.803112246052115353e+01
3.445175812659211057e-04 -9.653095785460013900e+00 1.715019244575679280e-01 2.350600828895187122e-02 2.871726685306235538e+00 1.366492505938151680e+01
3.439138084320135513e-04 -9.652349839670048226e+00 5.220243538936500727e+00 1.581360052069266837e-03 2.418224168974198562e+00 7.843942405232261272e+00
3.441256369639209825e-04 -9.649234094337371559e+00 7.704705181927215207e+00 4.181015961239407247e-02 2.374188397594855005e+00 7.840877253628345755e+00
3.444823842447863383e-04 -9.645697953886507747e+00 7.930885494515891310e-01 1.401099666321370960e-04 2.630483938018273626e+00 6.298785687789278498e+00
3.449286189955884439e-04 -9.641903414602907674e+00 3.102961784843132875e+01 3.980974142869599941e-01 2.130822938503198039e+00 1.544607732199356143e+01
3.448455494575294791e-04 -9.639644274705414517e+00 6.934649636533285921e+00 2.700139336892518060e-03 2.431402675931939150e+00 7.599403871768916297e+00
3.450368736224971602e-04 -9.636589617379840433e+00 7.418604087717155515e-01 1.400544809086640987e-04 2.528179832475419442e+00 7.995852012744115278e+00
3.444580604762190450e-04 -9.635768565994601076e+00 7.224611555146629449e+00 1.325968021374017078e-02 2.435654467141408208e+00 7.922795391290979872e+00
3.440880913592021481e-04 -9.634343204641947267e+00 7.208560016747080912e-01 7.299911015470880726e-03 2.638034574056477233e+00 6.030436469349752748e+00
3.434978244049011783e-04 -9.633560130732982785e+00 7.796348891758732025e-01 5.095870364360579859e-04 2.732411080504649092e+00 6.205597463043600825e+00
3.428574172051376931e-04 -9.632926241303088943e+00 8.840615616497236040e-01 1.267559888617618858e-04 2.587329844736285800e+00 7.751312531132874994e+00
3.425651536232179038e-04 -9.631279039597368197e+00 3.859492162972082974e-01 2.414503317203896965e-02 2.905910831015026119e+00 1.259823070201143835e+01
3.421221488764012125e-04 -9.630073075011837958e+00 4.723131781126984480e-02 1.666014718058090455e-02 2.870419285322015845e+00 8.440350594461806466e+00
3.418734481106966319e-04 -9.628300274946337112e+00 1.146645008479008493e-01 1.595236122098467671e-02 2.677119752988214696e+00 8.334315312945649978e+00
3.418206689596192021e-04 -9.625954668994392449e+00 6.979496144151766668e-01 3.323207972944536900e-03 2.663214419592694782e+00 7.119792223408954790e+00
3.415432389508342502e-04 -9.624266622979126495e+00 1.202301229012083944e-01 2.542822776086178446e-02 3.044550058019053651e+00 1.485161164189687177e+01
3.409692979871310043e-04 -9.623448470763392493e+00 3.342382066687934333e-02 1.410407296039462022e-02 2.744941306718058804e+00 8.002790160703519007e+00
3.402958649483887985e-04 -9.622925478526966003e+00 6.997172615920397298e+00 3.330977470962994454e-03 2.429674147905469983e+00 7.822808315462900453e+00
3.397028233501164871e-04 -9.622169722328706598e+00 4.025087220866788584e+01 5.237293939740623738e-01 2.082474374188577393e+00 1.554917286624304040e+01
3.399563882153724828e-04 -9.618923569337013646e+00 4.378558955093327099e-02 2.698882314747661978e-02 3.117359233506355132e+00 1.973569174429024287e+01
3.404443182297552323e-04 -9.614989325975999535e+00 4.491500485470606918e+01 6.423906729218368250e-01 2.050268485178191824e+00 1.703214801231219866e+01
3.398021611628751970e-04 -9.614377339444896364e+00 5.876843744420999771e-01 2.977451375824554172e-02 3.325574699699218595e+00 1.262590134706242750e+01
3.401743475762926709e-04 -9.610782635596152090e+00 5.169855028465661029e+00 1.989545375459491477e-02 2.363514366054684235e+00 8.695746188175141000e+00
3.393349474126480087e-04 -9.610753243715285166e+00 7.757584531330787847e+00 6.008802895958805651e-02 2.260239690771063792e+00 1.055312118204243177e+01
3.403557741759494519e-04 -9.605249443609038096e+00 4.059832673504594480e-02 1.537824617743528514e-02 2.671803494506050036e+00 8.436340802195173794e+00
3.399563750508677318e-04 -9.603923608061107231e+00 2.207947679935928420e+01 3.144305933471387982e-01 2.016028568751043082e+00 1.981568853082838544e+01
3.408497335077633741e-04 -9.598799192802726310e+00 2.884889161316512940e+01 3.935620199325339796e-01 2.146332774952849576e+00 1.547238413814564950e+01
3.411843642791454411e-04 -9.595317919874238655e+00 6.917151220526663868e-01 2.034559025031506998e-04 2.556941817100155667e+00 7.625843820593217970e+00
3.409149417267813499e-04 -9.593607900347763007e+00 7.402541137206994915e-01 3.065788687368363030e-03 2.645784873865300035e+00 6.060849905550876215e+00
3.409038006302660627e-04 -9.591140580870675336e+00 5.400141580868812047e-02 2.653566691801458044e-02 3.069195100412165367e+00 1.936089945755302466e+01
3.410614354922744912e-04 -9.588178284975031218e+00 6.058594920500609549e-02 1.587663317375427943e-02 2.756150148141148115e+00 7.795173083748147214e+00
3.403389025924501415e-04 -9.587799015271860625e+00 8.899925436193173445e-01 4.645227741697606147e-04 2.642247650149650795e+00 7.700466119295597878e+00
3.402500551025706217e-04 -9.585560105286267785e+00 6.148406095567989643e-02 2.310288045219987749e-02 2.930659388729464077e+00 1.355849374452168199e+01
3.394218696432214910e-04 -9.585497121849940072e+00 7.781072953346411802e-01 9.738064911087255388e-03 2.647102134395789008e+00 6.175616082704046050e+00
3.393805965163232820e-04 -9.583118727557071281e+00 8.900595302287955812e-01 1.066953299659602295e-04 2.591843883021057948e+00 7.249977620030875869e+00
3.396505754217226292e-04 -9.579823538968437191e+00 7.849585367837828009e-01 7.911414904054331690e-03 2.569606754731015297e+00 9.059456906564225420e+00
3.422313670607982300e-04 -9.569753888559851873e+00 5.156224255542760648e-01 2.024536926172779486e-02 2.708053988487761909e+00 8.770394744544596222e+00
3.426224579660429098e-04 -9.566111773458890966e+00 7.106537207940132816e+01 8.863537444822059408e-01 2.110762260556502845e+00 1.497408994916793823e+01
3.426327737839216978e-04 -9.563581665500858975e+00 1.440109608652073159e-01 2.331970567476322753e-02 2.874224090295793399e+00 1.380338781573810181e+01
3.426295798901980369e-04 -9.561090987167826682e+00 6.045525296541859328e-01 2.667568655805794414e-02 2.860590640322715039e+00 1.265090933150236552e+01
3.425775541893812852e-04 -9.558742841106083077e+00 5.658025647421395021e+00 6.940835998600741394e-03 2.458947891287369902e+00 7.719894111224117950e+00
3.421055284074881668e-04 -9.557621656703178203e+00 6.228836201248210136e-01 1.926144375246691479e-02 2.939927831918553114e+00 8.975855148814799733e+00
3.451981229449593456e-04 -9.546122387157666367e+00 5.992358159625782443e-02 2.334063298340051731e-02 2.949806086052630061e+00 1.365915653066079649e+01
3.453249032472300380e-04 -9.543255186358020836e+00 5.948408278713880115e+00 9.773553668366569483e-03 2.399462881188959784e+00 7.961066380613337046e+00
3.454786494661499425e-04 -9.540310063512732697e+00 7.914133949709739602e-01 1.736301055887492758e-03 2.659629782907085627e+00 6.134672423418530585e+00
3.458860879774615805e-04 -9.536631413412679947e+00 5.105606606552577365e-01 2.142834995809940815e-02 2.977300099736504446e+00 8.298184059037083671e+00
3.450891983604835586e-04 -9.536437979178604252e+00 5.675392674626502654e-01 2.679940348232106792e-02 3.116618931664948633e+00 1.356250821624667857e+01
3.453424838817254882e-04 -9.533204277237864233e+00 1.137596832622679160e-01 1.586091127780381305e-02 2.697386441928966150e+00 8.967281394339872591e+00
3.446153131722781964e-04 -9.532812148130240359e+00 5.578948892733798237e-02 1.842181837508052172e-02 2.736137171385021105e+00 1.158040089493256275e+01
3.446749133680503552e-04 -9.530139216051336959e+00 7.067395090343430164e-01 7.348693813444170421e-03 2.579631824404531315e+00 8.328842290829221895e+00
3.439825832081533754e-04 -9.529649882882335277e+00 8.897512324290689500e-01 5.050457975684692277e-03 2.665371084032325033e+00 7.297456049430797620e+00
3.432178313755095502e-04 -9.529375586278648669e+00 6.998883626329042151e+00 2.526407545335771637e-02 2.352253991486178641e+00 8.903773307126249037e+00
3.446523010436715784e-04 -9.522704822990727180e+00 5.797236977028959792e+00 2.719361390926327334e-03 2.427664868034667744e+00 7.649274951114994892e+00
3.462322599786593429e-04 -9.515631087294792678e+00 5.746906391732629515e+00 3.810102986416945975e-02 2.418450970569490543e+00 8.141097659210224435e+00
3.468906867252250057e-04 -9.511231202295313381e+00 3.056503458477033766e-02 1.685662504182233387e-02 2.857425288882127212e+00 9.872945471634229975e+00
3.461666621066181952e-04 -9.510820567290053873e+00 7.564022272683456061e-01 3.237420005344691888e-04 2.621172725426556660e+00 8.221449551295290092e+00
3.470653538162160969e-04 -9.505727807023927056e+00 5.925638419540879553e+00 4.437985774495449565e-02 2.264752984029832827e+00 1.037079228773417050e+01
3.465773477884407728e-04 -9.504634889105702200e+00 6.620894809128910374e+00 3.686115444289585208e-02 2.427591796576818783e+00 8.158084970619029264e+00
3.465612715581536810e-04 -9.502181275874066912e+00 4.082915642506713128e-01 3.207166188411087610e-02 3.138896700243455573e+00 1.799391848811085737e+01
3.472459679865410611e-04 -9.497707538467942356e+00 6.986967160584245384e-01 6.027080459196915282e-04 2.661480621228194732e+00 6.678247781667815630e+00
3.489678096138146236e-04 -9.490261226880271295e+00 5.730336960776076793e+00 2.733939446424063849e-02 2.438170727995014442e+00 7.349888234517982788e+00
3.489940884566874362e-04 -9.487685925225672889e+00 2.401185383185826439e+01 3.529763752756552853e-01 2.115038890779217695e+00 1.908654952236509672e+01
3.481721077621461572e-04 -9.487543988711486520e+00 7.793449924927003947e-01 3.247301819093200564e-03 2.575573024036725833e+00 8.644605068242704249e+00
3.483970688446150319e-04 -9.484398077012134110e+00 4.276920537486981999e+01 5.348413397628630772e-01 2.126946997769944225e+00 1.474861200014670359e+01
3.496402553738288204e-04 -9.478336124662332551e+00 6.610894988862642663e+01 8.535396963256193237e-01 2.202010176438413236e+00 1.542725855984049588e+01
3.519405438404097936e-04 -9.469278656978136866e+00 3.994528804570324776e-01 2.454641090788605221e-02 2.939562602919459700e+00 1.248914475495590892e+01
3.523829480156977787e-04 -9.465522404024527603e+00 5.592569001200026868e+00 3.398427829101650921e-03 2.396779576092483488e+00 8.067235730450271092e+00
3.518281333893637838e-04 -9.464598109820071770e+00 1.366186499208427996e-01 2.496427660978221830e-02 2.985959331226546443e+00 1.449589525782129762e+01
3.511793467233395127e-04 -9.463943856468766569e+00 6.053407252573669295e-01 1.484253580603104444e-02 2.586459974238532578e+00 8.227610090739796433e+00
3.514985105628315432e-04 -9.460535434897964890e+00 7.449792953968124021e-01 8.170688569044997490e-03 2.755292637609641382e+00 7.170058221006128996e+00
3.506675013703430648e-04 -9.460402423804728400e+00 7.709761932185864586e-01 1.663645614758569105e-02 2.946084220433395906e+00 7.450339116707814568e+00
3.506190181929453990e-04 -9.458040693045967728e+00 7.042891736061445584e+00 8.271186410605386313e-03 2.423231532144913380e+00 7.942407893723224532e+00
3.498267638456006162e-04 -9.457802837256153339e+00 5.641288151290422270e+00 3.949656187405604924e-02 2.310763968898174259e+00 1.066190237633962923e+01
3.523044991654443914e-04 -9.448245052663693855e+00 9.114927622699713072e-02 2.542102403575894135e-02 3.002500383705240417e+00 1.693905177672109730e+01
3.543526918412192943e-04 -9.439948186977190403e+00 3.828762999929575805e-01 1.997352072650674520e-02 2.802683395118663157e+00 9.131372923462972580e+00
3.538395761308028940e-04 -9.438897273117806463e+00 7.468698738055458419e-02 1.461703732033284471e-02 2.688479380113190764e+00 8.171338129238723269e+00
3.537228120111222951e-04 -9.436727319266942970e+00 5.479619775464187464e-02 1.603770952070065342e-02 2.677906446692882358e+00 8.852405605010741141e+00
3.536162899929770707e-04 -9.434528510078107999e+00 4.790012428295345459e-01 2.883675636241911366e-02 3.147045199593482501e+00 1.226900938458776480e+01
3.552620691343348820e-04 -9.427385168728584119e+00 3.988588651268548668e-02 1.835094843296998859e-02 2.740141315786605247e+00 1.142498171690676401e+01
3.545743179128433187e-04 -9.426822943261559118e+00 4.571841920343859833e-01 1.976738427851331553e-02 2.844631534561593789e+00 7.708609747459551187e+00
3.544335674988976191e-04 -9.424719978100496220e+00 1.391252953276863602e-01 2.097099780586305501e-02 2.884554797045234320e+00 1.175429052917192330e+01
3.540404287124560164e-04 -9.423329796749863263e+00 7.286649824506860051e-01 1.351387256871426287e-02 2.748746931448066366e+00 9.223200575548954561e+00
3.543888530758803582e-04 -9.419846143475005817e+00 8.752527630906142830e-01 2.189511724353805557e-03 2.623904129934062190e+00 8.006116487672162663e+00
3.549200453703341140e-04 -9.415848368965420434e+00 1.045010677558465689e-01 2.270305854448916721e-02 2.879364493872421882e+00 1.301038577955101339e+01
3.552204955015201898e-04 -9.412502198012429488e+00 3.449296024816201484e-02 2.354807230651908070e-02 2.958454952554731676e+00 1.650039312429257876e+01
3.556231231379341552e-04 -9.408869381542215748e+00 6.774562393700663820e-01 1.272499067384797074e-02 2.598885124937996061e+00 6.743570319590122430e+00
3.554487143133025885e-04 -9.406859933463817214e+00 6.851062609911764412e+00 1.752017797578134944e-02 2.424041589713389122e+00 7.683893062220709780e+00
3.566444441295860092e-04 -9.401001578097112343e+00 7.805586753353673801e-01 2.324646602920456653e-04 2.539860767125051488e+00 6.968124633322415384e+00
3.564027320169919108e-04 -9.399179547605831075e+00 6.006999694645070997e-02 1.562408853171107399e-02 2.686319100625244705e+00 9.580501112684007836e+00
3.557726069941402483e-04 -9.398449126395675535e+00 1.330530992437765347e-01 1.925705180560721014e-02 2.814748719519323927e+00 1.084587122258409764e+01
3.550478374742905901e-04 -9.397988374919417964e+00 7.790107060150734952e-01 6.030796299097357718e-03 2.534169942051100577e+00 7.092970847339918450e+00
3.541906031762042371e-04 -9.397905713479749679e+00 7.604079284945164385e-01 6.952399277559790855e-03 2.634270112842006739e+00 6.141096151809117387e+00
3.543802679690583523e-04 -9.394870368872432209e+00 4.795474886934292869e+01 6.646645544678783102e-01 2.170857019931446974e+00 1.565363367913201387e+01
3.549185158697554070e-04 -9.390852678397621389e+00 5.488044530765279899e-02 1.974055087419077439e-02 2.885645773812692827e+00 9.663919246054472723e+00
3.540456627932469786e-04 -9.390815013008575463e+00 5.512271366567060571e-02 2.432419445645107869e-02 3.051091955992213389e+00 1.642590158191688587e+01
3.532445565833768888e-04 -9.390580296849629249e+00 8.319257089827827301e-01 1.293794308361975211e-02 2.809794704877071947e+00 7.309614091592536056e+00
3.535035485447410092e-04 -9.387347385162767566e+00 4.391734050728616978e+01 6.372694949065168535e-01 2.147356682610545686e+00 1.710317254834216172e+01
3.529457730349428238e-04 -9.386426481096933117e+00 7.569625749539817816e-01 3.643620460680913097e-04 2.700635537876238779e+00 6.128016081165785778e+00
3.522840665357398256e-04 -9.385803051418433185e+00 6.309932334522921904e-01 1.246856128945319012e-02 2.652617792216865666e+00 7.925000801234980408e+00
3.524165841628076261e-04 -9.382926955189493157e+00 5.838428878527757604e+00 1.645680551988746437e-02 2.385616516061486614e+00 7.991755424184747270e+00
3.517154562682803763e-04 -9.382418422942665259e+00 3.064429931725478440e+01 4.676313700834404674e-01 2.098953385656714854e+00 1.946360172609729844e+01
3.511309488577692194e-04 -9.381581681205059198e+00 6.105543379007592059e-02 2.478098638230846751e-02 2.990688043010572450e+00 1.714276134407680630e+01
3.509400364351975758e-04 -9.379625536260395080e+00 5.414749814138818118e-02 2.073853022225618722e-02 2.864892668334352965e+00 1.375053526262263048e+01
3.512171967957360337e-04 -9.376336082383636139e+00 3.716158923363563349e-02 2.398705949150096647e-02 2.981216200754146950e+00 1.715889909623000875e+01
3.521204630534468063e-04 -9.371267567128830578e+00 6.621092453456076110e-02 2.117621400987210190e-02 2.840619035176391360e+00 1.366909495539092134e+01
3.534262669507243302e-04 -9.365066025238849790e+00 5.883672954585242865e-01 2.388380439386534812e-02 2.927429747309497010e+00 1.315591534913131611e+01
3.527977126838797561e-04 -9.364346067975823473e+00 1.464971254485205598e-01 1.731954252474049785e-02 2.744165217313963012e+00 9.220523322276639178e+00
3.549227442041842000e-04 -9.355840764932828790e+00 5.986238644701406209e+00 2.183550888435138032e-02 2.356285227636623958e+00 8.409016746478151560e+00
3.542945223613642395e-04 -9.355112357466579098e+00 5.274910726458650889e-02 1.588152496654515744e-02 2.802017883476902504e+00 8.627531419731981899e+00
3.537561275606468250e-04 -9.354133138231466305e+00 6.995970058942850756e+01 8.974271931841775185e-01 2.202305813893709274e+00 1.411820718187265555e+01
3.543239553697075279e-04 -9.350029285942804691e+00 7.258018903209050299e-01 1.940783322313300197e-04 2.529619721538793886e+00 7.432237493728233169e+00
3.546328519990599691e-04 -9.346657874184886694e+00 4.157629032261533908e-02 2.360872328500669345e-02 3.084117206344068940e+00 1.496871350455048955e+01
3.544105626446397445e-04 -9.344784886176284999e+00 3.912304949103327933e-01 2.691769231760399173e-02 2.993777556863600253e+00 1.264611266196543582e+01
3.535940938411271327e-04 -9.344591281079097200e+00 5.333573960532574099e-02 1.599146363656064884e-02 2.779726827221177476e+00 7.902753035428169426e+00
3.528033379614674628e-04 -9.344330123335195637e+00 2.318058348020290893e+01 3.394917433814216290e-01 2.023504856309001454e+00 1.914727642074719682e+01
3.523376782712349517e-04 -9.343150879743356896e+00 7.503434804483197773e-01 1.161981253314783510e-02 2.851011150478475198e+00 6.115707898861258762e+00
3.527614514725126876e-04 -9.339448855135962901e+00 8.629520030913682971e-02 2.288333025611676355e-02 3.018265712579114357e+00 1.176935517854273705e+01
3.522980821035044089e-04 -9.338263267362600928e+00 1.224663339758974012e-01 2.122032389253078466e-02 2.909317498221504650e+00 1.023963267978265179e+01
3.520476421629380854e-04 -9.336474395271787685e+00 1.182793637276649129e-01 1.712586954827871946e-02 2.779386368092328752e+00 9.051724050768513052e+00
3.512820819444246773e-04 -9.336151355791484363e+00 4.747519396133584313e-02 2.272316271341576210e-02 2.949495100644634604e+00 1.316345141739028080e+01
3.506203095905925833e-04 -9.335537009859345758e+00 5.101582263246680349e-02 2.525201037344901311e-02 3.025992657357994720e+00 1.781534481311111051e+01
3.498170627541153689e-04 -9.335330568770704218e+00 4.338063288382346672e-01 2.630117591440485000e-02 2.967110515678961669e+00 1.137926076942303766e+01
3.503055952344045999e-04 -9.331435005996086218e+00 6.426079626582384408e-02 1.459376270032125902e-02 2.694949295148347801e+00 8.173822664147326833e+00
3.530287242022652904e-04 -9.321191483464492222e+00 7.671723865160112732e-01 8.661461775249080716e-03 2.511156555827425141e+00 8.015104725541437602e+00
3.525730072846309203e-04 -9.319983195093481498e+00 5.428653640992503471e-02 1.812941740471174165e-02 2.888424413417387981e+00 8.563172549744555440e+00
3.531928188468568051e-04 -9.315726771932649086e+00 5.932095729711605037e-01 2.327412786538924153e-02 2.964625661304354232e+00 1.207802238975351550e+01
3.530059871533074330e-04 -9.313755891201390469e+00 6.780398672345198996e+00 3.868332586173425097e-02 2.326461800989250595e+00 8.371510472101107325e+00
3.524527636152042782e-04 -9.312824299420601193e+00 6.325904653272373945e-02 1.480871592947043298e-02 2.700645737563545090e+00 8.562224728923624184e+00
3.542815821985171709e-04 -9.305148881878743339e+00 7.650236979391673853e-02 2.557500315161288090e-02 3.048640175375048056e+00 1.697410391333509239e+01
3.548630156483991013e-04 -9.301009065170172008e+00 4.484478792287113769e-01 2.941255998357460155e-02 3.098623078126133912e+00 1.343741224427983916e+01
3.547174960471054629e-04 -9.298919221878072960e+00 5.495250208620092169e-02 2.555280103010599060e-02 3.041076537638657484e+00 1.768011103160563735e+01
3.542679237736068320e-04 -9.297687435077344631e+00 8.601556442791921109e-01 4.272192691276844429e-04 2.593200455884498545e+00 8.183360248082498956e+00
3.538422661172368534e-04 -9.296389670869785959e+00 6.764636150310754381e-01 1.992017654844682739e-02 2.732005575502922223e+00 1.203078220352477068e+01
3.540306208654151474e-04 -9.293357499752378459e+00 4.853462533393412132e-02 1.924241840598904171e-02 2.856130237845779796e+00 1.225605748886194668e+01
3.539830563613173488e-04 -9.290991860162916893e+00 7.981737894527670685e-01 9.235207352855647964e-04 2.545100592324769817e+00 7.052044548343154418e+00
3.559410093882307250e-04 -9.282975895609126837e+00 6.953720426724171455e-01 2.240230014550314685e-04 2.623055205027386538e+00 7.063164461567891905e+00
3.557886292368908393e-04 -9.280904092343948975e+00 8.768299499111512629e-01 6.749225142099714997e-03 2.633014889108291179e+00 8.036586617749966521e+00
3.554030079800209532e-04 -9.279488529433702837e+00 7.430128727426313917e-01 2.367953795253618932e-02 2.917431591547074987e+00 1.239299375039075990e+01
3.545160416113117595e-04 -9.279487312444899771e+00 5.696128870920318388e-01 1.906952198614691313e-02 2.917826655833391847e+00 7.739532339158725627e+00
3.543137306626924937e-04 -9.277558143304510452e+00 7.237872783874608196e-01 7.506636549789280199e-04 2.517375649314374186e+00 7.567156977633812787e+00
3.544385753340169700e-04 -9.274705849078276998e+00 7.062619026909651154e-01 2.236662200885202942e-02 3.114991112514198246e+00 9.364617507700060628e+00
3.554222916483934101e-04 -9.269434272309235112e+00 6.651634513093867440e+00 4.218494709964893535e-02 2.340676028443779977e+00 8.497534430692121887e+00
3.569011982671146032e-04 -9.262781920843636385e+00 8.283646056997442386e-01 1.453942920841101195e-02 2.715503863504109550e+00 9.179679905282256414e+00
3.572939972482763716e-04 -9.259181944189540658e+00 9.994491169574946932e-02 1.646063612098585399e-02 2.761650988188464328e+00 8.857582990017675684e+00
3.583897638449030465e-04 -9.253619788772782684e+00 5.622909023614573343e+00 3.719573953624587259e-02 2.356960638704826305e+00 8.252395538281390941e+00
3.582975383939834640e-04 -9.251377154715058282e+00 7.987248224467368152e-01 2.778968293786578548e-03 2.693584424036592040e+00 7.629371829646137471e+00
3.575004589097081562e-04 -9.251104262968329550e+00 3.041918530985839725e-02 2.553888333743051936e-02 3.116318182082096655e+00 1.787696002046827104e+01
3.579761263435533251e-04 -9.247274610779202320e+00 6.983838596607284677e-01 8.650181704616493467e-03 2.723288938482378185e+00 7.062123774499259987e+00
3.590179893607281037e-04 -9.241868411892344426e+00 5.890543396923603181e-02 1.604858428751826036e-02 2.747420198314586059e+00 8.099696240547338277e+00
3.599341101468292252e-04 -9.236819921436401515e+00 3.828281201392067601e+01 5.259555861928139064e-01 2.127166871083059796e+00 1.757515705627283964e+01
3.593603573862095765e-04 -9.235915242708021111e+00 7.448897579268470848e-01 5.662686195611571320e-04 2.656409607883643886e+00 6.126120146287990842e+00
3.585775763706258203e-04 -9.235595880584826389e+00 3.826170797812448732e-01 2.727247398637130948e-02 2.930297610936762887e+00 1.522991277953248357e+01
3.589129270328930720e-04 -9.232161092779001876e+00 6.997101202508477780e-01 1.904515023016806544e-02 2.720271387990305989e+00 1.170990305951655763e+01
3.589840465189118954e-04 -9.229462959930215149e+00 7.084348725582367834e-01 3.879554731644960230e-04 2.627608543434558186e+00 7.477520689641833584e+00
3.582582884767722799e-04 -9.228986706311117061e+00 5.075308332392567540e-02 1.690199302924864228e-02 2.839107826817405034e+00 9.369526224847213314e+00
3.589742991628839955e-04 -9.224490112915029627e+00 3.290665897062678563e-02 2.089684742156318331e-02 2.939083695448362121e+00 1.399204396374955728e+01
3.583610872367850903e-04 -9.223699807116920724e+00 5.277309065653387060e-02 2.502518962425336058e-02 3.020384726989486790e+00 1.689908666800495851e+01
3.592205673675482268e-04 -9.218804315157923313e+00 3.476579428371353447e-02 2.292232786720554624e-02 2.961987845620003057e+00 1.619944086229860858e+01
3.584403486259368386e-04 -9.218478654129471650e+00 8.319320724022145619e-01 1.244491092219121055e-02 2.697281700263721049e+00 8.917662767368796040e+00
3.614632091266303652e-04 -9.207580645162536825e+00 2.139468276769873256e+01 3.085267850105812837e-01 2.085012514815035356e+00 1.868515585396965761e+01
3.615670268559052249e-04 -9.204793471197127985e+00 8.236801031024258701e-02 2.221891437664463148e-02 2.977235836170068595e+00 1.128962376758914488e+01
3.608747318895064800e-04 -9.204210013727857742e+00 6.493701283121435797e-01 3.492126043125088480e-02 3.354484356077516161e+00 1.670943824182528914e+01
3.600485200845930872e-04 -9.204002108383910752e+00 3.821529271404291439e-01 2.193567259245493214e-02 2.816163112320357875e+00 9.805776749193043429e+00
3.596217603310235831e-04 -9.202688095398253054e+00 8.202768033153782223e-01 3.302772895422807775e-03 2.657265141220068294e+00 6.421975517170561254e+00
3.592231878882049803e-04 -9.201297020166105511e+00 3.528834224905608163e-02 1.582027982518260933e-02 2.720918411592592623e+00 8.393852757398558850e+00
3.584326949943691834e-04 -9.201000006952359200e+00 8.666805217069953882e-01 6.933558192409304023e-04 2.610933242234538820e+00 7.786750595497905714e+00
3.576562259730491707e-04 -9.200668646357035740e+00 6.043386806167749814e-01 1.446059813812537211e-02 2.761891372738989325e+00 7.270276407456241152e+00
3.576403382984211211e-04 -9.198213068979551821e+00 1.261562369593601518e-01 2.180711286360753620e-02 2.860576475197066593e+00 1.300743695353451379e+01
3.603307828684178932e-04 -9.188218457890029001e+00 7.136906192832823681e-01 8.188457916135197549e-04 2.650859794990458429e+00 7.454167739406155846e+00
3.595908240945471239e-04 -9.187774123471633914e+00 3.252043613549596840e-02 2.491490868554937024e-02 3.065734588485365730e+00 1.797785155819149594e+01
3.595084564650102951e-04 -9.185503209029425520e+00 5.269758319140683156e+00 1.949140955704290953e-02 2.418252174849304659e+00 7.906312952081513856e+00
3.594492463620053068e-04 -9.183167919979474902e+00 3.352578566265401738e-02 1.657215547068422584e-02 2.696702345331067896e+00 9.844986745285588370e+00
3.586122082431300573e-04 -9.182999303993026885e+00 5.940803080369735228e-02 1.992864024854630600e-02 2.845646315842249585e+00 1.273706707506419811e+01
3.578746958749195323e-04 -9.182557995155278263e+00 3.939068128334181906e-02 2.091650235898785681e-02 3.030146899126747506e+00 1.068702260348709743e+01
3.578303651762894432e-04 -9.180181874951859555e+00 7.038545834147301727e-01 2.943557739992888654e-04 2.546432720168255948e+00 7.003513909543856109e+00
3.604328852564628012e-04 -9.170435140644046967e+00 6.007023807518673486e+00 2.621787360621692306e-02 2.426199710637598983e+00 8.314935895080392214e+00
3.599165579288522623e-04 -9.169368687711843435e+00 5.603841909630577334e+01 8.230814344453644127e-01 2.140733970463638780e+00 1.788331046312986317e+01
3.590985070437767261e-04 -9.169144165036037464e+00 8.032173801032600480e-01 6.980193049379518691e-03 2.536139452013817852e+00 8.339142957492175157e+00
3.612597712256438993e-04 -9.160643621328750541e+00 5.453012326518885011e+00 1.225752013422991976e-02 2.427368308304486799e+00 8.051719714018824803e+00
3.606820061212959888e-04 -9.159744208095782270e+00 3.509333533347492456e-02 2.192609377582211555e-02 2.903616563513104598e+00 1.375118605313101305e+01
3.613578551705606432e-04 -9.155372152873136216e+00 3.533147753967262605e-02 1.635151651373123460e-02 2.777044602325989153e+00 1.006081125670577592e+01
3.613045995122065430e-04 -9.153019540240791230e+00 5.336813825460912097e-01 2.079830552618665979e-02 2.904812883900913079e+00 7.779676103602138681e+00
3.607021296752326999e-04 -9.152188416589028819e+00 5.692649845454526153e-02 1.691623123452401511e-02 2.811604284562847056e+00 8.242020014879706480e+00
3.603645332565518248e-04 -9.150624797261452059e+00 7.628021851478620219e-01 3.608879065057225941e-04 2.679399874131742632e+00 6.166210866461513618e+00
3.595281024945018358e-04 -9.150448563603532648e+00 6.890990792981389612e-01 3.420986995770928379e-03 2.544576408333894868e+00 7.362198585603793255e+00
3.588211060313963897e-04 -9.149916956365688137e+00 3.858920867596786486e-02 2.444925918261125694e-02 3.012099014195367630e+00 1.703305513846436980e+01
3.579447115862559163e-04 -9.149862371200880418e+00 8.481272939943861333e-01 9.589944104791376517e-03 2.640518368498923518e+00 8.559422614829788500e+00
3.579600079486238502e-04 -9.147319638245074103e+00 6.019543221548709910e-01 2.017422338486591152e-02 2.998501148439513653e+00 7.868164013999274786e+00
3.577646019351183931e-04 -9.145365675130387118e+00 4.586718535574646483e-01 2.093590998763746047e-02 2.704344771310494444e+00 1.010515079332172128e+01
3.568804340276525346e-04 -9.145340101773271613e+00 3.483152528863461134e-02 2.168448978252598275e-02 2.933632001785610566e+00 1.489784772178944294e+01
3.563211697598772090e-04 -9.144408422369963318e+00 3.870664123213403229e+01 5.748832243326963409e-01 2.018103469179287401e+00 1.921302218102669457e+01
3.558376073907058347e-04 -9.143266441000086786e+00 7.931872668407781157e-01 1.447870159766245128e-03 2.525975279919119743e+00 7.981271732066821833e+00
3.564874505457848747e-04 -9.138941871365425129e+00 3.609721292257372233e-02 2.036824604138252545e-02 2.887736437752641105e+00 1.360178138928498726e+01
3.560248316627310106e-04 -9.137740428483983379e+00 8.097285794919255597e-01 1.029456598828710871e-02 2.756497221849151913e+00 7.836996498809462253e+00
3.553271568576912864e-04 -9.137201975060081693e+00 8.344361920550409373e-01 4.692906563660631351e-03 2.569510359180005032e+00 7.311110886480427951e+00
3.553443684408725428e-04 -9.134653537539872303e+00 7.727532880216523292e-01 6.345153722712710068e-03 2.549635485930549450e+00 8.616908916907089377e+00
3.545807817905260442e-04 -9.134304713461894210e+00 3.970329112297957957e-02 1.829474358267799139e-02 2.896060350907389669e+00 1.061937301959132718e+01
3.544104511342772773e-04 -9.132285200812415127e+00 6.437733453157125041e+01 8.547909424462505346e-01 2.127055712431287660e+00 1.737768611161306609e+01
3.553665683606260588e-04 -9.127091065109487644e+00 3.465243965210631671e+01 4.816017418126702365e-01 2.073326654052889850e+00 1.813755777995703156e+01
3.545082044695150648e-04 -9.127009419282098079e+00 7.677512048231932562e-01 5.228102737758330218e-04 2.619262439575420487e+00 6.305455873950565504e+00
3.549889231349492706e-04 -9.123154322213222756e+00 5.739164697137434956e+01 7.666326100790402664e-01 2.101526124408633844e+00 1.768164143036436542e+01
3.550805460789036895e-04 -9.120396254662265889e+00 7.866980649889309118e-01 1.441451389082966047e-04 2.633392145692906361e+00 7.531075032573890660e+00
3.543683982336758324e-04 -9.119903863779537545e+00 5.440655648763194074e-01 2.490413363743968281e-02 2.801825928511942898e+00 1.305481586756318180e+01
3.571986624814522146e-04 -9.109448804222557428e+00 7.581018003173027875e-01 6.335441160768812141e-03 2.541792007162528400e+00 7.010360443360338145e+00
3.564262275892192996e-04 -9.109113625558370231e+00 5.509317688501826904e-01 1.393362134994614865e-02 2.621925196079823994e+00 7.339700883119995467e+00
3.570436655428823377e-04 -9.104882822019934707e+00 7.385648752941746942e-01 7.066310049412064843e-03 2.666663448762356836e+00 7.954317437563212856e+00
3.584137263880548207e-04 -9.098552929323865612e+00 5.873041967033960198e+00 3.888640196317998815e-02 2.348489256433605288e+00 8.516298059800835318e+00
3.590221082314158738e-04 -9.094356939355616731e+00 5.697260631576531154e+01 8.463061569580517807e-01 2.116144118376723338e+00 1.814144948139768942e+01
3.585898654766087610e-04 -9.093061609352544039e+00 5.274658492191840881e-02 2.332285360642654543e-02 2.976483656996248506e+00 1.582300925294794958e+01
3.587590918906049327e-04 -9.090089798763294482e+00 4.577074601452099656e-02 1.933541691818023434e-02 2.927391714147919988e+00 1.127251865343802884e+01
3.580438480950778901e-04 -9.089585449152005836e+00 7.309820807900694328e-01 5.227397277521842259e-03 2.539414807221371806e+00 8.223887888651475464e+00
3.574279475780810017e-04 -9.088807112180107950e+00 4.470258423400242376e-01 2.211193157961501357e-02 2.852227218053817737e+00 8.923016653414283184e+00
3.572513673979756479e-04 -9.086801264396351385e+00 7.117276185245514919e-02 2.105534056101921250e-02 2.955729182353191931e+00 1.041788825208730351e+01
3.573992633502868881e-04 -9.083887367177037930e+00 8.532165959399398703e-02 2.100269154589607182e-02 2.961174634681141171e+00 1.151470850606183127e+01
3.568103345355741495e-04 -9.083036543973138421e+00 7.651439630700278549e-01 2.473743381969710671e-03 2.652981482598914198e+00 7.937424913105418867e+00
3.586351152228955670e-04 -9.075435429290317657e+00 6.480372708671852111e-01 1.898857096152795423e-02 2.923045307208194110e+00 9.422440274491139078e+00
3.581451963326009818e-04 -9.074302428240171636e+00 3.128146012227014244e-02 2.174613822927469464e-02 2.964045321678523859e+00 1.482784311463335492e+01
3.586302949269467156e-04 -9.070448870049844459e+00 4.243589529095554269e+01 5.845583605631723412e-01 2.050541143255143695e+00 1.809265587360576433e+01
3.579492422370905594e-04 -9.069849713876942943e+00 6.518046560553248936e-01 1.880810217066225531e-02 2.984385172669621777e+00 6.504570870572890406e+00
3.572315822196475026e-04 -9.069356647602745625e+00 8.226913655061550701e-01 3.359074946719156065e-04 2.567306315982394338e+00 8.241653914771568168e+00
3.587374555920921329e-04 -9.062650109293270972e+00 8.506180179753052295e-01 6.811457285663306089e-04 2.675295257579859420e+00 6.959545291682020185e+00
3.579292171446435151e-04 -9.062405659386099543e+00 7.501329472538400545e-01 1.123066375582043586e-03 2.518564803013084941e+00 7.782939337905195210e+00
3.573516728729457851e-04 -9.061520533780949904e+00 4.246146812850280505e-01 2.866659079365769733e-02 3.076639520349280676e+00 1.532054261404464590e+01
3.574484373118355174e-04 -9.058749788328897878e+00 7.193748610450449998e-01 1.274619761091369541e-02 2.771368391512773144e+00 5.871220402733994703e+00
3.573875704892794320e-04 -9.056420084234638068e+00 3.252148274044670134e-02 2.183079340823284795e-02 3.033948840502662669e+00 1.354891419494227200e+01
3.566345698363474750e-04 -9.056029265139702744e+00 3.728916530968297138e+01 5.342781355817038946e-01 2.070675417062190604e+00 1.968402755989018260e+01
3.566424531981996220e-04 -9.053507160511074403e+00 5.850271094335183220e-01 3.630101310200724296e-02 3.432150353906593843e+00 1.842152394321153963e+01
3.560186966017740858e-04 -9.052757660747767332e+00 8.207758502779215481e-01 8.467021334333376878e-03 2.731385099881980860e+00 7.583163515478381633e+00
3.569796659329702243e-04 -9.047562086778549784e+00 6.571916065009780761e-01 1.452110387784069645e-02 2.604062921322306767e+00 7.319893374191945412e+00
3.584691987303283492e-04 -9.040898169486675684e+00 8.509270889014667327e-01 1.301162026772061456e-02 2.734731407428101946e+00 8.078888407207671207e+00
3.581077109759083876e-04 -9.039407098968464283e+00 5.531429438815949062e-01 2.070515452043917085e-02 2.884360914798571596e+00 9.900121778640395220e+00
3.574690601620231657e-04 -9.038692095377561131e+00 8.276419494324113169e-01 1.511870070445182901e-02 2.727709982458207172e+00 9.021156763339478246e+00
3.579997796236199605e-04 -9.034708537941025241e+00 7.974729180229167547e-01 3.362887700646086673e-04 2.643620786200657324e+00 6.346694615664225658e+00
3.572525178746191249e-04 -9.034298044045360854e+00 3.532430817824576408e-02 1.646108028085205635e-02 2.824321855016259430e+00 9.442932858869435009e+00
3.588049145721973823e-04 -9.027462081427295004e+00 6.118695346672818891e-01 2.953740673914875825e-02 2.918683852359644781e+00 1.785861825736797570e+01
3.589605466103652797e-04 -9.024528424337274757e+00 1.424333813376779945e-01 2.274346867653463319e-02 2.917551008376539912e+00 1.234127850472859578e+01
3.585781463273166590e-04 -9.023094291092656150e+00 5.372019495643157727e-01 3.392718297007057959e-02 3.282754637963456901e+00 1.676598251747098089e+01
3.585921078618748391e-04 -9.020555356029525740e+00 9.178006029587346126e-02 2.304405821875417718e-02 2.927969886746240924e+00 1.322976483001104953e+01
3.577188458348018636e-04 -9.020493577740891666e+00 8.078623637513818734e-01 5.052006752387569726e-04 2.604563133440759959e+00 8.322517245734228908e+00
3.577559111550883018e-04 -9.017889967320098066e+00 4.028525680256538760e-02 2.101490642390158384e-02 2.862669545871830756e+00 1.288237356090953156e+01
3.577679363484148113e-04 -9.015356355041847181e+00 6.007125069354413149e-01 2.075494118866977669e-02 2.724979422348262847e+00 9.046049731288867690e+00
3.582311245814087533e-04 -9.011562531284573296e+00 1.152249003339927830e-01 1.895105521434193793e-02 2.754841133771885886e+00 1.062347005121694998e+01
3.573582394706416700e-04 -9.011502158220221048e+00 5.192575214836161468e-01 1.513804265564318990e-02 2.721785854977967212e+00 7.073838946898594493e+00
3.592312497306182411e-04 -9.003774577984662741e+00 3.663199589224475777e-02 1.905862334605023384e-02 2.913948791539225258e+00 1.145078265445064503e+01
3.585043779881856682e-04 -9.003300036838474796e+00 6.317322142559606002e-01 1.389035800751231911e-02 2.770364812334865867e+00 6.971005532364806356e+00
3.594879157501192578e-04 -8.998060346215867256e+00 6.247055030773941420e-01 1.549374957154247244e-02 2.609706038944881179e+00 7.926973142857075771e+00
3.593845502954564741e-04 -8.995847922831352150e+00 8.771989038693666085e-01 9.331964672715681655e-03 2.662329902275870630e+00 7.676701930369563165e+00
3.587501312820597327e-04 -8.995114775748263014e+00 4.442181178693998533e-01 2.343933177424465525e-02 2.786409521857169835e+00 1.245955061017011900e+01
3.579188809709416344e-04 -8.994934537506264149e+00 6.552621574817588623e+01 9.067923263921466859e-01 2.056628621915683297e+00 1.764944178525692919e+01
3.584745460405116451e-04 -8.990883252527781977e+00 3.035942964376217926e-02 2.249353781617553782e-02 3.066098732510638136e+00 1.384742268929935527e+01
3.578191683130816226e-04 -8.990213166422540425e+00 5.424911862999589829e+00 3.940049734147238469e-02 2.350552658788931382e+00 9.680578183170476692e+00
3.570481432400253647e-04 -8.989870281063453206e+00 5.590252183150575815e-01 2.218413453073717068e-02 2.740113713974685616e+00 1.046814697489834245e+01
3.567041315292958153e-04 -8.988334233822772745e+00 3.948926079044124404e-01 2.462114781324673332e-02 2.925062960202124973e+00 1.234166647837745856e+01
3.559838920428457692e-04 -8.987855426007351767e+00 3.555363567751506498e-02 1.954684835194668915e-02 2.961984474580066973e+00 1.122069102184731015e+01
3.556444843139653007e-04 -8.986309316453246154e+00 5.387352977393720238e-02 1.757877452764828458e-02 2.735451533850922434e+00 9.731929911780685671e+00
3.578304182319607903e-04 -8.977681726681380425e+00 4.311109435022891234e-01 2.877662295526797059e-02 3.104238974638763526e+00 1.426871466255253118e+01
3.581403742150975587e-04 -8.974315892472022327e+00 8.524107406634258144e-01 2.151081485975651485e-04 2.631357053541963698e+00 7.602795908055557383e+00
3.579877492095177621e-04 -8.972242143035009221e+00 4.834319995850846347e-02 1.790012482551669309e-02 2.753860944578329750e+00 1.110145381649719276e+01
3.599359456129522824e-04 -8.964314821999018079e+00 7.343716402211754035e-01 4.917319657514837572e-03 2.538991625148482534e+00 8.118385099985278686e+00
3.599760474943277766e-04 -8.961703414266402490e+00 4.860671941238002558e-02 1.706838520109535406e-02 2.720702713959306518e+00 1.034932845672561008e+01
3.593353751813285106e-04 -8.960984763657547703e+00 5.150092843037804013e-02 1.972889770346306429e-02 2.832560076428971563e+00 1.257067260353648308e+01
3.592395119306998922e-04 -8.958751578579464692e+00 5.780840524462978192e-02 2.089621788668847777e-02 2.858686035107113721e+00 1.334300464996348268e+01
3.602320011952536835e-04 -8.953492637117582476e+00 5.483754659100704698e-01 2.454909445859180042e-02 2.807352501362470942e+00 1.323157486274334182e+01
3.599191141147876005e-04 -8.951861585574379276e+00 7.241774990606633655e-02 2.328676965683454392e-02 2.943735104779948486e+00 1.414637758252026423e+01
3.609475960046253985e-04 -8.946508124391479910e+00 5.167988949131294141e-02 2.055845854126622449e-02 2.875393137804751031e+00 1.110750468788350886e+01
3.610556985061582876e-04 -8.943708672842818785e+00 3.104195734035002444e-02 2.379307203465339318e-02 3.010172038462217703e+00 1.658205752561220692e+01
3.602392629973132630e-04 -8.943472478639593604e+00 8.030608511806897054e-01 1.121107261844883976e-03 2.562099305859540710e+00 8.296327636740041811e+00
3.598008153520886520e-04 -8.942190321125304209e+00 4.367858366629252115e-02 2.405307118587415166e-02 3.005456093332425915e+00 1.625606468818375205e+01
3.614507119111456251e-04 -8.935115219722815638e+00 6.722658490922169960e+01 9.115865007790421304e-01 2.135611752216608483e+00 1.763763659223445401e+01
3.610591926893874496e-04 -8.933698995204888860e+00 3.369105816192896619e-02 1.613998155370686624e-02 2.828295765172086806e+00 8.767986206671736227e+00
3.619242996361924443e-04 -8.928805835834374705e+00 7.001377902689368549e-01 5.140397419477623318e-04 2.549091957725601709e+00 7.160264340505039904e+00
3.622089251906920014e-04 -8.925519722010569978e+00 6.444795166793766406e-01 2.224716849206635066e-02 2.780864969379214457e+00 1.292983598737803064e+01
3.613291991853488476e-04 -8.925451456867973477e+00 8.172189885302941215e-02 1.728205693451620104e-02 2.771849355371670320e+00 8.692684912464450520e+00
3.608950896676036573e-04 -8.924153603006574897e+00 6.732241741868453033e+00 3.604480254138793527e-02 2.400594068406401327e+00 8.596311366229262063e+00
3.624934591416762580e-04 -8.917234478380198226e+00 8.364842872696748310e-01 2.189117900303388670e-03 2.608318791272744352e+00 8.116536730870439698e+00
3.615913778885651401e-04 -8.917226124866019177e+00 8.295504076995291465e-01 4.267872432770668722e-04 2.552285405372750837e+00 7.776377304385245992e+00
3.607081348384971417e-04 -8.917171768189156467e+00 6.032734645971507548e-02 1.718140438086110389e-02 2.843418790525169548e+00 8.669996117830885751e+00
3.620773631214826808e-04 -8.910883009491714191e+00 8.095564877182017671e-01 1.993627147443030861e-03 2.548133851684186268e+00 8.118675392995120532e+00
3.614085716949778362e-04 -8.910231812861121981e+00 1.259488896241795497e-01 1.868158282698802533e-02 2.805294223806888532e+00 9.975241480245260917e+00
3.615878219800870426e-04 -8.907235958966554179e+00 5.269348164960342729e+01 7.456944841609098873e-01 2.116158862793652506e+00 1.685622874354343281e+01
3.631293589983565539e-04 -8.900481777104626957e+00 7.458809595496951328e-01 1.513724722441002024e-04 2.575290494869284963e+00 7.699129708371064140e+00
3.666810871436382746e-04 -8.888248410846470549e+00 7.793996159046390204e-01 1.154088321351810342e-03 2.648988178287840611e+00 6.297454379307938055e+00
3.659541835162622857e-04 -8.887732764849102907e+00 8.358901188217537914e-01 4.859286490296317422e-03 2.692825529385680206e+00 7.262530571235928711e+00
3.655020389742466526e-04 -8.886469051001853359e+00 7.963480108104501465e-01 2.395658928952706154e-03 2.646530149222869888e+00 8.044214291691407226e+00
3.647247809680394508e-04 -8.886097864347281217e+00 8.076072072290931825e-01 7.561954664094772084e-04 2.657267080589087005e+00 6.435530968286465203e+00
3.640874840099350761e-04 -8.885346729318854386e+00 7.986754045837277105e-02 1.930087707795464722e-02 2.912676072969289987e+00 9.761677224186662727e+00
3.662428508148091980e-04 -8.876944268583839559e+00 7.430637180735661929e-01 7.640500227028743617e-04 2.685216921964453274e+00 6.255153605937038286e+00
3.662960479537705704e-04 -8.874299028135464340e+00 8.260956173591805785e-01 5.862787444585312521e-04 2.585291158178425697e+00 8.228088209236211981e+00
3.676445717023500443e-04 -8.868124275083294705e+00 6.119456637210010097e-01 2.984436639433647731e-02 2.932199209605533596e+00 1.841902659325105418e+01
3.672825645104919792e-04 -8.866609426408636807e+00 7.528028735375056346e-01 8.178874134263141443e-03 2.653006044953338805e+00 6.161442256616880719e+00
3.686838943001168370e-04 -8.860301286876334004e+00 4.066678094778785613e-01 2.343130776598352505e-02 2.860107055723254632e+00 1.195001400743968389e+01
3.683874738773105150e-04 -8.858605606380754338e+00 5.765339555328326260e-02 2.433591872202038597e-02 3.037949430195691747e+00 1.541858915498925064e+01
3.676397043207213283e-04 -8.858137514538524826e+00 8.638706378331703628e-02 1.861015534309086103e-02 2.873109541191629646e+00 9.320619460957042079e+00
3.670554199054362429e-04 -8.857228064194288208e+00 3.526734730600803586e-02 2.094173446761725746e-02 2.972863345152809256e+00 1.096030941830910876e+01
3.673410501686307297e-04 -8.853950200222344691e+00 8.158129744189013266e-02 1.766686898866920430e-02 2.775905889189205666e+00 1.018001952171450775e+01
3.690532564785114350e-04 -8.846799948638540911e+00 8.805023697954245110e-01 6.015989531693886200e-03 2.639384133371266650e+00 7.569349288027132694e+00
3.683128135434867887e-04 -8.846308294869826838e+00 6.214994600596217278e-02 2.049455433000570148e-02 2.867765967983441300e+00 1.285059698257510696e+01
3.684390017823528304e-04 -8.843465741957228232e+00 8.375571601596398796e-01 3.504147534799432161e-04 2.670947907428588231e+00 7.319862356099404721e+00
3.682355805838973244e-04 -8.841518010783911308e+00 7.278066399355267002e+00 6.009531518309919884e-02 2.301626280362822463e+00 1.003167946742694383e+01
3.674827237911463510e-04 -8.841064601309266635e+00 6.079036732112302666e+00 3.244681672256811977e-02 2.365143155989211987e+00 8.857144637038031121e+00
3.666344194479970739e-04 -8.840875689474245291e+00 7.513642029468584838e+00 4.170184410054846025e-02 2.383682987349530435e+00 8.424583848204481029e+00
3.677072376819516433e-04 -8.835453836991058907e+00 7.322346977709740523e-01 3.051181834102895726e-03 2.686886949648280787e+00 6.323222058964431902e+00
3.684375687618602507e-04 -8.830969631402352249e+00 8.034442758958068032e-01 5.412937695985773831e-03 2.718795624306374226e+00 7.043034928508424386e+00
3.677693324647918574e-04 -8.830284981080463780e+00 7.581078421906993769e-01 1.598416906419186580e-04 2.560377946186766618e+00 7.787284008172249195e+00
3.671931071080767272e-04 -8.829353021687046166e+00 9.283646751402488406e-02 2.256910635539290805e-02 2.913888322276902088e+00 1.295801225537088541e+01
3.668832262559876094e-04 -8.827697295930502008e+00 7.169567828261635967e-01 5.982824904457227297e-03 2.580421266286381687e+00 6.629129459252483869e+00
3.680880473521077256e-04 -8.821918740105006762e+00 7.482866790153153147e-01 2.097241585014558707e-02 2.761126130709727455e+00 1.050899437362143019e+01
3.693113954776646021e-04 -8.816100730416250641e+00 6.638196474034702144e-01 2.339606633133223257e-02 3.025659251137150729e+00 7.963409860858377876e+00
3.692352022855530384e-04 -8.813807063212619752e+00 7.907195466747429791e-01 7.562181214127543238e-04 2.639093943414420718e+00 6.429553019192335128e+00
3.686758910298238746e-04 -8.812822994787316233e+00 8.369217642362622445e-02 1.761328573620882590e-02 2.766956693261387823e+00 9.039875507178116720e+00
3.678694812082206208e-04 -8.812512704136436170e+00 7.525817706606954816e-02 1.765863759954013415e-02 2.757848719823964068e+00 1.034319642625513502e+01
3.704999452498041477e-04 -8.802887611802706402e+00 5.589444960026114018e+01 7.768687480745679608e-01 2.083918870240371923e+00 1.706832372199295733e+01
3.709961494943780414e-04 -8.799049224932808499e+00 5.762435317396504830e-01 2.159910389487217780e-02 2.874636509823435215e+00 1.099781010688341354e+01
3.704436072272194926e-04 -8.798039682827564434e+00 6.875731878313373624e-01 1.600669166483379563e-02 2.629910442952388294e+00 1.008335242697881995e+01
3.718255873876846057e-04 -8.791816015545309781e+00 7.794838764929886699e-01 3.864537023572757815e-04 2.535134711667092589e+00 7.576959669011066545e+00
3.714267492509015604e-04 -8.790389239685763911e+00 8.088632568179194848e-01 3.129151507075591740e-03 2.708589314575656992e+00 6.933765318715841453e+00
3.706026634674839011e-04 -8.790110408033275036e+00 7.120992381040109898e-01 1.727513219996135163e-02 2.937140735396898794e+00 8.673315561696947285e+00
3.700981024127638361e-04 -8.788972796614478611e+00 9.522799912670698586e-02 2.308034325035644707e-02 2.959074464254066505e+00 1.371698508714852416e+01
3.698585171606900675e-04 -8.787120362307144106e+00 7.056753336212178151e-01 2.774880934695860349e-02 3.138019926342663357e+00 1.266553923766864997e+01
3.709829503091194888e-04 -8.781584803253718263e+00 4.354127172629057574e-02 1.826520075453923198e-02 2.771792469791362734e+00 1.027438113977269829e+01
3.707967468044101470e-04 -8.779586848562711765e+00 5.600856104354647036e-02 2.203314524022660301e-02 2.957856881599339793e+00 1.396286829496713899e+01
3.709127314756186173e-04 -8.776774098960473225e+00 5.381658331969413567e+00 3.417486814997272582e-02 2.368846846437704379e+00 9.168564350610427738e+00
3.700313488983091102e-04 -8.776653179963686213e+00 8.429050966777255072e-01 3.988223048420964228e-03 2.687708783909484644e+00 7.090443724569601258e+00
3.697889859815058772e-04 -8.774808373972412312e+00 7.027485041515226794e-01 4.375647827536285027e-04 2.611513353804669535e+00 6.607504545490501258e+00
3.696800587962288968e-04 -8.772602983156758683e+00 8.438737624691665384e-02 1.919739113428687444e-02 2.833861191174273930e+00 9.656058864461837032e+00
3.695691185512715946e-04 -8.770403126191583354e+00 3.123733235446048834e-02 2.349132645347418169e-02 3.057052986720668386e+00 1.431143338548233146e+01
3.694122763479568399e-04 -8.768327608341614621e+00 6.755757705279978431e+00 3.950349092673299811e-02 2.384543512125414377e+00 8.444998777801121292e+00
3.685519460992521664e-04 -8.768159240722431136e+00 7.288053030864133364e-01 3.010273706793507018e-04 2.660422014225701126e+00 7.176558889618663173e+00
3.689167867039902580e-04 -8.764669800443067871e+00 8.571843894072687098e-01 5.519187216937530491e-03 2.634292621637432941e+00 7.790912077847492512e+00
3.689803186987322074e-04 -8.761997603006777879e+00 5.252799838301912272e-02 1.914528880588971249e-02 2.863266540311106834e+00 1.159601819369980724e+01
3.697736727648808040e-04 -8.757349785518679042e+00 8.386596218127019275e-01 2.933648341897781317e-04 2.580719478382512477e+00 7.445171324424399550e+00
3.700981750884144356e-04 -8.753972600245894853e+00 8.615437571148323315e-01 6.262917421469695956e-04 2.637389332585754254e+00 7.154707925933124102e+00
3.708518372995631292e-04 -8.749438286301733925e+00 7.438996745293632307e-01 4.546835513432104930e-03 2.608460054202404343e+00 8.131112698949136686e+00
3.708863657810005537e-04 -8.746845184769901138e+00 7.292373633029791691e-01 4.296827156401626592e-04 2.538059249611880563e+00 7.400052552444710052e+00
3.704765925344041463e-04 -8.745450644069510560e+00 7.420319113793696353e-01 7.026620393793442214e-03 2.552763534951707491e+00 8.435947195672541810e+00
3.702910879141798652e-04 -8.743451488339575306e+00 4.312376017902010139e-02 2.003579859330499244e-02 2.932293081963847747e+00 1.207890474976035833e+01
3.697972985693828100e-04 -8.742285894951239200e+00 8.095944095732507950e-01 1.153441895717361755e-02 2.571412417756854030e+00 8.192000580232317475e+00
3.695839028073083380e-04 -8.740363122956500419e+00 8.480001057691107791e-01 7.501456656685955710e-04 2.612733883021083336e+00 7.912246737096859661e+00
3.699764155072330003e-04 -8.736801647030716822e+00 6.194012669727413378e-01 1.591956339457096040e-02 2.811459983513710625e+00 7.614813163041064037e+00
3.700032732159498519e-04 -8.734229056636308997e+00 5.202111410253360685e-02 1.962654172646520132e-02 2.953662483011081363e+00 1.018343113229421704e+01
3.696187093476987953e-04 -8.732768949749203813e+00 4.584627983550001318e+01 6.566547000369689080e-01 2.037914086794047286e+00 1.892337003477203083e+01
3.689675139382224845e-04 -8.732032306707896652e+00 8.221111630812888427e-01 4.196904648921481219e-04 2.667964822307497652e+00 6.655678514782958466e+00
3.684904562747296592e-04 -8.730826096318445195e+00 7.758701828724662297e-02 2.169087199005249877e-02 2.910034123026017383e+00 1.328829953961903954e+01
3.682050259394831757e-04 -8.729100990033472840e+00 6.654661229816218793e+01 9.064868491995623501e-01 2.133131668070056719e+00 1.709263948722589888e+01
3.682192540213509706e-04 -8.726562349042794153e+00 7.311634060822284065e-01 1.798266756259101276e-02 2.874246356769324606e+00 1.008229057914527971e+01
3.673029882435592118e-04 -8.726553820269934647e+00 7.570542789933139005e-01 2.654874558714273407e-03 2.540567829489684293e+00 7.289689082685465671e+00
3.666191470886883915e-04 -8.725917345894384169e+00 5.422182724163374656e-01 2.354651926775493814e-02 2.786872511401535135e+00 1.121641844648061692e+01
3.677110056012958521e-04 -8.720443589980270360e+00 3.397227106669401669e-02 1.516694362183086502e-02 2.740295835507560618e+00 8.644763643684767018e+00
3.674687087567848963e-04 -8.718602739977345806e+00 1.294603309536341840e-01 2.043194825767827988e-02 2.845471163649265556e+00 1.076089724931751412e+01
3.667416980057989031e-04 -8.718083128655843339e+00 7.529788417737808270e-01 2.842013814700833710e-03 2.537897623818925474e+00 7.968279217231903466e+00
3.664740964625064819e-04 -8.716313068073933579e+00 1.140325338670568206e-01 2.054972388451018622e-02 2.847745613025039813e+00 1.079391817184206914e+01
3.661549222000651639e-04 -8.714684380223749471e+00 5.624809426492974218e+00 2.860863283180706262e-02 2.361081929204734475e+00 9.041401998461020995e+00
3.678639884529683046e-04 -8.707527635508970576e+00 5.047792495530808443e-01 2.429398128460237560e-02 2.912052082348586701e+00 1.278869495616491925e+01
3.689106355327742104e-04 -8.702186474182848741e+00 8.228005065164273324e-01 8.498309701988859518e-04 2.589065152116001300e+00 7.080205522346100011e+00
3.681063980615287149e-04 -8.701868887217548476e+00 7.768983845049253212e-01 5.357065266065076485e-03 2.626257331829137343e+00 8.218256849829533195e+00
3.680777264942831006e-04 -8.699446779598828172e+00 8.433791086442209428e-01 2.869645514556892307e-04 2.624872581389081638e+00 7.766698623191794937e+00
3.683534705592720238e-04 -8.696197913774083688e+00 6.787884362978620523e+00 4.760957908545714740e-02 2.334084902313366960e+00 9.521711181423896164e+00
3.680143450423195356e-04 -8.694618990262604541e+00 5.456280953064433170e+00 2.782712559657285825e-02 2.377923172103064253e+00 8.228646728185900372e+00
3.680887818814210753e-04 -8.691916744580900911e+00 3.046562349055061472e-02 1.683627599348449383e-02 2.859116275356219816e+00 8.693457003973996677e+00
3.673680856385325307e-04 -8.691376605193813276e+00 6.861620944418289625e-01 1.424633088336316362e-02 2.584536592267594024e+00 9.228713444983398517e+00
3.667404543281402155e-04 -8.690586519815823863e+00 7.748261981427483347e-01 3.001294714745096062e-04 2.544468951340284946e+00 7.914817467848080490e+00
3.659632643428377321e-04 -8.690207951049142565e+00 4.325284217387899421e-02 2.107327855887131465e-02 2.915922421242203910e+00 1.168576613404992770e+01
3.655367633826649880e-04 -8.688874050823134354e+00 5.037293004511860239e-01 3.152022754247803260e-02 2.991971634556537474e+00 1.943022861618074515e+01
3.657987108379546571e-04 -8.685657697040978675e+00 5.741320640344565795e+00 2.519217676232544598e-02 2.391091703359173426e+00 8.452055069500049811e+00
3.649638849431064195e-04 -8.685442505439333161e+00 3.190566182939581080e-02 2.254582701300203093e-02 3.027749371024701652e+00 1.299056818440772965e+01
3.643565670670727481e-04 -8.684607940748970023e+00 4.800673931195147404e-01 1.815353664449056298e-02 2.678714098453274239e+00 9.181183527188142790e+00
3.635211060598034683e-04 -8.684403550038851449e+00 6.696896447797149321e-01 1.544838313229680675e-02 2.594898327714929565e+00 9.265711146221644157e+00
3.654532545791572468e-04 -8.676602532202686291e+00 5.853984627153450138e-01 3.335936687951625984e-02 3.074462686135908562e+00 1.880830157285629411e+01
3.649694423403884204e-04 -8.675427278302622724e+00 7.309884376157808061e-01 1.599042265170908667e-02 2.598683731680538678e+00 8.563037470364605497e+00
3.648126082965578217e-04 -8.673357088945698123e+00 6.846703862584423428e-01 2.095111914958449478e-02 2.966700368544499256e+00 7.138568575896703017e+00
3.649222650613916726e-04 -8.670556550298959664e+00 5.206592695670569926e-01 2.310256324448560494e-02 2.979872630551879897e+00 8.897467859481551500e+00
3.644134179998193370e-04 -8.669451921884235190e+00 3.209121309269633016e-02 1.936575160580258220e-02 2.827236947404146328e+00 1.122934527615348266e+01
3.638608305673078310e-04 -8.668469447842745979e+00 8.094313834518332973e-01 2.935475741253418995e-04 2.582087819130754358e+00 8.093517573388641750e+00
3.637887277505205252e-04 -8.666167627904009407e+00 6.375402128721699979e-01 3.194018681847802382e-02 3.327724431066631183e+00 1.738922551134504957e+01
3.632131096358552245e-04 -8.665251167876949268e+00 9.999129140796279847e-02 2.197101412776724175e-02 2.901732917384231669e+00 1.228781718455583771e+01
3.625070449498790279e-04 -8.664697000314681929e+00 5.013179454124180312e-01 2.263584971977663368e-02 2.945430872600525607e+00 1.036104127352215976e+01
3.624029506430179225e-04 -8.662484192678451933e+00 7.199963029639923073e-01 1.660824696870224354e-02 2.638077870245616907e+00 7.894083070965987048e+00
3.621359234590196220e-04 -8.660721288245389005e+00 6.172333566342887989e-01 2.356099695979382846e-02 3.067613611332523860e+00 8.074540013859841991e+00
3.627262103191990781e-04 -8.656592600628378875e+00 4.720422681549336641e-01 2.644932507009585543e-02 2.866687365270333743e+00 1.446031469188224428e+01
3.622842648180043743e-04 -8.655311743167938943e+00 9.645319761888476728e-02 1.767068455569108243e-02 2.775158044753014863e+00 9.340729089111801997e+00
3.615562509674442740e-04 -8.654823274935397492e+00 7.758279803426191279e-01 5.058642780968663566e-04 2.551218853130613695e+00 8.090499080453030345e+00
3.609052393848699060e-04 -8.654125479668723031e+00 8.107421371378902286e-01 7.073300519156046741e-04 2.678180482276574459e+00 7.487083969616779910e+00
3.613683824788017636e-04 -8.650343020657651039e+00 5.805106084343035100e+00 2.672410765098561652e-02 2.405741616202007549e+00 8.197549841039284857e+00
3.605685603484045797e-04 -8.650058788850646607e+00 6.887775476133358721e-01 6.683117415168654367e-03 2.567864227868519755e+00 7.338928786383868363e+00
3.600081811471103187e-04 -8.649114152164491642e+00 6.441931665269989837e-02 1.725933649065421877e-02 2.816090163107073607e+00 9.336588260973279318e+00
3.599796010992090535e-04 -8.646693542533663290e+00 7.018202940222852959e-01 1.572882141209194437e-02 2.897661509859386086e+00 6.051732287494366425e+00
3.594033239703532581e-04 -8.645795685792952767e+00 5.009812388036158914e-01 3.226927096104145049e-02 3.224797135030505579e+00 1.755122655678381705e+01
3.585802805099623167e-04 -8.645588339318093674e+00 8.073092749523357314e-01 6.120330725621219575e-03 2.565830115700205027e+00 7.269704607794516882e+00
3.596130925997406474e-04 -8.640212198043567327e+00 7.953174602767987267e-01 5.097545464934394354e-04 2.690636083018391744e+00 7.233640714628153390e+00
3.604729063174501530e-04 -8.635324110710591583e+00 7.932255766498838012e-01 4.760670293982245498e-03 2.635259812327668705e+00 6.491743360033679799e+00
3.596027164090444912e-04 -8.635241052222152547e+00 6.482404158755629420e-02 1.842387419996774703e-02 2.857814751993542846e+00 9.186348267762065589e+00
3.600952471126559135e-04 -8.631372336995855932e+00 7.531155055689499056e-01 1.090846320880338709e-03 2.653597324472062979e+00 7.618589824860903192e+00
3.609944448364245384e-04 -8.626378338815342772e+00 7.109607325148308288e-01 2.779879654422709456e-02 3.023973340988604264e+00 1.468158648234967423e+01
3.618985509331407256e-04 -8.621376982256608201e+00 8.687307372267268069e-02 1.767088591722260418e-02 2.758230216017081293e+00 9.726117873708860273e+00
3.615121029769668829e-04 -8.619945387845730167e+00 4.877171852626251414e-01 3.250120565081309615e-02 3.067991191255970307e+00 1.844547514160799651e+01
3.611988391416137462e-04 -8.618312301121056507e+00 8.213777652315216171e-01 5.274202566038399716e-04 2.661799628046857880e+00 6.710125612464221234e+00
3.603901083776257048e-04 -8.618053829640549779e+00 5.436463194431840895e-01 2.406920696883050811e-02 2.847819445325009191e+00 1.044371653418835599e+01
3.595790944666678399e-04 -8.617806743378489287e+00 7.566437059062395276e-01 2.415164977140866294e-04 2.620881070568168436e+00 7.763271275021172535e+00
3.614779755028557618e-04 -8.610039794325581752e+00 5.400414455673215874e-01 1.583475633308049219e-02 2.682737271009878022e+00 8.214835372385387302e+00
3.609851419228089818e-04 -8.608904109387772507e+00 3.451534850553759914e-02 2.155064688389399241e-02 3.014629048535636180e+00 1.292485161775910640e+01
3.605634220706884548e-04 -8.607573039439570195e+00 4.939198262160709452e-01 2.413768083129253644e-02 2.818504107238258172e+00 1.129680700019987682e+01
3.609093799326147981e-04 -8.604114007061680169e+00 7.620929102978506453e-01 1.569629786901808374e-04 2.573079570307947872e+00 7.588900296436308146e+00
3.608005515815240955e-04 -8.601915591804152328e+00 5.469565030775923320e-02 2.095529869690230043e-02 2.872716684337611515e+00 1.291664701779860636e+01
3.602206513560142812e-04 -8.601024144640557978e+00 5.811703486593773338e-01 1.838663364530886135e-02 2.871871973721861870e+00 7.567994119596098024e+00
3.637144126197427432e-04 -8.588871929787860182e+00 5.123223052767403862e-01 2.430823694295027385e-02 2.815720410163616627e+00 1.164492402300807328e+01
3.632578351343867975e-04 -8.587628037010103910e+00 7.108271228177066581e-01 6.406637340565105379e-04 2.621529023965917027e+00 7.185721041041739809e+00
3.641130215917429895e-04 -8.582776590444721521e+00 7.820155394781603819e-01 1.531665301308432394e-04 2.631017548899792224e+00 7.241815526267969538e+00
3.636092510927079130e-04 -8.581661103736172080e+00 7.662426868628278154e-01 1.539566239806967191e-02 2.773225259407959165e+00 6.601999837868891774e+00
3.635364606773378807e-04 -8.579361312344804702e+00 7.188553301080345292e+00 4.471547435821864730e-02 2.334168975591307760e+00 8.760902799880714298e+00
3.628222608129849820e-04 -8.578827834046505174e+00 9.608244264091375664e-02 2.051071565799502186e-02 2.881493837394395463e+00 1.154843520360708986e+01
3.627750678131908490e-04 -8.576457914458877951e+00 6.170878309240298565e-01 3.177555639167764512e-02 3.055120166571443363e+00 1.637979203541776485e+01
3.621445906098579568e-04 -8.575697355112675169e+00 8.240143788904388256e-01 1.039413537728219039e-02 2.741657550008678612e+00 7.723492204729174304e+00
3.614801604110799964e-04 -8.575033749969446006e+00 7.290100383377798865e-01 1.477393569299159833e-02 2.608421893853579476e+00 7.549191207867967712e+00
3.626698796206255580e-04 -8.569247910808496016e+00 5.737058505551714260e-01 1.494051199136655142e-02 2.664644406472209237e+00 7.814995981610965536e+00
3.624310073385506384e-04 -8.567406777167681398e+00 6.933070542365886713e-01 2.121849578783479781e-02 3.072915847394462219e+00 9.331332501868125462e+00
3.616697197960214074e-04 -8.567009489661945310e+00 5.747903827503620944e-01 2.139488598156937676e-02 2.732937017016240144e+00 1.080129708592782123e+01
3.613243907921013143e-04 -8.565464764470201331e+00 7.360179442214679346e-01 3.016375308282412578e-03 2.655970710185159511e+00 7.391870934419923600e+00
3.639324195269948744e-04 -8.555772719005535265e+00 6.786586365312006208e-01 1.300172313741802116e-02 2.803755563854331889e+00 7.139364714502310250e+00
3.631397853536285454e-04 -8.555453065007089464e+00 5.101040734459934001e-01 2.123928353111163153e-02 2.847414889043437203e+00 1.042758875385017525e+01
3.649684647145925651e-04 -8.547929956957329267e+00 9.237929636495773034e-02 1.979273479175790509e-02 2.818954634317710983e+00 1.114229699675054874e+01
3.642659801985462004e-04 -8.547356593139273429e+00 7.360840211217609674e-01 6.424845234696312723e-04 2.680143085635639633e+00 6.637879089787328546e+00
3.639258297806088850e-04 -8.545790826230104997e+00 4.961581794504107967e-02 1.924898014176779429e-02 2.835148775060691850e+00 1.179779646391016001e+01
3.641800311147866637e-04 -8.542592572423457042e+00 8.072278703468539485e-01 5.305713261835894425e-04 2.687726658607867858e+00 7.122058784655678210e+00
3.638635944683168261e-04 -8.540961851832756579e+00 5.875251527329422174e+01 8.426962052193945896e-01 2.096573017500600766e+00 1.890804188073607506e+01
3.637854046752492980e-04 -8.538676762575333257e+00 5.863578833797945533e-01 3.554288213916584338e-02 3.395970762228662565e+00 1.763899249897800559e+01
3.628798050416021537e-04 -8.538669244918976275e+00 3.140340584252721001e-02 2.226859405945656734e-02 2.990068931846368461e+00 1.457123753221750562e+01
3.625634370221057236e-04 -8.537041451099170786e+00 7.151742781043413100e-01 1.608961618943961433e-02 2.958307070802051353e+00 6.433449917955473829e+00
3.617911062292091646e-04 -8.536673918114855653e+00 5.008997045327284736e-01 2.399015327920529447e-02 2.991564047494096101e+00 1.096672828084745710e+01
3.614381659266279649e-04 -8.535149930409124508e+00 7.402688021358471149e-01 2.688744552267613983e-04 2.593922756335424129e+00 6.860060995152751140e+00
3.606511634659314105e-04 -8.534829723795565926e+00 5.109134591395826375e-01 3.088528700414090722e-02 3.198322786180319621e+00 1.462226886581721175e+01
3.598929164806128115e-04 -8.534434375783735760e+00 4.485862528060918786e-01 2.680484702401336738e-02 2.889780477053135233e+00 1.460099020273518278e+01
3.618695555396962910e-04 -8.526457105691743976e+00 8.205646015664973258e-02 1.761049695225521544e-02 2.775067332107268747e+00 9.469650664270305995e+00
3.611935486873630642e-04 -8.525826948158723440e+00 5.091115442757835341e-01 2.488244820252396086e-02 2.840253579308666065e+00 1.181126105370515056e+01
3.606702475724442628e-04 -8.524776809501817709e+00 7.713895050775015916e-02 1.745933187837702197e-02 2.770824043734032571e+00 9.605387999465989424e+00
3.598313560593472261e-04 -8.524605442465146510e+00 6.254230799552161768e-01 1.821865046988511982e-02 2.867728142661871704e+00 6.865349925605088721e+00
3.595272933449948356e-04 -8.522950814193730906e+00 7.014313784011104724e-01 8.523725234623456305e-04 2.581552926326425190e+00 7.274016609606717587e+00
3.589995559464633271e-04 -8.521919757195506762e+00 7.674366357105559810e-01 1.037870350806914532e-03 2.668180319359818586e+00 7.510006005024045805e+00
3.581263482831598057e-04 -8.521855056463635947e+00 6.570425967780273435e-01 1.165462708411750710e-02 2.618296853376727462e+00 7.111139846274952880e+00
3.572586988207173309e-04 -8.521780742858366509e+00 3.254916151084656650e-02 2.066220419809143560e-02 3.003147298110798946e+00 1.122562205755997766e+01
3.576829047861719915e-04 -8.518094055685326182e+00 8.381148468255189554e-01 8.560242447381810442e-04 2.635358037041313661e+00 7.649238290587351052e+00
3.575360241113575911e-04 -8.516004784962603935e+00 7.959916426712580761e-02 1.899931659745738091e-02 2.870938975722084230e+00 1.006711083990196620e+01
3.574270445928068285e-04 -8.513809638525437151e+00 5.435188343011611023e-01 1.830779076499417998e-02 2.733367873060964737e+00 9.275358452777890506e+00
3.573156149215804284e-04 -8.511621442139356120e+00 4.172831793929311639e-02 2.020468779887549596e-02 2.973737178723204533e+00 1.069432373458025864e+01
3.571814177243559543e-04 -8.509497083164220044e+00 7.165530478031189032e-01 1.257225662455203549e-02 2.597464049631201366e+00 6.974530831804245601e+00
3.565974637688922684e-04 -8.508633315619080761e+00 6.678660880000135691e-01 2.025523211529981285e-02 2.680883052232170716e+00 1.072299158278817899e+01
3.583540567430753177e-04 -8.501219425772319482e+00 5.571256890647519056e-02 2.164391350697585439e-02 2.928068339162055889e+00 1.226915153266122083e+01
3.582763080107860760e-04 -8.498936409970642814e+00 5.482477959767424469e-01 2.646262649685796400e-02 3.124870098569959787e+00 1.065098851584512474e+01
3.588971757492833477e-04 -8.494704979828112457e+00 7.653257454534492243e-01 8.877330492565782549e-03 2.597281279741336490e+00 6.693467197470333474e+00
3.585656661180697540e-04 -8.493129096410772405e+00 7.712616325959289476e-01 3.701054719520252903e-03 2.658317907397054203e+00 6.402790913309316601e+00
3.576946008611700447e-04 -8.493061356656060212e+00 4.772570029947005854e-01 3.090344842102199507e-02 3.071159236714902541e+00 1.587360011860311815e+01
3.569872899649261097e-04 -8.492540729958381718e+00 4.718252310902971286e-02 1.647713606549344387e-02 2.746541490356833037e+00 9.134207833535175070e+00
3.566831855543978560e-04 -8.490892956411247638e+00 7.398772783932994201e-01 1.220033398080966986e-03 2.658483676439661103e+00 6.745930450750842411e+00
3.565325665718213134e-04 -8.488815322250385265e+00 5.384726473901463306e-01 2.161152516674007956e-02 2.947957693173700378e+00 9.148274927830224001e+00
3.560812912591351993e-04 -8.487581857746576475e+00 5.484317493959989936e-02 2.257384324132628850e-02 2.972103241197278756e+00 1.391658800197698298e+01
3.556208079375214781e-04 -8.486375891827387719e+00 7.026346780852320562e-01 4.110979928101055926e-03 2.588543645420179118e+00 7.399924007979543639e+00
3.577385082151035957e-04 -8.477938613234123011e+00 6.220260418808472025e-01 2.944711930189942636e-02 3.051323883567037321e+00 1.930422490196160368e+01
3.572391533781022377e-04 -8.476835453848927671e+00 3.091256954820138098e-02 2.263298845218806449e-02 3.035018594079548659e+00 1.365648379031286375e+01
3.564239297459030685e-04 -8.476620072476576340e+00 5.380590904082720449e-01 3.081026896347590499e-02 2.994095666557961000e+00 1.972725031236108606e+01
3.556923384666778711e-04 -8.476174769354791749e+00 5.037078214134412812e-01 3.019992922846096925e-02 3.142200325750982071e+00 1.668991899438380244e+01
3.556720415098967763e-04 -8.473731834221567283e+00 4.548035972928560211e-01 2.909455476793021411e-02 2.953141177420612884e+00 1.660871823416356818e+01
3.557270000737741212e-04 -8.471077325821152471e+00 5.948121402265837077e+01 8.575483362595248682e-01 2.070196382494544185e+00 1.896520954079814203e+01
3.557503179683869725e-04 -8.468511777998248391e+00 6.123427125251273972e-01 2.884857431833035696e-02 3.224243642803617860e+00 1.493350907008476192e+01
3.550601671925164831e-04 -8.467953648601316274e+00 6.887588467290534089e-01 7.403862768914331281e-03 2.640134667323559725e+00 6.612037793028380683e+00
3.562341531812837159e-04 -8.462152660469762111e+00 6.909559476590189098e-01 8.080024073417837668e-03 2.605612768718716943e+00 6.722582460881026734e+00
3.555888361655736821e-04 -8.461465799978199698e+00 7.641422318620747500e-01 2.943416366923882685e-03 2.695701374416723528e+00 6.988869887049775187e+00
3.557566807423739159e-04 -8.458493892653484281e+00 3.769286300892624869e-02 2.225479470156394024e-02 2.985052635887521344e+00 1.310273277802474645e+01
3.548975749747188381e-04 -8.458411682117915831e+00 5.884665700139977140e-01 3.240603506404524797e-02 3.288732059774886807e+00 1.415256781933114105e+01
3.547527164819228983e-04 -8.456319935299944746e+00 6.271571374103100949e-01 3.290728009826770356e-02 3.238900197283240967e+00 1.483457080936667083e+01
3.546730331179313140e-04 -8.454044577172254549e+00 7.010747211468439488e+00 4.167956715811805407e-02 2.360322382593349477e+00 9.054663900441637381e+00
3.538361190528129148e-04 -8.453907043350159967e+00 8.377511551196924477e-01 1.208026006252159662e-03 2.650308555864463234e+00 7.359441533038499017e+00
3.532635988543096563e-04 -8.453026391538582374e+00 4.176072347041286104e-02 2.043913412823315789e-02 2.956726688568623196e+00 1.196295058875872108e+01
3.525724486352373025e-04 -8.452484779587555508e+00 7.027437424701055146e-01 6.259604979144363021e-03 2.571309226339571818e+00 7.585891703778976591e+00
3.550708602803981069e-04 -8.442923532784750051e+00 8.021514785913337331e-01 5.891911599003996254e-03 2.598655149448299895e+00 6.910857900520182895e+00
3.549355075029347667e-04 -8.440804804799324046e+00 7.264658961282771665e-01 5.432359326025737109e-03 2.666229007022272945e+00 7.273270585624813656e+00
3.552400533156351578e-04 -8.437447141291396946e+00 8.384352072147304158e-01 4.817209782574326769e-03 2.654523862202447404e+00 7.497089707671278802e+00
3.551412056197851487e-04 -8.435225436066899007e+00 3.297929321529661367e-02 1.717017878367586500e-02 2.770607183048686473e+00 1.039105566581662110e+01
3.558701875706447729e-04 -8.430674886066508833e+00 7.465212855470706454e-01 4.585968668272578388e-04 2.562676030042979836e+00 7.885178261239452091e+00
3.566815236262519187e-04 -8.425897615817941499e+00 7.244118261521339530e-01 8.165639982015918813e-04 2.639962361031678029e+00 7.151487662472889362e+00
3.558596933310837168e-04 -8.425704375455232764e+00 7.921897834156369500e-01 3.739647734054303693e-04 2.634268463289847872e+00 7.816563230203934509e+00
3.554647803320469144e-04 -8.424314735225582496e+00 8.006621917611078665e-01 1.389640147832297244e-02 2.615885673891721552e+00 8.531208408694341827e+00
3.558431709245765229e-04 -8.420750806086161333e+00 8.399306928372701764e-01 9.605004086340531181e-04 2.622948960903525695e+00 7.594590803229202436e+00
3.550220351196130861e-04 -8.420561050456534247e+00 7.205137140384938466e-01 5.975220349355427236e-03 2.553589594128501172e+00 7.586928809376556337e+00
3.542575129925032602e-04 -8.420216822254070976e+00 4.177525239027401333e-02 2.078431474768213660e-02 2.886125679532145050e+00 1.279790080534264440e+01
3.541001346517694314e-04 -8.418161169382520015e+00 8.131754832899645846e-02 1.851707542011855195e-02 2.816311456004456204e+00 1.017288990225955914e+01
3.557124879606947984e-04 -8.411118122300205613e+00 8.200309444660751623e-01 7.667236084969803779e-03 2.583482877188492566e+00 8.203291834918720937e+00
3.550643250591963983e-04 -8.410441938354107805e+00 7.214520119458620595e-01 2.299267577484210082e-02 3.042468365729672719e+00 1.079627564252432670e+01
3.542569402216593768e-04 -8.410218439075974217e+00 7.565249084947422986e-01 2.905370310897141908e-04 2.603318200810858851e+00 6.710105174798572492e+00
3.533906821242525117e-04 -8.410166715598787590e+00 4.668816142575222400e-02 2.117312166283164682e-02 2.966540522338929620e+00 1.255737507139790488e+01
3.531547038194691231e-04 -8.408334693391164905e+00 5.570340936481924521e-01 2.992638189007038388e-02 2.981362226685155381e+00 1.881066236677056480e+01
3.528142708715387545e-04 -8.406799135134422229e+00 8.036235686766024511e-01 1.901718381734958797e-04 2.585457223091518930e+00 7.540922768526924003e+00
3.521065411934784658e-04 -8.406307105118401068e+00 6.422861196910412129e-01 2.572809448684925532e-02 2.897826977388344716e+00 1.547990098682512006e+01
3.517907256958192918e-04 -8.404704439242870251e+00 4.517943012378205503e-01 1.893877329323971626e-02 2.737134773896642503e+00 8.996532849932881604e+00
3.525910475734177251e-04 -8.399932028875753076e+00 8.533294022024172643e-01 8.101249839804947409e-03 2.636720962054321937e+00 7.608667606282274676e+00
3.519683790668998061e-04 -8.399199569398483334e+00 4.768504451586914189e-02 2.020835061063740515e-02 2.893098693854687209e+00 1.233320541686471472e+01
3.516302758006423267e-04 -8.397660638013219270e+00 4.445364060087577118e-01 3.138670957646882975e-02 3.029275403159713331e+00 1.947245182304670053e+01
3.531320540514291105e-04 -8.390898830989089063e+00 7.269441777422031015e-01 4.913194269945895566e-03 2.587348686509825857e+00 6.771719070368809490e+00
3.524392118564621877e-04 -8.390362750017924753e+00 6.935342159127731998e-01 1.613341626159719294e-02 2.632520055222449251e+00 7.681642175711898446e+00
3.516717689108808361e-04 -8.390042642876995416e+00 5.721605275219951992e-01 2.474660813072709215e-02 2.886968958915197447e+00 1.051651597862301024e+01
3.509187720962986560e-04 -8.389686130609721459e+00 7.237791877408059626e-01 3.807681534058610529e-03 2.565948372605612704e+00 7.173715773570784826e+00
3.508161043187260717e-04 -8.387478741912808289e+00 8.169130784112543786e-01 2.351564891544019435e-04 2.603342709122002940e+00 7.561909955487378987e+00
3.510896763333223132e-04 -8.384199229801669873e+00 7.627670228116325557e-01 1.490611968996726974e-02 2.603848923147804584e+00 9.261821563272512492e+00
3.506810525732572022e-04 -8.382863780528605702e+00 7.282579888069230512e-01 2.206829396083864053e-02 3.011639364788845974e+00 8.260926027755543188e+00
3.499552187442839094e-04 -8.382435708912414185e+00 5.676829072839097989e-01 2.804059589930325488e-02 3.115130293138959505e+00 1.488132016049500272e+01
3.506168929075781631e-04 -8.378046754587698430e+00 6.922115269822096684e-01 2.337340925932242935e-02 2.872008703342943559e+00 9.526270538643213825e+00
3.502728061633398563e-04 -8.376528611711115957e+00 4.725130357679184767e-01 2.508398449323584120e-02 2.990314470518822709e+00 1.214708716052856197e+01
3.506847859188423535e-04 -8.372853134599250069e+00 3.628033414701303805e-02 2.182696435651134206e-02 2.947543526833220184e+00 1.343134098831511913e+01
3.524484126672733429e-04 -8.365336644265774169e+00 5.275732299761553001e-01 3.029389090284652364e-02 3.159262660700110636e+00 1.661141982385403892e+01
3.525179200004497368e-04 -8.362639450924243434e+00 6.781611026708912471e-01 1.132126426635089375e-02 2.667630083039029820e+00 6.457523631018213806e+00
3.525043918013041943e-04 -8.360177827579626353e+00 7.162246926659124879e-01 2.057262704596969985e-02 2.722854592382576211e+00 9.909847337929557298e+00
3.520929957385624887e-04 -8.358845575620609480e+00 8.269155131383076895e-01 1.045072745957360523e-03 2.585846820945689739e+00 7.573799736751526623e+00
3.513533336219274968e-04 -8.358448543134572972e+00 5.393182985527403273e-02 2.107838739230363453e-02 2.920537558230049235e+00 1.171659074327186545e+01
3.506758826895522009e-04 -8.357878523046849750e+00 5.500318598753609622e-01 2.167351144473710772e-02 2.881146834887930552e+00 8.477358643112346215e+00
3.515562173195331845e-04 -8.352871274827524672e+00 4.554586957666441616e-01 2.803395296164885170e-02 2.952790831345093459e+00 1.431676086922348645e+01
3.538781992888934548e-04 -8.343788124642337323e+00 6.087471196652776140e-01 1.587021604786223797e-02 2.781900868485601030e+00 7.421245023638995519e+00
3.534760446806384498e-04 -8.342425191833248377e+00 4.995585049323598981e-02 2.108148821379770069e-02 2.960627310621551267e+00 1.146556482881838512e+01
3.532446104151752285e-04 -8.340580144457224065e+00 7.375900839829403477e-01 1.792700081431281576e-03 2.613823550487810010e+00 6.612614316731058928e+00
3.535070741571286006e-04 -8.337337411868828596e+00 6.433635780104143276e-01 1.963479480546833494e-02 2.672551043673878635e+00 9.904060901112558213e+00
3.534903092460753944e-04 -8.334884837535312840e+00 7.410145007251186522e-01 7.078882576027106972e-04 2.635873162111559864e+00 7.276187815094226075e+00
3.529187263733245782e-04 -8.334003115243186599e+00 5.845019337732715314e-01 2.597962494941244427e-02 3.120088486804672545e+00 9.683944722150474860e+00
3.539829286302020048e-04 -8.328492221002651519e+00 7.255986218527589182e-01 7.328492494219401333e-03 2.598864052750474940e+00 8.077470823377820963e+00
3.559907119645891026e-04 -8.320336268240565047e+00 4.731335773856431004e-01 2.283460381241536954e-02 2.884183523937279503e+00 9.411369508046767862e+00
3.556472747339642078e-04 -8.318801470390269515e+00 7.539769761430884509e-01 1.934058331817828640e-03 2.657761579517249118e+00 6.454792502351766714e+00
3.552270404656069996e-04 -8.317483773107712253e+00 5.565049930429888381e-01 1.793096831264072433e-02 2.688001310781859665e+00 8.713233361432756396e+00
3.566537364675456006e-04 -8.310975523529178233e+00 8.332215799299218517e-01 1.023902589548939500e-02 2.611153857938291356e+00 8.161356183365199968e+00
3.558913089411662131e-04 -8.310615536493308753e+00 3.328798059265741793e-02 2.156325831180834138e-02 2.950923364383915892e+00 1.358959951306740521e+01
3.567029758592527543e-04 -8.305837473684171357e+00 5.039684599628161399e-01 2.052813611143363207e-02 2.738000373969025070e+00 1.016446132574335515e+01
3.560253948302963809e-04 -8.305238846664272145e+00 7.137832337753285961e-01 4.966817784799115558e-03 2.569313619564481677e+00 7.103509564090854767e+00
3.568819023736743458e-04 -8.300335987389745540e+00 5.183544668596153926e-01 3.042278498449679791e-02 2.981651475068640256e+00 1.825123769063474555e+01
3.568691927875373461e-04 -8.297871600886455923e+00 4.974992206794890959e-01 3.317115244113791328e-02 3.119330063630620042e+00 1.866956440382478277e+01
3.560335432043598681e-04 -8.297715959867609570e+00 8.102050076384297306e-01 3.664891656222568888e-03 2.651005329062178451e+00 6.707827646669707100e+00
3.559232487986664704e-04 -8.295525794418852072e+00 7.158991077683826143e-01 3.353426662936741156e-03 2.630543841119225235e+00 6.712633852382647426e+00
3.575190845081282955e-04 -8.288552164816390899e+00 8.219601028723827474e-01 7.813973699288614960e-04 2.622444743702007752e+00 7.058877091813616111e+00
3.576922646315383657e-04 -8.285567888030229255e+00 3.024699776112475466e-02 2.085606238216968986e-02 2.994531812110212687e+00 1.179253522980981117e+01
3.569884085868686350e-04 -8.285037596456973574e+00 5.902469649845937250e-01 1.718653918071517614e-02 2.710664747902598481e+00 8.864912885559572686e+00
3.564016030385546438e-04 -8.284182715315093759e+00 6.185940080010970954e-01 2.165308148991067563e-02 2.899471659118516342e+00 7.983372006234888296e+00
3.556281311170353377e-04 -8.283855299376281067e+00 7.502896871099824505e-01 9.905186979685785473e-03 2.616924399943559187e+00 6.595512797174047037e+00
3.564839284021764751e-04 -8.278951751547822369e+00 5.883862770715188040e-01 1.818277701941574398e-02 2.762507701582293418e+00 7.612534557462187657e+00
3.567257520412658064e-04 -8.275773623768607479e+00 6.981902332003140366e-01 1.142963707034023307e-02 2.564306869584701332e+00 7.411270138090687354e+00
3.558982642038994266e-04 -8.275595993462633970e+00 6.923127557877258031e-02 1.995919279947213146e-02 2.855042883290431099e+00 1.127820986809135562e+01
3.555422886245093077e-04 -8.274096711253269731e+00 4.533674186613952939e-01 2.324026490588144978e-02 2.823280502280071325e+00 1.187016969158148960e+01
3.555637469973263920e-04 -8.271536359148946360e+00 7.300107997796586590e-01 8.351078344943403545e-04 2.598591734261209485e+00 7.669669156732449977e+00
3.548928886082214460e-04 -8.270924887047398144e+00 5.827787351982028907e-01 1.582193117007586400e-02 2.708259938398573929e+00 7.890489349029079946e+00
3.555036157581923880e-04 -8.266705488664452872e+00 6.355934270101093464e-01 1.569341449940874281e-02 2.632214626706514515e+00 8.009801119835547212e+00
3.551454203193551290e-04 -8.265213568464709226e+00 8.023410223461141522e-01 2.813130811844006683e-04 2.643634474456229455e+00 7.417959368415303345e+00
3.556684943643220590e-04 -8.261241807350925725e+00 7.194060140102160883e-01 4.971625243657671646e-03 2.625296962959005942e+00 6.665321699372139364e+00
3.570147411904466992e-04 -8.254963835987998877e+00 3.077470159690389936e-02 2.069707167261902389e-02 2.968814159759322280e+00 1.241963802065287403e+01
3.565559825438501451e-04 -8.253749647455720151e+00 7.038834808279477162e-01 1.046345200275360099e-02 2.561321036061294798e+00 7.329809781861723827e+00
3.570793013672053889e-04 -8.249783018972070892e+00 6.488698398349609930e-02 1.905041806486964737e-02 2.862009491483473944e+00 1.007625683651844462e+01
3.568637748970373939e-04 -8.247886782728263810e+00 7.145310471673099739e-01 9.306580865251328763e-04 2.586331703452243502e+00 7.160085908502182406e+00
3.566658483792778953e-04 -8.245941564243643995e+00 5.021987077905041286e-01 2.688727226886693591e-02 2.959394422181034212e+00 1.493673971325220862e+01
3.562593638636983866e-04 -8.244581892998040118e+00 7.984556858807545510e-01 9.341659987076671688e-04 2.669061613272808664e+00 6.627412269194440597e+00
3.558893222890490392e-04 -8.243121118696684846e+00 7.386601473025254938e-01 2.856329702317834431e-03 2.658363990548940237e+00 6.588688396194980257e+00
3.557541545570529293e-04 -8.241000993558241561e+00 4.756360661432412207e-01 2.019230353957025825e-02 2.762022296169662994e+00 8.873878743451275142e+00
3.586792344606212594e-04 -8.230312417007709769e+00 6.802606430252342573e-01 1.672770103969808270e-02 2.620746185934416772e+00 8.359400061292371120e+00
3.580552622788885759e-04 -8.229553570369821713e+00 4.178235391317772218e-02 1.736294843152224460e-02 2.784796721099912276e+00 9.891180506474920975e+00
3.572744026408542330e-04 -8.229236787385662666e+00 4.534219965068290309e-02 2.093432117071656814e-02 2.948815421975981010e+00 1.231146206742895721e+01
3.575620135657285809e-04 -8.225932097154798228e+00 7.066744243629205502e-02 1.977399553364598411e-02 2.862404371323231445e+00 1.091228053185173685e+01
3.598696198777701733e-04 -8.216999109919500555e+00 6.454279265495320717e-01 1.575423906280020575e-02 2.775085584364889613e+00 8.402527853189704743e+00
3.591299064202216730e-04 -8.216556729407347603e+00 7.246388555025662370e-01 7.975887625506125275e-03 2.646982577564383377e+00 7.835019895475294760e+00
3.585116543616734047e-04 -8.215779740574170376e+00 6.454176707399380541e-01 2.677569453939896219e-02 2.873689352932246699e+00 1.505871257766035143e+01
3.592117634534311844e-04 -8.211328823838181634e+00 4.852922633508047756e-01 2.703973946995923833e-02 2.901966251646676209e+00 1.437506580876353723e+01
3.589751126970029183e-04 -8.209487846643671816e+00 4.438653569909130625e-01 2.697739839757266542e-02 2.920290122372238173e+00 1.448538017736701100e+01
3.595354997422578491e-04 -8.205427988934745898e+00 5.702787439638300482e-01 2.307164681603705164e-02 3.021063967057739941e+00 8.849294857633903888e+00
3.605807549108337078e-04 -8.200024969051778356e+00 4.710104516153382215e-02 2.028332544924448672e-02 2.938340115965897503e+00 1.104014679732236104e+01
3.600498607954018986e-04 -8.198998384696096764e+00 4.717323291214662317e-01 2.333603781259623380e-02 2.881205536939461354e+00 9.876356733199267879e+00
3.604929522695735425e-04 -8.195268502107611042e+00 8.219130823627133209e-01 7.403385574328469505e-03 2.586751274345258533e+00 7.855056060572294108e+00
3.615845703244789677e-04 -8.189744951720387078e+00 4.687604621296097562e-01 2.886295487815559307e-02 2.967857390911863291e+00 1.684794956484798689e+01
3.613067341059635583e-04 -8.188013632241212036e+00 4.917673861244993838e-01 2.882627513596038374e-02 2.978097606505822892e+00 1.700287697122176667e+01
3.607708692826281423e-04 -8.186997863075113457e+00 7.253392308186711324e-01 5.782637757919611814e-03 2.618496364044332836e+00 7.614642627354764493e+00
3.598878989877926063e-04 -8.186948317508038642e+00 4.401744598639543982e-02 1.776745293106672674e-02 2.837987948728770693e+00 9.716076501727307857e+00
3.592916243523644861e-04 -8.186106525932242306e+00 5.830555424909702467e-01 2.984197960799935684e-02 3.072781614440929232e+00 1.871390045081758657e+01
3.590286565527706520e-04 -8.184338700195816330e+00 7.777618403822283977e-01 4.679247846789662138e-04 2.589561496918763694e+00 7.920302084898536599e+00
3.584941996644862251e-04 -8.183328428313876302e+00 7.326437158895345858e-01 9.543519127033770963e-03 2.701071581942514399e+00 7.828711346255516901e+00
3.576144628305503829e-04 -8.183285422126623132e+00 7.419260080680603053e-01 1.476199811941498064e-03 2.560593224212392549e+00 7.581632992671105242e+00
3.575460125024375433e-04 -8.180976848612520058e+00 6.639886280870784807e-01 2.676723194382341423e-02 3.234212120436128046e+00 9.917726191259609081e+00
3.569147168126826750e-04 -8.180244044003799786e+00 8.110075532697483824e-01 3.727839624258904054e-04 2.618406498558732753e+00 6.978441332764524496e+00
3.576209360365838631e-04 -8.175767321215950290e+00 3.135575697794856093e-02 2.007523430588334032e-02 2.933941787228427245e+00 1.100538657885512883e+01
3.568296942910924676e-04 -8.175482287612213739e+00 5.418945719483667656e-01 3.045646740217864204e-02 3.088944428755667992e+00 1.455861928318232401e+01
3.579748974250887756e-04 -8.169778043747241369e+00 7.884451840584846272e-01 1.357125893664956314e-03 2.670586253172109181e+00 7.312074306871072515e+00
3.578630924119711814e-04 -8.167590418937198393e+00 7.561399924717444598e-01 1.635941043666393549e-03 2.560803719537272816e+00 7.439292767482083235e+00
3.572006587047561678e-04 -8.166943215686256252e+00 8.066143071370649453e-01 1.864014159158922362e-03 2.672219581300085967e+00 6.958217188608855075e+00
3.566327414487736446e-04 -8.166034391934616110e+00 7.910120347144589115e-01 3.933243925629070032e-04 2.667018011633978780e+00 7.178615486740551610e+00
3.573474312029434612e-04 -8.161532403587463236e+00 5.392758577650088592e-01 3.425379368903099658e-02 3.236988093224582919e+00 1.815635815180919721e+01
3.577868922304820623e-04 -8.157803372709048872e+00 6.280714924628213458e-01 2.622365686860460635e-02 2.950935509852420591e+00 1.566884237902723598e+01
3.588355460435604135e-04 -8.152376714246864609e+00 4.959111734660983095e-01 2.871933957975316559e-02 2.964875046011997028e+00 1.496903616537036541e+01
3.592296679717512883e-04 -8.148778981171719948e+00 7.847776553270107147e-01 2.533196130904842667e-03 2.670498592755888634e+00 6.776715941558067335e+00
3.586813115258947787e-04 -8.147806626153224485e+00 4.859201557328348131e-01 3.290022110850022302e-02 3.189310259780534729e+00 1.801171541214020877e+01
3.582803350724467228e-04 -8.146425169933515065e+00 6.444270581895524819e-01 1.878419607704507471e-02 2.971792617597517783e+00 7.894774443813935783e+00
3.574941306378162415e-04 -8.146121964562198059e+00 4.974806967893012910e-01 2.739662524866880167e-02 2.917439159189981979e+00 1.425095426113413843e+01
3.572132342319722480e-04 -8.144408010527618202e+00 8.149909467665389373e-01 5.419998480390751140e-03 2.596397914493103976e+00 7.069333125569922771e+00
3.565393858024380204e-04 -8.143796195903963309e+00 7.916553862624433613e-01 1.429299239811258936e-03 2.668932456155842736e+00 7.337545657625818230e+00
3.569426240498945087e-04 -8.140165856848955883e+00 6.400124799425225275e-01 1.927641599158683508e-02 2.952871941953724377e+00 8.703874535216604258e+00
3.566806321675306782e-04 -8.138400115133990198e+00 7.588090307388748457e-01 7.804388277089114451e-04 2.607641122790020027e+00 6.766776426592942428e+00
3.560508425117756850e-04 -8.137667372066065496e+00 5.442175316590145417e-01 3.005863005984377515e-02 3.187803223963920907e+00 1.541563577232011006e+01
3.564985911698147756e-04 -8.133910620756456211e+00 5.390188790305582289e-01 2.171066801918578038e-02 2.937691360894456150e+00 8.849242610514385987e+00
3.556188878024227600e-04 -8.133881291231089605e+00 7.582606584066133859e-01 1.421482148196895161e-02 2.637693276972323364e+00 9.651800254848588168e+00
3.547854500212123375e-04 -8.133727668130019239e+00 7.876255060144756737e-01 1.194173138986743318e-03 2.647893235707159398e+00 7.609328262972671730e+00
3.540520934552613698e-04 -8.133296849804594331e+00 7.894185026831042062e-01 1.614268065058681182e-03 2.602625636067912751e+00 6.969117257061421711e+00
3.536659669675093422e-04 -8.131888037235462718e+00 7.409133317201113123e-01 4.648622141746869057e-04 2.597126538731687972e+00 7.260659172259937399e+00
3.530870918659524834e-04 -8.131026163095038228e+00 7.714219391614768329e-01 1.501365333925152234e-03 2.651195606939405813e+00 6.625365423990163372e+00
3.535778416096050790e-04 -8.127137245096434981e+00 7.358212440655623743e-01 1.087587139674267740e-02 2.598630613980133397e+00 6.864373662699406964e+00
3.532857463517628934e-04 -8.125463699533874262e+00 7.501649507217929003e-01 1.242363700570581729e-02 2.844464480110367788e+00 6.550207282138570619e+00
3.531187374313933774e-04 -8.123436541729290639e+00 5.751280518612957859e-01 3.322384982560634692e-02 3.320317121791896309e+00 1.803483565709756675e+01
3.527835300995353532e-04 -8.121886269113581136e+00 7.396965394105549096e-01 5.123047669999408749e-03 2.585946675369772407e+00 6.879835922053099573e+00
3.521730646089651006e-04 -8.121118193171735555e+00 4.657863489470178697e-01 3.074928572595585219e-02 3.033241601402667520e+00 1.897520372280491330e+01
3.518801707159192643e-04 -8.119450215227018930e+00 4.541187522701672363e-01 2.616908186023590710e-02 3.021475396993756668e+00 1.198657556389105139e+01
3.515971614041853610e-04 -8.117754816353681235e+00 6.149859805651858302e-01 1.918399732227688351e-02 2.918123277513477110e+00 8.451657267767235027e+00
3.508746792920937004e-04 -8.117311788106794879e+00 4.068134250712529543e-02 1.807240871776100502e-02 2.819306469457198538e+00 1.037300912235359363e+01
3.505785451869971540e-04 -8.115656132711267290e+00 5.075706515198936675e-01 2.614067537575694156e-02 2.969575393639974248e+00 1.134524409533137046e+01
3.498033190872651128e-04 -8.115369857697205092e+00 8.174638713632748077e-01 2.118737906707013601e-03 2.621843561008129875e+00 7.429037149378835636e+00
3.531824248792549419e-04 -8.103256200958437461e+00 8.270794678410009482e-01 1.668369146106552913e-03 2.618805964184853341e+00 7.496682358246933298e+00
3.523815792511894129e-04 -8.103026288341844463e+00 7.815104214129809934e-01 3.558722411787022290e-03 2.601192652122687132e+00 7.967272014572844618e+00
3.530485637492658145e-04 -8.098635286933841826e+00 5.065953631147762648e-01 2.265505676223491735e-02 2.946429679048693462e+00 9.295854106552699392e+00
3.523689068460397061e-04 -8.098062251155353053e+00 7.429253588961796106e-01 2.571735625994966924e-04 2.590089956304769458e+00 7.381047001683180397e+00
3.518176114939148397e-04 -8.097128016617764601e+00 5.187690789198966534e-01 2.711024898676640815e-02 3.018114157590062518e+00 1.177438332480584116e+01
3.525408975370502521e-04 -8.092574271861112223e+00 7.054390832633685715e-01 2.424723574750149713e-02 3.122599478439673781e+00 9.705728270673144920e+00
3.517472715902107889e-04 -8.092327969473942062e+00 3.853028992619490778e-02 1.873411650321401417e-02 2.849793494541449590e+00 1.033151253756621735e+01
3.519762063070497240e-04 -8.089177331170386509e+00 8.025968461191010928e-01 3.066809641826114484e-04 2.604001074067816113e+00 7.363796954224345548e+00
3.514979083028125606e-04 -8.088037148306529645e+00 6.246981092273727887e-01 2.322689009307765673e-02 2.774072164555423825e+00 1.168584185009549081e+01
3.522741855979754874e-04 -8.083331100022677518e+00 8.297085232590205583e-01 1.033063264427758719e-02 2.619158440624567596e+00 8.225102072922840790e+00
3.522352127272188201e-04 -8.080941738350256642e+00 8.116354763980350162e-01 4.919850354049593380e-03 2.601955403283577883e+00 7.906768560810333746e+00
3.514666769413055136e-04 -8.080626004451442412e+00 7.735299750786729378e-01 1.493231720418854852e-02 2.781200286854101034e+00 9.161216808318993543e+00
3.523776254446736632e-04 -8.075537508646572604e+00 5.362079093007192654e-01 2.306188731740591719e-02 2.982320583037576522e+00 9.442514473376888873e+00
3.525874521577941883e-04 -8.072442226054615588e+00 7.911103253824760539e-01 5.125741073335337433e-03 2.589597493438401621e+00 7.126679508615603176e+00
3.530171070787418270e-04 -8.068724391026695031e+00 7.598405699322124951e-01 4.479867872431968364e-04 2.590633796817396028e+00 6.991175669921512181e+00
3.521795161136955540e-04 -8.068599874207899703e+00 6.469884302864518100e-01 1.799826660555262775e-02 2.929506250193269601e+00 6.788399443751974793e+00
3.513113724704362058e-04 -8.068567977485542997e+00 4.299474008290079391e-02 2.004953105387512202e-02 2.918162338736510542e+00 1.135935092986173522e+01
3.507480603260270074e-04 -8.067672719873382192e+00 4.494985373591383060e-01 2.194167190153797908e-02 2.869744251605467866e+00 9.642671090918041088e+00
3.524200383105226589e-04 -8.060417153917605049e+00 8.140749901396382437e-01 1.213382904500268566e-03 2.590067474424093241e+00 7.547638362449991867e+00
3.516066552943807370e-04 -8.060227814537231694e+00 7.822084692604130973e-01 2.328756156265874774e-03 2.567464879616194295e+00 7.585723903577141769e+00
3.510002462781017739e-04 -8.059453983652556275e+00 7.346252820927593463e-01 1.115965202138565968e-02 2.754139476939520215e+00 7.755352600801711738e+00
3.511409904835418672e-04 -8.056553083662763015e+00 4.319517331234092039e-02 1.951507001471799313e-02 2.882569132621500607e+00 1.085330777973990379e+01
3.510764509475179586e-04 -8.054236900048968195e+00 5.144338503965767417e-01 2.407196260853458961e-02 2.932343314170407389e+00 9.929642612969015403e+00
3.508235783111224586e-04 -8.052457437552300590e+00 5.856442003331171486e-01 2.040208879045666418e-02 2.937501023638180442e+00 8.280005286771956463e+00
3.501485452654220024e-04 -8.051883429276259108e+00 6.882133718657515997e-01 1.627938939113762751e-02 2.750919333468774930e+00 9.784572649475785866e+00
3.499544713378585311e-04 -8.049937844634946771e+00 3.236012828741785530e-02 1.854048703710366175e-02 2.875473566667154479e+00 1.005857763883878420e+01
3.491114530091231458e-04 -8.049849687947652654e+00 6.637644343392006263e-01 2.726480527187198633e-02 2.987862438964868694e+00 1.180769945254390585e+01
3.490403014441741526e-04 -8.047553516312305533e+00 6.794175013230699944e-01 2.371632653774860197e-02 2.832976367723258448e+00 1.055706739955322604e+01
3.493213046094770040e-04 -8.044248766514973781e+00 6.420132985436645123e-01 2.297154120460931717e-02 2.776281253672086446e+00 1.079799370906265210e+01
3.495681149739976326e-04 -8.041042473450964678e+00 4.837857633398717216e-01 2.241704125285432642e-02 2.791998906768557553e+00 1.091792560087256803e+01
3.497673159266312241e-04 -8.037972787005180919e+00 6.834772902668112549e-01 2.535860878054540038e-02 2.890645746153158502e+00 1.464356931273172080e+01
3.489843531607106819e-04 -8.037713820918209962e+00 7.700053534283785028e-01 1.604844999693020224e-03 2.639107795659692890e+00 6.762545597722939839e+00
3.483735248228242713e-04 -8.036965657423936094e+00 6.656532359515396902e-01 1.738065975956933421e-02 2.887743839864066242e+00 8.650391671947657457e+00
3.475969603899256642e-04 -8.036697259975120744e+00 7.006245901825696176e-01 1.320368906144495438e-02 2.818947866207702546e+00 7.399187283658650749e+00
3.470091147659999371e-04 -8.035889861826142067e+00 7.572407011685591272e-01 3.213204852695573325e-04 2.651722984693433371e+00 6.867811391865906501e+00
3.476122455387891893e-04 -8.031653287171724998e+00 8.100487759491582507e-01 3.913690198365235638e-04 2.617309472965103190e+00 7.574309844804684388e+00
3.472636498869844496e-04 -8.030156619373471472e+00 5.723765616789990851e-01 2.744616145061444870e-02 2.911832272836591073e+00 1.540361449912008851e+01
3.470912806750109034e-04 -8.028153106711364728e+00 8.004697248467783632e-01 8.111015947078346802e-04 2.651638443127182221e+00 7.065959561901079766e+00
3.463475900547772785e-04 -8.027798042441833815e+00 8.073964842604004488e-01 7.814433934700803705e-03 2.707862232838908589e+00 6.743906106520945798e+00
3.455333484841539957e-04 -8.027651747830063300e+00 8.303449144949113236e-01 3.932323064309350101e-03 2.617182223901058258e+00 7.301030855985721324e+00
3.462486168956924702e-04 -8.023083845796703528e+00 6.926653971635849949e-01 2.054006067281148595e-02 3.076563277686620523e+00 7.363240632735808866e+00
3.459279179311965991e-04 -8.021510485089736520e+00 3.374602974858236654e-02 1.942065138288459961e-02 2.915100994019250269e+00 1.089672877353940450e+01
3.452531956367704108e-04 -8.020962860510611137e+00 7.911496737297605275e-01 7.466811966583867480e-04 2.581348709180943946e+00 7.594300382221160106e+00
3.458049334591643603e-04 -8.016866068818575997e+00 6.592641153866245496e-01 3.550649285334268185e-02 3.301318311059167065e+00 1.964556249599335302e+01
3.458491066184755111e-04 -8.014238336869333068e+00 7.356500477474139377e-01 1.861772731508728627e-03 2.583625125188989458e+00 7.206224126251082218e+00
3.464483634160848372e-04 -8.010007124570522663e+00 6.608007250989943460e-01 3.206654252791976689e-02 3.129880585144547034e+00 1.609787742554254919e+01
3.467582966066382467e-04 -8.006612923088979983e+00 6.189828753880399770e-01 2.533109907507499411e-02 2.884144538891372456e+00 1.457169610440192109e+01
3.461657668248113891e-04 -8.005823153567384054e+00 5.876837053628483076e-01 2.847089014745554300e-02 3.175705554606412129e+00 1.129458468178013497e+01
3.456787872079174293e-04 -8.004730925571895028e+00 7.528936460535262665e-01 4.755277947462795314e-03 2.564506577416665767e+00 7.465748706507103982e+00
3.453114028734629443e-04 -8.003294281823098544e+00 6.966392205324118958e-01 2.171453347647379906e-02 2.990859348031837506e+00 7.636906284444201276e+00
3.446366356962436901e-04 -8.002750276636135141e+00 7.953047165202180580e-01 1.108034713246783612e-02 2.749874692913168772e+00 7.877169433202590554e+00
3.462014552589157178e-04 -7.995720062511086468e+00 7.569690714488243044e-01 3.345889625298235069e-04 2.616456937245899006e+00 6.876536628197019496e+00
3.455131446242206772e-04 -7.995210221059124045e+00 7.355676937943749216e-01 2.106954446923236385e-02 2.918674005933917570e+00 1.102076329089695506e+01
3.447126527534775204e-04 -7.995029729349540482e+00 7.856632340348506105e-01 3.052331594519668446e-03 2.632034431420857690e+00 7.716897287660352767e+00
3.446470622385203360e-04 -7.992720023367972715e+00 4.340453874954331437e-01 2.583634685955742138e-02 2.941393368779940509e+00 1.269186848582586791e+01
3.445425020784930749e-04 -7.990523452689142658e+00 7.384952878476946925e-01 5.409767101890684479e-03 2.631178422260300742e+00 6.644806898060183542e+00
3.448151684680407850e-04 -7.987232378866607085e+00 7.751535693888024214e-01 3.326279859635236603e-04 2.589496189007185034e+00 7.616235970312373205e+00
3.444197329079671144e-04 -7.985879841372270249e+00 7.519419527772169820e-01 1.364114957876149531e-03 2.582913825808144548e+00 7.659304877145292956e+00
3.435725159710642648e-04 -7.985842710297122338e+00 6.602375199558170316e-01 2.398857994012273259e-02 2.826882863794726752e+00 1.361378023362409628e+01
3.442817663572781935e-04 -7.981280498413622304e+00 7.763520782809606446e-01 5.338609337300565319e-04 2.664439563914152487e+00 6.845081121435297788e+00
3.440059824160356583e-04 -7.979581860798738546e+00 7.779906162668294156e-01 2.777045870820042499e-04 2.644727462572053156e+00 7.070644889870639105e+00
3.435698453938379449e-04 -7.978350483292580009e+00 7.723394654340993704e-01 2.263749240703833397e-03 2.640453197136060304e+00 7.593145632871127759e+00
3.433102028547789725e-04 -7.976606488805008333e+00 6.785300149466185760e-01 2.045125235210644779e-02 2.836702430529252972e+00 1.170187736474710860e+01
3.426543416359887208e-04 -7.976018720053433597e+00 7.456550488638953311e-01 1.132517781242364796e-02 2.614307189488090710e+00 8.938283041081824365e+00
3.420363232464247879e-04 -7.975323969019431303e+00 4.820436844891332062e-01 3.339585515764596779e-02 3.166859205774580577e+00 1.918448783973365224e+01
3.413011493203601306e-04 -7.974975685379870782e+00 7.715698358209159835e-01 2.758261945589601544e-04 2.640012694415419414e+00 7.073149391360956884e+00
3.415506539505083631e-04 -7.971744912933914406e+00 6.452580314198216316e-01 2.116039743974251069e-02 2.814617466452771666e+00 1.184330584952087762e+01
3.407762643809019278e-04 -7.971514763005155046e+00 6.470104770251019488e-01 1.551640306456857077e-02 2.812162487576942649e+00 6.739440554560805374e+00
3.413890136387951108e-04 -7.967218279242542778e+00 4.686920107685059178e-01 3.018049500231685667e-02 3.010426683720792695e+00 1.761135103212276576e+01
3.414827083251342180e-04 -7.964443865516178001e+00 6.883737914780647671e-01 3.039706072473192730e-02 3.068740481237195894e+00 1.698578279046197537e+01
3.410645221850521695e-04 -7.963169234761606319e+00 4.419908805420166842e-01 2.269765396249986272e-02 2.852255378028687005e+00 1.049087536276901922e+01
3.404715152546027783e-04 -7.962409442314908325e+00 8.106141052451498741e-01 1.854068273729234106e-03 2.641268899546939330e+00 7.478230093070782125e+00
3.396996641824013533e-04 -7.962179022170254861e+00 6.708195665219018888e-01 1.167030322805866910e-02 2.608787170347258932e+00 7.402786748533626060e+00
3.390575963665935083e-04 -7.961570915029858142e+00 4.766891845926087834e-01 2.936553959459475491e-02 3.005302613705668868e+00 1.544076389221817891e+01
3.389753711124946162e-04 -7.959313455609582810e+00 5.035540858526983410e-01 2.434167830638150898e-02 2.971700432327691654e+00 1.138794864577220167e+01
3.397358424424146823e-04 -7.954572527117536929e+00 5.901703637579995831e-01 3.045988100811448593e-02 3.085328807162003084e+00 1.955259924083872747e+01
3.392880068661514002e-04 -7.953391584295434136e+00 4.974838431128803529e-01 2.013164637809239724e-02 2.777847933547289649e+00 8.848228956324607708e+00
3.384413584739480430e-04 -7.953390070788509902e+00 5.471544624636316412e-01 2.369174698955327923e-02 2.875638725664179773e+00 1.215168801288267986e+01
3.376568893415542649e-04 -7.953210649157009371e+00 5.766337580777810556e-01 2.645227831069614163e-02 3.108258777896948377e+00 1.029875204572164193e+01
3.396757232539246354e-04 -7.944749501404356984e+00 5.084841687213784711e-01 2.303972728664337513e-02 2.881745518125191641e+00 1.131410524297641373e+01
3.393750466568124695e-04 -7.943135080598390907e+00 5.273460581716709061e-01 2.036653066755097705e-02 2.843422448347586062e+00 9.282739791304141619e+00
3.407320050684640978e-04 -7.936644649360128589e+00 7.482926064859959370e-01 1.978276104784956919e-03 2.653551586125724171e+00 6.770386944130306617e+00
3.408486688528953104e-04 -7.933802316339159333e+00 6.928219451205480661e-01 1.506983703392556634e-02 2.745049760076504253e+00 9.201931310487866611e+00
3.414718698986775975e-04 -7.929475605332572563e+00 8.050778152283701861e-01 1.381736338771097534e-02 2.747529791961824230e+00 8.661837555999401417e+00
3.413646415902773590e-04 -7.927289672631197881e+00 7.767341747330511748e-01 2.220164258956413336e-03 2.626963001389256203e+00 7.684394570676387204e+00
3.410360639948158135e-04 -7.925752677558256742e+00 7.603013323305471971e-01 1.127280858616269915e-03 2.621841611341353850e+00 7.634539455404443231e+00
3.405701212893172945e-04 -7.924619868138796264e+00 6.700508406976692921e-01 1.223112860870327265e-02 2.625369016321031701e+00 7.976441736852196485e+00
3.419332173963566071e-04 -7.918125461541323240e+00 7.887690650916007185e-01 8.806325870855540722e-03 2.581336088958235297e+00 7.380219084835878185e+00
3.414978419173815821e-04 -7.916899549196362962e+00 5.928110629811448318e-01 2.746660427600980392e-02 3.196920678900848412e+00 1.067481838310004782e+01
3.424821970965808283e-04 -7.911521231693966705e+00 5.860318102172035193e-01 1.846763082515711155e-02 2.759966718163384680e+00 9.129006205742655311e+00
3.420715971921657259e-04 -7.910220845097856390e+00 5.164286168791912823e-01 3.137492055766075844e-02 3.078730144794104895e+00 1.666877792530714686e+01
3.427339886225734132e-04 -7.905786305863045982e+00 4.988624693635053675e-01 3.112139541276104718e-02 3.157075725094494523e+00 1.587244652428826441e+01
3.453745301481326592e-04 -7.895611485933334173e+00 7.886899295716048863e-01 1.732362323801429340e-03 2.595766811300641130e+00 7.310277150279717695e+00
3.455663975829788596e-04 -7.892556105778306907e+00 7.483106393787984922e-01 1.817590314985263788e-03 2.582150336039140903e+00 7.466870277344070495e+00
3.447967017687692047e-04 -7.892285935657260332e+00 8.199240790984282379e-01 7.556116828238325020e-03 2.610584886209326605e+00 7.435533555094192337e+00
3.450881997085844272e-04 -7.888940873077867622e+00 7.483645830481655548e-01 1.421328732730866998e-03 2.643063258165067708e+00 6.791567803781740409e+00
3.447335321745594733e-04 -7.887469160674167590e+00 4.873808526433170418e-01 2.325132185418850653e-02 2.835542797500447687e+00 1.158545707107325207e+01
3.445547320849088159e-04 -7.885487956954134070e+00 8.127948054806165556e-01 1.315313033438230902e-02 2.674810915864016536e+00 7.423547737528231494e+00
3.440777232414222965e-04 -7.884373337257053471e+00 7.023098634466629075e-01 1.765145054009669909e-02 2.945623313267800469e+00 8.478358244433216839e+00
3.433369408820534960e-04 -7.884028608841401997e+00 7.303909476137568912e-01 1.527280310257596134e-02 2.730939742240440893e+00 9.751506475444722710e+00
3.439824970446597177e-04 -7.879650133370427412e+00 7.010679364091151333e-01 1.648633217143177093e-02 2.913622512133121845e+00 8.104686300384450703e+00
3.440152841373305044e-04 -7.877054821747065283e+00 7.185698826770671177e-01 1.241705547974878733e-02 2.670035673311982105e+00 8.851881192793214836e+00
3.438990202407476581e-04 -7.874892840296616292e+00 7.113382845434574886e-01 9.622049161581202117e-03 2.696872268759788582e+00 7.466810045189435918e+00
3.451551110600228163e-04 -7.868746995497012620e+00 8.243370509474761132e-01 1.227436048066370654e-02 2.696754143546958638e+00 7.205294800288177370e+00
3.443466784283101523e-04 -7.868591972738544271e+00 5.419939219214110482e-01 2.536818615598145088e-02 2.869522933785894736e+00 1.269323393063150363e+01
3.450057251346885768e-04 -7.864179897278258835e+00 6.835392416684591410e-01 1.554411834645746948e-02 2.770653754266380275e+00 9.076585059845111658e+00
3.442768622769588958e-04 -7.863794742895133361e+00 8.088658794518758244e-01 2.365650314391673243e-03 2.628995555274033169e+00 7.274584424451375320e+00
3.434568465703063283e-04 -7.863679433611048708e+00 7.215535236495985716e-01 1.441284380601953914e-02 2.756586906402311410e+00 6.354917472771970388e+00
3.435183400801136060e-04 -7.861000406737394641e+00 6.970063759834085326e-01 2.862273684434252924e-02 3.070201216670235489e+00 1.385202689961735523e+01
3.433100198827384046e-04 -7.859107021769352386e+00 5.322575575713182072e-01 2.259247921690039559e-02 2.917640151462169484e+00 9.193064201154330206e+00
3.426148592662280859e-04 -7.858633951760214842e+00 5.339013018152757306e-01 3.285488017857404741e-02 3.199238306811446719e+00 1.985333302376450959e+01
3.420538000980862946e-04 -7.857772873846261774e+00 7.311858694212073351e-01 1.326346411594429148e-02 2.581190972034415942e+00 7.855558083858964480e+00
3.416744204775401918e-04 -7.856382612037736912e+00 7.751507909272399299e-01 7.847802544243666703e-03 2.692638473140632982e+00 7.596662439975545134e+00
3.411649914498574086e-04 -7.855374702603387327e+00 7.072033440660502324e-01 1.904770559771426855e-02 2.697623167111237841e+00 8.863927940255656779e+00
3.410071505347331668e-04 -7.853337462391504431e+00 4.586347341109281439e-01 2.778837567758253579e-02 3.042159305231241007e+00 1.361383016031256865e+01
3.413609913963234588e-04 -7.849800365635187127e+00 5.965722179532808589e-01 3.529088961726803420e-02 3.343079312227936750e+00 1.755395536685135482e+01
3.405930473359408141e-04 -7.849552553734014282e+00 4.720887008723234080e-01 2.065496044860325869e-02 2.808109960472192856e+00 9.393167814636797175e+00
3.406196227320608090e-04 -7.846974529947019938e+00 6.101206866021822162e-01 2.388305809529195703e-02 2.984242933008949716e+00 8.894969421621558681e+00
3.412406287226670064e-04 -7.842653024261702299e+00 7.524289129538866971e-01 1.637512083148431538e-02 2.653006699519778522e+00 8.365151897397002045e+00
3.407965780834335879e-04 -7.841455154695481156e+00 4.605657415783516173e-01 2.459613457032771774e-02 2.948041886037425563e+00 1.162883824930007748e+01
3.401880444506903104e-04 -7.840742372129139603e+00 7.646251218698869589e-01 6.814086949388047359e-04 2.630258838482852468e+00 7.479045345654675714e+00
3.414841333362745560e-04 -7.834439692513788245e+00 6.067538249099723169e-01 2.578021378578386827e-02 2.910755429752661883e+00 1.135334362133601793e+01
3.415592370496653928e-04 -7.831719783451056571e+00 6.797475029612833897e-01 2.321537099393367748e-02 2.802458560720258340e+00 1.276218106149515208e+01
3.410354932326284632e-04 -7.830754351172082295e+00 6.125066253227867685e-01 1.859937043082418237e-02 2.739125351609284387e+00 9.661131683099693390e+00
3.402695999925707407e-04 -7.830502664212163566e+00 6.462743088080434850e-01 2.402309503574108149e-02 2.907195326875907426e+00 9.556400741047147207e+00
3.394648748709147958e-04 -7.830370428471223221e+00 7.565415632125832568e-01 5.078568697178426419e-03 2.626505785775640867e+00 6.728665852297018191e+00
3.397744005786126962e-04 -7.826959039096934134e+00 8.167442155286976924e-01 7.772052762873495925e-03 2.624451100682391846e+00 7.220254562610780802e+00
3.389582478357340209e-04 -7.826863971696389477e+00 7.706552485087703186e-01 1.752116671554429864e-03 2.633224963736443769e+00 6.883111999621553068e+00
3.382159324181709397e-04 -7.826556363953929285e+00 5.744938559990921956e-01 3.153439904945429251e-02 3.013001242132466562e+00 1.920001762288364588e+01
3.374133701604889067e-04 -7.826432112406823904e+00 7.778424925405772461e-01 4.196280151382304410e-03 2.667478630188447219e+00 6.870650544903125656e+00
3.383848792824377177e-04 -7.821056965003009509e+00 5.399803186710947500e-01 3.384457891426440740e-02 3.257088240441423643e+00 1.817562513473241737e+01
3.390785768053492877e-04 -7.816509038257660080e+00 4.496721528065847906e-01 2.621875979498516571e-02 2.945419404813831132e+00 1.278526843243971456e+01
3.394505405815801346e-04 -7.812912655496893066e+00 7.905023500111625356e-01 1.448552224796673983e-02 2.783818329920999091e+00 8.644604727125106081e+00
3.389193747556853856e-04 -7.811978662250544936e+00 7.836312817110148154e-01 7.794695200350537298e-03 2.599044551047730689e+00 7.017330837115683728e+00
3.387403613177065748e-04 -7.810006990650817826e+00 5.981711328435156405e-01 2.956193445600565836e-02 3.008786337959878043e+00 1.866979614929849163e+01
3.397216516037733481e-04 -7.804614298203373934e+00 5.757678225242539582e-01 2.742871358570287202e-02 2.951998271293406084e+00 1.290273690553049413e+01
3.401927957912376601e-04 -7.800728405420307432e+00 4.543709758308440705e-01 2.802918584532609544e-02 3.003405051552370697e+00 1.488198591708154339e+01
3.402045820694837418e-04 -7.798193760142028808e+00 8.101246809318944919e-01 1.087593446528328962e-02 2.602702920313658019e+00 8.177902472631247477e+00
3.416687503152531749e-04 -7.791399207395776294e+00 6.737068629187097368e-01 1.120210197434632661e-02 2.643765636133956320e+00 6.969018607697355705e+00
3.439034038497901474e-04 -7.782380093586565017e+00 7.217829262298284254e-01 1.070089057279838621e-02 2.620434439586228237e+00 6.740457761103244572e+00
3.432143045805796677e-04 -7.781885862006686416e+00 7.069452799895744599e-01 2.144715448982923572e-02 3.010788979391104014e+00 7.653099834918314137e+00
3.425916612842109295e-04 -7.781201662680453879e+00 7.316343807127576593e-01 1.615082257822615316e-02 2.893516364057794110e+00 6.417779097642482000e+00
3.437200013541813026e-04 -7.775413532380446746e+00 7.377510579283633740e-01 1.378476945850003535e-02 2.606235657520167504e+00 9.246510948895631188e+00
3.429648912888358316e-04 -7.775112824596718930e+00 4.971111305244851342e-01 2.492096320971708134e-02 2.958834656823329023e+00 1.214266504984813366e+01
3.427351658120583559e-04 -7.773282871165895003e+00 8.018595605856631003e-01 1.619479984392905789e-02 2.802183341734532540e+00 7.998099835457894713e+00
3.424212978002321535e-04 -7.771699064912725774e+00 7.692233766254588101e-01 1.890772756795347856e-02 2.896707137039728153e+00 8.201500849850368979e+00
3.415878603025488932e-04 -7.771635985238320998e+00 7.774320401103052003e-01 1.198644363207287955e-02 2.794693935195285306e+00 6.470762649815424261e+00
3.439865582720009573e-04 -7.762138326945987821e+00 6.222391562488429617e-01 1.916633176489037499e-02 2.896352689439587014e+00 7.307088109683941290e+00
3.436119520570902423e-04 -7.760727934460684097e+00 5.431799655879023803e-01 2.247932005509784351e-02 2.944075546166856405e+00 9.665330067967261130e+00
3.429832510053502318e-04 -7.760059293679771208e+00 4.721760354774750534e-01 2.615821700915042791e-02 2.977641364462355167e+00 1.317950311363638427e+01
3.426916201809657755e-04 -7.758409932529828801e+00 7.459013979163634511e-01 1.601872503817388868e-02 2.745775370190976616e+00 6.972744747300064105e+00
3.419810312790685187e-04 -7.757985637337130314e+00 8.123321695226904948e-01 7.046964574228179942e-03 2.678709325165205435e+00 7.367121881383840609e+00
3.416474510814323422e-04 -7.756461548179697019e+00 7.438178711470505577e-01 1.320745749426822414e-02 2.816877285505240636e+00 7.831295871552463872e+00
3.418880822870142694e-04 -7.753257470033717347e+00 5.172073546607394157e-01 2.803893918255528223e-02 3.023590305329183714e+00 1.301773341382612692e+01
3.411670803214769221e-04 -7.752868579861404541e+00 5.070810648126141684e-01 2.494740097172921597e-02 2.885765324492319817e+00 1.167870247626653324e+01
3.410709306508591236e-04 -7.750650445338576056e+00 7.063874291917467962e-01 1.666532476380986824e-02 2.959825714264156638e+00 6.827758570725110054e+00
3.402948142642797462e-04 -7.750428566092463001e+00 6.584560520434837860e-01 2.006498516590655284e-02 2.976064789866137872e+00 7.029636439073236431e+00
3.400133293359065942e-04 -7.748756087994365771e+00 4.876789168390736062e-01 2.731047060797010470e-02 2.941541839553138971e+00 1.414788508814679346e+01
3.392881463541853708e-04 -7.748391173175711799e+00 6.715319529718495328e-01 1.314805202311160673e-02 2.651883736394130331e+00 8.318252267161636127e+00
3.386687695577391788e-04 -7.747718359990184211e+00 7.668572171924540326e-01 1.274997379247178042e-02 2.834447526168690779e+00 6.667187720205951074e+00
3.395634245385817807e-04 -7.742580161722582233e+00 4.566596617646644929e-01 2.471349842076325798e-02 2.908688986206676930e+00 1.210933179952174932e+01
3.388110817762541769e-04 -7.742298237619525736e+00 4.994039286080340090e-01 2.173399399015808753e-02 2.874134927611921242e+00 9.775248448967367665e+00
3.385473000051545311e-04 -7.740577092038485318e+00 8.129013765451744700e-01 5.558424939005179345e-03 2.613690437183885162e+00 7.527402149522349539e+00
3.381049127953266158e-04 -7.739384668558564329e+00 7.466596162980104756e-01 3.380269760418642966e-03 2.610367145671271594e+00 7.049176104213330518e+00
3.376815354580910557e-04 -7.738137660221010350e+00 7.509694761184675382e-01 4.026698964182388873e-03 2.632360014818654115e+00 7.331496857933188060e+00
3.372930391641387944e-04 -7.736788803838737572e+00 7.553665365311584834e-01 1.889022026622494063e-02 2.947381499825126649e+00 8.282446053858880219e+00
3.365960342450897698e-04 -7.736357408881024966e+00 6.008009992121394749e-01 1.813281130396129232e-02 2.744333698419086698e+00 9.075277777189738160e+00
3.377488349519902709e-04 -7.730438381369863166e+00 5.714787482010721398e-01 2.778637885984599348e-02 3.052352528806449250e+00 1.532709966445800021e+01
3.386957071333994386e-04 -7.725138823561572998e+00 7.395927286458180427e-01 5.130200895065310622e-03 2.634068267773014060e+00 6.832371952659181069e+00
3.392988352200401324e-04 -7.720859669872098152e+00 6.124740816574187896e-01 2.469681783298869823e-02 3.088231048313458071e+00 1.152819691969168403e+01
3.397755621440308742e-04 -7.716955620465562937e+00 7.523417357570874042e-01 1.334919989839017558e-03 2.626368434221630910e+00 7.196476516784843902e+00
3.402992277849884242e-04 -7.712915596479350100e+00 7.567104211314595874e-01 3.488639344492603690e-03 2.646241973733244990e+00 6.890614496308343995e+00
3.406255520835303123e-04 -7.709457122553384778e+00 7.014583913560549222e-01 2.011665656714209729e-02 3.053286996295583755e+00 7.419049344202086615e+00
3.403586787271229222e-04 -7.707740909777800020e+00 8.257274494623790817e-01 8.509424656438202214e-03 2.638298586212052488e+00 7.789396969324534403e+00
3.404810265900400199e-04 -7.704881506930763457e+00 7.678697189571493942e-01 7.261135473861111966e-03 2.692983795797829316e+00 7.354894120603916896e+00
3.397356704049676770e-04 -7.704573033503637092e+00 7.649498710462880879e-01 1.793921480763522929e-03 2.633188906898170423e+00 7.354499749337513492e+00
3.403283726058064368e-04 -7.700329955459745079e+00 7.757277890555644984e-01 1.872552025701555711e-02 2.827882545760583177e+00 9.475672406005937631e+00
3.396257631639632599e-04 -7.699896593942989753e+00 7.226588545339878156e-01 9.906287175253110366e-03 2.737970203251079759e+00 6.971869853932697758e+00
3.396235986093292577e-04 -7.697402967315589706e+00 7.110615231292176652e-01 9.219124945331695284e-03 2.605542339027704379e+00 6.925446976643431896e+00
3.409222641159326966e-04 -7.691086421939006712e+00 5.123020556822280858e-01 2.188818608950123326e-02 2.809360849170166929e+00 1.007152179006896731e+01
3.438103936955689871e-04 -7.680150584465555319e+00 6.628104916128872981e-01 3.016861018577485579e-02 3.180855309887479443e+00 1.302545323845757430e+01
3.436683319815682564e-04 -7.678063867700993583e+00 7.547067159271526604e-01 2.007170926523697135e-02 2.897067659512234439e+00 8.331514438472272133e+00
3.454334980653146563e-04 -7.670440764358304797e+00 4.641230654668034306e-01 2.643656998910536363e-02 2.991085293737275386e+00 1.251717277706061360e+01
3.471818563907105252e-04 -7.662892184283712105e+00 7.741243257381265064e-01 1.738518283398729925e-03 2.620427193182075065e+00 7.392761025575551592e+00
3.497017183423391218e-04 -7.653160350946676793e+00 5.312635458961401103e-01 2.764088386995440169e-02 2.947321391211226604e+00 1.429861018278232798e+01
3.513338521352592789e-04 -7.646003991667340571e+00 6.640826729669233597e-01 1.943792122397048142e-02 2.728637573474193001e+00 8.433433885838201860e+00
3.504684979322893602e-04 -7.645970083841152842e+00 6.652973034167890543e-01 2.249401791373733736e-02 2.974361818227512444e+00 8.034867719675073516e+00
3.499416967094485858e-04 -7.644974348988085922e+00 7.967322062132038418e-01 1.410826488028960220e-02 2.655926398869274507e+00 8.870907413633769778e+00
3.496744900888137833e-04 -7.643238215344153375e+00 5.464725662719106536e-01 2.820607303346520794e-02 3.037634480758486522e+00 1.283637080916918016e+01
3.488909212353549024e-04 -7.642981582019282349e+00 8.067157302954052200e-01 1.565877695572103975e-02 2.739573792096254401e+00 8.434806480446777499e+00
3.499978460316317450e-04 -7.637313908496090598e+00 6.835233105239068019e-01 2.242060400987358482e-02 2.843690805004085220e+00 1.279549161926119183e+01
3.493919536145816173e-04 -7.636546540481662149e+00 5.407683114582045869e-01 2.479450085298622389e-02 3.017501433497509211e+00 1.092085194885520671e+01
3.510238556086425874e-04 -7.629386722911918106e+00 8.212428156278486213e-01 8.686511799194019182e-03 2.636368733490290772e+00 7.799101775514154511e+00
3.502231003163067862e-04 -7.629170527878529562e+00 6.129869543335053628e-01 2.575694686195263358e-02 2.920952733123320044e+00 1.123084339744265492e+01
3.513632472249788685e-04 -7.623420328052501027e+00 6.424617717483706025e-01 3.377692798259187418e-02 3.123466409657012832e+00 1.921175005717568851e+01
3.516515693495139575e-04 -7.620100083204445873e+00 6.173991173082612471e-01 3.240861314819595135e-02 3.241775377709586792e+00 1.462376982282469839e+01
3.508443401587694826e-04 -7.619898258994818541e+00 7.437500106539842726e-01 1.324678155400046096e-02 2.626884732662355670e+00 7.224017833875499228e+00
3.503850911163422684e-04 -7.618708098792194683e+00 4.934238903556715239e-01 2.727060548891870398e-02 2.971519875187242476e+00 1.448665770183930945e+01
3.495294429895855052e-04 -7.618653107464892216e+00 7.460448556076739735e-01 5.614629974918819606e-03 2.611777761286111943e+00 7.008118826760692421e+00
3.492522892310798784e-04 -7.616946355943662539e+00 7.482223884726220131e-01 1.073484205947843224e-02 2.710655997267057415e+00 6.331423239125904878e+00
3.501590705833297146e-04 -7.611853370148985221e+00 7.782817642040482653e-01 3.023404703369248197e-03 2.629261515680993533e+00 7.282732942865325576e+00
3.551114559589583293e-04 -7.595309208117360988e+00 7.662263366332684456e-01 1.865754968435566485e-02 2.903607065388010611e+00 8.056864475931455161e+00
3.558789115752840717e-04 -7.590650371797109663e+00 6.813042240562431351e-01 1.356701481216902698e-02 2.770254847536827381e+00 6.423094841682845058e+00
3.563072863377969406e-04 -7.586947386354736089e+00 6.781344924639987060e-01 1.125971696243601057e-02 2.669481066812276815e+00 6.928616696354524152e+00
3.560784713110220177e-04 -7.585089777172317582e+00 4.726579157641430107e-01 2.888079765203175123e-02 3.032072527613175694e+00 1.511051921102335527e+01
3.557596050700231991e-04 -7.583485672665707611e+00 6.725849912302825917e-01 2.242355951844670833e-02 2.804251105854492110e+00 9.821123684467409021e+00
3.553225093906883054e-04 -7.582215054548609778e+00 6.077700278552400359e-01 2.344292810923999729e-02 2.846892613210452172e+00 1.011403264699512761e+01
3.592495402038420695e-04 -7.568723663684927772e+00 5.136891051322386437e-01 2.843101864192427303e-02 2.981830402154870718e+00 1.491165972955253771e+01
3.585433938511959728e-04 -7.568191213230067937e+00 4.930584842452757632e-01 3.253563824163271945e-02 3.131437537026075635e+00 1.902235267464651969e+01
3.587675329364927498e-04 -7.565066270588816977e+00 7.524691488830960173e-01 1.299876038328469721e-02 2.697906319934220143e+00 9.039323522325263482e+00
3.583645091131111115e-04 -7.563690258479976336e+00 6.857262925504781226e-01 2.921649250179419316e-02 3.101048357378968667e+00 1.370097956745314249e+01
3.601255709586299696e-04 -7.556288129916155505e+00 6.067430501564314849e-01 2.501888049505232581e-02 3.095214126256529585e+00 9.250398148037342949e+00
3.600467060160711147e-04 -7.554007146796965166e+00 6.765739945622559759e-01 1.964953515514559004e-02 2.763386435321880441e+00 8.156721687145591204e+00
3.608870080985283608e-04 -7.549175996383157283e+00 5.853041624084907024e-01 1.865912090870186502e-02 2.750277109543237675e+00 8.745872684310530332e+00
3.605854302350204794e-04 -7.547512003041347839e+00 4.885720491377796848e-01 2.897491482670082677e-02 3.012237908172151979e+00 1.537805169143771700e+01
3.604891597952369626e-04 -7.545279022408516667e+00 7.981861974693962303e-01 1.327041695790627876e-02 2.737510935713373339e+00 8.549365164547459983e+00
3.616570356623006240e-04 -7.539544561318567872e+00 7.529816379489555622e-01 1.400581575423555901e-02 2.863339151819432882e+00 7.223365767102571944e+00
3.641476356096142526e-04 -7.530181531024776831e+00 6.961697642698639887e-01 1.711049664818627830e-02 2.949693151381446832e+00 7.700494804920065661e+00
3.637080257302479237e-04 -7.528889490119340167e+00 6.177583630173754115e-01 3.064999143548508345e-02 3.035471239171515290e+00 1.580444190205446731e+01
3.681463924504033060e-04 -7.514260244128265320e+00 6.110258826842578372e-01 3.545097534874436240e-02 3.358346986091965913e+00 1.777567728929685842e+01
3.672760408485912045e-04 -7.514127188536660285e+00 8.175925990326347037e-01 1.156631173131834368e-02 2.718601594985473824e+00 7.870042118344596993e+00
3.668750587458038622e-04 -7.512719558058089220e+00 7.262939421913372495e-01 1.228444689419573750e-02 2.659588493835647327e+00 6.675957483077235466e+00
3.689983665833064010e-04 -7.504448691338064137e+00 6.142012547542970990e-01 2.468652148210273914e-02 2.836949308883445653e+00 1.249432091537310718e+01
3.684198815353526739e-04 -7.503517638589089600e+00 6.327810198543426523e-01 2.933358691412510377e-02 3.295412468570459996e+00 1.294897772212239140e+01
3.682747584222940203e-04 -7.501411623035465936e+00 7.497195211034545226e-01 1.190323180700985847e-02 2.582425394516747463e+00 8.500124691961582712e+00
3.675947746518819247e-04 -7.500759733151160624e+00 6.383830577549587382e-01 3.216496884560811342e-02 3.313455847252888553e+00 1.742615181673291147e+01
3.667081059819092700e-04 -7.500674728718503381e+00 8.011611352054772706e-01 6.615344691473953181e-03 2.636081812117254675e+00 7.632936050389314886e+00
3.662025557573424239e-04 -7.499554297419408933e+00 7.213606874022402415e-01 1.404283001839900027e-02 2.865301548771081563e+00 6.472910504526827147e+00
3.661977024552727326e-04 -7.497067550560749360e+00 5.117353857142457052e-01 2.839250089002639046e-02 2.989175150471735432e+00 1.477431870944986159e+01
3.652850772293206186e-04 -7.497062826525760393e+00 7.392202643412711938e-01 9.868550554592394816e-03 2.591376504670160230e+00 8.295482931495666179e+00
3.646628409530041997e-04 -7.496267705494611633e+00 7.873547597033013767e-01 1.114961119298488179e-02 2.652306578691394190e+00 8.636849606833379767e+00
3.641889868692057565e-04 -7.495067981167865767e+00 6.772369047830369970e-01 1.338738511391831913e-02 2.610813914289043858e+00 7.690321858515780207e+00
3.642966432078903341e-04 -7.492272419155320939e+00 7.744808304461640036e-01 5.299254528356511090e-03 2.616002218382369904e+00 7.438668625294544867e+00
3.662100614201200806e-04 -7.484533801697184074e+00 5.747078395110150062e-01 3.346426402522335863e-02 3.173430428337891573e+00 1.766193672499459311e+01
3.653029332620666599e-04 -7.484513945261650036e+00 6.884301399981730407e-01 2.251079370879630406e-02 2.782822652497058513e+00 1.158350708249608907e+01
3.667081276434217517e-04 -7.478174669648332440e+00 5.512193706991793674e-01 3.237545012745928624e-02 3.104209935050756819e+00 1.782363021987249141e+01
3.663301613011703890e-04 -7.476705901935780219e+00 6.087976448625515014e-01 2.489578629087168052e-02 3.115571930245031318e+00 1.090091840224275543e+01
3.677463411532833158e-04 -7.470347498610514947e+00 6.848314818405982773e-01 2.978279858216021161e-02 3.130203979269034598e+00 1.646449669962292361e+01
3.678231564121210262e-04 -7.467638639327006445e+00 5.287278282889258385e-01 2.594247090977390424e-02 3.027221148753104440e+00 1.189271012236736880e+01
3.671313414838511032e-04 -7.467021246031444903e+00 5.682494308763577084e-01 3.216448193366180236e-02 3.254481464495442289e+00 1.548682421639802165e+01
3.678931788811812937e-04 -7.462448287513645084e+00 5.932852155708330244e-01 2.047319805875753851e-02 2.804141878284149847e+00 8.647554922797798582e+00
3.672109744426868896e-04 -7.461804363639075177e+00 5.920842597528360729e-01 1.849780715118778257e-02 2.806434632317998279e+00 8.243638782349274052e+00
3.666287103613142325e-04 -7.460891261201639146e+00 8.140928649377784376e-01 1.223635620372276293e-02 2.651943421427268355e+00 8.205674657140763273e+00
3.658850918055119071e-04 -7.460421581474233399e+00 6.627857793990834523e-01 1.559935537610412579e-02 2.853411764004266882e+00 6.989604233706360858e+00
3.687756713084433015e-04 -7.450052386426786910e+00 5.627919485360614038e-01 3.281079620732555574e-02 3.245371848849610164e+00 1.636304585560491631e+01
3.679987828680459662e-04 -7.449661278025627276e+00 7.905615047974683396e-01 7.904682491953272938e-03 2.691565207696234641e+00 6.923884005701967936e+00
3.673704572716116903e-04 -7.448870149474261737e+00 6.914568312209000700e-01 1.653026511131470630e-02 2.921760095053850925e+00 7.645282414530052861e+00
3.677460187419869788e-04 -7.445348375332874191e+00 6.581199830101833737e-01 2.108095817707108036e-02 2.737936524799184923e+00 1.109181599437241950e+01
3.680459898419583486e-04 -7.442033006008146323e+00 5.691030591193696475e-01 2.451226150192204606e-02 2.862452547483570253e+00 1.222389572669503721e+01
3.682516042718232208e-04 -7.438974496957312610e+00 7.039271680265124509e-01 1.212975924024553391e-02 2.613000808429508659e+00 8.481035102626062638e+00
3.688871512692460785e-04 -7.434750134616776585e+00 4.902351686521200791e-01 2.545508243890131500e-02 2.949429431937130808e+00 1.226913281710803894e+01
3.696992160875767317e-04 -7.430051163226434774e+00 7.054130022552441703e-01 1.631667662676095434e-02 2.905641470410018634e+00 7.985173925224356317e+00
3.691362744522246162e-04 -7.429075025443389713e+00 7.200243003345874193e-01 1.233669778909300858e-02 2.666572378263363241e+00 8.694757695916250029e+00
3.687681783752715884e-04 -7.427572705037475131e+00 5.950009353301518589e-01 2.942745644884386252e-02 3.029246740642185021e+00 1.417864155901130729e+01
3.690796323507058909e-04 -7.424228482179033861e+00 7.087582522672357666e-01 1.331040810506710359e-02 2.775047691951607831e+00 8.023325929997776385e+00
3.683005930080050674e-04 -7.423841475193385442e+00 6.930046857199168020e-01 2.379977438841803655e-02 2.859154594600492594e+00 1.077289413570298926e+01
3.679013170363328554e-04 -7.422426166785116131e+00 8.153506919849338175e-01 8.495424534252822221e-03 2.665161752081273150e+00 7.692942662206042392e+00
3.675122705429782256e-04 -7.420984201437229366e+00 5.478036290717068768e-01 2.416516250726499435e-02 2.937712034193717958e+00 1.025014914167146785e+01
3.687933112257169824e-04 -7.415004553837044377e+00 5.774368383659458370e-01 2.048259167968776925e-02 2.864360154049407470e+00 8.519452472795970621e+00
3.685538564001137815e-04 -7.413154057475312975e+00 5.577527991262096752e-01 2.891001737972180921e-02 2.981782874634208991e+00 1.552150208825677602e+01
3.684830756418161230e-04 -7.410846125892620151e+00 7.292254261975522622e-01 1.340079180648251142e-02 2.826444331625468376e+00 7.550644336028097037e+00
3.680356339454869349e-04 -7.409561143910623926e+00 7.142227884528862258e-01 2.140554385614767616e-02 3.054392128040855248e+00 8.625689474154487613e+00
3.688354778337065505e-04 -7.404890223678947336e+00 6.148826620140993571e-01 2.796474113797969147e-02 2.977124210565808227e+00 1.309645128601776243e+01
3.698380710666487057e-04 -7.399675644687713216e+00 6.534339826924102645e-01 2.501335816028073950e-02 3.038520913824559244e+00 9.288204774745826953e+00
3.699117829251347199e-04 -7.396976356081350623e+00 7.518170222257960500e-01 6.307860048896222344e-03 2.622405863066597842e+00 7.411112103601978696e+00
3.690302794180799913e-04 -7.396862210047781439e+00 6.013691918591803631e-01 1.820326994885804531e-02 2.806334363960718115e+00 8.010060042939498359e+00
3.701785284036369591e-04 -7.391255510298154974e+00 7.589172955657585984e-01 1.234694715107705759e-02 2.643475549251985246e+00 8.964873617306910347e+00
3.692549430909417788e-04 -7.391253600602690099e+00 6.725300267593072867e-01 2.327641620368910841e-02 3.026813094615325550e+00 1.187849772892999489e+01
3.683458694618552262e-04 -7.391218549322669418e+00 6.973437097500867488e-01 2.668547209003254567e-02 3.116307653711710479e+00 1.147364306678779222e+01
3.681995320319078851e-04 -7.389115910928826914e+00 5.242468131706781165e-01 2.596275941005416962e-02 3.016131479878674249e+00 1.186842234796393747e+01
3.685448119645683899e-04 -7.385678598112642490e+00 5.568489063638246694e-01 2.733195327455409385e-02 2.943489444598145433e+00 1.408487822140814494e+01
3.692358790531032964e-04 -7.381305230324471722e+00 6.747746666932047388e-01 3.047934190189768161e-02 3.051426246846283163e+00 1.699082704968483881e+01
3.691930615901258222e-04 -7.378921199406044629e+00 7.314590818468771349e-01 1.265692548705828549e-02 2.680910063907365970e+00 8.840775520027850831e+00
3.692171756029898034e-04 -7.376355886083833191e+00 5.773828790177707448e-01 2.239214007328946612e-02 2.819546851287960454e+00 1.015966479370590925e+01
3.686626223712400631e-04 -7.375358985471245354e+00 7.575627161005668020e-01 1.312530320253523647e-02 2.831951022118879724e+00 7.254805641279433281e+00
3.686741080872256264e-04 -7.372827830869790766e+00 6.233113873782228920e-01 2.418675972712961905e-02 3.108124797578942111e+00 8.757609464410482047e+00
3.689477320235807524e-04 -7.369585922390336385e+00 7.685362348942832433e-01 8.387362374159807940e-03 2.713880424503257505e+00 6.683601079566635406e+00
3.688201513251610159e-04 -7.367431778322994340e+00 6.976228569658351475e-01 2.603787914814316429e-02 2.955448472920853664e+00 1.416661314200276856e+01
3.679281392309238330e-04 -7.367353263493813920e+00 6.103567554595976663e-01 1.892072189412078928e-02 2.729197974818332373e+00 8.849618279349749983e+00
3.673278308554970618e-04 -7.366486187354999160e+00 6.749876788463934352e-01 2.791697820502890559e-02 3.092700695062222227e+00 1.582360930887436545e+01
3.671252613305965866e-04 -7.364537807416766668e+00 5.804536305069679658e-01 3.520036871990488841e-02 3.230003370798724571e+00 1.946838357417136223e+01
3.678864392341661769e-04 -7.359966607257371507e+00 8.207460299135557191e-01 1.084324269577864076e-02 2.697865911391330584e+00 7.379958178283692050e+00
3.675201836198073793e-04 -7.358462670206113998e+00 5.536073324290644582e-01 2.364523253409955145e-02 2.970756833982097334e+00 9.986375443179445810e+00
3.672375658239906016e-04 -7.356731951809384107e+00 6.926248527617036022e-01 2.545277734559816749e-02 2.899267804557541961e+00 1.337278351616848937e+01
3.674092357700433189e-04 -7.353764598112873863e+00 6.963836413002281178e-01 1.537892416389316855e-02 2.834238755627090711e+00 6.382485967106704017e+00
3.679047981477949329e-04 -7.349916704750521390e+00 7.588243465549865396e-01 8.872585857737423295e-03 2.610939605083866688e+00 7.027751981855932861e+00
3.672099861890538823e-04 -7.349307054884818946e+00 5.057355055776590058e-01 2.694331552865722457e-02 2.986981648264869449e+00 1.300762645132858175e+01
3.663181108863248331e-04 -7.349238797433694792e+00 6.525142945811757134e-01 2.138864594195588609e-02 2.780752662270002951e+00 9.280714211617874909e+00
3.667793168410913608e-04 -7.345480558083321121e+00 6.406559762923016432e-01 1.667879079761938957e-02 2.680327406380692334e+00 8.096434973985223493e+00
3.666401000642148349e-04 -7.343360195642235411e+00 7.981099369497833829e-01 1.081196279979919350e-02 2.630863751924071181e+00 7.354684120913344891e+00
3.659485802591841267e-04 -7.342748076328882156e+00 6.140196994870203984e-01 3.334059685962396241e-02 3.344319681875896677e+00 1.834189510278560320e+01
3.672860472464069617e-04 -7.336599944011069852e+00 6.802822299771661418e-01 3.061162448862069993e-02 3.084588522345080630e+00 1.679993192369737187e+01
3.663837084553697460e-04 -7.336559740776576355e+00 6.137420546492077245e-01 3.413593195713233303e-02 3.379381001315236333e+00 1.699010309876145186e+01
3.664155591747192040e-04 -7.333972811870457242e+00 6.063042263136891874e-01 2.468211104344147228e-02 2.866481727132855539e+00 1.319923251043289625e+01
3.665628476330993080e-04 -7.331070921558290543e+00 6.009925551854981007e-01 1.992823655031000438e-02 2.840660096473348606e+00 8.122664379798965939e+00
3.662057005531162038e-04 -7.329545709870771475e+00 5.842334770368243779e-01 2.151609729613813277e-02 2.849631569405410403e+00 1.044690990440187051e+01
3.657950647043108419e-04 -7.328167664686589866e+00 7.729020361793865757e-01 1.043528423864182458e-02 2.593629276041988785e+00 7.599145659210003068e+00
3.652979702663215473e-04 -7.327027531326850252e+00 7.341043955634363183e-01 1.856846313924415820e-02 2.931725987282415069e+00 7.154013075434366264e+00
3.664134203987079821e-04 -7.321478648910400011e+00 8.033979353199662832e-01 9.852536890437978839e-03 2.644048890172691735e+00 8.116802968449206901e+00
3.669781607374360656e-04 -7.317438570008822474e+00 7.464087748000383105e-01 1.180240690929215512e-02 2.594809701645511613e+00 7.535280165866409696e+00
3.662163100466514303e-04 -7.317016738885788740e+00 5.671229048807155948e-01 3.029945589932601241e-02 3.169087676937127895e+00 1.646373367586259207e+01
3.664199662792235628e-04 -7.313960784329898601e+00 5.768199557405476741e-01 3.031998356544064743e-02 3.236806436416567401e+00 1.408359330026230616e+01
3.660890344394347002e-04 -7.312364341452005867e+00 5.861511315554401857e-01 3.172498749252703615e-02 3.291191701909426559e+00 1.499623628787296781e+01
3.654898603855578128e-04 -7.311502371723483051e+00 5.641163752560530709e-01 2.412651949184542802e-02 3.001728003863675553e+00 9.979733520260634094e+00
3.651561146893054686e-04 -7.309915935147769162e+00 7.082208326298976564e-01 2.008880985273804251e-02 2.757648550779872920e+00 8.943281764788515886e+00
3.654329377651196337e-04 -7.306658127216945964e+00 6.522921054508473704e-01 1.442825920230029167e-02 2.684482271928161801e+00 7.862341988432664408e+00
3.648607968908363589e-04 -7.305725006307340230e+00 7.838019013800636703e-01 1.655865060310882098e-02 2.732681003892673655e+00 8.284921673932601038e+00
3.662944412620851124e-04 -7.299303414465391882e+00 6.422002427373797451e-01 3.103979524460932088e-02 3.176427900550530481e+00 1.945589066873314010e+01
3.658993930702456650e-04 -7.297882495472768127e+00 7.904458062508343819e-01 1.657896494704323015e-02 2.773784882742270419e+00 8.107079799954071575e+00
3.659173072569044897e-04 -7.295333537347997499e+00 5.701857287742385649e-01 2.650911926650840328e-02 2.952441287761468303e+00 1.219565916404878081e+01
3.651412792862830984e-04 -7.294956563536009853e+00 5.989290353217067153e-01 3.473196270982199796e-02 3.373017071963005264e+00 1.783208791156542361e+01
3.643255589265869581e-04 -7.294693048203918728e+00 7.334067410542166598e-01 1.480942254442169440e-02 2.614513727562015610e+00 8.315745435268031116e+00
3.653602791713160677e-04 -7.289356975789592852e+00 5.318556728944707768e-01 3.353600975262063105e-02 3.173951251559929521e+00 1.929895511628341609e+01
3.654823021566235963e-04 -7.286523051659941075e+00 6.969496586770028701e-01 1.452931913451761120e-02 2.620776858771243667e+00 7.735454677670163370e+00
3.647745412084917060e-04 -7.285961441354396051e+00 7.451363355551290368e-01 2.054762918763402765e-02 2.839579299526917566e+00 1.065598467517194159e+01
3.654273653038976285e-04 -7.281673376263034569e+00 5.545361448726442433e-01 2.963323280286589076e-02 3.055530718977784055e+00 1.465163505931576537e+01
3.671925554306230076e-04 -7.274354524106263042e+00 6.971716960017252385e-01 1.799499512450327549e-02 2.664336051565335595e+00 9.659465839608118998e+00
3.667100620962782239e-04 -7.273169394478263605e+00 5.793703980697512135e-01 2.557017005321494257e-02 3.089727673632943095e+00 1.104310966421980211e+01
3.669874245561382262e-04 -7.269913326812454279e+00 5.879545079575607680e-01 3.399272172713762447e-02 3.287881394782356637e+00 1.690323460996517468e+01
3.676960375544831077e-04 -7.265484296816194565e+00 8.128816080498103558e-01 1.318235341457884777e-02 2.720596193007094321e+00 8.102359743826403005e+00
3.674424412814064861e-04 -7.263674224742528551e+00 5.408659251164384951e-01 3.186584462377804738e-02 3.181710711106281231e+00 1.755841139609115586e+01
3.674251959482337129e-04 -7.261221159271421755e+00 6.510508417500836531e-01 3.145687400153762692e-02 3.234351405178076622e+00 1.409841807465008046e+01
3.667626212330506478e-04 -7.260526078611006184e+00 6.896229320562896614e-01 2.288124524397698242e-02 2.887501133485394611e+00 1.280636897216194292e+01
3.674202078689926647e-04 -7.256234735131639191e+00 5.756083024146390059e-01 3.294488344089182424e-02 3.293096352102778290e+00 1.707358671760981039e+01
3.674110335857888230e-04 -7.253759704900714311e+00 6.392013264396149141e-01 2.749027326589389975e-02 3.230602537413596487e+00 1.046484591196121983e+01
3.685852100758523799e-04 -7.248068988925373546e+00 7.230373361003800126e-01 2.340137372080321188e-02 2.964587957787672146e+00 1.159428426999908091e+01
3.692755041366040623e-04 -7.243697919633181215e+00 5.589919145616034646e-01 2.821691986778496544e-02 2.976282007711675615e+00 1.529936875916228090e+01
3.702475188970299255e-04 -7.238569156795779946e+00 6.161921788469401084e-01 3.410176907753115216e-02 3.374040854343784979e+00 1.805377789873952921e+01
3.708941268684225905e-04 -7.234324259206648122e+00 6.475617500651820180e-01 1.711933332996744273e-02 2.692839152403196934e+00 7.987382200925423170e+00
3.729556615217248863e-04 -7.226281366102062620e+00 6.547233031120109903e-01 2.288317649944551085e-02 3.012510958818483964e+00 1.145276164936915997e+01
3.726555247861117583e-04 -7.224586441877038467e+00 5.691037485519563344e-01 2.152348553042840451e-02 2.833877810743379744e+00 1.003645992810285925e+01
3.718030055154879459e-04 -7.224376749821892041e+00 6.250471795829003474e-01 1.956088166494129518e-02 2.936967457234197720e+00 8.158099526169223736e+00
3.712408054041442594e-04 -7.223389985543295921e+00 6.207702857575443378e-01 3.167944970122590215e-02 3.057886001698035816e+00 1.736848295980686885e+01
3.705460286447527203e-04 -7.222763237886606014e+00 5.987907290103750002e-01 2.073656255539120183e-02 2.837908977564462809e+00 1.009927425258288203e+01
3.700149911134249445e-04 -7.221697387425077608e+00 5.540225683830019010e-01 3.154295069853591676e-02 3.089898240952084763e+00 1.942341431064580703e+01
3.699076027776579683e-04 -7.219487656535407361e+00 5.590786106316619763e-01 2.684877786259998525e-02 2.953770577737472980e+00 1.293434608771047323e+01
3.700471769741924921e-04 -7.216610405919535509e+00 5.847800040778986519e-01 2.808168974770506102e-02 3.172545067146956832e+00 1.310174886984027154e+01
3.694896397406410762e-04 -7.215618207361135461e+00 5.773036694800187663e-01 3.116810217059035049e-02 3.040749661421246142e+00 1.932414376917314058e+01
3.693387301361149592e-04 -7.213526717951086908e+00 7.643584091428057281e-01 1.693983037779553738e-02 2.829659543163504765e+00 7.276778570909693933e+00
3.697466563261386265e-04 -7.209922850281888174e+00 7.968369406680032574e-01 7.573389701696726581e-03 2.645071998333423657e+00 7.420474407959023466e+00
3.693237856218998518e-04 -7.208567181664621515e+00 6.023028636712186579e-01 2.310131289634245744e-02 2.815935960997190790e+00 1.126950657323629734e+01
3.684725955775389520e-04 -7.208374567397855870e+00 7.675839431735539398e-01 9.406647622690181287e-03 2.715553427343548876e+00 7.443756306744104378e+00
3.690083342035860173e-04 -7.204421679062301465e+00 6.272410165860300424e-01 3.413732760173415065e-02 3.180238035232584970e+00 1.842965659046225468e+01
3.697143600270658224e-04 -7.200010201199326332e+00 7.312681100789164557e-01 1.595182068513185600e-02 2.778544274427201088e+00 6.796285941714945267e+00
3.688799055084383762e-04 -7.199769777024929596e+00 7.635770089998733523e-01 1.874834382723572848e-02 2.773120566575775214e+00 9.535710125055892661e+00
3.702496655460560501e-04 -7.193563358937075769e+00 7.004493358302492645e-01 1.975384892434750572e-02 2.732252983938706858e+00 1.088717715463714164e+01
3.693551894948656844e-04 -7.193482154544472706e+00 7.187821066809805259e-01 2.333197852204313069e-02 3.002427972828791702e+00 1.120982590722559280e+01
3.698490505738898592e-04 -7.189645957791981346e+00 7.604005788594779824e-01 1.146359842046160323e-02 2.695549347647933303e+00 6.602943727505655502e+00
3.690694738445690778e-04 -7.189256006444986191e+00 6.055473816174785640e-01 1.884243424414173626e-02 2.798918393887316114e+00 8.940566287830389314e+00
3.703853588502792837e-04 -7.183196934716588267e+00 7.576298239289011027e-01 1.134691845199031594e-02 2.642516952479597947e+00 8.634812407491757824e+00
3.705619244387151848e-04 -7.180220340508713939e+00 5.620904181771871899e-01 3.463757169134708963e-02 3.276000360796409883e+00 1.911371446370024429e+01
3.702058986671839325e-04 -7.178681575021982120e+00 5.897332157143611031e-01 3.129685285271210232e-02 3.028977653348596810e+00 1.874540680784863866e+01
3.712959481622420815e-04 -7.173241460213254150e+00 6.185125887859898031e-01 3.448515121294040697e-02 3.361936243983467243e+00 1.978903843755705694e+01
3.715637555474548886e-04 -7.170020442784315051e+00 5.651736058069792845e-01 2.370093345116532427e-02 2.959523989847365755e+00 1.084361368517414448e+01
3.714494286256626735e-04 -7.167828181395503151e+00 7.068756253933149436e-01 1.652616374959771373e-02 2.792368279211574489e+00 9.548886802138039087e+00
3.705941828501834769e-04 -7.167633291609917912e+00 5.613491735467748267e-01 2.993987359379924121e-02 3.181228777379094375e+00 1.423801399019068370e+01
3.707321737548761290e-04 -7.164761010481488057e+00 7.752291655947882720e-01 1.134823988432829764e-02 2.752882778504400108e+00 6.622834942427561877e+00
3.698352956510913355e-04 -7.164683149123315609e+00 7.844236243209291581e-01 6.642615969981529277e-03 2.619904013885750338e+00 7.455187136473074183e+00
3.695505827719114140e-04 -7.162953282558540913e+00 6.441557583063224346e-01 2.540654747327984742e-02 2.960133795115919675e+00 1.044290026778094038e+01
3.721206022882397164e-04 -7.153522907334008529e+00 5.793261605042949736e-01 2.542026034000949980e-02 2.956275948243405782e+00 1.317593221582409058e+01
3.719803624269911956e-04 -7.151399845060365301e+00 5.602373850104718223e-01 2.878525084924592192e-02 3.008563892043891741e+00 1.455301130254976805e+01
3.766085472370729950e-04 -7.136534597003056035e+00 7.596694063083178072e-01 1.072328021601971770e-02 2.604956129826703215e+00 7.378104656802484840e+00
3.758323155891915958e-04 -7.136097834026977615e+00 6.038759957219527186e-01 2.183182310665962925e-02 2.825339191767679559e+00 1.102258196765435372e+01
3.751402781431155712e-04 -7.135440877695266693e+00 6.764030769000092258e-01 2.880952890830567464e-02 3.192085668093270101e+00 1.403648325514767414e+01
3.759931425750909781e-04 -7.130670003373982269e+00 6.806922355434021910e-01 1.416200362417080645e-02 2.714337658942953091e+00 6.783297151866920949e+00
3.757761207293935251e-04 -7.128747366302525812e+00 5.835592010772852056e-01 2.924683813752889175e-02 3.060891399594402262e+00 1.710057237291406906e+01
3.751173249350445355e-04 -7.128002065234014140e+00 6.498994324872570116e-01 1.679285542908467987e-02 2.859173905173868047e+00 7.505857878857320031e+00
3.772419898248603157e-04 -7.119854044411452421e+00 7.733355940480011181e-01 9.629680989516024511e-03 2.610472819137220846e+00 7.343630450774208285e+00
3.763844133188822189e-04 -7.119629911797622945e+00 6.332668963375202020e-01 2.157388039143354544e-02 2.879647795154146372e+00 1.122850152269152169e+01
3.775277175728459296e-04 -7.114096918737666364e+00 6.941075767198787716e-01 1.213086399436952810e-02 2.610160693452270309e+00 7.817874966909308831e+00
3.770939274645302547e-04 -7.112746607880431782e+00 6.627811097353507597e-01 1.527940333384666602e-02 2.742003276764395370e+00 8.398979595599945114e+00
3.770283225840133845e-04 -7.110420597921641495e+00 7.385511472005957812e-01 2.032870825513577104e-02 2.802934049087786761e+00 1.067184354264887958e+01
3.765171184994666820e-04 -7.109277395096966323e+00 5.367682879720778732e-01 2.868336348182318196e-02 3.075224441266676045e+00 1.398883247992494105e+01
3.774641220276155409e-04 -7.104265385579413561e+00 7.626620084218351803e-01 1.519941964916115759e-02 2.810504006259276544e+00 8.657421381554870621e+00
3.790174755187900816e-04 -7.097658595197692044e+00 7.683934737986095609e-01 1.433298564083489157e-02 2.635662240583888760e+00 8.542886087937930029e+00
3.801182026060245496e-04 -7.092258644924366529e+00 6.673350461258680255e-01 3.123082608335130475e-02 3.116639177583659048e+00 1.946038142421228656e+01
3.793788502197443114e-04 -7.091705598153692947e+00 7.117167326755146073e-01 1.461881712867526759e-02 2.848523304813091350e+00 6.437892486020277971e+00
3.808829622436510549e-04 -7.085248766542060039e+00 7.156808981781178636e-01 1.492181572071768318e-02 2.623433041685285794e+00 9.033953790003216966e+00
3.808350098888692325e-04 -7.082874672340798483e+00 7.809546135153898616e-01 1.459995512806230855e-02 2.660974767634997296e+00 8.726546290048290189e+00
3.828966760258357082e-04 -7.074975731370110488e+00 6.506546316950546638e-01 2.845179231186042990e-02 3.049110936148514028e+00 1.266510071243278190e+01
3.821796746712929145e-04 -7.074350058197227398e+00 5.583918631294640944e-01 2.699195374532629976e-02 2.957270466085360816e+00 1.361363459050837044e+01
3.817008836629181829e-04 -7.073103633945032165e+00 6.958624063298599616e-01 2.607318882685224354e-02 3.005507398405700581e+00 1.400273089514625724e+01
3.826058889831144985e-04 -7.068235459867439729e+00 5.875216372513979435e-01 2.606741517406950537e-02 2.995643127340019696e+00 1.369138916127148065e+01
3.834651732017203157e-04 -7.063492105115135367e+00 6.851712384393250366e-01 2.833737753497965473e-02 3.157343292925578915e+00 1.342815864275369719e+01
3.845350894627032811e-04 -7.058205864002586871e+00 6.384737178350231579e-01 2.327802032581485076e-02 3.086335172708657204e+00 1.012847900335978046e+01
3.837163393366743573e-04 -7.057837328794740017e+00 6.470580368057359255e-01 3.435387708193188283e-02 3.296827788558822192e+00 1.774996192810522189e+01
3.832949314204630079e-04 -7.056436159997567792e+00 6.368323867733411969e-01 2.844845247729499774e-02 2.964678281388990477e+00 1.665847987872831482e+01
3.839601387253652643e-04 -7.052202166968492669e+00 6.133373068152080387e-01 3.122098192417886373e-02 3.207795262105907597e+00 1.863002067676905682e+01
3.837099250828270545e-04 -7.050354045068724318e+00 6.562661041632691372e-01 3.458021990569996179e-02 3.257380765157061209e+00 1.909767995941257723e+01
3.830485156615981478e-04 -7.049579254861352950e+00 7.684989949343727922e-01 1.312743890050585387e-02 2.645310539931634342e+00 7.461258269017203126e+00
3.846496006391286401e-04 -7.042908117105791455e+00 5.835530560172352832e-01 3.225333304225101033e-02 3.274771220575796615e+00 1.552444686875412749e+01
3.844202370092850369e-04 -7.041004587349234178e+00 5.548692363611188449e-01 2.914360766840169009e-02 3.043614353805613959e+00 1.612725862497493523e+01
3.846659804397012318e-04 -7.037865534319282190e+00 7.593580824213099767e-01 1.341856319005120014e-02 2.637321205058621665e+00 8.944931446690331356e+00
3.874132151291130089e-04 -7.028249046012100543e+00 5.738791511567372661e-01 2.182853652434724179e-02 2.851778238153558576e+00 9.716103841583739964e+00
3.872936662110134732e-04 -7.026057676080915471e+00 7.113621159593159771e-01 1.289797517303114052e-02 2.790273874440527546e+00 7.418925140116459538e+00
3.864829491784329586e-04 -7.025653157678867444e+00 7.766146277756580396e-01 1.165275111976915232e-02 2.648811196204766460e+00 7.154232430111052032e+00
3.860661511595832904e-04 -7.024232177922647757e+00 6.024503529409928060e-01 2.879768230308963825e-02 3.144821452822215591e+00 1.559318307305261087e+01
3.870877748238359941e-04 -7.019089433122388755e+00 7.546908069776601113e-01 7.243614354328698109e-03 2.629653636697002916e+00 7.162574051862956814e+00
3.866523618427504484e-04 -7.017714909251683508e+00 5.484906687582336016e-01 2.667084726856564988e-02 3.036223390803728606e+00 1.229351516106713582e+01
3.861941777684484763e-04 -7.016400614574792804e+00 7.884446602224512990e-01 1.302075504260567437e-02 2.747472988193815358e+00 8.222065311567908097e+00
3.852364720721640295e-04 -7.016383549854851687e+00 6.292240166387913503e-01 2.753160634090889500e-02 3.158305152788755787e+00 1.064436604758560456e+01
3.843023727990611468e-04 -7.016311236873122859e+00 6.012485831152293292e-01 2.038439318816891166e-02 2.856639681248800855e+00 8.407532228948197073e+00
3.836446534319245508e-04 -7.015524166295309172e+00 5.704461416055793821e-01 2.501487572424307415e-02 2.912528085963344004e+00 1.248568021983955845e+01
3.841390426756552488e-04 -7.011736331415339585e+00 6.565160521882321687e-01 1.637408215040637646e-02 2.676005991640289849e+00 8.846115416093521588e+00
3.844419395722957402e-04 -7.008448133634448851e+00 5.788929278035634951e-01 2.625430822589337396e-02 3.036942264824527449e+00 1.100418174960167406e+01
3.836783009940774084e-04 -7.007936465120778280e+00 5.501570687626287093e-01 2.697338504749017402e-02 2.975897039074852923e+00 1.345227288915075015e+01
3.838403367272369524e-04 -7.005014232415009090e+00 6.552078257544950990e-01 2.233178793557758293e-02 2.815959938264365192e+00 9.738051543639253183e+00
3.830673653890314333e-04 -7.004530046307137603e+00 5.830611232129901955e-01 3.055630457364183830e-02 3.066969185725938019e+00 1.872117238842140807e+01
3.838181063639655582e-04 -7.000072149743944649e+00 7.021364976688838633e-01 1.885687307651090494e-02 2.870234884909129924e+00 7.188762059890860812e+00
3.847507928649807562e-04 -6.995145075320820638e+00 6.100179780171866017e-01 3.021629943728364187e-02 3.265121375215881638e+00 1.284817888783983975e+01
3.847923626897934660e-04 -6.992537037650543574e+00 7.199077958219246565e-01 1.444084638969340625e-02 2.684862523938147838e+00 9.233786227716063166e+00
3.841695551220951702e-04 -6.991656903834956083e+00 7.264671378933886814e-01 2.269690096481665614e-02 2.950202447234629322e+00 9.630140513961411131e+00
3.835660733130997384e-04 -6.990729012542534981e+00 5.441656556442133752e-01 3.025180452891221977e-02 3.118487164269466483e+00 1.547963453426665481e+01
3.827334787243502102e-04 -6.990402039824527236e+00 6.016872700799900109e-01 2.485094683320772727e-02 2.903243078685590284e+00 1.105907463709408667e+01
3.832745434581248732e-04 -6.986489352729645219e+00 6.326827668424392925e-01 2.307963079716421340e-02 3.095065910461868519e+00 8.645143121626599481e+00
3.828186975500469597e-04 -6.985179406204796493e+00 7.299324110386793407e-01 2.226183794514300859e-02 2.920685131294135317e+00 1.103935949346034207e+01
3.844810090197626324e-04 -6.978346512405508406e+00 6.959273983220360948e-01 1.551060438070887663e-02 2.726145677098179121e+00 9.279840275939566396e+00
3.843127880145031944e-04 -6.976284135624093885e+00 6.559053436726657305e-01 1.716373231392178192e-02 2.682305477963025986e+00 9.139681462910731469e+00
3.840168640894766109e-04 -6.974554440242300757e+00 6.241188649834795710e-01 2.920386277752013218e-02 3.075490376122207881e+00 1.774945667984014008e+01
3.843577353877229317e-04 -6.971167187277821142e+00 5.442366144186695509e-01 2.813277652777640761e-02 3.059832434848826388e+00 1.381001962621256673e+01
3.834471276218837945e-04 -6.971039165463045251e+00 5.523203378122457652e-01 3.023897002394832639e-02 3.124299145570260894e+00 1.635605237870735351e+01
3.832368533584827965e-04 -6.969087694645574871e+00 6.869229529014833080e-01 1.608025265901783310e-02 2.855822592833805906e+00 6.580359758091589129e+00
3.828320020654704583e-04 -6.967644652718830045e+00 6.401577543567833484e-01 2.463095061119203663e-02 2.848884460867885160e+00 1.246078758276354215e+01
3.844674835685760682e-04 -6.960881691487903034e+00 7.261187367459006614e-01 2.077571619450166787e-02 2.795013554026263058e+00 9.684986579684284891e+00
3.836299258896292579e-04 -6.960562555530921180e+00 7.040637995263010485e-01 2.274244338588841605e-02 3.018105290159771137e+00 8.601953571456171233e+00
3.832521135197465502e-04 -6.959047876300043178e+00 5.880420028262577370e-01 3.234523457207780228e-02 3.065087931601005344e+00 1.963707351690051794e+01
3.827915665778747873e-04 -6.957750280312572144e+00 6.384517500928278411e-01 2.663552444029351415e-02 3.121053780447319959e+00 1.013998675406338457e+01
3.825098209176713035e-04 -6.955986580226658056e+00 6.019356760196422629e-01 2.205396357144622996e-02 2.808366557299502908e+00 1.034971447679038725e+01
3.819824880872644559e-04 -6.954866143913120524e+00 7.131125109681795138e-01 1.737650212398694771e-02 2.664597166982304088e+00 9.176453969407530664e+00
3.825819620406473967e-04 -6.950797998608618578e+00 7.864417677328031653e-01 8.398263465104468389e-03 2.658640847242514482e+00 7.219206228058536290e+00
3.833982807660726269e-04 -6.946166562342116713e+00 6.943745894660032780e-01 1.460153574825357771e-02 2.627960115789185647e+00 7.889518585402681694e+00
3.837432548782343240e-04 -6.942767186882996988e+00 6.312788706819514317e-01 2.859057931513448933e-02 2.987550324293746229e+00 1.708721994272589484e+01
3.841908459500247854e-04 -6.939101484977086010e+00 8.001261665923737887e-01 1.234312288595559165e-02 2.742415481867455984e+00 7.241428308888664844e+00
3.848268767005441431e-04 -6.934947346517567723e+00 6.538172362027322437e-01 3.129474379333421763e-02 3.230880231648046497e+00 1.785323139441579343e+01
3.838660307453234020e-04 -6.934947295317235749e+00 5.910905464194723402e-01 2.110822589068011082e-02 2.883552614859300256e+00 9.502110884384485701e+00
3.879053843507458579e-04 -6.921979453645645819e+00 6.866823965622252945e-01 2.258686936302355813e-02 3.027593055364588448e+00 8.204442464091814102e+00
3.919348702659769903e-04 -6.909145230059594134e+00 6.822274068642402156e-01 1.836828298758602651e-02 2.697852839975492856e+00 1.008481980557339241e+01
3.931644645668154556e-04 -6.903512899533679636e+00 6.734859762811544748e-01 1.361021504233880103e-02 2.727746428993095051e+00 6.946060977819750626e+00
3.929446255709384724e-04 -6.901572208678854459e+00 7.603709539011099805e-01 1.100341746668478601e-02 2.693055987175680066e+00 6.702513214762727323e+00
3.929429700865126585e-04 -6.899076421709913198e+00 7.994286605299522064e-01 1.089584591658423508e-02 2.652648451722914302e+00 7.525990596130703203e+00
3.922387256398572239e-04 -6.898370260357287620e+00 6.143000300312250195e-01 3.064832418608133546e-02 3.017919183636754710e+00 1.837339607986605827e+01
3.914789506634338873e-04 -6.897809160646044546e+00 6.731886806654197031e-01 2.970476826501772250e-02 3.106977695097129732e+00 1.725231963203024321e+01
3.908816967995798280e-04 -6.896835960292253986e+00 5.827627237380309522e-01 2.762994946005718072e-02 3.109624229279317476e+00 1.172228145711608427e+01
3.902251968734917506e-04 -6.896016908408287627e+00 7.853980708887314810e-01 1.100974440779578858e-02 2.652633307749246327e+00 7.243547420496994071e+00
3.904377811291071866e-04 -6.892972283475738315e+00 6.160485838712105311e-01 2.735992062333177446e-02 2.955988204358536819e+00 1.554420384256762055e+01
3.908036900028051693e-04 -6.889535546464264471e+00 7.826504914600016516e-01 1.633667759682465651e-02 2.810548358462609642e+00 7.854770723426073076e+00
3.907315099583391843e-04 -6.887220259947866019e+00 5.972705255730638152e-01 2.763808705814644467e-02 3.181230339062575130e+00 1.220307037018829099e+01
3.901174100060414798e-04 -6.886293163651015625e+00 6.759490426160134069e-01 1.835524379344271456e-02 2.908464988299697129e+00 8.977037804282732125e+00
3.917098881030157834e-04 -6.879719424340210665e+00 7.489394960963337011e-01 1.526397505153235037e-02 2.857551283945193532e+00 6.768911446709706681e+00
3.918262570379170049e-04 -6.876922389068818475e+00 5.871643098893575274e-01 3.256739306111154642e-02 3.094696051391017999e+00 1.861732630859838267e+01
3.927603545439969446e-04 -6.872041267765879979e+00 6.453157063227478174e-01 1.675943273946195813e-02 2.780728018196850115e+00 7.336847202915782518e+00
3.923097313239514577e-04 -6.870689250035603379e+00 7.526941773900225341e-01 1.323923574303879393e-02 2.822273924815736912e+00 6.779631276457103617e+00
3.941781586945343127e-04 -6.863437922242029643e+00 5.541232401629638815e-01 2.911820999855782577e-02 3.081081974291404180e+00 1.423349235962667336e+01
3.933478163783959828e-04 -6.863046659350683143e+00 6.485559862678960119e-01 2.734405862341255516e-02 3.061263462593425633e+00 1.131778415673590921e+01
3.929129618756087663e-04 -6.861652792478910357e+00 5.488973972625619258e-01 3.235771817730810629e-02 3.157912418480365080e+00 1.865458825296909495e+01
3.935512840690003240e-04 -6.857529521397358607e+00 7.971144739290199066e-01 1.440272237611959702e-02 2.760926293555624689e+00 7.678182630427233590e+00
3.931816761759061082e-04 -6.855969123368968354e+00 7.715731314153432274e-01 9.062692060982877398e-03 2.648355566395077076e+00 7.070687231956373608e+00
3.924275253341287257e-04 -6.855389037422882303e+00 6.163221189091780960e-01 2.212012716137821966e-02 2.800224979006532777e+00 1.057242616658799150e+01
3.916206207835722466e-04 -6.854947341723278242e+00 7.940148500449751845e-01 9.767243695788558819e-03 2.662284007599288405e+00 7.281952636573047144e+00
3.912647231134416294e-04 -6.853356536658198550e+00 7.558551471987022818e-01 1.023999843128807659e-02 2.629872039510593673e+00 8.200921602107273500e+00
3.906459708360374410e-04 -6.852439204375491144e+00 6.769542064484754817e-01 2.054946564599826470e-02 2.978971740753407538e+00 7.397190866080025629e+00
3.901365986045632903e-04 -6.851243978133704893e+00 6.671265908565284786e-01 3.144733699871440913e-02 3.134991269561847371e+00 1.920483960323823069e+01
3.900019636408875263e-04 -6.849089134677756263e+00 6.789546491643350112e-01 2.669880927371803478e-02 3.123229650918821321e+00 1.333299977517759238e+01
3.919558019741050010e-04 -6.841591825397771665e+00 7.857783686090634712e-01 1.133885077933081791e-02 2.749129901351154093e+00 7.087143635282313170e+00
3.922345950882936776e-04 -6.838380791120948210e+00 6.584453004370651730e-01 3.057334667471676634e-02 3.098974375610590748e+00 1.516675993934403444e+01
3.928758814960294312e-04 -6.834247169944107192e+00 6.161791159644484095e-01 3.158869215098810551e-02 3.068506587642644945e+00 1.726868835160583160e+01
3.939180329829457933e-04 -6.829098059224758543e+00 6.497932242555582993e-01 3.380793803726269559e-02 3.257939544171339463e+00 1.751967729847917710e+01
3.930105943488608239e-04 -6.828904339628810050e+00 7.322739902970146764e-01 2.066087588778178774e-02 2.799654780029395162e+00 9.988361514255540641e+00
3.937949251197537972e-04 -6.824410629591737276e+00 6.636835460475806192e-01 3.047285435927910013e-02 3.193619808554759576e+00 1.701488625154907197e+01
3.930384890374294350e-04 -6.823833365209607038e+00 6.109214514424640141e-01 3.340660157551891829e-02 3.346938436106618120e+00 1.688762635517755939e+01
3.923598046429369718e-04 -6.823061620972019625e+00 6.387737771452342006e-01 2.365567228920601936e-02 2.831534346342960973e+00 1.129697121585982700e+01
3.949853006699457418e-04 -6.813892358050538611e+00 6.496998998018669313e-01 1.653117665002521580e-02 2.821087702868807501e+00 7.714582975353340366e+00
3.943836166642709657e-04 -6.812916826797633441e+00 5.905691424913629417e-01 3.299090789438304666e-02 3.288848915486682678e+00 1.827970850863498953e+01
3.934787273460087827e-04 -6.812713902481050354e+00 7.236344950754322047e-01 1.474383044431637133e-02 2.632675132829315423e+00 8.963401505165963457e+00
3.925148528497474239e-04 -6.812666530603523007e+00 6.082066359835411884e-01 2.433743355525154473e-02 2.890854159096623466e+00 1.270223449809289207e+01
3.927014015645672088e-04 -6.809691378141300433e+00 6.282730620197396476e-01 2.064455858067654193e-02 2.804767104649145804e+00 1.056661796679672527e+01
3.934571564133189803e-04 -6.805268725073695180e+00 7.975752356402765475e-01 1.016652212791054923e-02 2.671325427698898913e+00 7.711087808047627057e+00
3.932342753609818016e-04 -6.803335353994000911e+00 6.842982074249557289e-01 2.065002891180579489e-02 3.052910207049169156e+00 7.832327490022622740e+00
3.923646237389503272e-04 -6.803049338708750504e+00 5.912854101283981922e-01 2.093297109269966899e-02 2.843600259108796990e+00 9.298189334225375191e+00
3.914795714605297998e-04 -6.802807574873438234e+00 5.617106642290040641e-01 2.707834985577462980e-02 3.004146440156421516e+00 1.276783965620579409e+01
3.910755571511482479e-04 -6.801340126652876350e+00 7.776069829621042873e-01 1.423367938957285916e-02 2.740607848435542060e+00 7.135311506630057643e+00
3.925225039532465043e-04 -6.795147038273807283e+00 7.022251860621134822e-01 2.043390271408151992e-02 2.821769085441987457e+00 1.131362113721623075e+01
3.922198703101010251e-04 -6.793418332568785800e+00 7.335063728964544838e-01 1.977942411502961809e-02 2.972173439444239840e+00 8.258090334504611718e+00
3.919644227797201581e-04 -6.791569831308731153e+00 6.943085140793850973e-01 2.157889841903248493e-02 2.809895259339788787e+00 1.172044736473209170e+01
3.913378570541619717e-04 -6.790669637348683452e+00 6.059446062734531457e-01 2.700575796063200279e-02 3.176898590371878939e+00 1.155134516090757657e+01
3.903685617963770379e-04 -6.790649585654557896e+00 5.865540325069074079e-01 2.553004647321214723e-02 2.983923074969274225e+00 1.292497698981573606e+01
3.896212120223430846e-04 -6.790065892836588013e+00 7.318533709157775125e-01 1.832143525788132096e-02 2.915323007722299575e+00 7.237882872503919707e+00
3.888319126592231162e-04 -6.789593759662673200e+00 6.284090359880015741e-01 2.995136131013683908e-02 3.045377243509640230e+00 1.868396171510578085e+01
3.889064642700717210e-04 -6.786902045808021811e+00 5.726154354330971197e-01 2.861821079080410432e-02 3.126736668274041619e+00 1.292634906624904012e+01
3.883054243903174066e-04 -6.785948702539181809e+00 6.055535471351886079e-01 2.942345139244333801e-02 3.001599977842389855e+00 1.575270232830843575e+01
3.890731181913676968e-04 -6.781473618307860107e+00 7.111880773686868329e-01 1.946597883171765145e-02 2.759287267065599458e+00 1.077147897012086020e+01
3.887084123971495573e-04 -6.779911428751036695e+00 7.181744909148437550e-01 1.713343612023392193e-02 2.671666552693292562e+00 8.733476997267541009e+00
3.890117667351289800e-04 -6.776631316928036775e+00 5.995715954090273803e-01 3.236696344587376012e-02 3.278891973396673265e+00 1.523116697084811832e+01
3.884638440932174390e-04 -6.775540808685698302e+00 7.294672570797177125e-01 1.573676239887308176e-02 2.754347498426133356e+00 6.984874812803605337e+00
3.880487013221216828e-04 -6.774110058147537750e+00 6.513976455517049846e-01 1.826311921025656343e-02 2.843565521512153804e+00 9.097987673962954602e+00
3.896808565698642963e-04 -6.767412821132968936e+00 6.911761092446995214e-01 2.363072848928721853e-02 2.975372617825061461e+00 9.279073507390231512e+00
3.922412667545606478e-04 -6.758363781888196087e+00 6.995353053150448197e-01 1.501439180883210218e-02 2.844811130393112286e+00 7.681303598737894589e+00
3.927868368494593612e-04 -6.754473843922339071e+00 6.625697700752958275e-01 3.165377695190449425e-02 3.217460507999197361e+00 1.792457002981330660e+01
3.927732436497145146e-04 -6.752008451586561932e+00 6.624361898047966823e-01 2.058315490084424229e-02 3.014927388524357710e+00 7.509515026916295355e+00
3.920283342411791079e-04 -6.751406790359628651e+00 7.504851574648291335e-01 1.543072031702324813e-02 2.723717953081318477e+00 9.401052337035443074e+00
3.911041019638365995e-04 -6.751267138785282285e+00 5.742562840773737243e-01 3.177318187850925596e-02 3.129609373839342457e+00 1.944592420994116466e+01
3.905698096222102642e-04 -6.750134185623902106e+00 7.580273048711863026e-01 1.738159028027205094e-02 2.889503675928796866e+00 8.155085688146023415e+00
3.902183672748720379e-04 -6.748534410246847415e+00 7.946617164262724797e-01 1.143225158078022864e-02 2.728284626154729775e+00 7.408078742698173791e+00
3.909210795392345939e-04 -6.744235211763677462e+00 5.599122393917047580e-01 3.148400680764612547e-02 3.123342605031117714e+00 1.686343964756180824e+01
3.907619754314655748e-04 -6.742142292636046363e+00 6.315594773802001294e-01 2.410838839067153475e-02 2.983934926987273695e+00 1.247778362414938513e+01
3.907870702882326698e-04 -6.739578074384064976e+00 6.013443743713754452e-01 3.218861897307504633e-02 3.279463464041283416e+00 1.755058969498240984e+01
3.944335696018974103e-04 -6.727790174035606086e+00 7.143558512348280320e-01 1.400720607805847756e-02 2.688377454746183837e+00 8.913025904477585470e+00
3.937359882299729889e-04 -6.727060304706450999e+00 7.590458195311119427e-01 1.642145662483019547e-02 2.809450844813546677e+00 9.072326549633920934e+00
3.933713693486375561e-04 -6.725486782915319317e+00 6.589724686494121686e-01 2.553085861682139260e-02 3.113940417787532944e+00 1.248390094197814726e+01
3.930579658408888625e-04 -6.723783811994259452e+00 6.752424978405047185e-01 1.356752347949512216e-02 2.737609784303164595e+00 7.205314838635079155e+00
3.921680258119215326e-04 -6.723550523538373014e+00 5.885805916255100190e-01 3.056911752045986946e-02 3.158458783889352084e+00 1.425558324378469877e+01
3.916695496684390542e-04 -6.722322410026784212e+00 7.719299286289820206e-01 1.278070565188877891e-02 2.755488082712842512e+00 6.807309178013143836e+00
3.907413554348114710e-04 -6.722195062716084912e+00 6.537494067787577023e-01 2.125792628269411108e-02 2.775060470668639923e+00 1.109365189867135193e+01
3.899758787578132941e-04 -6.721656020893430394e+00 7.667969724643179941e-01 1.319337547705147669e-02 2.804545500504735056e+00 7.384932270682398325e+00
3.899484470563169204e-04 -6.719226365414302293e+00 6.179780303332750302e-01 3.038921740686501005e-02 3.064883298189644556e+00 1.905672072840436115e+01
3.894099246515984099e-04 -6.718108329116687649e+00 6.941100267539469515e-01 2.689128904708322845e-02 3.090476142037389184e+00 1.227226407216119775e+01
3.889852418997027462e-04 -6.716699504427851686e+00 7.041227125549169852e-01 1.582834233522042652e-02 2.898674234274525308e+00 7.067680896217171771e+00
3.897410225498136138e-04 -6.712258434961176690e+00 7.262639272262852996e-01 1.104725367376410347e-02 2.727776745098638322e+00 6.682188440283431063e+00
3.895149364076453649e-04 -6.710338696545099069e+00 6.488369388137263938e-01 2.591460150939064663e-02 3.065916078999690875e+00 1.374629379694166964e+01
3.889403480252601945e-04 -6.709314923884606152e+00 7.594228045837334573e-01 1.198690785367849745e-02 2.617378827825829646e+00 7.804393270550396444e+00
3.893033328082851313e-04 -6.705882093157454982e+00 7.070411177134741099e-01 1.245827540579395008e-02 2.695452541350720210e+00 6.776975835461502840e+00
3.894799492301974581e-04 -6.702928523007676276e+00 6.205044569780019392e-01 3.057031592755812127e-02 3.228210253881799829e+00 1.682443426632902472e+01
3.891801687736406090e-04 -6.701198513570792770e+00 7.192722507572438806e-01 1.419000533102251702e-02 2.743787988884113904e+00 8.692528449569298488e+00
3.897014760379232745e-04 -6.697359908801766792e+00 6.231698619691453667e-01 3.272500140687339965e-02 3.277803595324171759e+00 1.931241016325418158e+01
3.894857372701320593e-04 -6.695413662173534952e+00 5.827812488510671907e-01 2.937727742987548962e-02 3.028596640394466633e+00 1.518634546654712025e+01
3.906073867452442916e-04 -6.690037979223530051e+00 6.435511582660387031e-01 2.218783169404599243e-02 2.797337415272698635e+00 1.037129090182177649e+01
3.907351954857131936e-04 -6.687210827614198827e+00 5.573915333884107426e-01 3.033273093027255563e-02 3.122195761145800663e+00 1.587848588912099501e+01
3.907223545470056634e-04 -6.684743691686488631e+00 5.966917953252708351e-01 2.490463931593953767e-02 2.896889593673666052e+00 1.182750758042059402e+01
3.913977171264147086e-04 -6.680516686405004734e+00 6.350785581044202655e-01 2.399594710748398363e-02 3.001549334244859590e+00 9.132294670750157550e+00
3.905663650143074224e-04 -6.680143005105116494e+00 5.996925152404533055e-01 2.524483022174622143e-02 3.005170454410255321e+00 1.264389984958304147e+01
3.900624442365050511e-04 -6.678934069031603471e+00 6.351938431736366963e-01 2.662816203484754882e-02 3.188950710298518842e+00 1.025009309807964364e+01
3.891865244681296486e-04 -6.678682182721737526e+00 6.378526121347286582e-01 2.176599818625723354e-02 2.932987777680217345e+00 1.079396119324534808e+01
3.887638036540058965e-04 -6.677268938110731078e+00 5.925769733710842813e-01 3.213475202957039728e-02 3.159496459593893469e+00 1.628002420533674055e+01
3.886343134184405668e-04 -6.675102075621405895e+00 6.557581858182687240e-01 1.951723911486447430e-02 2.773832078569546056e+00 1.042884192515443509e+01
3.900155253057771879e-04 -6.669054361957739374e+00 6.505729867757645835e-01 2.982161890550268785e-02 3.184652954131056646e+00 1.673541183438749158e+01
3.891678789266350821e-04 -6.668730092880444715e+00 6.590147636207204229e-01 2.110069701560427641e-02 2.759724313650817606e+00 1.055898695526971309e+01
3.931147538234598345e-04 -6.656139345056540257e+00 7.150381671029667485e-01 1.351089469267388772e-02 2.618555829982650796e+00 8.335600482378335840e+00
3.944628111897496413e-04 -6.650216041136604694e+00 7.153295399751851136e-01 1.258563184734204539e-02 2.655489117829521017e+00 8.422556547681718797e+00
3.955200496292386064e-04 -6.645039428457728548e+00 6.004325340782513676e-01 2.671788507229332782e-02 3.115382688670421008e+00 1.265699697537021962e+01
3.949623870526217280e-04 -6.643950371049879067e+00 7.587967712834779999e-01 1.162669402336321406e-02 2.749539875203554917e+00 7.575733168145340812e+00
3.943385052384257403e-04 -6.643031217974589175e+00 7.014003957655836619e-01 2.353331822937853798e-02 3.003542043753407498e+00 1.174796243428445841e+01
3.955351418837489176e-04 -6.637501271184571117e+00 6.499181098380932831e-01 2.195087576040841842e-02 2.890141456810796594e+00 8.634893900358287411e+00
3.961515506220740002e-04 -6.633444067132215238e+00 5.770468418255603194e-01 2.850712078054548973e-02 3.127527714078841115e+00 1.402192267077758281e+01
3.956343318153224113e-04 -6.632250528618307328e+00 6.126557593751320585e-01 2.260156405526229928e-02 2.876979969336758813e+00 1.134037124107223882e+01
3.949329534206731597e-04 -6.631524896446992834e+00 5.931397551233896781e-01 3.002648547542848684e-02 3.053446425438381961e+00 1.537313601484325432e+01
3.953430361569812033e-04 -6.627987074778300958e+00 6.245106261335333642e-01 3.424717480071169662e-02 3.353259116819338193e+00 1.849707992584483662e+01
3.943730962906510169e-04 -6.627943502636868267e+00 7.422792858452903486e-01 1.015493101587720479e-02 2.718525757768290418e+00 7.109904697130237317e+00
3.954167772244374210e-04 -6.622800567911304448e+00 6.347286099254579872e-01 2.784901176169602213e-02 3.024167956977734217e+00 1.624264055414711549e+01
3.949345365936839797e-04 -6.621520887741658257e+00 7.536753039065438031e-01 1.074166355931669911e-02 2.737051643744681240e+00 7.245356578555318450e+00
3.945161519940088794e-04 -6.620080826367067850e+00 6.302537392634499636e-01 2.534689009990678116e-02 3.012992214917579847e+00 1.342535325435996718e+01
3.953108367767331987e-04 -6.615568524781567206e+00 6.402095193599577350e-01 2.760012250331241729e-02 2.955538240237256531e+00 1.406061576564850135e+01
3.964032493169889620e-04 -6.610308909277146761e+00 6.910091807806646447e-01 1.332869676450746180e-02 2.743248712273386403e+00 6.801086484732149273e+00
3.969713284594998648e-04 -6.606376851191329891e+00 7.948235195356497806e-01 1.386837975008285533e-02 2.725633026320401164e+00 7.745694541277337031e+00
3.983879145188782070e-04 -6.600314718558103699e+00 6.406348714366121300e-01 3.003023678812301658e-02 3.024608216167036012e+00 1.802471684598391732e+01
3.978878989007915098e-04 -6.599070604208229440e+00 5.832496407984707476e-01 2.317276884241997043e-02 2.935205627658997063e+00 1.015041208778034232e+01
3.986353093194590922e-04 -6.594693921569691142e+00 6.834567375532158984e-01 2.652065324793463283e-02 3.073127483362383394e+00 1.377509130894140732e+01
3.985548269776913698e-04 -6.592395836617001237e+00 6.456413410802740449e-01 1.995385180914712245e-02 2.742851988302556165e+00 9.676648126865094568e+00
3.975689278418134708e-04 -6.592372586328064443e+00 5.851444573177571051e-01 2.391185487298584655e-02 2.976935615559021642e+00 1.075239638523694552e+01
3.978406424877417732e-04 -6.589189379420246517e+00 6.636000139103209738e-01 2.149204324655491077e-02 2.867750023941243231e+00 8.552973595149421016e+00
4.009802772702612751e-04 -6.578828666533138581e+00 6.851867612533071306e-01 1.571095852125483153e-02 2.787443600684572864e+00 8.598570298508315446e+00
4.029681296649465535e-04 -6.571383432663231439e+00 7.951768240581866820e-01 1.365492947895923827e-02 2.732069769650876001e+00 7.721054047596443759e+00
4.021648174450948975e-04 -6.570878910526349870e+00 6.273873174779590611e-01 3.054842609805123385e-02 3.236472935068221091e+00 1.654785106647234372e+01
4.013149773064067006e-04 -6.570494310219419098e+00 7.222660765061315047e-01 1.853356458984828717e-02 2.732881634422478445e+00 1.015383503628019746e+01
4.011177639245341875e-04 -6.568485848950852635e+00 7.216104953934489030e-01 2.022356384291157036e-02 2.818292854045001405e+00 8.757549550132708305e+00
4.001936101952653234e-04 -6.568292453271864062e+00 7.016682231030972883e-01 1.711419721125836263e-02 2.743288519675703085e+00 9.862027949354862599e+00
4.011846709723041523e-04 -6.563319061353025674e+00 6.621932736717229817e-01 1.584748132576872803e-02 2.684995227697833720e+00 8.370957012404200981e+00
4.011337369223874475e-04 -6.560946028525870055e+00 7.298600906192006521e-01 1.739340097344063696e-02 2.692073345935993789e+00 9.386621925401071209e+00
4.009220840331660673e-04 -6.558973804495083826e+00 6.695172625134195865e-01 2.177726569884525301e-02 3.072411347377708157e+00 8.109230476000099941e+00
4.022993193120583534e-04 -6.553044521802055655e+00 5.959084434107290162e-01 2.892651395164566597e-02 3.083121939325464300e+00 1.623151923967149202e+01
4.023835256626254338e-04 -6.550335231020227411e+00 5.634589995939660589e-01 3.185928630199161282e-02 3.130644132168365346e+00 1.778531780625691283e+01
4.021366580285969843e-04 -6.548448932570000380e+00 6.759801383585953838e-01 2.339693101758334379e-02 2.938044193349568900e+00 9.330422310277532105e+00
4.013857183493405490e-04 -6.547818052634247543e+00 7.682101484866062924e-01 1.156616242540755776e-02 2.739389058927615750e+00 6.857608588991078946e+00
4.012815766333320891e-04 -6.545577541758184736e+00 6.613499047964953581e-01 1.833006576799207574e-02 2.903964505483419334e+00 7.170279384719123073e+00
4.013238831260240573e-04 -6.542972118870222786e+00 7.634826791381401634e-01 1.719429931213902960e-02 2.822214170412141510e+00 7.741907218482960928e+00
4.016912102036685178e-04 -6.539557249134110961e+00 6.993893313752922447e-01 1.390818073804149166e-02 2.808970609771847204e+00 6.816405044916071354e+00
4.011441831881546209e-04 -6.538419987012061618e+00 5.914169173080154884e-01 3.145295777484318628e-02 3.134287076223927215e+00 1.588966772162880936e+01
4.006880302964378943e-04 -6.537057763552478917e+00 6.108985886693353295e-01 2.310409801181344258e-02 2.862115502170230030e+00 1.030913649839582824e+01
4.007948365589648399e-04 -6.534291241914709225e+00 7.509307193325438501e-01 1.029793402824822138e-02 2.627764355581957645e+00 7.742848387426107593e+00
4.001671225445432444e-04 -6.533358642552902218e+00 7.536855329684037930e-01 1.031233260602414797e-02 2.712159044350477721e+00 7.372528197789794291e+00
4.022479694064631968e-04 -6.525672170994059051e+00 7.582982612190632965e-01 1.606175794118651010e-02 2.801585990886235056e+00 8.923620506795234775e+00
4.013875981315323787e-04 -6.525313369413841436e+00 5.679008303926753598e-01 2.800989238267664536e-02 3.036442557771973139e+00 1.390053601796110883e+01
4.006938965504263815e-04 -6.524543123207365625e+00 6.691399797394296245e-01 2.557429335232244347e-02 3.008654715366966492e+00 1.397807843037004538e+01
4.004698915431432159e-04 -6.522602322253680640e+00 6.167675652980948442e-01 2.415409181370857528e-02 3.002664514345360303e+00 9.467231614553881514e+00
3.996454189869320223e-04 -6.522163207321548306e+00 6.073126123605372406e-01 2.931740220402293332e-02 3.098938710195664914e+00 1.334554663500659366e+01
3.988389417029734050e-04 -6.521683228245935382e+00 6.239932148722001637e-01 2.657605440972288929e-02 3.037729731347028839e+00 1.439885648232979065e+01
3.979882199847134408e-04 -6.521318501947420465e+00 7.143447386532907339e-01 1.174785517371542895e-02 2.691333375836550967e+00 6.846377589445080680e+00
3.982564844041150626e-04 -6.518144677862756531e+00 7.427714499503808021e-01 1.802589012515229058e-02 2.731852563974262349e+00 8.923592900883026147e+00
3.982776822013904799e-04 -6.515591452782982351e+00 7.648524880237793644e-01 1.030782249316600056e-02 2.692259780375727107e+00 7.582968304949198490e+00
3.978271633413597093e-04 -6.514223260761911050e+00 6.948433942917032757e-01 2.059265816232646110e-02 2.819517868155439366e+00 1.126411646597538763e+01
3.970628007544417591e-04 -6.513646452290387856e+00 7.715273186213864598e-01 1.377893919059343733e-02 2.717340660751847992e+00 8.655321470996671707e+00
3.964032820026692420e-04 -6.512808826821539832e+00 7.339172596199428078e-01 1.799927470693712603e-02 2.939005857688656409e+00 7.770014637670628943e+00
3.954978853305166054e-04 -6.512595468397552878e+00 6.410284548329515664e-01 2.960488821243848281e-02 3.201167364543942906e+00 1.598289322906780363e+01
3.956734990023723863e-04 -6.509651535064732819e+00 7.529566588499067015e-01 1.709765576789041078e-02 2.743403714939995464e+00 8.106466930147657735e+00
3.949031629477733809e-04 -6.509100331014509244e+00 6.538955013050770093e-01 2.898224447908524098e-02 3.064539011122792811e+00 1.721692474612130042e+01
3.939266219502201758e-04 -6.509076255517146414e+00 6.853674567863414779e-01 1.571894264506013689e-02 2.794780226779695731e+00 8.500873880548876826e+00
3.941902063194102244e-04 -6.505907358801424678e+00 5.980725928475154607e-01 2.377752791181212202e-02 2.911884655650240461e+00 1.167878315201928530e+01
3.945660735917239721e-04 -6.502454295579394028e+00 6.273358074656535388e-01 2.725339087444263175e-02 2.984916724952177525e+00 1.258417071980464641e+01
3.945228081890900479e-04 -6.500063954715836090e+00 6.427240932569846521e-01 2.143581698446173772e-02 2.972332051182032142e+00 8.006904590798605170e+00
3.936463616888981158e-04 -6.499787961680193682e+00 5.672514942684970807e-01 3.273480027579382667e-02 3.138504695253584664e+00 1.912850048090083988e+01
3.939323140441850207e-04 -6.496561805991465377e+00 6.816856174315080175e-01 2.778758751948822228e-02 3.143783220479360541e+00 1.298069500393945397e+01
3.950844687464117222e-04 -6.491141321798299835e+00 6.756641132093353930e-01 1.754597904564897046e-02 2.927616826068463851e+00 7.390208316233175978e+00
3.946117378645346160e-04 -6.489838569383856282e+00 5.829431809907529294e-01 3.336975563101040460e-02 3.249302353333319626e+00 1.966601285933247922e+01
3.945110594369073860e-04 -6.487593734811895274e+00 6.046494006359749429e-01 2.200905486688249646e-02 2.925529696189893780e+00 9.038353153278540830e+00
3.940060799828955999e-04 -6.486374568157938114e+00 7.001485622038424728e-01 1.284257327859441612e-02 2.644981784519567114e+00 8.096233306309173372e+00
3.931846885625889265e-04 -6.485961461834119035e+00 7.312343325949575146e-01 1.759018494297019675e-02 2.887316422180800313e+00 7.134798119138017647e+00
3.930782461417854407e-04 -6.483732217116492613e+00 6.709455697696026233e-01 2.732620143192160053e-02 3.156224029064217174e+00 1.126397285771196799e+01
3.922607492338668037e-04 -6.483314113489923258e+00 7.136560165279782764e-01 1.955627495997312032e-02 2.833636568240496700e+00 8.024584222332787675e+00
3.913970468615957468e-04 -6.483018398896875922e+00 6.475560587405285728e-01 2.963269928262325312e-02 3.130346602798574462e+00 1.330723984240835200e+01
3.913930163087689764e-04 -6.480528696812029033e+00 7.303627154312732905e-01 1.464691373205686230e-02 2.844913969250654873e+00 6.753959896819786479e+00
3.922543723936379283e-04 -6.475830370258089275e+00 7.342269629618767279e-01 1.251467620243097711e-02 2.620537297650349373e+00 8.091078321017423747e+00
3.919626750457938795e-04 -6.474074290228334583e+00 6.979741109775389196e-01 1.278546292446407391e-02 2.694324470583860265e+00 6.973733069274222096e+00
3.911182982345465741e-04 -6.473730841510525025e+00 6.904817368588662685e-01 2.507428640061710318e-02 3.109007134916733861e+00 1.047043451378287315e+01
3.903070543240335548e-04 -6.473307160635065394e+00 6.243092292598718673e-01 1.957472863957861187e-02 2.886219995444678776e+00 8.331443739334037701e+00
3.914788073136492622e-04 -6.467809526821143962e+00 7.405494509613818055e-01 1.886510256710118363e-02 2.779829674293326391e+00 8.698024023713855968e+00
3.913993843943116939e-04 -6.465512426634811405e+00 6.436420463704779493e-01 1.808214883447050239e-02 2.805646820016594045e+00 7.673194227156622915e+00
3.908105704161976275e-04 -6.464517940814754837e+00 6.589080382522229939e-01 2.151136294932474644e-02 3.053240353889696834e+00 8.078504521544132899e+00
3.910237063885463977e-04 -6.461472720468317554e+00 6.699035894527356483e-01 1.724286602452315340e-02 2.692130681625756417e+00 8.393581485193720937e+00
3.904384168526167740e-04 -6.460470655244583860e+00 6.165760680404067662e-01 2.409638560444294156e-02 2.899306853813117701e+00 1.057824515435011392e+01
3.901570151864047309e-04 -6.458691647622588405e+00 6.597791668862525993e-01 1.615221849374094340e-02 2.813912450874510807e+00 7.394635149686209274e+00
3.898545878505524408e-04 -6.456967090833508394e+00 6.982024782469744562e-01 1.716580789820964376e-02 2.688660913437682876e+00 8.316542530025015978e+00
3.890641478576981993e-04 -6.456496674223791032e+00 5.910078854293790984e-01 3.142361382317754304e-02 3.087919514411536781e+00 1.717565158983177653e+01
3.884100300684870371e-04 -6.455679348612526347e+00 5.937299486727207753e-01 3.079426228086587849e-02 3.225938118744198668e+00 1.432936893496548336e+01
3.884229523980926033e-04 -6.453146079351571807e+00 6.429792764128401394e-01 1.983511432461600513e-02 2.872824662698757692e+00 7.827652584861938934e+00
3.881805011901787823e-04 -6.451270468065451347e+00 5.786300081117663474e-01 2.739027682743979536e-02 3.051571187619467551e+00 1.372514094275536500e+01
3.876046429835897089e-04 -6.450255050018793845e+00 6.508554647683485461e-01 2.298829355141180850e-02 2.875195646895340573e+00 1.231183389630029623e+01
3.887434042226582632e-04 -6.444821412045797615e+00 6.330218983544559919e-01 2.845490825514177327e-02 2.987397540146282005e+00 1.469016024475116033e+01
3.878273114540750264e-04 -6.444680741788830325e+00 5.942980902202381621e-01 3.023212898209361177e-02 3.081287230588270809e+00 1.519434267225104485e+01
3.872685723780880883e-04 -6.443622470959175175e+00 7.035186413923039117e-01 1.255458667112125878e-02 2.722284490347299357e+00 6.851587204351779370e+00
3.888030377420882743e-04 -6.437168023087074253e+00 7.189709967363799858e-01 1.380685923472945061e-02 2.730425949655010953e+00 6.785207912735826241e+00
3.882983293135956813e-04 -6.435966974603191559e+00 6.590399115266789565e-01 3.188095555393664904e-02 3.229167650789978250e+00 1.604923154558498766e+01
3.891399857122569239e-04 -6.431301769438464433e+00 6.288911223199838973e-01 2.554507108668495341e-02 3.038494250140132191e+00 1.320168394617721574e+01
3.913368363372909746e-04 -6.423172245627469579e+00 6.017523059053577761e-01 2.919295464792772549e-02 3.208675312414389857e+00 1.284445589150951861e+01
3.906056130065102224e-04 -6.422542520209806760e+00 6.644487777573195864e-01 1.736020078673256722e-02 2.878566207463642890e+00 7.165002632120694770e+00
3.908937181808952465e-04 -6.419305206239237727e+00 6.547393822780945838e-01 2.099071654791869954e-02 2.808853533364536581e+00 1.108179559389171942e+01
3.900128486893595313e-04 -6.419061224827158796e+00 5.812886645114911932e-01 3.109687572875943426e-02 3.110764827192583848e+00 1.833196990106733537e+01
3.894891040002238761e-04 -6.417905018171463638e+00 7.266274061507839166e-01 2.178576520850037182e-02 2.869213177841352103e+00 1.043040266950294637e+01
3.897778132998673453e-04 -6.414664041475436562e+00 6.934339388432607665e-01 1.811680553181223632e-02 2.741276214662594413e+00 1.012670929436089828e+01
3.902414954217963534e-04 -6.410975142248553915e+00 7.726268125837917333e-01 1.670711423958026048e-02 2.806908202756316140e+00 8.459163897766785567e+00
3.896118064611833092e-04 -6.410090033397796816e+00 7.327887472084416709e-01 2.067332114651616523e-02 2.880941483326741270e+00 8.876074980397991254e+00
3.896965101537952698e-04 -6.407372651673157726e+00 6.910373477440661105e-01 1.500699450692768305e-02 2.767506604568835904e+00 8.389653954804716207e+00
3.896876818744707846e-04 -6.404895306172480929e+00 6.813110654195245752e-01 1.483309271887842465e-02 2.745737087025334588e+00 6.995675777853620048e+00
3.891880590871177954e-04 -6.403678239584334797e+00 5.750536083695116929e-01 3.367205884558868711e-02 3.245798330370942786e+00 1.891198427825315775e+01
3.896922253975301439e-04 -6.399883646844299889e+00 6.921580026508042938e-01 1.327749273698173443e-02 2.686987532869552275e+00 7.160969347369126936e+00
3.932811831241025155e-04 -6.388216074041807246e+00 7.600824478640212378e-01 1.716337456941527048e-02 2.763348573178632250e+00 9.288433841836903682e+00
3.924729562836815197e-04 -6.387773275104903448e+00 6.399636722637073172e-01 3.162140514775898387e-02 3.289736757510811849e+00 1.502000359508924454e+01
3.926858333260605394e-04 -6.384731022886849239e+00 7.567685057082397249e-01 1.524956000466385839e-02 2.765017715541543630e+00 7.181142664622870875e+00
3.917771944565895024e-04 -6.384547612053321330e+00 6.772507190038363767e-01 2.437274226907254482e-02 2.969624221927981367e+00 1.308732668104178742e+01
3.909028639523975165e-04 -6.384281809433190347e+00 6.042736530036957321e-01 2.957787756896568948e-02 3.134571437788997716e+00 1.335350655468435299e+01
3.908534588664003143e-04 -6.381908204537704243e+00 5.839776716447295790e-01 3.458648909478179156e-02 3.278269902922312795e+00 1.914497178476207750e+01
3.899958617142941270e-04 -6.381604780687094802e+00 6.312441910965456149e-01 2.841611137805452950e-02 3.172288828594592491e+00 1.469722636749177092e+01
3.893948657504640951e-04 -6.380647000941385372e+00 6.672670543841472401e-01 2.538701434780838914e-02 3.143898808848185844e+00 9.811171387333070371e+00
3.890329950401787097e-04 -6.379076748589380230e+00 6.589928806112244075e-01 1.999517221323626401e-02 2.968142242173694711e+00 8.907148406022850295e+00
3.895745213503711934e-04 -6.375185736080229759e+00 5.973619319075691436e-01 2.958113299249965841e-02 3.183878464164501487e+00 1.320400185815763727e+01
3.889443128782037141e-04 -6.374304729949394677e+00 6.393386976327570803e-01 2.355290207092234495e-02 2.847662011356498990e+00 1.199855455216193967e+01
3.882669161158869937e-04 -6.373547877522597993e+00 7.617892716354187632e-01 1.679425477921661289e-02 2.821075067749188481e+00 8.801681706609304712e+00
3.906785917010451373e-04 -6.364855702930501735e+00 5.919855343648953161e-01 2.780958376137619703e-02 3.016498564824109163e+00 1.326358846876513553e+01
3.897421618967887775e-04 -6.364755511621785544e+00 6.009735511346819825e-01 2.881372223326524387e-02 3.181612659281895628e+00 1.251965346641391896e+01
3.891098213035372824e-04 -6.363879288015322544e+00 7.808201088638087040e-01 1.107465342718892860e-02 2.690487182629377916e+00 7.663284919488966729e+00
3.897337631804201905e-04 -6.359777061270979637e+00 6.208843375338124471e-01 2.842428172094699917e-02 3.225565331124579771e+00 1.254441801683823776e+01
3.917908857972493401e-04 -6.352012665911423994e+00 6.336253710161715569e-01 2.986836390121514612e-02 3.216536883200751262e+00 1.584388905303392647e+01
3.918707704972365429e-04 -6.349308790426076321e+00 7.505649073203094490e-01 1.242731886611320689e-02 2.699099673792103360e+00 6.948098876743429742e+00
3.912366702606993657e-04 -6.348428237112741179e+00 6.476710975012686111e-01 3.175485047462350136e-02 3.094112867081559415e+00 1.994723084679267089e+01
3.938121598057001431e-04 -6.339366864912012289e+00 6.705123648983849494e-01 3.016529137669714949e-02 3.173851364373115658e+00 1.548205157916224017e+01
3.929181590430586382e-04 -6.339139565292376766e+00 7.380965517479927129e-01 1.857521352261820580e-02 2.912025983166420140e+00 8.807155547588916278e+00
3.921358733218711988e-04 -6.338632513415344505e+00 6.467584717366968716e-01 2.775088393042507429e-02 3.021203245537989801e+00 1.596643052576454735e+01
3.920487599176775422e-04 -6.336354689165438536e+00 6.720072937944283620e-01 2.584067145655342262e-02 3.146304359263338846e+00 1.028936868021308548e+01
3.918282241640087967e-04 -6.334417368677573990e+00 6.611958338860850493e-01 2.110505441640502314e-02 2.774823078040587365e+00 1.004300092074007189e+01
3.911432097152330186e-04 -6.333667150582539485e+00 6.279299086967410348e-01 1.885083255903723110e-02 2.800229500053519782e+00 8.485518725403306206e+00
3.908175596956208592e-04 -6.332000056915385144e+00 6.324792491031510089e-01 2.233314821339654407e-02 2.823911850760526310e+00 1.113418758819475052e+01
3.908655972164183060e-04 -6.329377149007151537e+00 7.662150079298942762e-01 1.422006693840786873e-02 2.806658384723236921e+00 7.177609416146804477e+00
3.909107472633343910e-04 -6.326761642705931443e+00 6.552015714341589137e-01 2.120119609006964473e-02 2.790769115996261540e+00 1.094365925018597352e+01
3.904610041793711377e-04 -6.325412805728650945e+00 6.649463815772236330e-01 2.569218268629300597e-02 2.914381530612639271e+00 1.297531381426626318e+01
3.899541623440377089e-04 -6.324211709000488568e+00 6.222787323645072588e-01 2.600890336577247122e-02 2.942032787882690847e+00 1.394940592897219389e+01
3.895653850126901065e-04 -6.322709188447668716e+00 6.844583904589460754e-01 1.540165739010267675e-02 2.836199599468227195e+00 7.451605181639528119e+00
3.886165529416793084e-04 -6.322647776379196394e+00 5.868307304048107076e-01 2.621359014220546457e-02 2.970758705413167888e+00 1.288371307864199444e+01
3.880970774432042554e-04 -6.321485400841052815e+00 5.992445192043139857e-01 3.444032789401704070e-02 3.182956029395365150e+00 1.997345290586135746e+01
3.880432017143636619e-04 -6.319124230715947199e+00 7.522518756567743159e-01 1.460730660558407119e-02 2.665608209766622938e+00 8.763739646546250484e+00
3.871888827489062060e-04 -6.318828265684103940e+00 6.106804826906740979e-01 2.938829136880419246e-02 3.229287420340685610e+00 1.378322425416613761e+01
3.869347254703332946e-04 -6.316984897997103054e+00 6.281510737323566795e-01 3.151185334897006057e-02 3.067020084251867118e+00 1.946074231487859407e+01
3.860089527527549671e-04 -6.316880345909665628e+00 7.448837154302248020e-01 1.585991718588732058e-02 2.744698319281433818e+00 9.290607950948949423e+00
3.859243584123597955e-04 -6.314599521166157636e+00 6.682098829321421185e-01 2.697033705396368122e-02 3.061831946430392026e+00 1.146278158977835560e+01
3.859978419834751945e-04 -6.311909130032699267e+00 5.883673951693527693e-01 2.696903473986728486e-02 3.053066086896271791e+00 1.194652182064346491e+01
3.874920869249648620e-04 -6.305545481019427356e+00 7.234043745085330102e-01 1.545787072963369577e-02 2.664117295846065048e+00 9.021430255205848070e+00
3.882167804936875678e-04 -6.301177012551427481e+00 5.776237859108660500e-01 3.074210566675182263e-02 3.095022718665949579e+00 1.723111023826398025e+01
3.876405784961476004e-04 -6.300162342546174798e+00 5.762050623643296676e-01 2.860743416695343821e-02 3.084455379547526466e+00 1.439401208909785801e+01
3.882030833386666932e-04 -6.296212295407160653e+00 7.626891378265081567e-01 1.641940905574468257e-02 2.841133448112488136e+00 7.608462115784856650e+00
3.875032711631096324e-04 -6.295516618296498557e+00 7.217279236831554146e-01 1.975044882393672124e-02 2.773118644729573923e+00 9.386512674135619960e+00
3.866662342554599472e-04 -6.295179031638687306e+00 6.761750719620557293e-01 2.878774466281922365e-02 3.062375316519116542e+00 1.474661120406840809e+01
3.863414114959708764e-04 -6.293519444486850745e+00 6.284259261331505142e-01 1.930230365130001027e-02 2.830626550199442981e+00 9.025898537981531078e+00
3.865339667729647370e-04 -6.290521161616436707e+00 6.248809368817331844e-01 3.275166070593814316e-02 3.223939618363753201e+00 1.620139417915937230e+01
3.856122322523340847e-04 -6.290408623886190931e+00 5.819337208138620765e-01 3.032446689465910158e-02 3.137090973280794337e+00 1.659377355143202237e+01
3.875878693435797092e-04 -6.282798326081855400e+00 6.592250274790404374e-01 2.608188143944598428e-02 3.038316075424825513e+00 1.408927654568841703e+01
3.883398617826065084e-04 -6.278360020117785822e+00 6.424750945982810046e-01 3.157670288010388376e-02 3.171181145706301052e+00 1.953382287715790966e+01
3.878433554181029007e-04 -6.277139373809601075e+00 5.829051780339677968e-01 3.210329922257541824e-02 3.174974953220318419e+00 1.893225399323939229e+01
3.870810693108546387e-04 -6.276606756250514785e+00 5.887361100071877296e-01 3.002623607861532387e-02 3.056215096931479192e+00 1.671456298762993953e+01
3.881583263697673588e-04 -6.271327594721094911e+00 7.033733944714514186e-01 1.829641084767697629e-02 2.928225118620314760e+00 8.672693736615704196e+00
3.872240118317025873e-04 -6.271237541257736581e+00 6.523581178469073372e-01 1.758767837654563043e-02 2.788675707246621727e+00 7.633699100823852390e+00
3.865178077258107285e-04 -6.270562967476511318e+00 6.631044700269148606e-01 2.749122445339548942e-02 3.005731853462216829e+00 1.299594310502657457e+01
3.863320053472290346e-04 -6.268543791509899599e+00 5.921092351733813208e-01 2.500875681139110712e-02 3.022149848874188027e+00 1.123760506695871086e+01
3.858740030699771327e-04 -6.267230009503449217e+00 6.099381004495562086e-01 2.233056507208765890e-02 2.892502049382598805e+00 1.062113834414438074e+01
3.850135529945511600e-04 -6.266962372514090163e+00 6.663800162256572346e-01 2.862446311507761687e-02 3.092434412814988764e+00 1.601957073366513384e+01
3.853601231885361508e-04 -6.263562626772301911e+00 7.425878120786409964e-01 1.597158405165449366e-02 2.695550472851842905e+00 9.216735470573134137e+00
3.864326329192881897e-04 -6.258283356268314002e+00 6.559163265978327217e-01 2.186576649796599311e-02 2.834249719310278692e+00 1.151210428332312752e+01
3.866077476219487445e-04 -6.255330301783543767e+00 6.631294415300065248e-01 3.151841899750588288e-02 3.126635426748851643e+00 1.786539316654919318e+01
3.864310790103593586e-04 -6.253287377440235772e+00 7.670242001369782514e-01 1.134214523142918103e-02 2.672555615056142031e+00 7.283571101765830669e+00
3.857124645801330676e-04 -6.252648727298481646e+00 7.213820466970858325e-01 1.778616136343913121e-02 2.707570289359574556e+00 8.986805858008350967e+00
3.853286446599473261e-04 -6.251144316112853261e+00 6.235454516378048373e-01 2.751418894403591386e-02 2.966727492462003291e+00 1.481204074756670686e+01
3.850321047412873080e-04 -6.249414189016000876e+00 5.784591882569092292e-01 2.827778504827125824e-02 3.074396171185618254e+00 1.364647673751428414e+01
3.851953971633607530e-04 -6.246490178125410964e+00 7.722724251883864577e-01 1.169667706804457079e-02 2.689383830769739525e+00 7.956754760268567317e+00
3.850321837256217889e-04 -6.244413983879013585e+00 7.088617989741906600e-01 2.128799388195101727e-02 2.990250945592932919e+00 9.834547857078426603e+00
3.847683787387571664e-04 -6.242599369185430014e+00 6.711777209006384304e-01 1.911011725467949909e-02 2.888743743316278589e+00 7.390550166925966558e+00
3.841218047967641879e-04 -6.241781206483512534e+00 6.474174200505721233e-01 3.156288979124910465e-02 3.264644494061536228e+00 1.638640762297465514e+01
3.835939104067911313e-04 -6.240656440734208665e+00 6.209987953695164098e-01 3.352800961841297112e-02 3.208159925734367590e+00 1.766000918687713295e+01
3.827683269888726837e-04 -6.240310992973353343e+00 6.779270740459029110e-01 1.999321849353141375e-02 2.776183960834772257e+00 8.837613185626857160e+00
3.823318597300793056e-04 -6.238951934548632394e+00 6.605586897999459195e-01 2.998353294619052548e-02 3.182667112736243364e+00 1.618916757175091092e+01
3.819159742061037323e-04 -6.237540287165571407e+00 5.741416073925870167e-01 3.334014958160096825e-02 3.167990722853524233e+00 1.988989115358700488e+01
3.812621892803518594e-04 -6.236753609472114768e+00 7.496640497823738869e-01 1.525597971151476662e-02 2.804827828726572214e+00 7.010924534252357176e+00
3.804831988834541214e-04 -6.236298887804101909e+00 5.858578434755239428e-01 2.832112351325749566e-02 3.085042254333439704e+00 1.454422720938056557e+01
3.797088685043744608e-04 -6.235836085191706069e+00 6.295900343676466004e-01 3.113906762975810275e-02 3.093130364942838995e+00 1.633981046887008759e+01
3.799630173888404023e-04 -6.232666983442209485e+00 6.622664716792029393e-01 2.367780988847693890e-02 3.069802902143244250e+00 1.095647017378317756e+01
3.803426861272669120e-04 -6.229168256829404449e+00 6.294941341694664239e-01 2.425946851898026432e-02 3.063631270400536621e+00 9.301582669728990282e+00
3.800309244293377715e-04 -6.227488279279079109e+00 7.004140653026519336e-01 1.281859561238819778e-02 2.657193693236573839e+00 7.602498118639551272e+00
3.813311626413389260e-04 -6.221572717884216175e+00 6.433474259935949569e-01 2.338937549415668823e-02 2.918324181174340115e+00 9.600025988308249936e+00
3.817263625359632560e-04 -6.218036885284653259e+00 5.971125564007834230e-01 2.573478929133334731e-02 2.953766599544181748e+00 1.280199115382949238e+01
3.826116914176983636e-04 -6.213220294417332035e+00 7.211385527667510953e-01 1.142886644232344109e-02 2.670815891253161656e+00 7.309395909574282868e+00
3.836986765337404583e-04 -6.207883360740001244e+00 7.439402371095411581e-01 1.708116041788934961e-02 2.892049256654365852e+00 7.572734199170192859e+00
3.830972726849916064e-04 -6.206951976152429218e+00 6.219375291537724282e-01 2.953987270883388916e-02 3.121649185047723485e+00 1.340843465038664917e+01
3.821601295268031695e-04 -6.206901200750452929e+00 7.198828322540313795e-01 2.069181731822422599e-02 2.927109613006712241e+00 1.018764082123582959e+01
3.814917584664519407e-04 -6.206151661245671747e+00 7.054578368509391018e-01 1.978621340381154711e-02 2.901661899631609476e+00 7.713236108153262549e+00
3.811277033633005303e-04 -6.204606410367680347e+00 7.246671820053539603e-01 1.358735700216107123e-02 2.681184507007234430e+00 7.212652315662676727e+00
3.805846897832356303e-04 -6.203532181241148358e+00 7.442543432751416166e-01 1.208225978048606611e-02 2.666819182870845850e+00 7.219075359443932527e+00
3.801476450217147014e-04 -6.202181191976218422e+00 7.711671402415247734e-01 1.517867425498816217e-02 2.762472585887532972e+00 7.562517856109703729e+00
3.801928815487109364e-04 -6.199562201798876515e+00 6.555235262603359425e-01 2.816328753304196686e-02 3.054072130234797289e+00 1.287051903000892317e+01
3.800218165227118835e-04 -6.197512245791237717e+00 6.419332079143050818e-01 2.521349025028103708e-02 3.087731962158499766e+00 9.655962013925098120e+00
3.792835256133320542e-04 -6.196956894672457139e+00 6.611528089556474308e-01 1.892461930575218415e-02 2.892180557733877055e+00 9.055456035873795884e+00
3.803593277053816924e-04 -6.191624503617731534e+00 7.444813539564387739e-01 1.716808706430336673e-02 2.760681450160062944e+00 9.534770700275762678e+00
3.801999347152594673e-04 -6.189543650422805854e+00 6.075064584526312927e-01 2.845000085631490053e-02 3.153440993760863176e+00 1.222165618019104016e+01
3.798751147705766731e-04 -6.187898355401414641e+00 6.167974051195875829e-01 2.870630774030825602e-02 3.084387975571047491e+00 1.297342384697608431e+01
3.792127371477011974e-04 -6.187143549424267697e+00 6.898436649424083411e-01 1.577379063345540205e-02 2.830993279396431639e+00 6.881759611909432195e+00
3.796174827776536910e-04 -6.183576787300914646e+00 6.330577322031175624e-01 2.630577389675523362e-02 3.091205717790150409e+00 1.327591152531157093e+01
3.787339151494349861e-04 -6.183407021096089196e+00 6.071983625917423133e-01 2.297969269439566892e-02 2.969503100733225320e+00 9.531283901958753191e+00
3.778390351260755902e-04 -6.183272636838379910e+00 7.015356884844542451e-01 1.740759594049108572e-02 2.805058880330882243e+00 9.542721899961449594e+00
3.771205580376778559e-04 -6.182675989843785302e+00 7.590327130315072113e-01 1.714556226679856896e-02 2.780777677867864117e+00 8.104976115578464757e+00
3.761923962079190319e-04 -6.182640204203044831e+00 5.826247823909587176e-01 3.283016802536993517e-02 3.138299704675084456e+00 1.928288938593508206e+01
3.755154897457140743e-04 -6.181941187424905060e+00 6.747062167172024338e-01 1.639323522628002849e-02 2.685846219803390333e+00 8.501773081710560120e+00
3.761625917682129175e-04 -6.177719433928901438e+00 6.823744105816875738e-01 2.325347722011015389e-02 2.980383424411657600e+00 1.191758778391526263e+01
3.761482289922879994e-04 -6.175257617019007661e+00 6.405963362853619447e-01 2.738979082801638182e-02 2.962483280242103056e+00 1.452408828697287646e+01
3.757675268486905919e-04 -6.173770236247078991e+00 6.304439529437066980e-01 2.309592243486777857e-02 2.854711186175333371e+00 1.156480127496779886e+01
3.750938321666300469e-04 -6.173064694983708911e+00 7.171634537470101822e-01 2.218976056300360489e-02 2.893260499589761281e+00 9.908654688803583355e+00
3.743202893625270297e-04 -6.172629089172714245e+00 6.215965251223563026e-01 3.093852654949089467e-02 3.092694377668689487e+00 1.915011178813481152e+01
3.736397632616109696e-04 -6.171948775361334683e+00 7.173959418482653838e-01 1.528893167331217204e-02 2.664847935453303229e+00 8.887605852546084151e+00
3.735148137472396514e-04 -6.169783243005326767e+00 6.299683353332379276e-01 2.861100307540210413e-02 3.229109718962991593e+00 1.285192467214811707e+01
3.728141845364940079e-04 -6.169160778028553338e+00 6.754747332246430203e-01 2.880448521933732034e-02 3.079251987092743725e+00 1.533523020730553554e+01
3.724543944029584620e-04 -6.167626309574239407e+00 7.435689483100880182e-01 1.933326338243857370e-02 2.862336988380742131e+00 9.513762070560991546e+00
3.719038287390357095e-04 -6.166605612810794668e+00 6.230021472744373678e-01 2.829222350612327005e-02 3.034332338493351600e+00 1.328760346865669106e+01
3.712962753351009277e-04 -6.165740579049208137e+00 6.194548322049485689e-01 2.870663557684470166e-02 3.055250611808291161e+00 1.644472200097087011e+01
3.729449305576589772e-04 -6.158810139277092865e+00 6.855904279784564848e-01 2.144891848055508268e-02 2.891733507131158731e+00 8.561723239144193087e+00
3.727026387277750270e-04 -6.156960022273811006e+00 6.855707266653089382e-01 2.295521807473413500e-02 3.002578838876919676e+00 1.133639117395562934e+01
3.721864564244920502e-04 -6.155845953117119684e+00 7.005743207665864336e-01 1.268614710661688030e-02 2.676751796542601980e+00 7.380045583224954520e+00
3.716590120867018518e-04 -6.154764109033946440e+00 7.702666966232116774e-01 1.394338670203018257e-02 2.735686766525938118e+00 7.336828213371190621e+00
3.712557712234231455e-04 -6.153349673386518504e+00 6.013938799415239345e-01 2.681752867167054577e-02 3.107371177668412088e+00 1.247573446417888121e+01
3.704256857213733653e-04 -6.153088062497809929e+00 6.410172006747114626e-01 2.070510655963932883e-02 2.792452146549199821e+00 9.431975801116852409e+00
3.701588024740205449e-04 -6.151308799329760824e+00 5.797065965308585422e-01 3.069898243277810468e-02 3.152009267897506462e+00 1.579583540907421124e+01
3.698590687850402694e-04 -6.149618870861847775e+00 6.098532486689375309e-01 2.996862539591476846e-02 3.217939081257212841e+00 1.512471235205806686e+01
3.690992277640653776e-04 -6.149175390945110564e+00 6.804837769933562708e-01 2.235889952875128733e-02 2.876098212478794380e+00 1.192668489716476898e+01
3.685736539317922031e-04 -6.148100342123999695e+00 6.593419639138425881e-01 2.657234555082372066e-02 2.986805440732372752e+00 1.207544144597370028e+01
3.686650965234345985e-04 -6.145352274338484300e+00 6.353593666505642501e-01 2.536579492391390425e-02 3.146431429081435915e+00 1.023182654070754971e+01
3.687872857622875628e-04 -6.142520892291573276e+00 7.063019933626063507e-01 2.270784989423500419e-02 2.951763735851928416e+00 9.366132271558692324e+00
3.687101578613335550e-04 -6.140230053426713575e+00 6.697837754145083977e-01 1.625717272062618401e-02 2.828303443329283517e+00 7.273901693923400913e+00
3.684247315971282645e-04 -6.138504474180772164e+00 6.669819268573186077e-01 1.868543091666774458e-02 2.900980815762754794e+00 8.838432945876636637e+00
3.680907649416422628e-04 -6.136911357145068635e+00 6.535942078516032705e-01 1.896050917634294411e-02 2.795033014123637471e+00 9.702985336774521130e+00
3.676731315030905365e-04 -6.135546594917466123e+00 6.328291773299240530e-01 2.613493785111526899e-02 3.056862921914406339e+00 1.355956306813494905e+01
3.672154667660647645e-04 -6.134292130083667693e+00 6.410036305385963251e-01 3.109558198326927564e-02 3.068777682915084348e+00 1.811303780932836460e+01
3.674320461352854807e-04 -6.131202515685764354e+00 7.280648799806070937e-01 1.282814300344325455e-02 2.640354626928985926e+00 8.056486552483580255e+00
3.678087406111845347e-04 -6.127677832301358762e+00 6.140344625875758799e-01 3.390655737349376059e-02 3.159557949740817495e+00 1.974520158802535263e+01
3.688369099398736031e-04 -6.122386340909041103e+00 5.834130106907331470e-01 3.191301530450372376e-02 3.193088753944781200e+00 1.777925476926075987e+01
3.697942753644812750e-04 -6.117294070288010310e+00 6.015872197468146165e-01 2.723478851147693308e-02 3.029087346799368419e+00 1.428307668208788428e+01
3.702650408582410456e-04 -6.113521832922873323e+00 6.852031739878434724e-01 1.447068259240364904e-02 2.725873839548682120e+00 8.102864352007927096e+00
3.701228814339117172e-04 -6.111405846280726806e+00 6.865040775905900672e-01 2.566352525501421414e-02 3.086114995799812633e+00 1.078393329478073071e+01
3.692812601176478026e-04 -6.111182332528057870e+00 6.407125218603100247e-01 3.146774587001375384e-02 3.270363858736483831e+00 1.500929626014702301e+01
3.692485759780822583e-04 -6.108770843886681234e+00 6.770903252355797708e-01 2.753773549377337010e-02 3.025980061383108044e+00 1.460214937570949090e+01
3.688804986774153120e-04 -6.107268168999088864e+00 6.608694828518245634e-01 3.125662094623071069e-02 3.119151509287179991e+00 1.749471683518038034e+01
3.680268220566220772e-04 -6.107085087229265241e+00 6.708316890964047818e-01 1.821322070438103485e-02 2.852598597030811423e+00 9.149829089207692334e+00
3.671699360512204022e-04 -6.106916126869904815e+00 7.459365038197359743e-01 1.922689409535879856e-02 2.859849027699961965e+00 9.292836351431986941e+00
3.667257273030758748e-04 -6.105626677155382431e+00 7.020673382249442707e-01 2.035924210300437201e-02 2.896770839017432042e+00 8.033936788167880039e+00
3.666651946064005611e-04 -6.103291753365092553e+00 6.518306587508110317e-01 3.144993422685544993e-02 3.214239467669952610e+00 1.775559936773035474e+01
3.663775487602643132e-04 -6.101576553060617414e+00 6.041126574484252387e-01 2.332838592507373646e-02 2.917855571399398773e+00 1.025569277826698134e+01
3.655752103181437963e-04 -6.101268876960006082e+00 6.662085168614296782e-01 2.417450682732926251e-02 2.889691816287205395e+00 1.112212713084112181e+01
3.655134568353142965e-04 -6.098937812646612500e+00 6.376228863664314961e-01 3.228852941339641069e-02 3.113788746146066710e+00 1.834223034461434310e+01
3.653936434442127228e-04 -6.096765661130032044e+00 5.984079044125499847e-01 3.093885923514688024e-02 3.166692799273308268e+00 1.761716822038270891e+01
3.653961456973013199e-04 -6.094258813051077972e+00 5.887184261566245080e-01 3.183636333270067204e-02 3.116743678214005886e+00 1.792719351301987629e+01
3.658390652143972692e-04 -6.090547384595077496e+00 6.749831304977802482e-01 2.797279726610251219e-02 3.053476819449934876e+00 1.501645224270839130e+01
3.658260581385702694e-04 -6.088082939319262366e+00 7.738952190979325740e-01 1.483012686890819790e-02 2.782023600046381162e+00 7.685089304901900675e+00
3.665306093143583569e-04 -6.083658873015354906e+00 6.313391864412589705e-01 2.640083750394508696e-02 2.985198428285418260e+00 1.179856217613965796e+01
3.667087243431894190e-04 -6.080673042470927214e+00 7.288402426815959734e-01 1.318123736572094674e-02 2.643224392027298641e+00 8.047004270928582059e+00
3.663231303093868120e-04 -6.079225095166644444e+00 6.637555103495152986e-01 1.984789918383304125e-02 2.762425470211512746e+00 1.017121942852954497e+01
3.659976537694814894e-04 -6.077613985850653044e+00 7.249100124641756349e-01 1.436007696041781412e-02 2.780785703735971559e+00 8.205613493453149943e+00
3.660087859154542126e-04 -6.075083570418848389e+00 6.967495622324173521e-01 2.193244450813400942e-02 2.824626747514537239e+00 1.091634580976044511e+01
3.671498443394715402e-04 -6.069470848837891452e+00 5.984026919116104404e-01 2.602410370579933199e-02 2.997527080389597032e+00 1.169789928375246468e+01
3.676058461963143146e-04 -6.065729614720856588e+00 6.754868695505562570e-01 1.838884653216984674e-02 2.717974459650588148e+00 9.323684532291530047e+00
3.668270943962972193e-04 -6.065350304163922956e+00 6.454001418211109398e-01 3.008466174333232490e-02 3.068700351910121249e+00 1.560731614575566617e+01
3.667053090705302298e-04 -6.063182355826016057e+00 7.337950763470229010e-01 2.062877780495670638e-02 2.914295552966392755e+00 9.370483766386996649e+00
3.660062365986817192e-04 -6.062590535622282673e+00 6.519380899280323716e-01 2.749718071618727916e-02 3.175879346310052309e+00 1.123755134102222542e+01
3.655747491824639164e-04 -6.061270138358373138e+00 7.089879691295859487e-01 1.248817510424410360e-02 2.716990872452707872e+00 7.243322484833684349e+00
3.666220245508954837e-04 -6.055909497284340581e+00 6.564385735603601724e-01 1.775082355228102537e-02 2.784977069839009278e+00 7.762428074121925370e+00
3.660080238548691126e-04 -6.055085652503785276e+00 7.097026497352773022e-01 1.668563466414446639e-02 2.689384717441613226e+00 8.396535167073004402e+00
3.653200792835795715e-04 -6.054467009917107845e+00 6.358700159300787469e-01 3.137956980099643189e-02 3.195641234236512140e+00 1.495357558585756230e+01
3.653002785315796253e-04 -6.052021212491106361e+00 7.466545531725375939e-01 1.673569485698013157e-02 2.871857740228292322e+00 8.005183501013627634e+00
3.648378515659969883e-04 -6.050787896172868052e+00 6.621655258377807662e-01 2.164245537700742669e-02 2.799612899654726483e+00 1.037210875200678650e+01
3.641428676460814712e-04 -6.050194624601085813e+00 5.854956708944617505e-01 3.152329991121891051e-02 3.143633893759094633e+00 1.811698422514298557e+01
3.640910399608508524e-04 -6.047836962618521106e+00 6.861713976130293657e-01 2.376078191185146751e-02 3.017575644277502800e+00 1.173042440450975654e+01
3.635322698036961642e-04 -6.046872840481412936e+00 7.792505438332979484e-01 1.333850326273322735e-02 2.717974838179397779e+00 7.756280606750490136e+00
3.626308538709046084e-04 -6.046855523411486466e+00 6.669104234547976739e-01 1.636925611204637782e-02 2.788275086746994980e+00 8.239984052889496979e+00
3.618173465249120181e-04 -6.046601391887622690e+00 7.162469470075825129e-01 1.546955753288172322e-02 2.696073806702931286e+00 9.079911899349600191e+00
3.618701095197705614e-04 -6.043955574810070175e+00 6.472264413539203787e-01 2.509104143531867490e-02 3.145068328890777920e+00 1.010522900679772995e+01
3.610160376255756431e-04 -6.043818525863875024e+00 6.786812136556050756e-01 1.496409664743759277e-02 2.701027626978325102e+00 8.119652431357472722e+00
3.608709384365092797e-04 -6.041720525611297354e+00 5.881088478663886177e-01 3.098243975034202166e-02 3.103068926905418579e+00 1.749701362055802178e+01
3.613958282689633760e-04 -6.037767073925426331e+00 7.188576278846089407e-01 1.277075443522601543e-02 2.729086121790841979e+00 6.960861747181660064e+00
3.612209384890706235e-04 -6.035751119664063857e+00 7.298368108491979367e-01 1.238555398864536056e-02 2.650334434352013879e+00 7.944218696401421198e+00
3.612171927504412533e-04 -6.033261489378691778e+00 7.204998801088561278e-01 1.193590952293751249e-02 2.701963615771338922e+00 7.336350933542906461e+00
3.609223419630346692e-04 -6.031578092790134349e+00 6.927840941984919620e-01 1.977724815855322685e-02 2.958733039094530781e+00 7.537879316206135272e+00
3.606158131879933447e-04 -6.029927746523045862e+00 6.888470703697133768e-01 2.449691309964874275e-02 3.086110720319171108e+00 1.067988554117572519e+01
3.597888549870405218e-04 -6.029723563306894185e+00 7.488743854841400927e-01 1.352151461632294938e-02 2.788688398835698745e+00 7.546104954104226437e+00
3.604229047017618558e-04 -6.025462831494347249e+00 6.914927359206809454e-01 1.804552640635175703e-02 2.941640507646167357e+00 7.792669867341967205e+00
3.613952116070366671e-04 -6.020268780260716213e+00 7.086491592335968370e-01 1.822283615111944255e-02 2.788488973927735870e+00 1.000534534822879884e+01
3.634562909745095265e-04 -6.012081863933952164e+00 7.080554482522345427e-01 1.780381405606066419e-02 2.908347593703371370e+00 8.509252774774530792e+00
3.644179169283461484e-04 -6.006939576288985450e+00 6.773066367930500320e-01 2.264396124216896261e-02 2.967478059115991496e+00 1.147830310969917278e+01
3.638511866581638568e-04 -6.005995952583932151e+00 7.220361818755844929e-01 1.429164025609398238e-02 2.654360795741702361e+00 8.093659702412931978e+00
3.631815753016889555e-04 -6.005337992120110435e+00 6.168360259580255578e-01 3.156418739413153346e-02 3.143609128530039598e+00 1.950165663674878758e+01
3.635296377186753611e-04 -6.001880080814036234e+00 6.164524145705733149e-01 2.894611487884516526e-02 3.114010572822700773e+00 1.596040578697118306e+01
3.627703668469619311e-04 -6.001470872893156283e+00 6.077937184835181528e-01 2.407143167335190972e-02 2.925959708987916130e+00 1.077718742478743508e+01
3.622926067937885081e-04 -6.000288717383042147e+00 6.548098496625389675e-01 3.003812138995156159e-02 3.090904923757397782e+00 1.525928652846232758e+01
3.613900954989052324e-04 -6.000282936907458620e+00 6.262095866448326165e-01 3.141233750564426108e-02 3.272593279451117443e+00 1.601025009569670488e+01
3.608059559819578330e-04 -5.999400613002847216e+00 6.408222168979101907e-01 2.921892400435488132e-02 3.044728649905425577e+00 1.473725203618401913e+01
3.602393395322276825e-04 -5.998472266184385226e+00 6.503670731231823154e-01 3.180927495468783422e-02 3.172644201962784738e+00 1.637201286093052843e+01
3.596942314766089061e-04 -5.997486595232896178e+00 6.738881965468046520e-01 1.982954618744637090e-02 2.778939251729810156e+00 1.043024922131716359e+01
3.589442383558105504e-04 -5.997073857255655227e+00 6.299897914730305803e-01 2.010472554565810588e-02 2.869260202415881089e+00 8.498645903591993900e+00
3.582939516365424423e-04 -5.996387165321301005e+00 7.536395893113249089e-01 1.126864203761025404e-02 2.679399523369239144e+00 7.414955724401141701e+00
3.590088837548122938e-04 -5.991893774748360713e+00 5.816581050368559991e-01 3.369736233690878019e-02 3.210344651777556457e+00 1.983751044614758285e+01
3.583402035087670905e-04 -5.991258084473128243e+00 6.191528973380323597e-01 2.387040213830286112e-02 2.898759404745422152e+00 1.083979202385119223e+01
3.576524557988488835e-04 -5.990679187748410683e+00 6.672813788183711292e-01 1.574058818026903908e-02 2.734258123355724823e+00 7.887256201038292502e+00
3.569872831175689015e-04 -5.990040749139831533e+00 6.728037300325369063e-01 2.868775762278552924e-02 3.125631190067997167e+00 1.468827073276887951e+01
3.569069976152126488e-04 -5.987765671806570822e+00 6.519207833730352730e-01 1.878965583714494944e-02 2.789469752389271306e+00 8.192584242725388322e+00
3.560737006084307987e-04 -5.987603175159128988e+00 6.247917866470267256e-01 2.383374480965079825e-02 2.933076194541025750e+00 1.197475484796217771e+01
3.559311880654259484e-04 -5.985503488547916362e+00 6.020158788380866044e-01 3.095874028455893046e-02 3.081734279572558854e+00 1.739252224629788302e+01
3.557776129710189328e-04 -5.983435055774755540e+00 7.286775635605283741e-01 1.839638887325499572e-02 2.744731518124630121e+00 9.274464034558253189e+00
3.553798544724176946e-04 -5.982053678747271341e+00 7.112557328414290669e-01 1.274567621630288625e-02 2.685219560514548576e+00 7.863490361267099438e+00
3.549827175433852748e-04 -5.980671803451618196e+00 5.961875427342215872e-01 2.821484158860180017e-02 3.133582225374146546e+00 1.334752865055164328e+01
3.548837183623626611e-04 -5.978450726856523900e+00 6.180314286782115918e-01 3.166478486356388150e-02 3.136458871795795744e+00 1.970438146972028903e+01
3.543464591171133714e-04 -5.977465776173588985e+00 7.052216437582687902e-01 1.365241876233333485e-02 2.672884791686630734e+00 7.536702152881669114e+00
3.535246336249135766e-04 -5.977287740920750991e+00 6.195454605593816444e-01 3.222541282912144006e-02 3.192737443253732543e+00 1.618984782894859364e+01
3.534182444121409541e-04 -5.975088724824486164e+00 6.297453472204737057e-01 2.910585225684053645e-02 3.020218868027136239e+00 1.600694348704506353e+01
3.527165342239240928e-04 -5.974576193620615427e+00 6.672611023532669661e-01 2.775301027698129364e-02 3.121581093534794071e+00 1.204449555940820993e+01
3.520884729723405674e-04 -5.973858421077610892e+00 6.864828630472172843e-01 2.264462174392936622e-02 2.984948806933567678e+00 8.783745097311435046e+00
3.529498442736906435e-04 -5.968914946137731548e+00 6.124067469195964009e-01 2.397680331306188337e-02 2.912145039104935940e+00 1.088729223962102921e+01
3.521011396945726503e-04 -5.968822445760721962e+00 6.194431147426389117e-01 2.437788157399341238e-02 2.910916421292933265e+00 1.212684174980605434e+01
3.518535084534508994e-04 -5.967025988956263127e+00 6.748520858249883458e-01 1.841910837736240869e-02 2.938713829090294105e+00 7.799207392589480925e+00
3.510329229010688092e-04 -5.966860892259501448e+00 6.990727614909065801e-01 1.359121474016613748e-02 2.739839446250034172e+00 7.677970928143060370e+00
3.512218192480922479e-04 -5.963822921234909202e+00 5.978249260751298255e-01 3.469826046079289156e-02 3.302079515186340242e+00 1.971901632554261852e+01
3.505401889061001146e-04 -5.963265547220450102e+00 5.942433136006562977e-01 2.695465436448701152e-02 3.075321847588335267e+00 1.255808323450090214e+01
3.504457110248219293e-04 -5.961035104373769045e+00 6.014152487594108809e-01 2.437926516803472915e-02 2.972888706265647496e+00 1.072278873466233762e+01
3.501781713291598781e-04 -5.959298822869252277e+00 6.335322590915651864e-01 3.335073339080209948e-02 3.203715138071318691e+00 1.788260996422041416e+01
3.497601864236094720e-04 -5.957993170773205449e+00 6.081633386796089225e-01 3.016437448647804609e-02 3.065600775349269558e+00 1.608389228608188759e+01
3.489558072430283585e-04 -5.957795621391838381e+00 6.772408100750072490e-01 2.376779722138591330e-02 3.092451421542991241e+00 1.019005396675958508e+01
3.489612599668730154e-04 -5.955279995684715999e+00 6.089852592296890466e-01 2.663076558820200168e-02 2.992020421760271276e+00 1.237764657156122183e+01
3.481114579915274218e-04 -5.955218198685483522e+00 6.161857283717727674e-01 2.770967324093985551e-02 3.091023596811282914e+00 1.200018968373624517e+01
3.475526271874860239e-04 -5.954324810083575947e+00 5.974554835609484638e-01 2.733939170291881798e-02 3.053958381438854452e+00 1.247085903084820657e+01
3.470317951939023483e-04 -5.953324504215540713e+00 6.932875908448172808e-01 1.906865038815726970e-02 2.783846092730458466e+00 1.028986866429987757e+01
3.462507723713962107e-04 -5.953077620591038510e+00 6.570147820079799139e-01 3.228831246901868457e-02 3.192521395806954043e+00 1.843383145407018375e+01
3.461075446122668085e-04 -5.950991359424409488e+00 7.131212202567689395e-01 1.684825642682040436e-02 2.825703759964069306e+00 9.012442240442172903e+00
3.455069375387640526e-04 -5.950228186052494372e+00 7.265651585184956796e-01 1.495521846936320037e-02 2.843033069439237615e+00 7.413343101401369317e+00
3.447163078722425764e-04 -5.950019126027561001e+00 6.461430289793390624e-01 1.997305518059290866e-02 2.832935911991053324e+00 8.391238656689388620e+00
3.445283815944685129e-04 -5.948064436815744926e+00 7.338896068111727677e-01 1.249745843349370569e-02 2.726831685596521559e+00 7.014577904949883091e+00
3.446749531918131865e-04 -5.945139100511764418e+00 6.409999126694934102e-01 2.057526897010681158e-02 2.866018713276666574e+00 8.459850510304413262e+00
3.452922910879122108e-04 -5.940849629878328209e+00 6.236547609878767551e-01 2.892966767157779603e-02 3.029038082510094654e+00 1.629167848396222951e+01
3.453785058783481353e-04 -5.938099974640947742e+00 7.609914749372662657e-01 1.286600501928565274e-02 2.674610658943081365e+00 8.072057989034011172e+00
3.446819066394528602e-04 -5.937618926787402884e+00 7.557016785464790720e-01 1.148005228781929198e-02 2.689680890537617053e+00 7.615608135502761833e+00
3.444062641599188288e-04 -5.935918947759800446e+00 7.282405440551622533e-01 2.027421575222369474e-02 2.927366321166000596e+00 8.581303748550354271e+00
3.435743655301874179e-04 -5.935837326996892926e+00 7.356574520717472643e-01 1.475039489847944883e-02 2.683694054393972905e+00 8.779652374222685296e+00
3.431097310425467264e-04 -5.934690597185813488e+00 6.690137084787823873e-01 1.800976432197701552e-02 2.792221333493174917e+00 9.372942543129530790e+00
3.429153570286365329e-04 -5.932757264564285649e+00 6.676088195600442532e-01 2.692949488971972324e-02 2.999676404707014576e+00 1.276796442791238917e+01
3.434757561333319324e-04 -5.928624378536287765e+00 7.036154999308263935e-01 1.745169395469861259e-02 2.827532503334380554e+00 7.246271804746525547e+00
3.432562772360330753e-04 -5.926763576634258790e+00 6.268874055968547410e-01 2.444071044821632260e-02 3.045946125614841016e+00 1.134323823327001612e+01
3.425153302535090521e-04 -5.926424492200770722e+00 7.037546106546092028e-01 1.314188912036233330e-02 2.729544910185762063e+00 7.265560711062143184e+00
3.416645884061760919e-04 -5.926411388593352036e+00 6.967846284918158828e-01 1.359838467368657683e-02 2.726403105953301598e+00 7.664840829306500680e+00
3.414594222813418503e-04 -5.924512058831236772e+00 6.792313387236637023e-01 1.603239323742949862e-02 2.779914423396163681e+00 7.230264238983480141e+00
3.419203299986841465e-04 -5.920663152061052870e+00 6.095915100726688740e-01 3.332893757291367082e-02 3.165170616372485757e+00 1.879311377449824860e+01
3.415820487630232384e-04 -5.919152998691562750e+00 6.446815496108415644e-01 2.228126461534333733e-02 2.951869946472807094e+00 1.083735704330306859e+01
3.410179207719826310e-04 -5.918305879279468940e+00 6.236355532569317628e-01 3.263018453529423907e-02 3.291860941158496257e+00 1.729461305712209196e+01
3.411391520018645061e-04 -5.915450444333480107e+00 6.509602570049106696e-01 3.219071631035923947e-02 3.162050415571704853e+00 1.961802267415340140e+01
3.403743934371441962e-04 -5.915194739816197256e+00 6.273888283716428926e-01 2.654188992102228528e-02 2.968941801373178535e+00 1.409583492750563316e+01
3.404791071105074522e-04 -5.912387144499128944e+00 7.416789544786259736e-01 1.919310211358082191e-02 2.878721662737299347e+00 9.047722663844853130e+00
3.397580584655698508e-04 -5.912007137206034102e+00 6.060317375404403739e-01 3.454503945914338958e-02 3.292461442360382851e+00 1.880474819334625991e+01
3.398505542883836859e-04 -5.909234933994803818e+00 7.385948510772571973e-01 1.917246817184818306e-02 2.890715949045443267e+00 9.067637876666701402e+00
3.397871799273177599e-04 -5.906921428528757900e+00 7.217814748291437876e-01 1.873873710617954269e-02 2.866417012376202500e+00 7.716305728549989418e+00
3.390506568070655240e-04 -5.906591382439403404e+00 7.523451721574028195e-01 1.645672454430033640e-02 2.829374694076009611e+00 8.448748357914579898e+00
3.387027679680287666e-04 -5.905117976645714251e+00 6.884701125323081650e-01 1.601180544802825040e-02 2.851860833192771061e+00 7.494491339372970629e+00
3.386697508011649385e-04 -5.902715462640420796e+00 6.680490086005390626e-01 1.788524417204541764e-02 2.794384614898788755e+00 9.238807467423058029e+00
3.401580206198672688e-04 -5.895830632596907428e+00 6.619753808104014148e-01 2.536337947888429173e-02 3.023872286854329516e+00 1.325481696294697898e+01
3.409932257021544956e-04 -5.890878297655524953e+00 7.320321650992740459e-01 1.651965692022356463e-02 2.793604385189141226e+00 7.336904452961099388e+00
3.406824272273748714e-04 -5.889290163863392102e+00 6.324176214672033725e-01 2.719286545864132987e-02 3.032942042071208988e+00 1.208772038248259051e+01
3.407002338083472905e-04 -5.886737897840215616e+00 6.303407953299117183e-01 2.859381181785466616e-02 3.013530650143100065e+00 1.494843734860850404e+01
3.398956857074645482e-04 -5.886602144972989059e+00 6.732557339940116181e-01 2.115423285130593398e-02 2.820028200070221480e+00 9.300279404471336164e+00
3.391827918789552506e-04 -5.886201737623695252e+00 6.730691265382290345e-01 1.642068089549353349e-02 2.761888614073170878e+00 8.600367393240187397e+00
3.397671484830032244e-04 -5.881980383180313687e+00 6.921445290762535674e-01 1.390088714626653253e-02 2.725287622164117796e+00 7.406363142593953341e+00
3.419698761621177028e-04 -5.873018256979733565e+00 6.560244387240168340e-01 2.112837400301597821e-02 2.989837622751500223e+00 9.328836460023978816e+00
3.413490130807267289e-04 -5.872335456129406772e+00 6.569080289994514432e-01 3.005289319362315290e-02 3.136597933558289419e+00 1.698364084580685329e+01
3.405075654815094212e-04 -5.872303564681311094e+00 6.659510068299447916e-01 2.117973189330773359e-02 3.028322648636721848e+00 8.591506967451458365e+00
3.401940482632318874e-04 -5.870724723773978582e+00 6.701303022483585670e-01 1.657220367694302657e-02 2.718747419820809252e+00 8.514921431069183200e+00
3.404689732586741401e-04 -5.867416908447744994e+00 6.681759940082718785e-01 2.504077314897917156e-02 3.011255895517579440e+00 1.303652109723752339e+01
3.406585094436000746e-04 -5.864360371838575503e+00 6.063019666069471292e-01 3.165148953532208320e-02 3.100526196610699614e+00 1.858688029894618410e+01
3.400030983500415614e-04 -5.863786178402706994e+00 6.903665139998391709e-01 2.314357596709983034e-02 3.057547927978981672e+00 1.003866779911454898e+01
3.396705823774122238e-04 -5.862264636179096655e+00 6.348948585798481759e-01 2.428145688205698982e-02 2.979575631332216812e+00 9.915220147102095538e+00
3.388405858535181248e-04 -5.862211160206260985e+00 6.636170681036693830e-01 2.803996257343311510e-02 3.108393746788794765e+00 1.244854530447579499e+01
3.393103206660497053e-04 -5.858325819913593691e+00 6.433453998272412599e-01 2.863091790677223941e-02 3.015886489764461942e+00 1.533196930680317038e+01
3.386776036451781243e-04 -5.857692275588876285e+00 7.084758354140051617e-01 1.951135726735115858e-02 2.816505869626531933e+00 1.037925485355317434e+01
3.387536212619461987e-04 -5.854967846556697886e+00 6.467400646143738330e-01 2.941949282007304614e-02 3.166107517362799939e+00 1.591280554629133270e+01
3.380599426071783840e-04 -5.854517684014727941e+00 6.296893124077368453e-01 2.952361731946238563e-02 3.124651741668131422e+00 1.677125468655742679e+01
3.372587035428060466e-04 -5.854390606619210402e+00 6.660323670635341919e-01 2.787477077596451150e-02 3.065228311523978011e+00 1.510582026852437210e+01
3.381884204750801098e-04 -5.849137711577198750e+00 6.562738317737007998e-01 3.066346632589355206e-02 3.106933807775311251e+00 1.759207667757384996e+01
3.374485698235621541e-04 -5.848827795772898241e+00 6.517675571121208655e-01 2.372935161515735830e-02 3.070858567525994509e+00 9.060635979370921689e+00
3.375298576495073350e-04 -5.846086935256382233e+00 6.148494801500333784e-01 2.979693314712208996e-02 3.200030780742296521e+00 1.346604866159190195e+01
3.368757661839047218e-04 -5.845526692718605588e+00 6.773219027762477085e-01 2.169936757999949700e-02 2.875105679449911023e+00 1.136626905296446388e+01
3.392150976976177068e-04 -5.836106496116666875e+00 7.110835301258543462e-01 2.156375706224754329e-02 2.911386631651067702e+00 1.077028202912650201e+01
3.385070511361246755e-04 -5.835695986095180032e+00 6.652326239481185510e-01 1.958599861764004357e-02 2.830318840944892944e+00 8.120242861891306063e+00
3.379270614620155633e-04 -5.834910831060679648e+00 6.335378123925822225e-01 2.673976381813441411e-02 2.961876086510075279e+00 1.373439279197111595e+01
3.384811662145898489e-04 -5.830772456913683399e+00 6.782790460129769494e-01 2.005923237023790606e-02 2.992344166878202927e+00 8.481902804945359975e+00
3.378268906304799030e-04 -5.830207302378262568e+00 6.981547286700570121e-01 2.131533100095718905e-02 2.878195309041935435e+00 8.897931276622760066e+00
3.375427037723673974e-04 -5.828548876761360020e+00 7.107171028042774674e-01 2.190002520666194108e-02 2.982995651046255414e+00 9.966583312329181155e+00
3.374701665571865333e-04 -5.826263797746271678e+00 7.369428585130409770e-01 1.620275248050674285e-02 2.865211063838899008e+00 7.780909085941757120e+00
3.375149730379522627e-04 -5.823631034880241586e+00 6.529108811784480881e-01 3.252278801740701719e-02 3.208906212340173258e+00 1.859059138014234591e+01
3.386050782698413067e-04 -5.817906441335477297e+00 6.624186290308294867e-01 1.748099122172618383e-02 2.761304302174167891e+00 8.861834321397605407e+00
3.380356234457382162e-04 -5.817089624026391625e+00 6.519691584690270325e-01 2.432948104922396521e-02 3.112766501773196026e+00 9.619582445748982025e+00
3.374832386438780633e-04 -5.816225062963716219e+00 6.439577460629096750e-01 2.181859028948221479e-02 2.918093397063638239e+00 8.739202276045894280e+00
3.366896231879971794e-04 -5.816079402236002061e+00 6.540577931054019079e-01 2.606135770386854358e-02 3.157778721179534287e+00 1.110669086341661149e+01
3.367284128818800581e-04 -5.813464199815372879e+00 6.348674243048126886e-01 2.924494022459539488e-02 3.191148843177223249e+00 1.277103463056832311e+01
3.362084925154410864e-04 -5.812509427802489803e+00 7.641488439821194634e-01 1.380681306081647623e-02 2.754848336940437736e+00 7.905404543540985429e+00
3.360198184787042551e-04 -5.810570766974330503e+00 6.876564747160675006e-01 1.624081196538441213e-02 2.699265492575299685e+00 8.750137292167469383e+00
3.363010708207495513e-04 -5.807234105900941579e+00 6.944087897791273445e-01 1.399186155699874527e-02 2.740503452516466432e+00 7.525272572391076942e+00
3.358046272201029351e-04 -5.806211384526544173e+00 6.859515979028775190e-01 1.519719149669882495e-02 2.759065159940045753e+00 8.124239747358149799e+00
3.355021585066458520e-04 -5.804612518673724075e+00 6.213669708199192065e-01 2.622650791058812880e-02 2.986436237808213434e+00 1.366321140000144041e+01
3.347189163117990232e-04 -5.804449784930587164e+00 6.380349882165928799e-01 3.207559619376051940e-02 3.118497277412489499e+00 1.835094726626620343e+01
3.354611954190121412e-04 -5.799734620983620914e+00 6.016870938212524056e-01 2.795937933022196384e-02 3.060875088468237859e+00 1.443797679831700798e+01
3.346460037019539121e-04 -5.799667641014626618e+00 6.991386531171196461e-01 1.782327601824279864e-02 2.729011519274457065e+00 8.460007874679224216e+00
3.339655116493277557e-04 -5.799203179655425089e+00 5.913584350806861956e-01 3.264701675055416141e-02 3.214422511939583060e+00 1.820258816583012518e+01
3.334495683408865993e-04 -5.798249274212427196e+00 7.298901590905271242e-01 1.672517393801746174e-02 2.867728282888479363e+00 7.265088229016205545e+00
3.327117792587036462e-04 -5.797964321322266912e+00 6.618441697741400676e-01 3.061444954160486009e-02 3.159529300979487143e+00 1.616579511284479764e+01
3.332018892575681727e-04 -5.793992328448315021e+00 6.149674835997015476e-01 2.867137533350466727e-02 3.140262165551524376e+00 1.269903811783635561e+01
3.323716468278576936e-04 -5.793987147774280366e+00 6.746597335716107979e-01 2.331497471499133223e-02 2.902027360761419317e+00 1.012673592574753378e+01
3.321969578632838504e-04 -5.792012869174190115e+00 7.553150287742205204e-01 1.425057346082429094e-02 2.790412165601270367e+00 7.327731925653678147e+00
3.315899876060112664e-04 -5.791341680152130245e+00 6.797946959472261907e-01 1.882892886683596584e-02 2.756750587546805242e+00 8.602265712126744290e+00
3.312288258922677499e-04 -5.789931455342969713e+00 6.843228978427144948e-01 2.659368189814364028e-02 3.044924605673128504e+00 1.290886133604596431e+01
3.308138639212726334e-04 -5.788685036212367407e+00 6.393344125601805317e-01 2.224710938174312425e-02 2.841494081439553732e+00 1.071234259773813768e+01
3.314684087218965698e-04 -5.784208401654038489e+00 6.553023392676319281e-01 2.903437518947500975e-02 3.181062056437383490e+00 1.463644004226977202e+01
3.307447846101745233e-04 -5.783893874269289803e+00 6.792621552389852546e-01 1.514805685382650084e-02 2.727677319519463683e+00 7.797238790846652279e+00
3.302527853653885624e-04 -5.782882531287087957e+00 7.021464905239089838e-01 2.349770066810313515e-02 2.932779649335705230e+00 1.144204952287628707e+01
3.299405955856618187e-04 -5.781328283886264074e+00 6.927599842061810120e-01 1.472635073435052400e-02 2.768702756161359524e+00 7.820418886183309048e+00
3.296894498367534390e-04 -5.779589758481868067e+00 6.679648219248981444e-01 2.789769590837586424e-02 3.145917145240873403e+00 1.249368046850509018e+01
3.289756338164879145e-04 -5.779257222091020552e+00 6.375085640774563744e-01 2.789923524610810751e-02 3.084009510158844947e+00 1.226142230912761377e+01
3.282135747119243685e-04 -5.779076369868350938e+00 7.419154828086766962e-01 1.499547891271189176e-02 2.685814255454635813e+00 8.206046887147675051e+00
3.282732437390011699e-04 -5.776394587003673031e+00 7.153940449225507647e-01 1.982405313841818437e-02 2.790903020596772421e+00 9.386117938759291235e+00
3.283383086858534757e-04 -5.773696403018560019e+00 6.762545921628452250e-01 1.830118402231785749e-02 2.900593666196232157e+00 8.510445343477087476e+00
3.277688325479450639e-04 -5.772932327672098296e+00 6.120678005823702028e-01 3.192628323451471989e-02 3.144725899501350064e+00 1.700402693346596905e+01
3.270551211138354643e-04 -5.772612185976716326e+00 6.896370953243082802e-01 2.300068527080002465e-02 2.911947606279132739e+00 1.185449929393841018e+01
3.263296913505224972e-04 -5.772332715280583670e+00 6.678502524474433377e-01 1.989364545872404980e-02 2.972718139200480891e+00 8.478790614593590291e+00
3.255484451846261365e-04 -5.772229625059093649e+00 6.354080721394017583e-01 3.234403419898285170e-02 3.270099542658154945e+00 1.634745714183083365e+01
3.251581073476492493e-04 -5.770929360584355905e+00 6.616896866479414774e-01 2.082281680709639066e-02 2.967965354502263065e+00 9.491911782665516384e+00
3.245848759751875090e-04 -5.770193847576598145e+00 6.548937119982900512e-01 2.410923449545245706e-02 2.987361041387982752e+00 1.230329078060024628e+01
3.239133390008964736e-04 -5.769764900969860832e+00 6.426447019601627675e-01 3.299159442518131286e-02 3.154811577463815908e+00 1.929307851707837784e+01
3.231764483389637705e-04 -5.769542455012238058e+00 6.816196696973370051e-01 2.105810515347556616e-02 2.803291039439839150e+00 1.068318164289432382e+01
3.226501088780883578e-04 -5.768672426934348785e+00 6.770608857014315252e-01 1.760624466817103939e-02 2.733281099519784263e+00 9.228335579357262120e+00
3.223985732939207440e-04 -5.766952323409975989e+00 6.645084103739895554e-01 2.091258857380577652e-02 2.796456069020572865e+00 9.760362522839679755e+00
3.218934859874206787e-04 -5.766020206802901171e+00 6.431677483789068894e-01 2.811100594438376010e-02 3.150860806269743186e+00 1.192563434107175979e+01
3.212675543330024866e-04 -5.765466630211013133e+00 6.986494602059007963e-01 1.854478202587120025e-02 2.794573172908572545e+00 7.980559293359484663e+00
3.221311692076326292e-04 -5.760282088381234011e+00 6.183562447412362939e-01 2.532616954160393785e-02 2.968686382437326188e+00 1.131377651437804133e+01
3.216146196907205732e-04 -5.759386913256777873e+00 5.963048448179510963e-01 3.126874940195382285e-02 3.167269545838352407e+00 1.608649479988973496e+01
3.208120143863998040e-04 -5.759385582145414517e+00 6.854138013454581513e-01 1.671047916908623490e-02 2.771436194313016355e+00 8.951667923880275879e+00
3.201550049381255108e-04 -5.758935639819425134e+00 7.512218619450552470e-01 1.402988514282734779e-02 2.749960633684989553e+00 7.226070831619619383e+00
3.194659917725471221e-04 -5.758590082639887697e+00 6.374305386589491640e-01 2.143782161673789266e-02 2.850118717466540552e+00 1.044989708445352861e+01
3.189071200595113790e-04 -5.757841008064085386e+00 6.059179001384019658e-01 3.144350127358765817e-02 3.108810474017843273e+00 1.842926670505903886e+01
3.192019467969968915e-04 -5.754416944220526631e+00 6.001642698253082386e-01 3.371047567938297712e-02 3.226704251012958657e+00 1.861827068274918418e+01
3.192910989055867130e-04 -5.751637686334257538e+00 6.569338470086212300e-01 2.464118925267941296e-02 2.933504146041544303e+00 1.294218444347677455e+01
3.188864505114455275e-04 -5.750405823857242638e+00 6.322101507738293602e-01 3.236945750324362464e-02 3.186037937764444550e+00 1.682525769930127524e+01
3.182575191316343939e-04 -5.749880045113508586e+00 6.287996275421948722e-01 2.798719600924735873e-02 3.170847114153569013e+00 1.185985102348255893e+01
3.185247883969240679e-04 -5.746540608220167101e+00 6.778586149313777787e-01 1.933070289329772914e-02 2.755322400015887130e+00 9.181551290521179354e+00
3.181040193365968199e-04 -5.745362474640548278e+00 6.398775661529522152e-01 3.017309651989353095e-02 3.076237547075888479e+00 1.595569251315175840e+01
3.177115971570981107e-04 -5.744096864671707436e+00 6.491341690862629799e-01 2.165402977913586519e-02 2.859060845960684993e+00 9.239901278521735151e+00
3.170983723493825336e-04 -5.743528860159855753e+00 6.417502992108887749e-01 3.413163007877528105e-02 3.244192680689263586e+00 1.935948233247054162e+01
3.163968613094680677e-04 -5.743243592929379027e+00 7.374805319652096847e-01 1.549444890814573490e-02 2.753209318041355491e+00 8.851185306655882101e+00
3.175712756374638617e-04 -5.737038625430338712e+00 7.175786738541549692e-01 2.063967636762525579e-02 2.887476480011881730e+00 8.752664837276665111e+00
3.168525000933242360e-04 -5.736804542563887388e+00 6.708397787862743211e-01 2.482324833111776430e-02 3.114935882853384186e+00 1.014546051836679297e+01
3.179378662158746519e-04 -5.730884934334716796e+00 7.432158064153141508e-01 1.432874872793211442e-02 2.714288259390522207e+00 8.550223658510921254e+00
3.177017847499546748e-04 -5.729127749785003054e+00 7.392952313474655535e-01 1.461080495601933642e-02 2.700215527127334258e+00 7.666902163953423610e+00
3.172398985722854029e-04 -5.728082643269789997e+00 7.331268317139223445e-01 1.768658452121241870e-02 2.776784874746682785e+00 9.494552878473530910e+00
3.174129735274276070e-04 -5.725037227131172912e+00 6.975894176452015483e-01 1.423852350232015888e-02 2.698114586781007684e+00 8.026248651628030473e+00
3.166831191885742698e-04 -5.724839258856487589e+00 6.858159642952771362e-01 2.474460783312305498e-02 2.942235944129403258e+00 1.226587500304972522e+01
3.160834773725597650e-04 -5.724234561164716517e+00 6.293672296954725409e-01 3.053608865860488186e-02 3.246855075773960486e+00 1.450050707048822396e+01
3.159337189013015652e-04 -5.722208467491769923e+00 6.323994764799490964e-01 2.645211722131974447e-02 3.019477233382499293e+00 1.397111964433499054e+01
3.156562668066374808e-04 -5.720587050492738079e+00 6.022191838724006985e-01 2.619213851556319306e-02 3.020737562550665167e+00 1.211152686631750974e+01
3.152989683239655421e-04 -5.719219614265793616e+00 6.318531411518629737e-01 3.409690257629943017e-02 3.295099471051622153e+00 1.893235220305222199e+01
3.146499299669161531e-04 -5.718780221367315342e+00 6.777530983110254814e-01 2.151469782593464636e-02 2.894063979453912694e+00 1.109725263356204827e+01
3.142499903301001585e-04 -5.717552092066680913e+00 6.346162485754078819e-01 2.841235257758788213e-02 3.195069570114707602e+00 1.339896520238239930e+01
3.134820225288525541e-04 -5.717498894742529814e+00 7.150221046743756581e-01 2.076749791928782229e-02 2.966927494638271323e+00 9.245853438635641908e+00
3.133330186040021313e-04 -5.715474326625553658e+00 6.403555702510161929e-01 2.486203449147669775e-02 3.110788215822378966e+00 1.058848848601964043e+01
3.129224535573813058e-04 -5.714285501134014567e+00 6.528972549448480711e-01 1.984138892126413242e-02 2.801776637982952511e+00 9.860632543076187417e+00
3.122182371642000741e-04 -5.714038487386592813e+00 7.566132510904408637e-01 1.287731563631754755e-02 2.720238832615303970e+00 7.404436873392651997e+00
3.115538204672350627e-04 -5.713668807076651923e+00 6.179873584985121626e-01 2.827534328129893346e-02 3.172694240765599805e+00 1.329874922660166092e+01
3.108035676233935046e-04 -5.713579811498322059e+00 6.285203328817325907e-01 2.874870128373433614e-02 3.028892233282983515e+00 1.569726379683650919e+01
3.106094715548631847e-04 -5.711704504134636373e+00 6.614213659130903089e-01 2.323089144089587540e-02 2.944290688513948595e+00 1.192161984117762863e+01
3.100602609598516243e-04 -5.710974239984742518e+00 6.250111771617400391e-01 2.256749180684820485e-02 2.884061938161354810e+00 1.066986309873175109e+01
3.100139027874887964e-04 -5.708623764590541327e+00 6.229423411550615297e-01 2.475756156291351873e-02 2.925773165431579503e+00 1.195538538525110184e+01
3.103644803601268232e-04 -5.704993558833926670e+00 6.293025912920556797e-01 3.178385814966210726e-02 3.111723345587849465e+00 1.930756885396274924e+01
3.101502955527106996e-04 -5.703183904412266969e+00 6.282291897111113022e-01 2.361207881834831435e-02 2.896336235802289938e+00 1.083536447068440545e+01
3.102486052347051284e-04 -5.700366980308458231e+00 6.027395316698769268e-01 3.220861968830115996e-02 3.146367278707743687e+00 1.936242271991234531e+01
3.096754491365702531e-04 -5.699716097978300589e+00 7.013217139519516419e-01 1.758885383634332250e-02 2.906310113227991820e+00 7.307765069973589434e+00
3.093602969280491032e-04 -5.698234301653134715e+00 7.533081240997950845e-01 1.446245266817398380e-02 2.696990519097080430e+00 8.054732322125213173e+00
3.091925042369487618e-04 -5.696276834788221777e+00 7.022621848883900952e-01 1.500674511618311016e-02 2.702546873469989119e+00 8.522743617320850618e+00
3.092103978748113606e-04 -5.693718964303440266e+00 6.482803337012285061e-01 2.662804045374842984e-02 3.085608527150073943e+00 1.104360575853065107e+01
3.086106354354277610e-04 -5.693160505932654658e+00 6.179796311580904034e-01 3.296291663558411494e-02 3.261877250354789481e+00 1.690958867432352974e+01
3.083185441620781616e-04 -5.691607425951469068e+00 6.653472832773348333e-01 2.901202627864199121e-02 3.098359792145739977e+00 1.546461613189040030e+01
3.086126494800052510e-04 -5.688153979786845227e+00 6.798384828857082507e-01 2.274184612935177541e-02 2.944655896940521433e+00 9.194112595200472526e+00
3.080575611330839902e-04 -5.687454256457546542e+00 5.952573162438055121e-01 3.241795428843782800e-02 3.201200144088566457e+00 1.834493956154290473e+01
3.075387639416569995e-04 -5.686639767865326434e+00 6.318275847941347001e-01 3.013240246345296955e-02 3.168556193986018066e+00 1.398182969185242541e+01
3.069006071623553650e-04 -5.686216968769990388e+00 6.956881214002615943e-01 1.540453191532517238e-02 2.695997143555720399e+00 8.477671620676506592e+00
3.069334506453195196e-04 -5.683609957819467873e+00 6.332042112059239614e-01 3.039084127912224792e-02 3.101794800965409937e+00 1.788018378276227338e+01
3.065971770380557975e-04 -5.682206149682636820e+00 7.288462739029737403e-01 1.699465178406264071e-02 2.822955500938928886e+00 7.416139619943052708e+00
3.065831278137934866e-04 -5.679751973803716325e+00 7.011456044326391801e-01 2.259682596260970469e-02 3.019439946060679780e+00 9.458916598400950448e+00
3.058363888732069415e-04 -5.679690626688908672e+00 6.490756947666465049e-01 2.536365084911211890e-02 3.010745363755490622e+00 1.316440898287047290e+01
3.055164586607712895e-04 -5.678237257101877766e+00 6.315760665841603227e-01 2.414394326590751233e-02 3.036280040586228246e+00 1.109472788337674132e+01
3.049347875536592006e-04 -5.677642966318649620e+00 6.421293061540647162e-01 2.782975008682296927e-02 3.086738286392742836e+00 1.224043292961218654e+01
3.050596473184230876e-04 -5.674733586300179766e+00 6.480820285209103471e-01 3.003126759345573285e-02 3.100492125078682548e+00 1.728272618973128516e+01
3.043334503528222017e-04 -5.674616932327988472e+00 6.005899544617491204e-01 2.973361827144195210e-02 3.098850902983691924e+00 1.517813868782205233e+01
3.044794545465793817e-04 -5.671637296645563708e+00 6.581722027583161161e-01 2.262834137026827758e-02 2.962070845829800181e+00 8.898475765238920587e+00
3.037944539992215435e-04 -5.671389574204419581e+00 6.259683112338154665e-01 3.080737866721290977e-02 3.115538001515827382e+00 1.586592167281508736e+01
3.044775231581705308e-04 -5.666643639912755326e+00 6.679709571713515759e-01 2.037012660443093814e-02 2.937022888725009828e+00 7.909005091834631074e+00
3.046702908869315619e-04 -5.663510730360257206e+00 7.349835596848007802e-01 1.462835807015425496e-02 2.766759542045072351e+00 7.140716403668502466e+00
3.040978790384924672e-04 -5.662891288659503530e+00 5.951598367295369840e-01 3.154338659653123378e-02 3.171294289656234611e+00 1.726790070820997158e+01
3.041570988987124025e-04 -5.660196568147363827e+00 6.770631066547595500e-01 2.657451603031031617e-02 3.043685040085950533e+00 1.351078472896796967e+01
3.043097087896833074e-04 -5.657194947049081435e+00 6.762950986852799273e-01 2.550945080453372732e-02 3.047299073590610696e+00 1.073617748806817573e+01
3.036900893992383523e-04 -5.656733170110339159e+00 6.816195953430869148e-01 1.957896977295697782e-02 2.857272235842012176e+00 1.005081764523731458e+01
3.030421290503447409e-04 -5.656369073151345184e+00 6.587529992422885838e-01 2.684935616352830678e-02 3.160703281445748303e+00 1.167281858724439303e+01
3.024552835769756800e-04 -5.655807465107711707e+00 6.056549805716231472e-01 2.633014099016826523e-02 3.061867909408808153e+00 1.192072348996757292e+01
3.018074215260435275e-04 -5.655451771859403287e+00 6.153819793477889322e-01 2.897834325940920261e-02 3.137928467685049849e+00 1.316562799303424569e+01
3.012551177442135777e-04 -5.654783435742596787e+00 6.430741148005211238e-01 2.327598982779107914e-02 3.034068206791222799e+00 1.042910740787604951e+01
3.015314126889705182e-04 -5.651366710002536209e+00 6.418422294247683180e-01 2.505655662550281340e-02 3.101140168176407919e+00 1.119742352202021429e+01
3.019712598033750476e-04 -5.647409062133410096e+00 6.381055439153641151e-01 3.119925851547660639e-02 3.117025674193799389e+00 1.673072988541845163e+01
3.013766839514673028e-04 -5.646879984718075285e+00 6.898879464380309745e-01 2.244141713294152060e-02 2.872762824977989293e+00 1.140866268632718850e+01
3.011820642801537272e-04 -5.645025962155636456e+00 6.598794009605682964e-01 1.732322519350527543e-02 2.793168197341289627e+00 8.072784500935220819e+00
3.004995610076369086e-04 -5.644794615664594062e+00 6.825861957061480911e-01 1.608972584132866909e-02 2.720428253734105795e+00 8.523886509344988482e+00
2.998529965056725500e-04 -5.644448565852199451e+00 6.020367056076070256e-01 2.997345267352273523e-02 3.172398709824749030e+00 1.499762844435142739e+01
2.992898980772927629e-04 -5.643828246306616059e+00 6.680365210403036436e-01 1.715976222131758433e-02 2.739777077826167417e+00 8.437468465109338567e+00
2.986515577280032504e-04 -5.643463373702767960e+00 6.451290067166584041e-01 2.762005568185525381e-02 3.079385365910279226e+00 1.482462528539018187e+01
2.979676811901737685e-04 -5.643255880523650347e+00 7.230757560310761001e-01 2.001493154133882763e-02 2.913032183533686759e+00 9.499661476203483446e+00
2.975317267300346788e-04 -5.642220044995430506e+00 6.723370320880438511e-01 2.281897957883656514e-02 3.069446127534535940e+00 9.249624614931498456e+00
2.968843366637019879e-04 -5.641898284656758911e+00 6.504653622400072832e-01 2.049176338498302080e-02 2.812639294510006049e+00 1.006231085339813269e+01
2.962231000652368307e-04 -5.641628021906619495e+00 6.804579668123484915e-01 1.698067771296464176e-02 2.725127262831509967e+00 8.219827272354738312e+00
2.963915052163548780e-04 -5.638559675618322942e+00 6.931293154520872246e-01 1.960995825106483584e-02 2.766904297202436247e+00 9.442616696677543331e+00
2.961136312829288470e-04 -5.636997638638998609e+00 7.151962024544317176e-01 2.066179830599095338e-02 2.967076938579752632e+00 8.876271657623684419e+00
2.960462972432922673e-04 -5.634725057066633624e+00 6.709226706332915846e-01 2.468708784144668655e-02 3.107754939175527475e+00 1.046074632829717466e+01
2.954403796878647573e-04 -5.634273853061563031e+00 7.008694588537750514e-01 1.916208218428845297e-02 2.816976472325593672e+00 1.012595193993938203e+01
2.951470029732050681e-04 -5.632767361380250470e+00 6.549529428346715365e-01 2.098786397323646954e-02 2.807153921750990655e+00 9.906561150705258001e+00
2.948924892162611377e-04 -5.631130062186205265e+00 6.999705441703002462e-01 2.297720205672644858e-02 3.004036649400499748e+00 9.558284170575875649e+00
2.947510187672960371e-04 -5.629109912976607788e+00 6.493847423464532698e-01 2.598257934005445205e-02 3.142863145426738392e+00 1.136991065271676327e+01
2.942174395383273305e-04 -5.628421824522709116e+00 7.029046508604702703e-01 2.114466549483218563e-02 2.862411917066522093e+00 1.081545610431129667e+01
2.936132520307010735e-04 -5.627977476699613568e+00 6.974632020863998916e-01 2.091779399524109143e-02 2.835936424943894973e+00 1.077240240538302629e+01
2.932919039557459716e-04 -5.626572536450884066e+00 6.434304357338990199e-01 2.857072497516379567e-02 3.064090134157641199e+00 1.592963597938306819e+01
2.926558869688761764e-04 -5.626243437157419258e+00 6.860543400492433719e-01 1.826414993426061367e-02 2.878057037074608804e+00 7.399622574726535618e+00
2.919329043001855245e-04 -5.626216912694733452e+00 6.792239901413322789e-01 1.851638574247423466e-02 2.823061646858687546e+00 9.546067110621518026e+00
2.914680355680888068e-04 -5.625310563985691736e+00 6.478443997417240308e-01 2.354100601046153762e-02 3.076581828713838007e+00 9.498854884909794905e+00
2.910718080887195343e-04 -5.624170908843768579e+00 7.204387734372836860e-01 1.574784618518191084e-02 2.852957941667388475e+00 7.369652940464572310e+00
2.905450752280869069e-04 -5.623482180214139703e+00 7.245934335584115482e-01 1.911668985674412624e-02 2.927390193347783498e+00 8.519931551800731029e+00
2.901145425191857248e-04 -5.622465089562881602e+00 6.420719617450518779e-01 3.003497899573846427e-02 3.219646046439856413e+00 1.497504341586036603e+01
2.895732568290132437e-04 -5.621832597721915903e+00 7.314870726533529988e-01 1.782036326571465046e-02 2.877634861868977545e+00 8.627840226642648602e+00
2.889172910473409303e-04 -5.621600451761103123e+00 6.267230457310145608e-01 3.276598210473781470e-02 3.215600536428898870e+00 1.995486622861648129e+01
2.888391443495725414e-04 -5.619370969555310680e+00 7.091614938859817086e-01 2.028307694092740948e-02 2.851669414431516447e+00 8.700915928132545218e+00
2.882995055117579947e-04 -5.618741019309236862e+00 6.101867904463784686e-01 2.905110142421342065e-02 3.167906680266372899e+00 1.416354082039889128e+01
2.877514572824974482e-04 -5.618143796771690290e+00 6.299656213685107531e-01 3.266690626808856773e-02 3.178199646110941856e+00 1.765622827786395632e+01
2.871918640397686157e-04 -5.617590400545243057e+00 6.771718989318642468e-01 2.220527040704274938e-02 2.923496088679232496e+00 8.996462387488865176e+00
2.866138936611137668e-04 -5.617104917013098664e+00 6.219314927355948930e-01 3.041602202672550118e-02 3.220211605247349063e+00 1.554498905815475140e+01
2.867315776830545258e-04 -5.614194400040433131e+00 6.252544312180201569e-01 2.723740630854439362e-02 3.133291267722027040e+00 1.153410714451815267e+01
2.863333878405288960e-04 -5.613084085086857300e+00 6.862817896718268473e-01 2.166638195543718615e-02 2.836849341758370890e+00 1.097600851400203403e+01
2.859030802620708646e-04 -5.612088035581285439e+00 6.853173501647187305e-01 2.175733221179643531e-02 2.979393371554337477e+00 1.034658680964737698e+01
2.853327905208494220e-04 -5.611584723674095443e+00 6.147555384321274907e-01 2.848848939075245695e-02 3.059159646616285144e+00 1.380745208017847503e+01
2.849165877502486655e-04 -5.610544445895153665e+00 6.790708660802617924e-01 2.664325502770297643e-02 3.053269518651752445e+00 1.233016539385290500e+01
2.843383624290822163e-04 -5.610075962774714320e+00 7.072876716332897606e-01 2.059610356615230661e-02 2.813102702845429626e+00 1.012927164203385111e+01
2.837742845166417839e-04 -5.609561759432606820e+00 6.326122317907445503e-01 3.124643899598717953e-02 3.250528526049855316e+00 1.538431091866033285e+01
2.844620366849822291e-04 -5.604641102820180798e+00 7.345435707542689041e-01 1.387923443957253360e-02 2.680080798799291397e+00 8.082443397203185498e+00
2.838282032691653552e-04 -5.604371771707581829e+00 7.129414237807333299e-01 2.110287690081192116e-02 2.879175480160831579e+00 1.050167940914638010e+01
2.832277529081046134e-04 -5.603989554190736300e+00 7.202003831473402506e-01 1.445296473925402649e-02 2.701844772000288053e+00 7.550439392670325489e+00
2.826802593013739897e-04 -5.603424475646987979e+00 6.466673583295036165e-01 2.334137388491365137e-02 2.996474681939066631e+00 1.118815704256337717e+01
2.819844550844931904e-04 -5.603388963160835345e+00 6.930199502716581916e-01 1.944748537540707395e-02 2.783044663046228440e+00 8.804236012383864107e+00
2.819044327287385061e-04 -5.601172786296992001e+00 7.307482265213411932e-01 1.703621074920898606e-02 2.874746787324522046e+00 7.528889854583542096e+00
2.812199872222098294e-04 -5.601103673040045194e+00 7.201617214856245175e-01 1.471368193735656318e-02 2.728202515153907104e+00 7.339321168192695310e+00
2.813785892851984258e-04 -5.598039853386695519e+00 6.374642820174212243e-01 2.237085154075292223e-02 2.879422015330585172e+00 9.795850948805506775e+00
2.809487479668028548e-04 -5.597068647644560357e+00 6.868995608134662589e-01 1.559200854554567729e-02 2.774176718283278831e+00 8.126986556429269370e+00
2.806992807484133719e-04 -5.595456987750960565e+00 7.078669319305042062e-01 2.245070510991728496e-02 2.911856498559486361e+00 1.019943654420569423e+01
2.808743766719115111e-04 -5.592333397499323233e+00 6.561515267604245416e-01 2.510988598260038840e-02 2.989463870406609658e+00 1.306946179687743381e+01
2.804184735260029657e-04 -5.591457873015108326e+00 6.286043307269105762e-01 2.197793173326954841e-02 2.941353044891835467e+00 9.764062016828285451e+00
2.798413597835661864e-04 -5.591018038360705766e+00 7.083352993923512919e-01 2.129537643140994724e-02 2.987234321316292629e+00 9.133388310784743780e+00
2.792513861300180422e-04 -5.590628507068597486e+00 6.469764467392449259e-01 2.507900262487737855e-02 3.121526207253046969e+00 1.038710096457050014e+01
2.790247821400191502e-04 -5.588940306014436032e+00 6.738391589162513462e-01 1.689191546053077364e-02 2.807958069003776203e+00 8.364926862587374501e+00
2.785701941065469277e-04 -5.588070837685462422e+00 6.467988446558540216e-01 3.227944714849315111e-02 3.225698562887079568e+00 1.770954514553279324e+01
2.781342714013922222e-04 -5.587136921025043002e+00 7.447073843551862415e-01 1.327543490304393566e-02 2.693650533249296597e+00 7.985810025793774081e+00
2.775002761073754845e-04 -5.586918980598198914e+00 6.212067283842270804e-01 2.843884408078656625e-02 3.158114120269079894e+00 1.401858121213322228e+01
2.769369469540035799e-04 -5.586451056814544458e+00 6.480047229258254493e-01 2.506530624113575967e-02 2.927885074473771887e+00 1.194746196240140357e+01
2.763355208217104690e-04 -5.586125126207883262e+00 6.692480978296473371e-01 2.820612744040797149e-02 3.076646507165985422e+00 1.439535955778439025e+01
2.758239647908689051e-04 -5.585478055263829233e+00 6.694433375383419538e-01 2.101013032755823934e-02 3.007795207829240702e+00 8.274283352434533612e+00
2.755637514335870027e-04 -5.583921904279476323e+00 6.195501833894581090e-01 2.597731626713795788e-02 3.053889380847567558e+00 1.255389302458861067e+01
2.756467708264720385e-04 -5.581120678558415982e+00 7.344017068361735623e-01 1.401770750421328648e-02 2.757996655956461041e+00 7.169707983112416194e+00
2.756436270186664295e-04 -5.578632083828010124e+00 7.349611772707101975e-01 1.782188129967381129e-02 2.787885098877650680e+00 9.352439410414509879e+00
2.751260949862775729e-04 -5.578011388967815343e+00 6.249268925872385472e-01 3.101923891315747431e-02 3.216030383205445986e+00 1.680343821968879681e+01
2.751562720170920443e-04 -5.575401710618463902e+00 6.721078222129335256e-01 2.636029153075566608e-02 3.108305783225105756e+00 1.132710420533051732e+01
2.745666914306496196e-04 -5.575046721293673180e+00 7.191832701231819502e-01 1.889609366208312713e-02 2.771972458338068712e+00 9.160667637352313264e+00
2.740984760190722132e-04 -5.574253465417460696e+00 7.309197766140840269e-01 1.383411819842126668e-02 2.776255900891456463e+00 7.261893552031173371e+00
2.735729358656714466e-04 -5.573672646529729491e+00 6.539283205551205125e-01 1.876716176772030148e-02 2.794990050560327788e+00 8.483843892365289463e+00
2.730398689878728562e-04 -5.573123083994992122e+00 6.781381137645929869e-01 1.844559748247751041e-02 2.808457901784643607e+00 7.870259731491692001e+00
2.724180123366609012e-04 -5.572903212092587211e+00 6.897549716902782180e-01 2.453902650819947406e-02 2.997286137463698097e+00 1.199781057030578069e+01
2.717552362260189868e-04 -5.572839114409043226e+00 7.412202020345520781e-01 1.394873958378662834e-02 2.728024514861970840e+00 7.351873148204972175e+00
2.711773596898946182e-04 -5.572467838153723818e+00 7.199929229579348222e-01 1.696122288924599084e-02 2.720554217498483585e+00 8.501913720689900700e+00
2.709406388786503458e-04 -5.570841156608059563e+00 6.092167155178546123e-01 2.997855461807574784e-02 3.146474514372555653e+00 1.614947504853823546e+01
2.704306407154861980e-04 -5.570225254761234979e+00 6.559015417198126308e-01 1.875969413541575884e-02 2.830698979593762488e+00 8.066865682311036068e+00
2.697940979706177421e-04 -5.570081840803565498e+00 7.014020644721780107e-01 1.442922668166832581e-02 2.762879874885912024e+00 7.707528859923245435e+00
2.694754601718753542e-04 -5.568763579438773981e+00 6.653362675302884055e-01 1.795070944538806890e-02 2.854119667724538179e+00 7.687419281002160432e+00
2.701154763722287441e-04 -5.563891350933259261e+00 6.718100980951136059e-01 2.556131155371059102e-02 2.958306965573587188e+00 1.248227335431711182e+01
2.695126221400876744e-04 -5.563625684114217762e+00 6.548091103793954870e-01 1.937730129687926725e-02 2.848677331847311756e+00 9.342925701156127971e+00
2.702381770487128319e-04 -5.558437201404276884e+00 7.214998242164808451e-01 1.877778707962004731e-02 2.925894753846144170e+00 8.063755494456987805e+00
2.696142081938334269e-04 -5.558248830100533056e+00 7.099745259899233885e-01 2.040675056630094839e-02 2.812610953840164463e+00 9.839501382974766841e+00
2.689888628781283856e-04 -5.558070931961027306e+00 6.310590403938569626e-01 2.313752734318148818e-02 2.967890366261983992e+00 9.506325242806067166e+00
2.684075453456891461e-04 -5.557734391747080060e+00 6.393802407617069639e-01 2.000015592194382200e-02 2.854154686422869069e+00 9.043372255650238500e+00
2.677661920428715250e-04 -5.557626726783208682e+00 7.016886840388212310e-01 1.797272341261502496e-02 2.818190622926218580e+00 7.628121098304055714e+00
2.672077754306222651e-04 -5.557214367861135429e+00 6.298127686305794448e-01 2.687114389249649696e-02 3.148987298637067056e+00 1.150797447410740837e+01
2.668824554630957026e-04 -5.555932589011574940e+00 7.246882536356910043e-01 1.498684270438053849e-02 2.730013580264507134e+00 7.433682284962399578e+00
2.668139586936846817e-04 -5.553689277151013570e+00 6.596974800376238512e-01 2.080027973667789368e-02 2.975339043670464978e+00 9.094064334116666259e+00
2.665963636376618862e-04 -5.552005140882864787e+00 6.138905113764392407e-01 2.761779880043232702e-02 3.038169775753496893e+00 1.426954277431686968e+01
2.662856388545444637e-04 -5.550671345847121074e+00 6.398292695158902532e-01 2.632593876076168293e-02 3.070441344103167935e+00 1.099119805973670161e+01
2.666423299175120238e-04 -5.546832736739959913e+00 6.259273974813809316e-01 3.089422420619290788e-02 3.224334585226330319e+00 1.625905959520330413e+01
2.660481735208794257e-04 -5.546563512919345129e+00 6.508043796630181843e-01 1.930499060934008984e-02 2.889110128875347350e+00 8.479454336556633720e+00
2.654323580876744916e-04 -5.546380872341435619e+00 6.573543351605517504e-01 2.693520227572777925e-02 2.992890924839611166e+00 1.338869011037322743e+01
2.653944009555992485e-04 -5.544023883715647472e+00 6.554031712612125027e-01 3.051373355042308680e-02 3.179083293160267054e+00 1.587273227637389184e+01
2.649917617525318863e-04 -5.543042170989050277e+00 6.542329501408924441e-01 2.378976787578330684e-02 3.086548585482776108e+00 9.813203846942290198e+00
2.644177098645778446e-04 -5.542710821697863999e+00 6.685399505606943737e-01 2.795444451430587410e-02 3.103788604648065608e+00 1.409470429056810303e+01
2.638986638465761121e-04 -5.542175728374339805e+00 6.559435100917124783e-01 2.067055207452982851e-02 2.814831207625070775e+00 9.334660078851991116e+00
2.637579149416198520e-04 -5.540209215168415469e+00 6.242226949873875830e-01 3.113079507623425085e-02 3.217064124908676881e+00 1.688841653394578657e+01
2.631085501729545193e-04 -5.540174223440796908e+00 7.505522307591482312e-01 1.618631469697423553e-02 2.816268313221619302e+00 8.158339809679745258e+00
2.625977077116688836e-04 -5.539617676136718849e+00 6.687998574513180916e-01 1.867679180895138319e-02 2.796007896423289285e+00 9.498579396502270455e+00
2.619805721759252198e-04 -5.539470559754332335e+00 6.537934345047072826e-01 2.994370754510709137e-02 3.122655961347891029e+00 1.661529898610088196e+01
2.616834138618680293e-04 -5.538105479679615861e+00 6.094235242050153323e-01 3.246889883125502613e-02 3.157906603925860090e+00 1.963642799042017018e+01
2.611448620450768608e-04 -5.537665628420935349e+00 6.301457026572684361e-01 2.957992287168945827e-02 3.142793153307617438e+00 1.374703244476355302e+01
2.609194848586479415e-04 -5.536029036166617345e+00 6.232556193071100425e-01 3.114213808994746938e-02 3.242699638541067131e+00 1.548397654701766157e+01
2.602791224744402908e-04 -5.535986305612143887e+00 6.422916613761319171e-01 3.098496940360651042e-02 3.110039901709132248e+00 1.787550141701734674e+01
2.601266892340608388e-04 -5.534072130141040269e+00 6.746713977427362119e-01 2.390242668003423124e-02 3.004488285107213663e+00 1.182911357020430820e+01
2.598989092430332927e-04 -5.532448163960380860e+00 6.933795666116298051e-01 1.993942076618874029e-02 2.838970338504854585e+00 8.429921428242636239e+00
2.595969578587977171e-04 -5.531110642576138936e+00 6.251230530886469072e-01 2.896829193992233806e-02 3.046420338456393040e+00 1.542644841276299061e+01
2.593746621201613116e-04 -5.529467320450892842e+00 7.354042677298279207e-01 1.530944498814698455e-02 2.701127233052131871e+00 8.496844403308669413e+00
2.589032606344360147e-04 -5.528786427902800504e+00 6.574959206222128483e-01 2.427243506288373834e-02 3.051883621932562463e+00 1.145863275938086190e+01
2.584769198436012955e-04 -5.527934503741118277e+00 6.829345462659243138e-01 2.509155873655710342e-02 3.002390916949854827e+00 1.251012974216309281e+01
2.582027371600160450e-04 -5.526495829479829425e+00 6.527202312644146964e-01 2.870352666889321516e-02 3.147998569806427671e+00 1.483550161536585321e+01
2.583065554795047633e-04 -5.523593829661560761e+00 6.136371704377728831e-01 2.628912766641867266e-02 3.042074076713308095e+00 1.273891236884823108e+01
2.578756126098573939e-04 -5.522763561769378882e+00 7.318732406478570818e-01 1.595981174737736916e-02 2.729790242793664223e+00 8.905435091335473174e+00
2.578896886190214753e-04 -5.520208978767632502e+00 6.428493769770079469e-01 3.298236750611299034e-02 3.175286712371293785e+00 1.958633580751737568e+01
2.572463163982239556e-04 -5.520206853305824168e+00 6.249552425871186534e-01 2.912534642773262697e-02 3.199737982268019643e+00 1.363148668948606890e+01
2.577564445931350293e-04 -5.515725782910127606e+00 6.019208062830231354e-01 3.276666308858869336e-02 3.172748044812820911e+00 1.922885761592188203e+01
2.571729906606963359e-04 -5.515491934899838355e+00 6.937471668688288684e-01 2.160560422215036108e-02 2.933247399129684574e+00 1.070594873139607373e+01
2.570208493068888169e-04 -5.513583701453310226e+00 7.442670186148401257e-01 1.493125912474165505e-02 2.798242516487733589e+00 7.890572820214751815e+00
2.565345489798744657e-04 -5.512977559346685652e+00 7.471323452788629638e-01 1.372324428221855137e-02 2.699880731161848235e+00 7.956001453660771716e+00
2.562305670297230662e-04 -5.511663217170402085e+00 6.382577322334567205e-01 2.867099669271571186e-02 3.181714671290943652e+00 1.263681122404335078e+01
2.557292897527407936e-04 -5.511121485696864220e+00 6.517703796695898388e-01 2.380181014631433181e-02 3.020985429733426653e+00 9.396099211142168173e+00
2.551834686650865836e-04 -5.510758137351431607e+00 6.826576481109957184e-01 1.668416680644997652e-02 2.759394195897388435e+00 7.705215028168537650e+00
2.548888107824661656e-04 -5.509413494845931680e+00 6.652676139144922951e-01 1.791140147055424875e-02 2.857402561778672911e+00 7.805932577018564800e+00
2.549328182276054938e-04 -5.506740856249429328e+00 6.682581570924273073e-01 2.241450821367515708e-02 3.051049378538833956e+00 8.972446902753659970e+00
2.545033066007399130e-04 -5.505927080322297940e+00 6.880478331345877274e-01 1.905541840638997134e-02 2.777677328474748464e+00 9.909017660178264464e+00
2.550261149707893390e-04 -5.501374957200892979e+00 6.612662469702351720e-01 1.853539530236550034e-02 2.796001885055279246e+00 8.253505589513071783e+00
2.548516924789672377e-04 -5.499559130922824224e+00 7.089157153102270126e-01 1.799084485144464979e-02 2.780936699823222558e+00 8.045700357751069731e+00
2.543512909005204601e-04 -5.499024562217865508e+00 6.323759451387651609e-01 2.820165963375423010e-02 3.029293628638992431e+00 1.507241626293320103e+01
2.540181258416215806e-04 -5.497835282712154381e+00 6.523317118957242533e-01 2.420249000593864205e-02 3.046023025312610599e+00 9.551022181053969717e+00
2.536798862545479750e-04 -5.496667726917403130e+00 6.437308417778162539e-01 2.098218932776248907e-02 2.940815496378475835e+00 8.590188421863491186e+00
2.530473979158144528e-04 -5.496664094044086291e+00 7.376213931402446633e-01 1.848900545170116191e-02 2.812846548694668769e+00 8.733527251344224140e+00
2.545584660096257426e-04 -5.488210370240855340e+00 6.393853181957688259e-01 2.436338404190747237e-02 2.993638968822017077e+00 1.006280083908576195e+01
2.541064722729552091e-04 -5.487487547402545296e+00 7.326942743391763324e-01 1.574514646244042429e-02 2.711243760259900881e+00 8.188449742259521713e+00
2.536853188240202660e-04 -5.486646312088721444e+00 6.981864166246259940e-01 1.896535488395703628e-02 2.779559601984719741e+00 9.911652408615603704e+00
2.531379495268684405e-04 -5.486306313588855232e+00 6.389540132413742413e-01 2.827661129455124808e-02 3.153136094391534083e+00 1.420766932489523349e+01
2.526979582047059257e-04 -5.485545974322320717e+00 6.378324577282845631e-01 2.308989417918574927e-02 2.883123354540588323e+00 1.092423782695896328e+01
2.521115363111422645e-04 -5.485369314765489612e+00 7.274976249481721613e-01 1.914993914646810624e-02 2.885059816502073549e+00 8.261857086611957612e+00
2.516054313661925091e-04 -5.484878796866471617e+00 6.496766938901070709e-01 2.379164032046568455e-02 3.073755279257555983e+00 1.014029836224292147e+01
2.511379326193268358e-04 -5.484238588223676381e+00 6.501942015552677478e-01 2.503174920788771643e-02 3.028152300708719213e+00 1.025591937537808818e+01
2.506638771727882713e-04 -5.483628001846001965e+00 6.239424353679550173e-01 2.343108895459992264e-02 2.970886118993766090e+00 1.068700532160876904e+01
2.501221368151142254e-04 -5.483291562943422903e+00 6.242989089159808325e-01 2.690509568997433154e-02 3.029979523964408283e+00 1.227233127473083307e+01
2.495190999023893879e-04 -5.483205443789218592e+00 6.036035714730377810e-01 3.265039975669269123e-02 3.184263500805379010e+00 1.824295755241649530e+01
2.491373554567212099e-04 -5.482236536051800613e+00 6.532406230561245142e-01 2.919326415508495531e-02 3.109674541695099492e+00 1.593571813768793000e+01
2.487414950840868681e-04 -5.481326723928316547e+00 7.015419005933730690e-01 1.995990763903258969e-02 2.932309207881095503e+00 9.480576984898549497e+00
2.488439037506750477e-04 -5.478415101447939861e+00 6.928255427512337583e-01 1.502412181504764535e-02 2.723295155964280845e+00 7.778874751352027772e+00
2.490867218024509053e-04 -5.474939792605450606e+00 7.084482555385244185e-01 1.571265667770906094e-02 2.713467725406582876e+00 7.866214995736081406e+00
2.485579630678402103e-04 -5.474564838646004183e+00 6.258022627884102240e-01 2.400892170269525172e-02 2.983182759675499174e+00 1.129173033682257810e+01
2.480940042239162743e-04 -5.473933185131837575e+00 6.776399283516451044e-01 2.627598526891902764e-02 3.036230699827747515e+00 1.303415131689286710e+01
2.476419642882583426e-04 -5.473256898114790658e+00 7.284439577064407700e-01 1.514424128552826175e-02 2.819769206513015103e+00 7.328577548893280280e+00
2.470866393766212943e-04 -5.473001866935083726e+00 7.095548861380128747e-01 1.504143319840617332e-02 2.796800226516728216e+00 7.205221577067191241e+00
2.472226169358809748e-04 -5.469951694908351314e+00 6.973120011196871637e-01 2.192834239018297618e-02 2.878517603375521539e+00 9.735061947074397537e+00
2.468058801394199561e-04 -5.469138791493971752e+00 6.977790932319768435e-01 1.684812327162102386e-02 2.761022907217748568e+00 7.694486736376245695e+00
2.462295083101157770e-04 -5.468976847160439192e+00 7.393525641301027518e-01 1.405535496648887758e-02 2.778048632433633980e+00 7.510160096289039799e+00
2.456381868423098075e-04 -5.468881240693525214e+00 7.178125869821746496e-01 1.534702713787963572e-02 2.822827444079993420e+00 7.724338157007821337e+00
2.450695331197373693e-04 -5.468698929835117184e+00 6.344494368198463352e-01 2.618097315713398612e-02 3.065650812908868872e+00 1.299630747399382891e+01
2.449707775150339177e-04 -5.466601980783770465e+00 7.000062374639786089e-01 1.503796352679881779e-02 2.776599807095291084e+00 7.280963476396205891e+00
2.445844011022232142e-04 -5.465680460636144211e+00 6.125582306479041561e-01 2.752089099836226363e-02 3.038067407085306648e+00 1.379871608263216842e+01
2.441496427084971911e-04 -5.464959581668979993e+00 6.917798515526976111e-01 1.504698403466810282e-02 2.732349853311077936e+00 7.938884082702118761e+00
2.435939245582282729e-04 -5.464738313478208376e+00 7.039781405306808626e-01 1.787877065142347635e-02 2.772280240830642839e+00 9.551091424503484362e+00
2.430757842524124547e-04 -5.464367644694874571e+00 6.588367065133977629e-01 2.428122059239735953e-02 3.034336212566235425e+00 1.172267401344337223e+01
2.425118272309520018e-04 -5.464190427491161017e+00 7.025107965980479374e-01 2.321034349531943264e-02 2.956802213043061567e+00 1.067101562501754586e+01
2.427694575076698165e-04 -5.460628650295030972e+00 6.692917648844852740e-01 2.034287010011382249e-02 2.793077039236455672e+00 9.822521124024227390e+00
2.422374334903559616e-04 -5.460322533477231843e+00 6.128497695073978901e-01 3.307218071485854005e-02 3.244670860689897740e+00 1.903914695384085931e+01
2.420015819689181680e-04 -5.458796645568813943e+00 7.261485043774569270e-01 1.891835504319005351e-02 2.909887349224692610e+00 8.266048844541211693e+00
2.414001700171144408e-04 -5.458784895806349624e+00 7.487774923978499642e-01 1.427151340879541201e-02 2.748440120480438509e+00 8.059044985606346856e+00
2.411218896067063723e-04 -5.457438337128710515e+00 6.509203052413942148e-01 2.482740650176667313e-02 2.934671573534301636e+00 1.149268608343494336e+01
2.413112605454006509e-04 -5.454153271059515085e+00 6.595002539768152205e-01 1.881504966398445805e-02 2.781752305863578023e+00 8.789110086227651664e+00
2.410320384409587145e-04 -5.452811044521769013e+00 7.005940221790994960e-01 1.828303848803297313e-02 2.743639338956388229e+00 9.243735976507894136e+00
2.414427129907632146e-04 -5.448608677101445252e+00 7.132072842082409769e-01 1.610931768648675780e-02 2.716625132304562484e+00 8.844467189349618508e+00
2.412419663656624621e-04 -5.446940469139849306e+00 6.374243424294625537e-01 3.297178584952437791e-02 3.174657098777929232e+00 1.907622472969166694e+01
2.409178247237273778e-04 -5.445785009670843557e+00 7.263261277840828978e-01 1.336267889712836748e-02 2.709992950950839141e+00 7.754192239254248165e+00
2.403517931282147732e-04 -5.445637253965958990e+00 6.981226611590469755e-01 1.956923468812512765e-02 2.930431315046741148e+00 7.816842598260111963e+00
2.400998088169202516e-04 -5.444186201803284497e+00 6.908291063619786954e-01 1.810359045297525032e-02 2.895545534696047696e+00 8.485957081746075659e+00
2.395020662251455914e-04 -5.444178864707161836e+00 6.623188054177504558e-01 2.074230294077207548e-02 2.832700647566434249e+00 9.074964726671545634e+00
2.393833504392007378e-04 -5.442174665098011843e+00 6.748273043673335136e-01 1.914414938949231954e-02 2.775244911432972472e+00 8.829052216874869075e+00
2.388276637623623438e-04 -5.441998689055825622e+00 6.585182158746204495e-01 1.889766862176170403e-02 2.869864559608773291e+00 8.695553206083403097e+00
2.382820828928814490e-04 -5.441785714676703911e+00 6.499084482642658589e-01 3.012155965051454762e-02 3.176012089402608485e+00 1.461242201668811624e+01
2.377517616484259365e-04 -5.441513797700330279e+00 7.122244915663067388e-01 1.835337410165352803e-02 2.879399897142792319e+00 7.623669759735584250e+00
2.373718052312333911e-04 -5.440613198465420908e+00 6.984076151351966688e-01 1.515140008274539971e-02 2.718680383026179648e+00 7.723526577959315631e+00
2.375665652062443377e-04 -5.437293050008057627e+00 6.089639541247761079e-01 3.106608013973816487e-02 3.200909200113135178e+00 1.609067639504266722e+01
2.370437830928654691e-04 -5.436996045904306740e+00 6.781281634728185681e-01 1.867191393999990609e-02 2.776113585301629882e+00 9.584410176063528297e+00
2.367029188199932729e-04 -5.435935061016457404e+00 6.234315758557147369e-01 3.139155613398793288e-02 3.154304650893032580e+00 1.629927472911821695e+01
2.361428849514114162e-04 -5.435803842238513539e+00 6.428486308317232778e-01 2.361657437431453552e-02 2.897266401845669304e+00 1.150342319344163933e+01
2.357978396288259581e-04 -5.434766082583935898e+00 6.735236485812030605e-01 2.686478166617149027e-02 3.095249584953459365e+00 1.234901174771309584e+01
2.352247212659549168e-04 -5.434699590841439054e+00 6.861059941011313779e-01 1.715557902721239966e-02 2.760107098305192075e+00 9.028252185327986012e+00
2.351783373424905883e-04 -5.432396800118741709e+00 6.061490992091762564e-01 3.234293852036920075e-02 3.194114900875288487e+00 1.856486436515117688e+01
2.348070025516913514e-04 -5.431476997782578309e+00 6.474494189514889975e-01 3.029295026835461188e-02 3.104549188939689230e+00 1.677381103666097317e+01
2.345715847429116307e-04 -5.429980102035274037e+00 6.548060344018299395e-01 2.605021256437931379e-02 3.072329383221222621e+00 1.085403006530231984e+01
2.342608488246941234e-04 -5.428805675700706601e+00 6.213649710451369934e-01 3.087018392825591553e-02 3.106575032484387933e+00 1.708553084081891527e+01
2.338112589838922759e-04 -5.428226704412149495e+00 6.688556222127626238e-01 2.348352930700325913e-02 2.887238523717884142e+00 1.143560260113086180e+01
2.332338526248585822e-04 -5.428199299195213712e+00 6.434953500292455164e-01 2.641810735537869145e-02 3.038205510343147786e+00 1.370267404074451534e+01
2.329448605452305446e-04 -5.426939133226596823e+00 6.135493015879509571e-01 3.365260678410680190e-02 3.259616918069073055e+00 1.953634524163749475e+01
2.325610552138786334e-04 -5.426088115142087887e+00 6.161452109534059085e-01 2.709784861215380411e-02 3.035611987714727622e+00 1.272580166444058491e+01
2.322641301238006345e-04 -5.424865692776996262e+00 6.746603807308279022e-01 2.549954760531919842e-02 2.973643229571808710e+00 1.268150966247754319e+01
2.318974743734703882e-04 -5.423945555579268607e+00 7.175901506342680092e-01 1.630782431161616891e-02 2.834898782989437649e+00 7.271631418019432580e+00
2.320870160489601640e-04 -5.420628538243795091e+00 6.428518621653724896e-01 2.967782774870733609e-02 3.119348378298575586e+00 1.445634860889806639e+01
2.318910351298992265e-04 -5.418973323596112834e+00 6.423011275170287249e-01 2.649023507754684134e-02 3.032743076088710410e+00 1.166625680329665471e+01
2.315948428272321922e-04 -5.417751430900236365e+00 7.412525382012685737e-01 1.491392682599866452e-02 2.730227041541615662e+00 7.699512446169769042e+00
2.311706498331998619e-04 -5.417084727114275466e+00 6.431635547841094702e-01 2.419548855014271374e-02 3.006941057488864200e+00 9.852115921606246829e+00
2.307975639703611676e-04 -5.416199928908694616e+00 6.723729916794553008e-01 1.684018846244639267e-02 2.787586970421499721e+00 8.236020057782694082e+00
2.302512106886392526e-04 -5.416069975495935829e+00 7.346500760534933061e-01 1.769000656944997099e-02 2.829160031932024921e+00 7.937352319766362463e+00
2.298886971445348139e-04 -5.415145642430860384e+00 6.642509840318776559e-01 2.623881361447646596e-02 3.125270313766195240e+00 1.126326610615277701e+01
2.293974073235170101e-04 -5.414785006124299471e+00 7.113729927522887131e-01 2.167958773892306179e-02 2.956324798184961189e+00 9.642130674114103073e+00
2.288599941484767419e-04 -5.414630471444366044e+00 7.023640583935898407e-01 1.769579284384078730e-02 2.803417926348700018e+00 9.340043406272815929e+00
2.285899532083040533e-04 -5.413311107590903504e+00 6.496346581415463062e-01 2.697891780887966620e-02 3.153138109875334827e+00 1.158874285421791051e+01
2.281166608089943795e-04 -5.412883740455040282e+00 6.832455873470173469e-01 1.890138136253442097e-02 2.760318744128976931e+00 9.450464782131893671e+00
2.276931919536101555e-04 -5.412241835336729423e+00 6.229507394284935495e-01 3.185562357521243282e-02 3.237207077671297561e+00 1.615903375626636063e+01
2.271656693101155615e-04 -5.412061336724647731e+00 6.365528059025343799e-01 3.337941612944465841e-02 3.230289367556811619e+00 1.863472494060589923e+01
2.267696976388787239e-04 -5.411305954132775042e+00 7.082279265029164383e-01 1.643667663404640641e-02 2.716051952205420505e+00 8.805871854164063706e+00
2.265458721798444940e-04 -5.409793458168041802e+00 6.475591313993737108e-01 2.313052837774488835e-02 2.886220848379307036e+00 1.134289388881101601e+01
2.261586241722071504e-04 -5.409004278825719325e+00 6.443704582494146349e-01 3.056061897861915913e-02 3.209942163231676915e+00 1.515465194644641755e+01
2.257005810747194122e-04 -5.408531650401011248e+00 6.284778284694247930e-01 3.264993229900900462e-02 3.157663148821918231e+00 1.989057574447952348e+01
2.252778672275336188e-04 -5.407906303048267027e+00 6.841757018207583751e-01 2.112537500651810035e-02 2.844321355902272863e+00 9.292486227777567720e+00
2.247229238975270672e-04 -5.407872714762513411e+00 6.440308394783853529e-01 2.560714746701812580e-02 2.972290799257418570e+00 1.169274907976934230e+01
2.245250092707128553e-04 -5.406253807918457888e+00 6.563876016329298624e-01 2.681765403308028484e-02 3.037742171441879968e+00 1.210495882664667811e+01
2.243277856507685858e-04 -5.404632597734930322e+00 7.303401380225127415e-01 1.350385995452768780e-02 2.726857376931153709e+00 7.720054806751095455e+00
2.241498309562967842e-04 -5.402926192319017495e+00 7.344954920477972937e-01 1.429624613142278788e-02 2.699482503891685425e+00 8.018976487707139000e+00
2.236065967890992856e-04 -5.402852665285444722e+00 6.913434259675116378e-01 2.442378165958475345e-02 2.983065074939380779e+00 1.148076353423077656e+01
2.232215152463232102e-04 -5.402076288431526763e+00 6.370829338033016098e-01 3.213896556444653663e-02 3.163083553771811829e+00 1.769464476841472234e+01
2.226892385371055498e-04 -5.401963658359307807e+00 7.320232491035868483e-01 1.563551524709391044e-02 2.830092293985197127e+00 7.501550001837485659e+00
2.222322594705479352e-04 -5.401517859962508439e+00 6.675391042440466105e-01 1.834372063115526433e-02 2.804468160982299452e+00 9.117509251877480736e+00
2.218039150702082369e-04 -5.400947182651815837e+00 6.337838685302484842e-01 2.225195571335516695e-02 2.917344821323992754e+00 1.035365009800061031e+01
2.214325245292664605e-04 -5.400122995354374567e+00 6.132758518073470055e-01 2.744159423937669179e-02 3.077132194562583578e+00 1.348431360437078297e+01
2.211470971450679658e-04 -5.398912830718638034e+00 6.961501460821424292e-01 2.134815125997285151e-02 2.911329189948658858e+00 8.826005673624916170e+00
2.213533096310916603e-04 -5.395480797672824735e+00 6.671296088647493683e-01 2.550420531206252367e-02 2.967984524601279706e+00 1.293371619205617229e+01
2.209781783018303154e-04 -5.394676952838944217e+00 7.417434975139162168e-01 1.684796830182599958e-02 2.805385181019146579e+00 8.695951191061617180e+00
2.208912435363956362e-04 -5.392570439069308108e+00 6.828069499095908990e-01 2.275758539849127154e-02 2.968232845598007597e+00 9.229261565274045509e+00
2.209726654845952710e-04 -5.389701900487819941e+00 7.295719045404974734e-01 1.549398180625954913e-02 2.766322741595150791e+00 8.558055681998816056e+00
2.204835159410248986e-04 -5.389417974310480197e+00 6.126860847932699139e-01 2.778494967756800146e-02 3.086317220400515815e+00 1.294646766201170962e+01
2.203981942872802876e-04 -5.387305024409542398e+00 6.105901468587866532e-01 2.891379328237986962e-02 3.109165059778458140e+00 1.481171908012122529e+01
2.198703971969313451e-04 -5.387202639653498437e+00 6.412978506088615749e-01 2.850155380961881188e-02 3.053316859709725772e+00 1.542276435683811187e+01
2.197144080089092689e-04 -5.385412351148174182e+00 6.446215580683584134e-01 2.235483741038802805e-02 2.970593492723936357e+00 1.028502869081765425e+01
2.193891031913645072e-04 -5.384394028560267387e+00 6.399327844566138346e-01 2.955303653046223097e-02 3.157054791370018876e+00 1.578958059761756694e+01
2.188422591324223237e-04 -5.384389716408235493e+00 7.037826291242653687e-01 2.124211537160093644e-02 2.984302406862575641e+00 9.162234444375188858e+00
2.183630644053031220e-04 -5.384081798220637260e+00 6.444795223494728109e-01 3.183109532833779814e-02 3.160790852037356657e+00 1.785272304126272402e+01
2.183663629065072027e-04 -5.381566692752592473e+00 6.775576054315602947e-01 2.375729017796797057e-02 3.002872187786415736e+00 1.157998562536475617e+01
2.179430352180656161e-04 -5.381007186462326786e+00 6.240808204354437727e-01 2.516457273353037150e-02 2.991298990401871194e+00 1.220507798894265861e+01
2.175016707737406868e-04 -5.380534376548231634e+00 6.297881913068135162e-01 2.535709171999882272e-02 3.035828150177968254e+00 1.221253560368693059e+01
2.169855951421083620e-04 -5.380409939262332131e+00 6.623730403756606933e-01 2.708463340582462422e-02 3.073401282370663345e+00 1.211123500120192098e+01
2.165057143198760104e-04 -5.380123967584403033e+00 6.848614832248124396e-01 1.809963860532114513e-02 2.762894462691825925e+00 9.370091288935567420e+00
2.160175940900695808e-04 -5.379881050278169319e+00 6.599596635076372397e-01 2.596411479266296993e-02 2.974243341193626655e+00 1.317957775392882880e+01
2.155763832893940496e-04 -5.379425615204915800e+00 6.323897381867201739e-01 2.248510308641794159e-02 2.959693065451755700e+00 9.457677537023789327e+00
2.150831963252562099e-04 -5.379215995835378905e+00 7.041753076383074905e-01 2.166373511536604651e-02 2.906538793347510641e+00 1.063136941345692321e+01
2.153910964178997584e-04 -5.375285480005093319e+00 6.119070736609979466e-01 3.234168207766927039e-02 3.220591508928161595e+00 1.716849210942888604e+01
2.152224874877665375e-04 -5.373568590176495796e+00 6.510424856955960848e-01 1.938886194724466841e-02 2.831634489841706070e+00 8.625292275524726548e+00
2.147364751261912510e-04 -5.373329329506683294e+00 6.723703589064516928e-01 2.513321156344273596e-02 3.028103865103475734e+00 1.247413571044071112e+01
2.144331736678555802e-04 -5.372242763609875738e+00 7.406539918512340392e-01 1.554261596717998808e-02 2.792426300512490300e+00 8.264893833011347724e+00
2.142722155117573362e-04 -5.370493666993519710e+00 7.099809494097043538e-01 1.656095768236394775e-02 2.864399684835344129e+00 7.474644312278529767e+00
2.140977335441326154e-04 -5.368808299194771649e+00 6.305039508422526362e-01 3.282670225830042199e-02 3.243540256258645726e+00 1.753838820949632193e+01
2.137536747410262743e-04 -5.367916609325845911e+00 6.474137946587537051e-01 2.866944631736546498e-02 3.120638161512574005e+00 1.520172681039561446e+01
2.139315035915932261e-04 -5.364585021654243668e+00 6.445166849258805453e-01 2.172888719081276718e-02 2.965535418545586221e+00 8.841141024039867347e+00
2.135058232195565246e-04 -5.364076801436049813e+00 6.374429336048746952e-01 2.603382044322025829e-02 3.059969097893172840e+00 1.287119872341272142e+01
2.130897161194736356e-04 -5.363527629298403987e+00 7.006699388946311391e-01 2.240859566258928889e-02 2.977387579201137058e+00 1.034370305243806953e+01
2.125648867557898027e-04 -5.363493617571992722e+00 6.983906924350352652e-01 1.558694666701652617e-02 2.774862256071948252e+00 7.376335747617131844e+00
2.121742293554201592e-04 -5.362833135034414944e+00 6.190292964292283262e-01 2.693185532214937075e-02 3.018948397813803197e+00 1.312470287727430218e+01
2.119395654452213985e-04 -5.361439743388221046e+00 6.467013783373036784e-01 2.935255005761368621e-02 3.076383557048145256e+00 1.550269617036004810e+01
2.116883051323717587e-04 -5.360125974794434534e+00 7.175456401146347307e-01 2.063630408015748249e-02 2.891002383060603531e+00 9.086719953354787549e+00
2.111813156253974368e-04 -5.360023828529992151e+00 6.407506852893436466e-01 3.229140954447212719e-02 3.208233096484422564e+00 1.741552716690816993e+01
2.108542628727077433e-04 -5.359073711216769453e+00 6.460401671982664018e-01 2.734379224796502569e-02 3.065439492019657930e+00 1.226573402530173951e+01
2.111394825938431958e-04 -5.355221938743213173e+00 6.851328545891217647e-01 2.087724683755517313e-02 2.985028921588470219e+00 8.261978538962109653e+00
2.106680610738757300e-04 -5.354957184287424177e+00 6.312757974923010051e-01 2.984961773170533711e-02 3.093437576347366047e+00 1.539813809187859128e+01
2.103307582578422305e-04 -5.354059577798845559e+00 7.072302290387262325e-01 1.480917870836787921e-02 2.782106660406752141e+00 7.525584881234212986e+00
2.098460690619746141e-04 -5.353866651294273638e+00 6.302862491955899538e-01 2.257198278471307315e-02 2.948027924663490396e+00 9.678512359790019559e+00
2.093488853272562644e-04 -5.353738740760726422e+00 6.225691172024454545e-01 3.276630419738800482e-02 3.167714846208273816e+00 1.990581457644502095e+01
2.092058751595845991e-04 -5.351922093032579930e+00 6.729964421075730341e-01 2.208488315121930404e-02 2.860589078707574284e+00 1.106090574615676303e+01
2.088373687346684699e-04 -5.351185099734625972e+00 7.471867918713250845e-01 1.593401762272398520e-02 2.756360197508868737e+00 8.443411671290919074e+00
2.084325035370177589e-04 -5.350625643979995516e+00 6.275319542604674838e-01 2.936754093795356652e-02 3.125087960845126300e+00 1.589803006689851372e+01
2.083550223541074634e-04 -5.348497445816611240e+00 7.087293658521817141e-01 2.003441343140806644e-02 2.908777452559935917e+00 9.690989795420257735e+00
2.078926067491984316e-04 -5.348219276106108921e+00 6.176550682957236971e-01 2.711747327883173506e-02 3.046002721019783088e+00 1.352556614785886779e+01
2.073784637552019978e-04 -5.348195457536599307e+00 6.491652637691481820e-01 3.025883037892852095e-02 3.134292935845072847e+00 1.663105510134854370e+01
2.069205401184309419e-04 -5.347906053357343481e+00 7.096127029839982558e-01 1.545258497168658200e-02 2.774373578604378832e+00 8.315691024412602772e+00
2.067821855483992634e-04 -5.346074913225096203e+00 6.622767282046556625e-01 2.244506849661577139e-02 2.936580264415198371e+00 1.111045792324957304e+01
2.063985477984881282e-04 -5.345431911043217355e+00 6.742261224164035616e-01 2.120924678661453150e-02 3.008274662037847769e+00 8.573383596980086452e+00
2.059839038959895472e-04 -5.344942879456297646e+00 6.363199980897367158e-01 2.785158728365879147e-02 3.152151114418188627e+00 1.336533672593246891e+01
2.061944117187873571e-04 -5.341421438817014256e+00 6.841114714630887050e-01 1.687168876134138157e-02 2.734885369253528431e+00 8.519483469500528372e+00
2.058268935575067592e-04 -5.340705415781531684e+00 7.020874054198720238e-01 2.138214057470974247e-02 2.877663841630961450e+00 1.062113194454943788e+01
2.054219687020711511e-04 -5.340174661284446955e+00 6.966774588076856123e-01 1.790508553316367754e-02 2.744706412748218582e+00 9.204642535660919833e+00
2.055371421972930783e-04 -5.337114150541732549e+00 6.492523042343394390e-01 2.201083458188184822e-02 2.908956923046174925e+00 1.068673203234451918e+01
2.054449782893779937e-04 -5.335062656230260103e+00 6.886245806984138129e-01 1.657822148708877619e-02 2.742590881649928036e+00 7.968020650103031066e+00
2.050573335378371592e-04 -5.334451292935085576e+00 6.173626630486677147e-01 2.725495206067646628e-02 3.035573214351988902e+00 1.325851506782091427e+01
2.045665310567630374e-04 -5.334347650952121711e+00 6.278987252065427738e-01 2.296295000417660284e-02 2.930636274941721187e+00 1.033315169793963761e+01
2.042371950956276309e-04 -5.333458869301237470e+00 7.491934002373105139e-01 1.589005369455073757e-02 2.763894352775976060e+00 8.161464072561102512e+00
2.037584110360039628e-04 -5.333305876338609863e+00 7.087195135338434371e-01 1.561855708177602164e-02 2.818867217181365792e+00 7.783370099668250219e+00
2.032942104560973688e-04 -5.333086666372272688e+00 6.338139379797811390e-01 3.398883631607534095e-02 3.236370628684504425e+00 1.989508755882759417e+01
2.028206861850778198e-04 -5.332918639365752611e+00 6.925391797139436312e-01 1.895810414041630698e-02 2.810315599647986495e+00 9.826446230990409703e+00
2.029486263585844066e-04 -5.329788033877405518e+00 6.366609271424844563e-01 2.857389300863573053e-02 3.050692041558542567e+00 1.518938763003061254e+01
2.027133472467966470e-04 -5.328448010180232508e+00 6.167947341100055159e-01 3.396053255487089390e-02 3.262416554266348356e+00 1.948533183911028033e+01
2.022487595881295700e-04 -5.328242485908446291e+00 6.270080525394032822e-01 2.567806652372008405e-02 3.003111056296003500e+00 1.148405251039627295e+01
2.017887702888930004e-04 -5.328019450120727640e+00 6.885748900496386771e-01 2.345781008233141160e-02 3.013364042466331050e+00 9.751625428047272948e+00
2.013227061980581828e-04 -5.327831784676728688e+00 6.964987345443123257e-01 1.613900947130060895e-02 2.722483586865920735e+00 8.522474723094031646e+00
2.008691746853022517e-04 -5.327587084828468988e+00 6.298846714644180667e-01 2.542723620419293576e-02 3.082802833944345178e+00 1.081264180756417836e+01
2.007943932114460042e-04 -5.325459443591856967e+00 6.238577908176107245e-01 2.562330154812665975e-02 3.055964639396531624e+00 1.104391488168866431e+01
2.003674677475012281e-04 -5.325087889322460910e+00 6.370072706987455202e-01 3.299335093694413801e-02 3.188295649009748711e+00 1.955915372675976727e+01
2.003479763773155574e-04 -5.322685172172356260e+00 6.325662415917412407e-01 2.609020659434362066e-02 3.113007419170827461e+00 1.122892611262240337e+01
1.999850763896464704e-04 -5.321998163053640596e+00 7.306392155451931769e-01 1.519961525858242769e-02 2.742768680800744541e+00 7.592949895663164028e+00
1.995528668499184279e-04 -5.321661710799914680e+00 6.144631999314088544e-01 3.253455121306518538e-02 3.232974903699686653e+00 1.767640950703542302e+01
1.991507460026743640e-04 -5.321178853211620208e+00 6.391963621080092306e-01 2.355927943956423812e-02 2.928590968742462053e+00 1.149055960102169749e+01
1.986826975736065643e-04 -5.321031841139470586e+00 6.090825365301693051e-01 3.117019006749029153e-02 3.170635642935003329e+00 1.667166502170696418e+01
1.986224680677666171e-04 -5.318835031289062876e+00 7.097012207747341872e-01 2.028744018148136499e-02 2.823775782986157168e+00 9.679444976268452905e+00
1.981969125050752018e-04 -5.318479864664978685e+00 6.304085300612454201e-01 3.023177460559129184e-02 3.210983304981832376e+00 1.481767121024195610e+01
1.977621830434316030e-04 -5.318175695705147810e+00 6.176647202364413669e-01 2.999428519330615481e-02 3.125603185272804563e+00 1.505098448907961384e+01
1.972877336370679896e-04 -5.318077668794827240e+00 6.999262257932935549e-01 1.942050440118511453e-02 2.780993720397496816e+00 9.524353651697788692e+00
1.968117814441367993e-04 -5.317993060877867606e+00 6.195884966198710320e-01 3.251724267725551731e-02 3.205416939954144784e+00 1.904264635614805101e+01
1.965634014965868129e-04 -5.316755875571465673e+00 6.247909527674415653e-01 2.480633349315202255e-02 3.041365821541638592e+00 1.082425627925680089e+01
1.961533870264975648e-04 -5.316343968726883418e+00 6.286419157615423803e-01 2.800658760297372943e-02 3.140071841662726015e+00 1.242534575566708455e+01
1.957535958367678450e-04 -5.315884204527165480e+00 6.545624432707580764e-01 2.936858583622430074e-02 3.146898253347060415e+00 1.430140289248550900e+01
1.954065274265847393e-04 -5.315158764256651125e+00 6.522139337120368419e-01 2.896512467209821223e-02 3.083507757059705590e+00 1.546183786335540589e+01
1.953026456846724309e-04 -5.313190524202456189e+00 6.914985191561336952e-01 1.571953342784939214e-02 2.731137434425176203e+00 8.104760587572499730e+00
1.948474066941926998e-04 -5.313024186311722907e+00 6.741361558415384092e-01 2.641635230782970328e-02 3.038749443468589551e+00 1.293691934945363542e+01
1.945385940857092156e-04 -5.312110338215536132e+00 7.430658046842048003e-01 1.524154930818908543e-02 2.729542380492967268e+00 8.258980396116278655e+00
1.941288451996054623e-04 -5.311718819639444256e+00 6.500997116323734559e-01 3.059736327549988574e-02 3.157668254447241196e+00 1.632113793372876387e+01
1.940928648894142488e-04 -5.309404179238660149e+00 6.298149180811725145e-01 3.236913917075462388e-02 3.209124590039850400e+00 1.879950431605705319e+01
1.939256841925162116e-04 -5.307765894265629392e+00 6.278061587312645520e-01 3.203831345837592631e-02 3.203286402166222846e+00 1.670715665085627677e+01
1.936981298992286496e-04 -5.306439993024040014e+00 6.712766508552262534e-01 2.615969436186866767e-02 3.060489343278083307e+00 1.282896504657832892e+01
1.934712003264395914e-04 -5.305112242895401842e+00 6.627115382731190163e-01 2.559846955849477343e-02 2.975484718412897855e+00 1.299375365797994242e+01
1.930449127704468625e-04 -5.304818038278262371e+00 6.696033772425786790e-01 1.858967976233486322e-02 2.867368748429404590e+00 7.828080814811383625e+00
1.928672282696875439e-04 -5.303238893024305511e+00 7.282119693604990340e-01 1.731722680155318647e-02 2.806431264438904893e+00 7.845455475601081474e+00
1.924346587020552837e-04 -5.302984247973220100e+00 7.167224795148020577e-01 1.665543673109983261e-02 2.800911010054111472e+00 7.495879751677827052e+00
1.922179680963502968e-04 -5.301610930145816525e+00 7.077522687817877634e-01 1.459027729188351608e-02 2.755841779140926651e+00 7.692772699900894295e+00
1.919247344712810498e-04 -5.300637621555360113e+00 6.661378622716678244e-01 2.496699251977508791e-02 3.084270859673073240e+00 1.026542934313802036e+01
1.914530040041714093e-04 -5.300598540162981820e+00 6.523627658525558148e-01 2.353207469842043612e-02 2.923786713151705463e+00 1.176140341609379192e+01
1.913908251125442028e-04 -5.298423366567091897e+00 6.391129295384503362e-01 2.488814690449195344e-02 3.085774126078942636e+00 1.048880910688607848e+01
1.911468858153592446e-04 -5.297198740593143107e+00 6.249190016754671007e-01 3.073510949824135099e-02 3.131785641243827634e+00 1.601734122061110099e+01
1.906997613755779392e-04 -5.297040647468198138e+00 6.452129719876110725e-01 2.293835904447857552e-02 2.891250279130239242e+00 1.041286466181781734e+01
1.905644790946474452e-04 -5.295250298530366884e+00 7.394556091441192303e-01 1.666412171816310933e-02 2.756341613777680166e+00 8.521990985780544037e+00
1.902011606283877108e-04 -5.294658656526039842e+00 6.232547553658590589e-01 3.210225072403427582e-02 3.232662872693047529e+00 1.741057012808097681e+01
1.898938435127402126e-04 -5.293775711100636272e+00 7.377808114463049183e-01 1.445521657184031979e-02 2.716678973682485676e+00 7.925919921593148842e+00
1.894701384518504485e-04 -5.293509477389549467e+00 6.780383472627746766e-01 1.794689688735561992e-02 2.768305643586144171e+00 8.312635230804103159e+00
1.893887676188961238e-04 -5.291439034846966649e+00 6.472373067132585200e-01 3.030849632398599156e-02 3.172979111347911996e+00 1.510016531474219370e+01
1.890180250851186054e-04 -5.290898527432995380e+00 6.191202155839089505e-01 3.048254186406983493e-02 3.117626486149207565e+00 1.621589145596335868e+01
1.886097496876898395e-04 -5.290560844845970223e+00 7.061414731126987032e-01 1.478452302581743059e-02 2.761742695951968418e+00 7.509865377277530563e+00
1.884763043655566866e-04 -5.288768616063014960e+00 6.414233027250909602e-01 2.764426383082347477e-02 3.129736788044134688e+00 1.205506122622534981e+01
1.882358981238454250e-04 -5.287544955256480605e+00 6.195305862399722585e-01 2.797856811772954366e-02 3.064485380144017057e+00 1.347099051360056343e+01
1.877938463434646944e-04 -5.287396109602756411e+00 6.246606069762911106e-01 3.197505163587423260e-02 3.163396962063571571e+00 1.877302853990663678e+01
1.873969245385551086e-04 -5.287011950309895347e+00 7.225618749294536736e-01 1.531914256878998820e-02 2.794162029130045077e+00 7.335428663000730154e+00
1.870681314413622485e-04 -5.286268019008088181e+00 6.651689864382149819e-01 2.785007387418625066e-02 3.090444951267859341e+00 1.379916293913597514e+01
1.866228286940093859e-04 -5.286151287567582457e+00 6.288321631629162356e-01 2.651832973517365133e-02 3.050483543082562754e+00 1.171533399651980822e+01
1.861913124877141105e-04 -5.285966201897972283e+00 6.477348554577893047e-01 2.839447673453417142e-02 3.127431255659389286e+00 1.463704910677139281e+01
1.857984206215863474e-04 -5.285578582844292050e+00 6.388771395167307521e-01 2.841375538585155791e-02 3.137240243600015521e+00 1.449019758930107571e+01
1.853561487889561910e-04 -5.285461805783809197e+00 6.924795571241848524e-01 2.163268809852228816e-02 2.964046482352402645e+00 1.019197061992593589e+01
1.850953428254898411e-04 -5.284369849819042564e+00 6.967245722395006835e-01 1.662233720232535530e-02 2.724964739601953401e+00 8.437737971486583888e+00
1.848598026953823033e-04 -5.283143194248952845e+00 6.649864572559118781e-01 2.333986223291566880e-02 2.908825870206438680e+00 1.039232947202624580e+01
1.844993679286553669e-04 -5.282594871152102023e+00 6.671473912782713844e-01 2.629548081897574441e-02 3.094295650274994092e+00 1.141330365703462846e+01
1.843561135558311013e-04 -5.280871621870026900e+00 6.276248933953733067e-01 3.044514505341759311e-02 3.191990233737050708e+00 1.602447907872483768e+01
1.841661557271641943e-04 -5.279402538378061394e+00 6.802354375836618949e-01 2.163514429702189865e-02 2.840611325505852935e+00 1.026640513473922312e+01
1.837662312790798739e-04 -5.279076441082505511e+00 6.745435252232059309e-01 1.753676430957004997e-02 2.767704184121524857e+00 8.725234428117101260e+00
1.833504334388986350e-04 -5.278841650254067375e+00 6.239858254555514794e-01 3.181151157319271616e-02 3.146227689049454490e+00 1.836023405648585438e+01
1.829215461669227291e-04 -5.278683557316995234e+00 6.372587254129080669e-01 3.029657979287644909e-02 3.111032350734837859e+00 1.687225920202858731e+01
1.824838690248426680e-04 -5.278579128554827804e+00 7.100664606516368105e-01 1.919137640287313720e-02 2.818534282292105786e+00 9.830370099820040508e+00
1.820423237144104913e-04 -5.278501700842766375e+00 7.185451663861420757e-01 1.839506270259484710e-02 2.854494791770866513e+00 7.905711341617307930e+00
1.816224993107031795e-04 -5.278310555390289593e+00 6.449576518097269728e-01 2.287329303983782688e-02 2.991656966183617428e+00 9.250322453574362669e+00
1.814482431990115357e-04 -5.276770457165174122e+00 6.863913129126304469e-01 2.257625605429965099e-02 3.012952625293277453e+00 9.132707201532436869e+00
1.812313223155437346e-04 -5.275466669634584882e+00 6.984160841099109618e-01 1.855075423480550753e-02 2.761782014712830691e+00 9.373339953096390786e+00
1.808705016448741536e-04 -5.274959594089628112e+00 6.812931808529001376e-01 2.228682441543598097e-02 2.868894587845177924e+00 1.097947663674967700e+01
1.804357328690705544e-04 -5.274866244980866092e+00 6.314744465090232906e-01 2.416996773451869640e-02 2.957987627776889727e+00 1.157738757516173678e+01
1.800460781793397690e-04 -5.274528100750262460e+00 6.300117881112672347e-01 2.396312363001295784e-02 2.993692211877458487e+00 1.017634252817274110e+01
1.796190198737369090e-04 -5.274402857203494221e+00 6.143663119835129915e-01 3.333557405886919400e-02 3.193069832658297358e+00 1.985775672032543682e+01
1.793663629718278364e-04 -5.273310474090975752e+00 6.980755060580208227e-01 2.190869299167153700e-02 2.951571661176387806e+00 9.102344611489080251e+00
1.789733538451260741e-04 -5.273003975206463245e+00 6.424154534731035815e-01 2.943486863638323722e-02 3.162951622865917578e+00 1.381615345171783460e+01
1.785879548818359447e-04 -5.272659684468802510e+00 6.961840757369995858e-01 2.091510741808049259e-02 2.885645440907667947e+00 8.822893385278034017e+00
1.792422005562997603e-04 -5.266502941773667956e+00 7.007612833541637665e-01 1.968421417562417342e-02 2.795111977235681167e+00 9.758602323454784511e+00
1.789067106566759465e-04 -5.265876408296936262e+00 6.197794762373500799e-01 3.144345287453527427e-02 3.185890997984555106e+00 1.754625408211064652e+01
1.785019168746444492e-04 -5.265641568810319306e+00 7.038503402252469510e-01 2.242373395074580972e-02 2.949666331349773962e+00 9.956361184759893845e+00
1.781806221252806586e-04 -5.264943141924415038e+00 6.253455438810014977e-01 2.643147807149877695e-02 3.077831789136616258e+00 1.154343523173373853e+01
1.778952633533405626e-04 -5.264045939781095917e+00 6.856732743172034850e-01 2.126382545200943344e-02 2.996271801229520637e+00 9.272005413582059319e+00
1.775059615417101883e-04 -5.263736714263930416e+00 6.535244305418215216e-01 2.289709085073809991e-02 2.966424652181814281e+00 9.298253973944866857e+00
1.771370289768483001e-04 -5.263317300700506962e+00 6.202523563418458341e-01 2.578462572183219323e-02 3.046916729685644754e+00 1.158706156179026969e+01
1.769202859527211713e-04 -5.262041639484440481e+00 6.252976563494803131e-01 2.552454332891553393e-02 3.042830018267131287e+00 1.107377517959160329e+01
1.769806203459823495e-04 -5.259200671757197298e+00 6.191889865319051278e-01 3.009061556033481091e-02 3.140260566566463574e+00 1.623552137703224219e+01
1.765969876435617974e-04 -5.258870678252479003e+00 7.055924630584948787e-01 2.112207077935769964e-02 2.884294030018838217e+00 1.036678362599820424e+01
1.762244074907608324e-04 -5.258482683343057573e+00 6.159396948480936329e-01 3.058967608591544457e-02 3.185631759522999484e+00 1.559174452872149530e+01
1.760612069818830020e-04 -5.256909207242121518e+00 6.269820710946966136e-01 3.011890584280339442e-02 3.176136263536365689e+00 1.586666869668469104e+01
1.757824776543034852e-04 -5.255993600528451104e+00 6.266078654438468343e-01 2.897327713803890883e-02 3.091247892684765297e+00 1.549842800948548138e+01
1.754834830938760870e-04 -5.255195983714118668e+00 6.278152652125815747e-01 3.137286339673905217e-02 3.145870215113773405e+00 1.800971415515448015e+01
1.751310945423870493e-04 -5.254706103615687240e+00 6.476132391689140011e-01 2.878250514939763305e-02 3.166367477214566684e+00 1.332476709939931148e+01
1.747325918550405970e-04 -5.254484150038771340e+00 6.947830448958235428e-01 1.591113722128558589e-02 2.803806169705196361e+00 7.879575612795203021e+00
1.744266272945181552e-04 -5.253736729504281833e+00 6.848336026538114352e-01 2.312186266592949901e-02 3.002464846496565531e+00 1.084325122254504947e+01
1.740138479142223308e-04 -5.253606027004211754e+00 6.271623637883275704e-01 2.862540814942514736e-02 3.083491332588961242e+00 1.517120783760659108e+01
1.738315460286451466e-04 -5.252154204760437928e+00 6.958618196197592365e-01 2.292606174480272749e-02 2.995940473561019779e+00 1.035345461286320123e+01
1.736335522071563806e-04 -5.250793852131774742e+00 6.523853609155410016e-01 2.910472965402177703e-02 3.154932495960157901e+00 1.393143320814734309e+01
1.735246193147167932e-04 -5.248921421378022423e+00 6.320938323534781578e-01 2.816890517653046835e-02 3.128310135683832094e+00 1.417228108371612727e+01
1.732349662429516458e-04 -5.248092049393494385e+00 6.373386555124594954e-01 2.912072330466763947e-02 3.095472984067416888e+00 1.429046813634689528e+01
1.729269841858373778e-04 -5.247371460088385398e+00 6.329601720362518780e-01 2.931170669513894628e-02 3.103979992639902541e+00 1.592891063662848872e+01
1.725112872018729631e-04 -5.247278241380788799e+00 6.150663518297316834e-01 2.877430194137688829e-02 3.125612705775229205e+00 1.413917972408339097e+01
1.721690435349006849e-04 -5.246764103345786801e+00 6.522096626901807692e-01 2.758407433024738162e-02 3.062599581254917602e+00 1.284512169977274354e+01
1.719977248012220382e-04 -5.245259659939799590e+00 6.534629567248378956e-01 2.702424441264083751e-02 3.138536866751293175e+00 1.185185390262279093e+01
1.717145926625961942e-04 -5.244407155175093926e+00 6.805144300695558091e-01 2.090458950450551148e-02 2.914616297070870221e+00 1.023939991527234916e+01
1.714055612350583082e-04 -5.243708457183069882e+00 7.294371242713449943e-01 1.754531218016522343e-02 2.777345277207805552e+00 9.052685408655651855e+00
1.712017158049378683e-04 -5.242398422883369768e+00 7.316818153352552256e-01 1.446046905962225342e-02 2.737917949309816024e+00 7.600163900778867720e+00
1.708429441538757837e-04 -5.241996229542175811e+00 6.848243980411838905e-01 1.846384805431705925e-02 2.762901593155924651e+00 9.246212981452373469e+00
1.704302071393612797e-04 -5.241915038136883531e+00 6.309374564244143446e-01 2.437805780829341296e-02 2.993549870978441163e+00 1.045632735775629385e+01
1.700072679283142060e-04 -5.241899720109997496e+00 6.866172273667074943e-01 1.866791490218409205e-02 2.875225009493885597e+00 7.713731013588464691e+00
1.696504283471923823e-04 -5.241500892651179910e+00 6.326333304820975778e-01 2.267999069390826822e-02 2.940488716629572785e+00 1.022475925092271432e+01
1.693316369288936827e-04 -5.240881768042157773e+00 6.412109872499079932e-01 2.655823497158995086e-02 2.997665337600283308e+00 1.344071450020984138e+01
1.689625569499929737e-04 -5.240563774899007043e+00 6.761547997098200646e-01 2.068178826555499422e-02 2.907042094970917923e+00 1.010495984001768477e+01
1.686718152803370137e-04 -5.239786003234935485e+00 6.927728528505791017e-01 1.999766307361709738e-02 2.935922353892774339e+00 9.307411105767762649e+00
1.682807354336451162e-04 -5.239607279755732705e+00 6.566955976636456027e-01 2.678130648580534165e-02 3.025457077152948759e+00 1.380641752864297445e+01
1.680963355586785114e-04 -5.238203667763955629e+00 6.490440862739518257e-01 2.798797931852375909e-02 3.055707367289402399e+00 1.360420628772603990e+01
1.679492784179023677e-04 -5.236578889127052605e+00 6.653106698321311629e-01 2.691643059900238402e-02 3.077246668124740125e+00 1.334349220871941455e+01
1.678129652842814468e-04 -5.234890851422791869e+00 6.367038966527356347e-01 2.879055496369691339e-02 3.080664114355470051e+00 1.413942818376619215e+01
1.676688558787926917e-04 -5.233249970488342839e+00 6.681110590116094983e-01 2.486830910844068168e-02 3.079109213932816225e+00 1.120546264780873180e+01
1.673212987894257160e-04 -5.232824999913720632e+00 6.383931376914244726e-01 2.425377423460546231e-02 3.006893520546427556e+00 1.011020032418713832e+01
1.669737025605144600e-04 -5.232404578446318233e+00 6.298310130631280535e-01 2.517880155408013312e-02 3.020422782944404361e+00 1.086879740848114118e+01
1.665576977160941944e-04 -5.232399126544638790e+00 6.780382134182083576e-01 1.815740496269215021e-02 2.826119317332840275e+00 9.006725568018671524e+00
1.663838785509887770e-04 -5.230943268780321453e+00 7.265989088204035662e-01 1.452680943302222388e-02 2.719584761127774364e+00 8.084668692235943865e+00
1.660859589479627373e-04 -5.230235429446723039e+00 6.719191217062969734e-01 2.231560164897976664e-02 2.868806077873208515e+00 1.099475259215046208e+01
1.659857831573982568e-04 -5.228338767707112922e+00 7.268495091293017962e-01 1.460337339809424095e-02 2.768466976217156095e+00 7.869508664504238027e+00
1.655761769204912119e-04 -5.228309536339243557e+00 7.063164453090242656e-01 1.857192528241631210e-02 2.896086983328046482e+00 8.812090990389199519e+00
1.652560439132005682e-04 -5.227744856341657531e+00 6.538459349453384917e-01 2.827188189897956658e-02 3.062401745077220738e+00 1.440265832111480826e+01
1.650975651865738743e-04 -5.226204305455690147e+00 6.537427746732560330e-01 2.119065005805037191e-02 2.896066326244147504e+00 8.856675073822660949e+00
1.646964189258166812e-04 -5.226137014831341077e+00 6.384160761588967281e-01 3.077192660579141509e-02 3.203478854931389730e+00 1.564464669624817716e+01
1.646130758288755994e-04 -5.224143183648502387e+00 6.200582735391464428e-01 3.099929971423457872e-02 3.193973312116782814e+00 1.644173896909923016e+01
1.644337883452405037e-04 -5.222732922046879445e+00 7.036108451626652549e-01 2.024299094953406833e-02 2.828312133881575541e+00 9.256102270808760579e+00
1.642276767519290442e-04 -5.221487170823935209e+00 6.409804806450621895e-01 2.595850630939929363e-02 3.071055426253361365e+00 1.096079554805234935e+01
1.639015878677863936e-04 -5.220974735035068370e+00 6.860979435332570375e-01 2.036801166057084292e-02 2.816956960652377440e+00 1.017420914101646190e+01
1.639350561378414813e-04 -5.218270558529581216e+00 6.437686567428542173e-01 2.761969159786004449e-02 3.134946071760951636e+00 1.338791955711156234e+01
1.636101604293999491e-04 -5.217754381211535453e+00 6.500328416428947653e-01 2.675956634908088425e-02 3.006219761256684109e+00 1.359006157159959649e+01
1.636411157070000394e-04 -5.215065197670018193e+00 6.336631094496454342e-01 3.268577580389185611e-02 3.207088324444750782e+00 1.825493986262221568e+01
1.632734595481534305e-04 -5.214814447729067659e+00 6.494434014249804710e-01 2.513400229172881029e-02 3.091413021247699344e+00 1.118667329909623476e+01
1.628805736915717184e-04 -5.214723653236746692e+00 6.756565401218990186e-01 2.240995121177428301e-02 2.873283018891485519e+00 1.101173812626126214e+01
1.625180057737612212e-04 -5.214452108372902295e+00 6.218005392984889967e-01 3.272186381324084653e-02 3.183577331658053566e+00 1.867610328272233744e+01
1.622942815694159780e-04 -5.213329668572701081e+00 7.379786132666550369e-01 1.713454499741842371e-02 2.803293234398689382e+00 8.675166362772547046e+00
1.621713847196083194e-04 -5.211587202379531547e+00 6.663220861028505970e-01 2.356190128913043108e-02 2.986973220743688540e+00 1.150525333112866733e+01
1.617867729446844391e-04 -5.211461656897988348e+00 6.231988368302279202e-01 3.368573596868977560e-02 3.219281650446443432e+00 1.961413118602439454e+01
1.613995908009684544e-04 -5.211357688243261066e+00 6.415391181278263799e-01 3.112969535761257733e-02 3.161089591675785737e+00 1.658465891374201462e+01
1.610250792550208649e-04 -5.211180784142293909e+00 6.671894866646829181e-01 2.500452499732254766e-02 2.960099790823603527e+00 1.171698753369188495e+01
1.606989224897360194e-04 -5.210708341149243417e+00 6.672119851953721703e-01 2.065159566599168717e-02 2.947958436443989250e+00 8.272271166623038852e+00
1.603332174760235969e-04 -5.210486649931284298e+00 6.824098494293866501e-01 1.924513190223523310e-02 2.921924677385226321e+00 7.853097262691879799e+00
1.601034604152551920e-04 -5.209420674910283822e+00 6.788835678542476382e-01 2.488609028352965769e-02 3.020170893082714692e+00 1.198089479715289407e+01
1.597484508436633759e-04 -5.209140512934545164e+00 6.708772473311764850e-01 2.464639322503210661e-02 2.988742864994702320e+00 1.229936898039300708e+01
1.593882884825797020e-04 -5.208897617614809405e+00 6.393556619695351939e-01 2.743814462970683640e-02 3.120801219658344561e+00 1.341790294980609843e+01
1.590398000371641277e-04 -5.208586423170031843e+00 7.025987272817134643e-01 1.864573450477360200e-02 2.863783325738441299e+00 9.280924857987162824e+00
1.590590587875873702e-04 -5.205965336596395154e+00 6.483577128004021084e-01 2.652563466498271058e-02 3.051746975925142991e+00 1.349169269305286889e+01
1.588397428327324745e-04 -5.204845121537589492e+00 6.315999400490579507e-01 2.647559282236900888e-02 3.106182786626016323e+00 1.149959138167058548e+01
1.584623788598965815e-04 -5.204723700973103107e+00 6.199595009836958992e-01 2.992165906468392464e-02 3.174073517187956828e+00 1.486372041932004606e+01
1.582323412050900191e-04 -5.203676441929546037e+00 6.526686504112073628e-01 1.974325297090466502e-02 2.843216592233367201e+00 9.101527140619671385e+00
1.578374306909247375e-04 -5.203675325117870010e+00 6.222568876170803120e-01 3.313536391342838255e-02 3.225692397753339602e+00 1.920953747405920709e+01
1.574504807998659633e-04 -5.203629907556565293e+00 7.083921795166900903e-01 2.048144673723227213e-02 2.917630893176107243e+00 8.609518053602421617e+00
1.571462538757229508e-04 -5.203063983695598083e+00 6.177001003940038037e-01 2.869016617285405010e-02 3.123578383729959107e+00 1.419995506874182034e+01
1.569643854350404348e-04 -5.201721973513480535e+00 6.614118396120381993e-01 1.895537575820039830e-02 2.875122575134970049e+00 8.372891172212908018e+00
1.566000416620120953e-04 -5.201545859168305697e+00 7.195048973520539182e-01 1.511620136831251168e-02 2.765219605696833227e+00 7.461393070801980443e+00
1.562893806223041493e-04 -5.201031615922393492e+00 6.732835602863640467e-01 2.510819168334262746e-02 2.977997546210425561e+00 1.164351018007630323e+01
1.559751894621209153e-04 -5.200543956074369589e+00 6.370310710995106263e-01 3.077598568034921669e-02 3.196454625000415106e+00 1.615919546293380904e+01
1.557163076563541665e-04 -5.199705097733280823e+00 6.528295489948531261e-01 2.202549281785457294e-02 2.967195437934895708e+00 1.007923948157112726e+01
1.555642977223680703e-04 -5.198181772434137926e+00 6.303500110163874348e-01 3.011332184755513217e-02 3.141751257586286705e+00 1.496889392903142380e+01
1.554035481057999531e-04 -5.196715639009364729e+00 6.850956317654501859e-01 2.235047889861721537e-02 2.932747810291608470e+00 1.102533169544167890e+01
1.552647241719955998e-04 -5.195109350761949685e+00 6.454123023408200321e-01 2.239947236306136583e-02 2.882431701585099759e+00 1.049031874970388856e+01
1.548829339299165960e-04 -5.195071342171227791e+00 6.986800767850335214e-01 1.690898650617007892e-02 2.783889004347417373e+00 8.849179404126035209e+00
1.545075027360673652e-04 -5.194998252208693934e+00 7.000060183002350112e-01 1.564573906034691375e-02 2.772121354016858330e+00 8.159711041418422184e+00
1.542948934731998550e-04 -5.193875244739008856e+00 6.555953318976818212e-01 1.967324508795841378e-02 2.826143093109925175e+00 8.967916911894359799e+00
1.541476766973724397e-04 -5.192329826247815028e+00 6.600347633149332705e-01 1.933223368432118727e-02 2.858877907531198304e+00 8.303457291434769516e+00
1.538499285646103859e-04 -5.191763271316403916e+00 6.529950166712916726e-01 2.730263780787647865e-02 3.122719415879239513e+00 1.202365523808251169e+01
1.534700589922456920e-04 -5.191735416189566799e+00 6.379244445620212423e-01 2.244724725043543978e-02 2.906503778650440850e+00 1.003164315904618320e+01
1.531012335750645871e-04 -5.191641548818845209e+00 6.710462515207141765e-01 2.389264066962446323e-02 3.039404589902016784e+00 1.101517846105553211e+01
1.529631032293016723e-04 -5.190044171820160201e+00 6.571392301249410206e-01 2.865482023660223532e-02 3.120169589316311498e+00 1.432062790570819644e+01
1.526017344695585615e-04 -5.189909423862479443e+00 6.663965767385391370e-01 2.194008602980529812e-02 3.017086225118198684e+00 8.947564685897120285e+00
1.523300975282206070e-04 -5.189191048374492965e+00 6.565189729063433122e-01 2.701285300469491793e-02 3.035276476982497584e+00 1.385946637871050768e+01
1.519640613656520454e-04 -5.189096854259478420e+00 6.209999133734498411e-01 3.250399042615130518e-02 3.210067111590187316e+00 1.847082726049607615e+01
1.515944488095869196e-04 -5.189032053579098580e+00 6.487755033272203375e-01 2.115208362241359843e-02 2.942068704096085341e+00 9.281266112560825121e+00
1.512882252202682356e-04 -5.188554115056454918e+00 6.175000869367340828e-01 2.985440685765416990e-02 3.154905611879179617e+00 1.493393846526201152e+01
1.509244615965922012e-04 -5.188461451447150097e+00 6.753088079787055165e-01 2.176547666568363557e-02 2.849139625697391320e+00 1.022029740691330879e+01
1.505565568876470665e-04 -5.188402101896199881e+00 6.505194633131433646e-01 2.191971070915882044e-02 2.869377055956611411e+00 1.045169090446586679e+01
1.502034044454725944e-04 -5.188250503611056885e+00 6.718623591676219364e-01 2.048018726549402646e-02 2.838831655726653302e+00 8.960337201266439067e+00
1.498422830997949557e-04 -5.188157613828165537e+00 6.875223780225504511e-01 1.680471981649635585e-02 2.799844319089193068e+00 8.448584176105182308e+00
1.494762194811377490e-04 -5.188103595603489104e+00 6.386123954913801581e-01 2.385522480014520830e-02 2.950041028347008876e+00 1.149095752020292061e+01
1.491231251978753706e-04 -5.187968600444476053e+00 6.318200676976556407e-01 2.833769894621280747e-02 3.120426187358229964e+00 1.297938347711870222e+01
1.489815275918886771e-04 -5.186418586399481612e+00 6.739795840692469620e-01 2.454526905988524410e-02 3.028280679584206325e+00 1.031112606405615217e+01
1.487572823715420953e-04 -5.185424908418942991e+00 6.858483389659730811e-01 1.892365783646807187e-02 2.773589604846144585e+00 9.058489234727632677e+00
1.483892174135509128e-04 -5.185402239610775510e+00 6.418741141126577121e-01 2.922908893163207733e-02 3.109500507959525706e+00 1.433535331218412701e+01
1.481025122978785701e-04 -5.184836224112233438e+00 6.571275657241699708e-01 2.508645887849857842e-02 3.034497095824860935e+00 1.228578528119751745e+01
1.478542837246424920e-04 -5.184013689436764771e+00 6.171184863897523076e-01 2.925284232305873713e-02 3.134550874426943690e+00 1.454326644806968361e+01
1.476603205445776220e-04 -5.182826404308488399e+00 6.624113733530079262e-01 2.278411645817006101e-02 2.911176404906130166e+00 1.132621910826709488e+01
1.473485799443016199e-04 -5.182439836925571974e+00 6.526641361254560403e-01 2.481428002042060724e-02 2.964804097352764956e+00 1.110714474236412563e+01
1.470478369608586681e-04 -5.181982953422850535e+00 6.797094804966244963e-01 2.049218641183954762e-02 2.972234732586822581e+00 8.287185014366698965e+00
1.467124344513936302e-04 -5.181766466122491366e+00 6.234405333116730397e-01 2.796029350929542939e-02 3.130256060076658464e+00 1.302696263191034909e+01
1.463693918939095568e-04 -5.181607400860182011e+00 7.307994732461461362e-01 1.702984238503921569e-02 2.837397527432778954e+00 7.787879325298304067e+00
1.461817382903709249e-04 -5.180390278346638233e+00 7.088705035160198786e-01 1.660451633080928940e-02 2.804596062532810130e+00 7.502096795787069894e+00
1.461291739578582871e-04 -5.178249925084934091e+00 6.822200454191221786e-01 2.384650788676345723e-02 2.937417097422907908e+00 1.150823998922310665e+01
1.460083233606596076e-04 -5.176577279362983397e+00 6.594752536230580331e-01 1.966409310054496179e-02 2.869492355083733237e+00 9.210721549373715789e+00
1.457686378558556493e-04 -5.175720216198834933e+00 6.711215924992631754e-01 2.462011868392799049e-02 3.076468623449640560e+00 1.070806446227847175e+01
1.454514991200584893e-04 -5.175398217105353638e+00 6.841769538261204264e-01 1.809529411135718177e-02 2.780101817933851027e+00 8.263954602656539805e+00
1.453364873731969817e-04 -5.173689252211348233e+00 6.536000404565733835e-01 2.235720632721754225e-02 3.001185939759813959e+00 9.025087599840638575e+00
1.450415684457130496e-04 -5.173220528493967407e+00 7.051219345382810921e-01 2.121293680871568291e-02 2.928206311894515856e+00 9.009079028380300613e+00
1.446954570730500048e-04 -5.173109671108219842e+00 6.203911877722314561e-01 2.818491678073247603e-02 3.105053038871177673e+00 1.395267562858249200e+01
1.443584498064236915e-04 -5.172941467436211305e+00 6.192001416377105327e-01 2.973679993854656811e-02 3.154077678814158681e+00 1.515458427389519436e+01
1.442094919196657422e-04 -5.171473861395825544e+00 6.336777433515993208e-01 2.825476542033574651e-02 3.103257877210040316e+00 1.307697790573299734e+01
1.440359036557042601e-04 -5.170178309325343946e+00 6.370410121218494925e-01 2.259768269148941522e-02 2.929228916973863228e+00 9.837910797582068767e+00
1.436991865952994137e-04 -5.170018776133311178e+00 6.250067775854682983e-01 3.287413456750611085e-02 3.220323500829278540e+00 1.869463774105081555e+01
1.434776192900534650e-04 -5.169061848865297293e+00 6.448153315491694793e-01 2.380720048365017605e-02 3.039355974498890944e+00 9.770941187435431274e+00
1.433527455613924822e-04 -5.167432563767571096e+00 6.486631465195386026e-01 2.151234869046219494e-02 2.948437114496422762e+00 9.601494333565595340e+00
1.430248076395060320e-04 -5.167222813555403249e+00 6.596414814117036451e-01 2.640866001977858549e-02 3.026584777499891299e+00 1.341485054474800798e+01
1.427195407435797691e-04 -5.166859457823531621e+00 6.607433728737467371e-01 2.576208847604270422e-02 3.063150946115170914e+00 1.252082768116957290e+01
1.425291255767341413e-04 -5.165694539929863716e+00 6.528169250064537188e-01 2.849003607157570353e-02 3.145031858596903263e+00 1.344293557654493121e+01
1.422394426186048043e-04 -5.165229055606135766e+00 7.114150934297568396e-01 1.978981307748203453e-02 2.833644112332402543e+00 9.816443118327123685e+00
1.421021077634606602e-04 -5.163695040813991888e+00 7.274003312049200920e-01 1.512395250838625624e-02 2.723932782161302857e+00 8.165625391945598111e+00
1.417957473848294333e-04 -5.163353285351560018e+00 6.995621713802544495e-01 1.576206489995893648e-02 2.794176862010898432e+00 7.536663107255971106e+00
1.416911267785899277e-04 -5.161591383800019806e+00 7.089485250881573108e-01 1.789644175795034736e-02 2.809865615035969100e+00 9.262475592079848496e+00
1.413625547244938443e-04 -5.161413008446858797e+00 7.191162795462281432e-01 1.687369985248560536e-02 2.827772166028438505e+00 7.565905460436617602e+00
1.410374410357799707e-04 -5.161215514376239710e+00 6.732304652891863972e-01 2.553369151666572481e-02 3.073772987147659563e+00 1.159638784314283377e+01
1.407868453383279053e-04 -5.160493897401501329e+00 6.527850777497473667e-01 2.459973832258753948e-02 3.047907221917775189e+00 1.150893672970634363e+01
1.405138568696178911e-04 -5.159934799448778975e+00 6.301336106624761957e-01 3.166180788453198947e-02 3.170792617447726780e+00 1.710153435668175348e+01
1.403098012717010905e-04 -5.158888064712688681e+00 7.237812060344949172e-01 1.637063711629003354e-02 2.837174644316598382e+00 7.611760709520122958e+00
1.399697496517727201e-04 -5.158814583419885302e+00 6.297106430663519383e-01 2.830196692216390211e-02 3.098797091302348150e+00 1.325790690871141031e+01
1.397904897244124319e-04 -5.157596109002601459e+00 7.114002580706823009e-01 1.634757575775591665e-02 2.821347100509920658e+00 8.253730288896875322e+00
1.394450571572005261e-04 -5.157570240589920196e+00 6.830645917312955229e-01 1.926447891532886633e-02 2.783391301151565855e+00 9.433410491681767596e+00
1.391163353302700629e-04 -5.157430380856190766e+00 6.731336619444525660e-01 2.029216896800513370e-02 2.865145490704035680e+00 1.004580108897652480e+01
1.388243614375305238e-04 -5.157031361414532000e+00 7.239612166427671358e-01 1.605023340997287565e-02 2.814487116724444071e+00 7.507598430100701492e+00
1.385577947034993590e-04 -5.156453379901956069e+00 6.562625804115070904e-01 2.690406104404757109e-02 3.071941219722035932e+00 1.355057310029388518e+01
1.382347835584806233e-04 -5.156287339097520572e+00 6.355761029117270589e-01 2.895554172577237406e-02 3.114515412788062321e+00 1.383858244073542743e+01
1.379438774934018514e-04 -5.155893991157870282e+00 7.287226972095313116e-01 1.465266107926309000e-02 2.747579343612353675e+00 7.993837426607258045e+00
1.376154916665395700e-04 -5.155777404818005394e+00 6.270583962178241100e-01 2.994413289726823024e-02 3.110334201093087003e+00 1.577397577093823777e+01
1.372914708237624344e-04 -5.155634718651661785e+00 6.983069986908048143e-01 1.947588435660136882e-02 2.868907210118015527e+00 9.704819206034748902e+00
1.370991035119263895e-04 -5.154536861154687344e+00 6.248996726964735071e-01 3.211209752741674139e-02 3.200322948426955971e+00 1.802962351341331626e+01
1.368018287690339575e-04 -5.154207535472163038e+00 6.638939735317239688e-01 2.674696672848549464e-02 3.035145028244883303e+00 1.334997234578572822e+01
1.365870886726968964e-04 -5.153278485330039516e+00 6.706170956791356330e-01 2.613284485853896097e-02 3.021811164097801594e+00 1.265535729655538510e+01
1.363152442939422244e-04 -5.152770732634877504e+00 7.276909916766090003e-01 1.635522015476678637e-02 2.744385249579962327e+00 8.235832940062849161e+00
1.362251236945520691e-04 -5.150932070280673791e+00 6.787755793641346846e-01 2.313254731715714760e-02 2.914925583674077281e+00 1.038117879049913839e+01
1.358938102419099099e-04 -5.150867135063272428e+00 7.225687798626935221e-01 1.900221133337414575e-02 2.815898427426880790e+00 9.068022732828300292e+00
1.355731583803230415e-04 -5.150729499901531838e+00 7.049804247363500309e-01 1.679745937024678532e-02 2.739573853981644547e+00 8.284068710431387927e+00
1.352890815673297119e-04 -5.150327074795730375e+00 7.315782443073249874e-01 1.818438030118190232e-02 2.812293436832280058e+00 8.786093582116713208e+00
1.350240938266161273e-04 -5.149787673462151716e+00 6.499488472696075547e-01 2.425623361921858817e-02 2.938003056044864891e+00 1.192303996805480892e+01
1.349001583940262743e-04 -5.148205971394106406e+00 6.248133694746169642e-01 2.757643234735483728e-02 3.098543186537210392e+00 1.262738929827428258e+01
1.347495653448699379e-04 -5.146822924623092987e+00 6.362202896504526306e-01 2.509074237376500080e-02 3.042706561509021412e+00 1.172646803035916108e+01
1.344299375184018156e-04 -5.146697756088999043e+00 6.353794888922132955e-01 2.757204712214251022e-02 3.036290685169984904e+00 1.380962873541874103e+01
1.341990760098552774e-04 -5.145916569424544562e+00 6.202651595243826588e-01 3.093868960924751887e-02 3.156788789075436252e+00 1.642324436678637056e+01
1.339827030544209880e-04 -5.145030198830229828e+00 6.539170990403369021e-01 2.551501051154944980e-02 3.089694232982864719e+00 1.170255980562664533e+01
1.337978306165289873e-04 -5.143910974831609195e+00 6.955113634330877259e-01 1.618219191767181556e-02 2.814920438244354006e+00 7.696980264296879426e+00
1.334880333994994679e-04 -5.143729072400265778e+00 6.362909514777784770e-01 2.532369269832403236e-02 2.986918229324052820e+00 1.242169925926285323e+01
1.331818578284715707e-04 -5.143525362425029002e+00 6.807135367276386795e-01 2.508643403551297224e-02 3.015912607041068672e+00 1.159689918588314228e+01
1.331454121192206534e-04 -5.141299053583166412e+00 6.364966159629238396e-01 2.587819133211163164e-02 2.992275546562656707e+00 1.213370475329800691e+01
1.328838109155466071e-04 -5.140765764495689893e+00 6.784544512464832922e-01 2.067233360920566268e-02 2.833201120063616685e+00 9.286034753619185622e+00
1.326174018549543363e-04 -5.140272603916297811e+00 6.623795279801375502e-01 1.922006097239487357e-02 2.850637139868366976e+00 9.058271516718868099e+00
1.323847204940451340e-04 -5.139528676046150935e+00 7.025544291116339046e-01 1.991071687127943940e-02 2.925543668330183422e+00 8.216572676070963865e+00
1.322842336930093977e-04 -5.137788015623191207e+00 7.300454831050073867e-01 1.584067498597813844e-02 2.756532191305884893e+00 7.836488601068676729e+00
1.319578873244238275e-04 -5.137758072503254780e+00 6.454010319015432984e-01 2.160110056390064301e-02 2.877989657378050570e+00 9.966540511037447203e+00
1.316414365610096143e-04 -5.137659071950233525e+00 6.549280825937718875e-01 2.424539570570426877e-02 3.069888035883750366e+00 9.988450641545760789e+00
1.313752369491512535e-04 -5.137183275961334061e+00 6.387070957994187559e-01 2.705990825905181529e-02 3.019997307654670227e+00 1.340883980040690382e+01
1.311602492580738280e-04 -5.136321056379049566e+00 6.218589213544974958e-01 2.767096923152687418e-02 3.098972356548446605e+00 1.296119847505732103e+01
1.308523161668535622e-04 -5.136171579015227806e+00 7.117925770914743655e-01 1.790456595510750426e-02 2.760435530513671853e+00 8.975241405355742330e+00
1.305371491110196612e-04 -5.136083054995935981e+00 6.582386019137728139e-01 2.641840716440721840e-02 3.107529171854245931e+00 1.228111226439247261e+01
1.302660772108482862e-04 -5.135661802269175347e+00 6.696941809209689955e-01 2.264296109559396641e-02 3.035948333632767060e+00 9.332690241649194363e+00
1.300985058274074530e-04 -5.134449008114323476e+00 6.909527626995964900e-01 2.100591339340619410e-02 2.856469546327588205e+00 9.315846249753970909e+00
1.297938580804010409e-04 -5.134293423948339985e+00 6.351086380619505034e-01 2.396933038005492900e-02 2.947144638599793254e+00 1.125093188704012448e+01
1.294840821756555987e-04 -5.134182952743863382e+00 6.622069839681301584e-01 2.154415441593000857e-02 2.863272811595075851e+00 1.053008578598261202e+01
1.293458900683375581e-04 -5.132750774366308555e+00 6.426386607300736964e-01 2.999925413757501338e-02 3.161826942621049241e+00 1.568137817557640901e+01
1.290548916203303035e-04 -5.132503078474071501e+00 6.633175549121045345e-01 2.293866551226101530e-02 3.030636073244704853e+00 9.231348803296036465e+00
1.288356128045464418e-04 -5.131703636384242095e+00 6.853035971265253323e-01 1.839868814561642849e-02 2.773123471686562258e+00 8.634002722731551671e+00
1.285285647843673724e-04 -5.131589735092586757e+00 6.685189876899658712e-01 2.365810058086108628e-02 3.040353085449180259e+00 9.594519175575852543e+00
1.282671567003488471e-04 -5.131125658220913266e+00 6.589078247324597903e-01 2.554937352538356674e-02 3.062320189585644226e+00 1.079032239421109551e+01
1.280248937401184180e-04 -5.130516181410920140e+00 6.450773664983147082e-01 2.202117200260269095e-02 2.883461642171828654e+00 1.016612016411013286e+01
1.277369356274046114e-04 -5.130267950059113957e+00 6.860660495754811183e-01 1.691613645675128438e-02 2.833100047801938359e+00 7.799117416286240001e+00
1.275029267488451317e-04 -5.129601589538046902e+00 7.266374695309512077e-01 1.510244560593153318e-02 2.778728842224671425e+00 7.967889836070593645e+00
1.272659505410670495e-04 -5.128961913127358052e+00 6.762139309720263114e-01 2.196812660646113233e-02 2.867453318380323246e+00 9.970608305459837339e+00
1.269858419811770048e-04 -5.128665308984961868e+00 6.225447349916871653e-01 2.728514864791212885e-02 3.075841109688711938e+00 1.274554158486394506e+01
1.267283202141202447e-04 -5.128195324599901461e+00 7.305469227516819819e-01 1.651796852666717608e-02 2.757741928582197133e+00 8.186798068632784364e+00
1.265239468507578958e-04 -5.127309315345934593e+00 6.728508058016211546e-01 2.455656614679792640e-02 2.980937287860072615e+00 1.084809701435976059e+01
1.263113159160581965e-04 -5.126491287888069515e+00 6.635879832878278650e-01 2.188744290077648466e-02 3.008940915245509551e+00 9.139175076505431150e+00
1.260332547985762582e-04 -5.126195109664267946e+00 6.518543930944572518e-01 2.730967406444757134e-02 3.044956229586215812e+00 1.301945933241675135e+01
1.257598032451196694e-04 -5.125867144613025062e+00 7.022695930728825031e-01 1.724674087539997125e-02 2.751116789073232649e+00 8.939511283573684963e+00
1.256225519188776364e-04 -5.124459117355428361e+00 6.421939250282282519e-01 2.461112767351052513e-02 3.064928933293066038e+00 1.035025843425685466e+01
1.253706151137315167e-04 -5.123966637263135837e+00 7.203232880466859944e-01 1.987010178281457470e-02 2.882412271536900938e+00 8.995062263736301134e+00
1.251221314202088345e-04 -5.123450597106006477e+00 6.851697643060993270e-01 1.914527081127575386e-02 2.925137899203968050e+00 7.941934607857673356e+00
1.248613890753086017e-04 -5.123036674131727253e+00 6.780968784021267348e-01 2.264456365308632063e-02 2.971413966787382677e+00 9.252566952352976770e+00
1.247083511254147266e-04 -5.121763088591689161e+00 6.968104450874148537e-01 1.875516036271389353e-02 2.923151338171332991e+00 8.031633129889950595e+00
1.246299984310686318e-04 -5.119891573516410332e+00 7.068805603628165457e-01 1.524533500814043672e-02 2.754945131852706730e+00 7.695131223391697972e+00
1.243787014816775081e-04 -5.119409953073359887e+00 7.173874621701943344e-01 1.700502322089314858e-02 2.797454063245353950e+00 7.758502026491353121e+00
1.241320486285308591e-04 -5.118895001478955820e+00 6.775669666032638760e-01 1.981243780226848300e-02 2.816486242482996616e+00 9.863048633942367971e+00
1.238352112504443117e-04 -5.118789168515533561e+00 6.257501449485326495e-01 2.643610748529693494e-02 3.034485028819009944e+00 1.274015978430362317e+01
1.237703035097058551e-04 -5.116813452009688845e+00 6.830066544988907529e-01 1.737537421109407176e-02 2.838235558002603742e+00 7.736271778849855174e+00
1.234999864565060844e-04 -5.116499862361873596e+00 6.617201118383894132e-01 2.502441812941089486e-02 3.088944299742852451e+00 1.092841033599405698e+01
1.232771398837376826e-04 -5.115805918187612100e+00 6.870395547330871988e-01 1.644390105919169703e-02 2.793176408506370834e+00 7.805492019442997531e+00
1.230857665795265460e-04 -5.114859507122330839e+00 7.263098664679591421e-01 1.883634145355840908e-02 2.855336982191042594e+00 8.988263681608337663e+00
1.228027832097447068e-04 -5.114661228735310594e+00 6.371158591254004744e-01 2.845715733803924619e-02 3.093665515439851355e+00 1.487181177113857089e+01
1.225584477982352477e-04 -5.114152867685532122e+00 6.472806257925353135e-01 2.963521369191682991e-02 3.135176149632570741e+00 1.539409666713299707e+01
1.223184323955198648e-04 -5.113613162829655501e+00 6.723625051508627104e-01 2.604292387003558432e-02 3.051079218559054951e+00 1.234190872152289842e+01
1.221286070593417263e-04 -5.112666263041120374e+00 6.567690221025933583e-01 2.282840355754459788e-02 2.986564739447816752e+00 1.063700030679933661e+01
1.218632060406761472e-04 -5.112341755078882777e+00 6.422061139851039657e-01 2.789106977828910774e-02 3.131598857083764731e+00 1.255131025898775654e+01
1.216389305682765733e-04 -5.111683837772216243e+00 6.633589669150238288e-01 2.676397404179789094e-02 3.047127153664030530e+00 1.331948276183534574e+01
1.214399529298961660e-04 -5.110820982718412786e+00 6.379717902880771563e-01 2.439009160401413648e-02 3.047703277815266176e+00 1.047433167216507321e+01
1.211759550550088778e-04 -5.110497245448037518e+00 7.237070091382160619e-01 1.829790155313828701e-02 2.796134592694407672e+00 8.747453150618774487e+00
1.208983487015765452e-04 -5.110290809620845920e+00 6.697020864453123723e-01 2.582197483376213673e-02 3.080255709252423202e+00 1.147218118676880749e+01
1.206385287826897736e-04 -5.109942199684400777e+00 6.947499922698565644e-01 2.061080581575689200e-02 2.961815757855644993e+00 8.450801252729879920e+00
1.203409233140445681e-04 -5.109912166458389748e+00 6.493013031156065207e-01 2.424352594845395267e-02 3.048004178992189228e+00 1.095458648188384565e+01
1.200999491674587449e-04 -5.109416602931940332e+00 6.544829137733483293e-01 2.791363603858505391e-02 3.128703860092806543e+00 1.345647600382455877e+01
1.198147886440349935e-04 -5.109293786262254500e+00 7.301886492246464355e-01 1.526381398582054780e-02 2.789253965801051116e+00 7.690605234295509796e+00
1.196506262267776899e-04 -5.108164860603510604e+00 6.328161968654012481e-01 3.051698587945706614e-02 3.152258823445457825e+00 1.566193305110748746e+01
1.193556384217602933e-04 -5.108133314350842724e+00 6.342604040495452011e-01 2.902907852301068667e-02 3.103205026785595955e+00 1.426460256280173944e+01
1.190698707905259846e-04 -5.108030438459066680e+00 6.687788089657007440e-01 2.598141842596824597e-02 3.028649296241616273e+00 1.276417581272766100e+01
1.187845230490090320e-04 -5.107929787689526435e+00 6.617097472350631504e-01 2.716507237926698085e-02 3.071359226650306695e+00 1.268280962276474888e+01
1.185930826435048404e-04 -5.107042749000264337e+00 7.028882039706566554e-01 1.845564818467424623e-02 2.898671791002951803e+00 8.560784208027676812e+00
1.183723356584381620e-04 -5.106405865150323464e+00 6.646899312760079503e-01 2.266812467407806897e-02 2.921624612580733249e+00 9.658804581612070450e+00
1.181145684852662002e-04 -5.106085835971004627e+00 6.963266013799744858e-01 1.947695839605754695e-02 2.793753132235228254e+00 9.468496952726674465e+00
1.180275489488644331e-04 -5.104322845880856718e+00 6.786571465135945447e-01 2.074702890347677672e-02 2.862491508952533348e+00 8.907185454400668334e+00
1.177703098425658896e-04 -5.104004708003489377e+00 6.962171244585395602e-01 1.942943273097792745e-02 2.847666580661370794e+00 8.312958053904260680e+00
1.176197484295981086e-04 -5.102783958576820211e+00 6.471456389839487233e-01 2.209882886032487129e-02 2.963704389928938809e+00 9.875142313286048079e+00
1.173727679865064751e-04 -5.102385987507778609e+00 7.258966407383342645e-01 1.788873713261346712e-02 2.834705575157101087e+00 8.892545462053526251e+00
1.171667600248599782e-04 -5.101642689385466056e+00 6.647130554431139871e-01 1.894023309861797913e-02 2.810309526134363800e+00 8.699720660094200753e+00
1.169827486810853882e-04 -5.100714432009853638e+00 6.900830690116247501e-01 1.760623305736887939e-02 2.800867665877681212e+00 7.865020138984686326e+00
1.168223751158078825e-04 -5.099586288946303725e+00 6.456962232620099273e-01 2.889704279420863067e-02 3.156804439988253108e+00 1.382313301832837737e+01
1.165881132138372740e-04 -5.099093585039168097e+00 6.511383412801703408e-01 2.672990135241154475e-02 3.020853725086738439e+00 1.274288961302172751e+01
1.163631677730164103e-04 -5.098524851609454345e+00 6.379974301220662225e-01 2.683867946343365327e-02 3.020997119561851463e+00 1.292461060622685309e+01
1.161163988908486128e-04 -5.098147782053517041e+00 6.413911557863345436e-01 2.619016432590679649e-02 2.999620887909360434e+00 1.299375616002970091e+01
1.159023035088258761e-04 -5.097493283649498608e+00 7.346948770486114721e-01 1.700733399679147870e-02 2.828018688594728047e+00 8.207210662414997415e+00
1.157060398327492068e-04 -5.096688073398629726e+00 7.197461378821579103e-01 1.967423384286527341e-02 2.878937322773910790e+00 8.792261437871822238e+00
1.155335023750461108e-04 -5.095680357011325157e+00 6.595492828264142293e-01 2.612033883424473568e-02 3.048507768317828326e+00 1.296984696366981993e+01
1.153944277139356937e-04 -5.094384842565505167e+00 6.902916025887425588e-01 2.335836888465587721e-02 2.945575993274846649e+00 1.086362757696230474e+01
1.151372253757631967e-04 -5.094116227639481131e+00 7.007523444323345840e-01 1.771991021145929296e-02 2.771511310641464831e+00 8.259968111276696945e+00
1.148830394757075786e-04 -5.093826345984370008e+00 6.692895000642787862e-01 2.343551832052236453e-02 2.999046140794402682e+00 9.589556136661975927e+00
1.146634794727382698e-04 -5.093239335742898888e+00 6.704069662955604025e-01 1.899524796567426260e-02 2.883452030366481456e+00 8.718000962505753293e+00
1.143824644903045670e-04 -5.093193123996662131e+00 7.049880131964285646e-01 1.926302366780800399e-02 2.914829302368345143e+00 8.898059303105313234e+00
1.141517505451842423e-04 -5.092712200426539049e+00 6.795231428128258866e-01 2.210895111801529714e-02 2.925940571260865042e+00 9.251620696433858981e+00
1.141462631489776122e-04 -5.090260272646870199e+00 6.315313617800044632e-01 2.846823423849587781e-02 3.098297928919103050e+00 1.359473054351546395e+01
1.139688712870315406e-04 -5.089315556544563357e+00 6.543806883831334575e-01 2.020872184269302541e-02 2.883998205031665929e+00 8.688505661664583712e+00
1.137314096579617947e-04 -5.088901295869698416e+00 6.856477558306273146e-01 2.035189280245162935e-02 2.940736844347888290e+00 9.391154377766907757e+00
1.134493747392184066e-04 -5.088884208888806882e+00 6.601711995709852454e-01 1.981917765320697147e-02 2.851498668472079334e+00 8.628131992699762165e+00
1.131678835455547763e-04 -5.088868497513311162e+00 7.101848536642845211e-01 1.528410686041810178e-02 2.774600830283933561e+00 7.884196947212651629e+00
1.129421394001303182e-04 -5.088365261898085912e+00 6.611576272589637648e-01 2.433580785631217144e-02 2.943261113721024280e+00 1.197474456200619208e+01
1.126915051205001239e-04 -5.088086866599344837e+00 6.773536329810777579e-01 2.072893065299380097e-02 2.856066819428457304e+00 8.988497534735961025e+00
1.124485102721794821e-04 -5.087745478361468621e+00 6.410729407142363723e-01 2.441434520284848850e-02 2.947015214772554792e+00 1.146016625412049272e+01
1.121876159200646403e-04 -5.087568296813171465e+00 6.908685438543303858e-01 1.616369796972782352e-02 2.773196857645527036e+00 7.960842735595932140e+00
1.119621928659017123e-04 -5.087079658155669648e+00 6.862160955858176425e-01 2.260688437700025116e-02 3.017146490525294045e+00 9.605766635409437981e+00
1.117044499084814146e-04 -5.086884365449616752e+00 6.987812618218322003e-01 2.010070719183331897e-02 2.842993766738127981e+00 8.880559518558291288e+00
1.116243883384824518e-04 -5.085101349194818710e+00 6.677565037620595279e-01 2.264521718413672544e-02 2.889821942210651251e+00 1.026115457212998550e+01
1.113540360399389010e-04 -5.085026269289889989e+00 6.974857886067125090e-01 1.752947072845741083e-02 2.756086494645400897e+00 8.941349010170853262e+00
1.110799525961514265e-04 -5.084990673081632551e+00 6.859073396295666258e-01 2.217619746346487924e-02 2.896091385975395394e+00 9.823573445612984401e+00
1.108357906011875631e-04 -5.084691166746198476e+00 7.333765834625720625e-01 1.739359129140908775e-02 2.806574310957858032e+00 8.668162002650998232e+00
1.106071848994056754e-04 -5.084255858863674149e+00 6.323412886418030565e-01 2.654704209346885752e-02 3.053021460842786361e+00 1.302385330267403418e+01
1.103351954376581020e-04 -5.084217945120999893e+00 6.722060644986062039e-01 2.500169192531180237e-02 3.051575847548099851e+00 1.164930628198515272e+01
1.100899986691956212e-04 -5.083942707772031611e+00 6.539739074810957398e-01 2.208278835548890123e-02 2.940195045839545163e+00 9.128055699906200360e+00
1.098613306184332086e-04 -5.083521968978469197e+00 7.175878919511947673e-01 1.656404091090832656e-02 2.759503018943625818e+00 7.982976345061372214e+00
1.096362748674114569e-04 -5.083072613944640494e+00 7.223533793987366725e-01 1.657753522746006208e-02 2.841601487482077637e+00 7.917029372906531748e+00
1.094514865647275477e-04 -5.082259502753901259e+00 6.359807831842486658e-01 2.893088644992750438e-02 3.154481685530626578e+00 1.364230818885363128e+01
1.097663280585485670e-04 -5.076887092855695727e+00 6.381885645901860249e-01 2.294950585240771931e-02 2.944910191997013982e+00 1.000634962055070609e+01
1.094935497717118556e-04 -5.076875267438909489e+00 6.512531154451933757e-01 2.064668707432697203e-02 2.910999484404506177e+00 8.890834316923545089e+00
1.092293499759447163e-04 -5.076791108894628479e+00 6.314941468679378112e-01 2.823071684774742726e-02 3.126008846513101957e+00 1.305367280782426143e+01
1.090148131740497402e-04 -5.076257135091175599e+00 6.518424886288872733e-01 2.477432164732518149e-02 2.955181560371796579e+00 1.149779876365994369e+01
1.087432584174795390e-04 -5.076251232282184667e+00 6.366394134339682376e-01 2.903732037029704144e-02 3.123031953867493993e+00 1.513655288105092112e+01
1.085078621445160259e-04 -5.075918276249316463e+00 6.249687874050351422e-01 2.804469678309933975e-02 3.116770177766798877e+00 1.333136704528957317e+01
1.082420259379222725e-04 -5.075871207987717071e+00 7.296925968434671006e-01 1.830083649228777393e-02 2.835625367075169656e+00 8.755168969917631827e+00
1.079859916519843542e-04 -5.075739396980537776e+00 6.560330477085436485e-01 2.109797113873935342e-02 2.877364158206236588e+00 9.108974504009143658e+00
1.077778035800109317e-04 -5.075169175202675298e+00 7.311330550545072082e-01 1.711619160152368091e-02 2.839301528977188571e+00 8.087491585420551132e+00
1.076151044840331796e-04 -5.074179894644494482e+00 6.589264139978726620e-01 2.182701046064910305e-02 2.970311617745087673e+00 9.874009223127153234e+00
1.073557488504994507e-04 -5.074092833471761210e+00 6.384258565531797380e-01 2.478972366620754708e-02 3.028164567587708689e+00 1.157731075964396439e+01
1.072765178046387196e-04 -5.072331129261988814e+00 6.299613844376721339e-01 2.757683295774548612e-02 3.063050578819817904e+00 1.313330850529791505e+01
1.071368467160239263e-04 -5.071133950181600625e+00 6.423546441911314187e-01 2.811708458573092609e-02 3.135939588843812409e+00 1.374111099372633404e+01
1.069857353314521478e-04 -5.070045397850627467e+00 6.698888818238462051e-01 2.103746846125378184e-02 2.878992365775445705e+00 8.936657542152760314e+00
1.067677433410280975e-04 -5.069585056501823672e+00 7.013077117061460308e-01 2.198203105857937309e-02 2.955594675464769505e+00 9.614286172449697077e+00
1.065208473747968938e-04 -5.069400192774978109e+00 6.324794545441265736e-01 3.066546984033503842e-02 3.162855439835819293e+00 1.643246720059619292e+01
1.063221445768719209e-04 -5.068767323600656738e+00 6.705409012622881582e-01 2.092401981528817928e-02 2.975466731896856398e+00 8.560969445310369963e+00
1.060654500596916038e-04 -5.068684551806551752e+00 6.543687371201093450e-01 2.380865504757438689e-02 2.966968142535533648e+00 1.013644795423750011e+01
1.058268942961934948e-04 -5.068436222248100975e+00 6.485280324963240695e-01 2.637135309873636993e-02 3.082906933872897604e+00 1.273764868818709850e+01
1.056371093508674640e-04 -5.067731184917950493e+00 6.731960506425651580e-01 2.201760217922118373e-02 2.879174337195766320e+00 9.799548047651484239e+00
1.054966412576266780e-04 -5.066561792777293682e+00 6.375000421290450969e-01 2.895035203802389864e-02 3.132340660228206008e+00 1.378663527274174960e+01
1.056757147723317702e-04 -5.062365798462548305e+00 6.736226111000062078e-01 2.316306870313596805e-02 2.928741275159296276e+00 1.142232757601506776e+01
1.055457278612708684e-04 -5.061096610314320010e+00 6.933030417498511344e-01 1.824193763779401178e-02 2.766095852326911686e+00 8.952457043210745979e+00
1.053493922138236041e-04 -5.060458537741546969e+00 6.523455323909941317e-01 2.636246261710679245e-02 3.063371159210586114e+00 1.157270434936521220e+01
1.052041355876595261e-04 -5.059338297565331821e+00 6.515392352982244395e-01 2.562958778490760300e-02 3.040542265298265878e+00 1.104544422999045850e+01
1.049628746263505676e-04 -5.059134196118012738e+00 6.513453721120753270e-01 2.226211759451258987e-02 2.936720478001253909e+00 1.048795629554783915e+01
1.048065880486362059e-04 -5.058124275795377045e+00 6.835037637649150621e-01 2.187479363917876202e-02 2.932380833500830342e+00 1.062304880498800586e+01
1.045891468373510053e-04 -5.057701121243645126e+00 6.366508405130965054e-01 2.429667882342400470e-02 2.962321227880204688e+00 1.100027961678725852e+01
1.043335873251578468e-04 -5.057647572470515662e+00 7.003605927987072155e-01 2.221692034879604177e-02 2.954462458532966185e+00 9.927770105385100408e+00
1.041020228845277828e-04 -5.057369501205874585e+00 6.369992197172887893e-01 3.030923556005088795e-02 3.153330631331551004e+00 1.604255410973658513e+01
1.038677914079445493e-04 -5.057122054793244281e+00 7.031959187897518504e-01 1.857920257041438886e-02 2.776753832813783518e+00 9.113767743388279996e+00
1.039123017946858848e-04 -5.054193617335771549e+00 6.872367223841098216e-01 1.977929464048148664e-02 2.907428939165820125e+00 8.104135291273749431e+00
1.036705597003362642e-04 -5.054022732580566668e+00 6.326126375622282971e-01 2.665555910163817238e-02 3.087026624824084742e+00 1.184029723771696752e+01
1.034878579711319185e-04 -5.053286617231043110e+00 6.457213425739077861e-01 2.782561482054356911e-02 3.100862954365068536e+00 1.404435613650337444e+01
1.032846746354163474e-04 -5.052751901483760300e+00 6.865167844646402617e-01 2.381000909211462846e-02 2.995993081530461843e+00 1.048368163592366287e+01
1.031673149076061053e-04 -5.051388821895243630e+00 7.179778671819142533e-01 1.952224522319153527e-02 2.866534424864314090e+00 9.354807089145188215e+00
1.029111380381547231e-04 -5.051375030402219579e+00 7.248325220222139320e-01 1.843888551704141870e-02 2.816349565235252594e+00 8.667504833533641317e+00
1.027296237746248874e-04 -5.050640383818245205e+00 7.032125458022686626e-01 1.668054476168301728e-02 2.842659901686141577e+00 7.726590013857677519e+00
1.025369227222650459e-04 -5.050017953371186863e+00 6.315469753694356037e-01 2.597070238237826623e-02 3.048410840214119677e+00 1.232249359220333673e+01
1.023607516752766716e-04 -5.049237554053999766e+00 6.488766742495479800e-01 2.425803531306991792e-02 2.947392786351624050e+00 1.179399050710246577e+01
1.021185429456167299e-04 -5.049106584555481447e+00 7.042898222971070155e-01 1.845111718337855491e-02 2.789558282443777237e+00 8.531161575883018600e+00
1.018746953800015402e-04 -5.048997327344430630e+00 6.916226572999685240e-01 1.770759860403777267e-02 2.792292241195339919e+00 9.019411794009013050e+00
1.016294946092467062e-04 -5.048907114478802249e+00 6.496440136721820524e-01 2.693652958179986942e-02 3.087751364334621051e+00 1.195999278832895030e+01
1.013989199666842872e-04 -5.048678468881806936e+00 6.366091344152660092e-01 2.710981613158884584e-02 3.055757764928628273e+00 1.362676827177132211e+01
1.012233185158465271e-04 -5.047911758338249122e+00 6.436647508411285079e-01 2.327867716339111770e-02 2.921384567505640462e+00 1.061867443999257254e+01
1.010738241328650597e-04 -5.046889726916911734e+00 7.000867216089052825e-01 2.085672401262565062e-02 2.854043544569723423e+00 9.618399211596567966e+00
1.008411229414214397e-04 -5.046694670635439195e+00 6.580474266812181838e-01 2.528182554529825182e-02 3.001223038449906344e+00 1.122791268658792774e+01
1.006022236076762358e-04 -5.046566547888646781e+00 7.180686537866100005e-01 1.990249275383537339e-02 2.885113079392473523e+00 9.053257466521147379e+00
1.003525476360689025e-04 -5.046551446341524638e+00 6.371049860829324230e-01 3.007505974244314984e-02 3.160359221999440305e+00 1.519795331782081682e+01
1.002433145464074707e-04 -5.045140532619474705e+00 6.942779895656765454e-01 2.181852953612517174e-02 2.882858760584944058e+00 1.005479720449602787e+01
1.000585966705078796e-04 -5.044484927684323772e+00 7.089810582187994203e-01 2.045452151278535566e-02 2.909011062391758884e+00 9.604877861216317925e+00
9.982537078111814366e-05 -5.044318541512424758e+00 6.361846940695385921e-01 2.617017667617620516e-02 3.086986134080066169e+00 1.204370949822024173e+01
9.961131512108702634e-05 -5.043965144994715821e+00 6.829618895746635276e-01 2.075381485536558976e-02 2.976476719434115736e+00 8.901079090309988118e+00
9.936443502383489996e-05 -5.043946655668862356e+00 7.196879957355937218e-01 1.749881343740251199e-02 2.810557976327353824e+00 7.955274102800297342e+00
9.914304252320903026e-05 -5.043677227485661163e+00 6.727686528090665030e-01 2.168759857612690897e-02 2.880285771585242571e+00 9.464915167583900057e+00
9.890850865051730410e-05 -5.043545640971280442e+00 6.942262251251587468e-01 1.959374336137885420e-02 2.802041309725963991e+00 9.596163804371570905e+00
9.873135159553380225e-05 -5.042838367420388046e+00 6.346691470754358688e-01 2.767322652300295213e-02 3.109794972604910335e+00 1.355432884142508776e+01
9.863589991232440772e-05 -5.041305616950607416e+00 6.965555804624279368e-01 2.261871010369325558e-02 2.940893740319303618e+00 1.038799809063013768e+01
9.839649010377640812e-05 -5.041235775021082333e+00 6.977247464608475891e-01 1.639798593086991968e-02 2.779849740745146125e+00 8.402502185008058788e+00
9.819265021891837824e-05 -5.040809541227847745e+00 6.844494704361953064e-01 2.225381475515011628e-02 2.991933221804379706e+00 9.115116568888955939e+00
9.800989171887529731e-05 -5.040172499282268070e+00 6.449360476160953537e-01 2.199058333733673251e-02 2.944891500416116248e+00 9.366612649317753281e+00
9.788252012989376771e-05 -5.038972923384752889e+00 6.529729624272295752e-01 2.242532150998182566e-02 2.960520448391378512e+00 9.247721267245720966e+00
9.771419744778887914e-05 -5.038194043511317943e+00 7.253720212502891007e-01 1.553611320732845025e-02 2.764796908300507727e+00 8.246796060418281726e+00
9.751435358909709057e-05 -5.037741325299065487e+00 6.366262650646630217e-01 2.806369259147144246e-02 3.115565397940581072e+00 1.398681799808833404e+01
9.729557564241319472e-05 -5.037487391908932466e+00 7.119030021716180601e-01 1.816021735441029558e-02 2.870635413741894126e+00 8.728555409734440218e+00
9.705688546171463871e-05 -5.037443654097208956e+00 6.459576915119233931e-01 2.580484408387562212e-02 2.988570062678390649e+00 1.253123050748352618e+01
9.682686505765429076e-05 -5.037316421400946709e+00 6.459901802042498087e-01 2.407100919712501161e-02 2.940838974485465496e+00 1.152215915175375116e+01
9.680776348886190486e-05 -5.035013716368251124e+00 6.677246851465228339e-01 2.210199220661582600e-02 2.881211505083608237e+00 1.079043157823788057e+01
9.666454369672999349e-05 -5.033994236452767446e+00 6.357045266916316884e-01 2.834096989891075544e-02 3.074616393223071675e+00 1.436827589995506926e+01
9.653244966357242606e-05 -5.032861691002071147e+00 7.023998203693845310e-01 1.688570552126779367e-02 2.746047405584743473e+00 8.502159531868692000e+00
9.630400738958059734e-05 -5.032730977228822233e+00 6.429954877799578528e-01 2.906704021394421883e-02 3.126096869236615561e+00 1.420281635957655375e+01
9.607238991932318605e-05 -5.032638939800246902e+00 6.323969680326867460e-01 3.014208815443659636e-02 3.161847841211392396e+00 1.556872919297744851e+01
9.585168675417971582e-05 -5.032438841576555077e+00 7.344771884375727034e-01 1.661320706988578255e-02 2.802154025659036041e+00 8.057113310876658829e+00
9.561750708081313301e-05 -5.032384977014274341e+00 6.331925377097806784e-01 2.948578417985455238e-02 3.120239261682462129e+00 1.541199139334119295e+01
9.541247724993427476e-05 -5.032031550080541038e+00 6.667938686765028100e-01 2.392273453986533752e-02 2.987927041251259741e+00 1.009360180265014684e+01
9.530060076516785016e-05 -5.030704794189057694e+00 6.592204617841638248e-01 2.142934108405037189e-02 2.927827415236723851e+00 8.850474449125760756e+00
9.517295304055766185e-05 -5.029545114051522603e+00 6.808466750224464459e-01 2.174362279276457685e-02 2.989539035675312206e+00 9.683109482709923554e+00
9.497397841033564710e-05 -5.029137966156258521e+00 7.195869994421656424e-01 1.538135281803813814e-02 2.765157952016358944e+00 7.697925901144028416e+00
9.483197462384488675e-05 -5.028134271311241577e+00 6.532907463622300570e-01 2.349302721886022474e-02 2.933033633020125208e+00 1.141955355233529446e+01
9.475120544224851452e-05 -5.026486342538814434e+00 6.755779238793293562e-01 2.293276148839740528e-02 2.899912831417370551e+00 1.079928816171054606e+01
9.453010839334912417e-05 -5.026322517673867729e+00 7.271748410090261849e-01 1.585203111037722032e-02 2.769498708963078482e+00 8.359508771171476837e+00
9.430715088008188298e-05 -5.026183890823716638e+00 6.707170375806960072e-01 2.588380969444135232e-02 3.040368119548317871e+00 1.226008554898984571e+01
9.419946535514822541e-05 -5.024826402835212313e+00 6.893165045045700490e-01 1.777243400441636673e-02 2.804178754974064880e+00 8.954252352370897228e+00
9.397022130525276560e-05 -5.024762971311037774e+00 7.219093025281881904e-01 1.633965548910433843e-02 2.773604330781545002e+00 7.847834339931226921e+00
9.375147731681030775e-05 -5.024593485993717579e+00 6.629980413601339606e-01 2.166624968637236373e-02 2.893124984023920376e+00 1.052461885004582065e+01
9.354629152512024867e-05 -5.024284498465909188e+00 6.822173951645945644e-01 1.962799723847552871e-02 2.810976096051612139e+00 9.704745563241155892e+00
9.338828346762520797e-05 -5.023475016072207922e+00 6.962748380350090027e-01 2.100962672092739417e-02 2.969864561151160487e+00 9.132403070316435389e+00
9.318404197144663028e-05 -5.023164425217255591e+00 6.298981508214828162e-01 3.006635610719025214e-02 3.150299602768358742e+00 1.547411120876322244e+01
9.298549285352226740e-05 -5.022797418602976016e+00 6.282279121567981850e-01 2.898974250840155933e-02 3.128464953561732376e+00 1.416289335727371501e+01
9.278705671828306955e-05 -5.022433753719947269e+00 7.209600333162106134e-01 1.711063627165231374e-02 2.813394474600021233e+00 7.822611225729294127e+00
9.256725747510250086e-05 -5.022305420623570882e+00 7.124188048445601051e-01 1.546246146140000353e-02 2.760528670311968469e+00 7.731528209798672613e+00
9.236183225363717348e-05 -5.022027086303764598e+00 7.205567696425190238e-01 1.716661157796423726e-02 2.783887243696248071e+00 8.082168980778149603e+00
9.221536790812364119e-05 -5.021114111961608728e+00 6.767638555960567848e-01 2.494423316367698831e-02 2.999131142267811523e+00 1.170366531764498319e+01
9.204782580897963795e-05 -5.020432621040232135e+00 6.537342542512848409e-01 2.667602639664518743e-02 3.023324176721879919e+00 1.295278938406317515e+01
9.191485692225961988e-05 -5.019378228463461156e+00 6.729754638722454940e-01 2.348565100123911967e-02 2.960322967374624525e+00 1.007279367515886825e+01
9.170078846555511365e-05 -5.019209931224844823e+00 7.328969512380272278e-01 1.615767358694976397e-02 2.782285865394298341e+00 8.311207519533789778e+00
9.149535038587725824e-05 -5.018952753230627728e+00 7.144078513479318326e-01 1.537400237607015538e-02 2.745200182080141715e+00 7.942792884977444068e+00
9.129259356982254495e-05 -5.018671246363446414e+00 6.851561362567639701e-01 1.932931942327354227e-02 2.931217764927280811e+00 8.187847903913045400e+00
9.111147594490352666e-05 -5.018157141578670988e+00 6.938710804605465743e-01 1.913830192978699038e-02 2.925880876828025112e+00 8.105463107317913085e+00
9.102954546199342931e-05 -5.016556779538346333e+00 7.185089631066597926e-01 1.768720027283534127e-02 2.774625606180750381e+00 8.590970828568030626e+00
9.084596106805356509e-05 -5.016075572060691101e+00 6.531329505024138227e-01 2.436100714619685720e-02 3.041365545413651450e+00 1.119512362477900425e+01
9.063420027781001549e-05 -5.015909280437190532e+00 7.067663427294884615e-01 2.011592189774437725e-02 2.895893372943881161e+00 9.622610112163954454e+00
9.042799407226742039e-05 -5.015687020364452131e+00 6.934661115524165531e-01 1.955473719808022495e-02 2.860997066404851186e+00 9.697853050537439401e+00
9.020976774731303356e-05 -5.015603197678892400e+00 6.445411219992259744e-01 2.530015951384145464e-02 3.077927734114481950e+00 1.080966165676905533e+01
9.007057655440073535e-05 -5.014647361809589476e+00 6.785009249623693561e-01 2.428895444565952119e-02 2.966278874407589861e+00 1.130620828203987571e+01
8.984849708742135286e-05 -5.014616022583223476e+00 6.728784540242310763e-01 1.929571188054669123e-02 2.805216408527305472e+00 8.916291403339261734e+00
8.967426150636766265e-05 -5.014057120604737960e+00 7.119186515414319683e-01 2.003884241166134506e-02 2.916543767871175419e+00 9.063413372896684805e+00
8.961357199005822057e-05 -5.012234127152745522e+00 6.472300840857154736e-01 2.759588226440542330e-02 3.120393865402466993e+00 1.329472941732086078e+01
8.950442183152972412e-05 -5.010952878766813612e+00 7.074571204342862130e-01 1.560189080743007092e-02 2.757949446194936538e+00 7.847818811137446282e+00
8.932973035898865834e-05 -5.010406549539035304e+00 6.480779267592625681e-01 2.290020572956026276e-02 3.006085007073915349e+00 9.846173607655357429e+00
8.915256561729158614e-05 -5.009891786213792386e+00 7.025316121635517552e-01 2.156726173517624703e-02 2.935417024117370488e+00 9.932987437216201698e+00
8.905149389427278138e-05 -5.008526123266868524e+00 6.656365978980846032e-01 2.511704380658123445e-02 2.976624484022204253e+00 1.207429176500431822e+01
8.910905333243149219e-05 -5.005379970781851817e+00 6.443494417209642000e-01 2.743526126337967816e-02 3.066635234629907281e+00 1.388565557453228294e+01
8.892660208647755308e-05 -5.004929574940026882e+00 6.385815113005077759e-01 2.531417780206745086e-02 3.041808203125341947e+00 1.187269250226143136e+01
8.876758230583167199e-05 -5.004219389543594687e+00 6.716566011857041385e-01 2.370027313597181454e-02 3.010894062029955354e+00 9.836797458374872960e+00
8.854757001196925689e-05 -5.004200986901688353e+00 6.393740265146321544e-01 2.862949726564956512e-02 3.102396113665050859e+00 1.471045000157584148e+01
8.833724461611443778e-05 -5.004079093755236407e+00 6.765275656290077322e-01 2.314051786625130613e-02 3.007703742638123234e+00 1.063571558993353783e+01
8.817381050468919954e-05 -5.003430922900083289e+00 6.485587785526374383e-01 2.710942451185531163e-02 3.037075203282262770e+00 1.338220056765014121e+01
8.799808752123257772e-05 -5.002925827237289624e+00 6.760103928236731452e-01 1.854438547206876953e-02 2.848902418067199349e+00 8.037541774328055055e+00
8.780150141492711123e-05 -5.002662307873406711e+00 6.988727971291073260e-01 1.848042835622504612e-02 2.815348012999306704e+00 8.192436881134813831e+00
8.758451504073768617e-05 -5.002636695390550337e+00 6.702385009104924185e-01 2.580689956255744974e-02 3.040496217905260146e+00 1.186172999133592754e+01
8.738719670965042197e-05 -5.002392127571663849e+00 7.073587722331456940e-01 2.014934282091958989e-02 2.853833189883538513e+00 9.085353828489273198e+00
8.717255859566451362e-05 -5.002351322381850984e+00 6.331171116070009042e-01 2.724110239138397005e-02 3.052981270634784750e+00 1.303681331682629363e+01
8.708417989658159440e-05 -5.000865672901953829e+00 6.755095865476666850e-01 2.339916489352053194e-02 2.921589995644954918e+00 1.120176305735055067e+01
8.693202208975832704e-05 -5.000114450818775147e+00 6.653681515785626610e-01 2.347910133572593538e-02 3.043012304683480274e+00 9.713472560743362294e+00
8.673134886564186688e-05 -4.999925511721584392e+00 6.458659359735715588e-01 2.871575493516519487e-02 3.121719268483475584e+00 1.394904332059729057e+01
8.652585212663229275e-05 -4.999797670964563068e+00 6.997115590983731259e-01 2.034045461487663312e-02 2.910329843146785223e+00 9.691888878941711027e+00
8.632105339482519838e-05 -4.999667384521505831e+00 6.895506046427751778e-01 2.341063981028596377e-02 2.976679748503230361e+00 1.054555327486916205e+01
8.619293717125615765e-05 -4.998652669821574079e+00 6.551721632316657162e-01 2.230323181781327171e-02 2.951076094228693769e+00 1.042965852614204536e+01
8.601508679482919968e-05 -4.998218200051381288e+00 6.294242942947805286e-01 2.782251452247404624e-02 3.077529271604710459e+00 1.359789727655312497e+01
8.584906847059691978e-05 -4.997650172144283864e+00 7.210940498766603701e-01 1.659683187502876758e-02 2.763360462990195998e+00 8.107491477318587769e+00
8.575344558716238629e-05 -4.996264641752807378e+00 6.453618372687355276e-01 2.419048320360006957e-02 3.044941235931355017e+00 1.055237329395202295e+01
8.554048102878459192e-05 -4.996251182546318503e+00 6.728570848072870092e-01 2.264852247195144053e-02 3.024411886684760020e+00 9.390522106767921429e+00
8.532888173906788846e-05 -4.996227921435674624e+00 6.800449543496294158e-01 2.422198347122363551e-02 3.027587010215074592e+00 1.093461930494315482e+01
8.524728679420580748e-05 -4.994684619569855322e+00 7.085217168218795880e-01 1.558767666766216857e-02 2.768899131268495850e+00 7.793330900202076528e+00
8.515436135121615265e-05 -4.993275283342332393e+00 7.265606875182141211e-01 1.614179280132955682e-02 2.803728902296692915e+00 7.760257626487655713e+00
8.495651928748766213e-05 -4.993101320950120048e+00 6.451232589394854111e-01 2.213031058649026980e-02 2.909515971775317844e+00 1.008145852591938407e+01
8.478534556935066397e-05 -4.992618192584068026e+00 7.147290171058469088e-01 1.712255810190586175e-02 2.826171964746547971e+00 7.723581842163159017e+00
8.459568584082918254e-05 -4.992357638243436924e+00 6.767138301407500389e-01 1.827881720404997759e-02 2.794624759245159407e+00 8.481932024410170357e+00
8.439703466939137968e-05 -4.992208642030309562e+00 6.596593999892730320e-01 2.006507092202250084e-02 2.906953484088970363e+00 8.736034692747251640e+00
8.423747854905246297e-05 -4.991600973142216624e+00 7.021938719032384535e-01 1.776312131161394275e-02 2.788288448443049461e+00 8.155005791886221544e+00
8.404218207224655433e-05 -4.991422068439940851e+00 7.037284269432038109e-01 1.824360082238803485e-02 2.778981574250516395e+00 8.665377897506695959e+00
8.384209576175714071e-05 -4.991305691347411866e+00 6.460368657803622350e-01 2.846579919564713387e-02 3.113153025025900078e+00 1.369145137861634609e+01
8.364881275571255386e-05 -4.991113674432027913e+00 7.314313293049617970e-01 1.690790338932090381e-02 2.788866368565195764e+00 8.266765642890497645e+00
8.344398980995068431e-05 -4.991065282702471961e+00 6.899602662178553336e-01 2.171181723554907114e-02 2.975288620397791739e+00 8.989143253300380110e+00
8.329258469789357835e-05 -4.990381382788704023e+00 6.403026617037054224e-01 2.309409144795776178e-02 2.971709941756969897e+00 9.978200795891599029e+00
8.316039623488992048e-05 -4.989469681058311679e+00 6.851115580858769816e-01 1.905167640296299633e-02 2.916027590607442654e+00 8.443392676334791958e+00
8.299724481951714888e-05 -4.988933496466027684e+00 6.588623337505511435e-01 2.256892131689586245e-02 3.015234323311063669e+00 9.442457309234674412e+00
8.284176058486113984e-05 -4.988308619629425067e+00 6.831864434716594658e-01 1.899088611724010500e-02 2.913414739835360923e+00 8.115542100564876904e+00
8.269286425130486736e-05 -4.987607595207611766e+00 7.193921045838670425e-01 1.737749580760598878e-02 2.769939977092541028e+00 8.519795987508295809e+00
8.250684182176714677e-05 -4.987359687691117038e+00 6.505741256607835421e-01 2.254536863713800521e-02 2.994599116347580026e+00 9.444124606020636747e+00
8.230089280309818328e-05 -4.987358952987611893e+00 7.236070382556288871e-01 1.857308139084531615e-02 2.858574789812438954e+00 8.771815887216977359e+00
8.214458975853949462e-05 -4.986759924533846977e+00 6.495201046257612632e-01 2.396709990645642940e-02 2.965108309942177112e+00 1.042701705504341092e+01
8.196754164208473639e-05 -4.986417573497762490e+00 7.266842000397313317e-01 1.678229118703230063e-02 2.775907390471021419e+00 8.619241792160817539e+00
8.178105426599983766e-05 -4.986195302423328535e+00 6.829095171163328537e-01 2.178896480713071390e-02 2.921388602385945443e+00 9.171071545543862058e+00
8.159269769212628191e-05 -4.986001139867494381e+00 6.717988931067445657e-01 1.873369399651974437e-02 2.804745810063084654e+00 8.679626575035818803e+00
8.149668623916218218e-05 -4.984678548988084046e+00 6.352313793852103485e-01 2.653556070240198003e-02 3.042824186135660192e+00 1.223426952748308771e+01
8.133568489053883365e-05 -4.984156059970366037e+00 6.874831876691865906e-01 2.047467656926612797e-02 2.905978138935243038e+00 9.864882119494380319e+00
8.113371315836832138e-05 -4.984142335399932122e+00 6.613608469635766651e-01 2.332702102308806952e-02 2.921325146602722800e+00 1.132647030300647373e+01
8.099474463828328942e-05 -4.983356637207363882e+00 6.573241382073111705e-01 2.668726209292123647e-02 3.068773061080538156e+00 1.210969817218592759e+01
8.082093423990471847e-05 -4.983004889668783299e+00 6.835536120474117183e-01 1.715188403056588928e-02 2.807395063114979550e+00 8.201769604138211989e+00
8.062547249293226619e-05 -4.982926273289874253e+00 6.766879893157646819e-01 1.809937748620618972e-02 2.793428401394427496e+00 8.712747665573148836e+00
8.045660991434774932e-05 -4.982522876933401790e+00 6.362040033191804778e-01 2.475026323850746529e-02 3.019302080052928439e+00 1.137185753693278656e+01
8.026780804273806315e-05 -4.982372264299085529e+00 7.154309590498761917e-01 1.937603851563591759e-02 2.840934577904369540e+00 9.390959767455758112e+00
8.007414096236978047e-05 -4.982287941241379414e+00 6.813092303063766897e-01 2.051897756654377444e-02 2.956523665034151538e+00 8.402158518694708533e+00
7.987653962729238718e-05 -4.982258720795104345e+00 6.730545834801231475e-01 1.810047676524387250e-02 2.829410528769297883e+00 8.390464133156195103e+00
7.968773370467375594e-05 -4.982125240653118681e+00 6.819670456156716742e-01 1.846179046056296499e-02 2.855037205065628747e+00 8.844454380102504842e+00
7.954972692566638303e-05 -4.981358586726513771e+00 6.760810177848256552e-01 1.954801498160137554e-02 2.917017541468118758e+00 8.766806330086337695e+00
7.941922832188610308e-05 -4.980500399530668254e+00 6.431961264833876424e-01 2.458545236395925232e-02 2.980356440880985502e+00 1.090925073373881204e+01
7.926743590057436922e-05 -4.979913508843943681e+00 6.613097121184067229e-01 2.215032905597673352e-02 2.915788460299233886e+00 1.069033856464865906e+01
7.908821055752107048e-05 -4.979677089885585772e+00 6.956380730141774604e-01 1.980896335990105228e-02 2.819750871278620341e+00 9.758256588563110512e+00
7.889104397982892112e-05 -4.979673198385916599e+00 6.794159076139225650e-01 1.941864194336979585e-02 2.800820054246532909e+00 9.200682360177378172e+00
7.873275255716199084e-05 -4.979181670194826381e+00 6.392127414568326005e-01 2.454732439859606125e-02 2.998358846208795558e+00 1.154291961419714063e+01
7.856719094606353477e-05 -4.978786714463091734e+00 6.528571524302718698e-01 2.729466977222329629e-02 3.076157654625770732e+00 1.271397460099217014e+01
7.839879917383835682e-05 -4.978432298187266625e+00 7.140195082239514379e-01 1.973841913100669171e-02 2.881187645558869193e+00 9.341988215904434512e+00
7.824261618488715915e-05 -4.977926445652672172e+00 7.102020828763009330e-01 1.656544012454227652e-02 2.762885270963296058e+00 8.000123396781720686e+00
7.806874207082044000e-05 -4.977651161600651797e+00 6.682978564300934288e-01 2.304163595916048149e-02 2.937740777925380797e+00 1.126054615955043658e+01
7.787536391889665426e-05 -4.977631258553553373e+00 6.418706885679575924e-01 2.848748417447734618e-02 3.131925661504022962e+00 1.402528983275112218e+01
7.771870099702263973e-05 -4.977144998279420918e+00 6.540146942587463652e-01 2.085226738420637230e-02 2.912158039830884615e+00 9.367869445334559231e+00
7.752833699624161546e-05 -4.977097400575145159e+00 6.542024185573244166e-01 2.078409297652240861e-02 2.919270830455078070e+00 9.135386091350811810e+00
7.738950586020515183e-05 -4.976389720564139196e+00 6.974277857404830305e-01 1.920882333813190776e-02 2.925023856371277375e+00 8.476621771883440459e+00
7.720179817667753846e-05 -4.976318159562626242e+00 6.609536194210657856e-01 2.297676269452781153e-02 2.905097642865333896e+00 1.102479589269173310e+01
7.705607214391152027e-05 -4.975707542267238992e+00 7.182766232369601767e-01 1.795371929254957130e-02 2.868692826291265874e+00 8.422165651501902772e+00
7.690746844290901609e-05 -4.975137918076753429e+00 6.984065775347898519e-01 1.910119886081353482e-02 2.802620038421643756e+00 8.838786204885359155e+00
7.672394371434793645e-05 -4.975027075518996256e+00 6.723948269597794791e-01 2.332188048505230704e-02 2.968549752996381574e+00 9.866273362718102291e+00
7.654433646442299142e-05 -4.974870774188147493e+00 6.461029935166112681e-01 2.499076438897052110e-02 2.970229640870366339e+00 1.176798842683256652e+01
7.635325278941976007e-05 -4.974870274349254551e+00 6.824066780687784162e-01 2.277852784758448504e-02 2.962315732790873568e+00 1.086806738562401442e+01
7.622509715408520153e-05 -4.974050141322770457e+00 6.556237725683455864e-01 2.468289444300961546e-02 2.962128403980724300e+00 1.200671390807212902e+01
7.604551740412047837e-05 -4.973908834544607416e+00 6.853840347729418525e-01 2.174234560917676432e-02 2.982590237228761154e+00 8.938257597612656369e+00
7.590950786731868300e-05 -4.973198963865825384e+00 6.998976120005734325e-01 1.997480843962211663e-02 2.943377188119522536e+00 8.636504997543241302e+00
7.572325432034492793e-05 -4.973155605002716584e+00 7.033885990593009563e-01 1.670207836074665345e-02 2.804226279670388955e+00 7.687618920358438857e+00
7.564985439881388566e-05 -4.971625393202281806e+00 7.052343938073865059e-01 1.847967606653995454e-02 2.839005844951251412e+00 9.229376089485748835e+00
7.546405166779975309e-05 -4.971584502750609147e+00 6.697571812636130550e-01 2.395770747615726462e-02 3.027936270727217938e+00 1.104573772495834838e+01
7.529071299784012312e-05 -4.971384114928463660e+00 6.734968532888423454e-01 2.294147699668162843e-02 2.914710803277285489e+00 1.028993979965386707e+01
7.516123363791890155e-05 -4.970605320865407073e+00 6.510527822036973333e-01 2.773390595561229729e-02 3.097750576357345853e+00 1.303716488140000784e+01
7.498775547329810168e-05 -4.970416068914246033e+00 7.095004147335900457e-01 1.594863046794188152e-02 2.754639803568458944e+00 7.953980123538196167e+00
7.484235212122295313e-05 -4.969856979189970048e+00 6.993508529861921508e-01 1.913276732788263615e-02 2.872742828278849636e+00 8.107645953979918829e+00
7.465866881584229701e-05 -4.969814265389843833e+00 6.724369984749343221e-01 2.004607386104855296e-02 2.827341091842169529e+00 9.706360558170640473e+00
7.447819661262915952e-05 -4.969734489132477506e+00 6.722681030906272337e-01 2.048987275129479646e-02 2.844002240709138096e+00 9.978887646469587480e+00
7.429228155231284926e-05 -4.969733844641583076e+00 6.771101110371481324e-01 2.323115751743116617e-02 2.965569357589180832e+00 1.119063657703041770e+01
7.412842367180971770e-05 -4.969441864699541078e+00 6.791163745446877620e-01 2.367108970165870616e-02 2.963101523776115354e+00 1.044384392304010767e+01
7.394705343415609541e-05 -4.969391565783056741e+00 7.052309923317136020e-01 1.965067756275160754e-02 2.896841308964744677e+00 9.329791841360595583e+00
7.382602993201499062e-05 -4.968529530241029946e+00 6.882250631183431944e-01 2.284672674753633614e-02 3.000993198056849387e+00 9.958275038146515712e+00
7.368144592803053256e-05 -4.967989892581235800e+00 7.094454271989565353e-01 2.017749722043346572e-02 2.893173590275321505e+00 9.540812753363400844e+00
7.365241872738535810e-05 -4.965883925563250756e+00 6.585496592642109404e-01 2.081837494260619856e-02 2.858466875028059739e+00 9.767003233079222468e+00
7.347802600341727785e-05 -4.965754513186449337e+00 6.530119665952366370e-01 2.581931473898809587e-02 3.024553556101538643e+00 1.157594572799751909e+01
7.332930214356102728e-05 -4.965280623362436252e+00 6.887648902509223570e-01 1.836885957355235272e-02 2.777592523513202405e+00 8.886855374457176993e+00
7.315615571814454432e-05 -4.965144632849522566e+00 6.784166927274271064e-01 1.834299851586050981e-02 2.790460751674674000e+00 8.858846201765283368e+00
7.299296925090710943e-05 -4.964877783887399865e+00 7.131646971914739064e-01 1.894544313867845345e-02 2.895728462732309438e+00 8.703571961441507909e+00
7.283342516409811339e-05 -4.964565922065078851e+00 6.363495805504757463e-01 2.559110682000706113e-02 3.048717219962675529e+00 1.190184125267513870e+01
7.266762465467966703e-05 -4.964344951410757822e+00 6.922938284454560609e-01 1.752576523646931506e-02 2.767245248221861242e+00 8.442374167637346716e+00
7.248927686723384111e-05 -4.964302263124087844e+00 6.695872009094903099e-01 2.557281158685700828e-02 3.054593797070310313e+00 1.149332019021222706e+01
7.231031850739740822e-05 -4.964274071840000246e+00 6.418901216973259549e-01 2.381730066463211282e-02 2.961718899478845035e+00 1.051999404182823206e+01
7.213023476181139272e-05 -4.964267607551669848e+00 6.381353251780791380e-01 2.891432409143120108e-02 3.136555440284142460e+00 1.430986309467468409e+01
7.197779824696889678e-05 -4.963883194983058189e+00 6.401874022286868637e-01 2.627251806203631176e-02 3.027649870135164178e+00 1.213640041544351078e+01
7.179890439333030537e-05 -4.963871691974179434e+00 6.477964672545627467e-01 2.268796482035247489e-02 2.911898590150295618e+00 1.024950216721477858e+01
7.168019167168116293e-05 -4.963026466111934099e+00 7.079186321870095666e-01 1.744510001857596526e-02 2.769537642078547801e+00 8.910813843393762923e+00
7.154145429560047193e-05 -4.962463846715805538e+00 6.350557928162348098e-01 2.575129719405748127e-02 3.061329378893298703e+00 1.145334664041327599e+01
7.139748538741097700e-05 -4.961978258704486500e+00 6.535161714276906952e-01 2.440739551090075413e-02 2.949459403687879622e+00 1.164168739058225732e+01
7.131283546173643835e-05 -4.960664577046403956e+00 6.506456337917158050e-01 2.244248745007419374e-02 2.898826730553706987e+00 1.032224485850423967e+01
7.120454404661143643e-05 -4.959684271505283348e+00 6.401326719141668953e-01 2.354536409809283512e-02 2.995816180837008957e+00 1.025806600245212508e+01
7.104710220008433213e-05 -4.959397840415992853e+00 6.349574525970130834e-01 2.770230693064968525e-02 3.083580995715652140e+00 1.374031567179396163e+01
7.087681753354149164e-05 -4.959297502834790095e+00 6.822619341272826432e-01 1.784475492663453039e-02 2.840077066591123689e+00 7.927475775619775789e+00
7.078389148184419956e-05 -4.958109455396258802e+00 6.498482111892004420e-01 2.129916829128919442e-02 2.914596555670701417e+00 9.502321843348385144e+00
7.066122989992481478e-05 -4.957343861100321547e+00 6.896142256324514497e-01 1.686876629561993857e-02 2.802153525878642082e+00 7.903057357756593682e+00
7.050205265928446833e-05 -4.957099083637224624e+00 6.906151659157440115e-01 2.073594884377871761e-02 2.869630481266714384e+00 1.019888576482711251e+01
7.035095202080831288e-05 -4.956744592663202553e+00 7.011753682485047934e-01 1.944483288945013724e-02 2.897460522476003497e+00 9.216615929415606701e+00
7.020399756196878528e-05 -4.956335654028493742e+00 6.888891520335842511e-01 1.712246609175089793e-02 2.821441678825474586e+00 7.851552965897281133e+00
7.004256490358376779e-05 -4.956137781465253411e+00 6.735519977229731392e-01 2.040053478864911618e-02 2.931677772151244810e+00 8.371807266757867794e+00
6.990866846737582216e-05 -4.955551254806454864e+00 6.695498765533842711e-01 2.289521354268998776e-02 2.906218526396451285e+00 1.104547986576696061e+01
6.973907758214484146e-05 -4.955480094131117674e+00 7.030338106827428435e-01 1.702688160650998178e-02 2.780183316006046290e+00 8.749795187482105163e+00
6.957013214954574116e-05 -4.955405569313254155e+00 7.080814619405183530e-01 1.764000520326276453e-02 2.830742042854770713e+00 8.809725145474619268e+00
6.942206112778385183e-05 -4.955036208082036708e+00 7.203330583380117558e-01 1.707283941785656123e-02 2.765951360882249688e+00 8.562293096476688348e+00
6.933192957186784880e-05 -4.953835364497482630e+00 6.431300761359540763e-01 2.724651344494152111e-02 3.103151663647239822e+00 1.311745193906285323e+01
6.918220503725672058e-05 -4.953497231852715288e+00 7.077443187660985568e-01 1.788311678131375773e-02 2.871874560049679115e+00 7.850823889240870379e+00
6.902400584402071057e-05 -4.953286553892883859e+00 6.488314199942332161e-01 2.208984526061275738e-02 2.935811085173723356e+00 1.009508405901075001e+01
6.886872192076015620e-05 -4.953038797233325852e+00 6.749225288172940873e-01 2.037801878592657157e-02 2.863561036474649768e+00 9.954560020604859005e+00
6.870338270841550498e-05 -4.952942471908453825e+00 7.221445495005028858e-01 1.731499267511757423e-02 2.777505155490425093e+00 8.718350024880834326e+00
6.856998539192635418e-05 -4.952386000508728792e+00 7.282162822630356969e-01 1.657365922562101246e-02 2.808017761433389214e+00 7.942417823538297839e+00
6.841349836840966139e-05 -4.952170759040113168e+00 7.213026640682237423e-01 1.559602108033219907e-02 2.773435911311320723e+00 7.831121549096099699e+00
6.828529996997067110e-05 -4.951546392733764179e+00 6.868785193642541476e-01 2.114056944717549943e-02 2.979584551069787590e+00 9.047812677722816943e+00
6.812341796242246911e-05 -4.951419878622316695e+00 6.966977745291689228e-01 2.126122889934434559e-02 2.871987437243091357e+00 9.809658806766481831e+00
6.798298363846744490e-05 -4.950983475516207655e+00 6.870918845978891687e-01 2.321181686841266786e-02 2.951698228321832929e+00 1.089415389020049574e+01
6.782909688027964081e-05 -4.950749648355285970e+00 6.630293027817232288e-01 1.952203085585183656e-02 2.875107125465392599e+00 8.797400206997446404e+00
6.769481108284931359e-05 -4.950231377533506283e+00 7.220175963586529244e-01 1.626520918313062100e-02 2.816013672653081557e+00 7.900820154185999478e+00
6.754901289216266554e-05 -4.949887457462070373e+00 6.535421113261968840e-01 2.608341270758368982e-02 3.016029744412823899e+00 1.217213225634156260e+01
6.738737074523862411e-05 -4.949783286072348076e+00 6.983655499119747478e-01 2.189322014516209905e-02 2.921352477302375572e+00 1.021122038583529523e+01
6.722163080934482173e-05 -4.949745825987729830e+00 6.514758919999542597e-01 2.316226556158649391e-02 2.940357247727599876e+00 1.006428149165064134e+01
6.706968006464674500e-05 -4.949508828836633789e+00 6.477545206077262030e-01 2.798422274844497917e-02 3.082976049681160013e+00 1.386295049802463986e+01
6.693977555018961118e-05 -4.948947565988434327e+00 6.978089287429646292e-01 1.828837614434331363e-02 2.803431091023750099e+00 8.263002983308394889e+00
6.679422306291766273e-05 -4.948624313057290891e+00 6.838226246081821058e-01 2.185605874082619318e-02 2.981933546759220732e+00 8.988383359789647642e+00
6.664426691774863996e-05 -4.948371883579363306e+00 6.487197986293361529e-01 2.497633395542515553e-02 2.973007384576406675e+00 1.201671737635756898e+01
6.653150868816451165e-05 -4.947565258459530213e+00 6.531501586616611510e-01 2.172803415720496456e-02 2.957952287704744165e+00 9.553455101785470305e+00
6.638533699865728748e-05 -4.947264705003393104e+00 7.056073593013069134e-01 1.827597917493713545e-02 2.801794247891250311e+00 9.252221486714422127e+00
6.628050033080331357e-05 -4.946345167491499772e+00 6.733127764455604236e-01 2.439689923145478556e-02 2.969837823270196964e+00 1.121783751273653706e+01
6.616051934554804275e-05 -4.945657008239492392e+00 6.407587585444061151e-01 2.825986291232615577e-02 3.120784135715183982e+00 1.340400646886977043e+01
6.600360528271987184e-05 -4.945531542735878361e+00 7.053335240593615607e-01 1.985118651945893403e-02 2.922208181986142073e+00 8.998133704157691426e+00
6.585810671622714196e-05 -4.945238379327587808e+00 6.584601964932309537e-01 2.671456806336965084e-02 3.091413179370171793e+00 1.247124602756597689e+01
6.570076001060358884e-05 -4.945130415448974581e+00 6.583178241146019349e-01 2.620199538010794041e-02 3.070945023673893992e+00 1.251001647846501719e+01
6.557044584802860533e-05 -4.944615834940318422e+00 6.655219282337847542e-01 2.468731360808539346e-02 3.055686239619425315e+00 1.049218054730098082e+01
6.546296617134905304e-05 -4.943756327989039967e+00 6.598555950875985010e-01 2.099032507552954507e-02 2.868833620368036019e+00 9.270793379441903070e+00
6.532934054946526610e-05 -4.943299654110069774e+00 6.873005744162590247e-01 1.781330674440706821e-02 2.862876611088104539e+00 8.148687395101227082e+00
6.520935448777488697e-05 -4.942637976386031973e+00 7.282298015249826229e-01 1.679907523784068824e-02 2.788091260656311299e+00 8.166887328187108608e+00
6.506914119494086753e-05 -4.942290493518455285e+00 6.356704742065426572e-01 2.736089182772719411e-02 3.062998408583825771e+00 1.313388558886383350e+01
6.493240996900185615e-05 -4.941894026516836291e+00 6.463661926708096361e-01 2.642069538811879850e-02 3.062937229665160466e+00 1.178349799777520701e+01
6.477045009868918684e-05 -4.941891426410824018e+00 7.074353496937597630e-01 1.853499201222646997e-02 2.898870062137591574e+00 8.228200504116408354e+00
6.462396602116855641e-05 -4.941655575737991413e+00 6.996222986447805381e-01 1.765382812333412058e-02 2.822527750931857593e+00 7.841002114600975403e+00
6.449144390527826139e-05 -4.941208346394901696e+00 6.536523087615919714e-01 2.501468974762985006e-02 3.011861174775230854e+00 1.215249162473162059e+01
6.433120825015268196e-05 -4.941196041455999222e+00 6.696875033718406867e-01 2.045599129065829580e-02 2.911259412764107157e+00 9.540083812394835050e+00
6.418980290306826829e-05 -4.940896543971112109e+00 7.029116644486319565e-01 1.885217822363612766e-02 2.818051011886699264e+00 8.478002150294617678e+00
6.403747504184757093e-05 -4.940772449243669762e+00 6.452301241711199120e-01 2.769845556833108388e-02 3.080914493863057046e+00 1.316828210488673179e+01
6.396321999415647468e-05 -4.939432678193987236e+00 6.401246953453775257e-01 2.665069713931129264e-02 3.050939730092594893e+00 1.308122543782834946e+01
6.385218968098773848e-05 -4.938670032733304183e+00 6.991417774648172045e-01 2.142084085899494117e-02 2.946975622534413475e+00 9.750092110269235945e+00
6.371613019414257403e-05 -4.938303156984997777e+00 7.042023448385935636e-01 2.058942857198283599e-02 2.925741377239058139e+00 9.447182187454703950e+00
6.355938674639732367e-05 -4.938266215564613759e+00 6.791556866502446166e-01 2.064289987165341886e-02 2.895753936859437605e+00 9.981403591691691446e+00
6.345178227587293070e-05 -4.937460625545992521e+00 6.635776131805366518e-01 2.318352251653459095e-02 2.913757350719334838e+00 1.110095745956909852e+01
6.329692470319034684e-05 -4.937404163684197655e+00 6.903341034561057965e-01 1.834842936930586657e-02 2.836894900422505028e+00 9.045662057744490170e+00
6.321094420166112489e-05 -4.936263454857338751e+00 6.766132607899191242e-01 2.448954746394839399e-02 2.989379515388348452e+00 1.115061270788574888e+01
6.306231609460489107e-05 -4.936117526896737218e+00 7.201177404110729041e-01 1.595879996873117782e-02 2.800475617507772963e+00 7.852549592379036270e+00
6.295898219265536251e-05 -4.935257470723896311e+00 6.542779762751342876e-01 2.099805086408523466e-02 2.882403436597166468e+00 9.668774306339610547e+00
6.281315132093359026e-05 -4.935076441278024362e+00 6.640844940702578247e-01 2.230642609211413996e-02 3.007932068785805768e+00 9.318253756111912978e+00
6.270506377127384190e-05 -4.934298702486049848e+00 6.962227852429029307e-01 1.959263235528582378e-02 2.911742211849627893e+00 8.185467640798684386e+00
6.257480299810873553e-05 -4.933878219705630563e+00 6.387528437124103675e-01 2.649487085179793103e-02 3.031868441570896078e+00 1.252562603352445336e+01
6.242858630854737265e-05 -4.933717624373889166e+00 7.073967547521011756e-01 1.984573880764199313e-02 2.895338049386154466e+00 9.380735814176775378e+00
6.227722822599383564e-05 -4.933645067832580722e+00 6.476765043764339813e-01 2.461391677265719474e-02 2.972168566290783520e+00 1.184941328832344709e+01
6.215546050570280184e-05 -4.933102234561058452e+00 6.803951774692030829e-01 1.797995995501341232e-02 2.795863044472764791e+00 8.733651998443205500e+00
6.205127833699722816e-05 -4.932279795603381700e+00 6.852365853412436536e-01 2.043917531158320061e-02 2.834631309066703686e+00 9.369852205495632802e+00
6.192377895431636981e-05 -4.931836651722941056e+00 6.390404854755281638e-01 2.725073728577005056e-02 3.105183009159024010e+00 1.246441080493038456e+01
6.185396138783193882e-05 -4.930464763670955541e+00 6.819591305311165641e-01 2.135471827766798059e-02 2.958441941037828649e+00 9.807446130265670803e+00
6.178508723440191794e-05 -4.929078880308401800e+00 6.978476100342989596e-01 2.083699447928558102e-02 2.940601874413002914e+00 9.534591594503044831e+00
6.164803707752421398e-05 -4.928799519443328947e+00 6.622876462899429661e-01 2.251546548999711073e-02 2.891527826340122953e+00 1.042985388498357757e+01
6.149956533252390583e-05 -4.928710801742500536e+00 6.758460780308848115e-01 1.925081879707011764e-02 2.852505227337800875e+00 9.273890110453519853e+00
6.134960736808472536e-05 -4.928652137497936181e+00 7.143243714347634610e-01 1.817184263622769955e-02 2.812589833262455485e+00 9.123219405065249532e+00
6.122926904556106394e-05 -4.928115581195647188e+00 6.834382459762432527e-01 2.223393850393455898e-02 2.906854400450080256e+00 9.843939900019648803e+00
6.111506348131757419e-05 -4.927482534818377502e+00 6.526116852619746611e-01 2.664612675066318354e-02 3.095854617933922803e+00 1.248269064182575150e+01
6.097630741311747734e-05 -4.927255523104501655e+00 7.000205938100906300e-01 1.863107352721720192e-02 2.855599137621147143e+00 9.141419007583756695e+00
6.088465161153581518e-05 -4.926259791897374285e+00 6.922889573388608664e-01 1.850358404662095016e-02 2.785752760667925543e+00 9.138354651466656264e+00
6.075164207567656399e-05 -4.925946796858518439e+00 6.408953700357722383e-01 2.696701194177390445e-02 3.063846263621610611e+00 1.246048544765426414e+01
6.061180700073925015e-05 -4.925751199673068292e+00 7.068845318428903512e-01 1.994993007751978339e-02 2.924978862528426760e+00 8.761668136806692431e+00
6.046366367415174795e-05 -4.925698324589295574e+00 7.183198845832826640e-01 1.759745503067215028e-02 2.832387366394085504e+00 7.964054093453737160e+00
6.032602977358813402e-05 -4.925477226972451383e+00 6.925398800172420932e-01 2.050702023062149840e-02 2.957660761246640568e+00 8.894884377097220352e+00
6.020170847094484870e-05 -4.925040176938062508e+00 6.668569744917453024e-01 2.330742878374488652e-02 2.940293847006502759e+00 1.133222033942254470e+01
6.006303956236283000e-05 -4.924846238727609737e+00 6.554898694930235692e-01 2.652469364064526797e-02 3.060157859592816276e+00 1.207148484231973562e+01
5.993292740940639950e-05 -4.924514848343942042e+00 6.467463495722227673e-01 2.478963394054111910e-02 3.057183365497259331e+00 1.062341946686640526e+01
5.982795924387584064e-05 -4.923767811190888466e+00 6.506087951628909405e-01 2.253609617490555730e-02 2.984821418719145747e+00 9.855883816143737874e+00
5.968371918042143754e-05 -4.923681636105594173e+00 6.385532652649580365e-01 2.591396905865825037e-02 3.024929321251383474e+00 1.245470152388768525e+01
5.956079823591590300e-05 -4.923243298825326519e+00 6.666734246580759971e-01 1.945670940186118580e-02 2.851618693159237772e+00 9.131636503876809030e+00
5.941767941577787344e-05 -4.923149093419304734e+00 6.732019274645562046e-01 2.351925555093420037e-02 2.965404920910070352e+00 1.135221666380130578e+01
5.933472310394229544e-05 -4.922046224316357410e+00 6.501341182797035767e-01 2.159147184037681425e-02 2.908685110768983506e+00 9.811093525241110669e+00
5.919139896931636133e-05 -4.921964665111951298e+00 6.841619874690378911e-01 2.111469056355754978e-02 2.850741165936204524e+00 9.968442201263927771e+00
5.906492420334071128e-05 -4.921603659641871076e+00 6.814962754338578232e-01 1.897782527068528000e-02 2.849903255111686740e+00 8.176336186013829277e+00
5.896877328673551613e-05 -4.920732871297825994e+00 6.384943052106107908e-01 2.642025986139940469e-02 3.054251563593774588e+00 1.200024656265470213e+01
5.884468360636773522e-05 -4.920339417180240815e+00 6.798352117083977797e-01 1.780137265808931155e-02 2.814916595160138701e+00 8.498792347306093120e+00
5.870402026735348190e-05 -4.920232695906751275e+00 6.365756392463838287e-01 2.831288672069328174e-02 3.111511688496412908e+00 1.377795996276277357e+01
5.858222723303441371e-05 -4.919809547723437149e+00 7.069536197203243333e-01 1.693755484816720364e-02 2.836122467766598376e+00 8.164491288945239233e+00
5.845524694632543732e-05 -4.919479456761943759e+00 6.737921305051559617e-01 2.368729426923886841e-02 3.021908211658071330e+00 1.077585540803718267e+01
5.833564442494989529e-05 -4.919027605582139806e+00 6.681956767522824192e-01 1.894003499048273892e-02 2.830680756624714522e+00 8.767732013477246511e+00
5.820041107742426905e-05 -4.918848490867737233e+00 6.464886778696022906e-01 2.220814295434225469e-02 2.943206952016375499e+00 9.649311392803111787e+00
5.805531246465459294e-05 -4.918844689483882426e+00 6.636507681841553596e-01 2.447279346779478518e-02 3.053309198347307518e+00 1.097434519365342886e+01
5.794192405932137714e-05 -4.918299709186871205e+00 6.747323996339822383e-01 2.489113221604708284e-02 3.023049186816670009e+00 1.146823849936013850e+01
5.782010519583164496e-05 -4.917904352812080049e+00 6.758919225221129423e-01 2.314975465207542299e-02 2.944522851081674553e+00 1.119725329066315567e+01
5.775739875428514839e-05 -4.916489450613228840e+00 6.534240894576622827e-01 2.596084859381084589e-02 3.061989644104897934e+00 1.139707855327800345e+01
5.762402101029937853e-05 -4.916301396568958815e+00 6.639275779478617245e-01 2.457951894130595144e-02 2.962731862911086811e+00 1.168915749307368479e+01
5.749587184174355874e-05 -4.916027757596818759e+00 6.546130788440245318e-01 2.307529623048929293e-02 2.915733581596325230e+00 1.089026420965988606e+01
5.735880579725865949e-05 -4.915914532125660763e+00 6.413897032341301374e-01 2.546852415793771085e-02 3.058422871410595434e+00 1.110677039769952223e+01
5.732323222798671843e-05 -4.914034918212715652e+00 6.714095261949144522e-01 1.885520356802576278e-02 2.816049863572155143e+00 8.874096378545047514e+00
5.720088666965362785e-05 -4.913671509282846017e+00 6.501063047909928505e-01 2.353748628175179880e-02 2.934674905998693184e+00 1.110023182397824826e+01
5.708016523893142004e-05 -4.913284221296077448e+00 7.099993518555031136e-01 1.860953353335013938e-02 2.887904156510542109e+00 8.125233274586424415e+00
5.694664454246704674e-05 -4.913126139968466255e+00 6.438433092051339957e-01 2.434897182953063219e-02 3.035204861152173805e+00 1.076914125119325227e+01
5.680504716029036448e-05 -4.913115728530932813e+00 6.403197554710092776e-01 2.569241397769924523e-02 3.034828648522199579e+00 1.225379890441878672e+01
5.668872807664346601e-05 -4.912665517149415351e+00 7.221193752764133444e-01 1.826121590557119173e-02 2.814835364122034722e+00 8.793020255666860407e+00
5.655835177570303873e-05 -4.912468028767551509e+00 6.870038671308190681e-01 2.147245451610671832e-02 2.975512800297777538e+00 9.518932854336359384e+00
5.642807967031319587e-05 -4.912274007661653563e+00 6.435824775961013211e-01 2.666979908565753066e-02 3.085778192120677055e+00 1.194360515960611657e+01
5.631188311029004470e-05 -4.911835328213849827e+00 6.620133657603755051e-01 2.196976117745843768e-02 2.973633133266597728e+00 9.026237175311532468e+00
5.617537631191600535e-05 -4.911762391795713611e+00 6.481889090198000858e-01 2.644953753607657068e-02 3.070597561091077843e+00 1.180540382610688788e+01
5.608512334618069757e-05 -4.910870312399223003e+00 6.700569421079897170e-01 1.886563022075702853e-02 2.821834928704305412e+00 8.715194927197636332e+00
5.598979757006319115e-05 -4.910071420877834214e+00 6.794468535126896303e-01 1.996476318996885310e-02 2.903252135192761152e+00 8.295102352984727645e+00
5.585493242914130131e-05 -4.909983071498976059e+00 7.050653091947137741e-01 2.004370450170536028e-02 2.846420900188649128e+00 9.182057008647452889e+00
5.571882904430005206e-05 -4.909922775073600754e+00 6.526458091526868843e-01 2.647550657887043357e-02 3.097789825705349998e+00 1.203793600005989894e+01
5.565982300683306377e-05 -4.908482332572289053e+00 6.545048278414469234e-01 2.453934789849009090e-02 3.003591968747569396e+00 1.178211680757642732e+01
5.552126953114424923e-05 -4.908474726634101337e+00 7.147381631279037251e-01 1.679598769368620056e-02 2.760532089112442744e+00 8.413964477677472686e+00
5.544864684087140141e-05 -4.907283598498022315e+00 6.479376230320870178e-01 2.485157123078745797e-02 2.996613730015128763e+00 1.196789498010850394e+01
5.531058302667944953e-05 -4.907276643743388789e+00 6.490552707880186123e-01 2.556941009763211842e-02 3.046804643785922195e+00 1.219176753903501265e+01
5.518728075433187047e-05 -4.907008403151334797e+00 6.836100279853835060e-01 2.111220464204740729e-02 2.892525718944023438e+00 9.024309535741673827e+00
5.514576984847472437e-05 -4.905260868665322072e+00 6.354689846795140706e-01 2.611736449794956408e-02 3.050227952962309974e+00 1.224036771611743823e+01
5.503768425997983553e-05 -4.904722789791121862e+00 6.771668654103699669e-01 2.275314049337330211e-02 2.911452689663111659e+00 1.091672783843421968e+01
5.493610210605682207e-05 -4.904070178812999004e+00 7.046752788021753977e-01 1.864461386130285628e-02 2.794209342476543512e+00 9.167390814744054595e+00
5.480763165197788676e-05 -4.903911460786281928e+00 7.194187423797943071e-01 1.767085430181574573e-02 2.786078809700117009e+00 8.714307207426424284e+00
5.467305817529845763e-05 -4.903869858603632004e+00 6.770906770546368802e-01 2.070190479257690355e-02 2.839484457385098803e+00 9.594112971577247961e+00
5.453762805932944126e-05 -4.903850022222411731e+00 7.092567528019065870e-01 1.807841032063781453e-02 2.790873162126070728e+00 8.502217318527119261e+00
5.445480547603684585e-05 -4.902869808441468358e+00 6.599607513192859987e-01 2.093777958931207495e-02 2.918380193181235427e+00 9.557867862145164040e+00
5.435748926039057839e-05 -4.902158507812774957e+00 7.022210018650762997e-01 1.719427038594621357e-02 2.817768825170043900e+00 7.788369809534732013e+00
5.428763017201428592e-05 -4.900944513081471499e+00 6.729952265255402244e-01 2.416508912398517353e-02 2.992432598617815742e+00 1.055044819505071452e+01
5.417366584497550794e-05 -4.900545988412574161e+00 6.617890138216598883e-01 2.374585345159884939e-02 3.026344665818461621e+00 1.076510853371996035e+01
5.405342972659140044e-05 -4.900267911993094749e+00 6.539820097746870120e-01 2.434146001554426259e-02 2.955359262298483447e+00 1.161363872740420788e+01
5.396636775875626643e-05 -4.899379875516704175e+00 6.353631079576121943e-01 2.722101343070074814e-02 3.075431744791852662e+00 1.303522493516212855e+01
5.388551406367150321e-05 -4.898379222748583395e+00 6.705214682389876169e-01 2.380784766859123797e-02 2.966002747094918846e+00 1.044218958454597868e+01
5.378056682453835261e-05 -4.897828718290825556e+00 6.809226406620209060e-01 1.980135111469262868e-02 2.846091203833566841e+00 9.704668726387888356e+00
5.365474516256703172e-05 -4.897670996954488487e+00 6.908164515129655570e-01 1.948657908458829857e-02 2.809856892405440121e+00 9.106199972057291703e+00
5.352787486806208020e-05 -4.897538364979669545e+00 6.631492198898750745e-01 2.379765344827143927e-02 2.958370906131087885e+00 1.153274912097684535e+01
5.349324492601724332e-05 -4.895685525901180668e+00 6.906390525476014952e-01 1.742582304943808905e-02 2.841852816179337271e+00 7.931234934364800537e+00
5.335981367326357485e-05 -4.895682999045288142e+00 6.669173352537128840e-01 1.927654450032681085e-02 2.851255965600945963e+00 8.565030480579061134e+00
5.323804338914098840e-05 -4.895467666682058905e+00 6.960931473704053962e-01 1.924331467477850485e-02 2.884145083160430278e+00 8.138261019585780076e+00
5.310769564431280890e-05 -4.895419063631070600e+00 6.397427381191923557e-01 2.608432080939211001e-02 3.065099575789047570e+00 1.220045170804011292e+01
5.299407433785620472e-05 -4.895060806410822529e+00 6.603822415472470064e-01 2.478339106768305544e-02 3.061633461338271633e+00 1.061064845061621043e+01
5.287541809245169586e-05 -4.894802364245164128e+00 7.215495853031360651e-01 1.658937258949966242e-02 2.768917793246971293e+00 8.260446987864854762e+00
5.277507226647862418e-05 -4.894201945701086132e+00 6.949306035392419645e-01 1.847623221646767233e-02 2.800090147293981868e+00 8.467404440453961456e+00
5.266206426772829696e-05 -4.893845555547446935e+00 6.708881525784833322e-01 2.395097959218301861e-02 3.016824529923611387e+00 1.013011104531174134e+01
5.255119819579220832e-05 -4.893453010641479750e+00 6.468858450039618457e-01 2.473999070621196728e-02 3.052216628250407737e+00 1.064811029116391339e+01
5.242723775103570787e-05 -4.893314648081633855e+00 6.673658386144509791e-01 2.336858250144789942e-02 3.018201325175634775e+00 1.055249571592490732e+01
5.231851020831559468e-05 -4.892890676634370273e+00 6.653780319761396500e-01 2.192372522185227768e-02 2.983818585720756644e+00 9.025377083078621965e+00
5.218980000261769057e-05 -4.892853835219815650e+00 6.810851659491899968e-01 1.915840388376067668e-02 2.888871983518658482e+00 8.105844357557327129e+00
5.208765013869931672e-05 -4.892313029589348439e+00 6.547417070627167268e-01 2.638140453962709714e-02 3.032307487806536805e+00 1.250780989038087121e+01
5.199106704896789020e-05 -4.891668992461783994e+00 6.677404057246733027e-01 2.391518044932280929e-02 3.013670230913274573e+00 1.115249339248777183e+01
5.186480553043645885e-05 -4.891600469423101671e+00 6.484012117934428998e-01 2.257920461223231895e-02 2.966568751107197865e+00 1.008392732243627421e+01
5.177977044426659186e-05 -4.890741367742193368e+00 6.848193460609439676e-01 2.201308188505934557e-02 2.895919862214294760e+00 9.895423755492403828e+00
5.166809466059466428e-05 -4.890400442304847495e+00 6.782281078581119393e-01 2.189523757468092233e-02 2.994268173756731155e+00 9.491462757509363968e+00
5.154379757025958985e-05 -4.890309024256762171e+00 6.933107753427157904e-01 2.094674770181255419e-02 2.858163748538273374e+00 9.958321178857531208e+00
5.145896485790892277e-05 -4.889456217585017583e+00 6.626080119255618461e-01 2.236610133794574365e-02 2.977570497773354141e+00 9.203760739387691459e+00
5.135709193200962221e-05 -4.888937872249032424e+00 7.142427210977141394e-01 1.774900996293768060e-02 2.855370804463970735e+00 7.957679168386017743e+00
5.123066109867217306e-05 -4.888902706376158314e+00 6.817706186477067165e-01 2.328325552070933252e-02 3.009086071548965347e+00 1.002196437761075032e+01
5.112394959315961660e-05 -4.888487840469371903e+00 6.521983309913346183e-01 2.505380627266967294e-02 3.069113969044087398e+00 1.086937754651724752e+01
5.100058824233475883e-05 -4.888403741944967962e+00 6.773689187262831313e-01 1.809835276419431010e-02 2.816881846894718766e+00 8.333073226498591168e+00
5.096795725792591629e-05 -4.886543762558436477e+00 6.781639661602949509e-01 2.047450172868184315e-02 2.840829255191560598e+00 9.900203201814210985e+00
5.084728783406334949e-05 -4.886414124290674010e+00 7.250605651514947514e-01 1.643317486047702822e-02 2.803497864172080689e+00 8.126329720011639779e+00
5.073881779210001050e-05 -4.886049654194446923e+00 7.064384718831449028e-01 2.058668654526238373e-02 2.903478760812435056e+00 9.546553944150588222e+00
5.064091834810000156e-05 -4.885480996258621644e+00 6.522597514799695073e-01 2.218515998311747228e-02 2.958607629194742739e+00 9.953312286407493659e+00
5.053345877496465160e-05 -4.885105241874942550e+00 6.697877322044644144e-01 2.405289866785175271e-02 2.981444149646360398e+00 1.050504934123140899e+01
5.041265946108830780e-05 -4.884998585445748276e+00 7.071150902354552681e-01 1.708087383232265860e-02 2.794402560179364947e+00 7.935171005407516631e+00
5.029379722067479810e-05 -4.884859154956867400e+00 6.520359625440298457e-01 2.588215408068712114e-02 3.077005299928570636e+00 1.134692588661594925e+01
5.018902961712806232e-05 -4.884444439473798916e+00 6.792531857534850337e-01 2.147082333302902449e-02 2.919165144323544236e+00 1.030790032067463358e+01
5.015541166049062482e-05 -4.882614490698705012e+00 6.642255351411793241e-01 2.288369656989324222e-02 2.920617263680523656e+00 1.102083724321574998e+01
5.004521611024180256e-05 -4.882313989786199571e+00 6.753267974891566938e-01 2.141786425967442259e-02 2.895204411882793760e+00 9.196736719944670568e+00
4.992332800584335520e-05 -4.882252520143445906e+00 6.757475882184743599e-01 2.096197821616703136e-02 2.861987320301522253e+00 1.016228882518721299e+01
4.982690391736743643e-05 -4.881685831307752466e+00 6.915353286494633211e-01 2.236770657706940030e-02 2.922952015099578915e+00 1.022159997278066612e+01
4.971221665518772855e-05 -4.881490197917987217e+00 6.902675343207761438e-01 2.273481738309387004e-02 2.944565024675411369e+00 1.029901934032845467e+01
4.960920990002005271e-05 -4.881064408804223653e+00 6.881840971169658205e-01 1.790523447098725865e-02 2.781403585794367306e+00 8.700843487799840403e+00
4.948929148885173934e-05 -4.880984596153595589e+00 7.034090941774664429e-01 2.100367690421329342e-02 2.898622041572084918e+00 9.779126554839354668e+00
4.937372649054598789e-05 -4.880822478474097892e+00 6.724375034122468398e-01 2.089793536252085651e-02 2.847706772138892006e+00 9.890269974413966381e+00
4.928688730048950707e-05 -4.880082840773598996e+00 6.610553230550917370e-01 2.362207939156256778e-02 2.952934878047185130e+00 1.036789698341874022e+01
4.919358990702314027e-05 -4.879477580198585684e+00 6.684025359177896419e-01 2.281538030159933547e-02 2.997545877681720317e+00 1.037821032053436987e+01
4.907851706924798695e-05 -4.879319503942969760e+00 7.006174440073335008e-01 1.920593532231665637e-02 2.814500851357189859e+00 9.451263276293797588e+00
4.896998451132878919e-05 -4.879033359341017118e+00 7.123783992956916888e-01 1.772431891395512271e-02 2.814373981736516317e+00 8.902686162808246095e+00
4.887157206012787198e-05 -4.878545029797569654e+00 6.902132413343065043e-01 1.940165980927811493e-02 2.865544131487686830e+00 8.281901198184915103e+00
4.878819054473369939e-05 -4.877752622227264467e+00 6.991474478847803375e-01 1.778143153169683965e-02 2.866383204578555333e+00 7.895521732848648888e+00
4.871546284067407518e-05 -4.876744416945146376e+00 6.924691970637257832e-01 1.907885320294202755e-02 2.803852918835099128e+00 9.354497347162858745e+00
4.859640931278159221e-05 -4.876691263042265412e+00 6.400187555711331910e-01 2.548420151484751331e-02 3.018948638845751375e+00 1.204746787519557927e+01
4.848184078084553185e-05 -4.876551597824066775e+00 6.675951602815609620e-01 2.030010268724530276e-02 2.900311161022496975e+00 8.560352329692356932e+00
4.837091617814175403e-05 -4.876342181069938775e+00 6.745199783649012959e-01 2.115533897639456859e-02 2.975155931699772438e+00 8.908128911254866722e+00
4.825015723780754585e-05 -4.876341822171864848e+00 7.140781391186409310e-01 1.767050792124436748e-02 2.861121422837147765e+00 8.045627884297196886e+00
4.814292591563521412e-05 -4.876066698955511924e+00 6.737270820928279447e-01 1.868897744471100658e-02 2.815649157419243931e+00 8.782156728057053385e+00
4.802851574663030042e-05 -4.875945996198039367e+00 6.641747547990930478e-01 2.245945475938468036e-02 2.956647969747721483e+00 1.056666538825843382e+01
4.794872000435206061e-05 -4.875108802175720513e+00 6.963123483531105107e-01 1.898386063625856490e-02 2.895088440404772534e+00 8.065883358668784808e+00
4.785273256537575352e-05 -4.874612685593387340e+00 6.776610976645152107e-01 1.834981351188891274e-02 2.849940499917642533e+00 8.494515563149413140e+00
4.784045403226203953e-05 -4.872369308527949805e+00 6.400944109529295156e-01 2.736382104738261170e-02 3.083270923970633071e+00 1.323217457972302391e+01
4.774007808687320375e-05 -4.871969652187138067e+00 7.066225459746255932e-01 1.885772385759691694e-02 2.868793921139653147e+00 8.179423064179083269e+00
4.763463528164641912e-05 -4.871680780157281454e+00 6.864495549660131202e-01 2.166510084816131512e-02 2.967777774483753017e+00 9.810924391684160639e+00
4.753887594112627112e-05 -4.871193091599903546e+00 6.944334100959160816e-01 1.857402371478599629e-02 2.881869053381445056e+00 7.971793112179490493e+00
4.744945087323143595e-05 -4.870575956522635863e+00 6.989140563125222361e-01 2.002425812244223308e-02 2.837505964587540674e+00 9.212805386239796945e+00
4.748450460091187134e-05 -4.867337469874765787e+00 7.144562590523643175e-01 1.626311260194126737e-02 2.767038978422023288e+00 8.296393933601077464e+00
4.738678602203016152e-05 -4.866897494836955218e+00 6.882776589748084151e-01 1.928873383847255069e-02 2.822327501714625431e+00 8.672099106813853098e+00
4.726974847390185281e-05 -4.866870385026603074e+00 6.557813354802922712e-01 2.150518491419456044e-02 2.933163431220249251e+00 9.124306856239206454e+00
4.717127505954141372e-05 -4.866455780681235410e+00 7.106342725665765192e-01 1.737172299150678903e-02 2.791900923352261810e+00 8.814712758251818769e+00
4.705414969616474589e-05 -4.866441849043465773e+00 6.778464971082800439e-01 2.281402132927578055e-02 2.954838063927671676e+00 1.087994134594666917e+01
4.697576600297118701e-05 -4.865609056990362724e+00 7.053212418462785349e-01 1.720073435085273800e-02 2.768102521212174150e+00 8.603604569171967142e+00
4.686769640010182085e-05 -4.865412246746469549e+00 7.033268087245275746e-01 1.630582963461222820e-02 2.782609831899057085e+00 8.076498825631595935e+00
4.675978222893063368e-05 -4.865217429381702985e+00 7.201998877283857237e-01 1.693996039703289311e-02 2.805758004225093138e+00 7.981271437924676526e+00
4.665426055527710600e-05 -4.864976655412204032e+00 7.011473952627467199e-01 1.888657855574795569e-02 2.819700728264405321e+00 8.538883649038449875e+00
4.654796541271838221e-05 -4.864757613566166761e+00 6.730716283258268984e-01 2.339579782017250573e-02 2.987527997942200919e+00 9.901024095035705130e+00
4.643233976693809381e-05 -4.864744714574465334e+00 6.530236649390248616e-01 2.165105136111647802e-02 2.937271595973155236e+00 9.640293301845082041e+00
4.631751070736220732e-05 -4.864720818151077708e+00 6.387933271707905147e-01 2.515743876549542124e-02 3.011770329859536854e+00 1.159347908962972618e+01
4.621336866161651304e-05 -4.864471787566449379e+00 6.463809617927721574e-01 2.720214437686427345e-02 3.098091197720668433e+00 1.270660919573150416e+01
4.612845751138054933e-05 -4.863810849618539933e+00 6.667418446592073833e-01 2.469263052015223392e-02 3.012553449234451897e+00 1.174923411666404149e+01
4.603265999076866342e-05 -4.863389764408429627e+00 6.985367959470693000e-01 1.676453725047683668e-02 2.817153857391012650e+00 7.981872725099561805e+00
4.593087604477039939e-05 -4.863103337134037751e+00 7.170475264232792911e-01 1.803858452842335355e-02 2.809115198652545775e+00 8.431131725138314437e+00
4.583947224145659146e-05 -4.862595349483251006e+00 6.625366158214187617e-01 2.303314042122851443e-02 3.008178503205642507e+00 1.030536679582418103e+01
4.573371661481445612e-05 -4.862405101387272666e+00 6.517348995121372557e-01 2.525941959284352945e-02 3.054057359227515089e+00 1.169877199114249855e+01
4.562713626878281984e-05 -4.862238275630217821e+00 6.578055074724700191e-01 2.578797198696399298e-02 3.053160583892308377e+00 1.145116302515629414e+01
4.552252851932243215e-05 -4.862033573054072910e+00 6.830309983787234973e-01 2.276744751062953140e-02 3.000356984038421437e+00 9.725488991935840488e+00
4.544315542689005927e-05 -4.861278695151394658e+00 6.970039737989727202e-01 1.670005668742012561e-02 2.786073787889241871e+00 8.027316078529723953e+00
4.536084885067414446e-05 -4.860591535882633707e+00 6.797586243349044155e-01 2.115051341279048161e-02 2.893194811786188758e+00 1.024448354108584880e+01
4.525422671576264299e-05 -4.860444834899406708e+00 6.937279725137067699e-01 2.067851643130448960e-02 2.953373112810628420e+00 9.059104872478057402e+00
4.518660660229310594e-05 -4.859440179946308724e+00 7.069656067234590946e-01 1.955218876548997856e-02 2.876728223795458561e+00 8.523593583469029511e+00
4.509518500852704727e-05 -4.858965430517502071e+00 7.076718068402105821e-01 1.976791726636448893e-02 2.907713829807178740e+00 8.633463855473376469e+00
4.500837701768737405e-05 -4.858392280372176408e+00 6.551209026374623656e-01 2.258829190003181983e-02 2.981788091063299007e+00 1.010141902207635489e+01
4.489615301604322106e-05 -4.858388796618667627e+00 6.816277108207651203e-01 2.330158712562853743e-02 2.963797953652555606e+00 1.096845779243370345e+01
4.479656321325487911e-05 -4.858109486277812472e+00 6.452765919962790697e-01 2.537661811102765591e-02 3.053541188517368443e+00 1.108751758399978549e+01
4.468835800582058920e-05 -4.858027888366076574e+00 6.510635277472411886e-01 2.651240662500393974e-02 3.042626977051028803e+00 1.284782879522301435e+01
4.458558465552360739e-05 -4.857830315986834790e+00 6.645816692884454202e-01 1.967486937302384553e-02 2.875440615477865336e+00 8.843981387229547408e+00
4.452316097762841062e-05 -4.856731383584925510e+00 6.702631280534896430e-01 2.390914847715134087e-02 3.034779510750877041e+00 1.060434058841791760e+01
4.441265998992879833e-05 -4.856716345062983109e+00 6.573578493670357847e-01 2.412553789570976576e-02 2.972513210991225119e+00 1.062581605534583851e+01
4.432904657143959138e-05 -4.856100767765049397e+00 7.037276906447741398e-01 1.982522620004360109e-02 2.917936693602053211e+00 8.549841491731028142e+00
4.424069238847088141e-05 -4.855595900940659959e+00 6.546922636954700669e-01 2.657498721988612797e-02 3.082873032670593538e+00 1.224435897141497520e+01
4.413412539350216934e-05 -4.855507607109805335e+00 6.866834349039925289e-01 2.055011105772739169e-02 2.957681380049941744e+00 8.736829078578601582e+00
4.403241813372903114e-05 -4.855314770367432864e+00 6.691912443449287151e-01 2.061073023391505818e-02 2.942216999956543511e+00 8.649076258570110198e+00
4.399342735239452398e-05 -4.853700664360705019e+00 6.463537774613906661e-01 2.577633901272882028e-02 3.041670095964877696e+00 1.149604408957930879e+01
4.391534575803744445e-05 -4.852977088081065205e+00 6.474427300376961458e-01 2.314005416190143688e-02 2.939819914169487181e+00 1.062544286457153930e+01
4.381757549668089297e-05 -4.852705904822421701e+00 6.737828899701030494e-01 2.204258054253134536e-02 2.935022709019324161e+00 1.051823139764140791e+01
4.374926190757746442e-05 -4.851766166788873846e+00 6.656622215177251389e-01 2.283753684112156679e-02 2.993224308918479792e+00 1.041280016964831390e+01
4.366938946647982338e-05 -4.851093521982945411e+00 6.934633780345665910e-01 1.848063404068591223e-02 2.811548738117417567e+00 8.352403055111818020e+00
4.359440354955151903e-05 -4.850312125605210412e+00 6.782473578563888994e-01 2.330960898097276732e-02 3.011775065834948695e+00 1.039080049626064728e+01
4.351193241420134750e-05 -4.849705699914823143e+00 6.528320397478888371e-01 2.342775055336008758e-02 2.973317504660897725e+00 1.097285877292320855e+01
4.342265279350234424e-05 -4.849259650063036275e+00 7.024337728902195765e-01 1.680399166494305277e-02 2.770408572952197446e+00 8.218416289528651220e+00
4.333942940331432427e-05 -4.848678078335042940e+00 6.658607313403657191e-01 2.185324460874244618e-02 2.890371864071426877e+00 1.043798918513932428e+01
4.328155905591392924e-05 -4.847514252327970397e+00 6.935249637804914435e-01 1.999982841539212769e-02 2.828327817449491910e+00 9.398298024184265742e+00
4.317940090361398442e-05 -4.847377358171062411e+00 6.607936813914394580e-01 2.598036809040584968e-02 3.036774483522523660e+00 1.212500656866977522e+01
4.307997305871990890e-05 -4.847182681856158304e+00 6.636501492677977510e-01 2.380194625155140215e-02 2.978514061903492660e+00 1.025548375571128190e+01
4.299778807568135441e-05 -4.846592234496202245e+00 6.997026426385302145e-01 1.679173516624899581e-02 2.817427774603769031e+00 7.923438771172138573e+00
4.291080227318415949e-05 -4.846117313289163953e+00 6.965306035941198903e-01 1.756775345125613161e-02 2.775225805057680795e+00 8.596737668470026961e+00
4.281368926733408406e-05 -4.845883014622542007e+00 6.784136483767065906e-01 2.391655964104648716e-02 2.973103093292704280e+00 1.098799116177457691e+01
4.279423023335254871e-05 -4.843837622897812167e+00 6.726831353791540291e-01 2.429164907114477606e-02 3.031093349764618861e+00 1.092606122186643169e+01
4.269288992711984707e-05 -4.843708514641809515e+00 6.597844610836844925e-01 2.131350168980428519e-02 2.890886817427845035e+00 9.322982723638727265e+00
4.259038727831484248e-05 -4.843612331697665141e+00 6.750835052301581429e-01 1.933278029441757098e-02 2.893528219927754996e+00 8.300915808528493756e+00
4.251606087006932453e-05 -4.842859001398004182e+00 6.958717060447819902e-01 2.021915417892844458e-02 2.935568880738091302e+00 8.569421743951934900e+00
4.242408663319178965e-05 -4.842524626853746739e+00 7.006832278871967246e-01 1.827270684648592269e-02 2.821381545528092616e+00 9.103041600994103533e+00
4.232224632012736640e-05 -4.842428043226771450e+00 6.752283461872992110e-01 2.194542418525318242e-02 2.915746690236933336e+00 1.056528315033228260e+01
4.221792969116370658e-05 -4.842395903759577180e+00 6.803308740683621236e-01 2.017420545957790412e-02 2.829365610022008148e+00 9.477760963358440094e+00
4.213202022519005552e-05 -4.841932881748631345e+00 6.930836270143533318e-01 2.222859555315807173e-02 2.931108979308717721e+00 1.010246105256158167e+01
4.204680899419245408e-05 -4.841457411215070117e+00 6.970525325695972052e-01 2.015939600562603046e-02 2.855213987566683542e+00 9.802975590199277889e+00
4.197146790354201778e-05 -4.840750856965841287e+00 6.600769121871372658e-01 2.529389958344923500e-02 3.034377302568686208e+00 1.115518944029401815e+01
4.190901910817360196e-05 -4.839739851823432915e+00 6.965263820900945424e-01 2.013904807965703758e-02 2.846411231380983065e+00 9.767145047474402375e+00
4.183725939488747278e-05 -4.838953593189173397e+00 6.508601752903390159e-01 2.621908754400079783e-02 3.061588753271960783e+00 1.249588757451794763e+01
4.175028918070868114e-05 -4.838534531009337059e+00 6.751931209221253560e-01 2.290131507552560855e-02 2.916799141414694319e+00 1.056938505084053581e+01
4.164755733698490898e-05 -4.838498189244534231e+00 7.004820804200794226e-01 2.115739037194607972e-02 2.903736679207038485e+00 9.464041709373109512e+00
4.154782885583866667e-05 -4.838395642600502811e+00 6.617234520874545334e-01 2.520063881527019947e-02 3.003034914878545347e+00 1.155771692275303941e+01
4.147963843172337487e-05 -4.837538242132326971e+00 7.018757535012227766e-01 1.864703048201415622e-02 2.834899291666586496e+00 9.220127912008893034e+00
4.138310109629609560e-05 -4.837368297345405743e+00 6.854092655440149340e-01 1.789211998354389710e-02 2.848462348893487928e+00 8.245137108574811080e+00
4.131607926750524768e-05 -4.836489156056925864e+00 6.883755527437702693e-01 1.974769464403778110e-02 2.818896747903204325e+00 9.355931603767386306e+00
4.121528028840250454e-05 -4.836431840383587755e+00 6.611794034836293577e-01 2.447919839844267878e-02 3.018408313774527674e+00 1.151421102224820103e+01
4.113167686758377472e-05 -4.835962357416173418e+00 7.173577271938531563e-01 1.648668649354143034e-02 2.773092752730095700e+00 8.257687851796013945e+00
4.103096463809310977e-05 -4.835913892033009809e+00 6.823767846756898514e-01 2.003694486597213525e-02 2.888408076136683267e+00 9.565894282316364183e+00
4.092937472431952035e-05 -4.835892895087171794e+00 7.063354756494805153e-01 2.002538826939362013e-02 2.853086903832433130e+00 9.370850008185282576e+00
4.083478764089238392e-05 -4.835706552388487900e+00 6.841697795930780091e-01 2.328388549611730071e-02 2.984914396288850913e+00 1.029341137735964296e+01
4.074313372981172213e-05 -4.835453580704605514e+00 6.565281158858040644e-01 2.152850653719425369e-02 2.897915105030921534e+00 9.960543935331267917e+00
4.064190873717041908e-05 -4.835441139641014630e+00 7.221123197320050702e-01 1.677062169752250795e-02 2.811332036662662404e+00 8.095054165523468015e+00
4.055018609314058162e-05 -4.835200538988720709e+00 6.661175683302182904e-01 2.231831701592548733e-02 2.999870766464358240e+00 9.602613276271586784e+00
4.054915222943652255e-05 -4.832726035219037541e+00 6.739199819308441253e-01 2.406969448927621241e-02 2.967808363880427347e+00 1.121327029954129095e+01
4.045313972603685964e-05 -4.832596648347284862e+00 6.887474269997551080e-01 2.046126482109935155e-02 2.947779689589317798e+00 9.036490471489347698e+00
4.035524144264075128e-05 -4.832519623040639090e+00 6.572148327398136258e-01 2.598844567809100239e-02 3.029393104331170150e+00 1.219521257764801447e+01
4.025894969088051500e-05 -4.832408577049897680e+00 6.984742878655582077e-01 1.782435270492178925e-02 2.792375507641366550e+00 8.300876739907174340e+00
4.017914879593916861e-05 -4.831892734373930409e+00 6.788264766987999188e-01 2.354797626641395164e-02 3.009165406970245371e+00 1.055356922473333547e+01
4.010872004730659267e-05 -4.831147140555382968e+00 6.538651096955883091e-01 2.572105110943495587e-02 3.066262618889527669e+00 1.135762778851087340e+01
4.001452840394887186e-05 -4.830998310498425319e+00 7.071001722466490058e-01 1.938896623814846329e-02 2.837193508090383176e+00 9.396081890000285597e+00
3.994411945286666121e-05 -4.830259445064049473e+00 7.073993732769657816e-01 1.814152502927025498e-02 2.792054545565711088e+00 8.953982437525016991e+00
3.986855529670639520e-05 -4.829652983376737652e+00 6.706349039882869567e-01 2.041695791837881344e-02 2.937354507978165330e+00 8.664825979596292527e+00
3.978651740804071664e-05 -4.829212812459465987e+00 6.756234537392592499e-01 1.926643906359525385e-02 2.893992346437815222e+00 8.620758464503806451e+00
3.968817893397655984e-05 -4.829187525261844804e+00 6.843331522729505512e-01 1.991941757030884358e-02 2.927229899708518435e+00 8.933720651615246311e+00
3.959768058029266408e-05 -4.828970363425921342e+00 7.078493474886232706e-01 1.771323135060249090e-02 2.792167646637681688e+00 8.322184045387924556e+00
3.950523936574706733e-05 -4.828807603484573718e+00 6.825652662270482729e-01 1.964005436642474525e-02 2.827907921593562968e+00 9.538538421447748661e+00
3.942774946603891265e-05 -4.828271039197552739e+00 6.941630076711171604e-01 2.117023213030088530e-02 2.910729035142745058e+00 9.143609844036060252e+00
3.933657447397260776e-05 -4.828086174482902670e+00 7.124725023048832373e-01 1.876057173817262044e-02 2.878485672032793374e+00 8.354670238487010181e+00
3.924916951000036587e-05 -4.827810623742586849e+00 6.650110072230511760e-01 1.975862160433098508e-02 2.858992349213047568e+00 9.021544528632093218e+00
3.916260526966173139e-05 -4.827518564469567508e+00 6.480035275236275538e-01 2.567305055847576498e-02 3.056223143438832501e+00 1.196607950593082670e+01
3.907241524819576785e-05 -4.827324183125310419e+00 7.125431670010690111e-01 1.871717170724885443e-02 2.881902959510723505e+00 8.414721448059941267e+00
3.897543330872501330e-05 -4.827309376277430175e+00 6.800374050205243437e-01 2.193356113296038648e-02 2.895461365955909194e+00 1.051913542204229302e+01
3.889102341062560837e-05 -4.826977445423501045e+00 6.899404754343743118e-01 1.764401723766679392e-02 2.786278850411420649e+00 8.545754068718707686e+00
3.881403408793559725e-05 -4.826459024238602957e+00 6.991941572469881905e-01 2.015314162421686511e-02 2.915315697763603886e+00 8.579526849156959400e+00
3.873056167688421951e-05 -4.826111912972337770e+00 6.647302323534531876e-01 2.384247039262602993e-02 2.960028187818874557e+00 1.143217046611308518e+01
3.864742969172171584e-05 -4.825760638098885558e+00 6.659400882204502548e-01 2.035676398953839561e-02 2.901177589937569579e+00 9.318463710586911475e+00
3.855115760390661402e-05 -4.825754780572072633e+00 6.638984233897993192e-01 2.201081856912950191e-02 2.887244090622790083e+00 1.008646180970495365e+01
3.847854761096062583e-05 -4.825140027678996191e+00 6.525114314222663081e-01 2.255512724569088898e-02 2.926300883649759044e+00 1.045467849367806501e+01
3.840784964795457257e-05 -4.824479052147602864e+00 6.921681729531513616e-01 1.848763289738400775e-02 2.873287130832451020e+00 8.009279009157607376e+00
3.832275111648881361e-05 -4.824197165012837907e+00 7.059835239378552396e-01 1.917574755458335486e-02 2.859942880828760803e+00 8.425213960481366726e+00
3.822775888761554116e-05 -4.824178984601663167e+00 6.807060387665009316e-01 1.934382317408106511e-02 2.860137593887789542e+00 9.277752332943796532e+00
3.813369133186731818e-05 -4.824142730459309192e+00 6.902631294216092783e-01 2.122689168068776083e-02 2.956819913544538103e+00 8.941032232380475619e+00
3.806332084524266518e-05 -4.823489797808034218e+00 6.689910812335202461e-01 2.309643919673677256e-02 2.952771962055798838e+00 9.963975976730472084e+00
3.799570003852847889e-05 -4.822767912323442374e+00 7.026874951224176824e-01 1.691036317170854092e-02 2.779099572524748929e+00 8.472359594560938234e+00
3.792125212623326014e-05 -4.822229211718035202e+00 6.767690834143920142e-01 1.870827542176435251e-02 2.863271676748754935e+00 8.288601704197549935e+00
3.784617877257234433e-05 -4.821710891110842390e+00 6.731025921198832140e-01 2.201163390679291079e-02 2.884688246060624461e+00 1.020686796665135532e+01
3.776896402906302713e-05 -4.821253200825195151e+00 6.776103065150269611e-01 2.155468474366312517e-02 2.972014353545517906e+00 9.589348927643307263e+00
3.768930165692586313e-05 -4.820864630262608586e+00 6.789646901246809696e-01 2.184823537207453495e-02 2.919280102695872792e+00 9.352101257610099694e+00
3.759889111136950347e-05 -4.820766350524211319e+00 6.703232350551074914e-01 2.049245355861637266e-02 2.900651267828989077e+00 8.658344253881361752e+00
3.752113178174715143e-05 -4.820336620324483512e+00 6.769046406903704849e-01 2.352913811150185094e-02 3.016626642513077883e+00 1.023360263704289608e+01
3.743938908677005100e-05 -4.820017574416882056e+00 6.490867220310424512e-01 2.461997701582189363e-02 3.010882902065136868e+00 1.153856998153985813e+01
3.735204931747988658e-05 -4.819853130754760961e+00 7.049090909131541238e-01 1.750412225206373143e-02 2.786089816949560927e+00 8.286351817180218404e+00
3.726680553341154536e-05 -4.819637910421274540e+00 6.820396519623794784e-01 1.807428629209302876e-02 2.812894281811216146e+00 8.338532758914613652e+00
3.717611178178981585e-05 -4.819574510161413805e+00 6.517951928526061200e-01 2.553850952301219696e-02 3.015787804970416985e+00 1.166899746769827928e+01
3.708835788299325454e-05 -4.819437792092476691e+00 7.205860711219956860e-01 1.746623806121411562e-02 2.801881407501135790e+00 8.379551750525607190e+00
3.699881815290702270e-05 -4.819354938445532532e+00 7.067204365724636395e-01 1.777039530671162271e-02 2.844396195067117716e+00 8.593649844010581518e+00
3.691250237702861008e-05 -4.819190597299937373e+00 6.974289833187236054e-01 1.929730592394661437e-02 2.813022696407015744e+00 9.128934958877726658e+00
3.682642492199810337e-05 -4.819025252746698129e+00 6.668189855036523728e-01 2.447594744915213005e-02 3.010733820478413314e+00 1.153409834932941891e+01
3.673705728031200819e-05 -4.818954927987031844e+00 6.514560631545058822e-01 2.245788891169966939e-02 2.921262896591202196e+00 1.007450789907423783e+01
3.665243746723968705e-05 -4.818760976035547650e+00 6.867438495432416357e-01 1.973930574401114996e-02 2.825848224353927129e+00 9.052437520914184077e+00
3.657260488001683754e-05 -4.818441449171344537e+00 7.060913419460078666e-01 1.875459654419752570e-02 2.871414529996329623e+00 8.916270954222760281e+00
3.649307860555054669e-05 -4.818118293404550556e+00 6.947318120411700715e-01 2.164671995961453196e-02 2.902640920864453467e+00 9.935589170702749939e+00
3.640581799897746746e-05 -4.818012311759121147e+00 6.760868387022930248e-01 2.042600979201960459e-02 2.839464669418828358e+00 9.526782800416890851e+00
3.632257347354552222e-05 -4.817801501994167346e+00 6.505115151010981700e-01 2.493026689317003053e-02 3.024308820184179680e+00 1.171154427779989859e+01
3.623810767580990617e-05 -4.817629645405994587e+00 6.573514092670016407e-01 2.134900806587118616e-02 2.895626009174715243e+00 9.828442127767090142e+00
3.617741789985803175e-05 -4.816805799509093156e+00 6.693994976709246592e-01 2.147500008836386240e-02 2.869832854054803484e+00 9.915475956756806042e+00
3.609613552851403126e-05 -4.816555098229243548e+00 6.462981501455863365e-01 2.453313366968552442e-02 3.024226048903907227e+00 1.066824367141923346e+01
3.600657616280041295e-05 -4.816539315803626486e+00 6.711329810872049828e-01 2.107454569576192385e-02 2.926166837968715129e+00 8.788386064490016025e+00
3.594729982612252726e-05 -4.815686936568256193e+00 6.776282019016702796e-01 2.015029632048011971e-02 2.914490825940200924e+00 8.430631555689915402e+00
3.585874942208893524e-05 -4.815653315093424425e+00 6.933457118292326582e-01 2.212787522738368998e-02 2.935983244176630258e+00 1.009208409871940582e+01
3.578468861961645628e-05 -4.815220799035507149e+00 6.968654607961216607e-01 1.864980316446207195e-02 2.806650382010845490e+00 8.597907050852994004e+00
3.572243230012134025e-05 -4.814462061567812867e+00 6.946982777117756136e-01 1.954996959030021186e-02 2.922543031251412238e+00 8.423427687709732936e+00
3.563985282196092052e-05 -4.814276435746816851e+00 6.432317897674878493e-01 2.613331060663958913e-02 3.056792758944978150e+00 1.190158125933350597e+01
3.555408969181800407e-05 -4.814185718576228012e+00 7.015828804165730181e-01 1.750968315363741687e-02 2.776904379458884353e+00 8.572031952267415988e+00
3.549500474087389032e-05 -4.813348933710392963e+00 7.166631934868392673e-01 1.757299578756642625e-02 2.843860330551955418e+00 8.114406057265124872e+00
3.540642612783973994e-05 -4.813347576065941880e+00 6.652839874032634437e-01 2.264916966360411288e-02 2.906077739098539059e+00 1.044020638409463153e+01
3.533536945528145164e-05 -4.812856478889779410e+00 6.860406878109283069e-01 1.900688004774507903e-02 2.896912533405079593e+00 8.174005087644708567e+00
3.525783472954950403e-05 -4.812553142373324988e+00 7.135235899802745418e-01 1.756977471967940616e-02 2.824535955562560652e+00 8.041041830757112763e+00
3.518815702239722353e-05 -4.812031331000994783e+00 6.533483574739437083e-01 2.510116851810970454e-02 3.060604460406556981e+00 1.114166969301809296e+01
3.510223614623870277e-05 -4.811976072453686193e+00 6.993048160158419346e-01 1.967084141390984878e-02 2.830511558483082890e+00 9.103642889591093024e+00
3.502471878976806463e-05 -4.811686845418621239e+00 6.426323591616474040e-01 2.547846009025428807e-02 3.035587209115447660e+00 1.182273830803340431e+01
3.501058182412374980e-05 -4.809590555139644508e+00 7.148580415623698725e-01 1.889826551466235530e-02 2.871640313144665946e+00 8.694142551669180818e+00
3.492473039154862005e-05 -4.809545723293761732e+00 6.851594033672561146e-01 1.961459642376032347e-02 2.889159409822345648e+00 8.295608041786529441e+00
3.484154265524509438e-05 -4.809430479483109977e+00 6.531438855406376254e-01 2.507618384693320948e-02 3.043412171977520231e+00 1.160384502176993671e+01
3.475714173624010786e-05 -4.809355840281696715e+00 6.649966173186283580e-01 2.464218038644299530e-02 3.010061042008791432e+00 1.084029697873295106e+01
3.468978417147728418e-05 -4.808795669439126286e+00 6.540032541060559756e-01 2.373239153908723170e-02 2.949110966745931428e+00 1.077196836655024015e+01
3.461924798964849181e-05 -4.808331081101396620e+00 6.523360037256347166e-01 2.251795844715201098e-02 2.974941885782347306e+00 9.704005087901318660e+00
3.454438687516998163e-05 -4.807995835566924114e+00 6.709506376558080909e-01 2.399010409992584011e-02 3.007523656416961622e+00 1.034179163400927770e+01
3.446187246041119550e-05 -4.807887341928238634e+00 6.727819689803995473e-01 1.960980744627832673e-02 2.830410156130754196e+00 9.195190826943530737e+00
3.441141717945179752e-05 -4.806852504700321660e+00 6.887271333305198251e-01 2.074869937937649442e-02 2.879694973443705397e+00 1.002582583199282062e+01
3.432700097468927442e-05 -4.806808663845894003e+00 6.959972327825155736e-01 1.744822130808694818e-02 2.839290165890262063e+00 7.964911608227423834e+00
3.424734688844444130e-05 -4.806631810169596619e+00 7.067805530567137229e-01 1.777585024360973931e-02 2.837501718030432052e+00 7.975372981816625462e+00
3.417004964531793995e-05 -4.806391389748201348e+00 6.846053150249551411e-01 1.885757329346390496e-02 2.837943429812612717e+00 9.148342187238691636e+00
3.409964779203044591e-05 -4.805953853209629756e+00 6.626999264932313949e-01 2.188881965261376544e-02 2.964476784035767754e+00 9.803089084698344280e+00
3.401998786434273705e-05 -4.805792678519907213e+00 6.927677269203608157e-01 2.098792947604956327e-02 2.880212098487770156e+00 9.351168915099492551e+00
3.395033536808370506e-05 -4.805342176516314900e+00 6.816897417653848823e-01 2.316177722713589140e-02 2.976681497517940311e+00 1.069863852265629589e+01
3.389135088417204400e-05 -4.804581063092781434e+00 6.787557234188006383e-01 2.008963355237699741e-02 2.864956017929947585e+00 8.706489959000403900e+00
3.381755705291038261e-05 -4.804260801704073991e+00 6.788830918050507979e-01 2.044219603088964082e-02 2.879576239065172683e+00 9.825921482358673131e+00
3.373430634329343733e-05 -4.804225596828253231e+00 6.669048563776779348e-01 2.377828943634919395e-02 2.977864132571903077e+00 1.131062348924109173e+01
3.365537884808290507e-05 -4.804068018552753117e+00 6.655650616794961394e-01 2.457643719623980871e-02 3.015945142710875437e+00 1.073719392263109462e+01
3.357378122285922193e-05 -4.803995467154089205e+00 6.451668860157625529e-01 2.504457614768876295e-02 3.000173412833781583e+00 1.160568139382201203e+01
3.349484847104602106e-05 -4.803849258743875694e+00 6.511405331167241517e-01 2.233762890360105682e-02 2.957689716354692244e+00 9.738282655352890060e+00
3.341144660166926354e-05 -4.803842354871379783e+00 6.506888477900035772e-01 2.648403459700126097e-02 3.063657684832144845e+00 1.227155120837850077e+01
3.333565701006568118e-05 -4.803613303574004512e+00 6.740919107501981422e-01 2.348973544766732452e-02 2.972476015023345575e+00 1.022749303592307690e+01
3.325699368279633292e-05 -4.803475827457321046e+00 6.630345400110031484e-01 2.554652199465946502e-02 3.035915561429072262e+00 1.191356408376475429e+01
3.318760792153463781e-05 -4.803064357896452918e+00 6.851081829006826496e-01 1.955814068720692842e-02 2.817633031448944170e+00 9.195513875464195408e+00
3.310851885754907724e-05 -4.802950292199015259e+00 6.658110247916363411e-01 2.161134510304732123e-02 2.965493377121579677e+00 9.018434915380526107e+00
3.302944613682805405e-05 -4.802841437992603879e+00 6.998189041408661160e-01 1.926503687677626545e-02 2.815460209280221449e+00 9.167903249435633839e+00
3.296859125573156955e-05 -4.802185580659485531e+00 6.499794011256621040e-01 2.439055048278600257e-02 3.017738138617278132e+00 1.121358590740117123e+01
3.289522729668692728e-05 -4.801913328488214283e+00 7.006482777778181292e-01 1.928624235718356256e-02 2.883799233352095648e+00 9.130043872573786246e+00
3.281555437677149560e-05 -4.801838286978402870e+00 6.915962432699386264e-01 1.758383201909993407e-02 2.837608987206526212e+00 8.246212375787884241e+00
3.273692242347678685e-05 -4.801737341746322940e+00 6.686287766767037288e-01 2.425978608871492623e-02 3.012706055863348276e+00 1.129188914462595328e+01
3.265770274532845058e-05 -4.801660162175244828e+00 6.918506673604067903e-01 1.768112727686477550e-02 2.843119628606255667e+00 8.021827681632380802e+00
3.258720749525028900e-05 -4.801321105527020627e+00 6.815747571689435569e-01 2.290867324431507257e-02 2.996381249351419473e+00 9.873649699039086514e+00
3.251139927899581963e-05 -4.801150133881956883e+00 6.895056050916075208e-01 1.904510763648390587e-02 2.850141501302943858e+00 8.293095382750085065e+00
3.243522790779547704e-05 -4.800995795525222931e+00 6.491651962202882320e-01 2.355317350262466081e-02 2.986624142665290194e+00 1.073276605246842230e+01
3.235859853658257175e-05 -4.800861126024905445e+00 6.971081444802782467e-01 1.740003425346606930e-02 2.781486378546165206e+00 8.391219781836948499e+00
3.228204887334086044e-05 -4.800729595466154187e+00 6.692394982359098909e-01 2.136885290130577722e-02 2.926216448415673632e+00 8.963593386592329182e+00
3.221663762207392596e-05 -4.800257893319837876e+00 7.119163838922840659e-01 1.951334000954197886e-02 2.871673635881800912e+00 9.066605645152897353e+00
3.217966297538279498e-05 -4.798906240364974707e+00 6.744589104876844710e-01 2.282369432971242604e-02 2.963986302007294515e+00 1.074770015666871359e+01
3.210619777577674048e-05 -4.798691820140328801e+00 6.674017246196801700e-01 2.154732826444061625e-02 2.903481968842861249e+00 1.023596003873147176e+01
3.203647916269034311e-05 -4.798365681409294758e+00 6.729418405364715472e-01 2.002467198065266407e-02 2.840133956476496468e+00 9.106979795058990135e+00
3.196803500639419610e-05 -4.798004411255906376e+00 6.572269603468582355e-01 2.540829135066266509e-02 3.011961122050114348e+00 1.170360585849223156e+01
3.190387865930524293e-05 -4.797513318300752339e+00 6.740943776127307219e-01 2.395932934538672412e-02 3.021240746164757240e+00 1.053200154233298491e+01
3.182999006348935235e-05 -4.797331979646745737e+00 7.037143788906776720e-01 1.718576746991382076e-02 2.792664164612720157e+00 8.593947111795106508e+00
3.175643604688968216e-05 -4.797145493832283059e+00 6.820518724718933612e-01 1.924720647203331456e-02 2.892361374913846372e+00 8.819969569838427503e+00
3.168181185708878237e-05 -4.796998150996905963e+00 6.799432881409596119e-01 1.888955773622067943e-02 2.813791215754613884e+00 8.758949903682651694e+00
3.164158329971380492e-05 -4.795768726040693153e+00 7.033893528850048149e-01 1.879109058804095261e-02 2.847891174905640810e+00 9.163983796811631777e+00
3.156957460715836551e-05 -4.795547080878316493e+00 6.663524963448562710e-01 2.045474305422815067e-02 2.893757794607807465e+00 8.775971135069143614e+00
3.150764864360435213e-05 -4.795010578326621697e+00 6.520242993315232827e-01 2.201159111575172814e-02 2.936026781459639690e+00 9.700128107441621239e+00
3.142988998620632057e-05 -4.794981558242755071e+00 7.096062067465994661e-01 1.907078777962059948e-02 2.874978800468389828e+00 8.970350420783134382e+00
3.138600472689132372e-05 -4.793878824544713702e+00 6.810833945090900565e-01 1.886669192685339752e-02 2.824327948368317021e+00 9.092066884164800911e+00
3.134014145739304864e-05 -4.792841158211325947e+00 6.956740616602062888e-01 1.929624706511773660e-02 2.845503565436284354e+00 8.508164102530168194e+00
3.126704439078055876e-05 -4.792676260766633334e+00 6.485114991018658959e-01 2.449703536204091842e-02 3.004464182990166599e+00 1.140878836262108287e+01
3.121415531038596746e-05 -4.791869220994019685e+00 6.559435877931931724e-01 2.458730566884118063e-02 3.033734796547474133e+00 1.058099598314052869e+01
3.115537060085964778e-05 -4.791254267451391158e+00 6.924810332906310428e-01 1.767878875248545326e-02 2.787918911002781552e+00 8.536276888331464363e+00
3.111186556228159232e-05 -4.790151633011127785e+00 6.724347245947235319e-01 2.034424948263801811e-02 2.892016323839999181e+00 8.658711790414159282e+00
3.103798116026240596e-05 -4.790029255506494721e+00 6.952084830575298025e-01 2.068273626471504867e-02 2.942584797503587701e+00 9.173456214425586452e+00
3.096732467928493279e-05 -4.789808302778451043e+00 7.017699759982624075e-01 1.713076246026263433e-02 2.781310490702868066e+00 8.495831606270613179e+00
3.089729619169585709e-05 -4.789572230578002632e+00 6.776782599895296855e-01 2.047324732341336551e-02 2.903741831853383637e+00 8.621113066423093940e+00
3.083287647631050769e-05 -4.789159370010350081e+00 6.981434191825270918e-01 2.131548874568429952e-02 2.935096623591595844e+00 9.508745037527948085e+00
3.075914465002747855e-05 -4.789053571731779257e+00 6.944529698118093730e-01 1.763611384691884248e-02 2.843411877672741728e+00 8.005696867772206460e+00
3.069176912736878304e-05 -4.788746396720536147e+00 7.107242781520345387e-01 1.831137790715607963e-02 2.861923896214928043e+00 8.656762239622302957e+00
3.061813018632054267e-05 -4.788648585511705136e+00 6.944433483138928720e-01 2.111628899483309479e-02 2.950610312513731515e+00 9.322401471670616502e+00
3.055104148513611295e-05 -4.788342132563325748e+00 6.555899581807513865e-01 2.598898570654191789e-02 3.051582230467000389e+00 1.221174209875147554e+01
3.047998176606612586e-05 -4.788170776174237808e+00 6.458719037362145032e-01 2.480432673588984366e-02 3.001695433054314854e+00 1.119995202015131497e+01
3.041556467122363795e-05 -4.787786435615323910e+00 6.746593951814309209e-01 2.023287225333450859e-02 2.853091687037595747e+00 8.997592056375591341e+00
3.034783216023813397e-05 -4.787515821810666594e+00 6.787398759453312502e-01 2.232719180228645919e-02 2.989514640693413661e+00 9.893240656271194311e+00
3.029329109765878446e-05 -4.786814636685978286e+00 6.673631731967961667e-01 1.994524257197360234e-02 2.860351207559436393e+00 8.870776592881490785e+00
3.023911857019065961e-05 -4.786104505690957467e+00 6.712468048046970059e-01 1.919523549759175052e-02 2.851702531434836985e+00 8.815009001941065847e+00
3.016506688952349843e-05 -4.786056379421279594e+00 6.878727711860219696e-01 1.769247218888123432e-02 2.822402878334742127e+00 8.141344955775759118e+00
3.009118273732611567e-05 -4.786008712239298468e+00 6.956733356006439273e-01 2.053347939420918991e-02 2.923399514954036604e+00 9.450628831009600717e+00
3.001730603200188847e-05 -4.785966825695005866e+00 6.515628161618909342e-01 2.575289941014733547e-02 3.039707385335031375e+00 1.219706989471143999e+01
2.995644648352124224e-05 -4.785496365846096722e+00 6.994008344768513075e-01 1.995852681555280658e-02 2.854102856304673086e+00 8.965745533920976840e+00
2.988738240381580045e-05 -4.785304510617288898e+00 6.756710169092601248e-01 2.336610578749081721e-02 2.967821329022375387e+00 1.100491420558769029e+01
2.982130567631518020e-05 -4.785017815132914798e+00 6.895765717727413424e-01 2.196242556761513615e-02 2.965357821015356610e+00 9.815362393749486714e+00
2.977988741747720702e-05 -4.783907661991850802e+00 6.682078328682906632e-01 2.101615173079349544e-02 2.953148531010957534e+00 9.036856683519646438e+00
2.970581712598310923e-05 -4.783898019308582938e+00 6.655836482746209093e-01 2.496134459442503686e-02 3.034167533228132818e+00 1.148144845103788647e+01
2.963407099081584749e-05 -4.783816162395970295e+00 6.948617292339702711e-01 1.878618064343593602e-02 2.886094248083423075e+00 8.123524097528463273e+00
2.957283761328828001e-05 -4.783384616932903732e+00 6.767526857928286566e-01 2.096197420993721819e-02 2.921997957358736908e+00 9.795736784007301523e+00
2.951383229315793306e-05 -4.782881864022238361e+00 6.950044645235354812e-01 2.057798267159450037e-02 2.937346152170247748e+00 9.219968262510754187e+00
2.945240666487327307e-05 -4.782465281638454968e+00 6.759631823068132928e-01 1.882002379333408415e-02 2.861537070784196501e+00 8.432000773816323402e+00
2.937923850935870797e-05 -4.782452657030470178e+00 6.915373091894739810e-01 1.798748152719217841e-02 2.811839408029595422e+00 8.809187541207993632e+00
2.931016184250107636e-05 -4.782306632308486627e+00 6.643929241293523580e-01 2.494637535394196928e-02 3.000299000514811354e+00 1.164780369964037199e+01
2.926373076034278540e-05 -4.781392017531159055e+00 6.905612260995086515e-01 2.174628226469624975e-02 2.904131269601663234e+00 1.018839071352809356e+01
2.919101261667313003e-05 -4.781380033968504861e+00 6.687831097756514742e-01 1.950623673118699608e-02 2.869854508627624146e+00 8.745177226498164202e+00
2.912323886369235049e-05 -4.781204466908151929e+00 6.789848981238122416e-01 2.310544408027835964e-02 2.939001089287929247e+00 1.062003428568766950e+01
2.905269571643836986e-05 -4.781129634027088571e+00 7.088422958136638696e-01 1.863199008693610520e-02 2.812317365143869985e+00 8.817502332670791532e+00
2.900262298819138699e-05 -4.780354635001357266e+00 6.933864258930914071e-01 1.777519105466632970e-02 2.806737380801767046e+00 8.188455580008454859e+00
2.893239607374039469e-05 -4.780278970057566745e+00 6.642726011455486468e-01 2.393476826834363413e-02 3.034375649017028387e+00 1.037098157771264795e+01
2.886758350878981954e-05 -4.780021621095963624e+00 6.496583952616560298e-01 2.617233597376475776e-02 3.045634123231553581e+00 1.225128433812889561e+01
2.879556491046030315e-05 -4.780019529647640653e+00 6.727570680032061157e-01 1.937772337276363194e-02 2.866218646812206394e+00 8.490986463998126510e+00
2.872679699269942228e-05 -4.779910528495637578e+00 6.922296423149356670e-01 1.908553066440396920e-02 2.865441930706675411e+00 9.158314089216386122e+00
2.865630620359083187e-05 -4.779867378008464840e+00 6.862016481282532387e-01 2.240965388069836306e-02 2.936099537672578919e+00 1.047942940403683743e+01
2.859228907225132483e-05 -4.779603840150958405e+00 6.551017273010507624e-01 2.434496746366668352e-02 3.012897413861853835e+00 1.050598008000821793e+01
2.852186060614069309e-05 -4.779570076703710590e+00 7.142350321100854327e-01 1.670364907091953510e-02 2.791747890807529497e+00 8.094313457301620218e+00
2.845332313131634491e-05 -4.779475948993629153e+00 6.887369562130639666e-01 2.202087889106099997e-02 2.911765006902548691e+00 1.026892055434149498e+01
2.839605624507847708e-05 -4.778990637851677548e+00 6.632258941286023335e-01 2.205097711667965144e-02 2.957439722633037782e+00 9.237632395944311625e+00
2.834377700901359777e-05 -4.778333408542417615e+00 6.613386950797640607e-01 2.443856063019002670e-02 3.008942741532315779e+00 1.063911154882368137e+01
2.828670122871847320e-05 -4.777849135811440107e+00 7.020314492460126843e-01 1.741638584599308759e-02 2.823341006801556308e+00 8.500637219451320448e+00
2.821704623259065661e-05 -4.777814637111502449e+00 6.677224674060708853e-01 2.286220333386829173e-02 2.920579854393915209e+00 1.079924336629632542e+01
2.815580377544275311e-05 -4.777487402236293867e+00 6.878499736218658400e-01 2.053767008832397753e-02 2.944244207020860760e+00 9.112243211344889460e+00
2.809300639327986393e-05 -4.777220246204534781e+00 6.822111481689653312e-01 2.215902300586767432e-02 2.910800656154771460e+00 1.050662324135688586e+01
2.802324423420561280e-05 -4.777206591754454834e+00 6.755384206487322629e-01 2.143698004210647934e-02 2.885578812728331943e+00 1.025837534439218679e+01
2.796330744485383282e-05 -4.776847706377592040e+00 7.138261371555952861e-01 1.891025750115297652e-02 2.857523977462397280e+00 8.902789725631365059e+00
2.789374204279211991e-05 -4.776838544639431916e+00 7.064957903504731629e-01 1.963660370606304384e-02 2.874569559711075861e+00 8.694895311515230318e+00
2.782772160468780726e-05 -4.776708204898740817e+00 6.581402063334417241e-01 2.547078609094057325e-02 3.051212810637141004e+00 1.173883848498517146e+01
2.776060991602294166e-05 -4.776622802330813933e+00 7.050933784415561734e-01 1.733807074729084088e-02 2.781058824858189560e+00 8.460744383991338324e+00
2.770627883298698189e-05 -4.776081848588410672e+00 6.469000197802114993e-01 2.477931945133802008e-02 3.003344260410351740e+00 1.152561335892073124e+01
2.763997333145300380e-05 -4.775977874720710226e+00 6.943636342683040530e-01 1.950215917348145991e-02 2.885292900945384265e+00 9.239911037136566918e+00
2.757522095872689050e-05 -4.775823330649751064e+00 7.171866964303956760e-01 1.760325700441155855e-02 2.834527651149381544e+00 8.201519471539482353e+00
2.750923561884465300e-05 -4.775719119790424294e+00 6.965014617883709125e-01 2.141235241671677475e-02 2.938829012640105542e+00 9.599800829544394176e+00
2.745006392524868325e-05 -4.775372412024863067e+00 6.722592808642919859e-01 2.127256452134272668e-02 2.964840822325163661e+00 9.260869105451561722e+00
2.738611197817374454e-05 -4.775204885980793179e+00 6.722873148804142662e-01 2.209597608818579181e-02 2.891978491028487586e+00 1.027382468615732236e+01
2.733174593379584087e-05 -4.774692027449494169e+00 6.875255950087184598e-01 1.906723949464106740e-02 2.809505918245189360e+00 9.013167640772767442e+00
2.726607554085784652e-05 -4.774597633491404203e+00 6.509050109143806884e-01 2.247998717479932421e-02 2.944975812069260623e+00 9.921180730925087232e+00
2.720964172591701732e-05 -4.774169523058358955e+00 7.082048183642922767e-01 1.877468173830752068e-02 2.880050616052735712e+00 8.679629804703330009e+00
2.714420448550122089e-05 -4.774077347953630479e+00 6.695465914322770162e-01 2.332871533033104017e-02 3.011226982533142582e+00 9.874534312005266656e+00
2.708520594588341657e-05 -4.773753235997621580e+00 6.724633610000717576e-01 2.387234268445449087e-02 2.980426717908270184e+00 1.058071179671032169e+01
2.702176022247640533e-05 -4.773598433186784895e+00 7.087998320749858694e-01 1.740267893553569881e-02 2.786778331296551947e+00 8.371716934127693577e+00
2.695475558809102309e-05 -4.773581167309097317e+00 6.868620134841963987e-01 1.771254525637262420e-02 2.811186978250108659e+00 8.393553797578910292e+00
2.688958528237942225e-05 -4.773501861349792819e+00 6.458195482272378607e-01 2.516009730202476910e-02 3.012067826797502512e+00 1.155265632932313657e+01
2.682639361943280775e-05 -4.773354669336887568e+00 7.094323641460368313e-01 1.722080725874429799e-02 2.828930539265214428e+00 8.304535890128240894e+00
2.675975635532171600e-05 -4.773341778356381404e+00 6.631221453922173659e-01 2.031496359161688234e-02 2.882698994602540310e+00 9.008585435348431147e+00
2.670200561264166126e-05 -4.773002229602919755e+00 7.033827691596820086e-01 1.977907995746775241e-02 2.854466153253545357e+00 8.933899868709726633e+00
2.663992479051225591e-05 -4.772829886277121680e+00 6.932369772988469236e-01 1.983014316512936998e-02 2.830924505412570458e+00 9.461807395569909573e+00
2.657809234313743827e-05 -4.772653628442975027e+00 6.663341242406296550e-01 2.485821284680471421e-02 3.009028709381694533e+00 1.160877502498840563e+01
2.651665678856292974e-05 -4.772467815175081007e+00 7.080618901500118634e-01 1.899770477534144797e-02 2.854160484536684805e+00 8.475087201427561112e+00
2.646499807826730062e-05 -4.771917876070527420e+00 6.890226718976864007e-01 2.104376705661409677e-02 2.870704692342167519e+00 9.979768488284671335e+00
2.640135985063592948e-05 -4.771825390446870152e+00 6.531624850336058552e-01 2.251638985706700541e-02 2.952320594306844903e+00 9.723837725598915682e+00
2.635764548983131288e-05 -4.770982524448019291e+00 6.657272226755230893e-01 2.243119430066180600e-02 2.960622946766416685e+00 9.427543754170297774e+00
2.629487882768438819e-05 -4.770866709924131754e+00 6.832928517044212224e-01 1.885893421444035517e-02 2.886275977997515341e+00 8.429203474551187014e+00
2.623358291426575016e-05 -4.770700528170761068e+00 6.589053716738185740e-01 2.511673357307811147e-02 3.052785985359602883e+00 1.124304241877693755e+01
2.617221308761818121e-05 -4.770542629975635940e+00 6.507610099005517457e-01 2.370049106544473011e-02 2.995200570534642281e+00 1.076946820079508527e+01
2.610747620961309675e-05 -4.770519190642432683e+00 6.657432561863507736e-01 2.328446126321442183e-02 3.010567207894117026e+00 9.820983944090853512e+00
2.604335013760665710e-05 -4.770478446183225252e+00 6.816778120870800040e-01 2.007838591731788205e-02 2.884203084626546953e+00 9.556131252813550248e+00
2.598765303110735613e-05 -4.770119366956667051e+00 6.890727438701159668e-01 2.048903719976271839e-02 2.857627265477687750e+00 9.853412465289219213e+00
2.593023526112043055e-05 -4.769831236325191348e+00 6.722610456390128997e-01 2.315290765168349224e-02 3.013459151084845189e+00 1.010700354595305406e+01
2.586839988106608577e-05 -4.769718766778761498e+00 6.866574642650330462e-01 1.773133490457257447e-02 2.818234291883696674e+00 8.291399137108829365e+00
2.584153897897988793e-05 -4.768257673615411640e+00 7.124860466677870319e-01 1.833118651555769307e-02 2.830757964728408460e+00 8.919536876456067631e+00
2.579431406886396460e-05 -4.767586826054870386e+00 6.588886854452524755e-01 2.546207022796592029e-02 3.034471459174663099e+00 1.152893350907346282e+01
2.573380981125352894e-05 -4.767435224593806531e+00 7.017393573984110899e-01 1.966557800833867650e-02 2.913872052496785159e+00 8.684306731749005692e+00
2.568033502402999725e-05 -4.767015383922615257e+00 6.703196336331918026e-01 2.408857144173952303e-02 3.026489354897752726e+00 1.066683891160518982e+01
2.563351129200795551e-05 -4.766340378475923956e+00 7.012663807878086741e-01 2.085318509092138825e-02 2.915894976207870748e+00 9.404916770645717961e+00
2.557653279690847735e-05 -4.766065665316653543e+00 6.576473674876537334e-01 2.315984499316783851e-02 3.007173532735514243e+00 1.010048136670344121e+01
2.551641808278141195e-05 -4.765918817398562268e+00 6.798718064310215192e-01 2.263053078954731581e-02 2.982982659778967260e+00 9.618527987921678957e+00
2.546417836008239548e-05 -4.765468214409501968e+00 6.862551192608292716e-01 2.210605914305938460e-02 2.918075721271249812e+00 1.039231109990733692e+01
2.540569406635818058e-05 -4.765267584024651448e+00 6.665138057094496249e-01 2.241348013252616317e-02 2.958216417101629414e+00 9.435942668894080398e+00
2.534424755528061628e-05 -4.765189125375844270e+00 6.688170501329568918e-01 2.306181256191833229e-02 2.926720754568533422e+00 1.057215073953893381e+01
2.529085527824476897e-05 -4.764798029824991232e+00 6.939665575040645518e-01 2.157396072386816993e-02 2.906245417497774319e+00 9.823267443106976415e+00
2.525143375983527987e-05 -4.763857972089334147e+00 6.498632513526084731e-01 2.555545164183980339e-02 3.054242963141756917e+00 1.164761815960933511e+01
2.519109863084673860e-05 -4.763750205583678898e+00 6.864826856962212842e-01 1.874766393414263252e-02 2.839457474622866684e+00 8.295915131339992143e+00
2.513659499844090933e-05 -4.763416156366767851e+00 6.717615604100549698e-01 2.262711007826775228e-02 2.921413274476089228e+00 1.008934946893258555e+01
2.507426445752749901e-05 -4.763398909046420826e+00 6.802465516333698892e-01 2.199149644583329316e-02 2.960020497287387808e+00 1.011002299011385297e+01
2.502698167026500871e-05 -4.762786399077282518e+00 6.625011210952577168e-01 2.424603729739467639e-02 3.034974799478030505e+00 1.080733815651420393e+01
2.496562863373771857e-05 -4.762740884528471774e+00 6.773082267164995951e-01 2.069180088294731920e-02 2.926392142524757656e+00 8.657633140169892272e+00
2.490853686441913089e-05 -4.762530318093348036e+00 6.763513022380330808e-01 2.059345202538092126e-02 2.924799552340896724e+00 9.419840557609401088e+00
2.484826261230418655e-05 -4.762453073665720460e+00 7.054570032443355787e-01 1.792537016919619128e-02 2.827423817318164723e+00 8.113242052479058941e+00
2.478786429800327565e-05 -4.762386718185156020e+00 7.082358451287040779e-01 1.908710742441221617e-02 2.852918299348100817e+00 8.563313130669030215e+00
2.472968241214969009e-05 -4.762236669525388599e+00 6.638874297239684141e-01 2.052710073873231789e-02 2.901714208896585490e+00 8.902836901433531125e+00
2.467824521000750788e-05 -4.761818813958510255e+00 6.705028721090875443e-01 1.998554294892656430e-02 2.845691499779833045e+00 9.258903259084327431e+00
2.461847860898504529e-05 -4.761743584842886179e+00 6.557564103645101561e-01 2.380125013844627477e-02 3.022569363175087176e+00 1.046471716890528114e+01
2.456085906985772615e-05 -4.761586827684758383e+00 6.489353488468376785e-01 2.589717697706074226e-02 3.054573448945746339e+00 1.190029690049577304e+01
2.450017404016700898e-05 -4.761560687560637106e+00 6.670968158357287736e-01 2.305693436179914735e-02 2.943311788510588833e+00 1.013304838561310994e+01
2.444566351594449288e-05 -4.761288069886935759e+00 6.768171701510835581e-01 1.943936944037079340e-02 2.898187653175773093e+00 8.632501133578765362e+00
2.440069836693485524e-05 -4.760629155281119296e+00 6.802213353771211501e-01 1.948485313423364146e-02 2.823788890159259601e+00 9.083582138777021697e+00
2.434141458994614415e-05 -4.760561704985086351e+00 6.885966912998182643e-01 2.083368825899254914e-02 2.860408640732146512e+00 9.681744312184108026e+00
2.428412265093250782e-05 -4.760418160821910938e+00 6.943035138923202565e-01 2.082181186427379746e-02 2.921154845310489634e+00 8.914192480354191872e+00
2.422372663718126739e-05 -4.760408316367728432e+00 6.705910190573076690e-01 2.232893512687946988e-02 2.992901360972125335e+00 9.754334551341644399e+00
2.417085367434009430e-05 -4.760093395090922996e+00 6.876642858798613922e-01 1.910057889476056772e-02 2.832995495645344697e+00 9.289974961758339589e+00
2.411176461446109496e-05 -4.760041029103863508e+00 6.709192555468896924e-01 1.949425657176196910e-02 2.846197549757573775e+00 8.866751766107213939e+00
2.406158556146197831e-05 -4.759624300081036985e+00 7.073187427691294271e-01 1.943919762699790332e-02 2.889647248928262968e+00 8.603643857307345044e+00
2.400338102938431422e-05 -4.759546212116210206e+00 6.615555568894531113e-01 2.305745176588851544e-02 2.933654046778362279e+00 1.086146312133385017e+01
2.394668250292504981e-05 -4.759411112127077459e+00 6.578225415814928922e-01 2.385970904104314436e-02 2.959067973386003025e+00 1.078507316884068246e+01
2.389255003547187514e-05 -4.759174212418814776e+00 6.556912362043695319e-01 2.526095989222800625e-02 3.015073449271130634e+00 1.151215922963275418e+01
2.386097682285744965e-05 -4.757996553166916165e+00 6.708637239234706007e-01 2.117726458870846165e-02 2.935454128162292342e+00 9.689887867200058125e+00
2.380521355962945655e-05 -4.757836294951170331e+00 6.609798054356631480e-01 2.454620861040911553e-02 3.031772168660045175e+00 1.120559836565521827e+01
2.375441780816135571e-05 -4.757472382608785466e+00 6.844526827216065312e-01 1.915741427597178470e-02 2.853146356979719300e+00 9.192565062894173522e+00
2.370223615698451583e-05 -4.757171512460844909e+00 6.651916613623778396e-01 2.418191103475586523e-02 2.997542198802977786e+00 1.135541332094572731e+01
2.364843665277623454e-05 -4.756943899490064354e+00 6.727572049007628507e-01 2.126650490039858760e-02 2.937705044093382512e+00 8.891039922659020434e+00
2.358961064991578940e-05 -4.756934520361522090e+00 6.574266854202905908e-01 2.424361125452668270e-02 2.971614838460236996e+00 1.103321894828421712e+01
2.356156343919072377e-05 -4.755624192286980190e+00 6.657457698490123477e-01 2.160920010966750973e-02 2.888106007560597099e+00 1.012795169686329189e+01
2.350277981553444204e-05 -4.755622204589241342e+00 6.999718543906925383e-01 1.950964029003186481e-02 2.910523020819847151e+00 8.508663894962694485e+00
2.344433692085982763e-05 -4.755611938951090245e+00 6.677995984881154312e-01 2.130995352858677111e-02 2.960329658985350498e+00 9.161807802989841321e+00
2.338951332866377178e-05 -4.755453135198913550e+00 6.628434629953772195e-01 2.204567937713153292e-02 2.978179383616902598e+00 9.510317860176774829e+00
2.333549462459089485e-05 -4.755265332906550846e+00 6.950969476073809439e-01 2.146834074287511801e-02 2.912988792242710900e+00 9.913713728828900784e+00
2.328454615709208523e-05 -4.754951023306097646e+00 6.900468013237330833e-01 1.800254473635675909e-02 2.798317186928847455e+00 8.651079032264693325e+00
2.323458136288466345e-05 -4.754599163913405313e+00 6.523529507362660906e-01 2.267960280377806850e-02 2.950742802145231103e+00 9.909825543674356751e+00
2.318427990321836058e-05 -4.754266450140753442e+00 6.730378723283519937e-01 2.003962797315498104e-02 2.906121382157405009e+00 8.551320052539328032e+00
2.316522943898194242e-05 -4.753838224976649762e+00 6.813674666390584500e-01 2.063595353579132999e-02 2.947221321820673534e+00 8.720448338946413358e+00
2.317830867670221762e-05 -4.753273777867113914e+00 6.703585273165405534e-01 2.005414390488589882e-02 2.910515184113329656e+00 8.719537270564529763e+00
2.317969190149870030e-05 -4.753214102092511162e+00 7.166421165610596944e-01 1.720621947411438146e-02 2.815921249547232108e+00 8.187120585413730112e+00
2.318577957672285329e-05 -4.752951506886852862e+00 7.056060063729306941e-01 1.993062699319968212e-02 2.864818266873687680e+00 9.349827879457727420e+00
2.321431792894553488e-05 -4.751721407927782970e+00 6.926500363158580864e-01 2.101366695299073176e-02 2.944150382455844372e+00 9.001186893556507584e+00
2.322064416875299809e-05 -4.751448930485752342e+00 6.592021613277970760e-01 2.446044065186060365e-02 3.020219866350453142e+00 1.061525947501949041e+01
2.322580202754207174e-05 -4.751226831305611853e+00 6.690458362352881272e-01 2.038179544169281890e-02 2.919951312995764603e+00 8.749075327050652717e+00
2.323108397069206181e-05 -4.750999440120891038e+00 6.542533030247847936e-01 2.273075366717781584e-02 2.978615322699319279e+00 1.001412165157130474e+01
2.326084757899854737e-05 -4.749719062585240792e+00 6.726205476034798902e-01 2.062289693200674082e-02 2.940840912311760036e+00 8.808766095861468415e+00
2.326258896996411318e-05 -4.749644201779783970e+00 6.666605593784026285e-01 2.132414062291738618e-02 2.956388440886828839e+00 9.061761116940349581e+00
2.327948386404713523e-05 -4.748918196520613755e+00 6.761113060627019777e-01 2.068194020593791538e-02 2.854160925422725370e+00 9.716551729302988605e+00
2.328137035215359715e-05 -4.748837163294773234e+00 6.820449377610903197e-01 1.978572718376365308e-02 2.829953999658636477e+00 9.199293809148507250e+00
2.329252711208759703e-05 -4.748358064024372993e+00 6.501146560194941415e-01 2.462398640897469834e-02 3.026155451051328882e+00 1.117045400866093274e+01
2.329478298689722308e-05 -4.748261218990537991e+00 6.945322017795112490e-01 2.147837013707522280e-02 2.912309958061308102e+00 9.618939845839118874e+00
2.331309712523359145e-05 -4.747475337322679678e+00 6.821725751423367567e-01 2.297668002462613726e-02 2.950594324264426582e+00 1.040550245158353171e+01
2.331329966582167956e-05 -4.747466649514824333e+00 6.578138523962466788e-01 2.429572891531359136e-02 3.023353815412272105e+00 1.107523788433016954e+01
2.331739581243133733e-05 -4.747290964954338222e+00 6.814189525668290504e-01 2.230096706444357341e-02 2.985840220761341257e+00 9.576918956237207681e+00
2.331953756817248301e-05 -4.747199116902271143e+00 6.726792175519058503e-01 2.008068625112489555e-02 2.848660224436164068e+00 9.437204999284309892e+00
2.332734320878441633e-05 -4.746864447550120936e+00 7.149563004004705347e-01 1.842472287002028600e-02 2.830997441313192198e+00 8.664957448013476338e+00
2.333271852949703301e-05 -4.746634044051441848e+00 6.708031029117245136e-01 2.141463089502076630e-02 2.921170485933526351e+00 1.002863199205788369e+01
2.333888003102168695e-05 -4.746370007603133878e+00 6.829948572133961449e-01 2.112659794605622338e-02 2.958333416362635582e+00 9.327183689098523800e+00
2.336049447310491092e-05 -4.745444323100666217e+00 6.816533924706486003e-01 2.272124552434867661e-02 2.932548570683750189e+00 1.036557922086651651e+01
2.336382234728278501e-05 -4.745301875895016508e+00 7.055464711810399692e-01 1.752142291954943143e-02 2.788043566808552587e+00 8.513497772446143586e+00
2.336605352189250089e-05 -4.745206383468817180e+00 6.604992214333866851e-01 2.088039546315323403e-02 2.900993500179222195e+00 9.320147396947263019e+00
2.336776747011801378e-05 -4.745133034096136626e+00 6.720255716722068895e-01 2.252034589098540762e-02 2.915998014888728562e+00 1.063661122475720866e+01
2.338042464636860888e-05 -4.744591529666260854e+00 7.026313457754974623e-01 2.046673856119784335e-02 2.908444632699867860e+00 9.278670725841433153e+00
2.338151307779756918e-05 -4.744544977642027206e+00 6.958360568739646590e-01 1.744720446387215337e-02 2.829947481230854933e+00 8.162179562086585349e+00
2.338418157699830515e-05 -4.744430855560729299e+00 6.475148816939665375e-01 2.448739062377228159e-02 3.008828696568445427e+00 1.092483156965617397e+01
2.338500253753270826e-05 -4.744395748660746648e+00 7.095640423996731894e-01 1.694852020163056111e-02 2.789596026767537484e+00 8.261923223979817266e+00
2.338860095735332875e-05 -4.744241883251249625e+00 6.627566289628593621e-01 2.218736763498045661e-02 2.970416567385604889e+00 9.913038039987126737e+00
2.338970404948054936e-05 -4.744194720698981627e+00 6.730963597573693669e-01 2.244284915725314536e-02 2.962955366533763346e+00 1.040904803024569958e+01
2.339283867247077793e-05 -4.744060712463748608e+00 6.814407021757363792e-01 2.066140799013178528e-02 2.859252047383737061e+00 9.325069193808934287e+00
2.340904527978350576e-05 -4.743368150259328786e+00 6.677473012245725981e-01 2.020246225957320063e-02 2.865084555415485124e+00 9.016721775333422784e+00
2.341547871545836222e-05 -4.743093361103289496e+00 6.769800287688417795e-01 2.072641484487180302e-02 2.916312783758874705e+00 8.728216606399382016e+00
2.341928931483995891e-05 -4.742930635865168831e+00 6.832716229360216165e-01 2.292535359904373377e-02 2.975937998721994937e+00 1.014460775662419856e+01
2.342317455539068269e-05 -4.742764750459549816e+00 6.623481581283017228e-01 2.314087201246380066e-02 3.010041202473803246e+00 9.898162451175469556e+00
2.342528044204435317e-05 -4.742674848384647923e+00 6.841166799954112587e-01 2.110173364096405019e-02 2.958858009666311073e+00 8.945613565048219584e+00
2.344266709906870391e-05 -4.741932906023862415e+00 6.839804669144718963e-01 1.983700004401422676e-02 2.924465684045413294e+00 8.594369674323974806e+00
2.344645918522752953e-05 -4.741771159091571874e+00 6.773066678164000320e-01 2.177856765265446734e-02 2.892467912832584975e+00 9.809756421272826543e+00
2.344770586132725114e-05 -4.741717989316667214e+00 6.865528063225044830e-01 2.107616146080597969e-02 2.869397298160076382e+00 9.741357274445794800e+00
2.344998764429116463e-05 -4.741620680353465289e+00 6.499395394634620571e-01 2.476224698033622357e-02 3.030615671712450165e+00 1.095433729842424064e+01
2.345896999691516509e-05 -4.741237710738047895e+00 6.661929922573281981e-01 2.456012237566805936e-02 3.018569988979786345e+00 1.088051543474416682e+01
2.346243515606094156e-05 -4.741090010167668289e+00 6.933197782478098814e-01 1.972420677315553025e-02 2.919255652956836755e+00 8.772139930015853793e+00
2.346501417986116960e-05 -4.740980094805151701e+00 7.062712754376924140e-01 1.795430882864393340e-02 2.795796001011633614e+00 8.699805002830906631e+00
2.346532045330562474e-05 -4.740967042546016863e+00 6.733821112964756272e-01 2.350827166832553800e-02 2.959508889729884906e+00 1.100513354153291701e+01
2.346652147310675663e-05 -4.740915861098535800e+00 6.618961593967246371e-01 2.441325650353860094e-02 3.014440364335763789e+00 1.132696062187189767e+01
2.346856423983726290e-05 -4.740828814629962196e+00 6.581178394779828578e-01 2.143497949834130556e-02 2.905391184283860007e+00 9.657534023722273986e+00
2.347693950915019897e-05 -4.740472006470161759e+00 7.154519660335586506e-01 1.737269010639762648e-02 2.825051907738056478e+00 8.310702127855680743e+00
2.348797852667130291e-05 -4.740001910143536890e+00 6.531386064812254588e-01 2.253868567279457627e-02 2.959768368848389120e+00 9.831256833133883433e+00
2.349136143478049402e-05 -4.739857893300484015e+00 6.799359945491380008e-01 2.032236425717029449e-02 2.870333927225562576e+00 9.729133936068032895e+00
2.349417131394904864e-05 -4.739738287157592822e+00 6.802952035878542247e-01 1.956557802272979735e-02 2.909281692318770318e+00 8.560805013904158045e+00
2.349690537666888275e-05 -4.739621921970178953e+00 6.788867575534196508e-01 2.051149490577468607e-02 2.880718760670898604e+00 9.786522747420018931e+00
2.350409646763542462e-05 -4.739315924619464937e+00 6.528005012747213343e-01 2.437448455008211709e-02 3.023071031718824742e+00 1.102346617276025498e+01
2.350753747472829504e-05 -4.739169535021384050e+00 7.016100021054804126e-01 1.733224971902251610e-02 2.832070537554593592e+00 8.134474810757897245e+00
2.352247512843957545e-05 -4.738534295803411567e+00 6.637478902254509983e-01 2.177380485962562146e-02 2.915466615196656175e+00 9.428788714409240157e+00
2.352532691024905340e-05 -4.738413066683692776e+00 7.086950663317662658e-01 1.807827849795131184e-02 2.838596976980216624e+00 8.742807314033413491e+00
2.352761922788370124e-05 -4.738315631014954121e+00 6.951601681405134014e-01 1.859361822548516799e-02 2.813193341088424670e+00 8.560235600424936919e+00
2.353211549671322108e-05 -4.738124543289131907e+00 6.524941404861390737e-01 2.440817194448468425e-02 3.029915781044397516e+00 1.082395324458783570e+01
2.353632403723766826e-05 -4.737945716857776546e+00 6.484714122245688328e-01 2.524485255929240918e-02 3.034744945355507095e+00 1.149722602198727550e+01
2.354275968886215717e-05 -4.737672319367630003e+00 6.916218422682736122e-01 1.827928117683593617e-02 2.852113036009637614e+00 8.109647894175775917e+00
2.354945332683842021e-05 -4.737388041454458687e+00 7.137603718089771121e-01 1.813476898224180428e-02 2.851415358180617865e+00 8.478463100505619465e+00
2.357827699099922933e-05 -4.736164826690650642e+00 6.691708513914214063e-01 2.116427799403623744e-02 2.873097269775248375e+00 9.613017787797430103e+00
2.361303412974762129e-05 -4.734691795142778936e+00 6.651867845481564956e-01 2.357785110114377775e-02 2.951107434242780325e+00 1.106578439725873331e+01
2.361615130901886811e-05 -4.734559792896847696e+00 7.071761156150938588e-01 1.873519637608646662e-02 2.821806130911752586e+00 8.743125958262908171e+00
2.361793529809099801e-05 -4.734484254691236238e+00 6.977692013039187291e-01 1.953146495830574217e-02 2.845432097694214235e+00 9.449049505487870704e+00
2.361806358488158185e-05 -4.734478822953000154e+00 6.710102332529781499e-01 2.062488596142813407e-02 2.865851444087300859e+00 9.217041259702128286e+00
2.362175693782919496e-05 -4.734322456865480255e+00 6.683710705685453890e-01 2.420716519410833281e-02 3.001187557227018132e+00 1.123402353739287207e+01
2.362398901172899334e-05 -4.734227969039896955e+00 6.703341556366427811e-01 2.434392143333513961e-02 3.007507535854738290e+00 1.096252588053060784e+01
2.364689129367125687e-05 -4.733258988408002743e+00 6.836231933377654446e-01 1.872052553598007804e-02 2.834674749412275041e+00 8.947723431227005975e+00
2.365047918054997452e-05 -4.733107272283000988e+00 6.553391804579512536e-01 2.427039919638217941e-02 2.974729325873718633e+00 1.114016948809583596e+01
2.365856247170216900e-05 -4.732765549392468962e+00 6.610590049163111992e-01 2.145359503246307281e-02 2.943669204117985494e+00 9.405805867938516585e+00
2.366359953917992592e-05 -4.732552665310981510e+00 6.572829485480065070e-01 2.381939310169150711e-02 2.990808230120010514e+00 1.031525806756155283e+01
2.368400862296143734e-05 -4.731690569596428197e+00 6.716459339371269044e-01 2.209502177289883115e-02 2.939526843250265031e+00 1.036108412571013027e+01
2.368499067133863611e-05 -4.731649105837767877e+00 7.151927695065410928e-01 1.726794961232089309e-02 2.813295802345489260e+00 8.362093623998102743e+00
2.369266584168682623e-05 -4.731325106257367352e+00 6.862978105902890480e-01 2.166924523204926192e-02 2.948318542481572546e+00 9.928120196309842882e+00
2.369431427638691448e-05 -4.731255532940112474e+00 6.992149134645572195e-01 2.011336446522972790e-02 2.858990635358299226e+00 9.550226275229062978e+00
2.371448681079366895e-05 -4.730404529111219780e+00 7.029811059197060841e-01 1.710207783962627501e-02 2.798349560437896955e+00 8.186400929435198037e+00
2.373575098384243651e-05 -4.729508256491288698e+00 6.641358968751783776e-01 2.461034627132177924e-02 3.011947604782810206e+00 1.143199499655504781e+01
2.373772778529116594e-05 -4.729424976247198487e+00 6.897990723852445161e-01 2.199052463718630460e-02 2.946141551054050289e+00 9.653013719708976481e+00
2.374206004496472180e-05 -4.729242487660641814e+00 6.925177398900712600e-01 1.814292471399112441e-02 2.800551628715314934e+00 8.737737145046388321e+00
2.375666761007481497e-05 -4.728627415792749922e+00 6.641894299709758531e-01 2.123646471233065630e-02 2.942288237401961659e+00 9.093216318686426547e+00
2.376479199954090272e-05 -4.728285490708294958e+00 6.651266168249122535e-01 2.250268810739462430e-02 2.917159693715780655e+00 1.055180165593062824e+01
2.376495150174961869e-05 -4.728278779028534551e+00 6.838173454852867206e-01 2.141514869802504939e-02 2.889990384984678418e+00 9.563749220093750836e+00
2.377177580402415810e-05 -4.727991661984169980e+00 6.965726676468314560e-01 1.993112421203499518e-02 2.922198841711068695e+00 8.761888313716264420e+00
2.377732531822167436e-05 -4.727758239518053962e+00 6.963416558699428993e-01 2.022473791220389186e-02 2.904220683848486750e+00 8.707376822997945354e+00
2.378166432876250061e-05 -4.727575770942291200e+00 7.068646687250393912e-01 1.965418061138443639e-02 2.882087858715211670e+00 9.093885692058622183e+00
2.378178153708563941e-05 -4.727570842438017173e+00 6.804474525693310349e-01 2.114221126232489895e-02 2.948361359839869245e+00 8.871808327311713427e+00
2.378433626876951093e-05 -4.727463424309140017e+00 6.567129158215992968e-01 2.521542446338593396e-02 3.041548684393900359e+00 1.133747835530737724e+01
2.379040325617910433e-05 -4.727208373519454554e+00 6.559216974481271167e-01 2.202998480624890690e-02 2.921290227573307696e+00 9.866033892642910530e+00
2.379272905498531256e-05 -4.727110616238874741e+00 6.932232884568110265e-01 2.109847021478088863e-02 2.888727727362259134e+00 9.515375996989078544e+00
2.381361284182375695e-05 -4.726233263039869570e+00 6.824868226868379129e-01 2.055995059956373938e-02 2.945403310464420166e+00 8.907220635116351204e+00
2.381596575913922628e-05 -4.726134462362367117e+00 6.734596820108161852e-01 2.381509948738770935e-02 2.985442040482127801e+00 1.098835492054260854e+01
2.381907114461117480e-05 -4.726004079951513503e+00 6.787808470395167992e-01 1.942807879479385019e-02 2.834438662784016572e+00 8.843923377135935127e+00
2.381982368633117796e-05 -4.725972486367205683e+00 6.704742837451738158e-01 2.165404007440915879e-02 2.971232361968205726e+00 9.188429506015260984e+00
2.382823748439568044e-05 -4.725619322022412305e+00 6.992061097226598410e-01 2.085200538754075628e-02 2.919820209512542952e+00 9.328432064649392785e+00
2.383481031904799194e-05 -4.725343517809427851e+00 7.057200670242805840e-01 1.856730825434727700e-02 2.829306999292499736e+00 8.465116629306717044e+00
2.383702954440277457e-05 -4.725250413563284901e+00 7.022632138086252196e-01 1.874716386265967011e-02 2.871654953486969752e+00 8.804556924372661797e+00
2.384226959729408743e-05 -4.725030609455138197e+00 6.603283651991056491e-01 2.478196763145105314e-02 3.037796709022601238e+00 1.102861485694774579e+01
2.386130709132102816e-05 -4.724232451482127004e+00 6.740858005369070316e-01 1.991815793393217696e-02 2.843215418345027334e+00 9.198559867952701197e+00
2.386316454634142162e-05 -4.724154610703276802e+00 6.816118012448036945e-01 2.191860338543505024e-02 2.969282040186844274e+00 9.288705324555710519e+00
2.386326753756442396e-05 -4.724150294804578820e+00 6.563964249575562349e-01 2.496354914296234837e-02 3.004555383876764907e+00 1.160497471452606355e+01
2.387316457273779216e-05 -4.723735641472618596e+00 7.012349768120550442e-01 1.984631318953697376e-02 2.859304983810141643e+00 9.456046068477533595e+00
2.387353558317539449e-05 -4.723720100694455581e+00 6.582192541030796873e-01 2.361967003346265859e-02 3.009190767949315948e+00 1.012785488809904955e+01
2.387410074727283111e-05 -4.723696427727963609e+00 6.596040984010076436e-01 2.409745594655385292e-02 3.011813939821746278e+00 1.041857099457611113e+01
2.387440150375663220e-05 -4.723683830202610956e+00 6.606705211274079836e-01 2.448943725908564462e-02 2.985163557169801418e+00 1.126280503774562902e+01
2.388403112055967169e-05 -4.723280566678060843e+00 6.885172981535319092e-01 2.083888647536078637e-02 2.885079921242468259e+00 9.164119783812930464e+00
2.388651377681784749e-05 -4.723176625797093742e+00 6.714841389509885738e-01 2.281847360033709138e-02 2.930527524987390109e+00 1.022592515156629212e+01
2.388767488319984520e-05 -4.723128017692391545e+00 6.962927954100275318e-01 1.959256019754365002e-02 2.838304738757359225e+00 8.941399842291696487e+00
2.389089007710571875e-05 -4.722993430397298908e+00 6.984327163558959883e-01 1.789651807864710981e-02 2.796713534007864155e+00 8.714941212457572917e+00
2.390481469193344582e-05 -4.722410758155558774e+00 6.608699605789870590e-01 2.232407618065185284e-02 2.979062640380755411e+00 9.573649123602017141e+00
2.390828255523181153e-05 -4.722265699018874940e+00 6.605283931160389477e-01 2.432842844519800610e-02 3.011039597157644909e+00 1.125718537593759727e+01
2.392570704696788151e-05 -4.721537158805033663e+00 6.803444173887909230e-01 2.091620380143921834e-02 2.900166089480749054e+00 9.916488925136478727e+00
2.394860868593322171e-05 -4.720580418625600849e+00 6.853256816302761845e-01 2.069747292809699657e-02 2.880978175852380030e+00 9.897333950877493791e+00
2.395551338571875677e-05 -4.720292146989059745e+00 6.912968800739028863e-01 1.951012094944256856e-02 2.871875189531822414e+00 9.305563382048188004e+00
2.395751196200676583e-05 -4.720208721812934272e+00 6.740852079696059151e-01 2.159089901574668541e-02 2.925438739646577080e+00 1.012842876631159328e+01
2.395824518109426196e-05 -4.720178117304887344e+00 6.617271991791126018e-01 2.403029388036462960e-02 2.966444861297124369e+00 1.111701704236642385e+01
2.396373663549380476e-05 -4.719948934194531986e+00 6.996239157878616499e-01 1.784911190667846231e-02 2.801562504026255951e+00 8.376345660470654764e+00
2.397595681786670785e-05 -4.719439119393589621e+00 6.797290281380592436e-01 2.232305743565307643e-02 2.985534660614007407e+00 9.736328216916817269e+00
2.397769938572418753e-05 -4.719366442230002789e+00 6.604503719192732492e-01 2.416674687261603088e-02 2.971846452530969795e+00 1.119377136342917112e+01
2.398103652579423978e-05 -4.719227275089252771e+00 6.874030781208325669e-01 2.069884327427137446e-02 2.925266190462648019e+00 9.529565938977889061e+00
2.399313027153798122e-05 -4.718723097661804644e+00 6.701642590561804891e-01 2.099772623188181017e-02 2.873875990124509006e+00 9.431483025340492432e+00
2.399878233255660944e-05 -4.718487555432372638e+00 7.026357147670657666e-01 1.857270795078874714e-02 2.872674705717699339e+00 8.225974706865972763e+00
2.400030781784925755e-05 -4.718423992340304629e+00 6.506932796887159309e-01 2.451550213024361255e-02 2.996642474128674571e+00 1.126920430491294844e+01
2.400398119413956925e-05 -4.718270948669701426e+00 6.659440378623842083e-01 2.449177741234244768e-02 2.996894964746889656e+00 1.132472098833783392e+01
2.401180573868554746e-05 -4.717945033169198332e+00 6.652667514410253169e-01 2.149951631000692961e-02 2.937484440901127147e+00 9.759785569244643355e+00
2.401752226588047613e-05 -4.717706989979362220e+00 6.746469117799734905e-01 2.114943925659304447e-02 2.945052836064637525e+00 9.523268120310731888e+00
2.403221778900657224e-05 -4.717095310350397419e+00 6.634958323529042135e-01 2.071304794280647704e-02 2.903912803282107991e+00 9.265239051768608292e+00
2.403659876851754068e-05 -4.716913030867072365e+00 7.040405489101616565e-01 1.772975730515375173e-02 2.796858290852821671e+00 8.456388407703453680e+00
2.403763210692426482e-05 -4.716870041582042816e+00 6.669843058352558085e-01 2.444499418411368724e-02 3.003756364282422542e+00 1.127802951753315241e+01
2.403765367474060806e-05 -4.716869144330322783e+00 6.631486353346438545e-01 2.239513408529858821e-02 2.975318977734144887e+00 9.471387619576466577e+00
2.404627059782523415e-05 -4.716510732519838989e+00 6.810008789200084900e-01 2.109335010649357120e-02 2.871066924722565528e+00 9.940820368708509491e+00
2.404978909036429842e-05 -4.716364421467827306e+00 6.616546834838190616e-01 2.247176517973336826e-02 2.954008709550127065e+00 1.034269390443960290e+01
2.405445373250380940e-05 -4.716170482560135824e+00 6.863320433213299099e-01 1.878636936074061167e-02 2.831856913477429849e+00 9.036327899265923946e+00
2.406170245552747078e-05 -4.715869181556368694e+00 6.834014244801488447e-01 1.934649884951390730e-02 2.889916427934029031e+00 8.343955852158190467e+00
2.406522603733142102e-05 -4.715722752855406874e+00 6.920769579113392744e-01 2.161027481523716473e-02 2.911522137013250244e+00 9.903856943778549748e+00
2.408669742744606217e-05 -4.714830934211716063e+00 7.005395415438573359e-01 1.887844409027569781e-02 2.885574351386575032e+00 8.651202959411435245e+00
2.408951506069332730e-05 -4.714713962241317446e+00 6.783916818299523532e-01 2.310308358193294970e-02 2.966583419885928663e+00 1.066351486824595618e+01
2.409493111993274360e-05 -4.714489156948676651e+00 6.984402938788228932e-01 1.845930526691523174e-02 2.805438545580510201e+00 8.737252036119517840e+00
2.409718892037114094e-05 -4.714395456964606268e+00 6.853663570525341253e-01 2.023182590639866288e-02 2.922897038079509180e+00 9.166611090426821207e+00
2.410180193975461460e-05 -4.714204041363771580e+00 7.013537448788180750e-01 2.038724228933867094e-02 2.903323780378165075e+00 9.034322309728045397e+00
2.410756592564901630e-05 -4.713964918297984141e+00 6.728224451802471417e-01 1.982601385312885225e-02 2.847838766741153549e+00 9.055727171971865275e+00
2.412296089564456097e-05 -4.713326527157225776e+00 6.875157947888634880e-01 2.154572418435336811e-02 2.946916151080102964e+00 9.215218556447860365e+00
2.412490451451207557e-05 -4.713245959080191838e+00 6.808603161882667010e-01 2.068696331208190811e-02 2.896576839027888095e+00 9.790516476760171116e+00
2.412752202057169183e-05 -4.713137466875751969e+00 6.730641425592860383e-01 2.176039351797024596e-02 2.975674907051291562e+00 9.400924876315986722e+00
2.413963746292625321e-05 -4.712635450898897460e+00 6.851846117132519565e-01 2.113906031889379103e-02 2.929982579929777398e+00 8.963682883659339851e+00
2.414257695017794418e-05 -4.712513688163238790e+00 6.817990315976409921e-01 1.878800412995012409e-02 2.828668353579954164e+00 8.580917881209639830e+00
2.415334262119643284e-05 -4.712067867013447042e+00 6.871709600401374463e-01 1.996287606402550457e-02 2.843889521053135194e+00 9.552661699141875573e+00
2.418300246011343760e-05 -4.710840639651111772e+00 7.056331712006456147e-01 1.801590022268307820e-02 2.810231057598326476e+00 8.409451017554683716e+00
2.420510391584773476e-05 -4.709927131810998091e+00 6.983252401861920200e-01 2.094145496233338830e-02 2.916134209588523873e+00 9.422546604922450442e+00
2.420941396049865641e-05 -4.709749084198368685e+00 6.552332635664998017e-01 2.510424376505417804e-02 3.022325109984134173e+00 1.160229805077885779e+01
2.421165760784253505e-05 -4.709656411844254542e+00 7.002344477430754166e-01 1.801624358402089537e-02 2.810179056114693541e+00 8.351203617907792420e+00
2.422745778449520414e-05 -4.709004039186947210e+00 6.771869599346850288e-01 2.324199362566485919e-02 2.956648985310281752e+00 1.055853577339250648e+01
2.423194508394212445e-05 -4.708818840889233748e+00 6.853757653291503438e-01 2.222561505478770974e-02 2.958391866006468529e+00 1.009542809164909727e+01
2.424817417615964592e-05 -4.708149325505547544e+00 6.623080817468413040e-01 2.424740617911784815e-02 2.998793520904931231e+00 1.070589105062931878e+01
2.425299125139560955e-05 -4.707950688000270389e+00 6.993452090142445732e-01 1.830031181314073496e-02 2.802770041745846985e+00 8.739252189844879837e+00
2.425497340394518124e-05 -4.707868963171584653e+00 7.110106106766609368e-01 1.744985441769443188e-02 2.809849358638458749e+00 8.509347753129166136e+00
2.425779144715834779e-05 -4.707752785780956017e+00 6.861231006335214433e-01 1.925097098062281478e-02 2.898215548782274276e+00 8.621092498618676103e+00
2.427122246565399359e-05 -4.707199260466685686e+00 6.682695648441335790e-01 2.425516377735114845e-02 2.991823354230664922e+00 1.112515685654858899e+01
2.427779350640895157e-05 -4.706928563289267231e+00 6.686425150171397824e-01 2.251810184773124154e-02 2.990144600603057867e+00 9.557899996548512078e+00
2.428546331649888393e-05 -4.706612694434684663e+00 6.998155173787951044e-01 1.730402528714111016e-02 2.816115818481320421e+00 8.191853962369162190e+00
2.429187844297204128e-05 -4.706348574321145506e+00 6.784939445745322706e-01 1.911608313008206911e-02 2.834859853826940945e+00 8.740998150466507965e+00
2.429644532672903395e-05 -4.706160591554255035e+00 6.670490548346267312e-01 2.327268512133780914e-02 2.989614806748548403e+00 9.948272214555849757e+00
2.429682101335645764e-05 -4.706145129056845455e+00 6.712706471325773361e-01 2.007070628297980691e-02 2.891571674535311054e+00 8.707338774517717539e+00
2.429883796439574167e-05 -4.706062119541886801e+00 6.580679322005982268e-01 2.489024527231830514e-02 3.013992757003138401e+00 1.153813000560389135e+01
2.432015895528434046e-05 -4.705185055282806061e+00 7.075116516076382922e-01 1.932529822717326054e-02 2.856969354666025751e+00 8.809151924646414500e+00
2.432724741230001084e-05 -4.704893633495082383e+00 6.831704795695185961e-01 2.234691081054750866e-02 2.975444945948445330e+00 9.877413644065182297e+00
2.433309255981009280e-05 -4.704653390720719308e+00 6.570868136328504860e-01 2.483220379749398118e-02 3.029281588783823587e+00 1.105878374821383758e+01
2.434199132291861624e-05 -4.704287751362844716e+00 6.746918748002987964e-01 2.330379014849435701e-02 2.953587200306524441e+00 1.074459034433835924e+01
2.435168758913823907e-05 -4.703889495713881708e+00 6.613994079216869437e-01 2.417420039545313537e-02 2.997069862890919367e+00 1.064812429881789058e+01
2.435495276179686723e-05 -4.703755420662100839e+00 6.783055625985894288e-01 2.269286019481327882e-02 2.936178696979999891e+00 1.058526741405833071e+01
2.436078039537140945e-05 -4.703516170086377457e+00 6.760550449348143864e-01 2.012319962046182562e-02 2.876561026117229858e+00 9.466120555147192306e+00
2.436563060723480757e-05 -4.703317090705008141e+00 6.870542880199833613e-01 2.039551537866221564e-02 2.914700587304547064e+00 9.424919958604656145e+00
2.436956942808946538e-05 -4.703155448981556574e+00 6.863042730131416747e-01 2.160173956859120017e-02 2.899773554794754293e+00 1.011823507186654325e+01
2.438740802278766456e-05 -4.702423713897601054e+00 6.607545135295593841e-01 2.314839298894640074e-02 2.981927762331371135e+00 1.056935768688946808e+01
2.438741204408273111e-05 -4.702423549005347425e+00 6.655933289757347548e-01 2.082973913563393106e-02 2.880696896847545485e+00 9.333698127889396901e+00
2.439803605092160247e-05 -4.701988009006365488e+00 6.757927535967417354e-01 2.128022042817310014e-02 2.938879317669715441e+00 8.959495743709057436e+00
2.440224933514681605e-05 -4.701815334432748905e+00 6.701261629198819181e-01 2.129494319437717081e-02 2.922093988077520521e+00 9.063567605268074701e+00
2.440622081819171418e-05 -4.701652596979958076e+00 6.602457738766915885e-01 2.182212506760084977e-02 2.944851017027133366e+00 9.393292400146361132e+00
2.442940431872708465e-05 -4.700703146564941370e+00 6.617362313208580149e-01 2.304719931280134818e-02 2.935698342789132553e+00 1.046834571811426606e+01
2.444211255937812278e-05 -4.700183079182167489e+00 6.657082706052309673e-01 2.045948228216130232e-02 2.897607457394276942e+00 9.101921316140749951e+00
2.444953300515936295e-05 -4.699879532604729349e+00 6.830332008242178121e-01 2.110382010875540629e-02 2.885831427227723900e+00 1.002346435116644230e+01
2.445606080286874943e-05 -4.699612577549495462e+00 6.760983944119027811e-01 1.946262948303707427e-02 2.853351841945399592e+00 8.686586068896371415e+00
2.448274359269187343e-05 -4.698522122120651900e+00 6.765767073995960779e-01 1.930993141735592653e-02 2.839277239018732857e+00 8.901636602737660553e+00
2.449364246302001367e-05 -4.698077055778038691e+00 6.545175270842205073e-01 2.464323145565325626e-02 3.026283153990779518e+00 1.096454927399187795e+01
2.449703962175591156e-05 -4.697938369864852248e+00 7.077726779163218129e-01 1.882030154528084934e-02 2.843994975352669208e+00 8.573562359547503675e+00
2.450483996577180755e-05 -4.697620000686058006e+00 6.662291418865262660e-01 2.125423909033655190e-02 2.923877375295091952e+00 9.693121183616080216e+00
2.451448048653161421e-05 -4.697226665127950618e+00 6.677757765603952178e-01 2.162550861671870203e-02 2.942238248030587755e+00 9.847809224450566390e+00
2.451809701716906314e-05 -4.697079149707462875e+00 6.518922529315067660e-01 2.446775744018815646e-02 3.013312701899531820e+00 1.092338188056185011e+01
2.452532096456953127e-05 -4.696784555743581890e+00 6.684496441127227850e-01 2.105486213441451135e-02 2.914438503800823366e+00 9.684711551963625098e+00
2.453100038840104509e-05 -4.696553008668699292e+00 6.784648418300246453e-01 1.918267725515209951e-02 2.854356668383914108e+00 8.536521942504082361e+00
2.453240751450354488e-05 -4.696495649175627562e+00 6.668816419401266682e-01 2.235306603340880827e-02 2.986205074495272616e+00 9.594648512476842583e+00
2.455131768496969950e-05 -4.695725122027374354e+00 7.011225684367907718e-01 1.805503968459170813e-02 2.830063359444296101e+00 8.747084844151775229e+00
2.457970952346121731e-05 -4.694569361878843772e+00 6.946435151396672669e-01 1.763140502977955312e-02 2.814813200181968789e+00 8.305969058923521331e+00
2.458392791429645438e-05 -4.694397755746125611e+00 6.845402807835124781e-01 2.098483935611402534e-02 2.947949086597638324e+00 9.320324778440156166e+00
2.458634844166329058e-05 -4.694299300844173573e+00 6.950230632554226240e-01 1.962060618618988520e-02 2.911911104164329966e+00 8.678081205110579788e+00
2.458926831947308330e-05 -4.694180547770776535e+00 7.053583774670582063e-01 1.777133983527056510e-02 2.818528759084114377e+00 8.230598474525411490e+00
2.459232783890570901e-05 -4.694056130522230141e+00 7.096730614176567364e-01 1.809242546101268861e-02 2.828933918031207639e+00 8.728590751539378800e+00
2.459938077611319160e-05 -4.693769377430930589e+00 6.918194450638609494e-01 2.028350524314981307e-02 2.928016248611092553e+00 8.742910814255269614e+00
2.461837247168456889e-05 -4.692997635721457783e+00 6.915770402195595690e-01 1.817701753330709311e-02 2.843277254252998265e+00 8.199492121183212134e+00
2.463210814466815815e-05 -4.692439847323544910e+00 6.807577845142016582e-01 1.884424798586228217e-02 2.845319203783823081e+00 8.487375131823306162e+00
2.464014561944441128e-05 -4.692113599821821524e+00 6.641326012313277793e-01 2.080328617631696173e-02 2.906199304197530697e+00 9.140159788943478247e+00
2.466873181363716351e-05 -4.690954125143687037e+00 6.705960849369106969e-01 2.289233308819925428e-02 2.930933513237949928e+00 1.047375585110527574e+01
2.467370632316299195e-05 -4.690752493050482030e+00 6.902878035243396049e-01 2.131620672601796870e-02 2.939245655094648413e+00 9.657194251893162829e+00
2.467531260114088547e-05 -4.690687394371177099e+00 6.554965872981004527e-01 2.480102720054970164e-02 3.018366225596109231e+00 1.115600602885104031e+01
2.467686732993492910e-05 -4.690624388895161090e+00 6.697240260049610594e-01 2.355271611904249940e-02 3.009397109662434566e+00 1.039916028554515037e+01
2.468143917899095078e-05 -4.690439137439327055e+00 7.089793862356090770e-01 1.818979885829816526e-02 2.848070148323901041e+00 8.298238752931709428e+00
2.470501912932107042e-05 -4.689484221742612036e+00 6.916331675031706094e-01 1.878364339558901211e-02 2.875952098705852666e+00 8.255998694287697504e+00
2.470957313519001340e-05 -4.689299903480611320e+00 6.919488246655904895e-01 1.820125204720395365e-02 2.846676633437458470e+00 8.546975625837314183e+00
2.471459102011254751e-05 -4.689096849568597847e+00 6.583718565201701622e-01 2.423156432155779139e-02 3.006205405462842872e+00 1.112925692403319111e+01
2.474028805445729125e-05 -4.688057638184880638e+00 6.945782757330153379e-01 2.083925972275765121e-02 2.930047553931364401e+00 9.092029223650877512e+00
2.475229496288385971e-05 -4.687572437860705321e+00 6.854207485968586422e-01 1.941989104424330856e-02 2.846526290021864192e+00 8.653725958048889666e+00
2.475698243872163091e-05 -4.687383080386799961e+00 6.549057602964569735e-01 2.278396480319893475e-02 2.959600063205937381e+00 1.001827223241418352e+01
2.480197466501660500e-05 -4.685567374759193271e+00 6.825704693587238969e-01 1.949248789224680700e-02 2.889122853618604658e+00 8.946071671748793364e+00
2.480448649749931734e-05 -4.685466104383278818e+00 6.923540208313018196e-01 2.105691824794557465e-02 2.925786725035015134e+00 9.130915379583324665e+00
2.484363307733641614e-05 -4.683889142827240448e+00 6.617459066942142920e-01 2.328824597557791268e-02 2.956074732499933244e+00 1.032424203942586871e+01
2.484845651287273446e-05 -4.683695009894162986e+00 6.660058613111327075e-01 2.394655725491161291e-02 3.013321888033756668e+00 1.049954972802556696e+01
2.485227441863087713e-05 -4.683541374094684073e+00 7.062343248370865911e-01 1.803205763741335885e-02 2.835887331203785777e+00 8.654036111996694203e+00
2.486032521258065654e-05 -4.683217480591633120e+00 6.529405786032581593e-01 2.364095240398527559e-02 2.981821293687807017e+00 1.065076222610404244e+01
2.487438191323098943e-05 -4.682652213323081902e+00 7.091865414862915662e-01 1.753204767465501787e-02 2.823926286765822802e+00 8.248360580987498025e+00
2.489069771620137377e-05 -4.681996500374300929e+00 6.752020075581705028e-01 2.123347616458750101e-02 2.889473066719216110e+00 1.001668598202154925e+01
2.489189979767721350e-05 -4.681948207133850737e+00 6.598226008114835839e-01 2.401303308078166915e-02 2.995855146943327441e+00 1.106928095928296507e+01
2.489223646311056163e-05 -4.681934682125339364e+00 6.843571797569610871e-01 2.163867334297092659e-02 2.962708370404781633e+00 9.332325183721634332e+00
2.490790015227231825e-05 -4.681305620008530788e+00 6.857275639365414399e-01 2.097028807402024145e-02 2.903076270551539828e+00 9.884353769134957446e+00
2.490865910787236522e-05 -4.681275149995690832e+00 6.743425029740374166e-01 1.984288994251619948e-02 2.881723878481639911e+00 8.663416119813231120e+00
2.490902717559518366e-05 -4.681260373407283737e+00 6.720020823360821627e-01 2.092946442117981504e-02 2.879100080475518908e+00 9.321825021391051180e+00
2.492486479073358175e-05 -4.680624757161123917e+00 7.090250499623166336e-01 1.875650320323337186e-02 2.836582137920299562e+00 8.771355769315182016e+00
2.495008637852974597e-05 -4.679613364092867656e+00 6.919865227740329416e-01 1.790008313308150481e-02 2.820590939113637674e+00 8.360042725010428555e+00
2.497086162881066495e-05 -4.678781038093073441e+00 6.997463262281669039e-01 1.925211603714618164e-02 2.868496144662773695e+00 9.119979155460654852e+00
2.497960385589569900e-05 -4.678431002228970570e+00 6.558861732571406034e-01 2.314586241208470632e-02 2.975896487561977111e+00 1.009460228392994985e+01
2.497969072868620185e-05 -4.678427524486091116e+00 6.772592004824236067e-01 1.976671177314355543e-02 2.843940013938919265e+00 9.092905995070719172e+00
2.498254938106360664e-05 -4.678313091971684656e+00 6.881862200829522713e-01 2.056844333729394847e-02 2.860676495673835085e+00 9.531089926276411717e+00
2.498620762205248604e-05 -4.678166670839170038e+00 6.602118214026654330e-01 2.216073797621711736e-02 2.929651909450889491e+00 1.013850084739504531e+01
2.499114407953495617e-05 -4.677969123056803014e+00 7.053780018227809867e-01 1.933586030096610259e-02 2.863152807772014086e+00 8.722230224112534458e+00
2.499903499427856156e-05 -4.677653424455384901e+00 6.838396005322661120e-01 2.188651392888312647e-02 2.964588133528851088e+00 9.449576548854798475e+00
2.500468693119494356e-05 -4.677427363805385596e+00 7.030408892208994676e-01 1.974303099267509312e-02 2.895819048089513181e+00 8.888537945762365666e+00
2.502286641415538490e-05 -4.676700584958731532e+00 6.558728561311527594e-01 2.315035702688047689e-02 2.984700929565937688e+00 1.015131092127378665e+01
2.503930329201398599e-05 -4.676043926306270748e+00 6.962281318475560532e-01 1.986478663375887757e-02 2.895403853305110076e+00 9.222333338802991776e+00
2.504493621737518318e-05 -4.675818988264279774e+00 6.683735082123006821e-01 2.069089751812058786e-02 2.895964328149605915e+00 9.494955963842945934e+00
2.508129589761934683e-05 -4.674368263360893394e+00 6.783930756612631674e-01 2.249465682907212175e-02 2.972989311372542076e+00 1.014371858254849457e+01
2.510221785005798463e-05 -4.673534445555467265e+00 6.673628967171575388e-01 2.164090411085971277e-02 2.955910945765142017e+00 9.556645708526794181e+00
2.510277206481687848e-05 -4.673512367480763707e+00 6.680505978573086923e-01 2.126265657052222452e-02 2.885029445067578635e+00 9.642216445894677079e+00
2.512844891844903889e-05 -4.672490021005168082e+00 6.920131373171439781e-01 1.929681251401853953e-02 2.881667305434005399e+00 8.380734478467797288e+00
2.513992571313168319e-05 -4.672033400119127045e+00 6.580506449894043541e-01 2.358746032876237256e-02 2.961914335203146287e+00 1.073650985192681340e+01
2.515840618339792640e-05 -4.671298565765738431e+00 6.789032446578145974e-01 2.062441190691094439e-02 2.919214093053002390e+00 9.437223802234388614e+00
2.515976627611182882e-05 -4.671244506063338520e+00 6.848807328748630630e-01 1.952385214109132738e-02 2.834423048202270312e+00 8.995808856459506231e+00
2.517442567254796071e-05 -4.670662023409576591e+00 6.572539488725598344e-01 2.383360754426680148e-02 2.976901411359818894e+00 1.067324167520927780e+01
2.518574790044077712e-05 -4.670212373327765398e+00 6.909243979777034417e-01 1.945623464356171367e-02 2.832057415790569799e+00 9.015924198020549341e+00
2.520822298196136941e-05 -4.669320398251494808e+00 6.793434850553876636e-01 2.054470315781040807e-02 2.866368854650515274e+00 9.208854888866817134e+00
2.521817442173003449e-05 -4.668925706565780764e+00 6.815160756962425070e-01 1.939794679681424230e-02 2.838327206149436233e+00 9.144002480456368431e+00
2.523620213272397049e-05 -4.668211092175821086e+00 6.675451486303867199e-01 2.044745798721687990e-02 2.882652245805449098e+00 9.173492481207123461e+00
2.525330526584667216e-05 -4.667533599577530445e+00 6.686634870024730226e-01 2.146805021803917940e-02 2.890105123479991267e+00 9.897716266136933783e+00
2.525700356500365143e-05 -4.667387162176961368e+00 6.636059071153284084e-01 2.308393379006646456e-02 2.994325571241554851e+00 9.931499240840926390e+00
2.527328681521197513e-05 -4.666742667532286504e+00 6.601553296444414576e-01 2.188502269006522422e-02 2.925864106149833610e+00 9.884527282729141717e+00
2.527328859733783735e-05 -4.666742597018076921e+00 6.606783793815960149e-01 2.294281504886022671e-02 2.989588371959965407e+00 1.005151391733942745e+01
2.527545482784177225e-05 -4.666656888438259543e+00 6.921905300028142749e-01 1.888277260308843242e-02 2.827832650634037659e+00 9.072651721572572825e+00
2.527795656169875933e-05 -4.666557914549446018e+00 6.810585316097356179e-01 2.189705563182315837e-02 2.913925471253810073e+00 1.024132376342419981e+01
2.528701034203490700e-05 -4.666199809680116495e+00 7.005060493825625567e-01 1.792138734239018955e-02 2.819695632172920519e+00 8.292190434033820168e+00
2.531221801188288350e-05 -4.665203443816309914e+00 6.950267468966740969e-01 1.943007676996870089e-02 2.849751947717786393e+00 9.311203657234131015e+00
2.531377167611160078e-05 -4.665142065688639761e+00 6.625870034474807824e-01 2.190056850315566170e-02 2.935939566151883895e+00 9.473020447490430485e+00
2.531602786807246307e-05 -4.665052940628590328e+00 6.950475986744062418e-01 1.965108766101358179e-02 2.854783937264960159e+00 9.389324963454848572e+00
2.532256277830823772e-05 -4.664794840622700001e+00 6.643715958241546149e-01 2.131372644930305121e-02 2.935327105636226452e+00 9.348946730175475395e+00
2.536132015204906355e-05 -4.663265463666775190e+00 7.093567354739569453e-01 1.837429425224876983e-02 2.849799085842940727e+00 8.495855796854286268e+00
2.537231104694484047e-05 -4.662832185196140067e+00 6.689477145211807363e-01 2.292879518303474889e-02 2.987055086871216236e+00 1.030080709774462377e+01
2.538680459135436132e-05 -4.662261113591714690e+00 6.644606583906058628e-01 2.270174652818427591e-02 2.988119833352770538e+00 9.871686635343280614e+00
2.540126465969828044e-05 -4.661691685812794361e+00 6.765787200113229094e-01 1.957195272317469037e-02 2.849760563034787975e+00 9.065000267530233913e+00
2.540248081151541388e-05 -4.661643809349905077e+00 6.684749387460161563e-01 2.094952525155413525e-02 2.919275703503789288e+00 9.019088473001950490e+00
2.542908071599018978e-05 -4.660597219156588977e+00 6.958548510108042429e-01 2.069803678151793322e-02 2.922061700943448859e+00 9.195739923153793072e+00
2.543072789108375372e-05 -4.660532446003122331e+00 6.942530606298993323e-01 2.027103002564975900e-02 2.908169621986964160e+00 9.311251444821118994e+00
2.544022987231236109e-05 -4.660158874057282574e+00 6.751323465146837899e-01 1.980996541243813455e-02 2.894119193451450744e+00 8.849224709194157157e+00
2.544694513011240070e-05 -4.659894946738124766e+00 6.684678854631568301e-01 2.166664857702476840e-02 2.959248258688539579e+00 9.289170148655667703e+00
2.545428847835402874e-05 -4.659606413523032842e+00 6.957171898197449522e-01 1.855900480639567293e-02 2.867242174567471658e+00 8.278093993051655275e+00
2.546021090086228201e-05 -4.659373771638808392e+00 6.734305039277888039e-01 2.271856750344078066e-02 2.931989473722844686e+00 1.047213071436220666e+01
2.551073966536297370e-05 -4.657391121502158171e+00 6.594513861757131945e-01 2.305456366028278692e-02 2.967805469672674334e+00 1.005273171466507520e+01
2.554449534511244311e-05 -4.656068801287150727e+00 6.798972522340289704e-01 2.071057057916680239e-02 2.864535246738109109e+00 9.587624909066112977e+00
2.555006131606869208e-05 -4.655850931856749142e+00 6.976951740261645440e-01 1.811467447450180318e-02 2.822373728737463505e+00 8.721641190063891713e+00
2.555406518770017424e-05 -4.655694237205508124e+00 6.858526583694608547e-01 2.011450433931501885e-02 2.910893034146286418e+00 9.174346674823688375e+00
2.556495956370619422e-05 -4.655268001524220267e+00 6.557900055762477809e-01 2.396585698374958592e-02 2.989109603064502352e+00 1.081098056654785466e+01
2.557956046727655257e-05 -4.654697035017616891e+00 7.015676192871681538e-01 1.879732565144789577e-02 2.876392077229648958e+00 8.434528707382046520e+00
2.560227948600430969e-05 -4.653809258406195859e+00 6.902470245020090323e-01 1.900622702275588105e-02 2.851119759414615817e+00 9.042412044611468858e+00
2.560402969290433527e-05 -4.653740899372758477e+00 6.644795420676791187e-01 2.110011238694168428e-02 2.916139342046272009e+00 9.276693697293477925e+00
2.561901741471588908e-05 -4.653155704891538846e+00 6.737765922142840980e-01 2.016757882742079705e-02 2.871302024702379274e+00 8.950020679821774294e+00
2.563625005284337732e-05 -4.652483280782630182e+00 6.823722389136301913e-01 1.963345337037369562e-02 2.839731583723153374e+00 9.069729145963137285e+00
2.564048346806020132e-05 -4.652318160466424324e+00 7.021169334792554118e-01 1.925639260736106834e-02 2.866524569884655094e+00 8.592694785561114657e+00
2.565391299633958848e-05 -4.651794534904500011e+00 6.666637939723843997e-01 2.096259480267204448e-02 2.912005097952887755e+00 9.133354688706729618e+00
2.566495463752452473e-05 -4.651364219822951007e+00 6.736006760008917960e-01 2.127969803600798099e-02 2.941233318860223545e+00 9.579549826467028240e+00
2.569395737078278478e-05 -4.650234805853416198e+00 6.777817131962257102e-01 2.168888628632198445e-02 2.962773102519490109e+00 9.276766814678612860e+00
2.570133561635286156e-05 -4.649947688291009129e+00 6.923088154366576763e-01 2.074546153094718876e-02 2.918631510921330552e+00 9.476890539615117959e+00
2.572223591527281314e-05 -4.649134819816557851e+00 6.880046520728491100e-01 1.840445814085080525e-02 2.832270664093098134e+00 8.640315570949784529e+00
2.573811323763989332e-05 -4.648517749659352383e+00 6.687530131254955101e-01 2.299397073039568737e-02 2.993675732857957961e+00 1.013319535704645702e+01
2.575890998744989805e-05 -4.647710062160612665e+00 6.753726909930656275e-01 1.999646374973408983e-02 2.881214314177263702e+00 8.758728616934547517e+00
2.577532722257516693e-05 -4.647072923180025406e+00 6.782812302513293590e-01 2.005434401135474873e-02 2.894346419124312231e+00 8.669787883572016796e+00
2.578075431606511610e-05 -4.646862391527968761e+00 6.909212647761613368e-01 1.908163632253935191e-02 2.872134450813523365e+00 8.892888123035785242e+00
2.578962035420055823e-05 -4.646518549223948469e+00 6.790771608868421128e-01 2.240146534524883187e-02 2.935688177269074384e+00 9.974254636377228422e+00
2.583740445032635247e-05 -4.644667421449229394e+00 6.971299009775073774e-01 1.947169450768189425e-02 2.860440891704016941e+00 8.679355898443379402e+00
2.586155185209018371e-05 -4.643733267058238745e+00 6.847692367728386298e-01 2.093647607719046136e-02 2.942850302874020940e+00 9.248527935994728111e+00
2.588730480792683495e-05 -4.642737961668913726e+00 6.854042281076757614e-01 1.998910691181029695e-02 2.891227086968031212e+00 9.310156416719124195e+00
2.589322519118371818e-05 -4.642509289491058233e+00 6.868945450763388472e-01 1.918274925094495473e-02 2.846935709684648597e+00 8.591826264136198432e+00
2.590282301975073648e-05 -4.642138688682367231e+00 7.017264236745291983e-01 1.930607104297853843e-02 2.875409886847059227e+00 8.975222602510806169e+00
2.590530780471010235e-05 -4.642042766095635820e+00 6.925172584406956711e-01 1.859775331846906521e-02 2.866070233497332254e+00 8.356532886304286478e+00
2.591454274194131762e-05 -4.641686341396158433e+00 6.610049340493362457e-01 2.202143163710469642e-02 2.944625008521322584e+00 9.784227356254582730e+00
2.591698124748883166e-05 -4.641592247865361287e+00 6.680225665760323173e-01 2.137252602203224341e-02 2.945334112714017127e+00 9.295200259236276352e+00
2.592585045091884511e-05 -4.641250090493707070e+00 6.767103207910325491e-01 2.239410748401542139e-02 2.976600602538963081e+00 9.887670572099271027e+00
2.594096682206649000e-05 -4.640667198680772820e+00 7.009543417373239604e-01 1.973949294669989293e-02 2.878071883147665044e+00 9.177720803435120089e+00
2.595876742718746286e-05 -4.639981237333326014e+00 6.959244151546490897e-01 1.915264961762415397e-02 2.831611381539441030e+00 9.086419593696811958e+00
2.596938185759392389e-05 -4.639572425130292999e+00 6.692923480447637852e-01 2.157209921085809917e-02 2.895894540843175768e+00 9.846135566951698337e+00
2.597080625270765011e-05 -4.639517577615643873e+00 6.959696180553149869e-01 1.955796545704958922e-02 2.848767311712496308e+00 9.288415949188456366e+00
2.598357271616899604e-05 -4.639026128618599643e+00 6.862955636708272245e-01 1.894871268844449883e-02 2.872159658517003056e+00 8.424642727747217563e+00
2.598385574781542171e-05 -4.639015235963148243e+00 7.068026606539303813e-01 1.847364754467303513e-02 2.832006923401498177e+00 8.657084693100607353e+00
2.599501860108328045e-05 -4.638585720950395341e+00 6.790151176663217214e-01 2.201552072930248669e-02 2.937567966809177200e+00 1.018244953580601297e+01
2.604769198394957212e-05 -4.636561483540003969e+00 6.994492081190301080e-01 1.828444080125818383e-02 2.829501073213947393e+00 8.766551974764320576e+00
2.604861389731403138e-05 -4.636526090882155060e+00 6.748091526412772767e-01 2.042457888481562234e-02 2.883122427763160189e+00 8.968518307081104979e+00
2.605685057051368607e-05 -4.636209936968076484e+00 6.888134837576128655e-01 2.015997663219160421e-02 2.870209331826806487e+00 8.947029188019033796e+00
2.608772725104353831e-05 -4.635025664875809248e+00 6.809053376604972119e-01 2.102801163471125501e-02 2.924952750346018870e+00 8.991202513639228400e+00
2.609449458804474542e-05 -4.634766291595001420e+00 6.684133591067888958e-01 2.149145337907257605e-02 2.901126641098520587e+00 9.906910371485290412e+00
2.610260986441035778e-05 -4.634455344215210992e+00 7.036310571789248236e-01 1.952775797770691171e-02 2.866815405671001571e+00 8.962131278772755394e+00
2.617397107301631812e-05 -4.631725201897120670e+00 6.610577084960974625e-01 2.200911555727728258e-02 2.934480766908976967e+00 9.779910947543140054e+00
2.618735996007293695e-05 -4.631213798268364989e+00 6.628283054714649847e-01 2.341500754920218530e-02 2.972062288338486624e+00 1.072080712656013901e+01
2.620406723234625532e-05 -4.630576011754997445e+00 6.849514206745228595e-01 1.900600501394172567e-02 2.845116280555320287e+00 8.929236379352861519e+00
2.620846381533825203e-05 -4.630408243363953069e+00 6.911564665509303262e-01 2.054591045095656432e-02 2.879867510335349934e+00 9.629071391001026825e+00
2.621976630945638194e-05 -4.629977082736693283e+00 6.940910829715832842e-01 1.880842959808105494e-02 2.828959821904175609e+00 8.664778106788919132e+00
2.622021005133631978e-05 -4.629960158935016779e+00 6.939427081281985821e-01 2.079149932960668370e-02 2.917383923758767317e+00 9.390173397468613459e+00
2.622241758614301296e-05 -4.629875970369058180e+00 6.701893922106836321e-01 2.340893150084484911e-02 2.970644049277190391e+00 1.054349359232419658e+01
2.625571900434628734e-05 -4.628606816209369867e+00 6.962082635371905637e-01 2.029191168576618964e-02 2.892225140497023617e+00 9.392783318421599859e+00
2.627327448474350505e-05 -4.627938405113525278e+00 6.609472194949462809e-01 2.343692177390802392e-02 2.983025205298622140e+00 1.059489109482165858e+01
2.629010180675561952e-05 -4.627298137163707636e+00 6.962845971990692107e-01 1.824776674446520683e-02 2.847751116118303560e+00 8.492472381653605851e+00
2.629871489355340729e-05 -4.626970573722836377e+00 6.735143711902330521e-01 2.253363443248101658e-02 2.962136649946929268e+00 1.027673046910443944e+01
2.632812505369588638e-05 -4.625852886883436987e+00 6.837878349246415688e-01 1.909316712036330035e-02 2.841570774684853529e+00 8.710434482755399443e+00
2.633867423596164895e-05 -4.625452286028663096e+00 6.637651638689645583e-01 2.288634661675172446e-02 2.947985688015410055e+00 1.020136053957981126e+01
2.637732460470325647e-05 -4.623985923766076311e+00 6.736833633288626944e-01 2.245031125644786005e-02 2.932363794154678516e+00 1.037391141666374494e+01
2.638459343347771216e-05 -4.623710390612969512e+00 6.884188052821718085e-01 1.972081878566165833e-02 2.867342229018219335e+00 8.704347304448701195e+00
2.640402037413710367e-05 -4.622974362892779965e+00 6.795214271990215327e-01 1.936944005830533791e-02 2.857545302548792243e+00 8.921429550363882299e+00
2.641216274229181798e-05 -4.622666034356379683e+00 6.631506989958788623e-01 2.272035206786341896e-02 2.942715503228876983e+00 1.014522786929727793e+01
2.641798249390613220e-05 -4.622445715006066713e+00 6.823632471387467424e-01 2.039037669693867863e-02 2.867040534088229897e+00 9.170050736107201672e+00
2.645976134868962065e-05 -4.620865509027478168e+00 6.749927253267700156e-01 2.210840940065919580e-02 2.915453944415758336e+00 1.015213528612364513e+01
2.646388206875169576e-05 -4.620709785807974868e+00 6.648192055566773950e-01 2.220391287989740420e-02 2.923220624855130900e+00 9.994296930612074803e+00
2.647483573946164516e-05 -4.620295961245545868e+00 6.805573590821187846e-01 1.958409622547094275e-02 2.857574749325048291e+00 9.131723490407496868e+00
2.648385809823668649e-05 -4.619955229320020784e+00 6.969254378293824326e-01 1.939560350248429113e-02 2.843309790260529990e+00 8.943255034311947682e+00
2.648791678587804062e-05 -4.619801989687850607e+00 6.796461231767471078e-01 1.938957681214903070e-02 2.856828116867310641e+00 8.935186715552344339e+00
2.651594938387371765e-05 -4.618744232862356469e+00 6.723648339899241932e-01 2.087681761912828227e-02 2.927902448421855208e+00 9.264135666790895840e+00
2.654241449310855842e-05 -4.617746647957893913e+00 6.969957297664278739e-01 1.949088930575850961e-02 2.881006411598585171e+00 9.040995423900891836e+00
2.658700796686411171e-05 -4.616067974177431310e+00 6.978734619831286068e-01 2.013803517646258964e-02 2.900232378763021313e+00 9.084371782593917644e+00
2.659261275677101200e-05 -4.615857187043133969e+00 6.766366739422120524e-01 2.184806145544156836e-02 2.962134441711244293e+00 9.641667839899891845e+00
2.660349254500909446e-05 -4.615448142496427764e+00 6.633585395627198400e-01 2.265159639504114170e-02 2.973568383967331030e+00 9.925380346908809770e+00
2.662926062355982793e-05 -4.614480013702423555e+00 6.971048197595302032e-01 1.866476242212456935e-02 2.859304693184090862e+00 8.383952916145139156e+00
2.664089404845985056e-05 -4.614043242863042238e+00 6.888933662893532706e-01 2.101709994050451891e-02 2.902027924972349737e+00 9.739052319356261478e+00
2.664684454931704879e-05 -4.613819908150838423e+00 6.976424173635267234e-01 1.858558534276179633e-02 2.845058743904917087e+00 8.418523819826789989e+00
2.665072643448327340e-05 -4.613674239779790298e+00 6.977073999948716354e-01 2.005204250504410979e-02 2.891372687626298621e+00 8.920854669061382580e+00
2.665130457240083141e-05 -4.613652546875911753e+00 6.713385756192586928e-01 2.277750282577008581e-02 2.980628950817546308e+00 1.010517259379116872e+01
2.665591792911378041e-05 -4.613479461259816894e+00 6.913558154314828341e-01 1.965532106417730920e-02 2.864847103507762505e+00 8.729118362652155128e+00
2.672859056522832087e-05 -4.610756848162670174e+00 6.815720109294978180e-01 2.113919002302270048e-02 2.913173374424581130e+00 9.801434252852523343e+00
2.674968362077550458e-05 -4.609968002338375115e+00 6.681142709180946104e-01 2.179843769613378987e-02 2.953980194364499212e+00 9.457401324911762330e+00
2.675302487788489093e-05 -4.609843101853615899e+00 6.659922891158557290e-01 2.315644793682351821e-02 2.986549304876809252e+00 1.018854217375791293e+01
2.679080353968013318e-05 -4.608431971227334500e+00 7.008863828649620764e-01 1.935041737387179633e-02 2.852034790807754128e+00 8.934211768682489563e+00
2.681125384667722055e-05 -4.607668929322358053e+00 6.992229596158826554e-01 1.993757799288833552e-02 2.887674318954118746e+00 9.091515762628263886e+00
2.682057299104353610e-05 -4.607321406405104014e+00 6.790043823658240552e-01 2.238742494733276384e-02 2.939349215895704859e+00 1.011652550774386938e+01
2.686338517938028039e-05 -4.605726434690211590e+00 6.837262824449430454e-01 1.919751415274428483e-02 2.855712846861697241e+00 8.633954555000110886e+00
2.690577361244667642e-05 -4.604149752339216306e+00 6.903375354219127846e-01 2.099781148364615949e-02 2.910291005352468208e+00 9.297969087303505020e+00
2.692969621068877953e-05 -4.603261022292080007e+00 7.018739459355672894e-01 1.901373298759834185e-02 2.844268984742822859e+00 8.843108850472688687e+00
2.695242230635431038e-05 -4.602417473536438486e+00 6.690721006415062400e-01 2.229540017074814473e-02 2.946718332203377422e+00 1.018396136425885068e+01
2.699005729535597400e-05 -4.601022098485604062e+00 6.846488367361504013e-01 2.094857722998876362e-02 2.903079225569708655e+00 9.737407353957088674e+00
2.703900358736247611e-05 -4.599210247433710208e+00 6.818797701867109762e-01 2.003792480852687255e-02 2.899797943342311779e+00 8.715084890541042739e+00
2.704807493727715711e-05 -4.598874812418648261e+00 6.901898719928497572e-01 2.014057482555841813e-02 2.881225156689652955e+00 8.894943245151356592e+00
2.708837452697488902e-05 -4.597385996748597492e+00 6.767258603184262977e-01 2.206995500120747383e-02 2.956956591890629316e+00 9.906413291723248804e+00
2.710298916750200312e-05 -4.596846625162979372e+00 6.785792833884211062e-01 2.067767163391168866e-02 2.912006448534105729e+00 9.438116264696247981e+00
2.715092649470827722e-05 -4.595079477516730293e+00 6.984124968069933548e-01 1.877173963733383064e-02 2.833624135723543880e+00 8.750327864459018556e+00
2.716891400917069527e-05 -4.594417195928524045e+00 6.840703018542767522e-01 2.012072734839922064e-02 2.864230992909344131e+00 9.411787286418530130e+00
2.717401528384545223e-05 -4.594229452104035438e+00 6.782689639451271457e-01 2.139353604757412985e-02 2.895659837737167397e+00 9.757483716755954717e+00
2.718158733470627379e-05 -4.593950840496581201e+00 6.998295997568456661e-01 1.897037890794763329e-02 2.870741791016095945e+00 8.654989198129431571e+00
2.719786940129142460e-05 -4.593352008950664533e+00 6.743717079710934703e-01 2.061390534510628217e-02 2.884122210468731407e+00 9.192787128068543367e+00
2.725673868458165710e-05 -4.591189866634583616e+00 6.862556723340905718e-01 1.960285503443832955e-02 2.870926543684823251e+00 9.140644942199585898e+00
2.726822956506141547e-05 -4.590768376039770615e+00 6.984176776063580894e-01 1.923417431459222005e-02 2.870052640291758550e+00 8.619748920374624035e+00
2.729964933685004048e-05 -4.589616791045328270e+00 6.801176512938590379e-01 2.052338001604686255e-02 2.870631537715289561e+00 9.426722627929262188e+00
2.735499825199034282e-05 -4.587591384734852618e+00 6.916328824196201763e-01 2.021916794960400623e-02 2.907804970055903659e+00 8.880999326546836770e+00
2.743467197457165435e-05 -4.584683034368375765e+00 6.751988634903363096e-01 2.228785907858778920e-02 2.950271029759183428e+00 1.011784776665631469e+01
2.743985582038308325e-05 -4.584494099865057848e+00 6.673847367845875400e-01 2.148221381176636247e-02 2.921215004085306433e+00 9.635601305963632512e+00
2.744733493933635719e-05 -4.584221572927682509e+00 6.685564162122356047e-01 2.172049331774844605e-02 2.917381627842734471e+00 9.669402202199306018e+00
2.746144876129420117e-05 -4.583707490432406217e+00 6.721452032097983142e-01 2.165177826749213608e-02 2.915351790435178003e+00 9.582213480546386108e+00
2.750012068555975569e-05 -4.582300255121020349e+00 6.715502215258895014e-01 2.225182637312896061e-02 2.938384984892588925e+00 9.816301834579109098e+00
2.758394003370844325e-05 -4.579256927822790146e+00 6.675862711853378650e-01 2.286748745211360928e-02 2.969395712498762663e+00 1.015630852558197716e+01
2.766343047772319973e-05 -4.576379306747545783e+00 6.783922659900867291e-01 2.153890338816560890e-02 2.934125093016559660e+00 9.352710543377975583e+00
2.770454354377048628e-05 -4.574894221756444779e+00 6.697718226249754769e-01 2.121560420603461894e-02 2.906657675583880440e+00 9.525669269244193771e+00
2.770856447638018864e-05 -4.574749096071909271e+00 6.768555201497752360e-01 2.054470212146540173e-02 2.915580416203300551e+00 9.100203296678184728e+00
2.774773569618307537e-05 -4.573336408020399979e+00 6.921823594808297342e-01 1.969137475923444375e-02 2.872769461412777225e+00 9.168436585262403682e+00
2.781856213106432949e-05 -4.570787147911035575e+00 6.871829687717382340e-01 2.036618374719280020e-02 2.907819264005684357e+00 8.895858388678529849e+00
2.785001884781058303e-05 -4.569657005215057133e+00 6.841032162231790448e-01 1.979555115664436912e-02 2.894757303728126452e+00 8.878061719770844462e+00
2.787734458763366276e-05 -4.568676311339424423e+00 6.898680070183829116e-01 1.915896354295871379e-02 2.858845441270896348e+00 8.896282363785068981e+00
2.788634766198878404e-05 -4.568353410395451064e+00 6.734657368132738187e-01 2.115472205837235983e-02 2.897135373263012958e+00 9.610200526308211977e+00
2.800709556984503842e-05 -4.564032757069469426e+00 6.746095107280916103e-01 2.233897471009631611e-02 2.943378118055349546e+00 1.002934452352742056e+01
2.812805372145043713e-05 -4.559723216956482972e+00 6.812767783986867220e-01 2.060579680236447608e-02 2.917645933325427876e+00 9.005888763886460424e+00
2.818016685425185194e-05 -4.557872220879971792e+00 6.775980721988095201e-01 2.153846919679563987e-02 2.933460938114197614e+00 9.404038148171476763e+00
2.819419630529551690e-05 -4.557374496363111760e+00 6.874419042751803710e-01 1.980385272229640004e-02 2.895637336051193333e+00 8.865663432543195555e+00
2.831305854068045288e-05 -4.553167517594904012e+00 6.896977532821906287e-01 1.968763754124275289e-02 2.889912950281954274e+00 8.861889677548333566e+00
2.833403970410015924e-05 -4.552426750105331266e+00 6.824469657009922807e-01 1.985364048391803637e-02 2.888740714722807024e+00 8.879306567620073309e+00
2.840817943925698114e-05 -4.549813536224483812e+00 6.784536074125244731e-01 2.095257121619223742e-02 2.926424114851096103e+00 9.260862058843738254e+00
2.862757613490149057e-05 -4.542120194545621992e+00 6.757954308895068873e-01 2.114725750269723023e-02 2.902992739654649768e+00 9.520288435571782060e+00
2.863018687947444207e-05 -4.542029001860566240e+00 6.810622817550977537e-01 2.128633370964287327e-02 2.927487874325708894e+00 9.374870351547281544e+00
2.867214426273692474e-05 -4.540564580084892832e+00 6.819683432174222792e-01 2.058281343113247536e-02 2.894384768433480026e+00 9.133616471510512369e+00
2.881715151961522628e-05 -4.535519899595192861e+00 6.752411942395003530e-01 2.157452127198410466e-02 2.925160346116146393e+00 9.580632493472707623e+00
2.893829803797149253e-05 -4.531324738897480664e+00 6.896736756594367135e-01 1.997633415549809194e-02 2.883873532665957029e+00 8.966597990782659622e+00
2.899413673298691598e-05 -4.529397020425848908e+00 6.843383333630154164e-01 2.003163688169758150e-02 2.876472074012262237e+00 9.123279853964888275e+00
