weight logl norm alpha beta
0.000000000000000000e+00 -1.349470642750696243e+03 8.686352569101072341e-01 8.850603191502577349e-01 1.680495442847140808e-02
0.000000000000000000e+00 -8.594055042033668315e+02 6.477399292512640017e-01 9.402507380940808845e-01 9.829095998818726532e-02
4.053792325597120529e-219 -5.101956164938812321e+02 6.978686940687005569e-01 9.268579439314053037e-01 1.650373457971007207e-01
3.253310931369959736e-202 -4.712691495067805931e+02 4.393723041221013759e-01 9.650815459266054441e-01 1.392663303757858406e-01
1.114835167223155501e-194 -4.539169354268150300e+02 2.240893050408300224e-01 9.816191661905774302e-01 5.713727708796179083e-02
6.212289953227281729e-179 -4.176578360132958778e+02 4.564640183784055560e-01 9.873578195845648109e-01 2.021555904689023020e-01
2.107163434156596246e-136 -3.197253638960120270e+02 8.600997627283309965e-01 9.352224718657773384e-01 3.087632825204673637e-01
3.373754980898579318e-132 -3.100418398613635418e+02 7.381971319266962261e-01 9.608610084815437657e-01 3.186232722522455152e-01
1.666461255162237122e-127 -2.992317383888430982e+02 9.716397562298219048e-01 7.540673435906437572e-01 4.498209039187106573e-02
2.012531399692424137e-124 -2.921327921466082671e+02 4.740327947275191356e-02 7.835083048650041126e-01 8.890813945979169075e-01
1.546685210885392379e-122 -2.877884012258459165e+02 2.709770761040546372e-01 9.210804027131170857e-01 4.592765843265866899e-02
4.680865687218226487e-122 -2.866785322244157328e+02 1.136860977861184896e-01 9.899039986805457936e-01 6.383771705843788169e-02
4.813061138151826895e-106 -2.498068205122838776e+02 1.788115655127197057e-01 8.699493953108160538e-01 9.998377669465018380e-01
4.094609781243937400e-104 -2.453608121979988823e+02 7.994320048459884198e-01 7.874558064539229907e-01 7.415036126202800837e-02
8.965014092419457684e-101 -2.376668986612723984e+02 1.281650077892749762e-01 7.490988351225157382e-01 9.842732885260189191e-01
1.174459841526662147e-100 -2.373943349147133119e+02 2.470399958255524719e-01 9.685534215595216212e-01 1.444920299747323167e-01
1.779395502052448981e-100 -2.369763695462352473e+02 2.115788181567113124e-01 8.825601216117587855e-01 9.988096388994088803e-01
8.603275077861945650e-94 -2.215824897355354324e+02 1.609521273174048250e-01 9.752780833358524193e-01 6.984992856549402385e-01
1.882228445351873797e-93 -2.207970911781639245e+02 7.076867840836320589e-02 6.825837451276856038e-01 8.374378237599301444e-01
6.777693108208989103e-92 -2.172108257087917309e+02 1.833672019146063148e-01 8.186397240224305705e-01 9.395782204332907561e-01
7.619196186513434155e-90 -2.124861214405310648e+02 7.798715650453335035e-01 9.780176782636692545e-01 4.609873353613780367e-01
1.239838949030173056e-88 -2.096941406399757000e+02 6.409387350841573294e-01 9.727682652335786218e-01 3.837704818732865508e-01
3.571009791149479579e-86 -2.040286035348956375e+02 1.027734184093077596e-01 6.463873216607274319e-01 9.316311982618735721e-01
3.167610135078591261e-82 -1.949356341704217925e+02 2.094292586504400422e-01 9.506820400577913333e-01 1.196072556840127588e-01
2.346831124469127849e-77 -1.837201201479124677e+02 5.018479490700576973e-01 8.539822189360296578e-01 1.071498221337288115e-01
6.306138598083265703e-76 -1.804265774757696477e+02 6.144188786245305955e-01 9.553591637597842467e-01 3.639871938018182096e-01
8.621559377611645503e-76 -1.801113350448246990e+02 2.165205665397051948e-02 5.640992005152940525e-01 6.567896928621549391e-01
9.593725418529140171e-74 -1.753968215468803180e+02 1.581444194524300739e-01 9.060867561985710417e-01 6.019964188799681315e-01
5.090700194237494990e-72 -1.714228452596182990e+02 5.154162255018570615e-01 9.531361123142594316e-01 3.190286079340228786e-01
3.565042023163724689e-70 -1.671714146159498284e+02 8.521304995424787698e-01 9.954443422559789978e-01 7.085404138352123793e-01
1.364763865337056481e-68 -1.635239388502172915e+02 6.102119202386747654e-01 8.174637692061675898e-01 1.076361502503154766e-01
2.338010496237520574e-68 -1.629831199190137454e+02 2.005765194418325237e-01 7.130385542273199873e-01 9.063749898626477508e-01
1.738785914047724254e-67 -1.609741480593302470e+02 1.240612796215468938e-01 6.847216511928588822e-01 7.561472896011133260e-01
2.227873820438457112e-67 -1.607237874915623479e+02 3.196043998304275435e-01 9.407782312628845123e-01 7.684551648134932966e-01
1.476093339660449570e-66 -1.588303511230429876e+02 9.982805864012112007e-02 6.863313937331678716e-01 6.742115457688392377e-01
1.725850444190033771e-66 -1.586715301453562290e+02 1.743450173342431242e-03 5.391038288791594191e-01 4.827212626180894528e-01
1.536369034334334341e-65 -1.564827431298835734e+02 3.092627139118087065e-02 3.956163724935995996e-01 8.641606937652185350e-01
3.937363486698021077e-65 -1.555391536589742998e+02 2.396663013649724672e-01 7.355335793894726137e-01 9.200600661675722991e-01
4.347233955499957899e-65 -1.554376252219308867e+02 9.708787195198187447e-01 8.900536758092413292e-01 4.143304704558270490e-01
1.328967369413763520e-64 -1.543176776727924278e+02 4.140075780653831306e-01 9.959677212276434322e-01 4.285381933884632177e-01
1.669067834582070275e-63 -1.517847295187903853e+02 4.999896319839975956e-01 9.794833386375074724e-01 4.215558940523222997e-01
3.057348789295947647e-63 -1.511769466748035029e+02 3.698098899541644169e-01 9.485338452559014533e-01 7.695275166994955951e-01
3.274937703448975422e-63 -1.511056959594333478e+02 5.216930794589735854e-01 4.035193288914773468e-03 1.917300527996834703e-02
7.076080900528007161e-63 -1.503327745971722038e+02 5.472474029797678163e-01 9.493242689673987433e-01 9.064970825507061569e-01
1.665291531610600353e-62 -1.494744095113323112e+02 3.247148983092605912e-01 8.403817353898968001e-01 8.847746385814515557e-01
1.855269661923189004e-62 -1.493638796576948096e+02 2.743983017162081595e-01 8.604902991824234793e-01 7.835508079864295095e-01
4.153509233475632269e-61 -1.462528710451503855e+02 8.672016970944074199e-01 9.525314648731205702e-01 5.686925155055082559e-01
5.653401791516881569e-61 -1.459420671695330896e+02 1.432490143452546105e-01 5.191863656952711015e-02 9.328895301039619170e-02
4.155700982839898341e-60 -1.439447584051673914e+02 5.641791055755662754e-01 9.067750409343400264e-01 9.810978171310350548e-01
5.247408156017388205e-60 -1.437090052573767878e+02 5.285275126560909920e-01 9.747961287924709062e-01 7.828032610680042414e-01
2.770517982956846678e-59 -1.420426201343410639e+02 6.945816011652398148e-01 9.376858727201751176e-01 9.637514228629179280e-01
1.999791860169510958e-58 -1.400635262362927165e+02 9.865898557585196516e-01 8.005257591589177713e-01 2.540381164347232934e-01
2.169059228478125958e-58 -1.399797758032365209e+02 5.757785888192833434e-01 1.665388196260420006e-02 1.796016004561741264e-01
4.269442641987627488e-58 -1.393000860516093837e+02 4.981241463309613593e-01 9.628162296180949875e-01 7.809818600004423406e-01
1.972754861368564399e-57 -1.377670532758519357e+02 4.267569541863347471e-01 2.383037622083750140e-02 1.914146119661186418e-01
3.810121935668815075e-57 -1.371063230557886925e+02 1.988186148389770036e-02 3.707853769871071181e-01 7.075555076947962485e-01
6.744053000703591642e-57 -1.365328231689172469e+02 8.091461680222488129e-01 4.708771889975060798e-02 8.479949279782061922e-02
2.475868740240771496e-56 -1.352298078149433991e+02 1.398403703721248226e-01 1.538134391075215435e-01 1.621507707110669827e-03
1.816321450856742270e-55 -1.332345007876413661e+02 1.158193494040479221e-01 8.898877355462921912e-01 9.748988458391338874e-03
1.378618396397572595e-54 -1.312051471339046884e+02 1.040627373820615098e-01 6.284124639171916327e-01 6.392631510441366682e-01
1.756979924341605946e-54 -1.309601325865063188e+02 8.368645395785793140e-01 9.594675653828010908e-01 6.846548763627766654e-01
3.280928151323044438e-54 -1.303331026142145106e+02 8.724049817463457313e-01 3.779258126553575181e-02 2.038756032233745019e-01
1.087604537152448987e-53 -1.291321662710734586e+02 5.928011375915527292e-01 8.895790067213531493e-01 9.657652244484153936e-01
3.178904740663796894e-53 -1.280571071602609550e+02 4.592155904687866830e-03 2.043476718399961367e-01 7.706605136772721742e-01
3.255465273977233101e-53 -1.280308086697920942e+02 8.688136444015167603e-01 9.529065191777441601e-02 1.525776441837733977e-02
3.331936229631869446e-53 -1.280050902911960407e+02 4.930056216060224594e-01 9.291461559340264964e-01 3.124404801828664091e-01
6.347076834458583636e-53 -1.273581495106665500e+02 5.458464369732228816e-01 9.748274575077628956e-01 6.482958489465018292e-01
2.098509574811661513e-52 -1.261598314170832111e+02 2.716669307288066548e-02 7.642748225721296418e-01 1.630965996357571779e-01
3.869398704674992990e-52 -1.255454596620565155e+02 6.508995897215791304e-01 8.313459780754128836e-02 1.493640931720483511e-01
5.455025471769810904e-52 -1.251995214948480140e+02 2.500108153385744991e-01 6.832177316004380829e-01 8.797616652546461635e-01
6.737364634847174892e-52 -1.249858899388270572e+02 5.154607806847222307e-02 8.037587155942121919e-01 2.194412374173705382e-01
8.173876814458027981e-52 -1.247901154689402858e+02 9.703133656148743569e-02 3.528060675614556052e-01 9.639423504017698985e-01
9.146517722785848657e-52 -1.246751855534525077e+02 4.961954359190666741e-01 8.782964211008196243e-01 9.009518285346650446e-01
1.002569490296676674e-51 -1.245809074957630287e+02 1.708448141404522724e-01 9.282412121283913908e-01 3.814143928124488214e-01
1.238957819079564860e-51 -1.243667031328223800e+02 5.916927393111959255e-02 5.845777075725533400e-01 4.969510988370741122e-01
7.196708404306429681e-51 -1.226048499351422691e+02 7.642466036292862031e-01 9.422018296724468112e-01 8.438304046261861924e-01
8.205522465612306687e-51 -1.224711662915572106e+02 1.011907397189752977e-01 9.082743917526320265e-01 8.602078439850979752e-02
9.924654280768309656e-51 -1.222784516977688440e+02 2.338381134273581630e-02 3.139996675360565703e-01 6.500640117294644860e-01
3.906495045584462335e-50 -1.209057480333647590e+02 4.951050269778615176e-01 1.376341295135762310e-01 7.546492921858305447e-02
4.241051684111005784e-50 -1.208210773203766308e+02 1.819735782098097499e-02 1.230208348740785551e-01 1.504877312682353363e-01
8.388503980030272806e-50 -1.201365264028785163e+02 9.746673407370065600e-01 9.240871497132270296e-01 6.321359794962818635e-01
2.656421148639478655e-49 -1.189813237205314778e+02 9.848157594759598954e-01 1.346957583323431518e-01 2.886957609395734980e-02
5.715241470249618645e-49 -1.182126669562090058e+02 8.141146483701476866e-01 7.127779945213190693e-01 5.649123529852440040e-02
6.429046391198732459e-49 -1.180924772835142278e+02 2.899194744459676620e-02 1.746782278898995067e-02 9.602588972659088506e-01
7.593756538647794226e-49 -1.179234771029784099e+02 8.435567536496593188e-01 4.395939314737773440e-02 2.772627121696816799e-01
3.763856828131451018e-48 -1.163202742277411659e+02 1.402056375313217584e-01 4.389829718364798294e-01 9.065194013251018923e-01
4.807653857867902904e-48 -1.160730092098959574e+02 8.441688195773511261e-03 8.827489617223516216e-02 2.925929613697099141e-01
5.227333155791381382e-48 -1.159868171764048554e+02 5.257776197092302040e-01 1.450499045807973619e-01 9.439480582679338205e-02
3.143033991078012245e-47 -1.141904447459789083e+02 3.840930552936361320e-02 7.937998590304007340e-02 8.014640581905526640e-01
4.284250308619301937e-47 -1.138781877389926791e+02 2.257412282084424460e-01 8.969169401696689414e-01 5.047806842272022365e-01
1.138698755474727622e-46 -1.128981620576945630e+02 5.843533420487440067e-01 9.488524401900900740e-01 4.880582215119940726e-01
1.884416028471868125e-46 -1.123919302519101109e+02 1.188105695610585100e-01 5.827321645087740754e-01 6.368252465499080195e-01
2.072033501069035131e-46 -1.122945177328570878e+02 1.480584995641301971e-01 9.343219454332363227e-02 2.165985473027790542e-01
2.559884508969526694e-46 -1.120805860818031903e+02 9.795155955886443166e-01 1.449499086704053585e-01 1.056631435937233077e-01
5.289481817866416228e-46 -1.113523279395556358e+02 2.182331870589016010e-02 2.242447671001323029e-01 4.482543973319577102e-01
8.101729160564398171e-46 -1.109234707100848425e+02 2.581446268679832290e-02 1.949139528319729919e-01 4.639329178131468279e-01
1.063181186351981665e-45 -1.106491975996435997e+02 6.164786660887644487e-02 3.721686302395188495e-02 4.866212519388116720e-01
2.886599571869051338e-45 -1.096478839419645510e+02 5.393796054863687628e-01 2.154106721110971012e-02 3.525480607427591284e-01
4.393947391386967720e-45 -1.092252351315379855e+02 8.934762969558205370e-01 2.315898688651674142e-03 3.979689351210164983e-01
5.643352556337077154e-45 -1.089724848188072457e+02 8.288748275083290817e-02 8.307329128700002840e-02 9.035972892891035446e-01
9.215730304817175309e-45 -1.084795512928740635e+02 9.036671276625651839e-02 3.169965254068610738e-01 7.969679885074422154e-01
1.936462747471826101e-44 -1.077345150568576173e+02 6.773942893365481055e-02 1.322346507593824549e-01 2.194476688336922665e-01
2.385962807393415371e-44 -1.075232753038994389e+02 4.956337422694518935e-01 9.206288301791483164e-01 7.277808783109457336e-01
4.463356749997149987e-44 -1.068944769221319859e+02 1.072470963886426043e-01 2.377251531710453669e-01 9.156344208317456212e-01
5.009401344663230691e-44 -1.067765616237312969e+02 1.341973020586578746e-01 3.121488075036435994e-01 9.464187574107664203e-01
7.539771285172521659e-44 -1.063651861915768393e+02 3.869299518850290998e-01 8.867358486294124598e-01 7.060702888235923513e-01
1.074088419438155230e-43 -1.060088206266895128e+02 3.768882167334621780e-01 6.994388138430209789e-01 9.589489329769669279e-01
1.211607711404240863e-43 -1.058858447818151092e+02 9.314060049463331881e-01 1.970560932439063828e-01 1.470748024645107677e-02
1.652227260448027931e-43 -1.055731687141166049e+02 4.962831047786474548e-01 8.852461308697386899e-01 8.007491112489928398e-01
1.968227154144876134e-43 -1.053956597307877416e+02 2.333418197407609584e-01 2.318260643104141927e-01 2.686521260426200097e-02
2.341770981586589214e-43 -1.052193854737548264e+02 7.134838702738384164e-01 8.490581031105917109e-01 9.968131377340543331e-01
2.522405159039932614e-43 -1.051425800720742956e+02 3.800776589868871680e-01 1.031633652755292729e-02 4.067305535007030848e-01
2.862932699842849368e-43 -1.050134464276373336e+02 8.212179671565139616e-01 7.572398295436522098e-02 2.897502915961656100e-01
4.179269100676222676e-43 -1.046326565716611299e+02 1.255574849608321886e-01 8.320818061477648353e-01 3.414212394200379919e-01
8.174344275074357754e-43 -1.039592924440449337e+02 4.054108746052320633e-02 2.384432073611691960e-01 3.007380274481337157e-01
1.375296056583291695e-42 -1.034365388317964545e+02 4.073662135104402227e-01 7.377475751914918112e-01 9.339121739905574815e-01
2.924338051404545975e-42 -1.026796397057566850e+02 8.222214144688241300e-01 6.604434071449372112e-02 3.195779266697921228e-01
3.037110418124202638e-42 -1.026393013105837326e+02 7.631512935449780155e-02 1.727144589492821680e-01 4.807512901127486415e-01
3.115625478390107303e-42 -1.026112779259035221e+02 2.571537908595438182e-01 1.082269623975007367e-02 7.102975258945821713e-01
3.418929622794464025e-42 -1.025158803273207724e+02 9.721752181517399061e-01 9.025810321034095640e-01 6.223290119815612087e-01
3.840540299504322267e-42 -1.023970947939192371e+02 1.778679156846576515e-01 4.551105689290135814e-02 7.300597151897987303e-01
3.951794784681809363e-42 -1.023660380020326528e+02 2.125860072790176636e-01 2.051640202890070430e-02 9.560076551926283139e-01
4.207818213598698929e-42 -1.023007635793052117e+02 2.339116175581846813e-01 9.293046210500901516e-01 2.472245694806367577e-01
7.415606522758683248e-42 -1.017316210846415458e+02 3.936180410585565781e-02 3.138320058677923630e-01 5.843070548016471299e-03
7.448003824166614083e-42 -1.017247618001936189e+02 3.986683571492343203e-01 1.278803042490258557e-01 2.127353239178605415e-01
8.072764426314084152e-42 -1.016417118740691592e+02 8.666655120279053159e-01 2.059732723868846760e-01 4.090753094472976414e-02
8.325257650758769328e-42 -1.016084138691893628e+02 6.761832557292002388e-02 1.880366441316436710e-01 3.183583881896597800e-01
3.542763995666866042e-41 -1.001577155483986417e+02 2.331938051773766452e-01 4.166724300746460496e-02 9.064066236149083133e-01
4.049221377603593290e-41 -1.000215981504309752e+02 2.636243520210156399e-01 8.805862615754080913e-01 5.330941743244432818e-01
4.791125714574386176e-41 -9.985085736333043371e+01 1.463003617645527443e-01 1.831517074273212309e-01 9.054977111584905369e-01
8.522878969407050442e-41 -9.927236856965215850e+01 4.580979655815587970e-01 5.318527775009518344e-03 7.088181074644902546e-01
8.982658459674478602e-41 -9.921732687984075483e+01 1.905948969693761486e-01 8.221481554329990171e-02 5.550418867874907791e-01
1.063967680652078188e-40 -9.904553265249784033e+01 8.359666158042419193e-01 8.555445762447182467e-01 9.938659980653850035e-01
1.380117423227327639e-40 -9.878286908278457190e+01 5.809889830863854687e-01 8.709850013242103062e-01 8.526471246307677498e-01
1.415444963581463613e-40 -9.875509372407150011e+01 4.612379840676950060e-02 3.781649808370248778e-01 3.131349391801888649e-01
1.556860789050227857e-40 -9.865736618850448281e+01 1.924174682703158057e-01 1.046327299142412182e-01 9.300805280343417136e-01
1.695970614209218680e-40 -9.856928245693693214e+01 1.084382908708203530e-01 4.599637688079911690e-01 6.147912521880865011e-01
1.909601244382108077e-40 -9.844814321994125805e+01 4.647504539721828420e-01 9.159884537198276222e-01 6.679590366415691927e-01
2.082071795712373071e-40 -9.835917421401903482e+01 2.282248335423495700e-01 7.195209295717042153e-02 6.321302689057319846e-01
2.961566198480695301e-40 -9.800431941811986292e+01 3.962889442596524425e-01 1.270679628159121499e-02 9.977094583601813227e-01
3.916041673702624215e-40 -9.772245630111163450e+01 4.021245795353732833e-01 7.876325396201943052e-01 8.362922849661071911e-01
6.226240165967355286e-40 -9.725626502167196463e+01 5.848822749486159989e-01 2.014696144677274869e-02 4.651224765164507780e-01
7.456060445531342514e-40 -9.707351048331348409e+01 3.808239253958222159e-01 2.782234554978590957e-02 9.443715223954914917e-01
7.944153004063487470e-40 -9.700760148074131450e+01 7.969590487948813307e-01 1.061767710832899336e-01 2.772046027186740869e-01
8.365672579205010163e-40 -9.695340093245287960e+01 1.787174875095161042e-01 1.256204531517470802e-01 7.361488394046794559e-01
9.225053158450093599e-40 -9.685311471528535776e+01 8.478650075160504285e-01 6.058754154813161819e-03 4.889272777887919696e-01
1.283964975462227631e-39 -9.651999964741656868e+01 2.907427230612105173e-01 6.345288957000450036e-02 7.960238710352639524e-01
1.308792496838821083e-39 -9.649834762064041627e+01 6.396519405486467136e-01 7.423447737796795565e-03 6.421589986910419823e-01
1.533004663082642213e-39 -9.633772293294774158e+01 1.002112199808536941e-01 3.005496734258175096e-01 5.902056485285215315e-01
1.895548584377155251e-39 -9.612294428755829756e+01 4.520773333693508533e-01 3.473454928055685897e-02 6.047501615861778923e-01
1.892687022757754907e-39 -9.612195505006646101e+01 8.155304352305703386e-01 6.293256322574047879e-03 5.035585969263244310e-01
1.893477273463585170e-39 -9.611903760874301383e+01 2.284495552272747254e-01 9.646912019278863770e-02 5.254519959468663126e-01
2.708691857817858902e-39 -9.575848676557723138e+01 6.519201550288465929e-01 3.157044106810724671e-02 4.434870528999093064e-01
2.899043005983531907e-39 -9.568807189004049008e+01 2.184734438532827117e-01 1.185910916710735119e-01 3.096369297504298901e-01
4.361708774880369941e-39 -9.527708867321075559e+01 2.223007659396142310e-01 1.401728095897208926e-01 2.559833406582893156e-01
5.596551562571021484e-39 -9.502530195896984822e+01 8.592687877719783485e-01 9.065543176230153044e-01 5.967310782289346749e-01
5.756787154332445328e-39 -9.499457304125360224e+01 6.657140310284560547e-01 9.287359136475308308e-01 5.754973172848920626e-01
6.453319225089583480e-39 -9.487785796765177793e+01 1.514818677928356783e-01 1.663446747127981240e-01 4.825141486717733352e-01
7.489764896807898067e-39 -9.472641516654263683e+01 8.336967469135612152e-01 7.199607772535867589e-01 1.082027800150300312e-01
1.006302633462280459e-38 -9.442858462671179609e+01 1.120223084352570675e-01 2.914345721482891616e-01 5.931468469531749887e-01
1.339751201464864532e-38 -9.413988355546555908e+01 3.380009507668561008e-01 8.261950425747622839e-01 6.130291315648250805e-02
1.954542567659463053e-38 -9.375971129631814449e+01 8.805154436620801217e-01 1.073497188354133325e-02 6.466951202622881478e-01
1.962662386161110855e-38 -9.375306556984888573e+01 4.212230679297396252e-01 6.848499909072960357e-01 9.701358982131693676e-01
2.667196689142675680e-38 -9.344383948995047717e+01 1.640497240876801488e-01 2.537576075946506027e-01 7.167864476602769930e-02
2.980563195898654255e-38 -9.333025520706797806e+01 4.066421635078912855e-01 6.559998448888648692e-02 4.890833711457709398e-01
3.332384334972944804e-38 -9.321617941735763679e+01 8.685010915028691381e-01 9.084449765981145175e-01 7.237840951232366038e-01
3.493437306963455671e-38 -9.316648132841525864e+01 8.302390881588801452e-01 1.801581642491223434e-02 9.306860578805297157e-01
3.848385512409892862e-38 -9.306721376871789175e+01 5.997743937043858997e-01 9.237350208674217633e-01 4.753462535469565875e-01
5.713047271844292363e-38 -9.266961492749827300e+01 9.341694898536823111e-01 2.046672931267223827e-02 8.717520316932411140e-01
7.032204487616232857e-38 -9.245936724209941815e+01 1.114901641558739831e-01 2.587288274259096355e-01 4.277755674820719056e-01
7.390845529917415878e-38 -9.240712533781062632e+01 5.380220260779016161e-01 8.562382528144422134e-01 8.233331515208945905e-01
7.660214344135910077e-38 -9.236882751601667962e+01 8.465765534827554006e-01 9.046162118161215071e-01 5.937736134020504819e-01
7.898185783754567618e-38 -9.233573439616694145e+01 4.691198218766611250e-01 9.589334157101614409e-02 3.356843127444236741e-01
8.341331497780267858e-38 -9.227864462600120987e+01 5.551992113901685899e-01 5.049829397738037073e-02 7.638951323262044291e-01
8.482532384570845092e-38 -9.225935844616219583e+01 2.143159448555423952e-01 1.619860800227407305e-01 7.561627843969949136e-01
9.935660918459009356e-38 -9.209873708359617694e+01 2.140346293663166755e-01 1.468515617145879082e-01 4.939833561164780340e-01
1.212227611665242339e-37 -9.189732272022794746e+01 4.271660451861003516e-02 4.135362911751935266e-01 1.385831921461919691e-01
1.214510793294523621e-37 -9.189294103219901899e+01 2.108786955101880078e-01 1.624539492403587193e-01 2.537707215467746025e-01
1.442599825233563032e-37 -9.171833546870622911e+01 9.024089703464902579e-01 2.428120420253698786e-02 6.228306324684341755e-01
1.493321929006929586e-37 -9.168127926774290870e+01 2.367465486547885023e-01 7.512469955151308554e-01 6.207354112697475168e-01
1.827757914602061410e-37 -9.147669235622167605e+01 1.450724140819733554e-01 3.657180074379201562e-01 7.017236844348941904e-01
1.930559544476815012e-37 -9.141947250833050020e+01 6.846747330451232738e-01 4.287842641935513122e-02 6.233538908074661711e-01
2.052531007819728878e-37 -9.135570871907435730e+01 4.117570936688370598e-01 8.299495742821660915e-02 6.960781991780365940e-01
2.238579387443635268e-37 -9.126644092600513147e+01 1.864129610063756104e-01 1.705520163654442589e-01 2.752438750940486845e-01
2.377120615912700499e-37 -9.120389245863955807e+01 3.418794124275910118e-01 9.944681957394008176e-02 4.813703745423316693e-01
2.474195990314200626e-37 -9.116136689780043412e+01 1.006157206217263012e-01 3.151551737460731584e-01 4.270459207323552553e-01
4.283162916947112076e-37 -9.061009065269192320e+01 9.587105641719585458e-01 7.134428831242850544e-01 1.570786312440067833e-01
4.307026366180584289e-37 -9.060203466088924529e+01 4.048991766686984572e-01 1.056886374608793089e-01 3.447865580634670302e-01
4.507197559728674819e-37 -9.055410681192324773e+01 8.094638120448184315e-01 8.878901511462027329e-01 8.404096406138796826e-01
7.906593780918299611e-37 -8.998958532149286782e+01 6.100483617056060570e-01 6.089942615975219020e-02 8.510147577640532202e-01
8.996542689988639054e-37 -8.985794203067021613e+01 3.272058113648232958e-01 1.258161879775970826e-01 3.270112911712285131e-01
9.068822616238423779e-37 -8.984743994372448128e+01 7.561513899559135776e-02 3.137019468253012811e-01 1.063866412589871135e-01
1.131930691105265339e-36 -8.962327254468503668e+01 8.911210250373077235e-01 4.441264430809810371e-02 9.173030788363815136e-01
1.617528544441709610e-36 -8.926379790115639423e+01 1.961045189803067856e-01 1.842732708299966715e-01 4.108146313002429828e-01
1.689369958443713004e-36 -8.921784164188170507e+01 1.645634390228701838e-01 4.848713074106714149e-01 6.846684987430068370e-01
2.305213761657892209e-36 -8.890452388525771710e+01 2.725023876812238122e-01 2.153996612068863614e-01 1.414872833328856272e-01
2.618907167158817566e-36 -8.877444017666651632e+01 1.974610797580315102e-01 4.175195852130338947e-01 8.132850778245800383e-01
3.310322184637955573e-36 -8.853765177425208321e+01 2.061937392873312014e-01 1.855224256141880801e-01 4.266753441038214634e-01
3.314958571662711451e-36 -8.853375216932901992e+01 6.186255499327893981e-01 7.090862153274046786e-02 9.398045942919496243e-01
3.521396354622241974e-36 -8.847083969305005269e+01 6.943183964586675527e-01 6.482600134123661650e-02 6.288843686275013001e-01
3.753800446116227184e-36 -8.840442851656887058e+01 4.010078458992717421e-01 2.147605432820114402e-01 1.281942313420968427e-01
5.242611672757459496e-36 -8.806787751065367331e+01 3.169323797934453513e-01 1.324162354207071290e-01 4.209731782690808721e-01
6.990555791819695654e-36 -8.777763723014743391e+01 7.235920062349405768e-01 8.271595420515506225e-01 9.565265771141918671e-01
9.942605396877448554e-36 -8.742286819696781208e+01 3.968991149355599601e-01 1.245179275128819318e-01 8.617501076540796667e-01
1.316877614192277177e-35 -8.713934871193599463e+01 4.151038340888767442e-01 1.226461872827688815e-01 8.870672279467547439e-01
1.456182769420668087e-35 -8.703629373231400734e+01 1.875348020622359391e-01 2.222645941061904828e-01 4.665946563949423531e-01
1.624735699671822727e-35 -8.692426704646118196e+01 9.603964142798494530e-01 6.373312123131646967e-02 7.609865523381670327e-01
2.079758478011320445e-35 -8.667486043202823964e+01 3.690205176469529835e-01 1.319722961891368618e-01 5.250721313511943489e-01
2.897796961372203481e-35 -8.634066142285297474e+01 4.284193031577796518e-01 1.221338519654505683e-01 6.557894499516145892e-01
3.522014702194360505e-35 -8.614307901820546931e+01 6.499028660792816048e-01 8.793164712436252195e-02 8.484182955048246155e-01
3.632106272891907709e-35 -8.610979948219028302e+01 2.146182341061632082e-01 2.179021573424880787e-01 5.621629021880965027e-01
5.480816832473618983e-35 -8.569585805578596194e+01 8.091498950618769559e-02 3.625219020512406853e-01 1.748833021364754048e-01
7.845227746816134549e-35 -8.533470678607088189e+01 8.648298387013286792e-02 4.469895813564779274e-01 3.231028667248824204e-01
8.047181903016609459e-35 -8.530679024667794863e+01 6.239589079615217582e-01 9.073674823239674669e-02 4.668757078378005243e-01
8.805488327491855020e-35 -8.521423700199949280e+01 2.469216755086476311e-01 3.204372082642562569e-01 9.068773736656778883e-01
1.019955410900000349e-34 -8.506476819812793622e+01 1.584007020977924451e-01 2.554785012155567081e-01 3.166952826778027807e-01
1.079576902364301912e-34 -8.500545790235548793e+01 1.948719026598635384e-01 2.813600115468301022e-01 6.642817627326754737e-01
1.146035443559787621e-34 -8.494321856378775237e+01 5.337932518331678367e-02 4.709895253583400443e-01 1.263344641191663786e-01
1.191043757178683899e-34 -8.490219708010185684e+01 1.711981439646730330e-01 4.604700481202796958e-01 6.676594356158483956e-01
1.882297423935134448e-34 -8.444203404489057618e+01 6.045609140106519286e-01 1.079562044370279139e-01 9.124485118761286317e-01
2.214871618523049433e-34 -8.427683266788207561e+01 2.334210694658039875e-01 6.107791342225997733e-01 7.139337010094326530e-01
2.613497217743539650e-34 -8.410883785506545962e+01 1.374605876273177207e-01 2.916675298266113714e-01 2.950668941461783712e-01
2.821295216495964865e-34 -8.402983103352929106e+01 2.321982649719477321e-01 3.316734677650230445e-01 8.410422258098181336e-01
3.553547073998365647e-34 -8.379658082924702001e+01 8.337225257810944035e-01 8.497809978876309511e-01 9.181623632127046131e-01
3.870090643954713690e-34 -8.370874918068676607e+01 9.754262623418973321e-01 8.144188933660234664e-02 6.235496601274851391e-01
5.076366812696998305e-34 -8.343493129829876409e+01 1.052266422303301807e-01 7.592997894215633981e-01 2.610300536695788765e-01
5.164826594783988639e-34 -8.341515558078658898e+01 4.923529415016525412e-01 1.312852028804935012e-01 6.219524444370787553e-01
7.542567654706133492e-34 -8.303396444785521169e+01 5.977387500784295815e-01 8.111578317956062989e-01 1.839890154434774550e-01
7.860117790136528657e-34 -8.299022551731339092e+01 1.188832326460713684e-01 4.243670244935353608e-01 4.330285618630477229e-01
8.050538821204251043e-34 -8.296378808616312028e+01 2.722139103138677685e-01 2.028738004279782015e-01 4.948910865431150885e-01
8.861231104959660588e-34 -8.286534140380209124e+01 1.418267462376254784e-01 3.139229623514966372e-01 3.559987454115576266e-01
1.409121184717152108e-33 -8.239897577984632449e+01 9.285114488266766886e-01 6.476774083197088805e-01 4.370914650938395596e-02
1.817945029014322400e-33 -8.214173525843833090e+01 4.707136914787879434e-01 1.401503028150493657e-01 4.936507682310671274e-01
2.788107326114379268e-33 -8.171157902877644119e+01 6.239746326794969322e-01 2.414828303512922547e-01 1.008494438072145005e-01
2.981291234364094681e-33 -8.164208550987854096e+01 1.623096003747173111e-01 3.003465136433765004e-01 3.773173656246096019e-01
3.101237125410225309e-33 -8.160014091207489173e+01 7.774006386620350151e-01 1.010151180073762811e-01 5.073010378767067730e-01
3.626159179170981897e-33 -8.144126800591625681e+01 6.256747474320371039e-01 7.738164743333640905e-01 1.309322025061276928e-01
3.852170316264459033e-33 -8.137830530869028678e+01 3.346111851819776328e-01 1.797405015726218913e-01 3.983369772445987111e-01
5.063648008715815142e-33 -8.110235484279202467e+01 7.316853741934076227e-01 7.423814243608212182e-01 1.251968467419362074e-01
6.470701661996505815e-33 -8.085465746550680421e+01 6.691325176852410683e-01 8.190519978717514249e-01 9.103900545696544944e-01
6.926054195139141302e-33 -8.078415174583810199e+01 2.444006285721107563e-01 7.809947126423141261e-01 5.496864745097354010e-01
8.481562524330021130e-33 -8.057904732389602032e+01 2.593150044012202393e-01 4.639157680236347669e-01 8.426804571287386247e-01
8.473564855456039877e-33 -8.057749071633277538e+01 5.294680251779740887e-01 1.532344038466749714e-01 8.565111799456098796e-01
9.271997655491079630e-33 -8.048494316349224675e+01 8.142770324631906087e-01 8.594617905000838665e-01 8.650784313375287082e-01
9.347782144123971043e-33 -8.047430290534433084e+01 4.475217993744970979e-01 1.712608883365925871e-01 7.820743864008651292e-01
9.986158639310343081e-33 -8.040574201854673220e+01 3.563596300969965602e-01 2.362982447736430291e-01 9.300304136608253947e-01
1.063107028214192402e-32 -8.034066114432950201e+01 8.447340198919199850e-01 1.051824388895885587e-01 4.484897352856672681e-01
1.353217706504595254e-32 -8.009687168092453646e+01 3.207608909131904884e-01 3.088169684382154889e-01 9.692104582596207107e-01
1.407737919826180403e-32 -8.005487281975337055e+01 3.704226862252429919e-01 8.150560911996490576e-01 6.818263039205673115e-01
1.686125708785317004e-32 -7.987192350650552441e+01 2.521087373095884931e-01 7.164535351833628551e-01 6.258617681548193090e-01
1.891620150932120353e-32 -7.975442323909518905e+01 2.190160433207947177e-01 2.528719162757649963e-01 3.455032813612965992e-01
2.013309832303891905e-32 -7.968957687316284932e+01 2.584190693891496027e-01 6.101521832541513257e-01 7.327595824267169045e-01
2.154048548777130552e-32 -7.961950780630265001e+01 2.843790428052058727e-01 2.447193249851469243e-01 6.532421481544149477e-01
2.284751583079036834e-32 -7.955809962161725934e+01 3.065346644678513810e-01 2.900870861006088486e-01 4.649172301212844971e-02
2.438620527229021880e-32 -7.949042440193942127e+01 9.415789805944443369e-01 1.188290396761993994e-01 7.947910686211836495e-01
2.702141779644125161e-32 -7.938531221340412003e+01 3.839451278449063087e-01 2.437852132093004665e-01 1.266088310017204899e-01
2.758303360748814658e-32 -7.936224115733439533e+01 8.172988949708839268e-01 1.172209877108918441e-01 5.641739735619630824e-01
2.913181763471552275e-32 -7.930511105029901842e+01 1.286956580890392665e-01 3.981575155955118239e-01 3.664980067509548967e-01
2.913398450754475310e-32 -7.930253667140949858e+01 2.663153375389116784e-01 7.381793685735613675e-01 6.255534243388649607e-01
2.922029766382888987e-32 -7.929707842341062474e+01 8.067910198022664181e-01 1.270456995309915404e-01 8.235687967248002117e-01
3.514630372077895492e-32 -7.910992256124696098e+01 3.015520527421549080e-01 2.214643320333476995e-01 2.083873596191927469e-01
4.205349358805281465e-32 -7.892799955194170991e+01 3.942305968103860803e-01 1.924766987915744743e-01 6.147337723431814949e-01
4.753670552134979334e-32 -7.880293985622802211e+01 3.585800534278885676e-01 5.356956181712693166e-01 9.554021503017273709e-01
5.776364769311946820e-32 -7.860558237149840011e+01 9.634087598493652482e-01 8.090812649538062784e-01 3.899160659227604020e-01
7.273253115948733022e-32 -7.837265326097190155e+01 6.852961470167211466e-01 8.569037565086325969e-01 8.231225451836092777e-01
7.872095046026569984e-32 -7.829103269006323274e+01 5.347225670385377105e-01 1.666064496247294802e-01 7.495379328339722980e-01
8.263456881773353500e-32 -7.824001391500478064e+01 8.778869554110761975e-01 1.344982480537305625e-01 9.614663550613936627e-01
8.402186291492908972e-32 -7.822086497889563361e+01 3.831334962293535540e-01 2.296241410351721468e-01 8.612757427751405181e-01
8.630826150350350679e-32 -7.819151669311089847e+01 4.700807464075780207e-01 8.341699004702647358e-01 7.410041379016335528e-01
9.642977323458468807e-32 -7.807812701175761561e+01 2.427112995000961781e-01 9.002123431654335262e-01 2.980765191760756938e-01
1.107202892298100527e-31 -7.793743491254123512e+01 1.450490629238129214e-01 4.970296458934053696e-01 4.828830915730378814e-01
1.177570409237902780e-31 -7.787331849003066964e+01 9.761471724135040162e-01 1.735105976540400885e-01 2.665943770019972847e-01
1.222254036965383387e-31 -7.783357510531477885e+01 8.022207899220669125e-01 6.951722251693415178e-01 8.004269146004971969e-02
1.225688569136273855e-31 -7.782826904734923801e+01 6.488537558460386601e-01 1.526371099955570187e-01 7.893747472050016700e-01
1.243033814000571088e-31 -7.781171681498369708e+01 2.798705786881109381e-01 3.740690970153843775e-01 8.599514625293221970e-01
1.528071977072859703e-31 -7.760276503563346751e+01 4.583911084435938754e-01 2.112541474132013652e-01 9.350222130777672280e-01
2.749559154366306585e-31 -7.701283123935785113e+01 2.840497300687334636e-01 2.374857434803387957e-01 3.801343403868094883e-01
2.856307242739920597e-31 -7.697224221400114175e+01 3.945828166106197799e-01 2.019279432400887808e-01 5.119427061606836027e-01
3.157799131190791497e-31 -7.686939652320810978e+01 8.226760368098040566e-01 1.419577785798048497e-01 7.409102829202407481e-01
4.793516569884054409e-31 -7.644950754041342122e+01 5.760762642664777333e-01 8.668875995435809667e-01 7.380785411638675075e-01
6.022056710269390866e-31 -7.621884298348544462e+01 2.380400005761726945e-01 3.400986527819381822e-01 6.563348407979522348e-01
7.499625429183009023e-31 -7.599691875416306175e+01 1.214538676304295350e-01 3.660484080810728624e-01 1.285751932509315854e-01
1.060520996397328715e-30 -7.564792644427883772e+01 5.942648401817302029e-01 1.743187989070411614e-01 7.027031027275008057e-01
1.087359946152343473e-30 -7.562043404714859207e+01 2.112600946110266831e-01 4.021900696282934007e-01 6.351742839025262821e-01
1.259575149875013760e-30 -7.547091225622284583e+01 5.853303080932892311e-02 7.385170862342587128e-01 5.530020468284080337e-02
1.531692537637542222e-30 -7.527281337995979982e+01 9.133797112358174042e-01 1.365106218372823532e-01 5.238341605744439855e-01
2.260994223544502524e-30 -7.488088209921923522e+01 9.221159790365194286e-01 1.427672916174828055e-01 5.723199346057803449e-01
2.758520298538158602e-30 -7.467949232544320637e+01 1.465179968918960407e-01 8.423826605049756777e-01 4.001213109359613718e-02
3.291911997178168285e-30 -7.450021818755840286e+01 3.869614963897572979e-01 2.262189929406938083e-01 5.400719205484384444e-01
3.306179494680713008e-30 -7.449339344615168557e+01 4.292768894632322807e-01 2.109769680001896131e-01 5.258372767312508023e-01
3.801776396969595090e-30 -7.435121830730084014e+01 2.492960785195885709e-01 7.226349212809831668e-01 5.852857126083883532e-01
3.956816423650516822e-30 -7.430874696917148015e+01 5.125598257416152936e-01 2.047847019555688597e-01 7.579889643648582975e-01
4.442062941192456155e-30 -7.419056784275508676e+01 9.100271370850743224e-02 4.493909288165313098e-01 1.135408962608771555e-01
4.538407064742675155e-30 -7.416661065400016639e+01 7.658520781026245672e-01 1.756037626761545178e-01 9.503986578798200302e-01
5.906865495140731282e-30 -7.390057142004067714e+01 6.590313213735354836e-01 1.766401143146938413e-01 6.792815729431262994e-01
6.178392264209909076e-30 -7.385312865148650019e+01 7.623271704994130094e-01 1.634596271641842735e-01 6.231264172751198593e-01
9.544948937144081214e-30 -7.341567463022190054e+01 5.056486891806970529e-01 2.162674615486225305e-01 7.818622806603077180e-01
1.024180592269650131e-29 -7.334270877398834898e+01 2.071806732971482878e-01 4.093775978840638041e-01 5.787113919373818582e-01
1.169973382658522127e-29 -7.320712064600809299e+01 1.668331811546156507e-01 5.950351897899834874e-01 4.824890164255462022e-01
1.245763331240916988e-29 -7.314185318519491830e+01 1.261946570553355018e-01 8.436803337103859768e-01 6.642940232027572112e-02
1.287648974914842099e-29 -7.310628358916071079e+01 8.699964565498721214e-01 1.498440729766726820e-01 3.991729768396007350e-01
1.284660655024282020e-29 -7.310610704291615036e+01 3.342557510401932275e-01 8.979830328362344849e-01 4.299485194298690027e-01
1.376849746066985910e-29 -7.303430354777381694e+01 3.844485570547206965e-01 2.247622273631320056e-01 2.432250076143656070e-01
1.694444988023311806e-29 -7.282424639817666900e+01 1.272275206457941232e-01 3.774858192973566950e-01 7.869408676173794692e-02
1.777390200989575554e-29 -7.277395553550232421e+01 5.620480426769263183e-01 1.973126523163770685e-01 6.178203316833242864e-01
1.967382330453295842e-29 -7.266989775180462630e+01 6.297509173090832801e-01 2.000826600289267176e-01 8.530559216701145697e-01
2.344090094660785786e-29 -7.249220433742961234e+01 1.130448510270786189e-01 6.207283540634387364e-01 2.969437539104203827e-01
2.914488228049719794e-29 -7.227190740529685797e+01 2.986971035409834441e-01 2.814357514785975622e-01 1.205764126984999463e-01
3.339472647785334157e-29 -7.213328874005640046e+01 1.613255176141542568e-01 7.474675093220046751e-01 3.663838459470466491e-01
3.413837624179816713e-29 -7.210876458320497306e+01 7.410883659418435743e-01 7.871593284993785300e-01 9.532610546077686653e-01
3.766570556413905133e-29 -7.200793672396612521e+01 8.558454093257860107e-01 7.611900702918998896e-01 2.406706237572872054e-01
3.965830961749518699e-29 -7.195388623735351530e+01 2.308171789323020251e-01 6.881133566321994133e-01 5.666779927530971595e-01
4.028589097105496752e-29 -7.193568543000898785e+01 7.455391031994699214e-01 2.699770727943687776e-01 9.812105876782772906e-02
4.054391546324410680e-29 -7.192680101861400033e+01 4.160574405681040089e-01 2.797955206562827701e-01 8.569965282367126846e-01
5.180147799371076142e-29 -7.167926805613299734e+01 9.250587651954792490e-01 1.590765779775987765e-01 5.074950624169335400e-01
5.834403098732719115e-29 -7.155782968089251028e+01 2.230415983157388871e-01 8.521686368214854701e-01 9.385787079260465848e-02
6.588768079246918320e-29 -7.143373525155391235e+01 5.953041525841890058e-01 2.097939509904308553e-01 7.651512082238072221e-01
6.629548164050136973e-29 -7.142506499303770795e+01 4.361293837396919004e-01 2.392784834556166418e-01 6.137531649110038456e-01
7.338311389888514575e-29 -7.132099288440844020e+01 1.219864685467413334e-01 3.986788507861103170e-01 8.859666907573704453e-02
8.404515514138636300e-29 -7.118283252207247358e+01 9.577286065844794472e-01 1.607816617781548940e-01 5.047190129924109536e-01
8.690521918218904487e-29 -7.114686864758672868e+01 5.555471172884096642e-01 7.316920815829605074e-01 9.211843820924858761e-01
8.766551414213111936e-29 -7.113565814093297490e+01 4.674381517466206226e-01 2.203135339266333315e-01 4.688228134003045167e-01
9.143377513424611583e-29 -7.109107179647891428e+01 3.918200813847287911e-01 9.044435882701380436e-01 4.184308997813417363e-01
1.064731208189792079e-28 -7.093629417107015911e+01 4.046095364461752553e-01 5.065217801303820711e-01 9.733915749037563847e-01
1.309384582393535863e-28 -7.072695930930304087e+01 9.675322239043517847e-01 1.760679275956282819e-01 6.847736793786726173e-01
1.383005242725488424e-28 -7.066975770818947922e+01 7.409158024886697280e-01 1.847202272978792914e-01 5.779881054407552954e-01
1.448285769458124771e-28 -7.062113592261059125e+01 1.253334252445689190e-01 4.731832854074126127e-01 2.636194231119486364e-01
1.637433948428350841e-28 -7.049588620082434431e+01 9.828759306510207461e-01 2.119923912859543735e-01 2.357720171876750426e-01
1.775826443753257101e-28 -7.041225063501755699e+01 3.680752850530092379e-01 2.445882707623766583e-01 2.282413033843682104e-01
1.869493175139730981e-28 -7.035834918690605377e+01 6.608062471837007346e-01 1.823139782360914118e-01 3.706706599796698587e-01
2.143422976239091603e-28 -7.021911247893181951e+01 6.490586712466478447e-01 2.302862790661245329e-01 9.714555747238499128e-01
2.172124057555802163e-28 -7.020331103452141974e+01 9.452674456111661572e-01 1.627441400040053887e-01 4.279655234927647323e-01
2.225249000246911901e-28 -7.017664773212035811e+01 4.823851216932044661e-01 2.294525187744699268e-01 5.453635565044226974e-01
2.396797376678957284e-28 -7.009988313187002973e+01 1.420673130443046439e-01 6.254452257888214461e-01 3.720602083034127983e-01
3.007617406035632092e-28 -6.987036834584483813e+01 4.069698643676984418e-01 2.562174629539121229e-01 5.511983005582620221e-01
3.489163870512053411e-28 -6.971935442283947282e+01 7.239881457741286219e-01 3.202841823472085681e-01 8.192969329780086518e-03
4.637760349529620998e-28 -6.943228498528236514e+01 3.359353800840546578e-01 3.278673244528144126e-01 2.250258344610789329e-02
4.797929374592981153e-28 -6.939583210715093742e+01 6.273968326266241569e-01 2.303066756463114650e-01 8.765695877294656935e-01
7.017981292736897389e-28 -6.901304094015466717e+01 9.324153101747003625e-01 2.477879735041146336e-01 1.680668171077166484e-01
7.218688286227835719e-28 -6.898234329310886892e+01 7.197540249718371586e-01 1.929698841015916599e-01 5.052978197865851673e-01
8.484127056675145545e-28 -6.881831953907580157e+01 3.679926691740328382e-01 3.248025359204080864e-01 7.679620700599734118e-01
1.006406367134003855e-27 -6.864504552511886004e+01 5.447951364231332638e-01 7.335084935818702023e-01 8.966952697281879159e-01
1.142903400480065384e-27 -6.851535959148090171e+01 2.336384605399015602e-01 8.317884297317578168e-01 4.066130698969948609e-01
1.241732177915081355e-27 -6.842992413619776926e+01 8.153774507575954900e-01 1.941836340697391527e-01 5.919619071277486544e-01
1.291727774992951666e-27 -6.838795077601626815e+01 5.461862786260260894e-01 8.870311082614692477e-01 3.951278415670804733e-01
1.528717368460714843e-27 -6.821700239615731221e+01 3.748855623695839245e-01 3.600728573230915774e-01 8.501064321679632219e-01
2.082609552242271540e-27 -6.790530975891242349e+01 9.161905017694176312e-01 8.435134066443104039e-01 5.149234628022383298e-01
2.469190621222966287e-27 -6.773254104548192345e+01 2.563898188740105777e-01 4.241995043027353418e-01 6.318978611762018360e-01
2.627750365168026205e-27 -6.766780335301901061e+01 3.280656865215226814e-01 2.799319347057163121e-01 1.673153007226959588e-01
2.910343727952175146e-27 -6.756316026492733329e+01 6.484666334602744442e-01 2.272142823677513190e-01 7.308130642960556367e-01
2.917385166350533356e-27 -6.755824373459358867e+01 7.078923547062122568e-01 8.840840828852005728e-01 5.963851145656594577e-01
3.020709230550675241e-27 -6.752093981033804937e+01 5.962493979558256552e-01 2.106872374505477374e-01 4.015980016644122852e-01
3.053896838496003862e-27 -6.750751303162387273e+01 3.149118965034490847e-01 3.693736082044366542e-01 7.008819995194746078e-01
3.940541576829657361e-27 -6.725011328879460848e+01 7.894018095334595086e-01 2.074680400887659593e-01 6.489118495516152940e-01
4.521152985831454528e-27 -6.711016441203003069e+01 9.498241023301806640e-01 8.358179938986736168e-01 8.436784614874813792e-01
5.032494706031607556e-27 -6.700051563213108352e+01 6.763739322553528055e-01 2.214878215227619185e-01 6.491425293173014310e-01
6.040644457390227802e-27 -6.681542075420807691e+01 3.692514845427971037e-01 3.928681975902579282e-01 8.508922462658253805e-01
6.099383636821837737e-27 -6.680324373577626318e+01 5.353131459665185776e-01 2.386477227714928206e-01 5.214550872953042093e-01
6.516600857142053822e-27 -6.673457855964237240e+01 7.760188334227327012e-01 2.281118289699312074e-01 8.755871176717455739e-01
6.692941086859902276e-27 -6.670537805682891985e+01 7.415176260850931955e-01 8.763415389085006391e-01 6.567537020423392935e-01
1.282811943034102940e-26 -6.605229186678931796e+01 8.129546500135551579e-01 2.144060180733526888e-01 6.612726490141811464e-01
1.309606500744095094e-26 -6.602911965473408884e+01 9.169731859083875003e-01 1.992287415140994167e-01 5.268370765454895022e-01
1.704959067700871565e-26 -6.576280526247859370e+01 2.215403271090583548e-01 4.084696224035416767e-01 4.399293057694558806e-01
1.753007058382813181e-26 -6.573251373332222158e+01 3.181266840022534126e-01 3.751207049571635421e-01 6.718072182730223663e-01
1.832645435934403358e-26 -6.568558584931648170e+01 3.355854041917790687e-01 3.104628405738282249e-01 8.978159353437364931e-02
2.516808085189450923e-26 -6.536585489990774533e+01 7.337169987976502883e-01 8.248345212363185075e-01 3.330388504863012189e-01
2.528654241802145644e-26 -6.535865912472895900e+01 9.955504436666513524e-01 2.328092715048738492e-01 9.757782437797780650e-01
2.586370061245153813e-26 -6.533359099380447788e+01 9.929275898523860500e-01 2.125909477234303457e-01 6.919572554556283617e-01
2.587211610557357342e-26 -6.533076566818945707e+01 8.970220879298761441e-01 8.531740211466454227e-01 7.464216304462353291e-01
2.908723299649264864e-26 -6.521113210944135119e+01 7.987442985858348443e-01 8.436087122763591406e-01 4.346074323271605921e-01
3.917460848944117505e-26 -6.491090266440212986e+01 5.948536477770838271e-01 2.942899240549069484e-01 9.614964727882959750e-01
4.378953900225051884e-26 -6.479703650541478055e+01 4.107612740258250739e-01 3.220687483245102678e-01 7.110216920075880243e-01
4.390438336402385069e-26 -6.479191729477099670e+01 5.918940943646016084e-01 2.432314837492157711e-01 5.498775673289986177e-01
5.304927017391797194e-26 -6.460021035106584009e+01 6.675250577644078476e-01 8.785739921227557758e-01 6.250246387603016762e-01
5.527234462406722014e-26 -6.455665877248237905e+01 6.196035849204687418e-01 2.365207062440354280e-01 5.084836665484988583e-01
5.899302190238206198e-26 -6.448901229463641016e+01 6.256660845531052395e-01 2.211380728549355856e-01 3.365240904260867749e-01
8.431855123342448090e-26 -6.412932955582770944e+01 3.989875809692026154e-01 4.728213619124648215e-01 8.989876216360532801e-01
8.570131738798555649e-26 -6.411056326113227044e+01 4.621350111655183612e-01 2.862381934614872669e-01 6.002961025713113852e-01
9.327409567985552903e-26 -6.402338903485005517e+01 5.897463028167378996e-01 6.501195372068451217e-01 9.999865258305394855e-01
1.237034737952807546e-25 -6.373854409728281922e+01 6.626851120276967544e-01 8.517131297056014239e-01 3.687626776150103591e-01
1.356171372452474040e-25 -6.364409571032080493e+01 9.285642831547781251e-01 7.733322329837625242e-01 9.844839735200912045e-01
1.410677085047813076e-25 -6.360219148142678591e+01 4.076121279722426660e-01 2.942421294864441261e-01 4.684012804715887990e-01
1.635777709322665088e-25 -6.345164291826664282e+01 5.354270842741620795e-01 2.857561762338651778e-01 7.371695013087246062e-01
1.896129723475448511e-25 -6.330144645167139572e+01 8.603795418689828001e-01 8.588793304424401365e-01 6.754664950947616431e-01
2.514984383372823370e-25 -6.301649467858036502e+01 5.901250779663442803e-01 2.555254375884860041e-01 1.955515564489059832e-01
2.631673282979300712e-25 -6.296864139956694828e+01 6.734976379217042508e-01 3.126115335535014639e-01 6.069916845820344520e-02
2.796732052404822730e-25 -6.290530966129804824e+01 5.320007354385084541e-01 2.654332651524237141e-01 5.113070697537381859e-01
2.805344077887592434e-25 -6.289973507535288633e+01 9.528285458638863226e-02 5.168891446796174405e-01 3.747875481424756128e-02
3.343229985972262393e-25 -6.272182387136421511e+01 7.917088812214483351e-01 3.331126277218598997e-01 2.712618212296202813e-02
3.357176094965392467e-25 -6.271516110004449729e+01 6.449535331507888491e-01 6.956280109223060837e-01 9.805058177942410635e-01
3.431186598473504038e-25 -6.269085512428950580e+01 6.288313943699043174e-01 7.948514544640140622e-01 8.308427423797384304e-01
3.849062001989481962e-25 -6.257343178994950961e+01 6.699987461812997314e-01 2.616611512309579002e-01 7.399397844524009393e-01
3.985408050154788756e-25 -6.253612156919260201e+01 5.415192717325573168e-01 3.004922265106102497e-01 9.318938948858412896e-02
4.672708586301963439e-25 -6.237452237210396788e+01 1.992015200577638145e-01 3.968853313112992165e-01 2.084434316811809573e-01
4.796195398181840745e-25 -6.234593829447680235e+01 1.572385236713479406e-01 6.450600627422300448e-01 3.478945721396818902e-01
4.863285220435364352e-25 -6.232954709188856413e+01 8.567558026304369356e-01 8.578083308283152020e-01 6.640714363661816000e-01
5.656506810122591314e-25 -6.217595474238825659e+01 3.659289924272913774e-01 3.392730057577637570e-01 3.664761421825390997e-02
6.556865629593479080e-25 -6.202574858431209748e+01 6.969618711047056436e-01 2.883650822886271170e-01 9.380190777816292957e-01
6.926510569674655684e-25 -6.196840511162736931e+01 5.677148113626139248e-01 2.722719523118433127e-01 6.006693397953200009e-01
7.959780549156209050e-25 -6.182685984244350408e+01 7.048016468974714899e-01 2.570518244262098850e-01 6.909062972738181374e-01
9.202502130939581079e-25 -6.167928585488632365e+01 9.817111458960035009e-01 2.603224854691541523e-01 9.517661218782039745e-01
1.132447005689345638e-24 -6.146929539653734764e+01 7.314274653250140146e-01 2.265788617308014397e-01 3.415626382109692161e-01
1.149551005081717601e-24 -6.145180474395058212e+01 5.686567127348637340e-01 2.475727545450175926e-01 3.216451771797973480e-01
1.206227430286291859e-24 -6.140117851687171679e+01 5.821234754650382870e-01 2.734658098974058760e-01 1.623199663991995445e-01
1.250627962064473336e-24 -6.136253038490383460e+01 5.459047388303761572e-01 2.551089436773039676e-01 3.507554047848630008e-01
1.263432260855640246e-24 -6.134984414561793642e+01 6.137681693965907348e-01 2.506162632668066381e-01 4.269729591424641368e-01
1.300813922673439350e-24 -6.131818601680786429e+01 4.383018817373072196e-01 7.697920997124758635e-01 7.172501793673626835e-01
1.370976500003446428e-24 -6.126315292006160718e+01 6.235487391255463141e-01 8.803202333434165805e-01 5.422947108928853899e-01
1.621247050506794907e-24 -6.109298054234843534e+01 3.629504018880016503e-01 7.859603065550219148e-01 5.480772045503423673e-02
2.140967690292881295e-24 -6.081241826117269511e+01 1.638445920107967080e-01 8.329108184712710194e-01 7.524533508691944039e-02
2.582597610668516907e-24 -6.062238046145937886e+01 6.192951263795252181e-01 2.453921098224495223e-01 3.421778263562713640e-01
3.439181671262893376e-24 -6.033344262289914184e+01 8.932952434077329196e-01 8.006428198147105268e-01 3.940522953030921594e-01
3.834132366224165521e-24 -6.022223301138161133e+01 3.549536584686711072e-01 3.102056215443628195e-01 2.529661634912786505e-01
4.322588876781857370e-24 -6.009982167993014457e+01 4.210557623445572162e-01 4.235859929637776355e-01 8.447280355887492043e-01
5.668277089855651986e-24 -5.982629097238364579e+01 9.325429673793486085e-01 2.349240523393895108e-01 4.791300554922587329e-01
5.844332707086456742e-24 -5.979320375605890092e+01 3.164332513992824669e-01 8.034858963411156685e-01 6.489427425270732908e-02
7.393156932507239927e-24 -5.955562134619923853e+01 2.526146791295774685e-01 8.260631260305013601e-01 7.918886087129184403e-02
7.591062007967793190e-24 -5.952670467610646909e+01 1.471812803209997522e-01 5.707019725851790737e-01 2.753906577554504631e-01
8.592833248055041300e-24 -5.940024766713770532e+01 9.591611619670467048e-01 7.960669745913275808e-01 4.332694067762133949e-01
9.261480861019389546e-24 -5.932281222365553930e+01 5.996982344914242313e-01 3.645895937955254684e-01 9.965455017680706629e-01
1.245355798934814019e-23 -5.902416981536453733e+01 8.087275953134240858e-01 2.634147062831133645e-01 6.721826240111772321e-01
1.482774658057413368e-23 -5.884717598518240322e+01 9.501205883828112153e-01 7.633340150395915291e-01 9.739116708766708541e-01
1.942811980667925707e-23 -5.857445468855812720e+01 4.931830061712944024e-01 3.017299703701694646e-01 4.768082503457280463e-01
1.939845913118254225e-23 -5.857348254303708046e+01 4.780172805248994461e-01 3.479783201899633305e-01 7.267994018462595740e-01
2.151075936976706080e-23 -5.846762293396373877e+01 7.603109518398394329e-01 2.844941941820806619e-01 7.890278036430490305e-01
2.450735816878794778e-23 -5.833470277384468972e+01 2.389380891478452007e-01 4.268556095598590172e-01 3.505263854024377457e-01
2.495386700885055284e-23 -5.831414737920177060e+01 9.531596995449029830e-01 2.540753961435439079e-01 5.905569288363790026e-01
2.716107090555754833e-23 -5.822689144829863039e+01 9.977862553586811512e-01 6.207464692165961528e-01 8.568874030121509389e-02
3.016557518368886486e-23 -5.811947480009720834e+01 3.500763782400216906e-01 3.207056907891904229e-01 2.024338534621357155e-01
3.214791706154533632e-23 -5.805332851927178694e+01 3.242963867395286526e-01 4.164681313362960102e-01 5.781445666219831026e-01
3.236246205196332720e-23 -5.804417700724013685e+01 7.333948213576026998e-01 2.890130081082741276e-01 7.692813427450132524e-01
3.314059328416057546e-23 -5.801791726552757211e+01 5.864575745077507118e-01 2.745382416944682769e-01 1.964557889475363472e-01
3.528281942691254971e-23 -5.795278003604991568e+01 9.865780664271978084e-01 8.263496958377849477e-01 6.016272971267758729e-01
3.842949240145666648e-23 -5.786485098362771851e+01 2.493896067445058318e-01 4.290556601981607709e-01 3.812762752568471525e-01
3.838364078249092942e-23 -5.786354483219270861e+01 6.488442405341346975e-01 3.031756557283212805e-01 7.518339147822893365e-01
4.040894279118146344e-23 -5.780962506303544046e+01 8.627081400337519579e-01 2.791880274227406256e-01 7.930388389990458142e-01
4.208230724992692869e-23 -5.776654878271408222e+01 7.650229972704367665e-01 7.849284582192489479e-01 8.774687281477399070e-01
4.826804039005486123e-23 -5.762690652772582212e+01 4.884755418612323208e-01 2.875554413513347063e-01 3.070024994766877846e-01
4.989793369133850332e-23 -5.759119658681535725e+01 3.949767780288975239e-01 3.556927287675926141e-01 5.315784633774680579e-01
5.003339502316012481e-23 -5.758598549677913780e+01 3.165310463871003899e-01 3.472039735326989396e-01 2.515191059765662374e-01
5.819001254730828825e-23 -5.743246244542913814e+01 7.536984551012426703e-01 3.256968213906055176e-01 6.833241822522995168e-02
6.103149638512255876e-23 -5.738228611462321282e+01 6.104607527611525253e-01 2.643553097015878262e-01 2.560490956096741488e-01
6.883265203074373593e-23 -5.725949795389868768e+01 6.430063051289975906e-01 3.291418381907464941e-01 5.931382103852544940e-02
7.417968588724390749e-23 -5.718218584213867217e+01 5.627168721331035073e-01 7.204547986267467730e-01 8.591711770716834451e-01
7.836892722758852739e-23 -5.712474866731269429e+01 4.713484290552992784e-01 6.571736697769167135e-01 8.403890898100200291e-01
7.821617077030109716e-23 -5.712419976620653017e+01 5.583731633354955814e-01 8.694222329182298425e-01 3.981041144436247015e-01
8.815561239815652913e-23 -5.700207260418158484e+01 5.817187135219807903e-01 2.890053698180145014e-01 1.616701208160957748e-01
9.297192021265436556e-23 -5.694637866535925497e+01 6.037397254206123831e-01 2.947399648248282267e-01 5.544050729726525129e-01
1.133427676385534645e-22 -5.674575961037712801e+01 4.472174241683305462e-01 4.000673787340537357e-01 7.745388133434206734e-01
2.341314245641378126e-22 -5.601779357859269481e+01 2.557045911076736289e-01 7.958161504030528688e-01 4.221818867099048633e-01
2.537797872285748498e-22 -5.593470926816477373e+01 4.720339964137743038e-01 3.054349761330555912e-01 3.251004634758861700e-01
2.710733244707897120e-22 -5.586628682543908297e+01 7.159459128335088351e-01 2.870526411159567415e-01 5.865678932054979589e-01
2.718979480400850907e-22 -5.586074937485910397e+01 9.636298745221208994e-01 2.803365273006442893e-01 7.161312500887935251e-01
3.376568829556920297e-22 -5.564164593902831513e+01 3.662882025098301852e-01 4.493049353966713788e-01 6.849616209602779060e-01
3.445204786645981172e-22 -5.561902264643757832e+01 8.761525875888825921e-01 7.430401774325126052e-01 2.633628799837072210e-01
4.765261415537541531e-22 -5.529215359653198192e+01 1.803837337272975461e-01 4.979737180152348230e-01 2.403304329730581168e-01
5.215888707862617212e-22 -5.519929650602220761e+01 3.442579427109109247e-01 3.628367942701544724e-01 4.065565749919231031e-02
6.164600887903609353e-22 -5.502968259759281011e+01 5.815477380449325384e-01 3.557549829656940776e-01 8.055699912635866378e-01
6.200333332124817271e-22 -5.502140293988435360e+01 7.988265737666963018e-01 3.037637364859304689e-01 7.733329286882322240e-01
8.138167043110884647e-22 -5.474694101805729929e+01 5.856756093990090895e-01 3.129754748963684552e-01 5.491623766888121816e-01
1.047172260587000254e-21 -5.449232745460562910e+01 4.100906175589683622e-01 3.508741835916616703e-01 4.146269116338545668e-01
1.070695182283159110e-21 -5.446761276016557929e+01 7.584278276548310771e-01 2.741687743872145422e-01 2.180254132142849244e-01
1.133880711780528126e-21 -5.440777489340305095e+01 7.618005598785673183e-01 7.241305153207013845e-01 9.527943113231824857e-01
1.219672958161121626e-21 -5.433233814501438275e+01 7.175935818272231037e-01 3.004939703696760667e-01 6.188176295813008210e-01
1.875615936886085355e-21 -5.389948379559135105e+01 6.026392523232022569e-01 3.878281454426193431e-01 9.033642710566009981e-01
2.947190398903704985e-21 -5.344506859136952670e+01 7.669740667484007401e-01 3.025399400869300814e-01 6.375501695220519016e-01
3.196997783372642700e-21 -5.336120872401070159e+01 5.733354780900828951e-01 2.905006673232067849e-01 2.531415274860912001e-01
3.200867868928071668e-21 -5.335749891866691996e+01 8.083054567554136538e-01 7.473494364273283175e-01 2.402959697915026949e-01
4.093607009546440436e-21 -5.310899440991646259e+01 7.243319141334763067e-01 3.006873886359053838e-01 5.503536615042046165e-01
5.755994344696244285e-21 -5.276567909422333003e+01 5.263623274770881100e-01 3.543632813517373359e-01 6.209414881979780088e-01
6.603039956241486720e-21 -5.262589075832254792e+01 9.624548044378717915e-01 8.193057593583210618e-01 7.202886704911689586e-01
6.679153568681227141e-21 -5.261192963249736465e+01 7.506297382901863102e-01 3.679153331675485417e-01 9.590745188459716131e-01
6.744850080876951520e-21 -5.259964163803407899e+01 6.288067299061556037e-01 4.188456885429469034e-01 9.657514494225323265e-01
7.582026807481800600e-21 -5.248014034798000438e+01 8.232293445019693845e-01 7.773812825026042983e-01 3.203680892321905116e-01
7.729911718835029197e-21 -5.245832345879853875e+01 2.177605057600381366e-01 7.184416368089628913e-01 3.948156707774395091e-01
7.714394678534306048e-21 -5.245783287833771169e+01 9.595518923528590927e-01 3.003650699190034690e-01 6.734732429259679964e-01
7.826702831124167465e-21 -5.244087957378924614e+01 5.551520505974878450e-01 4.366008407398958013e-01 9.043447120468725009e-01
9.277996680802715968e-21 -5.226827525216183545e+01 5.668396978000805886e-01 3.051386555976782766e-01 1.728645335533129934e-01
1.009168292555928141e-20 -5.218170928885169957e+01 8.028453146948353325e-01 8.433342081091435016e-01 6.210077266056546197e-01
1.158222615757491689e-20 -5.204144920548651498e+01 7.884321375266251097e-01 3.032249488124098002e-01 5.733643671768795524e-01
1.218535750517998944e-20 -5.198818587431856031e+01 4.872482284797484686e-01 3.163752041862005759e-01 1.756051726980251138e-01
1.449496858116194963e-20 -5.181211930593468651e+01 4.853213297988887565e-01 3.575183529581907882e-01 5.178489433328047342e-01
1.539459598298087098e-20 -5.174940436310195224e+01 6.893351289205128518e-01 3.021768826494762861e-01 4.417925585224931062e-01
1.648859263513902588e-20 -5.167825211437806843e+01 6.624489922331555647e-01 7.758664953985371371e-01 8.102584885989384533e-01
1.726535427278566562e-20 -5.162971905040110698e+01 3.808411558717653689e-01 4.530226401282890780e-01 6.362545196323362573e-01
1.914273734573955735e-20 -5.152399750792447009e+01 8.191477073358424121e-01 7.040577178426818961e-01 9.831824331259897409e-01
1.974534876327698646e-20 -5.149050294278764284e+01 2.844679671549075195e-01 3.982153864784153674e-01 1.956871856481017247e-01
2.030301327388039146e-20 -5.146015158857309757e+01 7.500855892531167468e-01 3.543182695055691056e-01 8.606890285154669140e-01
2.508226927569176025e-20 -5.124625970758366833e+01 2.691213425514703550e-01 8.346570037346259241e-01 3.537859875274386168e-01
2.545474925948047857e-20 -5.122901856378082641e+01 8.493291516201456615e-01 3.720534637280412671e-01 9.982765755302409616e-01
2.860414336841201561e-20 -5.110986932038797903e+01 7.473754886917310936e-01 3.802829733954022906e-01 9.479445533057241358e-01
2.888602046968867822e-20 -5.109756314342637040e+01 9.255667383967646211e-01 7.667310885545211008e-01 9.002851914807011857e-01
4.021222970409873636e-20 -5.076424972988810680e+01 8.710856468857800516e-01 3.139763251979861280e-01 1.444341364136280115e-01
5.914838688618508992e-20 -5.037587158226718032e+01 6.691535717635548330e-01 6.846741890140808362e-01 9.253262021293989781e-01
6.023082002404733382e-20 -5.035523671890206288e+01 8.244650596535310072e-01 3.268676162176683553e-01 7.076392477426487471e-01
6.100018262101492108e-20 -5.034004404278613976e+01 5.486516205743932062e-01 4.677034484641098278e-01 8.928385288246477591e-01
6.699738437972616546e-20 -5.024376732122174616e+01 7.355810516510884467e-01 3.613941442526863446e-01 3.798470062721792662e-02
7.341495379911109791e-20 -5.014979325563869850e+01 8.368153258907414793e-01 3.345425550024104799e-01 1.005793079396058998e-01
8.578291117541465819e-20 -4.999160108453496321e+01 2.336015618473236133e-01 5.435375375596810388e-01 3.919672280548303078e-01
1.073863461325732915e-19 -4.976448785773079209e+01 3.641256309520712886e-01 8.594647460728374044e-01 3.989230557062093396e-01
1.300270929833453521e-19 -4.957067806443616576e+01 6.446911225271040324e-01 3.702272882967339029e-01 7.506382475008175348e-01
1.406926658330881493e-19 -4.948934306425551455e+01 7.360232310770065123e-01 3.805414940888141029e-01 8.847196482882685453e-01
1.769450132825957239e-19 -4.925758187585326908e+01 8.901569096455510532e-01 3.216930329669168698e-01 1.402052844264830567e-01
1.912131009961307427e-19 -4.917753238261794024e+01 4.519440758371375821e-01 4.180167552089182337e-01 6.254014944602699355e-01
2.177220029847854295e-19 -4.904520186739853926e+01 8.476433055147902795e-01 8.222355589054376468e-01 7.053519980646605347e-01
2.191055738573510478e-19 -4.903636721467717763e+01 7.862628451011524078e-01 2.952760068166693230e-01 3.345182019872097179e-01
3.134130285626046833e-19 -4.867589900001034664e+01 8.151329130106342857e-01 8.282624727785687924e-01 6.754678345658005068e-01
3.233530317507992847e-19 -4.864217619682789717e+01 8.085579880163031863e-01 3.567793262182638037e-01 8.026723297869233775e-01
3.304747877286269084e-19 -4.861789052959887414e+01 2.135293168424837740e-01 8.325301903118084157e-01 1.530740203852697379e-01
3.921244633066841694e-19 -4.844434160291135782e+01 4.583899583045095705e-01 7.049950166115589445e-01 7.270908137380152070e-01
3.992752600157747105e-19 -4.842376984698017139e+01 3.365712398847809927e-01 3.826098091938238133e-01 6.626416912255406189e-02
4.455237602276467498e-19 -4.831167032140911033e+01 8.557767129641189463e-01 3.218526902386257271e-01 5.627013398837718006e-01
4.654116025699557597e-19 -4.826549871986675555e+01 3.640273557011610706e-01 4.370559777675870894e-01 4.759475069418327431e-01
4.654884382292819827e-19 -4.826283364164969214e+01 7.600880684655163533e-01 6.962429657017191742e-01 1.303190749045217700e-01
4.706341544029010237e-19 -4.824933985079061216e+01 2.705805467106841000e-01 4.282012633868440554e-01 1.845914729248165909e-01
4.852106906012869607e-19 -4.821633769052399288e+01 6.064375045031192846e-01 7.590460142171078228e-01 1.642695399704001691e-01
5.129131702538146492e-19 -4.815831432866171014e+01 6.831935044916395139e-01 3.179994267677521691e-01 1.565238270800349829e-01
5.260329521923183044e-19 -4.813055704321316597e+01 8.809714201283073143e-01 7.882218965126834842e-01 4.148586525648242374e-01
6.059173492316530144e-19 -4.798667731138090886e+01 5.834104017042428536e-01 6.484151007859569882e-01 8.808580384488955417e-01
6.118983738298615098e-19 -4.797435468785213430e+01 2.585026389403283220e-01 4.215250723343720862e-01 1.071639297492655851e-01
6.695861245258407837e-19 -4.788176110381583328e+01 7.452337393728332149e-01 3.768969768104475371e-01 8.203785479696389382e-01
7.422277187331271053e-19 -4.777626480609628601e+01 4.960445431840861952e-01 4.540544620517882324e-01 7.538053871595039590e-01
7.413391036724323718e-19 -4.777496275033923467e+01 7.882769862083198742e-01 6.644576903210842600e-01 9.889753139169292773e-01
7.461182997885978766e-19 -4.776603673430554409e+01 2.349216861908849374e-01 4.471857998856965111e-01 1.281215566352712498e-01
8.159539707343161643e-19 -4.767406295578283704e+01 6.168378857030624163e-01 4.440785829457294387e-01 8.852821717718074579e-01
8.811570459585685089e-19 -4.759468503194233335e+01 4.417387768521664482e-01 6.220479583831478587e-01 7.554066621069972509e-01
9.011165377427518762e-19 -4.756978630883104842e+01 9.464113073571269741e-01 7.982409919607609261e-01 7.683543159989736360e-01
9.362360047394368602e-19 -4.752905331423127677e+01 5.985211559504629575e-01 6.983143050584076361e-01 8.447476524669981224e-01
1.012952635856067023e-18 -4.744779615389840899e+01 2.807278769637593374e-01 7.563950599982481870e-01 4.507431801522157055e-01
1.093718245993502528e-18 -4.736858249572623691e+01 6.548449605542471241e-01 7.747393126522469364e-01 7.783852498744269210e-01
1.348641809952566102e-18 -4.715656760243623324e+01 6.286333853641106195e-01 8.358164430829105873e-01 3.778204405729673754e-01
1.530305831143571946e-18 -4.702769801669457195e+01 7.106213915559996819e-01 3.463009905241154485e-01 5.764830950780668317e-01
1.567200833766280914e-18 -4.700137450210178258e+01 8.792283728361323103e-01 3.132054192114116509e-01 4.166034183946396574e-01
1.694529626880877337e-18 -4.692076042570451477e+01 9.348345998036590165e-01 3.032350035879094463e-01 3.459111366765285078e-01
2.001502345293080939e-18 -4.675176755054244637e+01 7.638775187152120338e-01 3.669213823036109323e-01 7.430568781908021281e-01
2.564985997905279749e-18 -4.650121260205845886e+01 7.533955805169280096e-01 4.546947446438862617e-01 9.966203586189622543e-01
2.581322527447249318e-18 -4.649236374662711313e+01 6.220886025434150257e-01 7.565166460363732526e-01 7.829048871772587015e-01
2.874792992984147533e-18 -4.638218495254324836e+01 8.485912192290804290e-01 6.983042614842756013e-01 1.897258235546740446e-01
3.132162543025016490e-18 -4.629394194746047475e+01 5.160164383103721386e-01 7.338211369470838408e-01 7.367471267598908469e-01
3.835505773193940435e-18 -4.608886431214406088e+01 7.585871567216099232e-01 6.605484065930764537e-01 7.315342125270041240e-02
4.460396610130896460e-18 -4.593542793364336063e+01 8.872489948245420033e-01 3.722489131105866100e-01 8.126980414836016964e-01
4.480925329512493242e-18 -4.592833604989473884e+01 6.676978680862518667e-01 3.878160701946518074e-01 7.265613589692576646e-03
5.489475213807446945e-18 -4.572283296027790556e+01 4.575851806392121635e-01 5.160584176836102710e-01 7.422338793308616012e-01
5.777792869704492682e-18 -4.566914386845392926e+01 8.245726435081669470e-01 8.077088429387322410e-01 4.526236218509045450e-01
8.899017515826991948e-18 -4.523472474259557430e+01 2.808950444070326125e-01 5.770159781747065120e-01 4.710400487506265499e-01
1.156877506563458885e-17 -4.496985595775515065e+01 9.638033146279129104e-01 4.098672401928757925e-01 9.635730314014326892e-01
1.426044422756448191e-17 -4.475817605525591603e+01 2.740211502975276048e-01 5.770864120313460299e-01 4.498291986192489711e-01
1.462362270526771691e-17 -4.473052740707548480e+01 4.653444040486743871e-01 5.244806335777035811e-01 7.444874583554190739e-01
1.630892904294436205e-17 -4.461895286988597320e+01 8.784713331913155399e-01 4.218483039542144653e-01 9.576436226576025001e-01
1.652562764731496593e-17 -4.460325325506029515e+01 2.714592833949232009e-01 6.334123719531138397e-01 4.641283221566938622e-01
1.666243309050021778e-17 -4.459250895183708252e+01 7.074492305535431402e-01 7.054822085347473015e-01 8.798485882768750654e-01
1.733446363110357469e-17 -4.455046898448595272e+01 5.547979269468306107e-01 3.573239779692228835e-01 3.367822090309213756e-01
1.779642182410098208e-17 -4.452166820578730011e+01 6.825277467462667058e-01 4.593901628413752380e-01 9.056390284502603416e-01
1.812694981565896717e-17 -4.450076585076875801e+01 8.600641208796793169e-01 7.442494726580929365e-01 8.771929548289000289e-01
2.032078165352701191e-17 -4.438402153258839888e+01 8.221805861014934713e-01 8.105012360908331326e-01 7.010479446366982836e-01
2.156623088393394319e-17 -4.432203691543446666e+01 9.086672366083330399e-01 3.732890691463851551e-01 7.555695657522262243e-01
2.395957496112958597e-17 -4.421429758818886313e+01 9.416972246362733667e-01 3.702322869403392724e-01 7.418330276820059854e-01
2.753416781127751427e-17 -4.407273792244477306e+01 3.449606298813625571e-01 6.595505502336101999e-01 5.829486968745212216e-01
3.252781253896565002e-17 -4.390357012795730896e+01 7.644896422153677484e-01 4.627708304131609163e-01 9.605919889410495793e-01
3.289793243970348908e-17 -4.388975580974140200e+01 4.140885002138023907e-01 8.528588200180305945e-01 3.296410121689500317e-01
3.329166635386459736e-17 -4.387535851573744594e+01 3.113095066065418859e-01 4.787264887335900276e-01 3.625021206663741058e-01
3.618013391604920305e-17 -4.378965544041633251e+01 2.354754646699735998e-01 5.311611454351673478e-01 2.761170931061833755e-01
4.183849793457075704e-17 -4.364184870287309082e+01 3.562105390270883243e-01 4.288906595955063183e-01 2.934717465374613310e-01
4.190678704774558567e-17 -4.363771782590311687e+01 5.435513725919640660e-01 3.571036795793638419e-01 1.067370403457802430e-01
4.705461697980448151e-17 -4.351935663132286436e+01 3.033711396578877562e-01 5.783154634966219954e-01 4.970014028176100718e-01
4.912066766914907195e-17 -4.347388574540049433e+01 5.903092820765939441e-01 7.844670371931217190e-01 7.004504389484456084e-01
4.926971469743804454e-17 -4.346835603581477159e+01 9.576284003985755522e-01 3.943812933675640009e-01 8.420388538049393690e-01
5.915391565419282804e-17 -4.328302283480822155e+01 7.646055489830074769e-01 4.653211639956336132e-01 9.510942788396963277e-01
6.725750399452805952e-17 -4.315213702594124356e+01 4.938499308465613691e-01 6.224981864610048543e-01 7.725375327461516672e-01
8.868186190706954107e-17 -4.287311024143761529e+01 7.619175392012044190e-01 3.267020403506872839e-01 2.590415897948953328e-01
8.992425218589209282e-17 -4.285669794818848288e+01 8.844920961373458068e-01 7.274093787795754551e-01 2.885055867043241351e-01
9.102849619009309834e-17 -4.284199301931668913e+01 4.522019395217878879e-01 4.562083898676898563e-01 5.727257804019185716e-01
1.140536101628956751e-16 -4.261399701931840411e+01 6.418082097643323936e-01 7.787906682272079939e-01 7.297878060006578460e-01
1.154198436844255808e-16 -4.259958932679771948e+01 4.215700347757630473e-01 3.793586872819980638e-01 1.167043646630970821e-01
1.219135420803209903e-16 -4.254235349972582014e+01 7.019077135695608316e-01 4.705584543192607994e-01 8.973375832406207397e-01
1.290352651025288799e-16 -4.248307988187003303e+01 7.654372462657452747e-01 7.542589248074443864e-01 2.708116962966178320e-01
1.474918815518723307e-16 -4.234689248782115811e+01 6.783765285774741027e-01 4.710407442173452086e-01 8.744348839457098954e-01
1.491425433026960508e-16 -4.233326310666718229e+01 5.270755622303221477e-01 4.831213525409672194e-01 7.345144518421351520e-01
1.492569796730501982e-16 -4.232999610560214876e+01 9.663715831789847499e-01 4.329502032900630626e-01 9.501528603765910796e-01
1.774938896039374835e-16 -4.215422943820359336e+01 6.751213741775248245e-01 4.427350962196340278e-01 8.056202221835796484e-01
1.806035151416013946e-16 -4.213436151728100043e+01 3.418736254439318500e-01 4.783743844565317982e-01 3.961492257413871121e-01
1.915148630578348215e-16 -4.207320020227203372e+01 9.708118033642526568e-01 7.874979233351411256e-01 5.820490215929048361e-01
2.111056857733996562e-16 -4.197330673323998695e+01 4.354290655443852076e-01 3.999378629081272729e-01 2.816274666230486057e-01
2.125261738316501584e-16 -4.196410047000794918e+01 9.783207784859776490e-01 7.729887356010710642e-01 7.773278851342710905e-01
2.375047675188282789e-16 -4.185047792472326478e+01 5.245537256021669537e-01 3.589464643389295162e-01 1.768797588326292969e-01
2.427403472569920515e-16 -4.182617327951100350e+01 6.521839475278294884e-01 5.008242953809107778e-01 8.812641710144686336e-01
2.558892218845884020e-16 -4.177092099794708702e+01 6.221943206318373276e-01 4.345139198497461885e-01 7.169965623735629068e-01
2.936234484595031518e-16 -4.163086746288339413e+01 4.723446371482227235e-01 3.713997974372362787e-01 1.678014963515579439e-01
3.603741889661011595e-16 -4.142352271633157557e+01 8.284042784741173504e-01 3.383967291487168794e-01 3.205382086633425942e-01
3.803950467252161527e-16 -4.136695531240059864e+01 6.918137809070030730e-01 5.078227126360326249e-01 9.119166257916367924e-01
4.811723039198617372e-16 -4.112944019559213871e+01 2.069441732238297416e-01 6.245744162025372859e-01 2.744535256629181408e-01
5.261683570719621288e-16 -4.103754438975487062e+01 5.668822155047094080e-01 8.359591086202553534e-01 5.359171966318366787e-01
6.329147375129424451e-16 -4.085032990456022617e+01 5.211257407174353373e-01 3.848746116905004122e-01 3.121175624143196492e-01
6.674556746552670869e-16 -4.079469263870131357e+01 9.362890486282622327e-01 7.459975942061145560e-01 3.865883752965035836e-01
6.861676324476580904e-16 -4.076454366171705601e+01 7.062999054714499403e-01 8.001955087971114322e-01 3.579194753577662480e-01
6.926898436925630860e-16 -4.075258327875233277e+01 7.534815879665586191e-01 7.258652471504601911e-01 2.094456565835196571e-01
9.144998656577782498e-16 -4.047228830083143691e+01 3.315079974867202184e-01 7.682455836822030815e-01 4.674408681143420452e-01
9.277409719369008173e-16 -4.045541305300441337e+01 4.921368216503044790e-01 7.613058202001475872e-01 6.449463696088303388e-01
1.234488139846222816e-15 -4.016725392027384345e+01 9.903326415379937187e-01 3.585238764760088070e-01 4.171184499446956018e-01
1.257528458820960825e-15 -4.014626208877300684e+01 5.505763090660197312e-01 8.398006143064122853e-01 4.012459003115144140e-01
1.286610080656638747e-15 -4.012089942770057149e+01 6.724356030138862739e-01 4.492752436275596617e-01 7.665402166385933969e-01
1.410576153084310692e-15 -4.002641210264111749e+01 5.132631679833017380e-01 5.700390155356791499e-01 7.617566351397297986e-01
1.498822848070318279e-15 -3.996323031071435850e+01 7.990321059354839051e-01 3.852721736870585723e-01 5.788860094292485048e-01
1.602821273338266325e-15 -3.989364497047671421e+01 6.380474679384334769e-01 4.242126769206781001e-01 6.396117380608121739e-01
1.605884933972260844e-15 -3.988923537740895142e+01 2.082477369786017718e-01 6.133076939502626335e-01 2.541752167609564461e-01
1.623558504024009032e-15 -3.987578999512626865e+01 9.167874476451589594e-01 3.951310124340897678e-01 6.820244279479411587e-01
1.724593210696753012e-15 -3.981291913999033483e+01 6.877067998011624494e-01 3.476103509832272342e-01 2.039649828747479576e-01
1.753328579567992843e-15 -3.979389431597300586e+01 6.938762342767823554e-01 5.805024723134851738e-01 9.139671506481142904e-01
1.779172892691117675e-15 -3.977676175349247956e+01 8.118801863687731268e-01 7.258348718754091822e-01 8.535829835926197484e-01
2.091560754759744791e-15 -3.961249978288472562e+01 2.877985911894295201e-01 5.502357680659868411e-01 3.759465867977000997e-01
2.146858205293472694e-15 -3.958390486924169949e+01 8.741192016890825256e-01 3.998881007845506153e-01 6.837546520703027264e-01
2.305729389153010113e-15 -3.951001327857468937e+01 3.869307836083352159e-01 5.964317388656402708e-01 6.020720370571560620e-01
2.419742764434431347e-15 -3.945924910394727902e+01 6.591512989779451104e-01 4.381085888435107822e-01 7.000052600406632131e-01
2.415673243900969117e-15 -3.945843231858165723e+01 7.869216246391731451e-01 5.089968917230225376e-01 9.419691540570621635e-01
2.436066651916916985e-15 -3.944752563209065244e+01 6.776552240907126601e-01 4.422331570719073568e-01 7.309206290879139978e-01
2.748956608915324758e-15 -3.932418891803529704e+01 4.396881904073329794e-01 8.442138763899391662e-01 3.654959039953085131e-01
2.864796652933976976e-15 -3.928041297141838584e+01 6.095317678197375022e-01 3.836725282495119238e-01 3.668516378450101811e-01
2.961456963426017350e-15 -3.924472897816744421e+01 8.804010993442934474e-01 6.117058247041492480e-01 7.898407518251859827e-02
2.975348254736850634e-15 -3.923754925021552964e+01 7.795338307283917745e-01 3.586684167266011025e-01 1.318599842453274107e-01
3.805514095965023639e-15 -3.898895924995611040e+01 2.105423249136628705e-01 5.542621241544161137e-01 1.627162018147223499e-01
4.202211842905022651e-15 -3.888729932684593393e+01 7.640867521459629996e-01 3.536034872310164223e-01 1.572060245025889147e-01
4.278835927716606482e-15 -3.886672934968272841e+01 8.777320920391228354e-01 5.888837365301321514e-01 9.922862789502748804e-01
4.287914823135099503e-15 -3.886210978321430076e+01 5.214726768589054151e-01 3.841796991953456697e-01 2.405331038864483295e-01
4.431038992823978171e-15 -3.882677625059378812e+01 4.203426997520951502e-01 4.893165930366608629e-01 5.108745902240778847e-01
6.557026985374367082e-15 -3.843237304599858817e+01 8.216343160268546608e-01 5.845430684363117635e-01 9.657930135640171443e-01
6.820797067461741088e-15 -3.839043400568963449e+01 8.916476254391705325e-01 4.947334345439674541e-01 9.528695400722321240e-01
6.868693890076454115e-15 -3.838093637251107992e+01 2.850314809315375175e-01 5.210907434857872111e-01 2.889742990819016422e-01
6.889991455973584814e-15 -3.837534049781492484e+01 7.553014602629127827e-01 3.794489294782316113e-01 8.179047972136921363e-02
7.344370498208098286e-15 -3.830897624162975035e+01 2.573208376059256119e-01 4.743643509313617557e-01 6.759207341214468201e-02
8.106992911240160230e-15 -3.820768333117252524e+01 6.948764507489665343e-01 3.917192229264261361e-01 4.642159078934340322e-01
1.038439581842034829e-14 -3.795760606543584004e+01 7.012386802635811600e-01 3.844947516088219608e-01 4.111142586313908387e-01
1.370753425596676692e-14 -3.767746471541746445e+01 6.412471764404327201e-01 3.676524423755987980e-01 2.398677811835147056e-01
1.410878796972531371e-14 -3.764611247927551574e+01 4.255154057352764640e-01 8.397028291132626610e-01 3.433645622418156629e-01
1.648624588041453849e-14 -3.748788389249998687e+01 7.360036587999314595e-01 3.799660567360527708e-01 8.727843391622036595e-02
1.773747488567003772e-14 -3.741223071618161100e+01 4.599616172461888919e-01 7.189170350402567244e-01 6.363900111056981501e-01
1.999202028934840971e-14 -3.729007713437233207e+01 3.060808947797918345e-01 6.745382286856558274e-01 4.583648664262185424e-01
2.072536305060350446e-14 -3.725155212438983199e+01 4.798157886495757474e-01 3.912208243314932998e-01 1.351209750788887609e-01
2.161037579343067314e-14 -3.720723678261705913e+01 6.547526780730335005e-01 5.251589795526858673e-01 8.271213093285634255e-01
2.210981440278062921e-14 -3.718188874220962958e+01 5.052326585422253213e-01 5.121206682705031765e-01 6.542229199601011791e-01
2.717842720946746669e-14 -3.697298680145879501e+01 7.653155569100644762e-01 3.967299811409069621e-01 5.555606006114444106e-02
2.895050614230589668e-14 -3.690732265558503400e+01 4.924488982932959669e-01 4.169312343757365369e-01 7.573798295809508474e-03
2.950756981054738664e-14 -3.688576350860180497e+01 8.014071493616589104e-01 3.997071738386949180e-01 5.326447118215420495e-01
3.120962711356918498e-14 -3.682718373422531499e+01 7.652612687936960478e-01 4.103181765672038184e-01 5.729864278023215629e-01
3.148319141514772767e-14 -3.681595654523285077e+01 2.419682124388433664e-01 8.060758465768653735e-01 2.242521598882931677e-01
3.261363941247759643e-14 -3.677817975501874770e+01 6.052349608252983737e-01 7.226341950716211882e-01 7.415082211598147399e-01
3.291855941585662870e-14 -3.676637372807663695e+01 6.399099806310705185e-01 4.659803300176402763e-01 6.941483813349281773e-01
3.727875000863634601e-14 -3.663948688333383785e+01 5.201398711990605772e-01 3.870286571011728460e-01 1.190495978900120155e-01
3.754624149539613816e-14 -3.662983706290902575e+01 8.965254847731488619e-01 6.173857605742748555e-01 1.106771282554305236e-01
3.862760796526616731e-14 -3.659894308970296350e+01 1.596825766042628825e-01 6.662593864577472935e-01 1.078240967427422925e-01
4.056917972890168347e-14 -3.654740168442540948e+01 3.534359072844642791e-01 6.103029769728760545e-01 5.201741195473364998e-01
4.116299001811737353e-14 -3.653037079066719883e+01 9.445096920207972646e-01 4.128498241017525272e-01 6.349986288706078730e-01
4.363809061404014694e-14 -3.646947993588565140e+01 5.682050688026792917e-01 5.028120411206730145e-01 6.990661521953259738e-01
4.482771158598197186e-14 -3.644008383240053206e+01 8.865174383629287336e-01 7.633058706596715925e-01 7.512033067229321182e-01
5.018269067907776050e-14 -3.632474018272950644e+01 4.592645988697507953e-01 7.791867145867141797e-01 1.587849594680081911e-01
5.176539341267548585e-14 -3.629118849761422894e+01 5.035994526120289860e-01 5.228482562280072354e-01 6.528135004533202057e-01
5.455531333318293975e-14 -3.623619523225067951e+01 2.103693343678274541e-01 6.070298290201210367e-01 2.051351339275609975e-01
6.039202427532061945e-14 -3.613205329497807128e+01 9.465303132842406431e-01 4.246750283463200937e-01 6.821338701661344706e-01
6.463347696927906494e-14 -3.606167784687986710e+01 9.201675596315530559e-01 4.715898198888444082e-01 8.545082586913042011e-01
7.220104174831786571e-14 -3.594845586833608309e+01 7.605644562046999235e-01 6.119896018775453639e-01 2.826476565007274289e-02
7.308858006313880900e-14 -3.593373821171273619e+01 8.310084566937384620e-01 3.927771858847177722e-01 4.517993845641905537e-01
8.415484834075951002e-14 -3.579025180834310049e+01 7.775487495994489739e-01 3.659591850345512709e-01 1.698737780673079678e-01
8.436505031969945587e-14 -3.578525712267539660e+01 4.835066858437065962e-01 4.324404794012765008e-01 3.315214120926187613e-01
9.078740239036498976e-14 -3.570938980699011722e+01 9.305615264355709959e-01 4.241929467960953160e-01 6.602597576366564525e-01
9.493690673649723875e-14 -3.566219781143152545e+01 9.493688391573670282e-01 4.380135448612588744e-01 7.266553521579927066e-01
9.568636835120493093e-14 -3.565183449593589415e+01 7.756993844770710966e-01 7.535765593176847466e-01 7.587486701248878918e-01
1.042514007250719695e-13 -3.556360504597746797e+01 7.861258113256061053e-01 4.657026080506969645e-01 7.705971990726980803e-01
1.083725150888939127e-13 -3.552233583676220263e+01 8.729014811100725968e-01 7.874015453845811807e-01 5.777386144736379459e-01
1.143390013692468494e-13 -3.546624261085065655e+01 9.748632122314996318e-01 7.598256173009390047e-01 7.090186910841193013e-01
1.183417263782319786e-13 -3.542933391734575110e+01 4.898041981447153193e-01 6.273827139161397559e-01 6.901612562645672577e-01
1.197697128329953681e-13 -3.541483950347517151e+01 5.628756712199414203e-01 3.859143808017541089e-01 1.284096288283617104e-01
1.195878483282882720e-13 -3.541385910902948808e+01 5.342890469017910204e-01 4.495509294017233648e-01 4.755201453557629243e-01
1.195795224376765689e-13 -3.541142873299690308e+01 9.500828357840225280e-01 5.982252684492963546e-01 9.623305723500670261e-01
1.291750678528475177e-13 -3.533174174332624773e+01 6.763338905613486274e-01 5.070889422236148913e-01 7.846715992925304972e-01
1.352805040177323464e-13 -3.528305991245722595e+01 4.160858316433299064e-01 4.261903872980282726e-01 1.697968309472875914e-01
1.460956621032495377e-13 -3.520364871574706456e+01 9.037293921198218394e-01 7.804296803938028937e-01 6.081418336836743599e-01
1.833834074004797873e-13 -3.497383125923764169e+01 9.110187675553720332e-01 4.422257990998255117e-01 7.136501620530899537e-01
1.837037987042753263e-13 -3.496958567192312017e+01 5.439030672919147325e-01 7.846638028488984729e-01 2.291411696044289847e-01
2.238840554878240203e-13 -3.476928203435816300e+01 9.644056567716582373e-01 3.770653919967457135e-01 2.726655998326900088e-01
2.662011673687839054e-13 -3.459365805151921336e+01 4.991352722008102205e-01 4.279417638342847274e-01 2.968579016179332397e-01
2.864490575331740395e-13 -3.451784963209038892e+01 1.953595515212890321e-01 7.115040994340030567e-01 1.993728080474701514e-01
3.571629643626686773e-13 -3.429471818234618041e+01 1.845851897730628188e-01 7.048166180213291110e-01 1.681118898770629366e-01
3.661812672514779424e-13 -3.426728186626563399e+01 9.702921050022426108e-01 3.808285997313993754e-01 2.701154938328024224e-01
3.669082066552013430e-13 -3.426279864411373666e+01 1.683591876095573703e-01 7.463566075801217892e-01 1.519236707713222945e-02
4.058671321780310910e-13 -3.415938449738280269e+01 8.683650788595212999e-01 3.746870406876060544e-01 2.414999295829433068e-01
4.116060647952597428e-13 -3.414284360424413478e+01 8.156257329979250681e-01 4.533314869165872008e-01 6.995562249958410250e-01
4.177369397025661332e-13 -3.412555843921997223e+01 5.840227813693580350e-01 6.102806439421587514e-01 7.641006457466535950e-01
4.202280796232428690e-13 -3.411711273217493101e+01 6.049685852916564244e-01 4.232098309701030070e-01 3.974375162043166654e-01
4.214934960890485688e-13 -3.411160599584869146e+01 9.594580147509189638e-01 4.853861210145191674e-01 8.391259949699563236e-01
4.336667530814837594e-13 -3.408063395366793458e+01 5.242274587918551720e-01 4.111893136693395290e-01 4.637909039644427800e-02
4.333536461832743034e-13 -3.407885621328740200e+01 4.922011148716786133e-01 4.893363799584957707e-01 5.172703852573331540e-01
4.348087032180600916e-13 -3.407300417113024338e+01 5.684122008344610899e-01 4.450978811246447675e-01 4.606184532209585125e-01
4.417221594744833568e-13 -3.405472925682501284e+01 8.701283806636589402e-01 3.779049640031908464e-01 2.637403850642451308e-01
4.517061163486768416e-13 -3.402987855947688445e+01 2.147573194352341286e-01 5.862470166507832703e-01 1.542284890004151920e-01
4.731380668124455731e-13 -3.398102310086986222e+01 7.055070863041253970e-01 3.779704241734650472e-01 1.622332356153232125e-01
5.296182755751102788e-13 -3.386575383048927534e+01 6.127064004132635189e-01 5.909774631644183485e-01 7.818607852834152938e-01
5.451909563895495386e-13 -3.383427423078645546e+01 8.277125487628593792e-01 6.359788660477554423e-01 1.155590694886559078e-01
5.504233090332833114e-13 -3.382222270779435291e+01 5.907939550311636090e-01 4.737085203098995168e-01 5.887259257253247835e-01
5.581921810691784539e-13 -3.380570702917397341e+01 5.587540964871821059e-01 5.339255764467313314e-01 6.879904665163144584e-01
5.806814996922961460e-13 -3.376370792953950684e+01 7.160552378065554446e-01 4.145655683076899800e-01 4.377718928242194663e-01
5.863272031892881377e-13 -3.375153234181258455e+01 8.786158923472756621e-01 5.963674229371397351e-01 9.208979322148937996e-01
6.033158103117046998e-13 -3.372046955129010826e+01 4.032349117068729782e-01 7.903411001983907669e-01 1.628050733112371695e-01
6.199470697367656066e-13 -3.369077623977536007e+01 5.559853053303195347e-01 3.980013388320268186e-01 1.833877803952272956e-01
7.295012876945183142e-13 -3.352554920964244189e+01 6.847084575573679777e-01 6.655899373131043406e-01 8.527762392032089966e-02
7.807079727131805930e-13 -3.345520917744143219e+01 3.635369557491207049e-01 5.566809105252940038e-01 4.413897678362375121e-01
8.238691672662483377e-13 -3.339889860306436731e+01 4.753620783308791786e-01 5.799090047562055483e-01 6.346149039174275863e-01
8.262395845565652193e-13 -3.339352555737180239e+01 9.111171329454900158e-01 3.842655947616340217e-01 2.711777789300122699e-01
8.253483315436988554e-13 -3.339210482549999881e+01 3.673107329167535351e-01 4.775810652592780148e-01 2.376081491910917443e-01
9.182985611861443753e-13 -3.328288777498291040e+01 9.169045375213252802e-01 4.019627558197454986e-01 3.894842598246039955e-01
9.376159699068545894e-13 -3.325956989134966335e+01 9.754639527457016346e-01 4.087161217834596183e-01 4.213056535751715792e-01
9.358487921818071307e-13 -3.325895642616464443e+01 8.486541679092581836e-01 3.955818810214962733e-01 3.456875448193661438e-01
9.837308136161572039e-13 -3.320655804654909105e+01 6.719063694888939287e-01 4.811329459438221656e-01 6.725335178042934903e-01
9.872107653796019359e-13 -3.320052678472304564e+01 3.725760010640565278e-01 4.576686103895167834e-01 1.665228171442929561e-01
1.073723641416968865e-12 -3.311402241793717849e+01 5.601914462253703153e-01 4.961742029115111530e-01 6.011179530745560662e-01
1.082817737352842157e-12 -3.310308840416627874e+01 3.662866275028064944e-01 6.515523607971318576e-01 5.129621534476882516e-01
1.098573348421087652e-12 -3.308614268174752482e+01 6.799543996761855391e-01 4.056682754677721769e-01 3.290287659295900724e-01
1.115402471636089586e-12 -3.306843976290581111e+01 8.468765026667642859e-01 7.380274825764863156e-01 7.695391057478818686e-01
1.152509659467706236e-12 -3.303321318662527517e+01 7.854454934502985708e-01 7.398131163578307579e-01 7.579488543035203252e-01
1.153788043196673075e-12 -3.302960458398614918e+01 4.411082937372529100e-01 7.914183550129709754e-01 1.905575715178733365e-01
1.362031727917060296e-12 -3.286117756124642142e+01 2.684969279097920714e-01 5.174322773514290486e-01 1.233984349824899240e-01
1.371025819567943771e-12 -3.285209583073935846e+01 6.731221441241928005e-01 4.840173926093259693e-01 6.724234581750022643e-01
1.390894760798515194e-12 -3.283520781094263441e+01 7.866086683096376042e-01 5.781310462855411281e-01 8.719274275038412236e-01
1.466350347454525853e-12 -3.277987850699028627e+01 2.336386944871398086e-01 5.200202912359269680e-01 2.790312886831680661e-02
1.605932647507611836e-12 -3.268645038719065354e+01 4.888344655819492068e-01 7.896828303941417770e-01 5.387753235319182599e-01
1.731280014619201870e-12 -3.260879403602831417e+01 5.698709382753155417e-01 8.180162521116796093e-01 4.885464195575137669e-01
1.839249606495947532e-12 -3.254579739791359572e+01 3.728609481887965593e-01 7.971824416091672916e-01 4.168048204218377517e-01
1.839536832866614288e-12 -3.254314124513006590e+01 9.751679600699428851e-01 5.753864341595416043e-01 1.152729517933035464e-01
1.980892236155602629e-12 -3.246660769626889476e+01 9.300968610452801100e-01 5.732169239327399302e-01 9.111038407594012067e-01
2.078946700191047879e-12 -3.241579369248221099e+01 6.601018826483581181e-01 4.020475986287713743e-01 7.867009443215011721e-02
2.123278409752444984e-12 -3.239219374989288269e+01 8.674239094714178977e-01 3.869974123546177092e-01 2.458858287048056868e-01
2.237071847966666196e-12 -3.233748726380318317e+01 4.346553267538314502e-01 4.265841118839344137e-01 8.737807806450503811e-02
2.421481242543215389e-12 -3.225577562717838731e+01 7.349011075012388261e-01 6.277522331903797603e-01 8.377546712350043556e-01
2.519443178970121034e-12 -3.221361714741393456e+01 6.318160708755268251e-01 4.921529780970240742e-01 6.428291969606760858e-01
2.803305396374250349e-12 -3.210435584415016308e+01 9.029431601213397940e-01 5.764393083519806504e-01 8.998237617781543740e-01
2.886769170142165521e-12 -3.207251712123278509e+01 9.495266639052315494e-01 7.203078148805317493e-01 4.027417423413844899e-01
2.947065527700447154e-12 -3.204934512489527521e+01 4.905530573884955281e-01 4.457759051648739757e-01 2.908812590432439116e-01
2.999940911002399154e-12 -3.202906247165410036e+01 8.098217003943789516e-01 4.776764377613237356e-01 7.147713532198685105e-01
3.508705117689776709e-12 -3.186990800672192137e+01 7.239095238928701104e-01 7.270903505790341503e-01 2.341318727792063292e-01
3.890299610000671630e-12 -3.176416888856555332e+01 3.713003837418654696e-01 4.647940852839500536e-01 1.559726351948904632e-01
3.882555252640753560e-12 -3.176366155665452240e+01 8.353754415304082137e-01 4.177666344933491649e-01 6.710359412403177348e-02
3.896213986730156469e-12 -3.175764975479832586e+01 7.370544459209709132e-01 5.054851580941479572e-01 7.437668357933625574e-01
3.888805410375102702e-12 -3.175705304577645194e+01 4.730243655840269401e-01 4.222537936029658878e-01 1.340452264289901940e-01
3.935846707959603352e-12 -3.174252903151259275e+01 7.891528218519416882e-01 7.450136219097303059e-01 3.273215461788461234e-01
4.005431773972151796e-12 -3.172250368035420465e+01 8.259160412948158836e-01 4.048605451465293603e-01 3.340515436850896025e-01
4.117012168612294909e-12 -3.169252736531342407e+01 7.613537161748636928e-01 4.224005022450351143e-01 4.263312097261450218e-01
4.401434427688786818e-12 -3.162322456970708373e+01 7.741095531323176626e-01 5.135385915911694354e-01 7.778352966600303731e-01
4.508380450000469003e-12 -3.159671707676913854e+01 8.676491051075945204e-01 7.645435897689328852e-01 6.696729091418097690e-01
5.320625359736187087e-12 -3.142856421852788174e+01 2.103867725995316462e-01 7.224782382538855741e-01 2.031147074818832055e-01
5.752623391419624125e-12 -3.134799907104715544e+01 8.469799898774833524e-01 4.135779997408247644e-01 3.772273530079430781e-01
6.274303814799352695e-12 -3.125869253078151289e+01 3.320890100235710518e-01 5.284073882200530647e-01 2.760036055192386373e-01
6.302871651594600177e-12 -3.125164971653812529e+01 5.716090365828981890e-01 4.613887841249010302e-01 4.476251322283822942e-01
6.320604721255417838e-12 -3.124634017647138862e+01 8.032241569569625872e-01 6.271866522739212302e-01 9.852340256214353609e-02
6.388003169819570639e-12 -3.123323333722835216e+01 5.060983942638838107e-01 4.234474971529496035e-01 4.838049234091945650e-02
6.460208335647985265e-12 -3.121949349642090965e+01 8.283701185639631426e-01 7.434261287248020711e-01 7.341775355330945052e-01
6.797910020099906931e-12 -3.116603984884064005e+01 7.706741299630232023e-01 5.820348281601905871e-01 9.889317834083644065e-03
6.813436097218466923e-12 -3.116125850448004542e+01 8.177797923004698211e-01 7.821132147690210701e-01 5.702695047511683324e-01
8.278788660140610426e-12 -3.096395840318546533e+01 5.440323435323057844e-01 4.241886598383080020e-01 2.249244679688594539e-01
8.553662725071774967e-12 -3.092879548368208020e+01 6.706116339862832065e-01 4.529948438064154148e-01 5.002499390381017763e-01
9.478935629044673580e-12 -3.082358302924936311e+01 7.986488316156731271e-01 4.291521841001418869e-01 4.457540567227008532e-01
9.699314939982328850e-12 -3.079809980552450455e+01 9.162204518262481168e-01 7.342579406966402988e-01 4.263954043546791528e-01
9.699794868413365758e-12 -3.079555032609622955e+01 3.712238674632785118e-01 4.595772939324165307e-01 1.063523832847464989e-01
9.728666132583232963e-12 -3.079007826511616486e+01 2.366731131103670949e-01 7.705528311819970222e-01 2.178567231324571862e-01
1.001959293203279760e-11 -3.075811259450985702e+01 5.740595328411295384e-01 4.741803803212871760e-01 4.869388382185058095e-01
1.119257879537389192e-11 -3.064490411267196990e+01 5.853982128006234298e-01 4.632969845924294061e-01 4.531138048761349513e-01
1.239515435284609406e-11 -3.054034944555461450e+01 7.112535980646583766e-01 7.766830464339238294e-01 3.644166610227880243e-01
1.332719902764452736e-11 -3.046534807714255777e+01 7.998382475037093542e-01 4.010485020974972059e-01 1.222219905607415669e-01
1.336678326652235999e-11 -3.045988229500811428e+01 9.787338102300826570e-01 4.215074285274966748e-01 3.463384430029436967e-01
1.338409142338744269e-11 -3.045608826933748503e+01 8.270612898314239070e-01 4.706338366630505865e-01 2.686451953898161271e-03
1.404262301300980086e-11 -3.040555785835907798e+01 6.308690781249188806e-01 8.077745269991699617e-01 4.440634947848535186e-01
1.521290541866291544e-11 -3.032301095547313707e+01 7.905401525343558333e-01 7.571313673827819724e-01 6.896804971070660262e-01
1.604189880496336261e-11 -3.026745108900181691e+01 8.217321784436754095e-01 6.960102460504308253e-01 2.467843621095007212e-01
1.632625607401865815e-11 -3.024738044984614760e+01 3.889234895513684620e-01 8.183104927777177240e-01 3.116934079738140628e-01
1.700024812632387966e-11 -3.020442712417989739e+01 8.718337501824415803e-01 5.649247569539069813e-01 8.513841385978493381e-01
1.745100366083844209e-11 -3.017575790042084805e+01 2.681915593383141783e-01 5.046046820294410873e-01 1.163174226456142879e-02
1.795492505457903083e-11 -3.014479061019603989e+01 5.553271466563262093e-01 7.537908971880983300e-01 6.163501639460285952e-01
1.974552655636487754e-11 -3.004722810157955948e+01 8.132814234486098748e-01 5.628882838253030929e-01 8.280717952433132023e-01
2.023997660395376380e-11 -3.001999537530824824e+01 8.223828235827975730e-01 6.691408395175370005e-01 8.207037021585174008e-01
2.029035581752918219e-11 -3.001500937351592668e+01 4.769344120019792799e-01 5.355894091383471833e-01 5.203765882229661743e-01
2.048685113817618818e-11 -3.000287179133523452e+01 3.046619445482229294e-01 7.984737430233881383e-01 2.875393609582261867e-01
2.090956994090576723e-11 -2.997994811771608425e+01 4.526830076194274799e-01 6.672158961534605526e-01 5.894891936507322683e-01
2.109982933067993361e-11 -2.996839011193976532e+01 8.948907695260460704e-01 4.554106700200597491e-01 4.132084829747983967e-02
2.268387342265827947e-11 -2.989350081368690226e+01 4.367624941308593245e-01 5.197610186415018152e-01 4.211218362251837322e-01
2.278563603891131994e-11 -2.988652472466099042e+01 3.192139614280441462e-01 8.074966759435484587e-01 2.712282249902179254e-01
2.601993919995046432e-11 -2.975129192738008754e+01 8.918062147004889306e-01 7.176305612164814995e-01 7.644377879874102444e-01
2.774018120428403355e-11 -2.968477311669228769e+01 9.944051588317017742e-01 4.553746958042430570e-01 5.380245722980726564e-01
2.814563671388006092e-11 -2.966776272250707081e+01 9.205920624456696011e-01 4.286846814399758454e-01 9.194241877890563241e-02
2.930455587892846060e-11 -2.962491206911170849e+01 4.273715474626292865e-01 5.612318383680090506e-01 4.891148180926798705e-01
3.067819905149500954e-11 -2.957660279007911441e+01 7.316069846069487292e-01 6.294673569790533163e-01 8.021030045986812240e-01
3.107410082826473356e-11 -2.956128036235209322e+01 9.713336931860214740e-01 5.769355309483926719e-01 8.604519572718042353e-01
3.311287671536333444e-11 -2.949523283242982075e+01 7.920245286362437298e-01 4.403270309094317048e-01 3.556975153952068869e-02
3.354797058685589451e-11 -2.947967869142199149e+01 7.401607260358835649e-01 5.687821203166534278e-01 7.895763793821317655e-01
3.614506305636310384e-11 -2.940261469280594397e+01 5.269026321115634071e-01 4.601695464347834719e-01 3.287625035095498305e-01
3.703381833569656983e-11 -2.937582355953054503e+01 9.464648969779326793e-01 5.061646637676231464e-01 7.453172487897979925e-01
3.826932804110262455e-11 -2.934050632288426641e+01 3.142669068233496787e-01 7.942724280103440337e-01 1.606076219319632070e-01
3.944645593997165767e-11 -2.930771085729548986e+01 9.199163943342714145e-01 4.803286460182525364e-01 3.646137490830914096e-02
3.948501293167147020e-11 -2.930423388333776202e+01 6.780094807179608551e-01 4.109246136889226353e-01 9.536346749020907509e-02
4.101237818876960020e-11 -2.926378113561299799e+01 8.511516091610913382e-01 4.305441035704802299e-01 3.905416248201105667e-01
4.139895650604480563e-11 -2.925189938845009152e+01 7.262954304872288880e-01 7.785779320001871007e-01 4.019380351615475799e-01
4.636196587691743076e-11 -2.913617564163050488e+01 8.255318755445711920e-01 5.033410551720253201e-01 7.112042811384278185e-01
4.637263139964171213e-11 -2.913344561911281971e+01 7.576990807640980874e-01 6.182002061660399894e-01 6.700399136233559094e-02
4.939838364603782534e-11 -2.906773735985296625e+01 5.512473408515153883e-01 4.270781387505334648e-01 1.867387214118843008e-01
4.979634422599206487e-11 -2.905721349157630939e+01 3.968422992957069129e-01 5.918498300982621974e-01 4.753264368148972796e-01
4.982964981751842089e-11 -2.905404487907036781e+01 8.724960590736287047e-01 4.541454332298587859e-01 4.221911205790718213e-02
5.065177540048364686e-11 -2.903518078138593950e+01 5.433568828421887487e-01 6.569735733521754328e-01 6.683189246231677760e-01
5.125079569148124293e-11 -2.902092392021027578e+01 2.489141692338161516e-01 5.940562733881339375e-01 1.821031600950003826e-01
5.219664524738617250e-11 -2.900013683826379562e+01 7.607433626484152445e-01 4.690466617299158258e-01 5.638814461301138170e-01
5.226958300730569393e-11 -2.899624044877046813e+01 4.111780389887904619e-01 6.225745816548439171e-01 5.204218903208172042e-01
5.231309941239215166e-11 -2.899290825731025478e+01 9.036315062131159426e-01 7.544959021891380901e-01 5.604601169844410924e-01
5.605612001144803190e-11 -2.892130173180911612e+01 9.926701294764008754e-01 4.565911598799922144e-01 5.036797412839936205e-01
6.009719846516663557e-11 -2.884919183789733665e+01 3.532194213506615332e-01 7.032583690929761211e-01 4.473374794625044615e-01
6.306881086368791196e-11 -2.879842869752830481e+01 6.857977071951852910e-01 4.676582313265095214e-01 5.059874119545653137e-01
7.364517647326443999e-11 -2.864089641558761201e+01 7.446338403946719531e-01 6.932047217137821127e-01 7.599523168927753147e-01
8.246074130758783461e-11 -2.852533274665209717e+01 4.727559966273165992e-01 8.137610487835532647e-01 3.470144364792777658e-01
8.890079687133442022e-11 -2.844763395763397185e+01 5.070135965855183668e-01 8.085226145727655300e-01 4.435470605549892698e-01
1.007090417376974960e-10 -2.832041947924698277e+01 4.887880251759350037e-01 5.444989205336722149e-01 5.205413855988690885e-01
1.040289426832021738e-10 -2.828548590834042642e+01 1.726684801545159686e-01 6.408961903310053110e-01 2.639016309188280118e-04
1.072890647094056558e-10 -2.825212833259202583e+01 9.033314031268455668e-01 5.780632337517879193e-01 8.279199655101188160e-01
1.093913192197604486e-10 -2.823022352595282669e+01 4.770829011784384344e-01 4.385249484053673763e-01 6.087498276094771565e-02
1.374783108331144380e-10 -2.799918889852677850e+01 9.350304716538494487e-01 6.175365506022335582e-01 8.356030627235749852e-01
1.459558377723142138e-10 -2.793685096885552710e+01 8.716146603874493914e-01 7.348478237413302860e-01 4.148599875349456845e-01
1.515011660617635937e-10 -2.789706174209858247e+01 4.871515157610533109e-01 7.161420312279125344e-01 5.820882813380336973e-01
1.535737380087780329e-10 -2.788097423420563814e+01 8.063064707957927624e-01 7.389897972098203871e-01 6.970770419660045070e-01
1.557272212523681325e-10 -2.786454916881523047e+01 2.779545244369270307e-01 7.873748010222436644e-01 2.295685990921135788e-01
1.570371479724981216e-10 -2.785367267514563849e+01 6.850262930457343691e-01 4.644960870634130545e-01 4.594760678106175611e-01
1.645234688868690378e-10 -2.780460183576111532e+01 9.068229190914419702e-01 4.184212897402337372e-01 2.040140385898361330e-01
1.672206272466112064e-10 -2.778584100205457474e+01 6.823197975240405944e-01 5.634236856897949508e-01 7.203635763166065242e-01
1.733031521909992046e-10 -2.774761267802434261e+01 9.734907091220045272e-01 5.330839504584845567e-01 7.577904623674794893e-01
1.789697132036732565e-10 -2.771293847225036444e+01 6.780543156220518730e-01 7.927282327402469519e-01 4.620217307460859901e-01
1.789023256770678189e-10 -2.771081507349371975e+01 2.901124364922644805e-01 6.916931587291067496e-01 3.364841220123759857e-01
1.825352878617082660e-10 -2.768821155131809419e+01 7.606228360923059650e-01 4.350835542159473546e-01 3.324542074375650413e-01
1.897350153122229219e-10 -2.764702662132488697e+01 5.929896872159678978e-01 4.278365580075907948e-01 6.565000134137455312e-02
1.910198404440189348e-10 -2.763777776447363266e+01 3.693895208378323858e-01 5.211467208462572387e-01 2.544826558498057834e-01
2.250371370376386315e-10 -2.747138962171050025e+01 3.830290701417717880e-01 5.346578261313835734e-01 3.164297236007120873e-01
2.272764259316347705e-10 -2.745898805177101210e+01 6.867298509859393052e-01 7.647914547048614287e-01 6.230977131431959526e-01
2.336535285015029939e-10 -2.742881569310910450e+01 7.693951101317280106e-01 5.857779205736979300e-01 3.308958361063774056e-02
2.373794053363120926e-10 -2.741049533628333634e+01 6.600896813423691167e-01 6.238863325085916012e-01 2.888636063246496910e-02
2.430591818593454249e-10 -2.738435010336157660e+01 5.297145589894070028e-01 4.342171034750249570e-01 1.380008735048585677e-01
2.731099385696273862e-10 -2.726528064429154696e+01 4.473701910314429320e-01 6.168889616660330200e-01 5.413592319651083784e-01
2.744004087307777594e-10 -2.725806667840143760e+01 9.460222310031746185e-01 7.349226303765148405e-01 5.902881886549302681e-01
2.819295611434857228e-10 -2.722849780723774060e+01 7.038487398888556568e-01 4.218108178483460646e-01 2.142965581264327790e-01
2.818224902661301548e-10 -2.722637765819660061e+01 5.924281540579473537e-01 4.299981770821752480e-01 1.827213052861471621e-01
2.998906815591742072e-10 -2.716173705035017960e+01 3.626806529074121377e-01 7.074594058962621057e-01 9.523127521600005529e-03
3.142804792436596959e-10 -2.711236923059533410e+01 8.161910090315290800e-01 4.735591752650895048e-01 5.359100154726306187e-01
3.138761266305173935e-10 -2.711115665690021359e+01 7.844314217939147849e-01 4.507656312264505249e-01 4.090156724760738438e-01
3.196947278867647633e-10 -2.709028849867988953e+01 6.285465190428798365e-01 6.553110352761649660e-01 6.320258926470356808e-02
3.284418462075992742e-10 -2.706079526982977157e+01 8.720942883199330753e-01 5.204059166523922197e-01 7.066237457204901373e-01
3.355211463363946814e-10 -2.703697008005162417e+01 8.531720007700199782e-01 7.512266416817859893e-01 6.291331740294138219e-01
3.617088409586117406e-10 -2.695931548234231911e+01 4.500234890274882327e-01 7.120893383761167650e-01 6.140131652847236055e-02
3.827662006762107841e-10 -2.690023070310937214e+01 7.305371174241375165e-01 4.187086761719495120e-01 1.184580066067381088e-01
4.311283606658373006e-10 -2.677874919746131965e+01 7.809868148902574525e-01 4.363580975007043117e-01 3.058800441572941953e-01
5.331864149026675712e-10 -2.656378395424284378e+01 8.257363636980348254e-01 7.418598149887416504e-01 6.663260301130330410e-01
5.421388027740701062e-10 -2.654463300146335669e+01 4.472332357134206626e-01 7.645734621558583077e-01 1.637907200709532995e-01
6.135505849117737805e-10 -2.641839235004987785e+01 6.150191148387798012e-01 7.278230129895381095e-01 6.452070673713380389e-01
6.238108242728886932e-10 -2.639930790761979651e+01 9.785182288935625472e-01 4.548257019241882526e-01 3.273659763030135617e-01
6.397353811521966268e-10 -2.637160043989270974e+01 4.197813301361651428e-01 7.855541953143716505e-01 4.241921755107026515e-01
6.393919374353008265e-10 -2.636963743682829175e+01 3.748685564712741503e-01 6.510447276984391296e-01 4.503203829589407237e-01
7.596873119283564283e-10 -2.619474814684977915e+01 8.516827778046442976e-01 6.065025522083645759e-01 7.918950104340580776e-01
7.656679525750193182e-10 -2.618440647031376400e+01 5.695013109851363442e-01 7.199649121823982201e-01 6.244706911141809647e-01
8.387633388811832103e-10 -2.609072647235021236e+01 9.036232644646740031e-01 7.377099709437610064e-01 6.161394390664393095e-01
8.408029404502320275e-10 -2.608579774703376586e+01 4.749298558779064816e-01 5.252660951552982072e-01 4.083519832272349825e-01
8.447380052534195251e-10 -2.607862853746942378e+01 6.416577711694005925e-01 7.325699501201434760e-01 6.483703858452370961e-01
8.775859119429491812e-10 -2.603798020790001289e+01 4.339734518715721023e-01 7.068082371747992365e-01 5.178730292353287412e-01
8.807732099148154713e-10 -2.603185489447784917e+01 5.716677293270134852e-01 4.618848846074393721e-01 2.847040218152929736e-01
9.177972293186112533e-10 -2.598817858066867714e+01 8.440614713465531826e-01 7.540734648952391872e-01 5.214067678508825798e-01
9.658250044039701948e-10 -2.593467240085503178e+01 6.751685170083687737e-01 6.135173342799419283e-01 7.210173936883674806e-01
1.004841589007344249e-09 -2.589256987860459347e+01 5.494933555456719132e-01 6.986458108396926825e-01 6.234810998567433815e-01
1.053191467646868329e-09 -2.584307473756711460e+01 4.953142158748370383e-01 6.185676822225194549e-01 5.778069201828045509e-01
1.057726856784405367e-09 -2.583627765409983823e+01 5.403210453916602596e-01 5.302419010702001945e-01 4.981029143350861332e-01
1.097952576319982884e-09 -2.579645263362439778e+01 3.320729705447295066e-01 5.732832204363759177e-01 2.775834022603869133e-01
1.113925124124529406e-09 -2.577950985910015191e+01 8.680486150265573908e-01 4.958109426661807539e-01 5.860608604134416311e-01
1.118805894355728874e-09 -2.577263783401938824e+01 2.665522823862412904e-01 6.241980148857229072e-01 2.211521744239961507e-01
1.122580976724627080e-09 -2.576676930716019243e+01 4.980442452820151855e-01 5.324286077916642324e-01 4.515832378907594924e-01
1.141448254024114859e-09 -2.574760193041349154e+01 6.801177908828950347e-01 7.758628601872056274e-01 3.866009837261825677e-01
1.226889776703507975e-09 -2.567291745465737662e+01 6.822142523304119965e-01 5.459263458627253707e-01 6.512931664778652818e-01
1.268467652389202363e-09 -2.563709018576011545e+01 9.537344739719052500e-01 4.571511129412355601e-01 3.203630235138436033e-01
1.328380150307570943e-09 -2.558843951696154306e+01 9.910662751869901976e-01 7.020915156317220074e-01 6.663921036346494020e-01
1.363014010713987467e-09 -2.556020135283139894e+01 6.965948933046047786e-01 4.274195358612667972e-01 1.081161673368978837e-01
1.392148122433078252e-09 -2.553655181876859004e+01 3.404551694946295060e-01 6.520963159321512270e-01 3.875329873450180651e-01
1.504481171137134080e-09 -2.545645168283407855e+01 7.348726215002415740e-01 5.742603623150916992e-01 7.176820464206127292e-01
1.501055233148952757e-09 -2.545623143527167542e+01 7.893487879043568078e-01 4.761277877147152005e-01 4.777640320069644897e-01
1.544595457720480547e-09 -2.542513774841297192e+01 4.079416190982823043e-01 8.010987074153831378e-01 2.729394834746040610e-01
1.623345539251185205e-09 -2.537291061736954845e+01 5.268029853728717349e-01 4.645048976929553319e-01 2.265493547207189096e-01
1.649158276620604179e-09 -2.535463476244585834e+01 3.538098669515002959e-01 7.931936061537576688e-01 2.116497111697021039e-01
1.704322706151054204e-09 -2.531923199279282954e+01 6.402759071809536184e-01 6.244132918817727473e-01 2.863475044152974380e-02
1.722275748873900780e-09 -2.530625325871626785e+01 8.292502867252465881e-01 5.115482237785712316e-01 6.204400412766718498e-01
1.734269408097069871e-09 -2.529681355053218894e+01 4.323842159818344077e-01 6.992406517095522966e-01 5.116232732061406496e-01
1.742020475521860281e-09 -2.528985415242142665e+01 9.686363305102205778e-01 4.892108166618445164e-01 5.085620974203439726e-01
1.755882170184901842e-09 -2.527942839311348777e+01 6.786113703454873525e-01 4.307836609252435611e-01 9.615067768629126377e-02
1.778702644775916529e-09 -2.526401553750027063e+01 4.824475344891594464e-01 4.609236641753661212e-01 8.714115980557601837e-03
1.830178159426528145e-09 -2.523298646782104271e+01 7.529603457453618587e-01 7.238637850477100955e-01 2.937869460030482216e-01
1.969687792419235210e-09 -2.515702473562858188e+01 7.609244022493510951e-01 7.008229282830260587e-01 7.137693754947694869e-01
2.006529384534904619e-09 -2.513599322952370230e+01 5.196986552814332194e-01 4.725926660659839351e-01 2.473899026684418523e-01
2.172850503601598725e-09 -2.505385988314402113e+01 9.278262813418507449e-01 4.591506240091914881e-01 3.229938924570109338e-01
2.197289242240942185e-09 -2.504017534680356150e+01 8.798609941990670480e-01 4.576662773625328473e-01 3.457479265352731979e-01
2.233284276419638886e-09 -2.502142651310826693e+01 4.876733864394331430e-01 4.520875322580130140e-01 6.710877716250085445e-02
2.248940600821285789e-09 -2.501194052355855391e+01 6.822617695586316033e-01 5.382606145782735663e-01 6.206291160389335593e-01
2.263489358096791052e-09 -2.500299219845635790e+01 9.953173576718821192e-01 5.914857416844131466e-01 7.557188299541958143e-01
2.288468773804801853e-09 -2.498951684862586475e+01 8.256322555618894610e-01 6.273688561320974744e-01 7.677725497498240070e-01
2.339038289940356817e-09 -2.496515992712733123e+01 6.968358985060660871e-01 5.670415197277108854e-01 6.792371196211773876e-01
2.401346418156010888e-09 -2.493637019720058134e+01 6.423088073215029725e-01 4.503916909565688353e-01 3.069766908332371980e-02
2.436176401834639706e-09 -2.491947002304149450e+01 6.189698887265826510e-01 6.260892036243801417e-01 2.143807282468346287e-02
2.585138120920211061e-09 -2.485762084658999882e+01 3.507338611307696530e-01 7.821820461868761454e-01 1.721468045049575624e-01
2.800567041900249374e-09 -2.477507787317142629e+01 9.452822945819236988e-01 7.093686303441324448e-01 4.795000819378095747e-01
2.957516718527131515e-09 -2.471804981503365894e+01 8.010001538895212825e-01 4.807625238083390595e-01 4.734827243641036576e-01
3.130472745373878577e-09 -2.465871575480576539e+01 9.337164351531013207e-01 6.905199854368831991e-01 3.946940098696904986e-01
3.147746730473375741e-09 -2.465071291160132105e+01 9.967762889467484122e-01 5.169827053548810003e-01 5.844895090396593496e-01
3.333434843014261650e-09 -2.459089652804704329e+01 5.062131873403935556e-01 4.916767181402176279e-01 2.962237483824475826e-01
3.368117194680464847e-09 -2.457804589251855276e+01 7.237281173768889131e-01 5.902953087521993769e-01 7.111779477915450842e-01
3.407106409348831601e-09 -2.456403641405750804e+01 4.197179496937839538e-01 4.771410603119548011e-01 1.057749437208809207e-01
3.495041898484623052e-09 -2.453605442107816614e+01 9.441884227894850046e-01 5.413633973173900271e-01 6.771750133002772953e-01
3.527837661386607005e-09 -2.452421466207392342e+01 9.995841876042923513e-01 5.279007937139207352e-01 6.161787312092902313e-01
3.583450232704749141e-09 -2.450607369635974209e+01 6.366264928735259065e-01 7.736981098176672900e-01 5.466258155433169064e-01
3.657999942267072232e-09 -2.448298325062755509e+01 2.956106844568011649e-01 6.091915386193309523e-01 2.445528388576722056e-01
3.745578702963274253e-09 -2.445682365295645866e+01 9.958822245303950993e-01 6.608837524969751742e-01 7.257342736457789156e-01
3.814975661445599135e-09 -2.443596549979721999e+01 5.042460000252997343e-01 7.717824032103243193e-01 4.964456673241322004e-01
3.888868270459931425e-09 -2.441428160255616930e+01 9.893665743191161210e-01 5.969059934627788389e-01 2.523993598810736483e-01
4.221015519436983515e-09 -2.432982404129952769e+01 8.557539951072211659e-01 6.255280581972045839e-01 7.611244862015331680e-01
4.302536586741975678e-09 -2.430819503214548050e+01 2.381519837850103460e-01 6.730062456730316889e-01 1.791592197918412399e-01
4.354352717510769602e-09 -2.429372381528906999e+01 6.626185754091324931e-01 4.917506585199853397e-01 4.445572556371933937e-01
4.404655267303776865e-09 -2.427973778789676373e+01 8.953803931256170134e-01 5.174411154909369648e-01 6.466797851316952173e-02
4.430392812291214141e-09 -2.427141153374147109e+01 6.682372919266105216e-01 6.179977995290470982e-01 3.991707972766711521e-02
4.445976661394147157e-09 -2.426540021863439378e+01 3.426282496193560068e-01 5.080021780275257859e-01 7.626852281910190268e-02
4.570883787204348284e-09 -2.423519320971970714e+01 4.700196370495446363e-01 5.498260493323856579e-01 4.246880180726528842e-01
4.686944923077518382e-09 -2.420761881693895390e+01 5.071813529445106106e-01 5.547369235268784227e-01 4.818556426783655589e-01
5.277884732434686353e-09 -2.408637438622164950e+01 8.099163358572867288e-01 5.742985490251613090e-01 7.167949809496643176e-01
6.326449751379942536e-09 -2.390266056676018280e+01 7.105595539754642198e-01 4.358227151490844387e-01 1.472433559466489461e-01
6.498953683961442849e-09 -2.387325859256756289e+01 7.587337976232889636e-01 7.332082026893971261e-01 6.472571150835723097e-01
6.669243047964885635e-09 -2.384489341738831314e+01 6.700969462268910881e-01 4.400150533264336472e-01 1.671700526880216531e-01
6.851670238460027113e-09 -2.381540733182913172e+01 8.244628410010913511e-01 4.672754048405205474e-01 3.592931985160906505e-01
6.907018731065467283e-09 -2.380486168281445103e+01 3.390361720393229028e-01 7.459423193535935637e-01 3.548528553905468952e-01
7.075090385070688143e-09 -2.377831956609087172e+01 9.255277411554972966e-01 5.280625570236747723e-01 6.178824885320748361e-01
7.538798975600126717e-09 -2.371233690253692927e+01 5.948404416337428335e-01 5.196898554998956588e-01 4.722544615567079163e-01
7.536252685944783541e-09 -2.371017471758880291e+01 8.882834536047624630e-01 4.806502881096682556e-01 4.182568348699239325e-01
7.677529217814257430e-09 -2.368910200584626580e+01 9.608611228279211325e-01 5.991630637703073692e-01 2.362814846007240677e-01
7.835208187083932615e-09 -2.366627233793755636e+01 3.273573508834396462e-01 5.844258866378054806e-01 2.523399400665163883e-01
7.894423593278421777e-09 -2.365624314885569390e+01 9.939183575092405132e-01 5.105124001733335470e-01 1.759073478602463103e-01
7.992099497551169830e-09 -2.364144629390128216e+01 8.466660383510059562e-01 4.662155220771774244e-01 7.121322945098862434e-02
8.101887922835767736e-09 -2.362530267340007839e+01 8.980068478833014289e-01 4.990269212115621134e-01 7.205109621139049736e-02
8.255524344875388822e-09 -2.360401719100013906e+01 7.878575939836779396e-01 4.430131788263418358e-01 1.065413265431751633e-01
8.383844886606160189e-09 -2.358609315852648791e+01 5.696213355934578448e-01 6.618498508880361619e-01 6.248691598760126586e-01
8.984744497767406773e-09 -2.351437170151355360e+01 9.978990990008859141e-01 5.055302873024144494e-01 4.605575389604833481e-01
1.068167741412421884e-08 -2.333886990236677050e+01 6.787975309035869653e-01 5.524548170905743127e-01 6.092208411549046021e-01
1.065894744455434608e-08 -2.333850010973564437e+01 9.470466408254842872e-01 6.919337391763109579e-01 6.687931915686137208e-01
1.097849754010182085e-08 -2.330646119415139950e+01 9.186613736032661626e-01 7.030753643640503814e-01 4.430192655509529454e-01
1.108009700094006109e-08 -2.329474934893528371e+01 8.895738458393244175e-01 5.289445869492156449e-01 6.095284324295302536e-01
1.106595811016225413e-08 -2.329352622579916599e+01 8.727921645850478249e-01 4.778101936680657635e-01 3.842134494026699931e-01
1.153460166909145423e-08 -2.324954842615590422e+01 6.769342208326876165e-01 7.363509485090841133e-01 2.784304465731776146e-01
1.163573209697975653e-08 -2.323831906808096193e+01 5.176166526459611283e-01 6.371896221314856668e-01 5.734252758532262240e-01
1.198033876148611752e-08 -2.320663291527347027e+01 9.156013489011851636e-01 7.084826532771933971e-01 6.416687705525944141e-01
1.210714359774810825e-08 -2.319360412643739622e+01 9.753148363558871159e-01 6.937005460522897016e-01 6.128181137217443286e-01
1.250616904157499811e-08 -2.315867773892190584e+01 8.395040112901351881e-01 5.044992452556577023e-01 5.211035555235149497e-01
1.276781049092841914e-08 -2.313547258671874829e+01 6.084075540485311961e-01 5.142478623248726288e-01 4.512094935924511052e-01
1.353381846776312114e-08 -2.307470816014484427e+01 3.801589399362671484e-01 5.434438303983645246e-01 2.408776076296346158e-01
1.380723302195260978e-08 -2.305220719793408080e+01 3.576318276812368024e-01 5.605232177441068497e-01 2.451960327118719585e-01
1.390024230162188764e-08 -2.304299351305750321e+01 5.550211598789317469e-01 6.069096384673994260e-01 5.857890876220357423e-01
1.470722807763191014e-08 -2.298406070591529726e+01 4.363802729163163141e-01 7.488732071588429795e-01 4.584260523879614135e-01
1.481143786850048917e-08 -2.297450007356929547e+01 8.132805497404846928e-01 4.483985471844981197e-01 1.927466149039295251e-01
1.489940728970328956e-08 -2.296607835186792101e+01 7.074015263253825569e-01 4.692682517625647032e-01 3.145629919561906407e-01
1.512724581410220124e-08 -2.294840230834226347e+01 9.826046705084856558e-01 5.048112759478466938e-01 1.868650041187003286e-01
1.695576683057624980e-08 -2.283179178285815780e+01 9.268707420367747751e-01 6.205115377564550672e-01 7.279626761647421951e-01
1.699209654261992871e-08 -2.282715145811883062e+01 8.913039004950070732e-01 6.848211980749416838e-01 3.554915929894000293e-01
1.695660506007980613e-08 -2.282674234783153011e+01 3.305577622809100502e-01 6.653309644085779739e-01 3.438696904555788025e-01
1.705555090972983581e-08 -2.281842406751627550e+01 4.702081475253359066e-01 5.631319562190884032e-01 4.256885041436156980e-01
1.703250492964627597e-08 -2.281727621172205644e+01 9.190183274915921796e-01 4.723462282439552240e-01 2.627989770059769858e-01
1.760106373422379254e-08 -2.278194044515132788e+01 8.674061676944070376e-01 7.178209033195102062e-01 4.337090669225177608e-01
1.771110639096428240e-08 -2.277320786230137983e+01 7.817469056885149037e-01 5.963382732276673037e-01 8.783369847118938090e-02
1.779115121250344593e-08 -2.276619857401515645e+01 6.728134532179290694e-01 4.500073743532133630e-01 1.861254701590088212e-01
1.823711450836944476e-08 -2.273894100849474853e+01 6.450560522730472979e-01 7.364486545284599783e-01 6.039774410074764122e-01
1.849581213382969220e-08 -2.272235544949945663e+01 6.588609823624950179e-01 6.096604798481520815e-01 6.586223322001814040e-01
1.860294007969813265e-08 -2.271408014778500473e+01 9.611701807208833381e-01 4.876763710411192720e-01 1.840050842772820161e-01
1.940295706600901086e-08 -2.266947430427703125e+01 9.539872842447927326e-01 4.964377923334211129e-01 3.973963670703223316e-01
2.031235373006828866e-08 -2.262117052573080400e+01 9.860147075000208483e-01 6.799608783106878551e-01 5.019839914922815671e-01
2.044607155579841571e-08 -2.261210902073928608e+01 9.547154449953531019e-01 5.698743552776434074e-01 6.683420576357472775e-01
2.091911786454790892e-08 -2.258673631359253520e+01 8.473374658904603285e-01 5.417322411926166481e-01 6.536996210084078385e-02
2.113958113398035442e-08 -2.257375261847600001e+01 4.686581002914421701e-01 4.696587019039671906e-01 7.292510434267263086e-02
2.130378555786389063e-08 -2.256351500216823425e+01 4.085071038756917794e-01 4.847860003099692117e-01 1.967634877627133516e-02
2.137625104984286919e-08 -2.255761924305587129e+01 9.906239138036674330e-01 5.153079831000629829e-01 4.587580234530689305e-01
2.220097853746507079e-08 -2.251726341864257108e+01 9.582041079826192354e-01 6.833135309833247018e-01 6.526399219592160517e-01
2.239125358610778606e-08 -2.250622936710975708e+01 9.359150560763834781e-01 5.045629289950978036e-01 4.586911789825894870e-01
2.326311418620118934e-08 -2.246553076077779210e+01 8.377005994028791092e-01 5.187763739270270236e-01 5.493442048514244336e-01
2.386078062487950892e-08 -2.243766365179385147e+01 6.062039987352876302e-01 6.475274237555621593e-01 6.353331144848021195e-01
2.388962012230036961e-08 -2.243395572471989041e+01 6.739219019686976120e-01 7.275385141018270163e-01 6.219202838853591375e-01
2.500438488538995092e-08 -2.238584857990975863e+01 9.530639804995997277e-01 6.334426720221442153e-01 7.092860599683153966e-01
2.503223314196861834e-08 -2.238223546473323466e+01 4.940948778923088813e-01 6.422862575435267507e-01 5.410643532224230778e-01
2.509324750521375538e-08 -2.237730099856587174e+01 7.231089318477007533e-01 4.474278404099916173e-01 1.018568983826824148e-01
2.769638547501631401e-08 -2.227609786840118034e+01 6.143014738664556162e-01 4.625019566769733581e-01 2.010346837664978015e-01
2.768646004583192206e-08 -2.227395629813505451e+01 2.171685040032377279e-01 6.433035744757436003e-01 5.072561627437488507e-02
2.789902104645789827e-08 -2.226380818454243382e+01 9.758930064235110668e-01 5.259451818887725949e-01 1.976065345605667600e-01
2.790523794979720474e-08 -2.226108537347113270e+01 9.872324048278584563e-01 5.439178482058103503e-01 5.711874323256588282e-01
2.795459516868842243e-08 -2.225681819197485112e+01 6.490335501196918822e-01 4.496478547084336030e-01 8.468407655239496012e-02
2.820501436911800731e-08 -2.224540000816890739e+01 9.715595048472588369e-01 5.380434538881642137e-01 1.968982195824365844e-01
2.902217620296913172e-08 -2.221433955040451735e+01 6.191165785110974706e-01 5.033382189322407330e-01 3.931395630953712361e-01
2.902863975374093909e-08 -2.221161686444594707e+01 6.626542932714933887e-01 5.827077357823075010e-01 6.251785725319873865e-01
2.973989182034961471e-08 -2.218491048130164955e+01 9.936889581124441762e-01 6.295108810674578947e-01 6.814863881416205471e-01
3.091202933741790895e-08 -2.214375437772149269e+01 4.368746480300428336e-01 7.671654874481991238e-01 1.932061067120732778e-01
3.181850176082099254e-08 -2.211235184783895846e+01 9.649953350569598909e-01 5.663536301491013392e-01 6.387946884454822616e-01
3.195343574099414793e-08 -2.210562007484210767e+01 3.932558453843730817e-01 5.341164910978499769e-01 2.135263632790117549e-01
3.423668805319238258e-08 -2.203410196563688572e+01 7.222734069806727719e-01 6.025498646479684473e-01 6.732278285867357992e-01
3.632907631866363986e-08 -2.197228136365833251e+01 8.578086103568514087e-01 6.216297718704356656e-01 1.973455579274197014e-01
3.638247910747371580e-08 -2.196831246925498249e+01 9.540180143074697972e-01 4.949999965370578403e-01 2.024129941008839806e-01
3.713946521733968620e-08 -2.194521962809501403e+01 3.266599437078760992e-01 6.799529772641326186e-01 3.320004413927587494e-01
3.950225143687865252e-08 -2.188104211612886019e+01 9.277762546883929762e-01 5.280183187639323483e-01 5.386764017807681437e-01
4.113576138117682879e-08 -2.183802193503672484e+01 8.234781706169930215e-01 7.174954659791359379e-01 6.340571814812940854e-01
4.103460561933624996e-08 -2.183798403461429771e+01 2.366038819795477366e-01 7.235920257470707107e-01 4.695154145908575494e-02
4.642095729396873881e-08 -2.171214876173338126e+01 8.955635201773984866e-01 6.984868612350201289e-01 6.412929409331183939e-01
4.765243108300826654e-08 -2.168346613643437593e+01 5.094967850214056071e-01 6.058983942590766558e-01 5.191418842636410513e-01
4.804566985609640751e-08 -2.167274777091707350e+01 6.613477159372281866e-01 7.184349351202474754e-01 2.350516098546174826e-01
5.199969189499887444e-08 -2.159116199134588499e+01 9.739257788829751572e-01 5.869787651939518680e-01 6.491528684154727058e-01
5.243121037349937882e-08 -2.158039775298160023e+01 6.848069296175218756e-01 5.192258933495890183e-01 4.775732732264892366e-01
5.296265463377120519e-08 -2.156781274918102653e+01 6.967688835223930788e-01 6.432939615892415697e-01 1.151741097088399002e-01
5.491304156360352048e-08 -2.152914891325931634e+01 8.021994026061145533e-01 4.845057998300549285e-01 3.522846106853696480e-01
5.532549538775028547e-08 -2.151916594477737377e+01 8.745977817268640875e-01 5.006327122747213920e-01 4.219099894865216971e-01
5.524902748158173288e-08 -2.151804904671395491e+01 9.422280950916511744e-01 6.499045520163061473e-01 3.518230322387133624e-01
5.656219426471374024e-08 -2.149205896863277232e+01 6.189634528482858000e-01 5.024620703123549026e-01 3.667828678535470788e-01
5.707102879523584124e-08 -2.148060317352652149e+01 7.491574939692594581e-01 6.368651591845105875e-01 6.886014745736683818e-01
5.712092251919050670e-08 -2.147722931636662125e+01 9.427762737582879859e-01 5.390356478229939574e-01 1.766121234109842009e-01
5.755414614923060275e-08 -2.146717360794482943e+01 7.736492937927212932e-01 6.134803291319050889e-01 1.201847140399224800e-01
5.786593467064782106e-08 -2.145927092103623579e+01 9.178713527204832578e-01 4.991046970443636654e-01 3.712336073950652793e-01
5.979760369196059679e-08 -2.142393419670069221e+01 2.947026847496183599e-01 7.661314974092783281e-01 1.957766641814688846e-01
6.045372805339707532e-08 -2.141052153796875857e+01 2.112627695793287685e-01 6.751923160196782181e-01 2.636726682109657993e-02
6.092642205815361074e-08 -2.140023284444785645e+01 9.225803466444700840e-01 6.708085069361170438e-01 3.821878072344105925e-01
6.167693626402720709e-08 -2.138548972825736172e+01 8.638562118798887024e-01 5.393686103318185987e-01 5.760858450198064196e-01
6.245824132957100710e-08 -2.137040159010224016e+01 9.879854363365381253e-01 5.857454193161724110e-01 2.958680701858495965e-01
6.479770254929962213e-08 -2.133112963656999739e+01 5.820283225932939564e-01 6.323438698004908431e-01 2.879656882350167812e-02
7.073345717354675969e-08 -2.124098109649919408e+01 8.115574589921262794e-01 4.634807084630566676e-01 1.105355238495913106e-01
7.172189562588728406e-08 -2.122460370550168918e+01 3.454782224739616492e-01 5.663266972792633247e-01 1.986666576170105225e-01
7.195153249356091465e-08 -2.121890705228297591e+01 3.939285832244115992e-01 6.407008923915008536e-01 4.044488580675380529e-01
7.268732815097204859e-08 -2.120623271875455984e+01 8.333482937264826695e-01 5.651438186111377160e-01 6.336691927913807865e-01
7.279890328668894957e-08 -2.120219889446769912e+01 5.250410873018246383e-01 5.347649944260861599e-01 3.832562127013842135e-01
7.270263968648862530e-08 -2.120102209162806872e+01 9.055468081502752176e-01 5.037319872013549249e-01 1.240909862966979027e-01
7.587574390757056876e-08 -2.115580273109884502e+01 8.487491273355413091e-01 5.527766268520234449e-01 6.054457925082709080e-01
7.608055110003141861e-08 -2.115060712291141698e+01 7.944325811016750283e-01 4.964704148488947588e-01 4.010609839688531464e-01
7.624263592066171234e-08 -2.114597895207970879e+01 5.911340419659766310e-01 6.199296224972840053e-01 5.947758654368868747e-01
7.756983923474480259e-08 -2.112622110283138710e+01 2.918432166245454873e-01 6.684048437868003179e-01 2.519922884399876661e-01
8.123679880050464320e-08 -2.107753145310592302e+01 9.966319559066867395e-01 5.304425003673604033e-01 3.692349981950797666e-01
8.166305759639374391e-08 -2.106979805661071126e+01 5.411492564335975697e-01 6.358833882372647572e-01 5.632207431004231379e-01
8.333978954499709790e-08 -2.104697368408047708e+01 7.850727570480166007e-01 6.165905883269223731e-01 6.835263946412529767e-01
8.392651640305227569e-08 -2.103745817356079684e+01 4.830653684951774496e-01 4.803090581941715786e-01 1.018088663723670795e-02
8.485307825425200431e-08 -2.102397851501412873e+01 2.607400339753276342e-01 5.798464040418965793e-01 2.786268591527307770e-02
9.452825513672213875e-08 -2.091350099884854075e+01 5.689489697786735967e-01 6.845036685752348138e-01 1.089650779216797538e-01
9.868396800768682581e-08 -2.086797728310063960e+01 9.518858857983847344e-01 6.127125593079781884e-01 6.606917759404817847e-01
9.878643186955406807e-08 -2.086443951874581160e+01 7.481456080836633715e-01 7.145111668738468591e-01 6.299245945226408239e-01
1.048371402678931808e-07 -2.080249168383939917e+01 9.677719401187926396e-01 5.701118062276897547e-01 5.900422996467310499e-01
1.058329077038921999e-07 -2.079053827685254063e+01 9.573833486056816389e-01 6.347522604034689930e-01 3.538899258362152578e-01
1.059241996901714815e-07 -2.078717604376805284e+01 9.928514207051195584e-01 5.379286472696432897e-01 4.272182370227004533e-01
1.059770150710513717e-07 -2.078417755316682758e+01 8.550333587606783192e-01 5.163587519600150166e-01 4.707716835583414250e-01
1.080928555449439180e-07 -2.076190915351864419e+01 9.868784640126705421e-01 5.390085668141763042e-01 2.976060014977361945e-01
1.081955810823524080e-07 -2.075845925950919479e+01 4.813487652655519256e-01 4.788238043145748302e-01 8.708738622848510857e-02
1.091843627212041612e-07 -2.074686193028043846e+01 7.190030256017583277e-01 5.259223465786988516e-01 4.911254856083197007e-01
1.118403667063784992e-07 -2.072032722748529565e+01 7.228458993003682442e-01 7.514063832937746268e-01 4.198100196382750227e-01
1.123711347257545222e-07 -2.071309268882466625e+01 5.571348461791040263e-01 7.234496081250237909e-01 1.775619192317746675e-01
1.126377022600685063e-07 -2.070822329158147568e+01 6.539910511287012618e-01 6.811105927331068122e-01 6.325518142164286983e-01
1.151319287221091848e-07 -2.068382110770940585e+01 5.695368028681714323e-01 4.715688141712253145e-01 1.547699858806669271e-01
1.186923661756179805e-07 -2.065086479718166146e+01 6.932355698769556707e-01 7.275023760241149384e-01 5.999398609068122834e-01
1.221135174554465707e-07 -2.061994870175379546e+01 5.312102676001695389e-01 6.892877118762159583e-01 5.536939854229244729e-01
1.228398688928616957e-07 -2.061151815654158170e+01 7.929354417105783925e-01 7.114081483804228778e-01 6.278811213273309821e-01
1.255156089494506171e-07 -2.058746965987635491e+01 9.137448639860042965e-01 5.721613227310513583e-01 1.949874233040282956e-01
1.257741335692555641e-07 -2.058291207719572213e+01 8.171368557485731987e-01 5.733126673476721669e-01 6.301480115338122800e-01
1.262262326688934772e-07 -2.057682399046849042e+01 8.208439105892999521e-01 6.225100908596515881e-01 6.818451745836335842e-01
1.314399008809136553e-07 -2.053385006518624323e+01 9.777945290074299134e-01 5.353879359781311686e-01 4.276285186613438816e-01
1.336403731075863934e-07 -2.051474737544336335e+01 8.062682761008550525e-01 5.630441142521777076e-01 6.072810160662475143e-01
1.357964654767814521e-07 -2.049624259744463117e+01 6.586023802671678862e-01 6.777853968339916380e-01 6.330182477392550799e-01
1.395384608012155484e-07 -2.046655951688349973e+01 7.703048868470974142e-01 7.205206361301557116e-01 6.103799884094310846e-01
1.396052819707806478e-07 -2.046358075873418159e+01 4.931518764683694434e-01 5.349559369546867948e-01 3.270795626106792753e-01
1.438266259165979874e-07 -2.043129119730213716e+01 9.837105661647989052e-01 5.937532376417241631e-01 3.289683773768258268e-01
1.487060540182466438e-07 -2.039542821920886340e+01 2.826355349806372041e-01 6.549269871901007845e-01 2.108465361162913387e-01
1.493206237168689970e-07 -2.038880395372751053e+01 7.846794332419727569e-01 5.986952481168253959e-01 1.148841262851091338e-01
1.524493318469325213e-07 -2.036556749415748868e+01 9.426266100159897965e-01 5.447147840109943795e-01 5.155108645035654247e-01
1.700432143251998157e-07 -2.025384717815421354e+01 3.968088323598325529e-01 5.142029068457335539e-01 1.032941910751595804e-01
1.717212682206281001e-07 -2.024152715608601127e+01 8.917875538167857608e-01 5.143118757611142566e-01 4.129001260200403367e-01
1.731966202525497391e-07 -2.023047230242904959e+01 8.431864842657437187e-01 6.055548218366683111e-01 1.772743286129254692e-01
1.736811533391273531e-07 -2.022517861866721134e+01 5.489462816333459116e-01 4.753427099817050250e-01 1.379242001258553785e-01
1.733799895157260366e-07 -2.022441412784300852e+01 9.130363764613067534e-01 5.042883659904968674e-01 2.978859243433932269e-01
1.792384146642336813e-07 -2.018868293970024652e+01 7.955633549751519595e-01 5.205868324959748161e-01 4.703432174089323681e-01
1.788670283816645544e-07 -2.018825711323169969e+01 5.308508082669859407e-01 7.676764239436157933e-01 2.802426514442313277e-01
1.796164453367721320e-07 -2.018157606667434223e+01 7.075031681439107878e-01 5.181961955275318221e-01 4.404831140680920409e-01
1.842081877844611354e-07 -2.015383321146745388e+01 8.519446753738865175e-01 4.866797541708531849e-01 1.147560805105635184e-01
1.849192118243902618e-07 -2.014748074795448218e+01 9.285505548205041926e-01 5.227095955930767257e-01 4.129773637673320730e-01
1.860771847899876721e-07 -2.013873822518826628e+01 9.142553549346867925e-01 5.781221520332870956e-01 6.120551270941673172e-01
1.868914622984392848e-07 -2.013187175198165946e+01 4.074437723627627461e-01 6.277854084498853959e-01 3.953022565306870684e-01
2.039263671205427446e-07 -2.004214080161340661e+01 6.353783911688511976e-01 4.627977240387707303e-01 1.041491615378059565e-01
2.093012203364686247e-07 -2.001362532481738299e+01 7.357447498464263491e-01 6.912752133316207859e-01 6.416838382996618018e-01
2.109363869108951296e-07 -2.000334318062752814e+01 3.339242850627559545e-01 6.985873842143304202e-01 3.225043551371368222e-01
2.131528861841742247e-07 -1.999039010106924863e+01 4.882923952932435308e-01 6.096255448613517869e-01 4.724859744512133197e-01
2.152905790826137704e-07 -1.997791113856453293e+01 5.195640758157095140e-01 7.467355365621994867e-01 4.919571922956803567e-01
2.211155616503533016e-07 -1.994871431656691030e+01 8.533163616417817066e-01 7.142876943711661264e-01 5.521787480703790330e-01
2.241064505877052604e-07 -1.993277862000461198e+01 5.922604589533927433e-01 5.133193008396736978e-01 3.401192063318443370e-01
2.407721855344039817e-07 -1.985854858662860778e+01 8.956482444614082272e-01 5.480950057140097087e-01 1.613906269337733734e-01
2.431750347564747718e-07 -1.984611829313026377e+01 9.998595806649944739e-01 5.696445371587848250e-01 3.932539556881117226e-01
2.444054793133511709e-07 -1.983857113831839314e+01 5.610225888214003254e-01 5.128966898469270452e-01 3.067154698034498805e-01
2.518222971132886007e-07 -1.980617611623696561e+01 4.598317531757853960e-01 5.988506314412281872e-01 4.210226564296755125e-01
2.517285250394438771e-07 -1.980404855957656096e+01 8.629434320998188301e-01 6.907735496743129255e-01 6.230372582438957751e-01
2.592499356757074819e-07 -1.977210718582082549e+01 7.973547950048500699e-01 6.677306154683636530e-01 6.607207789830146227e-01
2.589201261102120349e-07 -1.977088016407393312e+01 8.286283910342404635e-01 5.180721639734137129e-01 4.392481914987007574e-01
2.824108220590057077e-07 -1.968153695819006899e+01 9.633850433880376540e-01 6.607562129223287783e-01 5.309027913294609435e-01
2.821077998628555619e-07 -1.968011051790444199e+01 8.586072273549402167e-01 4.986979834487353935e-01 3.014804350362402241e-01
2.836316326577808491e-07 -1.967222345667972050e+01 9.857634752329177408e-01 5.870122076966740599e-01 3.575169749200772795e-01
2.912728105764654935e-07 -1.964313946342464590e+01 7.939056528657877365e-01 6.412545505535869328e-01 6.641354171547032559e-01
2.947737840620512518e-07 -1.962869155632907336e+01 4.186605045550996218e-01 5.511263079056700764e-01 2.511736794323574662e-01
2.951276860195458609e-07 -1.962499168815480388e+01 6.535520844643839533e-01 4.723664230080301119e-01 1.748791761407512135e-01
3.005572647874643633e-07 -1.960426148397700885e+01 7.664110800733359152e-01 7.270671472345165975e-01 5.743303992891012344e-01
3.172599376228335499e-07 -1.954767835444543067e+01 8.900012135936572477e-01 5.248941560247761817e-01 4.290686301886579290e-01
3.205177676380689269e-07 -1.953496207274118390e+01 8.677533133113936037e-01 5.838930624051829055e-01 1.782751420577508572e-01
3.336572015457556586e-07 -1.949228566156456210e+01 9.315822459153005886e-01 5.283223977044506636e-01 2.448022441258955739e-01
3.363099688556088530e-07 -1.948186652376031702e+01 6.778471163996727666e-01 7.431483736005847218e-01 5.446371229560431626e-01
3.368855255371217640e-07 -1.947765659900133173e+01 6.399398480345491746e-01 4.933138709368694030e-01 2.704876025706195453e-01
3.390231392694901818e-07 -1.946883142233044595e+01 9.106496905094663141e-01 5.693697173780623011e-01 5.694693618717464600e-01
3.481328789103911627e-07 -1.943981554197050698e+01 2.966673143561001647e-01 5.893318834332808009e-01 1.134616831173953511e-01
3.491265358824815746e-07 -1.943446536132417535e+01 6.850988645153932577e-01 7.288867281832863698e-01 5.758158418452837823e-01
3.508223968798801142e-07 -1.942711968119997934e+01 6.691245488986775625e-01 6.137532557281638601e-01 6.443760113446395099e-02
3.570849140446314928e-07 -1.940692617685008159e+01 4.673169766873821462e-01 5.070062598836271306e-01 1.609965314099891520e-01
3.606886005891196068e-07 -1.939438480098231921e+01 9.010010517709456934e-01 6.442856438679942510e-01 6.429125313124782748e-01
3.611513040230283841e-07 -1.939060278957140682e+01 7.697596720144742610e-01 7.361840619777226813e-01 5.145837923947074177e-01
3.643142179431973476e-07 -1.937938305344316703e+01 6.165225295145527751e-01 5.690996446862984781e-01 5.113010034570680817e-01
3.684439113718638040e-07 -1.936561129271509429e+01 7.089542804030640744e-01 5.222829234054230385e-01 4.290413537353933160e-01
3.684851557379966064e-07 -1.936299935693181240e+01 9.173532676926022811e-01 5.979290390625996432e-01 2.609101722772450005e-01
3.805213657910827124e-07 -1.932835745720635146e+01 4.927636191800308652e-01 7.580344139396971714e-01 4.462597520131919016e-01
3.844319161728087740e-07 -1.931563308261883805e+01 7.278649492032178703e-01 6.443385818176070590e-01 6.449058252258492718e-01
3.945570714814664677e-07 -1.928713598710393384e+01 9.956800454409131529e-01 6.044565944681528080e-01 4.640308902943773850e-01
3.939962550918903974e-07 -1.928605838040374465e+01 9.549622378173553416e-01 6.305060912043277677e-01 5.995570168319905857e-01
3.972790639659031790e-07 -1.927526081916327527e+01 9.677005916808785191e-01 6.324325829643382413e-01 5.778750985307986587e-01
4.058728356448708339e-07 -1.925135988697055822e+01 6.610389767847280051e-01 7.442229096957805323e-01 5.370672139246766008e-01
4.138454049453447468e-07 -1.922940729873254995e+01 4.130820594000862434e-01 6.678423230528180987e-01 4.180116200946881744e-01
4.145207927417794650e-07 -1.922527664806627357e+01 5.708315521365138201e-01 7.440407496152103839e-01 5.136145961843572305e-01
4.177055755078755439e-07 -1.921512296528396746e+01 9.096073414731813411e-01 6.716919758889218217e-01 6.022078089429955261e-01
4.189970515844594332e-07 -1.920953590170747205e+01 9.382494171811037731e-01 5.425436887565545652e-01 4.352882351736859778e-01
4.369081204911514943e-07 -1.916517686241608232e+01 9.136671835904818240e-01 5.195984386491906415e-01 3.025057365729730829e-01
4.451692561196500838e-07 -1.914394522413171629e+01 3.541746017967295490e-01 7.229205626626443726e-01 7.355587748104674972e-02
4.479195553359796722e-07 -1.913528613250433352e+01 9.742996067258355986e-01 6.149930515749892912e-01 5.591924325095218862e-01
4.720085982869096460e-07 -1.908040258268439970e+01 9.243896323847715646e-01 5.309673120947926428e-01 2.508673960954838078e-01
5.102491656353209216e-07 -1.900000061833257448e+01 3.314249015308472490e-01 6.075606063469237705e-01 2.202831290516429341e-01
5.124212534858337175e-07 -1.899325273734162067e+01 5.353425795216721905e-01 7.195591325277158612e-01 1.667096388622868464e-01
5.180657162535722338e-07 -1.897979768524644584e+01 6.835995157891781027e-01 7.188455555641888317e-01 5.839644809730277775e-01
5.209243415138667842e-07 -1.897179497142902349e+01 7.701031592110940682e-01 6.817811079371148830e-01 6.347487362660376720e-01
5.221024111847093059e-07 -1.896703602616467066e+01 2.893053748042473394e-01 5.772194322934970367e-01 5.077026256251171432e-02
5.392546315278351772e-07 -1.893221191074887599e+01 9.789974661361144914e-01 6.072086780726942967e-01 5.257885685513553620e-01
5.382745613579912124e-07 -1.893153101773285485e+01 9.514325456237611167e-01 5.520504649861677215e-01 3.101198240639011505e-01
5.512478625423449155e-07 -1.890521523553425354e+01 8.209065817051518499e-01 5.323870753466473094e-01 8.662720138710167106e-02
5.638382279580336230e-07 -1.888013240432072593e+01 8.351825353621985526e-01 5.439125333377282656e-01 1.085018287001999759e-01
5.680476091413315930e-07 -1.887019455069425078e+01 8.985297077179097425e-01 5.499116284043773506e-01 1.945106245676415657e-01
5.707907553666601582e-07 -1.886287709526592238e+01 3.611174214907265645e-01 6.384361889383283195e-01 3.172421434181977862e-01
6.011166915525131720e-07 -1.880861070680845160e+01 8.616868200217283613e-01 5.172433185776338371e-01 1.350718886314919986e-01
6.146793911745732888e-07 -1.878379896810236005e+01 9.263440025537238443e-01 6.535105750243305200e-01 4.092454440521071657e-01
6.166347868794027683e-07 -1.877812285369797962e+01 7.569303954824706526e-01 4.997619843503107173e-01 3.082459662688992186e-01
6.162429801232139403e-07 -1.877625845080235933e+01 7.901141935561962759e-01 4.921413320895776655e-01 2.502138357812366820e-01
6.194916828341586393e-07 -1.876850050944523574e+01 8.032291309156157633e-01 5.782656885858366014e-01 5.869939044000970219e-01
6.183635151696392903e-07 -1.876782328803630406e+01 5.744775731935686247e-01 7.425434073766333798e-01 5.107398532364477717e-01
6.233690604321682080e-07 -1.875726104907423775e+01 3.431456569200542761e-01 5.433476312388483276e-01 6.605058052319001671e-02
6.280425506137939978e-07 -1.874729186488625743e+01 7.505815118922334328e-01 5.965306544830913937e-01 6.071059205161962735e-01
6.419468422687889985e-07 -1.872289428475613349e+01 4.479589110218150649e-01 4.969291918397243935e-01 5.243492697864937657e-02
6.415063932532529218e-07 -1.872108063470739836e+01 8.323742108802176798e-01 7.130004654748356430e-01 4.873597558944413599e-01
6.440913903834542558e-07 -1.871455915824426697e+01 5.074099972007402037e-01 7.741228548897955974e-01 3.882425808891758479e-01
6.472489498651107758e-07 -1.870716878863963473e+01 4.377347518265011228e-01 7.667537726386440822e-01 2.289182661493611715e-01
6.536025663476716284e-07 -1.869490031479497816e+01 5.806173189850512006e-01 4.756444596438067496e-01 9.336780616697049062e-02
6.525362060195020272e-07 -1.869403315900365570e+01 7.758285925548108475e-01 7.301297576648162480e-01 5.101169592377513551e-01
6.718731422277137528e-07 -1.866233023855781070e+01 3.974095739749532452e-01 7.643937840065073708e-01 3.352164556296860498e-01
7.255294712766736235e-07 -1.858299809129279367e+01 7.984958640702051191e-01 7.058059101815149505e-01 5.891909926658889241e-01
7.416211382980698800e-07 -1.855856126732999201e+01 6.672799980897620165e-01 5.740472214974167153e-01 5.335260387213851541e-01
7.489888891363495192e-07 -1.854617563567028427e+01 8.816869687206612127e-01 6.832074114909708618e-01 5.775922353370558371e-01
7.900580347977557307e-07 -1.849029338028139335e+01 8.963349413004348953e-01 5.220561135823580390e-01 2.656323147771018078e-01
8.554896219989159547e-07 -1.840822582247378136e+01 9.232226493005847301e-01 6.445138012223086132e-01 5.891855982476107423e-01
8.566564745854501847e-07 -1.840436279303427725e+01 4.265849856042948085e-01 7.601566440250668855e-01 3.724865319668038133e-01
8.700680321661010595e-07 -1.838632837833018741e+01 2.623107896736994737e-01 6.005977871717528283e-01 1.834567361758321358e-02
8.716735844820677853e-07 -1.838198476070586906e+01 8.874109020535826398e-01 5.374036877630412601e-01 1.915087050772804611e-01
8.703179757546097283e-07 -1.838104115056681565e+01 9.344916093013723168e-01 5.457833835109211496e-01 3.468118059416183119e-01
8.827985176176056669e-07 -1.836430278961501017e+01 3.688988343982259055e-01 7.694505043833476110e-01 2.366667106030732048e-01
8.921034328663810424e-07 -1.835131770282774255e+01 6.519039772170882596e-01 4.991731004701821517e-01 1.290851906131396110e-02
9.010207877716874081e-07 -1.833887145558273701e+01 6.829712100821142551e-01 5.608298634399822014e-01 5.063152535449466640e-01
9.144066664485960832e-07 -1.832162438184272801e+01 5.771411345878512122e-01 5.724540178985728645e-01 4.637780285556913906e-01
9.199064356745270858e-07 -1.831312782029610986e+01 7.366456178500420116e-01 6.837417044483703465e-01 6.179868302676704284e-01
9.188949926202904275e-07 -1.831172793164111923e+01 4.302745152697735609e-01 7.183965652105509525e-01 1.060940113383440631e-01
9.287441241084648664e-07 -1.829856651546815982e+01 3.372184473044756992e-01 7.191793789072692400e-01 3.014734721272613882e-01
9.514108136444489824e-07 -1.827195383484631463e+01 2.570303326132652444e-01 6.185380577567879401e-01 4.349362418549207465e-02
9.517391013900946635e-07 -1.826910884074332131e+01 4.632687418495100573e-01 7.748753186142119942e-01 3.041667777154488661e-01
9.645558198391790229e-07 -1.825323207976280671e+01 8.008692388998673861e-01 5.178943797983532882e-01 7.906259886565747408e-02
1.000432671011141468e-06 -1.821421192839542158e+01 8.580348243912389039e-01 5.225581060528562416e-01 3.577778576652331788e-01
1.000272356858839388e-06 -1.821187218605501101e+01 8.917403548216262799e-01 6.133706157013160132e-01 6.011419134421611687e-01
1.001876780147075771e-06 -1.820776948463580425e+01 3.087368001720030009e-01 5.704931508759804037e-01 6.151925511629630083e-02
1.005104169111697920e-06 -1.820205331883438049e+01 8.900647943249725413e-01 5.243623791842428883e-01 2.902054678993217784e-01
1.048629012531145142e-06 -1.815716089718536708e+01 6.826736718066680476e-01 4.760401673442297144e-01 1.177344094115704287e-01
1.059185676584248263e-06 -1.814464412258458381e+01 8.289428757352901300e-01 5.016976349086107456e-01 2.253131490566944173e-01
1.114256810791285787e-06 -1.809145686056110591e+01 8.098960572310339723e-01 5.076598742242849349e-01 9.854041886003661599e-02
1.117194641670351206e-06 -1.808632374696750489e+01 6.502761783318459221e-01 7.004103217140630333e-01 5.806589030355446823e-01
1.122741755921824918e-06 -1.807887081562770248e+01 5.277451267898926046e-01 7.660902096985724441e-01 3.056308118155314224e-01
1.132642515288075403e-06 -1.806759109405978236e+01 3.374962185380671054e-01 5.732159606113497174e-01 1.317684745877112373e-01
1.155538033517514044e-06 -1.804507844043746090e+01 5.668051254920607462e-01 4.819567552416578193e-01 5.651780534936867717e-02
1.160593469163163615e-06 -1.803821302019409245e+01 7.290433089367467367e-01 5.367122611645438468e-01 4.426719137278860572e-01
1.182107389847170266e-06 -1.801734573661992656e+01 3.999703502273668221e-01 6.949041837065944582e-01 3.902034608163224005e-01
1.181858781701186733e-06 -1.801505606801120507e+01 8.954373328938121102e-01 6.774783444948950795e-01 4.784546972157045497e-01
1.185156465504882717e-06 -1.800976970155991452e+01 5.767904127611674925e-01 5.605770124601112681e-01 4.278940949802882976e-01
1.202755233229012798e-06 -1.799252955319047942e+01 6.371923849593377209e-01 5.871004198899573145e-01 5.276156593950815932e-01
1.253312130406365421e-06 -1.794885475446982426e+01 9.556361794739152149e-01 6.007243133986650552e-01 4.907786578717047155e-01
1.252239513042100213e-06 -1.794721094710316578e+01 8.854853235491563224e-01 5.448644928247755592e-01 2.059865312413845517e-01
1.268322526204793901e-06 -1.793194932395430996e+01 4.967882049867618499e-01 4.949951955040304274e-01 9.574011898755724337e-02
1.293394417353382726e-06 -1.790987441206727127e+01 6.921398883852963868e-01 7.073573576967434606e-01 5.817783849180864220e-01
1.293723606924392967e-06 -1.790711992845291789e+01 6.572956233473536969e-01 5.217623009562821768e-01 3.532989713037358870e-01
1.307963467319981463e-06 -1.789367318337000157e+01 7.107645841160749045e-01 6.132725393280067383e-01 5.949137448403264417e-01
1.325179087765813375e-06 -1.787809689494866205e+01 5.989244989829671795e-01 6.278234242466266268e-01 5.507490330606488182e-01
1.336968526944041765e-06 -1.786673974804553211e+01 8.958760497220461527e-01 5.746124299149540926e-01 2.400987878353255667e-01
1.364888623440862407e-06 -1.784357167507236852e+01 7.963002417632051300e-01 7.108966361749760043e-01 4.134091203776575352e-01
1.470429167975616957e-06 -1.776659019664639061e+01 3.463147029646913566e-01 7.223927456947287773e-01 3.066029385035844435e-01
1.481485046863903609e-06 -1.775659951109160772e+01 4.926778823367159443e-01 6.935091894580582839e-01 4.839725091998698936e-01
1.508209358707029284e-06 -1.773622141384812778e+01 8.494458646682082614e-01 5.836881734328681626e-01 1.903436865104386477e-01
1.505426151815345777e-06 -1.773556849035970373e+01 8.425522249322721091e-01 6.999805118609048193e-01 4.753546251142445334e-01
1.538309424366294783e-06 -1.771146046878928004e+01 5.954119511116449104e-01 4.941000747364980850e-01 1.805993642585188574e-01
1.536373654766974522e-06 -1.771021963586781567e+01 8.885033188825449679e-01 6.391434824157613548e-01 5.945719966490337072e-01
1.554220637890148709e-06 -1.769617028334000253e+01 6.423596321204790849e-01 5.095198872574738802e-01 5.063425521873776702e-03
1.617049224002452777e-06 -1.765404148413986007e+01 9.234352394726996760e-01 5.869937798909737880e-01 5.103722246381606764e-01
1.616881675032249560e-06 -1.765164510352789762e+01 8.443143965219646052e-01 5.200847334656645282e-01 3.110607026711826872e-01
1.624294554902103215e-06 -1.764457090436739151e+01 9.419784639198731657e-01 6.030808263680416115e-01 5.056320417848841897e-01
1.632611718013616893e-06 -1.763696349230548677e+01 7.887347752840219162e-01 5.280865733125497119e-01 3.948389098715476830e-01
1.637161349655203543e-06 -1.763168064806306035e+01 9.149746963383892373e-01 6.555638230055588211e-01 5.381043529505034062e-01
1.663906495832333345e-06 -1.761297635741974332e+01 6.340769926173054349e-01 7.482478129436243020e-01 3.475335897343001523e-01
1.670413304604229584e-06 -1.760657342223587918e+01 6.492050607236075077e-01 6.764513314401280342e-01 1.710375942730196774e-01
1.694915508445152445e-06 -1.758951161376645445e+01 4.529241763571467683e-01 6.463549106093307017e-01 4.300500122266445180e-01
1.714402541905920006e-06 -1.757557985797571831e+01 7.772043191479589552e-01 5.261333064606137366e-01 3.850137288402742941e-01
1.719109796246451377e-06 -1.757033790930849904e+01 4.482140481034887491e-01 5.793514800411764254e-01 3.237846453485669906e-01
1.724202685170626575e-06 -1.756487977369608089e+01 9.271353464360225782e-01 5.956388429632271109e-01 5.169625757230735807e-01
1.801546137092060197e-06 -1.751849924457755492e+01 8.098148499896026253e-01 5.555946001142170187e-01 4.899363345043445950e-01
1.805135663469275702e-06 -1.751400875705419580e+01 5.232767084334621899e-01 4.898543303124102133e-01 5.571654446619933587e-02
1.834446796860148925e-06 -1.749540154287780780e+01 7.775338828635119937e-01 5.884555601956396043e-01 5.670638535981432637e-01
1.878641708472452738e-06 -1.746909548560862646e+01 7.760089449257611127e-01 4.935324378184372529e-01 1.642463273886607400e-01
1.924443837512406905e-06 -1.744250749541382461e+01 8.226335283471960524e-01 6.602961717348637682e-01 2.998152188667749796e-01
1.959440661091924929e-06 -1.742198545031070722e+01 8.302942813525532317e-01 6.901346361675827490e-01 5.679376792616477321e-01
2.135778565793542830e-06 -1.733331325780702770e+01 8.393111324247575222e-01 6.974506217562316257e-01 4.729496113883933095e-01
2.156170660229329593e-06 -1.732131069996684758e+01 3.482650115687507819e-01 7.279276374219078027e-01 2.995571398040478561e-01
2.160044058505316577e-06 -1.731701588688724414e+01 4.132556043079358421e-01 5.239387118802085741e-01 8.662977908454494447e-02
2.204594898078063353e-06 -1.729410073350366517e+01 7.583858975627975063e-01 4.925737625034641853e-01 1.117453366986214114e-01
2.209540835272394979e-06 -1.728935977873338459e+01 3.157266453524021355e-01 7.091403777655065355e-01 2.525749863187642941e-01
2.226216626076996488e-06 -1.727934094141608412e+01 4.470742006797371326e-01 6.464961449044838160e-01 4.185830170506822379e-01
2.295059772399398513e-06 -1.724638561803962844e+01 6.136560162936740559e-01 7.030135606573370000e-01 5.510579189789160948e-01
2.315099455416622796e-06 -1.723519185791299080e+01 3.956885431020158439e-01 6.568903370755163618e-01 3.605808996538086841e-01
2.411772248948914128e-06 -1.719178265557529173e+01 4.758230838491248615e-01 6.273723449991693846e-01 4.316685210888877577e-01
2.437905731720493977e-06 -1.717850514175434995e+01 9.354659125425390798e-01 6.242560563543925189e-01 4.599488308993141539e-01
2.467811463846944095e-06 -1.716381279498879309e+01 7.641580589355632114e-01 5.440139031428221639e-01 7.224422813705388968e-02
2.482501019649407818e-06 -1.715537797815944288e+01 5.374741140976778686e-01 6.645921830817954623e-01 7.917684194659069252e-02
2.487812274907308213e-06 -1.715074078600885699e+01 7.649315591883493193e-01 5.506544930551874328e-01 4.634188241466211666e-01
2.512292091090390559e-06 -1.713844898568498820e+01 4.419604351735501035e-01 5.249774472151946814e-01 1.316182786440852626e-01
2.552617349690611865e-06 -1.712002526141800374e+01 7.976627526517382494e-01 6.942349014974278365e-01 3.674696665709840104e-01
2.635265235373737815e-06 -1.708566067031800984e+01 7.636204315133354736e-01 5.743653997916646770e-01 5.257289619127820668e-01
2.653672725233166733e-06 -1.707619989130321869e+01 6.769904765002330294e-01 6.498384773606420417e-01 1.478842235509797431e-01
2.655216491862507609e-06 -1.707311831327070450e+01 9.056417818989278556e-01 6.193172700438965839e-01 3.441438618898552404e-01
2.736553029278955431e-06 -1.704044539591237140e+01 7.279883586230541104e-01 5.372857595855966562e-01 4.084515527526232370e-01
2.783330226888018597e-06 -1.702099637172556257e+01 6.246364191190951765e-01 4.986624718506622589e-01 1.938395265414544211e-01
2.827671032558150666e-06 -1.700269108968430132e+01 9.218871959587425780e-01 6.182251249282465499e-01 5.137731965455816230e-01
2.892762579428818856e-06 -1.697743255046101041e+01 8.819259736003893790e-01 5.444845415244724540e-01 3.449718143918956148e-01
2.954839205701344428e-06 -1.695370027076817365e+01 8.439942132060777036e-01 5.328708783396349791e-01 1.789836816760393967e-01
3.005338480276331034e-06 -1.693425430516051833e+01 3.539831332237927120e-01 6.812249255218142396e-01 3.083984161639090615e-01
3.028725461486797712e-06 -1.692400261457724042e+01 4.839154970238018771e-01 7.319835769777119916e-01 4.423338799427612988e-01
3.112342347025228690e-06 -1.689426889688162348e+01 9.076440792895119625e-01 6.264041796373922555e-01 5.359026828791133568e-01
3.128589927916581961e-06 -1.688656210504910149e+01 8.381769794515365746e-01 5.262514208174490227e-01 2.928063518417788336e-01
3.280340629347317029e-06 -1.683669723841671839e+01 7.913996229890682965e-01 5.926519539990334762e-01 5.552001587640424951e-01
3.369931644512646504e-06 -1.680725204520030402e+01 7.666088025299437891e-01 5.790571875965069282e-01 5.277161144988895547e-01
3.429856786366850946e-06 -1.678712599877111344e+01 6.774410847756622278e-01 4.972050357909004736e-01 1.927844037928009291e-01
3.486132296375425132e-06 -1.676835160868626318e+01 8.472845903808512436e-01 6.813553538417898015e-01 4.222775078020244433e-01
3.509884836250631649e-06 -1.675906127907695264e+01 3.525353664057050418e-01 6.517612276963724582e-01 2.831337548831884821e-01
3.597428715887220575e-06 -1.673192516115117812e+01 6.169421685923822674e-01 5.752507906617383426e-01 5.141284835099457773e-03
3.649279126586737000e-06 -1.671511485730794178e+01 4.293288581264921300e-01 6.341538742417649477e-01 3.760762001911571728e-01
3.679589704741440782e-06 -1.670434325314323942e+01 5.893502733752202793e-01 7.391631683922215146e-01 2.795634371158169929e-01
3.676501462373197934e-06 -1.670268289541506945e+01 5.766525352267501958e-01 4.898335009189883626e-01 6.612520253076414889e-02
3.752422773979122422e-06 -1.667974280140338905e+01 3.871423487526173268e-01 6.701541846123467705e-01 3.485138097309711247e-01
3.787707319147024739e-06 -1.666788359876543879e+01 7.933523569181180068e-01 5.377343461974657401e-01 1.078972936359894330e-01
3.797510416929814479e-06 -1.666279880724543716e+01 2.557669984680950304e-01 6.375977332043485379e-01 1.527662467874735253e-02
3.819434968263630553e-06 -1.665454200822044939e+01 6.604466540594577939e-01 7.446235183561059623e-01 4.537354726038150821e-01
3.811743403833232525e-06 -1.665405783504560233e+01 2.598516933205590185e-01 6.312419101145442246e-01 2.551061122057995956e-02
3.900808462074267406e-06 -1.662846067621135049e+01 5.557657635359317672e-01 6.330800172169598339e-01 4.410641193327602405e-02
3.904591689169039491e-06 -1.662499128903895240e+01 7.671651029805035549e-01 5.072700262878394595e-01 1.022073035721056122e-01
3.946310442842665850e-06 -1.661186342853219955e+01 4.288234671631818706e-01 6.339622734995494779e-01 3.734534997745444507e-01
3.977318023687784682e-06 -1.660153677707812747e+01 6.755734300349378607e-01 5.936901319687422074e-01 6.398247397525524960e-02
3.971544832915513025e-06 -1.660048936014354126e+01 6.189102640543819867e-01 5.202609351103266722e-01 2.780084219549530111e-01
4.069763062774608697e-06 -1.657355972360603857e+01 8.671394553560407559e-01 5.566830093632555432e-01 4.137522848260044572e-01
4.081084979490257186e-06 -1.656828162642188218e+01 8.128166339176409183e-01 5.811603944383061382e-01 5.214327342658274800e-01
4.099045356150327010e-06 -1.656139039919596456e+01 7.398291605131734894e-01 6.687984848231827151e-01 5.916036768976700166e-01
4.204785077336280480e-06 -1.653342132492887373e+01 8.524688954719009670e-01 6.078637537170277216e-01 2.540173210974396856e-01
4.211037941825696494e-06 -1.652943534652230184e+01 4.864540512520060256e-01 7.610042259587812552e-01 2.760626595652845294e-01
4.219283024980883454e-06 -1.652497929151168776e+01 5.973591353251530567e-01 7.050558923780946285e-01 5.307793754924844398e-01
4.264059319682295937e-06 -1.651192290731930257e+01 7.852482637148801015e-01 5.375489401652271404e-01 3.842775429142523125e-01
4.364207326720190792e-06 -1.648620793057477840e+01 7.338269562242524247e-01 6.608849356575844380e-01 5.913702874978552515e-01
4.473561010766657622e-06 -1.645895976765658730e+01 8.714630231969200391e-01 5.868443819813470297e-01 5.012880038976400554e-01
4.480749249631535450e-06 -1.645485423016683058e+01 7.837214491244935965e-01 5.275381462333149640e-01 3.309448079896757378e-01
4.710033441705675303e-06 -1.640244949767851423e+01 6.117447988692881200e-01 5.990606706710580598e-01 4.963024331546530554e-01
4.843665860154129640e-06 -1.637197266266970175e+01 5.183137633326488913e-01 5.228672261327867998e-01 1.964587004140146975e-01
4.853778369015236220e-06 -1.636738705902245172e+01 7.355684208312381900e-01 6.538935610554156286e-01 5.893495356867096691e-01
4.926683626007767596e-06 -1.634997843662932837e+01 3.457529984987215421e-01 5.559611479343666840e-01 4.785406447771778371e-02
4.956356856271260478e-06 -1.634147353975944128e+01 4.303821500641500375e-01 5.655226736328096138e-01 2.332730249337832129e-01
4.973341009528551409e-06 -1.633555265625425790e+01 5.109497233101248925e-01 7.621034394678375401e-01 3.772165138065438628e-01
5.171941304499742127e-06 -1.629389639369085785e+01 6.113145732724143411e-01 7.143884622895474434e-01 5.242693944647230930e-01
5.291344765887395893e-06 -1.626857208321446180e+01 5.011810287039709655e-01 5.025792927708755409e-01 3.212475930457703299e-02
5.366691926028353945e-06 -1.625193281580687099e+01 6.605232575312355303e-01 7.283781197082892511e-01 5.101435135226430884e-01
5.356152795513136407e-06 -1.625139855049437188e+01 6.854574812918776683e-01 4.928248447637761931e-01 1.016040740774700746e-01
5.418769822427337134e-06 -1.623727568617335493e+01 7.495457186264421479e-01 6.025149949196212384e-01 5.513990457364580378e-01
5.473814782988739495e-06 -1.622466873155656231e+01 7.002130099710313083e-01 5.914962572251334372e-01 5.221999901143210554e-01
5.508470159533599978e-06 -1.621585756921550825e+01 8.691612209970663860e-01 5.591070861285720728e-01 2.592234505083124141e-01
5.563193056972863671e-06 -1.620347227158837455e+01 7.489759295267596206e-01 6.285931739899879300e-01 1.801679987092393853e-01
5.788911212250941322e-06 -1.616120027817282789e+01 7.959233764833074654e-01 6.565075325139079210e-01 5.823524765607270837e-01
5.840451117599082527e-06 -1.614983646581042720e+01 6.922134665725236946e-01 5.101161400011384739e-01 2.352844581502984145e-01
6.009153277234769390e-06 -1.611886065286111247e+01 2.901519112236737863e-01 6.322098146887521475e-01 1.156583161324935549e-01
6.146802634732519370e-06 -1.609371245599768940e+01 8.339054937135179646e-01 5.371880584315487095e-01 2.117295420364109226e-01
6.184143468972145994e-06 -1.608515599478761970e+01 2.628165768935829538e-01 6.765101458319812133e-01 8.312134296207984718e-02
6.214876335607507080e-06 -1.607769867879683545e+01 6.259454791733023438e-01 5.359243223902593334e-01 3.295623375967215996e-01
6.308620752640244188e-06 -1.606022743436874833e+01 4.142400084237031210e-01 5.371974567780389842e-01 1.038362180100615983e-01
6.363650406799627518e-06 -1.604904232980010903e+01 5.584496045775274586e-01 5.176431617001093777e-01 2.019411861700414201e-01
6.406437904794109950e-06 -1.603984109844288142e+01 5.735866761335282060e-01 5.023226234426515502e-01 1.403318628979619564e-01
6.489625416938479007e-06 -1.602443969373977950e+01 7.852304604506644692e-01 5.244165057458920476e-01 2.792689249581249422e-01
6.566767355253479499e-06 -1.601012282558584943e+01 4.915630988851268368e-01 5.069235042809893121e-01 2.124652453448261369e-02
6.570577533010590409e-06 -1.600704277263049846e+01 6.549350017111822408e-01 5.861188869236254595e-01 4.881675437673880236e-01
6.721862462054882187e-06 -1.598177923760444763e+01 7.310704307499956700e-01 5.651342629821769492e-01 4.630310457408098879e-01
6.736777630856139381e-06 -1.597706279154387232e+01 7.098628199347262191e-01 5.426049658600061720e-01 4.795262422030310834e-02
6.827678687088226269e-06 -1.596115976013655313e+01 5.090785182266339692e-01 5.724406660066022612e-01 3.436635177571322197e-01
7.276315888453183951e-06 -1.589501983099248683e+01 8.360709737851654832e-01 5.541248494330357488e-01 2.032605678481065326e-01
7.410218207012663445e-06 -1.587428461931700241e+01 4.911713573396911947e-01 6.907525615295513344e-01 4.564799128469838596e-01
7.443449916476954913e-06 -1.586731006601016070e+01 6.000018256181334220e-01 4.954157232012597056e-01 1.005328968960420566e-01
7.522672165991228157e-06 -1.585422308976621508e+01 3.649437332331371131e-01 5.624588777626419178e-01 9.870081081460746475e-02
7.527501244833985456e-06 -1.585108135908621918e+01 7.984786433997435040e-01 6.076204940357936568e-01 2.016764661480578980e-01
7.611850942352398786e-06 -1.583743813851882010e+01 4.934558013490200068e-01 6.643350743560177962e-01 4.545592351002719633e-01
7.666105148263186481e-06 -1.582783582278359980e+01 5.918217036991247904e-01 6.667852155356657207e-01 5.284170969998515099e-01
8.071494827962375656e-06 -1.577380580799396981e+01 8.001945986236540520e-01 6.827806830520322112e-01 3.681896048676895905e-01
8.165068162478681500e-06 -1.575977943131421632e+01 8.378277615823668256e-01 5.778094071155861489e-01 4.691784169678712146e-01
8.437430167207394057e-06 -1.572446672614618812e+01 4.389333440491245408e-01 5.479608949477682289e-01 1.724784273432549142e-01
8.436948276571241409e-06 -1.572202384121420415e+01 7.649628618827308824e-01 5.908660914379929574e-01 1.453688596376023767e-01
8.440917529906179033e-06 -1.571905349105813343e+01 7.826329640898949114e-01 5.199250675912051589e-01 1.600736860085725244e-01
8.437009603173973015e-06 -1.571701657242721772e+01 7.109038819603161752e-01 5.563335949425676219e-01 5.971354800603256852e-02
8.429629668070439457e-06 -1.571539166502341089e+01 7.694198462764226809e-01 5.172915971450041672e-01 2.101072869304148050e-01
8.437154634407977499e-06 -1.571199938268887308e+01 7.931653828717712962e-01 5.274558584802309102e-01 2.610897660533865183e-01
8.473939010050235974e-06 -1.570514905095648395e+01 6.194949321725394809e-01 7.196708087192204006e-01 5.095376442415887608e-01
8.459349656544237487e-06 -1.570437220791709620e+01 6.374120382334196311e-01 5.318573288255628029e-01 3.059032392365151898e-01
8.569783926252710606e-06 -1.568890198634560562e+01 3.708942260232077626e-01 5.419045957621033693e-01 1.386249932893668380e-02
8.666964698490832553e-06 -1.567512586878194902e+01 7.199838827052252865e-01 6.777121591242438736e-01 5.669029707863156853e-01
9.206389388751810883e-06 -1.561224676405177014e+01 3.285741301481018839e-01 6.875421778786767746e-01 3.080327102362778735e-02
9.187280946592677662e-06 -1.561182448412447954e+01 4.185188345337775839e-01 5.363662278990023458e-01 9.359991259134525787e-02
9.274600172695531247e-06 -1.559986500633231543e+01 6.634595663179262415e-01 7.379976311095711727e-01 4.362797958646288388e-01
9.330164169306533585e-06 -1.559139189527422431e+01 7.961336325127134073e-01 6.657313626515167782e-01 5.614005942776293390e-01
9.353877115813189345e-06 -1.558635358368769808e+01 6.886950770222025620e-01 5.176781971613838573e-01 2.483637033752874590e-01
9.489077582660722666e-06 -1.556950309681037581e+01 7.538462914367813905e-01 6.915293076892629065e-01 3.316048663074090408e-01
9.760523118413178629e-06 -1.553879850864472267e+01 8.579087282349885379e-01 5.627020910373901064e-01 3.676059082577476378e-01
1.004098471410160108e-05 -1.550796931728353201e+01 8.329519449511603169e-01 6.791895542045474077e-01 4.612337852682152350e-01
1.024882552866618409e-05 -1.548498138938128221e+01 8.761573564741911291e-01 5.919666321053911329e-01 3.180625763278616125e-01
1.031827216709348904e-05 -1.547572818546452389e+01 7.453186728444403109e-01 5.531756197908581640e-01 4.073442646255206467e-01
1.048391473115441821e-05 -1.545730235363931726e+01 6.900917429563865335e-01 6.155805831592666699e-01 5.353530394672959547e-01
1.059074723120778227e-05 -1.544466378863111444e+01 6.573716875674027182e-01 5.131556710505201790e-01 3.912468344162534084e-02
1.064652662806514369e-05 -1.543691080508050639e+01 6.572612175153378367e-01 6.197467054562126876e-01 9.999750010833341474e-02
1.081727845283392759e-05 -1.541849979336487664e+01 6.821397507164818075e-01 5.008139884866360525e-01 1.052651233934641661e-01
1.080922592726102963e-05 -1.541674448384314289e+01 8.854282704726784692e-01 6.095136997394359213e-01 3.702882286582741544e-01
1.124254907802898026e-05 -1.537493890077653269e+01 6.501755620973914684e-01 7.154143485728775564e-01 5.150629475860039053e-01
1.126091467441523134e-05 -1.537080665423299664e+01 7.054414833176712030e-01 6.816963136181464211e-01 2.538808880572234195e-01
1.126718733195682047e-05 -1.536774978018280535e+01 7.835802433267747835e-01 5.616653586223792072e-01 1.422460073613417419e-01
1.136908977009451286e-05 -1.535624625667428056e+01 3.496314862512994726e-01 5.565960812592383178e-01 2.144308400054584229e-02
1.136795923512102309e-05 -1.535384570097544277e+01 8.856431101708859277e-01 6.046789191875453495e-01 4.356527875802098659e-01
1.148076626274345104e-05 -1.534147136954183033e+01 6.030918130701722335e-01 5.150188522577895389e-01 1.641641383190439729e-02
1.162506504908043895e-05 -1.532648095875387639e+01 7.791363651472794638e-01 6.172826511307949460e-01 5.445972955501068302e-01
1.165808076917224017e-05 -1.532114493801351962e+01 4.101214486791373570e-01 6.290823847419796389e-01 3.191584108464821101e-01
1.167910538160688942e-05 -1.531684312540536119e+01 8.021745372692771214e-01 5.696562428645832732e-01 1.738855975281370370e-01
1.214219627460986310e-05 -1.527545782432141763e+01 8.609237005237830864e-01 6.355253400916479611e-01 3.612180307626274844e-01
1.249591939083458019e-05 -1.524424236355242890e+01 7.293309392106733791e-01 6.625024630995288710e-01 5.630064581128159107e-01
1.275310117913283770e-05 -1.522137003406667688e+01 4.219359090552972091e-01 6.971644413132022100e-01 8.464225671886782543e-02
1.318839803746214984e-05 -1.518530699928625438e+01 4.702538525975793471e-01 5.735702089781985480e-01 2.823866403730588281e-01
1.331973407517098776e-05 -1.517289780524500920e+01 6.838295896134652940e-01 5.035736437578871572e-01 1.114050453068474722e-01
1.361017225269698135e-05 -1.514882703291482180e+01 8.745686978325014627e-01 6.264446749779786217e-01 3.875945411476565683e-01
1.369800935407882808e-05 -1.513989398617681381e+01 3.719651100344322225e-01 7.273926659429060804e-01 2.990305976403714316e-01
1.380398819891882075e-05 -1.512968695549908382e+01 4.234583723917021425e-01 6.873819493364726751e-01 6.896735181099622469e-02
1.386581189255484281e-05 -1.512271827149615966e+01 6.565431799614712682e-01 5.022985189070824363e-01 8.642702700761217827e-02
1.383925497948860254e-05 -1.512213538805268342e+01 4.674095836044355190e-01 6.884432174527561621e-01 4.235492981282900082e-01
1.394287205829632941e-05 -1.511217609171344023e+01 8.177279064274933784e-01 5.579633274657314068e-01 3.757872132989290570e-01
1.391738332083514017e-05 -1.511150584842067346e+01 5.598232120467170336e-01 7.090043144573382472e-01 4.857032918502592889e-01
1.403944124544426138e-05 -1.510027390535876357e+01 6.803614479935262693e-01 6.061497199841068273e-01 5.107804254991166193e-01
1.411692628378197155e-05 -1.509226998274781018e+01 6.068711846527776732e-01 6.629657438540639269e-01 5.232364578803352373e-01
1.416632884981740897e-05 -1.508627656474876311e+01 3.111663078210854527e-01 5.989652057774376148e-01 6.495990172053411893e-02
1.428306864185628821e-05 -1.507556968111946993e+01 4.671467057843060600e-01 6.413130674156652944e-01 1.929632385124635530e-02
1.482826711873085933e-05 -1.503560920622379271e+01 7.047988731106510363e-01 5.476670432911533437e-01 3.666170489174511715e-01
1.502421081599681974e-05 -1.501998155151533432e+01 8.314935741198566932e-01 5.612639586238248324e-01 2.410221019549146915e-01
1.501132856028457259e-05 -1.501833935242516560e+01 6.176094209729992013e-01 7.405674216306350477e-01 3.559999758636430700e-01
1.502373754169837227e-05 -1.501501305278742215e+01 6.043772308177296493e-01 5.344203265563376437e-01 2.723964727539197606e-01
1.513340599832098036e-05 -1.500523988781263185e+01 7.049668735334227998e-01 7.233112315646019752e-01 4.501150866295957620e-01
1.530968442753636295e-05 -1.499115890855350841e+01 3.124185515106581157e-01 6.273011907589677305e-01 1.346624545077628188e-01
1.536223554313924283e-05 -1.498523224552918798e+01 6.010327500749805818e-01 6.034017914922771286e-01 4.297679430365974884e-02
1.545423937887499319e-05 -1.497676114667201652e+01 8.738581228649842103e-01 6.289411023859879935e-01 4.400852163305152276e-01
1.542960728499730442e-05 -1.497585629117384975e+01 6.037403804956112952e-01 5.117561253963690548e-01 1.626575046207779929e-01
1.542070515113878228e-05 -1.497393340909601100e+01 7.079540544994908924e-01 5.239369958034905128e-01 6.991397934149035098e-02
1.541587819543386792e-05 -1.497174647592900953e+01 7.768264560565371069e-01 6.956135580044666700e-01 4.093625176815839373e-01
1.600159324088342770e-05 -1.493195621099398274e+01 4.968258561526918138e-01 5.156863461166468765e-01 1.335528900773619299e-02
1.623514971161309453e-05 -1.491496587878464197e+01 3.064548295802456135e-01 6.297764346696875792e-01 1.229954663255869995e-01
1.666678368670387224e-05 -1.488622676789384514e+01 7.780113819621781168e-01 5.896816544412131211e-01 1.738156986293232231e-01
1.664646942656131904e-05 -1.488494635834281254e+01 6.802831714011212672e-01 7.123709777454354519e-01 3.183694017074446547e-01
1.674927243781512411e-05 -1.487628968505213400e+01 3.325104690791937934e-01 7.288217294704550930e-01 2.225353189818691790e-01
1.688022651732665584e-05 -1.486600159748078553e+01 4.393744564914066064e-01 7.330783764069523922e-01 1.733565937845771288e-01
1.701545271079939555e-05 -1.485552259166190581e+01 7.112437618602657219e-01 7.120368855108469841e-01 3.618983417424450622e-01
1.723732513591924031e-05 -1.484006740716267103e+01 7.567286819942115050e-01 5.261545473719183574e-01 1.432190677099292042e-01
1.739620384775276545e-05 -1.482839249308282703e+01 6.309540260758134123e-01 6.621272412081058434e-01 5.296164787433930154e-01
1.772120934673728084e-05 -1.480738231542475170e+01 7.182973158829620841e-01 5.176303732287671489e-01 9.951880423440839785e-02
1.801711529281454144e-05 -1.478832235010562002e+01 7.220836285609905092e-01 6.806442797631263586e-01 2.779097974105146918e-01
1.802903535810861528e-05 -1.478516097209363345e+01 3.350195937868254425e-01 5.792223645514791297e-01 5.546097974673880326e-02
1.822374502465186677e-05 -1.477191909040911533e+01 7.506449898206117854e-01 5.779133481424072460e-01 4.565158794145416365e-01
1.832240218097070481e-05 -1.476402003176597333e+01 4.558359838500515293e-01 7.553185766979424454e-01 3.231516092243786886e-01
1.832337100429405938e-05 -1.476146715672804177e+01 8.008171919605243660e-01 5.506030454879440317e-01 3.285651165119497508e-01
1.846196375294445553e-05 -1.475143190359852419e+01 8.340269505524314786e-01 5.762695823072804258e-01 4.081456265562497521e-01
1.880316245106188600e-05 -1.473061943466018420e+01 8.638978988293267713e-01 5.897833383604135227e-01 3.742106765732106100e-01
1.964278882852210086e-05 -1.468443421560689188e+01 5.096652560338472693e-01 5.481926668694060423e-01 2.334583765494629981e-01
1.989066402185617817e-05 -1.466939402881413379e+01 7.016616405163953463e-01 6.296658140464723719e-01 1.597693106097093363e-01
2.016301435984319251e-05 -1.465329455198794939e+01 3.976078418347492871e-01 6.716166142545074713e-01 3.549320227390406757e-02
2.020960392432382817e-05 -1.464848657261273779e+01 8.082153346146249140e-01 5.553415991352298464e-01 2.156110345055924915e-01
2.022458941902985127e-05 -1.464524534375898490e+01 7.801867870215881684e-01 6.072363317793719739e-01 2.041515365735273591e-01
2.072010880259578307e-05 -1.461853983736343920e+01 6.428486790655130179e-01 7.225959601363924900e-01 4.826186054799501690e-01
2.071604726396268130e-05 -1.461623587575269312e+01 5.692749974391584367e-01 6.311617572088247252e-01 4.722404593849628407e-01
2.079110251273385461e-05 -1.461011937445210407e+01 7.843025591445556000e-01 5.898694765214157476e-01 1.880470843176060836e-01
2.101103018201924680e-05 -1.459709695923901762e+01 7.463341070263203036e-01 5.803685851951833063e-01 1.343526190260261322e-01
2.100721460366504955e-05 -1.459477857455322969e+01 8.588166778866237472e-01 6.298431361399705608e-01 3.873448001034693888e-01
2.123956517611065871e-05 -1.458127878160180657e+01 6.179606923665981189e-01 6.651320124602536632e-01 5.195417609312152907e-01
2.134457318356392360e-05 -1.457384698190654859e+01 8.132428321340682276e-01 5.530685785757946116e-01 2.592587505964671912e-01
2.148911102139233281e-05 -1.456459816311540756e+01 2.914542115275708944e-01 6.122075421142916252e-01 1.759311708753763526e-03
2.162239395048491211e-05 -1.455591497123578471e+01 6.806425958043387237e-01 5.250621946571891741e-01 2.343028070205247504e-01
2.201575638976804148e-05 -1.453538610928673513e+01 7.579907337782971766e-01 6.450734833789912859e-01 5.427825445809120186e-01
2.247210498363180815e-05 -1.451236974428750770e+01 7.712773256506540998e-01 5.900711288732820581e-01 1.747248636807964273e-01
2.262225606220768685e-05 -1.450321030261881461e+01 6.919547679266170315e-01 5.311811562007079379e-01 2.650417756398106839e-01
2.332633519381121430e-05 -1.447006151770052718e+01 6.046302037454055478e-01 5.311566171875526932e-01 1.244672686652203986e-02
2.368848652390482325e-05 -1.445215537640888215e+01 6.174069915089011040e-01 5.771884041281839517e-01 4.064034520601947920e-01
2.372913187843758926e-05 -1.444794101934680342e+01 7.641721135412510302e-01 5.895207010241677592e-01 1.672665199993552676e-01
2.369088829901450677e-05 -1.444705399157125392e+01 3.758648792158978402e-01 5.863398275480899979e-01 1.556923057189283366e-01
2.387298847054348245e-05 -1.443689687555679768e+01 7.936173671405840624e-01 5.990784932386065131e-01 4.831091385516262937e-01
2.392013838367291676e-05 -1.443242379149516097e+01 7.842456421892081142e-01 6.797922143997217059e-01 5.074175292694432793e-01
2.395541727288128716e-05 -1.442845001661735438e+01 8.393905411692879071e-01 6.071784179020022210e-01 4.634589821152856892e-01
2.456584887487820923e-05 -1.440078728453360668e+01 2.951494798810684328e-01 6.588495623791399414e-01 6.610061178064174925e-03
2.462869348903938595e-05 -1.439573234061798424e+01 7.282487393358616501e-01 5.326921382284817152e-01 2.567563317038887849e-01
2.458496601472554878e-05 -1.439500938732664181e+01 5.195661743798135612e-01 5.133463316943679411e-01 4.748092164783068725e-02
2.452459380178764880e-05 -1.439496806313544042e+01 7.594260783048580876e-01 5.415701820689291512e-01 2.899183371653043517e-01
2.574048223302714879e-05 -1.434407956906714077e+01 8.289617162645421811e-01 6.255753701605424322e-01 3.123890560592116339e-01
2.575649032922615756e-05 -1.434095785886096053e+01 3.580450778788859534e-01 6.558906342685397739e-01 2.540553062624806291e-01
2.596077293603127900e-05 -1.433055784032359092e+01 7.152638162203198702e-01 5.677073754276426021e-01 9.607312812597601503e-02
2.606553292952034341e-05 -1.432403064164660833e+01 8.503381654161977776e-01 6.020566484432458010e-01 3.331965390481022027e-01
2.664142348385372213e-05 -1.429967722750823178e+01 5.456356370059232130e-01 5.736539413673943377e-01 3.402370032762790375e-01
2.659617056133353429e-05 -1.429887726426724726e+01 6.263002366621708283e-01 6.887766346843161580e-01 5.135126845537155704e-01
2.662513345736176605e-05 -1.429528886933137066e+01 8.567301716250981247e-01 6.126041125582984970e-01 4.161215841389229730e-01
2.659582326912090039e-05 -1.429389032233059886e+01 8.278651958341525230e-01 6.577969776175135452e-01 4.750683547154042063e-01
2.720536087400227235e-05 -1.426873046099342091e+01 3.833008389069432198e-01 5.532495652256782526e-01 4.881531433528740749e-02
2.720307229377080997e-05 -1.426631458693123911e+01 2.888841963054986639e-01 6.936013842572523735e-01 1.089970527530990108e-01
2.717105365146976986e-05 -1.426499230318673028e+01 4.577330988444229254e-01 5.350957131434672664e-01 1.034438288054831956e-01
2.728435786851927787e-05 -1.425833093970076071e+01 3.839657257638396937e-01 6.079233713264018402e-01 2.195250719099209880e-01
2.736108833934685218e-05 -1.425302263538335978e+01 6.254143399383894630e-01 5.343342160802605489e-01 2.535501392476199878e-01
2.742346186747181424e-05 -1.424824558629416416e+01 3.996459587941219027e-01 5.491198758451053541e-01 6.513887659675310360e-02
2.767545412686474632e-05 -1.423659861808992488e+01 6.392283293756424456e-01 5.140132023238692671e-01 6.141434390937638987e-02
2.826338759271462410e-05 -1.421307726340553401e+01 4.240461180975543254e-01 5.445468324204862931e-01 8.959960136557920674e-02
2.915785631093680328e-05 -1.417942011610745112e+01 4.540719216479496279e-01 6.447068923358351134e-01 3.726890297641287653e-01
2.919121183748064438e-05 -1.417577680632596682e+01 7.294217664755243691e-01 5.621008601484510647e-01 1.094965515396907341e-01
2.935893588139432969e-05 -1.416754754656369641e+01 6.742951854587874161e-01 5.612820888260193763e-01 3.761260916203037485e-01
2.981446171719991385e-05 -1.414965093751295555e+01 7.785098076683366619e-01 5.762880338312135198e-01 1.809780150178870173e-01
2.980975019324218163e-05 -1.414730897814163946e+01 7.510065434360637671e-01 6.324124848538861254e-01 5.255977840531348422e-01
3.037909901946044558e-05 -1.412588966613257213e+01 5.439708758522174836e-01 5.128554880571851715e-01 6.805192356529110587e-02
3.113632899211548667e-05 -1.409876923359016132e+01 3.608048401467703892e-01 6.918696776255318648e-01 2.761571562862283891e-01
3.136996846575448844e-05 -1.408879348886513583e+01 4.540635304394409211e-01 7.477383412498953552e-01 3.345211111616239741e-01
3.141941578159959832e-05 -1.408471846701519148e+01 3.557444033787326987e-01 5.958020260752154851e-01 1.331590218339642195e-01
3.170958020819932699e-05 -1.407302565583622389e+01 7.704562922081609200e-01 6.471204796568974515e-01 5.263815768048398791e-01
3.209551801427298678e-05 -1.405842811116766100e+01 4.301079301945489597e-01 6.516406466259793140e-01 3.487917523844734635e-01
3.272984113078904796e-05 -1.403635727126266453e+01 3.578805307025716420e-01 7.276185338051799345e-01 2.529570616813012762e-01
3.280497114146686463e-05 -1.403156444273424164e+01 6.213809903958485981e-01 5.273475428293691314e-01 2.078737613956290753e-01
3.317034180318833523e-05 -1.401798834833746632e+01 6.772526962560272423e-01 7.184215013701830133e-01 3.636906206265493324e-01
3.441345209420016761e-05 -1.397869696864194289e+01 7.098703912741476385e-01 5.320289866085464725e-01 9.714197309080874199e-02
3.451385167471518109e-05 -1.397328376455500276e+01 5.442144388255457654e-01 6.353951908411512584e-01 4.451947576831684072e-01
3.478226241941069155e-05 -1.396303694958419150e+01 5.984271864528074580e-01 6.378226600213358077e-01 4.838490279925388160e-01
3.480744279461678975e-05 -1.395981326851016746e+01 3.188628671548069393e-01 6.441330554838854416e-01 1.543597731751943369e-01
3.515266404111971714e-05 -1.394744409980323852e+01 4.426479782781808092e-01 5.674474898661677758e-01 1.939803904282429992e-01
3.582606387240064674e-05 -1.392596883618968384e+01 3.100347566704702018e-01 6.908971616604319133e-01 1.740943544010016275e-01
3.583260199696716659e-05 -1.392328635652709679e+01 5.033555086281545909e-01 5.484630461616963881e-01 2.034130062699711639e-01
3.618034990504113524e-05 -1.391112835468275222e+01 8.316322793325866547e-01 6.456778089781542995e-01 4.017196865018429763e-01
3.615395516461359255e-05 -1.390935815340200499e+01 7.431710390665066113e-01 5.658274748293834477e-01 1.347212128968814371e-01
3.610375166958288291e-05 -1.390824772152721955e+01 5.610813648930307318e-01 6.430747833098876542e-01 4.633845002062618734e-01
3.676793809072955609e-05 -1.388751828794783094e+01 6.816203466319797899e-01 5.548662839700265748e-01 6.614861757185874769e-02
3.702873178458856524e-05 -1.387795035981572411e+01 4.486343137121450164e-01 7.215385706303284463e-01 3.726922718139946689e-01
3.701612531630943924e-05 -1.387579086876920087e+01 7.656480772036046156e-01 6.848400160068978115e-01 4.870645475328894136e-01
3.770158967852759569e-05 -1.385494224572729216e+01 6.623366472039089459e-01 5.784135422621781153e-01 6.891291062036908333e-02
3.783554913835752059e-05 -1.384889539175945039e+01 5.906771531192943625e-01 7.017663699461660354e-01 4.832375274321891734e-01
3.800722949263149263e-05 -1.384186811439418996e+01 7.384749832021297866e-01 6.762773742738685812e-01 3.055594479575373112e-01
3.792842816412039661e-05 -1.384144359142908698e+01 4.651971221787822852e-01 5.383349785679409916e-01 1.127120819373482741e-01
3.788800696754024693e-05 -1.384000988267160892e+01 7.444784254868453965e-01 6.363344826946448762e-01 5.196550076132655516e-01
3.818057364646058465e-05 -1.382981766285730352e+01 2.970102680453049482e-01 6.967864184306473696e-01 1.191445412953930916e-01
3.858222228282779580e-05 -1.381685289807326278e+01 8.067466059821646329e-01 5.685607614766639006e-01 2.612525445786761935e-01
3.850533991732907769e-05 -1.381634757500416200e+01 5.814051450646819941e-01 5.285525094378270561e-01 1.834046992819264865e-01
3.844243059799193032e-05 -1.381548269277124596e+01 4.510806705975982656e-01 5.326690538622858018e-01 4.687838850406911284e-03
3.954302161503134955e-05 -1.378475527181225324e+01 4.295772680366474194e-01 6.772934543287146836e-01 3.598954111678470680e-01
3.962180454762832685e-05 -1.378026491921693797e+01 8.201753252978313258e-01 5.774319389247926093e-01 3.383089949005068098e-01
3.977357927816343525e-05 -1.377394165121064873e+01 4.287794033413796502e-01 5.397791924531218921e-01 5.570586005231492610e-02
4.037923876798000454e-05 -1.375632874483373591e+01 8.157589739332651302e-01 6.584481773928667625e-01 4.492328170248988117e-01
4.036366106560495940e-05 -1.375421460421209652e+01 8.268168875910262283e-01 5.973163016398277403e-01 3.022140304921524523e-01
4.037848001416259250e-05 -1.375134753570175228e+01 3.325428671231979161e-01 5.845555657811314365e-01 2.376945805637575848e-02
4.148273421283155777e-05 -1.372186720822904427e+01 5.453111789423515932e-01 5.490001770031596173e-01 2.407736106792442987e-01
4.171937700421588912e-05 -1.371367880859524924e+01 7.329433636770468219e-01 6.618538012283557981e-01 2.658742269357088350e-01
4.177786457914586902e-05 -1.370977786208763227e+01 6.736305611536178573e-01 5.686944612590123516e-01 3.834660686487645354e-01
4.218608502733302626e-05 -1.369755407785404877e+01 7.066460274473701508e-01 5.950190043974420417e-01 4.578143629407075421e-01
4.280352272191419839e-05 -1.368052410004393948e+01 7.221416994386516963e-01 6.322340143694266112e-01 1.978615708008161223e-01
4.324679280037042276e-05 -1.366772143010792462e+01 7.904886083307379741e-01 6.331141326530239644e-01 4.972349370170843219e-01
4.346180065305937793e-05 -1.366026209943950143e+01 7.732442581464947784e-01 6.803888019072337201e-01 4.753583087473737256e-01
4.408226961344237349e-05 -1.364358685380407721e+01 6.140247355780947824e-01 7.344516824553155576e-01 3.971728111387642368e-01
4.399797402051348129e-05 -1.364300091796163983e+01 5.826174412481993636e-01 7.280482439686106755e-01 2.866033501961116059e-01
4.398958039574569383e-05 -1.364069170914452833e+01 6.349921062258063742e-01 7.210359578013447734e-01 3.216614944326510184e-01
4.420988432807270753e-05 -1.363319611441671952e+01 3.358427178692301451e-01 7.202473647544046509e-01 1.310335355694620674e-01
4.414410277781395203e-05 -1.363218516011953518e+01 8.361422775481518466e-01 6.265760459931265514e-01 3.945547296241525004e-01
4.485436852805377783e-05 -1.361372351899191280e+01 3.548462434983091773e-01 6.719364889269220376e-01 3.161922691014529274e-02
4.491404424945378909e-05 -1.360989397047157468e+01 6.984900744573153686e-01 5.273351745332378604e-01 1.657795838560731649e-01
4.497967734583971301e-05 -1.360593373260660499e+01 6.450764243940007026e-01 6.508872653132525832e-01 5.066194968954650379e-01
4.600652184984474241e-05 -1.358086134004766343e+01 3.791913222025846686e-01 5.565288208944300097e-01 1.685385928227423058e-03
4.711925675302748345e-05 -1.355446274010516738e+01 3.482851562361646280e-01 6.504428758985760783e-01 7.044845534994736980e-04
4.712794302553787140e-05 -1.355177841054300991e+01 7.928846596937053626e-01 5.748016127278828824e-01 3.665107648176452182e-01
4.745964087185672314e-05 -1.354226482181715063e+01 7.225340768881699516e-01 5.345562651490521899e-01 1.520276501947304126e-01
4.809302413698399186e-05 -1.352650736757451355e+01 6.820198770715828473e-01 7.085304190113379530e-01 3.404669431759148601e-01
4.873072009536299993e-05 -1.351083487183584353e+01 7.409028696015735882e-01 6.937358438318697029e-01 3.859000036118545029e-01
4.968058879628180322e-05 -1.348903021649946865e+01 6.670597453908000407e-01 6.655953909537882796e-01 5.137242524076212069e-01
5.139028550053962631e-05 -1.345269534927670918e+01 4.242723534415074882e-01 7.233760959722297379e-01 3.377993492278991150e-01
5.127550100334588517e-05 -1.345243143101201611e+01 5.452944259557619411e-01 5.690172373694402097e-01 3.022006426073061691e-01
5.163387732971774335e-05 -1.344296651137271681e+01 7.728770055799868421e-01 6.398976868927733763e-01 5.009105242749456455e-01
5.217875355954289121e-05 -1.342996911373010249e+01 6.638556127215199387e-01 6.955070491232511198e-01 4.969558907530938763e-01
5.215561008534418005e-05 -1.342791275422916009e+01 7.516159941853816084e-01 6.339667728009753533e-01 5.038331599653512738e-01
5.305473204243177631e-05 -1.340832044508069387e+01 7.463111773968187368e-01 5.679280818135050701e-01 1.559210970580636735e-01
5.333525102679642605e-05 -1.340054702315974922e+01 8.239648079958529214e-01 6.389089671295749007e-01 4.146793434678438528e-01
5.360684520213288598e-05 -1.339296773691379983e+01 6.596403574019832350e-01 5.373086368817313607e-01 2.367506908383442132e-01
5.374132058423758179e-05 -1.338796232936515374e+01 6.776800243328841011e-01 6.147191770113644704e-01 1.337545697532471767e-01
5.367771200648328053e-05 -1.338664663690646606e+01 6.860879514731733630e-01 5.498038945797376620e-01 3.001893842997441775e-01
5.494674193807166804e-05 -1.336078011813051347e+01 4.969799641544121460e-01 5.572478447053718087e-01 2.109219399389090643e-01
5.522369341723371722e-05 -1.335325241606757984e+01 3.024460718951716975e-01 6.591843689803146278e-01 1.148248338747982489e-01
5.646337553528452808e-05 -1.332855229847932854e+01 3.383563934105741078e-01 6.105806946158121029e-01 1.129170388698462757e-01
5.704458767967406037e-05 -1.331581130379288602e+01 7.444335955168303043e-01 5.457911168852169759e-01 2.151485137930685410e-01
5.692020462735417503e-05 -1.331549413761708855e+01 6.773369364993572228e-01 5.474897825476376934e-01 7.398715709273828711e-02
5.687323515893511275e-05 -1.331381965921437072e+01 5.830970320082657921e-01 5.965298826308189639e-01 3.990830795028937894e-01
5.763967503093086635e-05 -1.329793337262494646e+01 6.980655808162822273e-01 6.395541239838299363e-01 5.056357952761261210e-01
5.830895452874364205e-05 -1.328388883029434986e+01 5.613652106493572935e-01 6.487105631005920525e-01 4.554943846727093071e-01
5.833469635834070163e-05 -1.328094745470606775e+01 6.694617429452053292e-01 7.189654740028854629e-01 4.043129482002992825e-01
5.846529470598182352e-05 -1.327621118052698534e+01 6.605460623091797823e-01 5.460613237990584734e-01 2.751534733767393437e-01
5.889241682363375956e-05 -1.326643217009009845e+01 3.880454413954396164e-01 6.705204380710414469e-01 2.933526893255575807e-01
6.056459845512781844e-05 -1.323593396736688987e+01 7.466020518686462548e-01 6.873216893337167344e-01 4.667830835033488501e-01
6.106071375370264085e-05 -1.322527582921044420e+01 6.899166630042744552e-01 5.729247324173895040e-01 9.857175634451431634e-02
6.150051306331059064e-05 -1.321559898856094506e+01 8.197393862776127804e-01 5.986759211217108634e-01 3.617965941540483010e-01
6.135891225155353109e-05 -1.321540407625109026e+01 3.107489192813044365e-01 6.135265382292599545e-01 2.029515988981189789e-02
6.150037523103654051e-05 -1.321060122971994488e+01 5.709853793271618683e-01 7.363715692042119842e-01 3.940253391792741811e-01
6.164665811407915520e-05 -1.320572548508570243e+01 8.213839748078441971e-01 6.256643889227886390e-01 4.179164818090087552e-01
6.162632065900768377e-05 -1.320355544312611684e+01 6.306892006728597178e-01 7.278287326636843080e-01 3.876244922309898255e-01
6.436225225172161795e-05 -1.315761718973099725e+01 3.001452047080221952e-01 6.690129466552502402e-01 4.999104323706038411e-02
6.542002716325437330e-05 -1.313881606850801553e+01 4.451352773092474013e-01 7.050983174834450917e-01 1.310019088068949955e-01
6.583408742250060146e-05 -1.313000675570501130e+01 4.370766548075771807e-01 6.807442704282874457e-01 3.582830788335192862e-01
6.768887738506467312e-05 -1.309972263209813903e+01 3.911345990202764744e-01 6.906999600545880025e-01 3.027083824474602336e-01
6.770680460911311996e-05 -1.309695781975126039e+01 5.633507412418388149e-01 6.471182463869922241e-01 1.003276374549064709e-01
6.767840837495304671e-05 -1.309487730772857539e+01 7.753725377607274538e-01 6.593305492298595638e-01 4.811415235522477074e-01
6.760613499820159876e-05 -1.309344577248922015e+01 5.502542794470322018e-01 5.725791124673087484e-01 3.066730934812088583e-01
6.904343834565710445e-05 -1.306990865807076574e+01 5.934953463909684590e-01 6.057117500475406313e-01 4.176518294051841940e-01
6.976911094632726868e-05 -1.305695313059692708e+01 5.982101746385865004e-01 6.338574038391864285e-01 4.603863299096223605e-01
7.108206753421076230e-05 -1.303580941554246309e+01 5.183275609777591164e-01 5.259645852060107485e-01 7.021506299755220226e-02
7.104305703522868971e-05 -1.303385837548293757e+01 7.593736506572191791e-01 5.688294309492105683e-01 3.381989281875772413e-01
7.151225633006012610e-05 -1.302477565361812495e+01 7.612619632359379773e-01 6.037807700707817915e-01 4.455513673786845041e-01
7.177817394946997055e-05 -1.301856405998046107e+01 6.424131355328098758e-01 5.633568849778867182e-01 3.303258731268676751e-01
7.266370500820561532e-05 -1.300380248930888705e+01 7.641539946193564026e-01 6.483828727963565353e-01 2.947706721552665332e-01
7.338176038761270526e-05 -1.299146909717284260e+01 7.383760401841490406e-01 6.872893081424339412e-01 3.731776298075550891e-01
7.515927648082708693e-05 -1.296503495771855619e+01 5.206751442484947034e-01 6.437495335819984899e-01 4.142775267643921122e-01
7.548156071946397446e-05 -1.295825610828649666e+01 3.042959726087890449e-01 6.678816716443939372e-01 4.830504096705001693e-02
7.634685090048719995e-05 -1.294435772059063794e+01 7.933189850530482090e-01 6.577248873017315089e-01 4.336206001355756845e-01
7.781038614688004431e-05 -1.292286958552532106e+01 5.845281591039531710e-01 6.837024092466231773e-01 4.709584397666770617e-01
7.870111916090025399e-05 -1.290898712991329056e+01 3.809625705576796806e-01 7.309671323756339323e-01 1.790090874795893239e-01
8.021029027978446866e-05 -1.288749269146175180e+01 6.135287869078229761e-01 6.657363218831547913e-01 1.711750450829523373e-01
8.015919308667563878e-05 -1.288562993482956998e+01 5.870840299617737790e-01 7.286167840285683317e-01 3.145748807152554116e-01
7.999160998480803956e-05 -1.288522275184727661e+01 5.312443117683031124e-01 6.659252039759537833e-01 1.123149195899143526e-01
7.983296087686097880e-05 -1.288470804308503936e+01 3.164859016881756970e-01 6.205309005964460001e-01 6.013625491681107160e-02
8.056345657712247154e-05 -1.287309935147566975e+01 3.731271716768266300e-01 6.926651341707458220e-01 2.723510947221001732e-01
8.036895826509626156e-05 -1.287301649542910731e+01 7.464198003433922812e-01 6.171256495803874031e-01 4.670633661960121863e-01
8.313619048967862166e-05 -1.283666439348401767e+01 6.526529123678128652e-01 6.278926872638047607e-01 4.726705812033371590e-01
8.336659942752618492e-05 -1.283139676316340250e+01 6.418335938842432142e-01 6.219521660429030430e-01 1.221099800141302039e-01
8.334764460951577620e-05 -1.282912415606797119e+01 7.945627410124829204e-01 6.371992533259721592e-01 3.345611140022001218e-01
8.421609628692557092e-05 -1.281625843555017674e+01 8.042131623064474599e-01 6.360257755826912440e-01 4.274699351565711680e-01
8.415596501949704797e-05 -1.281447270215139866e+01 7.313088751639689189e-01 6.904653549970800608e-01 4.491699457463083078e-01
8.412491925690991439e-05 -1.281234167766603349e+01 7.947265235288160090e-01 6.024787301439766818e-01 4.028932686528495788e-01
8.395235966189237582e-05 -1.281189501475901871e+01 4.222693651462720021e-01 7.319839393228941837e-01 3.085032886771891247e-01
8.398416547502369903e-05 -1.280901623100741205e+01 7.425162193821573942e-01 5.577676868851887404e-01 1.899032935293124558e-01
8.406033921958814723e-05 -1.280560964081667485e+01 7.798013167659011424e-01 6.103990301702122423e-01 4.367623060457160866e-01
8.543005475664770267e-05 -1.278694653771476730e+01 6.914843467212039574e-01 6.345903150288558781e-01 4.868489728991228782e-01
8.533858368468603516e-05 -1.278551782435784823e+01 6.751479041800959591e-01 5.387332892497352921e-01 9.877808908315877101e-02
8.528720699734211705e-05 -1.278362003916595135e+01 7.116841294445350741e-01 5.699362379527787015e-01 1.313784716856456480e-01
8.514178781529371776e-05 -1.278282654711665600e+01 6.462320052993388853e-01 7.158213169853535618e-01 3.423954613684030424e-01
8.503152244159086328e-05 -1.278162246583584860e+01 6.568845326674622731e-01 5.659770549829609143e-01 7.300013466940868945e-02
8.506174412439330653e-05 -1.277876711157955292e+01 7.965425239218469899e-01 5.977805327988034989e-01 3.822560308386162564e-01
8.489281198193911041e-05 -1.277825508062210069e+01 7.759166559268448893e-01 6.607211263700961679e-01 3.623494210981508257e-01
8.535477363223849462e-05 -1.277032812807610185e+01 7.138663668151675745e-01 6.236688823698627315e-01 1.920658537749441175e-01
8.610530569377602766e-05 -1.275907347383672175e+01 7.486749739625770950e-01 6.769058609824101236e-01 4.651918417703296837e-01
8.594619486829519958e-05 -1.275842304643934355e+01 7.841356063382821651e-01 6.011624085918140237e-01 4.098411855314840757e-01
8.576872122957776535e-05 -1.275799012023750301e+01 3.487419527392949803e-01 7.160893067277248614e-01 1.347130991689010626e-01
8.743663960404353744e-05 -1.273623009357949520e+01 4.410659573242983189e-01 5.579987855172230393e-01 1.192956219608412027e-01
8.747443770102812828e-05 -1.273329789570895088e+01 5.990771642628397453e-01 5.355414153939626054e-01 3.987076784207255198e-02
8.901240442553672787e-05 -1.271336877024337753e+01 5.431149772132106701e-01 6.393431009401226994e-01 7.920158940501231815e-02
8.890467004691904622e-05 -1.271207983322993762e+01 4.400220793692474208e-01 5.715820088531051724e-01 1.670703604176549950e-01
8.888902000737045745e-05 -1.270975588041793891e+01 6.877397226197995428e-01 5.447550054373601069e-01 2.298174879596101006e-01
8.990900732918808780e-05 -1.269584637661214721e+01 5.693486248594978871e-01 5.363217323098411482e-01 2.600870040468195032e-02
9.044890262646707155e-05 -1.268735942644113734e+01 5.717700285121406489e-01 6.371955425056951006e-01 4.398293001995816631e-01
9.211802776205409084e-05 -1.266657384055179314e+01 5.178983924653209892e-01 7.345423979397961434e-01 3.745309056883282528e-01
9.361393989459276474e-05 -1.264796520293918647e+01 6.592856823607949890e-01 6.270131791096645868e-01 4.686763673414461318e-01
9.412133922049652982e-05 -1.264005971321148891e+01 5.551482750900182950e-01 5.908367513703930429e-01 3.477092563375222545e-01
9.411889434528411893e-05 -1.263758568932898463e+01 7.020164756577312870e-01 6.816483128518534551e-01 3.006585815962415920e-01
9.587823557178476843e-05 -1.261656549889827161e+01 3.889515092323827528e-01 7.097930570285622132e-01 1.226615969661533079e-01
9.918068229378631151e-05 -1.258020124544562890e+01 5.611976150274847752e-01 5.816141516820416690e-01 3.265054021697958442e-01
9.979024941242389227e-05 -1.257157402856545581e+01 6.499300115295342239e-01 6.790525874032842246e-01 4.859540448993749928e-01
1.010037280344771817e-04 -1.255698707843897033e+01 6.670709651264277174e-01 7.000273866126792699e-01 4.640668852877390949e-01
1.009291305725337512e-04 -1.255522591278075595e+01 4.436627904807384226e-01 7.405096410622737935e-01 2.913801355513716551e-01
1.009843844989961940e-04 -1.255217860986423872e+01 7.014355848559064022e-01 5.798918583296617246e-01 1.319051784801726357e-01
1.008725505759101594e-04 -1.255078666131153398e+01 5.867888865153250144e-01 7.307246564742877482e-01 3.799810604405642334e-01
1.022876146591307408e-04 -1.253435590902901708e+01 6.815389032914048739e-01 5.411964287539940965e-01 1.214669050974980236e-01
1.024669464970128370e-04 -1.253010423245855165e+01 7.902334839180715775e-01 6.100082174712028182e-01 2.963309981146723393e-01
1.027930418337915340e-04 -1.252442684154295804e+01 3.744279355727789804e-01 6.992949993660763086e-01 9.732775645301106060e-02
1.027377396413465177e-04 -1.252246498179993495e+01 3.397280903987550671e-01 5.942640049726836127e-01 1.075385507459492018e-02
1.026050201856112232e-04 -1.252125764460750545e+01 4.984147491109435224e-01 5.416169662657713824e-01 5.260198713249786273e-03
1.047406275636959458e-04 -1.249815742536455510e+01 7.851682613582200432e-01 5.871545028342027850e-01 3.216332788423571509e-01
1.048508591482008118e-04 -1.249460555444748877e+01 6.618293109274743236e-01 6.077725748530150574e-01 1.243042151211124213e-01
1.067433507497560127e-04 -1.247421714372121571e+01 5.179402696078941881e-01 6.474229971171666653e-01 4.054388889939131158e-01
1.068949646864311709e-04 -1.247029779193669619e+01 3.161460878805391062e-01 6.284617340196421154e-01 5.891087546352236082e-02
1.069977680503209939e-04 -1.246683653092992294e+01 6.604171592486554054e-01 5.913642410568684671e-01 4.000341361742331125e-01
1.067430445633095763e-04 -1.246672001216110459e+01 6.709173450537532224e-01 6.630875832705174222e-01 2.236162039615131603e-01
1.075848088221212497e-04 -1.245636505002144645e+01 3.261324205994152736e-01 6.114250732421432355e-01 6.885326046771611530e-03
1.075948044088373244e-04 -1.245377214543282740e+01 4.044247305324016883e-01 7.162720668955198100e-01 1.459626597742081922e-01
1.079354221220108780e-04 -1.244811140086136447e+01 6.467229555931561791e-01 6.804104173658191979e-01 4.817658589268625224e-01
1.084258705234075564e-04 -1.244107778733519609e+01 7.346162565403487887e-01 5.842794499971274425e-01 3.783478158415350956e-01
1.091072553013524980e-04 -1.243231311381628501e+01 6.140379467031035210e-01 5.685392527179424782e-01 3.145101946511824620e-01
1.088445687142095724e-04 -1.243222361637137752e+01 4.834821343040602848e-01 7.398048707398352519e-01 3.230622938665632660e-01
1.103403959456194486e-04 -1.241607440957945485e+01 6.892217564754182790e-01 6.144369445855717426e-01 1.601602852214447648e-01
1.102528402884549885e-04 -1.241436822958279684e+01 7.501440151764056097e-01 6.297475948066805218e-01 4.627973352718568467e-01
1.103738854694718695e-04 -1.241077094463016017e+01 3.393726058940558232e-01 6.677353135541624907e-01 1.901170730228233241e-01
1.104257440317696131e-04 -1.240780121047916751e+01 4.046691019747906681e-01 7.276160004993645902e-01 2.831905684420756852e-01
1.116501640378537248e-04 -1.239427405833138884e+01 7.937078218153792442e-01 6.018179698730222738e-01 3.318799269582370925e-01
1.117537191932388023e-04 -1.239084699152033764e+01 7.734484303961670637e-01 6.410490625848372925e-01 4.513116157068757239e-01
1.121826903732613839e-04 -1.238451579939256320e+01 7.889200675787999550e-01 6.042570020408559728e-01 3.786098106159949683e-01
1.133839207116879160e-04 -1.237136491725723708e+01 6.643605419212829100e-01 6.120860157578886795e-01 4.407717811783581352e-01
1.135003043420852595e-04 -1.236783898748554122e+01 3.535166157894484851e-01 6.538310403000745508e-01 2.021924121176393863e-01
1.141842561998426077e-04 -1.235933107976096146e+01 4.809585116632029145e-01 6.540826222800636414e-01 3.753394047753999541e-01
1.165907417902507998e-04 -1.233597463652336401e+01 6.474676511266699297e-01 5.921286689029245931e-01 3.937183078139495640e-01
1.166462680178348486e-04 -1.233299850086479843e+01 6.218709647873883473e-01 7.222028637638141513e-01 3.897397595199197928e-01
1.174836257434984393e-04 -1.232334553733259597e+01 6.389618468955094999e-01 5.744508388657750819e-01 7.269607178217696308e-02
1.220136275804966432e-04 -1.228301176585687493e+01 3.584979565990207284e-01 5.851201521007026729e-01 3.251472934453591979e-02
1.233245323862061519e-04 -1.226982515043824407e+01 7.662614339885299719e-01 6.343463577716370594e-01 4.492516964006642022e-01
1.245497438140064301e-04 -1.225743932101815581e+01 3.978750344611025058e-01 7.220035866005837244e-01 2.792110611512174101e-01
1.242543807633231267e-04 -1.225731358382376257e+01 3.255181659620055568e-01 6.162564991900487676e-01 1.633715709639871339e-02
1.255822295127748383e-04 -1.224418374657818198e+01 6.857570995070293440e-01 5.871983663795172781e-01 3.854570217367360163e-01
1.270899374800937062e-04 -1.222974950087172097e+01 5.462262772238539732e-01 5.345884586884495082e-01 1.098846186438101613e-01
1.296091700096955969e-04 -1.220762096816874376e+01 7.399818600890171183e-01 5.902006192499563708e-01 2.005537706467812598e-01
1.301706868871639372e-04 -1.220079794052009348e+01 4.875046052951975684e-01 7.382512996552220708e-01 3.209127145179910823e-01
1.298496731905799642e-04 -1.220076708454851477e+01 6.940668922425397014e-01 5.563489807244806906e-01 1.329926226251504362e-01
1.309831187060779968e-04 -1.218957605577319647e+01 6.025352682822823214e-01 7.003363762844617701e-01 2.474293471298260050e-01
1.330153028659136901e-04 -1.217168032508629594e+01 4.062272227870665775e-01 5.625565281780485760e-01 4.729758971046293947e-02
1.353716421220669598e-04 -1.215162060508706432e+01 5.720642832500274499e-01 6.836447181134102102e-01 1.824818821874729657e-01
1.382259343627093950e-04 -1.212825495390732833e+01 5.248470297279203001e-01 7.360816002806381819e-01 3.340081267644355867e-01
1.416597121676076891e-04 -1.210121671736172999e+01 6.105098602339595892e-01 7.017432674386048230e-01 2.611252333720339713e-01
1.425213299508909363e-04 -1.209265283345836650e+01 4.418597110857042098e-01 7.291160554469914290e-01 3.159078237169391512e-01
1.449382521673958516e-04 -1.207333670123093050e+01 7.078235708743544352e-01 6.662841377063913884e-01 4.742790243905351533e-01
1.446788915059630729e-04 -1.207262776047194386e+01 3.564020448855398371e-01 7.188507685091660715e-01 1.756498394231000848e-01
1.468399356633363147e-04 -1.205530138534419216e+01 4.797421469558103002e-01 5.595256726440794859e-01 1.539218420926369291e-01
1.479693930074102719e-04 -1.204513905745822555e+01 5.936950160435091606e-01 5.450293409435532643e-01 1.874649391367783080e-01
1.501944921649590750e-04 -1.202771343718071506e+01 5.082943409308076088e-01 6.882148165600751044e-01 4.056796200153844900e-01
1.531466719118255765e-04 -1.200574840369427498e+01 6.494987328812694694e-01 6.411436884660608460e-01 4.629325736618354892e-01
1.527764395477181579e-04 -1.200566883242939653e+01 6.957580721162119897e-01 6.046876322397409798e-01 4.189280872947094281e-01
1.532080025730651342e-04 -1.200034801377261040e+01 6.326623421153567683e-01 5.939313293182659770e-01 3.818885493692164568e-01
1.533550521574145479e-04 -1.199688867054218377e+01 6.215457630993287408e-01 5.663323973814958778e-01 6.092490734395616947e-02
1.544558123899463680e-04 -1.198723645434915319e+01 7.243695373622915934e-01 6.261385458763010226e-01 4.504084952808713460e-01
1.543260899862191455e-04 -1.198557667464937815e+01 7.078413072697551378e-01 6.629770441800307834e-01 4.722523813603141107e-01
1.542731299618576191e-04 -1.198341990315715044e+01 4.670004611300520025e-01 5.455153713041589469e-01 6.035669656740461075e-02
1.563710116801608643e-04 -1.196741304221272806e+01 6.957609286346883026e-01 5.977410695048819278e-01 4.019721203339861049e-01
1.566570980786926432e-04 -1.196308517775413094e+01 3.571815645857003840e-01 5.929639590780196867e-01 4.849875782137769153e-02
1.595818346384116364e-04 -1.194208764534858069e+01 5.083873034924568657e-01 5.756445324407918340e-01 2.414145541897874114e-01
1.594755445852445079e-04 -1.194025392084646953e+01 3.808762920047168987e-01 7.141506382418161269e-01 1.440900154831417923e-01
1.635886847844862158e-04 -1.191228924796375033e+01 3.573326678042862969e-01 6.374919481506120533e-01 1.731043858618194209e-01
1.649261226962432474e-04 -1.190164687343179750e+01 6.466680057203940679e-01 6.797810992815385145e-01 4.676164134192282162e-01
1.670803534829802788e-04 -1.188616965055365071e+01 7.252843773620171186e-01 5.876313171190815643e-01 3.634004134388177931e-01
1.684696155127232849e-04 -1.187538909566587719e+01 5.406568694426345800e-01 6.279408503317631673e-01 3.881493931784064655e-01
1.688595643833824670e-04 -1.187057711634361823e+01 5.696048834703127950e-01 7.265208327412298051e-01 3.190501073714604452e-01
1.692180521090720809e-04 -1.186595637339844167e+01 6.474326585237917264e-01 5.445933001628928682e-01 1.045256356034043321e-01
1.703771468350387148e-04 -1.185663001524828175e+01 6.019976152533260683e-01 5.378026211283217783e-01 7.500335238043642772e-02
1.715087206793629055e-04 -1.184751039107589499e+01 5.491407879286427374e-01 7.094822615320852677e-01 4.151336078556567832e-01
1.721948074663374984e-04 -1.184101806837877291e+01 3.826441493118461490e-01 6.743219382554735963e-01 6.318075879246592974e-02
1.718584776133358371e-04 -1.184047317228110430e+01 4.432727155092930360e-01 6.349543782281572568e-01 3.009748835008139167e-01
1.730762485211786604e-04 -1.183091226553530717e+01 3.816152069100103850e-01 6.042479343498231570e-01 1.423583952532890828e-01
1.743031994319114704e-04 -1.182134819758231181e+01 7.771139968004278087e-01 6.265768028913476506e-01 3.394475356751092132e-01
1.742424914142298546e-04 -1.181919654799885322e+01 6.202501521842522791e-01 5.441044562138277474e-01 7.474697597202362154e-02
1.740816268304646523e-04 -1.181762019690385834e+01 3.437177701842631938e-01 6.479257741974061569e-01 2.353306491683704316e-02
1.736627894220270883e-04 -1.181752907878029113e+01 4.954712338908464631e-01 5.508353514774143589e-01 7.715291754818109915e-03
1.734307488661018045e-04 -1.181636612810501852e+01 7.099199439962805558e-01 5.744114954901030634e-01 3.164316214455005216e-01
1.739317699570391514e-04 -1.181098141020237335e+01 3.960700195507413923e-01 5.709034929671430447e-01 4.480610356539127537e-02
1.756691471185597541e-04 -1.179854212583838091e+01 5.114778868951210811e-01 5.389917857522024125e-01 5.358318619837720842e-02
1.754632906279842135e-04 -1.179721465501558519e+01 6.050626311385751688e-01 7.094538455229145724e-01 4.278644540520293305e-01
1.755311804532431249e-04 -1.179432781230608818e+01 3.933995190314406587e-01 5.964106104082178561e-01 1.407165918327440979e-01
1.751070612722643372e-04 -1.179424694026957887e+01 3.378076108325027693e-01 6.492142059939003396e-01 2.750703196834813902e-02
1.758220314201106927e-04 -1.178767220749887379e+01 3.263250543116095193e-01 6.906527645122240155e-01 1.198127993257273038e-01
1.773898969435841488e-04 -1.177629438829032615e+01 5.164023236783599202e-01 5.937299690212782810e-01 2.972033645188827955e-01
1.775356629117688407e-04 -1.177297299928447494e+01 5.929372624665463221e-01 6.105250001408673022e-01 3.918568068411412142e-01
1.774254914396640990e-04 -1.177109375157971094e+01 7.062355090591272422e-01 5.780947439928603160e-01 1.629420628635610546e-01
1.790412656016576742e-04 -1.175952819247211600e+01 6.539938234656044180e-01 6.711837676683940490e-01 2.361826418270760453e-01
1.791448535581542287e-04 -1.175644978949197039e+01 6.348085161385973452e-01 6.964151773187331473e-01 4.481892844948979215e-01
1.815053295855073687e-04 -1.174085948845017668e+01 4.837611629592787899e-01 6.034388056914015142e-01 2.864610339324671906e-01
1.818289303297380055e-04 -1.173657820402150342e+01 7.696505567138962611e-01 6.269910475102539182e-01 3.198624143933357367e-01
1.820935064875081632e-04 -1.173262417878085984e+01 6.773977095839284202e-01 5.610280638625383398e-01 2.593963212506896765e-01
1.834287846728036139e-04 -1.172281800809108887e+01 4.198374762370715718e-01 6.287924972711734783e-01 1.321096816549427455e-02
1.841020568092413729e-04 -1.171665424541559553e+01 5.849123507964210100e-01 5.377205049701480055e-01 7.372005320104257908e-02
1.842098420177731713e-04 -1.171356895228793427e+01 7.723761366614154689e-01 6.380303752106341042e-01 3.829459736417490934e-01
1.837873878620607544e-04 -1.171336491707783090e+01 7.379802849112615526e-01 6.717552575529960324e-01 4.093143521991623457e-01
1.850773885866450563e-04 -1.170387045153858097e+01 5.523576096152329473e-01 6.830935246269354000e-01 4.289088739923760940e-01
1.862813817618430860e-04 -1.169488617008403075e+01 5.600653777672167655e-01 6.379832016028991193e-01 9.971125413172687857e-02
1.863675442184742673e-04 -1.169192373774002114e+01 4.239763268900872406e-01 6.917591115606269714e-01 1.107855448166217283e-01
1.871651721454174559e-04 -1.168515300532843781e+01 3.955999856680906257e-01 5.832603239968580100e-01 9.628105367642769696e-02
1.878404826441833176e-04 -1.167905139975195539e+01 7.263266014610533228e-01 5.761496152009363270e-01 2.984301605979996497e-01
1.973902050391050308e-04 -1.162696199992585377e+01 5.396996763124916052e-01 5.737053094578528079e-01 2.538613320843363663e-01
1.974077821882897269e-04 -1.162437295616289035e+01 5.968376630610178202e-01 5.523137080178029956e-01 5.305278413216441002e-02
1.974962600362830008e-04 -1.162142485819470927e+01 7.200955864431428655e-01 6.159861638806288786e-01 2.161910566183751214e-01
1.979786331169114302e-04 -1.161648539451094386e+01 7.526686251933675242e-01 6.286595320738228576e-01 4.195960399423637188e-01
1.990839387120549103e-04 -1.160841796746750276e+01 3.782011165259000496e-01 6.606251933447583324e-01 2.357585562747942509e-01
1.991803813306919585e-04 -1.160543365282685357e+01 7.072558119677422317e-01 6.050665218782126376e-01 1.872551529267572068e-01
2.046531331143126571e-04 -1.157582799338738333e+01 3.528613503828161857e-01 6.235464497559604080e-01 1.230478464089733992e-01
2.090326479741524978e-04 -1.155215405566355713e+01 6.144142741440424826e-01 7.133245309986314675e-01 3.263413514003395965e-01
2.092792331234469110e-04 -1.154847510192593596e+01 4.730611220196794808e-01 6.020490500936782619e-01 2.658022642681498460e-01
2.143038899868108355e-04 -1.152224945145500179e+01 6.410143578408653564e-01 6.729409947441755691e-01 4.587587655841861567e-01
2.138830795168072810e-04 -1.152171499751526973e+01 6.170623747219470268e-01 6.916912373760554233e-01 4.453110295397157969e-01
2.145854368378264840e-04 -1.151593653983026222e+01 6.202456022465170360e-01 6.534749069137836264e-01 1.733346945259213179e-01
2.144207843049977618e-04 -1.151420413961226075e+01 4.483776358559028452e-01 5.712451905854504242e-01 1.366080500234216344e-01
2.139365264606849892e-04 -1.151396514012954242e+01 4.143348850914513326e-01 5.997055372588198097e-01 1.778896768579172338e-01
2.163375594918241123e-04 -1.150030454258492085e+01 5.252733972509872062e-01 7.214489428793915415e-01 2.532760220168887022e-01
2.159727747178151393e-04 -1.149949214906443196e+01 6.504288279856943467e-01 6.098775190083688402e-01 1.344547280088660424e-01
2.180783491030726978e-04 -1.148729010805551454e+01 5.352003387493768916e-01 5.485344370892266674e-01 1.378585294285280538e-01
2.192802996330932676e-04 -1.147929368739724154e+01 6.949259853218036076e-01 6.870668700384604533e-01 4.242643453252825658e-01
2.194611165293725008e-04 -1.147596943466040997e+01 7.536547813445452215e-01 6.159117898054630169e-01 3.896218325131516336e-01
2.204831107312330170e-04 -1.146882340920130972e+01 6.948205880444847660e-01 6.469643520611100262e-01 2.381216904565059134e-01
2.220696952072745108e-04 -1.145915323085363902e+01 7.551293936068016466e-01 5.979447078043435004e-01 2.882695116936118129e-01
2.217891695298221876e-04 -1.145791726199997562e+01 6.243280477795466465e-01 5.465550875137317188e-01 1.578191752457997477e-01
2.218334316373418919e-04 -1.145521771352093410e+01 5.707564987861599715e-01 5.591045093440253355e-01 2.135237213983974813e-01
2.216739268676815944e-04 -1.145343700159351386e+01 3.579348566064667336e-01 6.167277104080448602e-01 1.126479735538126192e-01
2.220412039663184958e-04 -1.144928153772945478e+01 5.233127721367245577e-01 7.246883043395272450e-01 2.664854058390488944e-01
2.216416324987256097e-04 -1.144858269631741976e+01 6.871384678080498798e-01 6.720969495760098500e-01 4.541585868980513307e-01
2.249880946855407340e-04 -1.143109701753563279e+01 4.917831897292517240e-01 5.491458990706711285e-01 2.512857444974470056e-02
2.287520552730036029e-04 -1.141200581691614602e+01 4.788591350471337327e-01 5.882646164388770638e-01 2.313748213618995186e-01
2.292346708929734805e-04 -1.140739826326431938e+01 5.127819582411401456e-01 6.503962727393649557e-01 3.812453227677516931e-01
2.298156798877217996e-04 -1.140236690998681013e+01 6.247937136675254521e-01 5.620862145224004847e-01 7.866615463119486229e-02
2.293092878510741902e-04 -1.140207281154988017e+01 5.099427558607729782e-01 7.237775143887070772e-01 3.593673595241416718e-01
2.306031683055134208e-04 -1.139394615869140281e+01 6.708602858192507234e-01 6.374222230961741342e-01 1.958804992065751316e-01
2.306022517621110490e-04 -1.139145013324747957e+01 7.369154232287346007e-01 6.487639205910197271e-01 4.313180046246645194e-01
2.303866200379753489e-04 -1.138988565144782150e+01 6.343304335064796629e-01 6.567522732775973315e-01 4.520798971133735966e-01
2.301541079443928642e-04 -1.138839538674031537e+01 3.876844737561593313e-01 6.223364453419165665e-01 1.855726763292195880e-01
2.317268817655382407e-04 -1.137908506141833698e+01 6.317943997221578956e-01 6.945899521979937985e-01 4.384704473818696879e-01
2.343856018341344892e-04 -1.136517687563749135e+01 4.871533982675172458e-01 5.754720472506631435e-01 1.979654110733094496e-01
2.339148175164793410e-04 -1.136468748445524568e+01 7.394385704598803732e-01 5.884262004562983428e-01 2.566364082221542775e-01
2.343400849799346384e-04 -1.136037109095627073e+01 7.263089878667653432e-01 5.926172733073220567e-01 3.464196835841206190e-01
2.357762241684084863e-04 -1.135176135331058234e+01 5.619416255418083761e-01 5.414892813976850405e-01 9.407686438718032562e-02
2.411798309068690282e-04 -1.132660166426382276e+01 3.623257690301325828e-01 6.664223255134168467e-01 5.548814145492320105e-02
2.422965059255547586e-04 -1.131948229856048371e+01 6.255568723939748388e-01 6.272355760462579033e-01 4.213238650829407295e-01
2.422338348800448006e-04 -1.131724098636837539e+01 4.333690951806726810e-01 7.180575821854752183e-01 1.834830179377925363e-01
2.435579980163413486e-04 -1.130928940679825168e+01 4.447107731961971178e-01 7.100500566027082572e-01 1.664825504853363336e-01
2.461221515923078655e-04 -1.129631654195156365e+01 5.966473699159257071e-01 7.073276842796784036e-01 4.149161010836824870e-01
2.457185153270282502e-04 -1.129545787168715520e+01 4.190237752007385241e-01 6.658579316922607072e-01 2.932109766644609428e-01
2.484355390742110808e-04 -1.128196109404854397e+01 5.920024183599285061e-01 5.747569572881028321e-01 2.809748953529259685e-01
2.498410790070056315e-04 -1.127381947407387486e+01 5.217533798000932865e-01 7.042554786642066800e-01 3.920442495513312142e-01
2.503909201277311350e-04 -1.126912112873366389e+01 4.399851489995724174e-01 6.027089139934671547e-01 4.347090437000211693e-04
2.498887565273976157e-04 -1.126862866088984205e+01 4.934293939547430008e-01 5.477804087529972721e-01 4.753446668519820117e-02
2.510895399481820529e-04 -1.126133489745239125e+01 4.202123620626480038e-01 5.729025035212517158e-01 8.367918791028439163e-02
2.522150810993773460e-04 -1.125436228591485843e+01 4.313695316552184078e-01 6.624292498678125973e-01 3.052273627605794903e-01
2.556831859653177822e-04 -1.123820538257817780e+01 5.581783595938024645e-01 5.664527513985461171e-01 3.464665858395055142e-02
2.558269778227772974e-04 -1.123514315773329031e+01 6.037378088401420539e-01 6.159659205575099827e-01 1.070620740479841793e-01
2.583480099627310936e-04 -1.122283695400100711e+01 7.111262287968853624e-01 5.824133802156297168e-01 3.077776457302989210e-01
2.608942834581765946e-04 -1.121052922478283875e+01 6.702673340204459151e-01 5.626076261782583243e-01 1.481321451431844016e-01
2.637451994143642157e-04 -1.119716102247933875e+01 5.425501870043909491e-01 5.768632358325940235e-01 2.925360245991603936e-02
2.638588986837028198e-04 -1.119423002025054892e+01 3.354535719841844621e-01 6.841884915392749678e-01 1.086583349082764771e-01
2.651357717591288276e-04 -1.118690246478886330e+01 6.935022556101460012e-01 5.951650813952362729e-01 1.741220944881893828e-01
2.692665271082176899e-04 -1.116894280966119624e+01 3.694704171134476356e-01 7.024577088264262192e-01 1.302869473203844830e-01
2.767447112854422124e-04 -1.113904904450497035e+01 6.933453948149365109e-01 5.917853514107712654e-01 1.737067242198613304e-01
2.776775336194569894e-04 -1.113318401641378408e+01 3.938200910689380052e-01 6.432372175565442829e-01 2.276494733389788916e-01
2.789921349428831901e-04 -1.112596091457627701e+01 6.010508024945824257e-01 5.466926470590717235e-01 1.215202756982192156e-01
2.791116843720234256e-04 -1.112303250170099567e+01 3.464181315601637667e-01 6.509917873783178655e-01 4.216465063023233650e-02
2.787434949918432200e-04 -1.112185251968151611e+01 6.851002119722154893e-01 5.830922661547676134e-01 1.601065239703883814e-01
2.791080246527621704e-04 -1.111804561381152112e+01 5.416362606040082683e-01 5.750411365641970862e-01 2.415877604475760165e-01
2.799235881066132231e-04 -1.111262783952528110e+01 3.480435280584055491e-01 6.776329760512532774e-01 8.144885682333435906e-02
2.793818416221638748e-04 -1.111206505173555392e+01 3.835245367503565816e-01 6.936146250042243278e-01 2.487707379794531493e-01
2.793924360243221685e-04 -1.110952713158573957e+01 3.491877920677999292e-01 6.917208377652876994e-01 1.794600569487045938e-01
2.786952357807898312e-04 -1.110952566592524882e+01 6.583204812636870296e-01 5.604914456040541726e-01 2.109704801632442672e-01
2.827956799921787947e-04 -1.109241984776662093e+01 6.523101604002029541e-01 5.724567908837786545e-01 2.799812017183898050e-01
2.832062320101613935e-04 -1.108846913856837091e+01 5.414401632981850065e-01 7.066720016051074582e-01 3.954451246879572279e-01
2.848244526901999238e-04 -1.108027147081424957e+01 4.892864394131740680e-01 5.506160129464868769e-01 5.390482749439040600e-02
2.866531455649826425e-04 -1.107137157299812813e+01 7.227791471315494487e-01 5.885776204478996299e-01 3.074528710152869548e-01
2.913296116832947836e-04 -1.105268919346804424e+01 7.175013762204599521e-01 5.817292871117141217e-01 2.429383069702867048e-01
2.919192422937014002e-04 -1.104816730930229340e+01 6.256709677015508397e-01 6.900366700868294512e-01 2.674425472150229188e-01
2.960051228567589011e-04 -1.103176774470860089e+01 5.391902894803408675e-01 5.460282267635120368e-01 7.889117513273535831e-02
2.954854047033336241e-04 -1.103102506207196498e+01 6.731282700556768805e-01 6.602693076441381592e-01 4.453730554065276070e-01
2.950723850831114044e-04 -1.102992380642756842e+01 6.405327026368704546e-01 5.688807167493594719e-01 1.070332623452320830e-01
2.954388433918676555e-04 -1.102618265016117682e+01 6.287911804538315330e-01 6.863183200517244398e-01 2.611165695450015090e-01
2.970634597685950745e-04 -1.101819872059820504e+01 7.494418995373598458e-01 6.197922263698900647e-01 3.139135113912316921e-01
2.988441435695109215e-04 -1.100972232730824985e+01 5.995519892221347069e-01 6.268133870832436338e-01 4.012032867976358941e-01
2.983705985235885513e-04 -1.100880817277316837e+01 6.960170815581545600e-01 5.842352440540383718e-01 3.117657694953749337e-01
2.985502454273525059e-04 -1.100570626077425729e+01 4.759513230273202389e-01 6.181546181667421092e-01 2.901729488655084843e-01
2.979968799867335175e-04 -1.100506148922398708e+01 4.006786134178452752e-01 7.199653013345583830e-01 1.959585209397894934e-01
2.983267916783150430e-04 -1.100145500380032360e+01 6.381855768095789916e-01 6.508284504917369873e-01 1.937671430787522020e-01
2.977880324880816717e-04 -1.100076257279570413e+01 7.316939027274691476e-01 6.117498254872262287e-01 3.721284626943446305e-01
2.997210907490937583e-04 -1.099179216111499358e+01 3.904586439494940886e-01 7.082107942445883264e-01 2.480473679096119044e-01
2.998928359230994658e-04 -1.098871930858084411e+01 6.742389927450898046e-01 6.723470254048886652e-01 4.399499058018583320e-01
3.019254369098652003e-04 -1.097946441659022909e+01 6.211286733579941544e-01 6.441737807616194633e-01 4.290783142427843089e-01
3.023067079409990244e-04 -1.097570241460974927e+01 4.463785063349420268e-01 6.965758410043121351e-01 3.269703689014474834e-01
3.026958330655955798e-04 -1.097191605578683493e+01 6.059852004382899615e-01 6.485648704817884580e-01 4.270192387864428785e-01
3.057961026333011608e-04 -1.095922595724008630e+01 5.712737060892667529e-01 6.442906174984035506e-01 1.270188852811188207e-01
3.119144147542108432e-04 -1.093691566733747322e+01 5.645051643308871547e-01 5.863343395283677761e-01 2.895517631032339390e-01
3.123427494310795438e-04 -1.093304336512401775e+01 4.810663789985270000e-01 5.797838628609142120e-01 1.903258335007145252e-01
3.125844120521744729e-04 -1.092976995456343836e+01 4.992358681884080385e-01 6.869268512551907069e-01 3.758846180014059346e-01
3.129380396933055183e-04 -1.092613929113859328e+01 7.207409606608679020e-01 6.458119897919537555e-01 4.192616383372184119e-01
3.183468809791507458e-04 -1.090650289687465957e+01 5.737487837562236237e-01 6.364166868951114386e-01 3.977236972751625466e-01
3.230186837558368922e-04 -1.088943433983635423e+01 5.029416139658723361e-01 5.879498061512570262e-01 2.402510198797543073e-01
3.240694835785182292e-04 -1.088368655754210756e+01 3.413491638275003015e-01 6.556836949592745878e-01 5.958011253561390497e-02
3.260654373236847553e-04 -1.087504641662109783e+01 5.247184453780933122e-01 6.762478559755161767e-01 1.497920179353877113e-01
3.261071877865404545e-04 -1.087241838161531327e+01 4.005313447403518468e-01 6.824338778341818568e-01 2.675351308086127977e-01
3.254153813736259987e-04 -1.087204204303753130e+01 6.528973124374404247e-01 5.641953140570085123e-01 2.177244355020998556e-01
3.279305834175215819e-04 -1.086184255576748825e+01 4.566398821623701698e-01 7.275387812196946191e-01 2.746285996547281893e-01
3.294554939398604038e-04 -1.085470323251451319e+01 7.366090945372953946e-01 6.368098962821030495e-01 3.907151648129445487e-01
3.307416705096906406e-04 -1.084830688679761401e+01 6.465966867288648334e-01 6.270078250021366983e-01 4.123753023192517908e-01
3.312052168532816400e-04 -1.084440633207573867e+01 7.275080777186136993e-01 5.962017715709239107e-01 2.635968311461386326e-01
3.310118473402579422e-04 -1.084249033852611888e+01 6.858065562885219402e-01 5.945578425511494070e-01 1.759798448866805032e-01
3.301940110275293299e-04 -1.084246411191891113e+01 6.108265537681648594e-01 6.901015265103800367e-01 4.256752350071323354e-01
3.297411009830577308e-04 -1.084133670176095876e+01 4.960160243444312611e-01 6.009581384642611601e-01 2.681843736342753859e-01
3.300764690842914861e-04 -1.083782015371699359e+01 6.061247036567986024e-01 5.703740223800003450e-01 2.501495670159589180e-01
3.294677415973157374e-04 -1.083716605775181918e+01 3.393736953947268375e-01 6.698972022892544231e-01 1.356410597223237091e-01
3.301321801572515468e-04 -1.083265138563691110e+01 6.442683268269475683e-01 6.996751353258430228e-01 3.895573633839236605e-01
3.343372797848451206e-04 -1.081749420266452688e+01 6.073033428787801835e-01 5.942132929307232247e-01 9.334667280471076189e-02
3.358861257667446502e-04 -1.081037231472014071e+01 5.292303107242217752e-01 7.221534118599919339e-01 3.450433378687074448e-01
3.385716914982036629e-04 -1.079990864418086005e+01 5.359122702754771650e-01 5.802819655641607843e-01 3.460277019315349811e-02
3.383036130534920077e-04 -1.079820075007370228e+01 5.687959262627871881e-01 6.367176335316514502e-01 3.923844678182680790e-01
3.410265806200930448e-04 -1.078768408255321276e+01 6.014695704423744793e-01 5.771815680629907019e-01 7.794511438632190092e-02
3.407467918855818000e-04 -1.078600485016163546e+01 7.406497195556683844e-01 6.374965852055971549e-01 3.420760021680342433e-01
3.414352286356964888e-04 -1.078148651205505359e+01 6.534612062701503632e-01 6.257223512998228987e-01 1.729589272064410155e-01
3.417972430334067883e-04 -1.077792680120523272e+01 7.060995764848654321e-01 6.301839431208071662e-01 2.439942992144767675e-01
3.460516818893898941e-04 -1.076305637230568202e+01 5.332577426698318357e-01 7.180984465087066893e-01 2.696044718793634276e-01
3.451942795964401864e-04 -1.076303711803277174e+01 4.776272223016690965e-01 6.085505715865028309e-01 2.646073909001196434e-01
3.456852096232534153e-04 -1.075911594366849577e+01 4.915666051080767041e-01 5.566803850928192521e-01 3.645536872818033736e-02
3.452999932794586038e-04 -1.075773092089835004e+01 4.887653185491681596e-01 7.239071960532704741e-01 3.202257238175891807e-01
3.445191711926499532e-04 -1.075749476760049816e+01 6.587032512733462797e-01 6.928937163248958253e-01 3.971125325953299701e-01
3.461483473884928159e-04 -1.075027707298282031e+01 6.837488431651660425e-01 6.800089331454537422e-01 4.095103037019729442e-01
3.482423883654324416e-04 -1.074174575022173173e+01 7.325502635520760863e-01 6.414403199452444193e-01 3.881581492123661326e-01
3.484265884683179532e-04 -1.073871694783981745e+01 4.982496464867909314e-01 5.924150173998647961e-01 2.437996129968007519e-01
3.481908554793388560e-04 -1.073689374110712258e+01 4.159896797813781300e-01 6.327199844654541883e-01 2.340825372953873051e-01
3.490412520214063153e-04 -1.073195438997970186e+01 4.104564069675347149e-01 6.157706308322573596e-01 1.203062777552166285e-02
3.524762862054878080e-04 -1.071966115901792804e+01 6.952260711823435857e-01 6.776503731187110136e-01 3.862108792360314791e-01
3.556153525945704463e-04 -1.070829482934809285e+01 4.239636111342992564e-01 5.727127543970524925e-01 4.552735338349966909e-02
3.549355237728479178e-04 -1.070770835602653470e+01 4.631023716421275860e-01 5.733957860802035844e-01 1.024620487544802838e-02
3.615313266783744066e-04 -1.068679581050889560e+01 5.728707960670680333e-01 6.513472984695443113e-01 1.435489308260333718e-01
3.649231116382359980e-04 -1.067495782748529187e+01 5.934896188481098012e-01 6.481671529716764857e-01 4.135802307559418578e-01
3.721990991015013974e-04 -1.065271558209499680e+01 3.711146862504876021e-01 6.428893435050306859e-01 1.731189117596625415e-01
3.731562134109071404e-04 -1.064764737115073956e+01 6.401459211881932454e-01 5.676111760548959717e-01 2.263771885759313651e-01
3.753010152727522778e-04 -1.063941609446424685e+01 7.365293349853585525e-01 6.337613709057102751e-01 3.335414796656807068e-01
3.798749404570461578e-04 -1.062480241133798486e+01 5.931108686854441592e-01 6.880740201832444836e-01 2.362204826252524148e-01
3.799242595534547007e-04 -1.062217258994181179e+01 7.315254900180615527e-01 6.440736294842666076e-01 3.701750435530906103e-01
3.798873208730705491e-04 -1.061976982110112644e+01 4.520644524279765486e-01 5.761300412006886695e-01 1.237836659129303296e-01
3.833792418793688459e-04 -1.060811981888858568e+01 4.367093965128630018e-01 6.077465247691641315e-01 2.059355860781918457e-01
3.835392594251879443e-04 -1.060520251888116761e+01 4.605415278740502827e-01 6.768857641602034070e-01 3.323674452416793823e-01
3.851661880631681114e-04 -1.059846960737388244e+01 4.062861506146623336e-01 7.166494381937391633e-01 1.968558766689180173e-01
3.863222898890564770e-04 -1.059297253684253448e+01 4.877009449033831157e-01 6.578884293103214320e-01 3.474033262291466029e-01
3.861377158858865337e-04 -1.059095042308985768e+01 6.414612466152416204e-01 6.943261703885388325e-01 4.005791925062663905e-01
3.866901410205254158e-04 -1.058702080270598955e+01 6.577698287220825613e-01 5.694731054602538700e-01 1.618756742650915292e-01
3.902887293835398137e-04 -1.057525770886539540e+01 5.809837604926241239e-01 6.862447875757481386e-01 2.208542397456925432e-01
3.903123582125026013e-04 -1.057269716877815569e+01 3.778864792420594254e-01 6.775991219055138570e-01 2.217616955952864677e-01
3.937612518097500939e-04 -1.056139974007506055e+01 5.801821264555108160e-01 6.307840628410458228e-01 3.845848958220208225e-01
3.970351711015280291e-04 -1.055061963687296256e+01 6.418025690164855801e-01 5.917480840050141078e-01 3.233551671618191126e-01
3.989596755630879467e-04 -1.054328415780046235e+01 5.306867020672647595e-01 5.582334351004337725e-01 1.294775546347967099e-01
4.002075015510288703e-04 -1.053766133935210192e+01 3.521401379584016000e-01 6.269885482335110227e-01 7.067350257132032354e-02
4.009142012895645425e-04 -1.053339706328932834e+01 4.013814898056791147e-01 5.903071851025633032e-01 8.085373436818299453e-02
3.999392766128176467e-04 -1.053333177871542503e+01 6.174267172278263827e-01 6.883757226558613329e-01 2.661726389880357813e-01
4.013563221063420438e-04 -1.052729488927534618e+01 6.140506935636154129e-01 7.059873774045722916e-01 3.518702549047885153e-01
4.013557011935073326e-04 -1.052479643631293094e+01 6.096331453328105443e-01 5.582041627767257985e-01 1.194307907396875978e-01
4.020148594375602528e-04 -1.052065545412047420e+01 6.046882536654198947e-01 6.562118168624989645e-01 4.191939785566156651e-01
4.012315683698942752e-04 -1.052010576796896579e+01 6.983409253336899658e-01 6.070509069713037054e-01 3.557790586944887812e-01
4.020483669546066853e-04 -1.051557210864224245e+01 3.971313866334950093e-01 6.835803156057215224e-01 2.538168907678414188e-01
4.017201189889408751e-04 -1.051388888110758479e+01 6.538414271951695778e-01 6.011599728371944673e-01 3.497564184726216219e-01
4.015573044288531430e-04 -1.051179425677872992e+01 6.909158021321295529e-01 6.753250384727595979e-01 3.874229474590462630e-01
4.016282845682540631e-04 -1.050911751023208573e+01 5.986397208143713344e-01 6.805021697374781242e-01 4.195900023842131787e-01
4.087506463786119725e-04 -1.048903920226675979e+01 4.142842663878472109e-01 6.691405736935375215e-01 2.708341962052380758e-01
4.130960985336462523e-04 -1.047596425583624757e+01 6.827806553761291974e-01 6.631849369664322147e-01 2.877645075682205844e-01
4.121574247045637989e-04 -1.047573913066552009e+01 4.872439454621563248e-01 7.192303880559097751e-01 2.423777847462639246e-01
4.132353568435629147e-04 -1.047062720389340384e+01 4.418623597047272034e-01 6.494083701136399434e-01 2.869920727006490813e-01
4.147101193238033798e-04 -1.046456473732429515e+01 7.284637264912505739e-01 6.156193150743504150e-01 3.019020511747286806e-01
4.156930358456358324e-04 -1.045969741255016672e+01 5.616040709273453224e-01 6.492736952589400756e-01 3.926052842396484666e-01
4.149787559145404724e-04 -1.045891717747832850e+01 6.389754192948944311e-01 6.559912544800088341e-01 4.250954390003900407e-01
4.176557383016204811e-04 -1.044998700522517154e+01 3.890805414122842643e-01 6.868123743237702916e-01 1.096626195139273896e-01
4.167172463044500224e-04 -1.044973658043975995e+01 6.553457480367376187e-01 6.148551564925042179e-01 3.786655639752115610e-01
4.172297740110046758e-04 -1.044600741897362894e+01 3.907714123981330667e-01 5.980582113240197062e-01 1.965614792814529554e-02
4.173511634694592647e-04 -1.044321651978372856e+01 5.479192950605213941e-01 7.184303925583428452e-01 3.156357449961803008e-01
4.166116754080721350e-04 -1.044248995193375684e+01 4.427923528756165794e-01 5.855960320319940626e-01 1.393129817633946832e-01
4.186194853721068301e-04 -1.043518214799670574e+01 6.218748648582528293e-01 5.657365429612097874e-01 2.007357139759531339e-01
4.213406368619726917e-04 -1.042620288561861130e+01 5.430379243867079486e-01 5.679495353221643006e-01 1.836473174923285434e-01
4.270140446557854456e-04 -1.041032760167811944e+01 5.787787546101327285e-01 5.667330280502032025e-01 7.210369049372744588e-02
4.263554714769708068e-04 -1.040937106742679497e+01 6.258306320872674133e-01 7.011767996056734731e-01 3.615658626649680407e-01
4.277803848713783116e-04 -1.040353456139981070e+01 3.863472343469563919e-01 6.472146534795740758e-01 2.013129666497286419e-01
4.284253677544546746e-04 -1.039952795389781492e+01 6.462999190957879891e-01 6.686404453092276157e-01 2.523384645577007035e-01
4.274298684720380490e-04 -1.039935428127009054e+01 5.355335888623962148e-01 7.002035794670735669e-01 3.804324707608202627e-01
4.269590101087178749e-04 -1.039795649227211705e+01 3.833516488097754582e-01 5.993341468221637935e-01 5.485896141947843585e-02
4.281379840384266279e-04 -1.039269896959375394e+01 5.739290849250200388e-01 6.641443828674626904e-01 1.714195926982862161e-01
4.272819422626781519e-04 -1.039220042416639345e+01 6.334231368054289435e-01 6.003084530806179764e-01 1.327750455340261093e-01
4.277743890853997642e-04 -1.038854857753567984e+01 5.705767906767652553e-01 5.556351232187084488e-01 1.067330879907842645e-01
4.297613416704220649e-04 -1.038141447059513389e+01 7.121791565894264320e-01 6.420496536793591780e-01 3.913709157412547657e-01
4.290059839428551338e-04 -1.038067363841588708e+01 5.472896563249602941e-01 7.179710774731687950e-01 3.281471360676041504e-01
4.284812475460400148e-04 -1.037939753177090019e+01 6.026529591400299202e-01 6.470273531952048796e-01 4.080893642271178345e-01
4.282844764163091481e-04 -1.037735686651711653e+01 6.915518496094492651e-01 6.103831373061735510e-01 3.593779702578980828e-01
4.287439388136293056e-04 -1.037378464432897474e+01 6.639011390829621106e-01 6.865473474727759040e-01 3.544805658311922514e-01
4.284636008945489293e-04 -1.037193871680521262e+01 6.941847592683130230e-01 5.924232144785618326e-01 2.960368937918360643e-01
4.276357987643335332e-04 -1.037137260996887989e+01 7.230418351323154580e-01 6.114922456907522230e-01 2.963564708911801127e-01
4.268021220614034083e-04 -1.037082401438846979e+01 6.317232403008222752e-01 5.819365172520239993e-01 2.786552901118352077e-01
4.263984058365230035e-04 -1.036927037164402776e+01 6.276630112221390778e-01 6.476634273318937485e-01 1.903201649440152687e-01
4.348132054190333856e-04 -1.034722797979657649e+01 4.894136571379524292e-01 6.119775617385294630e-01 2.732773317139103875e-01
4.350793494114779409e-04 -1.034411607893762408e+01 6.793977910363289130e-01 5.934932653741938902e-01 3.118358362626547642e-01
4.365683457285876026e-04 -1.033819956611075952e+01 6.844191931137812990e-01 5.828338493282502197e-01 2.304465044765225956e-01
4.365821612411225879e-04 -1.033566792090772779e+01 6.046461454454323814e-01 7.059420789207194735e-01 3.391989567577838871e-01
4.357462973360937196e-04 -1.033508431868800059e+01 6.603860958835580108e-01 5.900008877527641582e-01 3.055435819340941439e-01
4.374959460690473604e-04 -1.032857706620451310e+01 4.583206885806971886e-01 6.710285733248821938e-01 3.211498995497025222e-01
4.378773360698505869e-04 -1.032520568931258076e+01 4.645512762487328806e-01 6.367797775095217494e-01 2.926391599354239426e-01
4.414881252875009943e-04 -1.031449338244010683e+01 5.477565593051986204e-01 5.663494607857318952e-01 1.731149151104142137e-01
4.409818771015339926e-04 -1.031314072623679579e+01 6.196426595830514250e-01 5.632156886114513261e-01 1.544349417801883506e-01
4.434843550067215680e-04 -1.030498198090073814e+01 6.844156298904122693e-01 6.407746959747773197e-01 4.061060460272911676e-01
4.430823850171778863e-04 -1.030338878238322664e+01 5.303809582479362961e-01 7.176472395332316179e-01 2.858698315473531260e-01
4.440537382226572376e-04 -1.029869891868990983e+01 3.982782210292494796e-01 5.928938733842517017e-01 6.607963098578950589e-02
4.448200498578164025e-04 -1.029447468779169128e+01 3.510430711689161987e-01 6.395797729096582840e-01 6.710258930783641329e-02
4.489842298271227018e-04 -1.028265674158538623e+01 5.697316242932483066e-01 5.675006818341122861e-01 6.969801096114280892e-02
4.503430759040838211e-04 -1.027713482264134015e+01 7.172234818725444772e-01 6.452762551992758944e-01 3.686106910812891324e-01
4.509573400348942159e-04 -1.027327176052564006e+01 7.126892706816099210e-01 6.526479944165890501e-01 3.688306909114582033e-01
4.498368145831849294e-04 -1.027325962309428498e+01 5.146597981174456660e-01 6.025870168355583756e-01 2.730291494055643309e-01
4.511895084151416988e-04 -1.026775705854386622e+01 4.491045385157042547e-01 6.916898094777891304e-01 3.140521404871063904e-01
4.504062827207333639e-04 -1.026699447990082525e+01 6.965114891936067254e-01 6.071614266874385546e-01 3.404950071838225290e-01
4.516550101529490362e-04 -1.026172586929813946e+01 6.908048907206925104e-01 6.296593237930807607e-01 3.895343969854437871e-01
4.510720474291603785e-04 -1.026051742869016081e+01 5.137688279828459548e-01 5.778616457074027268e-01 1.921441007056255978e-01
4.519983716565662587e-04 -1.025596592853533373e+01 6.812336481624945428e-01 5.882866788394676139e-01 2.026747864094466944e-01
4.534569726026870039e-04 -1.025024411927203616e+01 4.877279292544836053e-01 6.079343621703435785e-01 2.589650611417635417e-01
4.532536708958777847e-04 -1.024819255717596000e+01 5.244413231696413158e-01 6.578308747942334112e-01 1.258868266276839121e-01
4.525352588609384387e-04 -1.024727882559231951e+01 4.127496079118554428e-01 6.909100251374172830e-01 2.695780510141614350e-01
4.541160811206705248e-04 -1.024129165518409579e+01 4.852940551423812754e-01 5.628361203511692556e-01 6.865986688390041115e-02
4.566287515303855504e-04 -1.023327380496999872e+01 4.989906755741922439e-01 5.967314003333576977e-01 3.591318505696422525e-02
4.567353138445123329e-04 -1.023054046468730149e+01 6.682008552779159505e-01 5.822467857002318059e-01 1.861554249342924905e-01
4.558416206818982543e-04 -1.022999907971360578e+01 5.209483982696906379e-01 6.950146979672030545e-01 3.717240949152357254e-01
4.566099344204888120e-04 -1.022581501459063347e+01 6.523601470640615352e-01 6.232462866807180202e-01 3.849580804903490749e-01
4.568770297889215566e-04 -1.022273023257072744e+01 5.893835938272661279e-01 6.160070788305543887e-01 1.135854929913343303e-01
4.601868025699414554e-04 -1.021301200623812022e+01 6.990596131219265486e-01 6.243769730205054325e-01 3.739372275192568429e-01
4.602055463658645410e-04 -1.021047127622564865e+01 6.761833775309774586e-01 5.893097778904173856e-01 1.938143813695551998e-01
4.596901731051503430e-04 -1.020909178000390760e+01 5.504173901413110803e-01 6.866600577775420211e-01 3.912536341117145433e-01
4.598773350829752846e-04 -1.020618471477216893e+01 5.506180428019695761e-01 5.583201657941337936e-01 8.616360646742848850e-02
4.595051813043859188e-04 -1.020449428813751425e+01 6.991818428765856908e-01 6.608675245351635086e-01 3.342893246435363341e-01
4.605657245232392207e-04 -1.019968893605684634e+01 4.809720689467833488e-01 5.641980689912655667e-01 6.015900723286293772e-02
4.636929697648261997e-04 -1.019042187572025604e+01 6.210777944214956880e-01 5.873736325052696383e-01 1.180386039584572222e-01
4.631843468151417660e-04 -1.018901937372056210e+01 6.974906215802866294e-01 6.502239837691778934e-01 2.941440266063564124e-01
4.622335722318559660e-04 -1.018857417490443140e+01 4.332217840707968115e-01 6.052412872281601741e-01 1.936920704775346724e-02
4.611665683319703482e-04 -1.018838520850277618e+01 4.302596139644425666e-01 6.997001953607046021e-01 2.875314898777370232e-01
4.639650610549875026e-04 -1.017983525589069416e+01 6.285654583628716985e-01 6.216567812045062924e-01 3.772471700018111829e-01
4.657497691656203040e-04 -1.017349599196840693e+01 5.365244301805904836e-01 6.503023941330224877e-01 1.230783669940322955e-01
4.681549409359932147e-04 -1.016584519432934997e+01 4.008673673800355886e-01 6.699738898444310697e-01 2.437510912431652965e-01
4.690615200886862567e-04 -1.016141057309049245e+01 5.588479260655927483e-01 6.705466633605866589e-01 1.752397858405790876e-01
4.704373319793537654e-04 -1.015598175019493077e+01 6.439641165091509745e-01 6.643940451454652951e-01 2.461705176621213076e-01
4.706551123076491822e-04 -1.015301892566902353e+01 3.944916220512371119e-01 5.994477439967443866e-01 3.051322831009373182e-02
4.711427112964938963e-04 -1.014948346132584689e+01 6.821468044374786599e-01 6.708478179796419916e-01 3.868377863314906850e-01
4.822203182727695229e-04 -1.012374340436318043e+01 4.567734566853042244e-01 6.577382072803894530e-01 3.048233311695529579e-01
4.829451151132541390e-04 -1.011974149194141503e+01 3.873417611590308507e-01 6.332716740233077513e-01 3.810088862869454029e-02
4.817495407108516475e-04 -1.011972015191386376e+01 4.664448645477402011e-01 5.811657047545556454e-01 2.351173052616936654e-02
4.855260569650203875e-04 -1.010941154916937101e+01 4.532435840501318758e-01 5.938043174162691562e-01 2.055622986883853809e-02
4.859475647308176389e-04 -1.010604377925193198e+01 4.386041301312674223e-01 6.813936159782606472e-01 2.979633637637240096e-01
4.882075826273172105e-04 -1.009890381618786037e+01 3.938019860553975127e-01 6.971495192606904645e-01 1.431196753354620765e-01
4.870532085020398390e-04 -1.009877113101254764e+01 4.253050282850855401e-01 6.525620348530776216e-01 2.602071599932569423e-01
4.873738017761676858e-04 -1.009561311705703446e+01 3.911892111089169122e-01 7.041035369295357560e-01 2.167364667453751670e-01
4.892584311075155821e-04 -1.008925366698515802e+01 4.575153185615349338e-01 6.416112146882534395e-01 6.613456395361450024e-02
4.917482881523976357e-04 -1.008167752970214615e+01 5.572224516743456979e-01 7.034694105196086511e-01 3.734240080235916581e-01
4.986340454624630823e-04 -1.006527205495815380e+01 5.050068617654074332e-01 6.255281439367866847e-01 7.030455593080653376e-02
4.999941849056882244e-04 -1.006004803766540334e+01 4.543132386585814197e-01 7.101815139848348668e-01 2.992221139810874453e-01
5.030272830469184435e-04 -1.005150009655263332e+01 6.219636472635752256e-01 6.305785336964386811e-01 3.853039000434997918e-01
5.021107942068367457e-04 -1.005082370490019450e+01 6.973390243046583281e-01 6.206208149423625420e-01 2.493594608135272228e-01
5.009232961573161337e-04 -1.005069151795010463e+01 4.070161021918249356e-01 6.031508932287124036e-01 1.210617682072065993e-01
4.997076241715214936e-04 -1.005062133010003400e+01 7.086920909063512131e-01 6.431280610621615823e-01 3.651403179667687127e-01
4.993184797130756922e-04 -1.004890037776778300e+01 5.217901265765846341e-01 5.666735852841701115e-01 5.326322161718555215e-02
4.985221348092059484e-04 -1.004799651458832699e+01 6.440591314910721898e-01 5.752096119522344120e-01 1.737886502311820625e-01
4.991900036730546409e-04 -1.004415771367001575e+01 6.303678254777597134e-01 5.809115431911403560e-01 1.352298383606230781e-01
5.025774349309007931e-04 -1.003489477840521715e+01 5.386848403346240488e-01 6.730998328338066994e-01 3.812513756383394403e-01
5.035510043767646611e-04 -1.003045949914724488e+01 7.127080301386817807e-01 6.288988178083142477e-01 3.437418873387980689e-01
5.040124013598581889e-04 -1.002704363218995276e+01 5.712997641591909259e-01 6.244090709296931108e-01 3.540646594634346833e-01
5.115719207952209397e-04 -1.000965632270868788e+01 5.026297505977183055e-01 6.323165861953121691e-01 7.835020957427141219e-02
5.104374103518772394e-04 -1.000937648034282823e+01 4.120490573490833697e-01 6.350927919680027234e-01 4.395605819747083753e-02
5.100497662948685375e-04 -1.000763620390334552e+01 3.595869104146505180e-01 6.768227100335016955e-01 1.135615917156331811e-01
5.131761106557349624e-04 -9.999025423947811575e+00 3.775284040374106143e-01 6.975027912963074339e-01 1.877757940309073281e-01
5.153660101086973656e-04 -9.992267158354520618e+00 5.468119621389369023e-01 6.428732176102535112e-01 1.217343209188493508e-01
5.151745334747494806e-04 -9.990138762630245139e+00 6.904495879889031018e-01 5.960873179626600127e-01 2.562312565183189061e-01
5.151513062566756606e-04 -9.987683849761289423e+00 6.622460497349182962e-01 6.759117102562647306e-01 3.905133417933396300e-01
5.146235392756974168e-04 -9.986208864169975996e+00 3.709676530238588121e-01 6.668757746540093789e-01 8.537535045610564199e-02
5.142359084250291415e-04 -9.984462379861307468e+00 5.439863074404527321e-01 6.262911592427062857e-01 3.387578010980950571e-01
5.186938085156665018e-04 -9.973330761087213503e+00 4.212828654345388557e-01 5.997099101615189776e-01 2.260377256297996240e-02
5.228733993081901166e-04 -9.962805137401526068e+00 3.901172428096909561e-01 6.062512583716509473e-01 3.845451434197755258e-02
5.244286280638558746e-04 -9.957335163395537592e+00 6.947865652538182113e-01 6.013759361621850985e-01 2.557440591829658327e-01
5.271240502792475793e-04 -9.949708595465546423e+00 6.973560632452089347e-01 6.125839175872332953e-01 2.516584303179416615e-01
5.284908645713322275e-04 -9.944618986249752268e+00 6.775294938058901151e-01 6.654502802303857711e-01 3.121235249210352336e-01
5.278986233774396811e-04 -9.943240241738747542e+00 4.572637034891918750e-01 6.264795248098461444e-01 4.982231298516956453e-02
5.274966868489584793e-04 -9.941501921355884619e+00 6.790309111622675475e-01 6.218647484742702014e-01 3.650923833335969482e-01
5.319890297986843179e-04 -9.930521637381456657e+00 5.809006461350126882e-01 6.020564189025708890e-01 9.846353177335537277e-02
5.315899772136172723e-04 -9.928772033169947164e+00 4.499076134444673913e-01 7.063642738964713841e-01 2.957044052027277825e-01
5.303480838092298859e-04 -9.928610952954672442e+00 5.362579936772152722e-01 7.052780535392444428e-01 3.583595193503211762e-01
5.293484505707837144e-04 -9.927997594087338840e+00 5.293311269013687426e-01 5.780938750357845768e-01 1.918036467125382172e-01
5.316070937566466734e-04 -9.921239834919031608e+00 4.105465401703106698e-01 6.031629835244138871e-01 2.621315481812247494e-02
5.343604902307314431e-04 -9.913573819293542755e+00 6.741576737186938395e-01 6.580895198009041325e-01 3.963072000600750266e-01
5.379384888202736045e-04 -9.904400285253883496e+00 5.285489878242177753e-01 6.323639330508146195e-01 3.349702645337114815e-01
5.372998550403736617e-04 -9.903088177889300070e+00 5.682247900856809419e-01 6.214651653949160304e-01 3.431837947217283857e-01
5.388746744700194987e-04 -9.897661476856031371e+00 6.293160364891355885e-01 5.957602898519649415e-01 1.406079803169305587e-01
5.375595400547249604e-04 -9.897604979769456079e+00 3.775622877655689935e-01 6.626426716710009934e-01 1.884392099968387191e-01
5.388699975586990366e-04 -9.892670155927135056e+00 6.828662639543507940e-01 5.944365476120758718e-01 2.526247383270840974e-01
5.407584997055142877e-04 -9.886671722757354175e+00 5.742717681183233669e-01 7.068843229217228741e-01 3.474863544153261596e-01
5.411509795623406461e-04 -9.883446190942420273e+00 6.164001740403576290e-01 6.871064985814733239e-01 3.924864486725201385e-01
5.412586046870270949e-04 -9.880747328835862930e+00 6.996710781359711806e-01 6.226969665935997433e-01 2.688883083967787968e-01
5.439468979224997133e-04 -9.873292877853002025e+00 6.042003930654866739e-01 6.352021157885671121e-01 1.585510328626541510e-01
5.472666103857518451e-04 -9.864708417425291032e+00 4.715017736996883757e-01 6.868714825836668147e-01 3.267468236043513663e-01
5.462839956798138264e-04 -9.864005526703898852e+00 5.576615351004334808e-01 7.058032108000058535e-01 2.769551840293749123e-01
5.453995086612578765e-04 -9.863125936298020591e+00 6.710403236644397751e-01 6.061968169875011636e-01 2.026386757884672818e-01
5.465097017234523845e-04 -9.858592445904866608e+00 5.717624710521121978e-01 5.658800244453927597e-01 1.426188796689223937e-01
5.454414202019600578e-04 -9.858049093672088148e+00 5.713102732688069008e-01 6.209050928782342549e-01 3.424329295011513397e-01
5.449282851843128758e-04 -9.856490306644154487e+00 6.474669941136710349e-01 6.635178778387984533e-01 4.036554480486431729e-01
5.447668296267634686e-04 -9.854286638263042519e+00 4.629226385812373890e-01 5.821536660617534498e-01 1.276983565954655786e-01
5.452059274718067073e-04 -9.850980933962750541e+00 5.568607325464177693e-01 5.887214766266146704e-01 2.497680926095359188e-01
5.452765676583725936e-04 -9.848351376290837678e+00 3.658037431043750787e-01 6.385714397562821665e-01 1.153934537312795994e-01
5.451432775456369669e-04 -9.846095851139651245e+00 5.068295755260249225e-01 5.823131175157684192e-01 1.837754298576917966e-01
5.472361479355138721e-04 -9.839764081881158475e+00 6.209323418346001100e-01 5.739553233888951000e-01 1.930508702143582944e-01
5.486968160725979454e-04 -9.834598464457547706e+00 4.099655457503973421e-01 5.941357314619690744e-01 4.753322563289841263e-02
5.497614190794041650e-04 -9.830160105208067378e+00 4.982692944429025772e-01 5.726819015660749024e-01 4.765184948719702884e-02
5.565901010250763614e-04 -9.815315441617268988e+00 3.972715579433450106e-01 6.103198234609726880e-01 1.125153874932290909e-01
5.552460429149519905e-04 -9.815233169754932874e+00 4.186244530658314034e-01 6.747468805797616209e-01 2.627105978010980669e-01
5.544800729307811961e-04 -9.814113636691548237e+00 5.810766693772012603e-01 6.579632644814591425e-01 3.910278731454768231e-01
5.531999517238019677e-04 -9.813924993307885813e+00 6.004644800598978316e-01 6.609040029020627482e-01 1.997879402711446595e-01
5.645734355739533876e-04 -9.791074041111812676e+00 6.721432007660608221e-01 6.707236190039095325e-01 3.663183344128773111e-01
5.635752999798033375e-04 -9.790343552211080436e+00 4.486365821030350309e-01 6.838180415655057409e-01 1.351869020279883316e-01
5.626378156055585143e-04 -9.789508396240698573e+00 6.080973563599684217e-01 6.079865550328680257e-01 3.284242974914885482e-01
5.661516934773889922e-04 -9.780782453858945402e+00 5.398654268844480519e-01 7.103338918461388207e-01 3.364394714000571440e-01
5.662709135266197043e-04 -9.778071896335747581e+00 5.534435024034061179e-01 5.742926054264636537e-01 1.838438270315378986e-01
5.658715193937160961e-04 -9.776277450933578805e+00 4.074098243390293916e-01 6.399924038224151790e-01 5.325648254137393955e-02
5.657855950532123977e-04 -9.773929306720228638e+00 6.900417138875505341e-01 6.057692209783729353e-01 2.929083158823142519e-01
5.652747628351139199e-04 -9.772332586990408743e+00 4.352949864259748614e-01 5.836527183836404120e-01 5.294003099396393797e-02
5.674415549156032858e-04 -9.766006748712131369e+00 5.788009128932584124e-01 5.713645092658931057e-01 1.006788676409346162e-01
5.664415641654069839e-04 -9.765270583083813349e+00 4.898462646295951295e-01 5.695316751838191971e-01 7.943282742775947813e-02
5.679584526192205584e-04 -9.760096236582665341e+00 3.918358114212779353e-01 6.244976621646259884e-01 4.109624121713587042e-02
5.667815326446296086e-04 -9.759670580329935063e+00 6.345097450899175318e-01 6.074397391094384924e-01 1.586322915668648692e-01
5.669122877748731951e-04 -9.756939909352521312e+00 3.978880078843398671e-01 6.319444464145014262e-01 1.729028177420249834e-01
5.683435304987735073e-04 -9.751918462716185232e+00 5.967379693564811571e-01 5.701490989623728689e-01 1.594061824440041741e-01
5.685464243008409501e-04 -9.749061534935504980e+00 4.885403131819341382e-01 5.744888987635254907e-01 1.195806985835512481e-01
5.671681870582468777e-04 -9.748988619883393270e+00 4.550189266434990776e-01 6.122107143922024264e-01 3.887908648965310299e-02
5.665472910623686872e-04 -9.747583949478759280e+00 5.822509262448238854e-01 6.955382861755924351e-01 2.706815657076118153e-01
5.654852221077139593e-04 -9.746960343052112563e+00 5.918261579078695211e-01 5.860030927638117948e-01 2.525229253938556795e-01
5.660245199201253312e-04 -9.743507107152822755e+00 6.868025489507376680e-01 6.467682847207882890e-01 3.746791487412522992e-01
5.705244243076023876e-04 -9.733088525337610264e+00 6.681612634488844904e-01 6.709644974368322856e-01 3.307995821270299230e-01
5.694929250078784554e-04 -9.732398146185630594e+00 5.103553332514640939e-01 7.113600596458544700e-01 2.554302458145069066e-01
5.740209415453189886e-04 -9.721978626648819954e+00 3.699157605131511706e-01 6.411390678971666812e-01 1.274493054968421357e-01
5.820100740127338683e-04 -9.705656748949444079e+00 4.181263095504622607e-01 5.921118411799977110e-01 6.276289664872192198e-02
5.820739264949924968e-04 -9.703047044697353130e+00 5.502553491146884301e-01 6.494119255057185791e-01 3.656388405567994604e-01
5.833130016090281407e-04 -9.698420582573810123e+00 5.448019950140557954e-01 6.999659347447863000e-01 3.614416481021045513e-01
5.828685818930930129e-04 -9.696682761884025226e+00 6.078410704255383656e-01 5.924749539246481067e-01 2.784901307416972616e-01
5.860350827542968460e-04 -9.688764849864927697e+00 6.408923508259007917e-01 5.883590489380169375e-01 2.591554328660943263e-01
5.871301430323940321e-04 -9.684398001833528724e+00 4.918413684869896718e-01 7.156456009220854009e-01 2.822903463741123220e-01
5.892708938159857716e-04 -9.678258506322123367e+00 3.870751400764789185e-01 6.553272043313402850e-01 7.348869832873053398e-02
5.884468432163666952e-04 -9.677157909096132826e+00 6.891082100137699840e-01 6.398938484933860416e-01 2.842288312096670766e-01
5.907583059755205663e-04 -9.670737529811463062e+00 5.230314221124285901e-01 5.704897326684281733e-01 1.297656073122861464e-01
5.895356876714700871e-04 -9.670309248803381053e+00 4.036856157044688143e-01 6.010072011479143939e-01 5.452216854453961759e-02
5.919080383696365003e-04 -9.663793223605729565e+00 5.560873807434792981e-01 6.680913411856908013e-01 3.796025689810520465e-01
5.920809272907551777e-04 -9.661001178785445731e+00 5.383368643421952981e-01 5.764333947852657847e-01 6.781147984374225057e-02
5.923289089327454056e-04 -9.658082435816533362e+00 5.450907635778481364e-01 5.746673055912269179e-01 1.721915042066234358e-01
5.942885699482159008e-04 -9.652279496441526163e+00 6.306817750897972807e-01 6.882968520598067297e-01 3.364391721772024835e-01
5.983223020201742593e-04 -9.643014930482074476e+00 4.237958640232061258e-01 6.286213526719980349e-01 2.055310922594575651e-01
5.999173143119554191e-04 -9.637852669591827848e+00 5.503897157946551211e-01 6.891525671281641952e-01 3.730693244778249817e-01
6.036017619957436808e-04 -9.629229859797163726e+00 6.189171710538616811e-01 6.917112852229511111e-01 3.570877200602735613e-01
6.037237994764377627e-04 -9.626527698118483301e+00 5.060584686847064972e-01 6.191807088195574460e-01 7.112710873489525021e-02
6.028723326357197064e-04 -9.625439051858805328e+00 4.162684471045099421e-01 6.821303362228900991e-01 2.563727945109770534e-01
6.019623742466293946e-04 -9.624449563727210943e+00 6.314928873247912522e-01 5.976159980974653507e-01 2.946030333827472925e-01
6.091092810679808863e-04 -9.610146810758074309e+00 4.850330306696103433e-01 7.148990977575319095e-01 2.703412324241089015e-01
6.156912894835077192e-04 -9.596898821352997544e+00 6.191896592414571909e-01 6.781854798335936740e-01 2.675675989367490848e-01
6.150847448203872322e-04 -9.595384451061924835e+00 6.419751932335734379e-01 6.434864435278692119e-01 3.856714230235640528e-01
6.157157920510048302e-04 -9.591859025305261355e+00 5.997710121985581067e-01 6.232183909406175948e-01 3.505600533371412419e-01
6.157477526735695601e-04 -9.589307118575726818e+00 5.073614114366349348e-01 6.634356418525474419e-01 3.437503237643207976e-01
6.150317293904318831e-04 -9.587970646850859424e+00 4.154507622979815018e-01 6.704095882870256817e-01 2.493153078636056730e-01
6.151783881277616715e-04 -9.585232218088266976e+00 4.547842205832773876e-01 6.429147623788706856e-01 2.707700589859833307e-01
6.137310667257418577e-04 -9.585087675710420640e+00 4.423918194678697069e-01 6.640509492338914077e-01 1.003849983629268583e-01
6.125596171232530404e-04 -9.584498234070286671e+00 6.627966373648654930e-01 6.109514421382948868e-01 3.259236821657242045e-01
6.137664935356279116e-04 -9.580029953705841095e+00 5.264917144392229353e-01 6.163345646113028709e-01 2.937273774335498744e-01
6.166225063450217307e-04 -9.572887490323648052e+00 6.910133416470842782e-01 6.456903731037462180e-01 3.196972232040555806e-01
6.167055559966009171e-04 -9.570252814637202121e+00 4.104263045237406260e-01 6.787129684722348344e-01 2.453614627405557580e-01
6.155607007853084942e-04 -9.569610944784626483e+00 6.797103143265679215e-01 6.554533663362295259e-01 3.116089397862946697e-01
6.176277702730209726e-04 -9.563758543311307037e+00 6.380614256804219009e-01 6.072954120653289989e-01 1.697553982661352823e-01
6.171460991133887776e-04 -9.562038720469258735e+00 5.748165252808171699e-01 5.993217798658652118e-01 1.007908874390744947e-01
6.163498293690355566e-04 -9.560829798674825852e+00 6.298215937226095962e-01 6.149372375720659756e-01 1.664442765557866966e-01
6.184260664875727625e-04 -9.554966857946473269e+00 6.647727978696085227e-01 6.685857710501190709e-01 3.641766969020672207e-01
6.178844454323059168e-04 -9.553343047357943263e+00 4.459739201655488205e-01 6.344784180283798980e-01 2.452701576436641107e-01
6.166770346184627643e-04 -9.552799063673560909e+00 3.782309691674489716e-01 6.246711080636081492e-01 7.795029861618338329e-02
6.151664488487420266e-04 -9.552751626108943128e+00 5.459218029412322704e-01 5.819925980478676264e-01 2.016003099914207564e-01
6.149391565153546069e-04 -9.550621175414272912e+00 5.960048203478065520e-01 6.795665817743113957e-01 3.878279901328213208e-01
6.143807880194785374e-04 -9.549029593986276154e+00 6.091236173943206378e-01 6.082889956765910044e-01 3.193839953139561150e-01
6.129610473665919601e-04 -9.548843116177410550e+00 5.769005835269425120e-01 5.884646506710411451e-01 2.456349233986452330e-01
6.154009734733228900e-04 -9.542370461089996425e+00 5.563559458115577838e-01 6.413081344452474797e-01 1.342769741625916557e-01
6.177013998826256158e-04 -9.536139336849625892e+00 4.615545261801345944e-01 6.394643561589223868e-01 7.414251845362973548e-02
6.220538740932516795e-04 -9.526617802545077396e+00 6.373662452046384708e-01 6.646622465397873381e-01 2.581859071462185851e-01
6.229541174851811964e-04 -9.522671637452301496e+00 6.562479403254514176e-01 6.683660065191261435e-01 3.767772488691265576e-01
6.222372000246891802e-04 -9.521323135265733484e+00 6.565346912608165386e-01 6.573049707052696089e-01 3.848514422778401833e-01
6.274320345513399039e-04 -9.510509152163429292e+00 6.267372636085518645e-01 5.953487467910972830e-01 1.534393814046584037e-01
6.261145367591022153e-04 -9.510111185398585576e+00 5.384540318256220148e-01 5.706762754521766956e-01 9.180167547187179089e-02
6.258466082063607067e-04 -9.508039199571244993e+00 6.404779033784404607e-01 6.209741556427159637e-01 1.868508945687803458e-01
6.315707350116215799e-04 -9.496434559210396031e+00 4.481069864746378695e-01 5.840757706811515737e-01 6.336129007879587327e-02
6.302770126352882658e-04 -9.495985080490871866e+00 6.842680164992558378e-01 6.518667974610672378e-01 3.423800653535303828e-01
6.296899683913737174e-04 -9.494416921237863960e+00 5.343761533343138748e-01 5.716714244912582954e-01 1.295597159166323453e-01
6.328390856427891422e-04 -9.486928325098837433e+00 6.890144318026563131e-01 6.210193167808535364e-01 2.805316383613226661e-01
6.335886859734872478e-04 -9.483244522224266504e+00 6.825095415671722510e-01 6.169680864625813888e-01 2.564970552610432719e-01
6.354720055598198471e-04 -9.477776467218754775e+00 4.557149393333093101e-01 6.234526503951984822e-01 5.460422768116535153e-02
6.349031074241921844e-04 -9.476172105314690342e+00 6.221569910735471609e-01 6.873122741568732375e-01 3.183244364106794233e-01
6.339415807026104084e-04 -9.475187699641768546e+00 6.661191391660333805e-01 6.292200123110118781e-01 2.336774631528770740e-01
6.346082852663754558e-04 -9.471636570879653050e+00 6.337872840720726320e-01 6.831786466878931874e-01 3.252139690190780641e-01
6.347283925483005991e-04 -9.468947326710814849e+00 4.980238673290401374e-01 5.762626466435825101e-01 6.248636110901228946e-02
6.392080985331032765e-04 -9.459414441664263151e+00 5.309456032668782299e-01 6.913108705997690340e-01 3.569244147167932590e-01
6.376573046473530499e-04 -9.459343506849059224e+00 6.815422343700495711e-01 6.104272321495108899e-01 2.672350254275849268e-01
6.385174849815890806e-04 -9.455495446267564219e+00 5.158968695374974711e-01 6.893769806571304892e-01 3.494442936051712634e-01
6.400625349562577299e-04 -9.450578623381808541e+00 6.347513266041813207e-01 6.286555999908428616e-01 3.611482595615548297e-01
6.408869555220863840e-04 -9.446791420903037917e+00 5.487466656256836384e-01 5.928459175065349251e-01 2.405140474453320021e-01
6.410557895380342023e-04 -9.444028017537210218e+00 4.981354321268593455e-01 6.170853741591060260e-01 6.814929440695241536e-02
6.400831898941449546e-04 -9.443046353715180530e+00 5.217632698614668163e-01 7.067269922293916151e-01 3.276045967751676780e-01
6.439363371539653458e-04 -9.434544639964425272e+00 4.382332498764268669e-01 6.913265830856134553e-01 2.783486074135615995e-01
6.433438486832036797e-04 -9.432965167630612768e+00 6.814764976739892122e-01 6.290397648634578065e-01 2.665419959205110878e-01
6.423437297056555726e-04 -9.432020940893240279e+00 3.894946410590189867e-01 6.539394444191620748e-01 7.817291173003299010e-02
6.468564740496628206e-04 -9.422520068937934923e+00 6.027431087299310875e-01 6.160185549442632746e-01 3.306058683606716286e-01
6.462993456533621880e-04 -9.420881726013256241e+00 4.920497920357720378e-01 5.900989345168252687e-01 1.777176376063133167e-01
6.483307455695683447e-04 -9.415243529864211425e+00 5.550444892044839040e-01 5.731092978879673838e-01 1.038232051715489435e-01
6.485323008497347226e-04 -9.412432694757383089e+00 4.720615335167428483e-01 5.789280700491975518e-01 7.695117923776731428e-02
6.487278401367801159e-04 -9.409631229719879641e+00 5.861558718473722784e-01 6.066506552193922097e-01 3.014316268299002122e-01
6.472604680748481748e-04 -9.409395714174991099e+00 5.890852038967163695e-01 5.769622443126534161e-01 1.312300207166787192e-01
6.518220923196106501e-04 -9.399872845679400513e+00 5.466644139991659879e-01 6.486798071894509521e-01 3.539993474367417736e-01
6.510374439479010454e-04 -9.398577347691677630e+00 4.427940520186841589e-01 6.796044708402801948e-01 2.834255133799784554e-01
6.528876953754319309e-04 -9.393239373925281299e+00 4.106258976492259682e-01 6.229240298325218195e-01 1.603721790723182106e-01
6.528062897378777030e-04 -9.390864067212662647e+00 5.758290220150167338e-01 6.689413988947654488e-01 3.799278867508240065e-01
6.559597918068558802e-04 -9.383545011743033015e+00 4.310958313857007340e-01 6.663804262378182353e-01 1.036348095700814209e-01
6.623752056837307759e-04 -9.371312334493797636e+00 6.468282420728983517e-01 6.073332552634548298e-01 3.078141174348687503e-01
6.632083977340753672e-04 -9.367555239644525855e+00 4.241677609875930122e-01 6.912471381153530992e-01 1.516904643906166195e-01
6.630108386847093646e-04 -9.365353167838302184e+00 4.580121246605936003e-01 5.833680167622324886e-01 7.376588398958605630e-02
6.620714739583648213e-04 -9.364270989017771996e+00 5.221811250602291787e-01 6.834437680958607153e-01 3.526981553227603317e-01
6.612578134801748789e-04 -9.363000706501466652e+00 5.069699695662809313e-01 7.108962005942298656e-01 2.931244104169957732e-01
6.605747608575164576e-04 -9.361534199996359717e+00 5.932750349511574095e-01 6.651542185670898943e-01 3.833607128724666469e-01
6.600909872528529319e-04 -9.359766820838526513e+00 6.578113956676585605e-01 6.021820455217105073e-01 2.802582617589286507e-01
6.584444985867323385e-04 -9.359764272806412322e+00 5.150073933384360370e-01 6.463756957306273643e-01 1.160384320103956396e-01
6.585886048270654831e-04 -9.357045438153685168e+00 6.214429826778216093e-01 6.457960055345925987e-01 3.776706215093535990e-01
6.571574722389181191e-04 -9.356720832293142109e+00 5.202721877066504019e-01 7.095873472852058939e-01 3.030983441729706573e-01
6.566353229179862187e-04 -9.355015705503509693e+00 6.064316348156227887e-01 6.154383876058773239e-01 3.275315143849005795e-01
6.587243598300865886e-04 -9.349339329192268622e+00 5.975566814632687906e-01 6.897360950459082707e-01 3.645280142845601645e-01
6.605743986861373077e-04 -9.344034748263560175e+00 6.587136865420669674e-01 6.021334072474440191e-01 2.166993326139926568e-01
6.592537520490979620e-04 -9.343535989223706650e+00 5.416088392408133778e-01 6.641451733909357058e-01 1.643538529423357319e-01
6.608316246110378751e-04 -9.338645426702113284e+00 4.719671753868340813e-01 5.820495561440548471e-01 6.073508158328555506e-02
6.658545914549575048e-04 -9.328573190277307248e+00 5.676003229511452641e-01 6.947021172222708207e-01 2.651879923570399367e-01
6.654731294362982441e-04 -9.326646245315693307e+00 5.096310008943824021e-01 5.812339058151547722e-01 1.523778956168425625e-01
6.674794738905277412e-04 -9.321135866755478006e+00 3.846554381522082622e-01 6.298746482278309022e-01 1.136792318568436017e-01
6.665203824424319797e-04 -9.320073785371128849e+00 4.701496176500884472e-01 6.556390294846106137e-01 1.046961395394570005e-01
6.692665033413766748e-04 -9.313462164278176303e+00 4.904840611849913268e-01 6.164239760422777215e-01 6.628176486113854238e-02
6.699230713358226685e-04 -9.309981618940208037e+00 4.372428011960756145e-01 6.158460014435831464e-01 4.715969450864176959e-02
6.718668848314818687e-04 -9.304584272978537740e+00 5.657658358248173203e-01 6.813401063869926055e-01 2.228748583943778172e-01
6.763255420624396125e-04 -9.295469974608167263e+00 6.805571199329421006e-01 6.339556372730953404e-01 3.327801897892685434e-01
6.777189603989710763e-04 -9.290911816510885046e+00 6.555321583850940437e-01 6.692281416595106114e-01 3.381325013994301854e-01
6.769290808260722313e-04 -9.289577993463687733e+00 6.446874989413333701e-01 5.939500559056710705e-01 2.062130610212552506e-01
6.765444561492651217e-04 -9.287646345450857766e+00 5.415126953700376555e-01 6.991579168203735373e-01 2.530625748156219990e-01
6.763293215887878620e-04 -9.285464386299647543e+00 5.224230859731335830e-01 6.210009517690717740e-01 2.906815682374803700e-01
6.751801504080231098e-04 -9.284664961074030387e+00 5.704577015503590198e-01 5.756502564814318657e-01 1.311878481854907852e-01
6.782906535553056985e-04 -9.277568617193825418e+00 6.400098225878714242e-01 6.449230466385686977e-01 3.729561417617334729e-01
6.770188521432257082e-04 -9.276945386714045227e+00 4.212500909015304829e-01 6.022854223769329440e-01 1.011376201101002736e-01
6.757186717397075434e-04 -9.276367682474949916e+00 4.850946367615370791e-01 6.034720544305456347e-01 2.096259535170922894e-01
6.752511396880226269e-04 -9.274559825358373644e+00 5.436556481010036412e-01 6.302354577722998341e-01 3.234290822506041829e-01
6.741869925007790577e-04 -9.273636996452690795e+00 3.960586989187826479e-01 6.488408309272871710e-01 7.554472019245783709e-02
6.773638737852590453e-04 -9.266435897567600222e+00 6.786887938786821950e-01 6.180819246313210558e-01 2.841466803365743088e-01
6.781220959195479901e-04 -9.262817151626560275e+00 3.959311629931753229e-01 6.604347754563113515e-01 1.982367549710354337e-01
6.778925722497744022e-04 -9.260655678454261519e+00 4.371079614174962491e-01 6.859030736198521438e-01 2.727043946325550805e-01
6.775169806696213241e-04 -9.258709889672497084e+00 6.562870465104401196e-01 6.088159384340494640e-01 2.140158209052692717e-01
6.768490122550834334e-04 -9.257196282526697573e+00 5.693934476436222081e-01 6.391922744311087090e-01 3.511163145031964694e-01
6.775878959967928218e-04 -9.253605225703738668e+00 6.152434452563260159e-01 6.502408012344832455e-01 2.087719115343358300e-01
6.764663898844374768e-04 -9.252761741813181118e+00 6.796619341448640883e-01 6.250301587483501065e-01 3.111431837755593843e-01
6.781837323578418595e-04 -9.247726262924244267e+00 4.246449982310439020e-01 6.960711600794368126e-01 2.498220672113609930e-01
6.783373110137616135e-04 -9.244999832737514467e+00 5.407391798267486838e-01 5.782220846886293453e-01 1.563258895239117985e-01
6.781069288493445958e-04 -9.242839518158945111e+00 6.491127770594098401e-01 6.305056030297817582e-01 3.522218602191823367e-01
6.771499320669265064e-04 -9.241751792051928760e+00 6.107207992670975472e-01 5.951615764387150342e-01 2.622232431201140246e-01
6.807381398656810623e-04 -9.233966796587537829e+00 3.780144332487987979e-01 6.398496860037488077e-01 8.695714733060591617e-02
6.808234087108917332e-04 -9.231341545040283592e+00 4.417612623038719155e-01 6.485710611874019316e-01 2.524235874739912955e-01
6.811093053888002402e-04 -9.228421705382789497e+00 6.403125947394132655e-01 6.130297881685069505e-01 1.906258736110054697e-01
6.808058841113379979e-04 -9.226367285672694152e+00 6.338029717666954221e-01 6.691426349032818521e-01 3.738943817749543763e-01
6.794552754933135246e-04 -9.225853094136493127e+00 5.690897743898527539e-01 6.856823082462235597e-01 3.667226735800475090e-01
6.788936311230273947e-04 -9.224180045738629374e+00 6.691815696333021091e-01 6.537334631184408273e-01 3.091365312623917672e-01
6.778156554838178464e-04 -9.223269149427530067e+00 6.429560203546703656e-01 6.305052496303861220e-01 3.526664760707906021e-01
6.770019104875453757e-04 -9.221970410932494033e+00 5.737604149965647160e-01 6.074764006907595881e-01 2.901395008554945032e-01
6.757509776546556093e-04 -9.221319873906001163e+00 6.090657332797942969e-01 5.917257247646364737e-01 1.468749773098652345e-01
6.764972395890239383e-04 -9.217716138658857972e+00 3.734561900879639351e-01 6.678466959735833708e-01 1.319732504155440023e-01
6.779223592907900097e-04 -9.213111738768493097e+00 4.339495821017951283e-01 6.006065721301502291e-01 1.194483530335900268e-01
6.773415339326283946e-04 -9.211468878690283191e+00 5.804245136122557769e-01 6.275797766099396879e-01 3.369809873084534946e-01
6.838351898713827641e-04 -9.199427567722368693e+00 4.044480968905480589e-01 6.123908397510839929e-01 9.292732350002713693e-02
6.856390856049094859e-04 -9.194293130830605065e+00 5.580291176614765591e-01 6.954768470165012539e-01 2.618795497261006688e-01
6.854388548059583497e-04 -9.192085208756259007e+00 5.960682263039585038e-01 6.923330805758756146e-01 3.146565581231345332e-01
6.868302384560907381e-04 -9.187557349739732260e+00 5.347652970587326582e-01 7.044466473626423975e-01 2.774273063675053441e-01
6.859378339240407860e-04 -9.186357503313686834e+00 4.100242256267554453e-01 6.920461964929930376e-01 1.593695223341466960e-01
6.852491470316291388e-04 -9.184862015404142710e+00 6.034763282583350819e-01 6.477576457087957928e-01 3.701085155296068852e-01
6.864553335144520443e-04 -9.180603346812160837e+00 6.148287723583770736e-01 6.080813585224581486e-01 3.022829838350510334e-01
6.865472800616790596e-04 -9.177969411819674406e+00 4.338028447912279928e-01 6.399357043243724119e-01 2.267226645795358264e-01
6.865021905576355020e-04 -9.175535089721345017e+00 6.195433852992350277e-01 6.302327936382575713e-01 3.508109285724937410e-01
6.893357641824712214e-04 -9.168916032500368019e+00 5.213692953199859925e-01 6.933867772480326597e-01 2.180506057800908337e-01
6.896533787695585021e-04 -9.165955384069118139e+00 4.833601410870960180e-01 5.861970818092535618e-01 6.122874588410387453e-02
6.898445501109430221e-04 -9.163178223315764370e+00 5.835158366601775892e-01 6.447033673967831335e-01 3.605598265523668466e-01
6.892988963147555700e-04 -9.161469517109130933e+00 6.604025094484365921e-01 6.440098979306608795e-01 2.644528540892703283e-01
6.931560967712393530e-04 -9.153389284139693771e+00 5.382829702374969383e-01 6.125458794930542794e-01 2.789620529155284467e-01
6.965562035788887491e-04 -9.145996021568521428e+00 5.558907445157323934e-01 6.468476495189454667e-01 3.496358997402702062e-01
6.976022407049331650e-04 -9.141995421221949414e+00 3.828188533929379744e-01 6.788350146541767272e-01 1.671551689055534029e-01
7.079832825436936563e-04 -9.124724024642723919e+00 5.214705012547595775e-01 5.859570521642597507e-01 1.741022576128690158e-01
7.086359073758486055e-04 -9.121302640994993993e+00 4.363740671535234483e-01 6.495508908582215968e-01 2.432834861992628772e-01
7.071647022553209866e-04 -9.120880907722742847e+00 5.663130175489022866e-01 5.936683058455299866e-01 2.374251772743779521e-01
7.054721704451051437e-04 -9.120777181886071006e+00 4.949386444335062696e-01 6.765178827853765009e-01 3.262188815534957098e-01
7.044837606967808454e-04 -9.119679225578936510e+00 6.220194872426759725e-01 6.201460078985726598e-01 1.775049717529649795e-01
7.070894068574817793e-04 -9.113487388442758075e+00 6.091846011803954131e-01 6.434251242125338388e-01 1.944314063218433031e-01
7.088984085478040008e-04 -9.108432277932866583e+00 4.052316771580717347e-01 6.131479538920640016e-01 7.814245048255330506e-02
7.096484035324276398e-04 -9.104874864743369045e+00 5.899833962915534968e-01 6.518768448475150690e-01 3.671968398222077434e-01
7.187216243035442643e-04 -9.089670393728860986e+00 6.750966182736828358e-01 6.319488815512774860e-01 3.043651015805139970e-01
7.169702058088635917e-04 -9.089610220057549483e+00 5.642995296911160752e-01 5.951940739919664436e-01 1.055349930537532732e-01
7.178231660819140922e-04 -9.085921253910584028e+00 4.973301339436513313e-01 5.992904324763301815e-01 2.013103913005308554e-01
7.231447587048880866e-04 -9.076035084204892911e+00 4.909625208422233600e-01 5.870377322578875789e-01 1.420041683046545378e-01
7.242821604081935930e-04 -9.071963465047614861e+00 6.636144282522028481e-01 6.463261295416403707e-01 3.460859629930761461e-01
7.227575875960617381e-04 -9.071570626759440259e+00 5.305922070927612255e-01 7.027582482904424221e-01 2.687100797541303043e-01
7.264770795749395235e-04 -9.063937572423972355e+00 4.580945278702765466e-01 6.210824220477728641e-01 2.166840904048995819e-01
7.257974406182640193e-04 -9.062373537349113661e+00 3.981590511664838128e-01 6.842499920521901702e-01 2.025342039515783676e-01
7.256009121931492143e-04 -9.060144349874061476e+00 4.130177553380222077e-01 6.386010566677279288e-01 6.972599226756082125e-02
7.244375198915926429e-04 -9.059248986724297126e+00 4.462023023045710302e-01 6.197792122624196098e-01 1.970060005861982155e-01
7.286315845342624482e-04 -9.050976272574795090e+00 5.360275177886950626e-01 7.039479436415687630e-01 2.966739884249666726e-01
7.275008259903614598e-04 -9.050029371404294309e+00 5.532140692459294185e-01 6.067280697479348062e-01 1.032342901947129604e-01
7.268108180414778073e-04 -9.048478284938052951e+00 5.987567863598103335e-01 5.851681011461479232e-01 1.857866624958927071e-01
7.286126201857324233e-04 -9.043502300262492355e+00 3.794653435049918366e-01 6.510789480118420736e-01 1.292233015912502836e-01
7.270752457343495224e-04 -9.043114531955785296e+00 3.787167121591906715e-01 6.491097181792155890e-01 1.169582481916292549e-01
7.254561852327354827e-04 -9.042843827842434123e+00 4.000813301485182105e-01 6.279139313340728057e-01 6.759540248092932302e-02
7.301659916352900084e-04 -9.033872611735265679e+00 3.954104439996989351e-01 6.829830319833537500e-01 1.456224962849047566e-01
7.294127151226691185e-04 -9.032404795304421086e+00 5.237736595126268879e-01 5.811751698101156327e-01 9.159640823470205362e-02
7.362739124124848293e-04 -9.020542292734138101e+00 5.705108006773187412e-01 5.820524983890055237e-01 1.311370216179933434e-01
7.363026018022341161e-04 -9.018003327845757866e+00 5.568215126901245871e-01 5.966633012241980838e-01 2.379435274403347567e-01
7.363947527615151466e-04 -9.015378182025248321e+00 4.310148388567910382e-01 6.713392439856874505e-01 1.201175788140066841e-01
7.350512516402601905e-04 -9.014704278926627623e+00 5.102881462791198919e-01 6.448427769554293532e-01 3.122078647923605121e-01
7.377003554668296785e-04 -9.008606786082848927e+00 5.168301776016226423e-01 6.177503795729765157e-01 2.691833351935070118e-01
7.387166155917777952e-04 -9.004730128532344224e+00 4.544276405653445150e-01 5.963743210172379738e-01 1.255103726321396274e-01
7.428992793622271346e-04 -8.996584029707291208e+00 4.591817696796491322e-01 6.554109639547788246e-01 1.051800967709088236e-01
7.432651264991261761e-04 -8.993591692328134712e+00 5.473980817293384593e-01 6.205320464492349863e-01 2.976446663081036004e-01
7.435854930381388022e-04 -8.990660759267663948e+00 5.072295758063265492e-01 5.897183718005567510e-01 1.688624074328657354e-01
7.432535117492095576e-04 -8.988607319108204763e+00 5.479723721986656804e-01 5.849133545113639476e-01 1.786392901732563043e-01
7.440343467770904129e-04 -8.985057307040742458e+00 4.856467546366750598e-01 6.662063851793466052e-01 3.102485409153971085e-01
7.424040360039650026e-04 -8.984750887946265863e+00 6.498251013011804300e-01 6.541625180079646551e-01 3.546133243404642199e-01
7.416147480658455199e-04 -8.983314604957147509e+00 4.458773814103859090e-01 5.996082893665757307e-01 5.985468186259854106e-02
7.402171542934301825e-04 -8.982700910933679950e+00 4.763561436832677298e-01 6.163509355324703343e-01 6.738837851026999171e-02
7.400167554317404073e-04 -8.980471677414030296e+00 3.913005285976913772e-01 6.813363241450584029e-01 1.794180491414149037e-01
7.391808080749017861e-04 -8.979101948942940226e+00 5.517810115792529668e-01 6.867769993215301350e-01 3.515350072340912568e-01
7.402282701714486910e-04 -8.975185893996432185e+00 4.292198613095387083e-01 6.079078461633790065e-01 5.960799808903549657e-02
7.399201255167691012e-04 -8.973102263949645163e+00 4.853989852476348621e-01 6.129745751149963118e-01 2.252634425569559062e-01
7.380769370934904235e-04 -8.973096435860306030e+00 6.100731943444853700e-01 6.428461341947908636e-01 1.986215146377475205e-01
7.390216123325918287e-04 -8.969317339935034994e+00 6.269627857234824075e-01 6.668567754403827985e-01 2.726046836975593024e-01
7.403664918888216723e-04 -8.964999182924209720e+00 6.461190749587877313e-01 6.242574543775987195e-01 3.249374956218331612e-01
7.402261316415052837e-04 -8.962688783014748140e+00 5.885817955908745347e-01 5.849251275893931901e-01 1.745406363659611215e-01
7.407984510805714186e-04 -8.959415913375403662e+00 5.302314540655186370e-01 6.935342824882868573e-01 3.355261788641551446e-01
7.400239624568208645e-04 -8.957961938458884887e+00 5.532739778771325057e-01 5.993417343521847407e-01 1.024236784143413015e-01
7.391337301959981752e-04 -8.956665640231495473e+00 4.148433528274984017e-01 6.639192459078486763e-01 1.054280110295874595e-01
7.374815856568320673e-04 -8.956403386529878219e+00 4.877786637896297517e-01 5.868221329660949781e-01 7.528304203257407679e-02
7.364362955157836453e-04 -8.955321769914252883e+00 4.950615331182243728e-01 5.865933436814995128e-01 1.347342607627612376e-01
7.350614023039477116e-04 -8.954690469558119759e+00 6.484215663260141094e-01 6.288769760095476169e-01 3.320131979425985924e-01
7.333268445337888953e-04 -8.954553003555091095e+00 4.836202534293688737e-01 7.006283872104094312e-01 2.199886706122121394e-01
7.324115915115986860e-04 -8.953301866406251364e+00 6.140000681184629716e-01 6.803150719007169389e-01 3.025969981632294359e-01
7.309614892112777399e-04 -8.952783729806723656e+00 5.822104137576586957e-01 5.840182693752349330e-01 1.669257626216846813e-01
7.301450967074937619e-04 -8.951401228826455281e+00 4.920982797428861133e-01 6.950211184813217535e-01 2.064968078995605694e-01
7.288973803283195626e-04 -8.950611551456486126e+00 6.125145500363550211e-01 6.073304440057651910e-01 1.639495673254812713e-01
7.279527090327911646e-04 -8.949408419864330000e+00 5.492317812445961511e-01 6.302944263169557582e-01 3.161328194687459403e-01
7.280476237772697500e-04 -8.946778042497685490e+00 6.247886384738609022e-01 6.451258611551108357e-01 3.593015268492477099e-01
7.278327420196171712e-04 -8.944573234004160156e+00 5.094979263173661232e-01 6.717628341265196035e-01 3.310479590161817809e-01
7.264284385213588650e-04 -8.944004529363674294e+00 4.964438676659498895e-01 6.648923776204741509e-01 3.176600935586925689e-01
7.293151205267823676e-04 -8.937538603124680847e+00 5.134323138862396663e-01 6.776514188726592280e-01 1.783428500461378685e-01
7.275255624504607969e-04 -8.937495370013929019e+00 3.819454498266957598e-01 6.612455031057198340e-01 1.442910627804019352e-01
7.259267303702630772e-04 -8.937195418454438212e+00 5.372142530464232291e-01 6.478961622240789753e-01 1.417943071639891084e-01
7.272542661929109076e-04 -8.932868342274547402e+00 4.987302434968990394e-01 5.846654230914289929e-01 8.428305644252956363e-02
7.307093889210496216e-04 -8.925628677902077257e+00 6.224181810641206125e-01 6.781804115129900223e-01 3.264112875817291592e-01
7.322182486557616459e-04 -8.921065882407637204e+00 5.037916067474811355e-01 6.304078434745234993e-01 2.810933917145946870e-01
7.354865401696191428e-04 -8.914112266202431911e+00 6.213288572169547441e-01 5.957899624200196920e-01 2.293575995029258907e-01
7.406257808682054555e-04 -8.904649027171460673e+00 5.302614052903760200e-01 5.826777553541545585e-01 1.413767820102745931e-01
7.402818172846495392e-04 -8.902613557963483970e+00 4.240560324836130657e-01 6.322026975904432300e-01 1.864351223694244164e-01
7.386607565950649521e-04 -8.902305747663621815e+00 6.579641014802738441e-01 6.163197439818441925e-01 2.781746752286358149e-01
7.400563319873169812e-04 -8.897918198223127462e+00 5.154863120755812655e-01 6.692234793046255570e-01 3.330507903784880597e-01
7.448590205199708729e-04 -8.888949539560091040e+00 6.269248591664787762e-01 6.503255326224742783e-01 3.598771360127788754e-01
7.432976291129226405e-04 -8.888547963782277961e+00 4.815342809846674954e-01 6.469563490321825761e-01 2.850285178059087654e-01
7.414638293731002933e-04 -8.888518125789490298e+00 5.382508014407539898e-01 7.013114192687399662e-01 2.944957046591103467e-01
7.509648354757790696e-04 -8.873285678764171180e+00 4.953268272346001977e-01 6.811341860161846951e-01 3.190271526898975085e-01
7.495567084768770634e-04 -8.872662529407103094e+00 6.392859762435669779e-01 6.345220205534990443e-01 3.400326125514665510e-01
7.484854669962504948e-04 -8.871592718330704841e+00 5.883283542422114154e-01 6.151553541043404127e-01 3.002614425327951309e-01
7.490953819752849217e-04 -8.868278184660384866e+00 5.200397360278724568e-01 5.833525133434886989e-01 1.313616943328884679e-01
7.483073420769708380e-04 -8.866830727117278599e+00 5.400130543808130401e-01 6.162999626692345911e-01 2.782537462469699685e-01
7.478698437130911099e-04 -8.864915548728653505e+00 5.806028366600506363e-01 6.801669579723196302e-01 2.501456914381573471e-01
7.500751327043293001e-04 -8.859471127379126898e+00 5.704827785318797861e-01 5.954307999480564773e-01 2.304457746836715004e-01
7.528961163948154128e-04 -8.853217247183668093e+00 4.060266580621814114e-01 6.801835609260912241e-01 1.412439165096289750e-01
7.528119511638754584e-04 -8.850829042069861430e+00 6.493858382311407107e-01 6.119966281919748674e-01 2.708365831815757740e-01
7.554185739295480890e-04 -8.844872507650814342e+00 6.190645201570638134e-01 6.716641520354438288e-01 3.545449900796944220e-01
7.539757320783382075e-04 -8.844284323913718993e+00 4.876455546922662254e-01 5.895304393118320219e-01 1.312933844866173150e-01
7.525088980149090018e-04 -8.843731684673564075e+00 5.030296507321646571e-01 5.874489288486481886e-01 1.399897125512391538e-01
7.545345025052917817e-04 -8.838543499702256057e+00 3.948912846990216829e-01 6.802997205482277376e-01 1.530871223916095425e-01
7.534826994975744267e-04 -8.837438448217268316e+00 5.771597420902017106e-01 5.955630877079227670e-01 1.290042788110467575e-01
7.546155704415308555e-04 -8.833436064480574501e+00 5.222635145966270098e-01 5.832566491039130607e-01 1.113964156506375147e-01
7.534592265881064023e-04 -8.832469601255173330e+00 5.260494119846285122e-01 5.830238179263105280e-01 1.222480952035816942e-01
7.529337487110431514e-04 -8.830667265021524770e+00 4.947131765248384272e-01 6.350039343998730157e-01 2.779003772910598746e-01
7.554834767919960115e-04 -8.824786594917480187e+00 3.979121125777717038e-01 6.470107660832982166e-01 8.950447329012312103e-02
7.538435834170415916e-04 -8.824459608392798415e+00 5.686891876357080822e-01 6.308615210863640632e-01 1.455202806547006844e-01
7.575347113725986598e-04 -8.817075145903364941e+00 5.839515764600891057e-01 5.934528738075658394e-01 1.395442026335557140e-01
7.577150765780102685e-04 -8.814337079272112518e+00 4.686653601402822611e-01 5.921158086480536875e-01 1.079272786913518800e-01
7.575168966333344902e-04 -8.812098662909875202e+00 6.607316886911351883e-01 6.266985029209674041e-01 2.828466281847136221e-01
7.557805367663353226e-04 -8.811893467078130371e+00 6.485885022211874684e-01 6.566766499953179403e-01 3.346943867681544393e-01
7.565504736985458143e-04 -8.808375254803962662e+00 4.721532259964195677e-01 7.038095651790162721e-01 2.628380804501920798e-01
7.551721593015279415e-04 -8.807698757011122481e+00 6.392384308513205937e-01 6.655407890284995576e-01 3.158571964859436809e-01
7.541295068788650283e-04 -8.806580392785981815e+00 5.403128617940103906e-01 6.121843505952335729e-01 2.655812601122008454e-01
7.530454967862215731e-04 -8.805518859157734468e+00 3.846152329244848511e-01 6.592100073108762004e-01 1.278407305714885922e-01
7.515851919595233988e-04 -8.804959940508968685e+00 5.881006121186826974e-01 6.860413268788702057e-01 3.402426026200079390e-01
7.520634183568688678e-04 -8.801823852515822111e+00 4.519890707168500166e-01 5.972027750719318684e-01 1.018244576210080854e-01
7.537969441722426047e-04 -8.797021478903650049e+00 4.190791133253125578e-01 6.873040005587456314e-01 1.607515309527741687e-01
7.526332122139313798e-04 -8.796066498677546974e+00 5.155529337107915833e-01 6.646351672624654094e-01 1.571687829277721438e-01
7.517122585011011418e-04 -8.794790890076745526e+00 5.403623442788754172e-01 6.264266536350593384e-01 2.977806055020223441e-01
7.519646909435566406e-04 -8.791955136516222069e+00 4.892170699414849500e-01 6.683257163148688118e-01 3.087305286036700069e-01
7.516959057613555994e-04 -8.789812644301758127e+00 5.227928039146684247e-01 7.006249529370178752e-01 2.666372717576002138e-01
7.526047866455013759e-04 -8.786104267546594571e+00 4.930896926072176334e-01 6.329015085168210319e-01 2.711208478277333245e-01
7.539502850910497021e-04 -8.781818074889555348e+00 4.838315757729862998e-01 6.631095019052829498e-01 3.003953763963583823e-01
7.565152241340905494e-04 -8.775921848371591949e+00 5.028874365197202323e-01 6.496532540712119941e-01 1.244871727979391246e-01
7.559388061640407407e-04 -8.774184077155288364e+00 6.534352973812014298e-01 6.476041425783258809e-01 2.895989542921677540e-01
7.555431259582991426e-04 -8.772207643076086470e+00 5.265029704221813045e-01 6.441134310220215653e-01 1.320057909322723821e-01
7.550682100071064466e-04 -8.770336416282713543e+00 5.073645989982064064e-01 7.021107080235547970e-01 2.920761521011082662e-01
7.552818607336550397e-04 -8.767553500775752795e+00 3.951066520290027473e-01 6.564424432669087039e-01 1.680268202964000368e-01
7.558238729282948376e-04 -8.764336129111002904e+00 4.948115873635751116e-01 5.888218064351854464e-01 1.284983845593169471e-01
7.574136479630126390e-04 -8.759734971034154327e+00 4.707852720258916546e-01 5.956959553115125372e-01 1.318358448188412246e-01
7.559480387789151851e-04 -8.759171863787727830e+00 4.776713425297932636e-01 6.947550814411866948e-01 2.028115837766649721e-01
7.542775394485981251e-04 -8.758884116097176431e+00 6.380574501805587051e-01 6.580523976269055941e-01 2.807687624086919742e-01
7.548880950103161293e-04 -8.755574986097009571e+00 4.185722085707193063e-01 6.534765567540906650e-01 9.593566333419123460e-02
7.570308490871957433e-04 -8.750240501457639652e+00 5.495302494768232737e-01 6.277718074250976388e-01 3.044856787326414294e-01
7.554916056206363844e-04 -8.749775835205099384e+00 4.617044533523773087e-01 6.075330518394128632e-01 6.595850712019835083e-02
7.596736092029645390e-04 -8.741755626370904864e+00 6.543377395063415536e-01 6.409156460188157878e-01 3.217867157686694624e-01
7.584003753103908414e-04 -8.740933060019210998e+00 3.956313502429700257e-01 6.790436153414518561e-01 1.613157927234724343e-01
7.621698709180946274e-04 -8.733475047275208070e+00 6.210554646710543247e-01 6.600261503413920039e-01 3.550962915088339278e-01
7.613397348941368468e-04 -8.732064815403937530e+00 4.345881642161729674e-01 6.195214241898221452e-01 1.631522069645816586e-01
7.604114240039489296e-04 -8.730784871652831569e+00 4.319074470034390822e-01 6.935802420330297036e-01 1.847303957538840302e-01
7.596151333308305857e-04 -8.729332604328448042e+00 5.768734609543452185e-01 6.213364919962478528e-01 3.041832147997187707e-01
7.619395189388920723e-04 -8.723777324765901398e+00 6.225761315374648275e-01 6.357503828670738599e-01 3.374346649865997971e-01
7.620019955836653111e-04 -8.721195331271777818e+00 3.939973417016502388e-01 6.754890889562076284e-01 1.506862293624294802e-01
7.607840479897843731e-04 -8.720294962235996650e+00 4.749648950885984044e-01 6.876034209645525141e-01 1.816659915842904205e-01
7.592133252913346774e-04 -8.719861706935907009e+00 5.148857875334218459e-01 6.931523506009549251e-01 3.182610771920002524e-01
7.603265245203566980e-04 -8.715896527291807416e+00 5.412376555006337409e-01 6.441776700406938172e-01 3.239095414508993409e-01
7.592320786855876521e-04 -8.714837006154164456e+00 6.343533587558459752e-01 6.613547169694655725e-01 2.871179636299834859e-01
7.588419265057806326e-04 -8.712851015599110127e+00 4.798576520023621894e-01 5.966179365837213089e-01 1.477007800606259247e-01
7.580266331232627698e-04 -8.711425984759555874e+00 5.667532001916886220e-01 6.286542979255341779e-01 3.137837703596640937e-01
7.573775963421286147e-04 -8.709782570491862330e+00 4.608086543462929230e-01 6.369219897606378522e-01 8.754455725552345857e-02
7.558283482391812535e-04 -8.709330208025678033e+00 4.986599191023171063e-01 6.888231854978881241e-01 3.125920265666414233e-01
7.590954567695293136e-04 -8.702516969848737460e+00 5.461857881213023624e-01 5.917020657326491628e-01 1.904139491654447403e-01
7.572347587315548731e-04 -8.702471183255411802e+00 6.564859933981274098e-01 6.319632211475458838e-01 2.924611550352277933e-01
7.561517597604888339e-04 -8.701402409373391933e+00 6.157092734676377077e-01 5.983456455109116279e-01 2.137691552044654331e-01
7.595426212947845946e-04 -8.694428067799409021e+00 4.863875187888141438e-01 5.993614380931204799e-01 7.486156758868511840e-02
7.623550457878290826e-04 -8.688232119306473322e+00 4.380294726847507869e-01 6.049831936154524969e-01 8.585891672494722071e-02
7.630659154680603535e-04 -8.684800088411728680e+00 5.946530922857381496e-01 6.097382051893112109e-01 2.771294741041083753e-01
7.637194444672394320e-04 -8.681444003389898967e+00 5.590580499834473249e-01 6.896286384660306190e-01 3.328300134803199306e-01
7.638192520658625400e-04 -8.678813325720007299e+00 4.127205413278336454e-01 6.260271433530979479e-01 7.891110459888947548e-02
7.622380942954435669e-04 -8.678385539244604985e+00 4.988396242625534605e-01 5.921596207636224962e-01 1.475374192100496473e-01
7.654319076768605502e-04 -8.671704246124404492e+00 6.422563330128969739e-01 6.458944254122314099e-01 2.645447204509800976e-01
7.647727034588153302e-04 -8.670065835815124800e+00 6.375174047849417880e-01 6.493299363539464242e-01 2.624105158132556403e-01
7.633567573383841448e-04 -8.669419011952335552e+00 5.156348313467494782e-01 5.922960138470115821e-01 9.244792944824339886e-02
7.617372186959904231e-04 -8.669042866975857464e+00 4.004616486692523791e-01 6.327092371122756687e-01 9.593230121929485765e-02
7.622365912211304410e-04 -8.665887511168868684e+00 5.111956560318599019e-01 6.717650401903321189e-01 3.233443063542849050e-01
7.638842831558988406e-04 -8.661228189973996905e+00 4.338127304592285238e-01 6.931929697422899439e-01 1.872121158220250159e-01
7.637717293406809512e-04 -8.658875544894868881e+00 5.408609108098847429e-01 5.869341088710708920e-01 1.466224298727893671e-01
7.619499812267283879e-04 -8.658763593733771913e+00 5.919394388748365765e-01 6.160201308452598612e-01 1.574619195215956613e-01
7.614254679217454403e-04 -8.656952213635063842e+00 5.877817514959450262e-01 6.463725336434846813e-01 3.445445800437863526e-01
7.595479194883841519e-04 -8.656921092318407673e+00 3.910388040937382570e-01 6.585085362898543959e-01 1.480589461164428522e-01
7.593523487927223824e-04 -8.654678608497480496e+00 5.372507374754650344e-01 6.189250075916795657e-01 1.124347663035697997e-01
7.598369992186647945e-04 -8.651540570266083918e+00 4.934061613056483497e-01 6.019275879536507556e-01 1.841775780167718701e-01
7.582879592548558449e-04 -8.651081298854006008e+00 4.309122023395625112e-01 6.853238088388521332e-01 2.408516921035516734e-01
7.571560702283126800e-04 -8.650075104253611258e+00 5.868529535658351115e-01 6.509776902039330349e-01 3.482123119282272694e-01
7.565975359856826152e-04 -8.648313050331079666e+00 4.402957727819161171e-01 6.664595803646384820e-01 2.505381892193466187e-01
7.549154360476694262e-04 -8.648038768090087203e+00 6.494521811432136804e-01 6.411648148622480781e-01 2.758124777771128189e-01
7.534250633529144441e-04 -8.647514944133062542e+00 5.301996877930124086e-01 6.266239841119778387e-01 2.856100381571737845e-01
7.554672457489631805e-04 -8.642308079460649495e+00 4.439225733602901736e-01 6.421831189695658137e-01 2.259131377026267484e-01
7.597413788452514775e-04 -8.634166421456015428e+00 6.293329444994109068e-01 6.609021849450429364e-01 2.803001814640652678e-01
7.602220892130303687e-04 -8.631033892590801671e+00 6.196503729605278288e-01 6.723653878226382163e-01 3.156790765611349192e-01
7.583977097820421244e-04 -8.630936574697086527e+00 4.920605354360966244e-01 6.908333513557315397e-01 3.027287339407002120e-01
7.594894729498262399e-04 -8.626998044391967824e+00 5.872208204817617183e-01 6.294856144327234393e-01 1.666885829182234158e-01
7.583399061448381105e-04 -8.626012795708060565e+00 6.454014473234864768e-01 6.389503883956798580e-01 2.622194571703999610e-01
7.570905063598724113e-04 -8.625161700280303378e+00 5.771589719738592361e-01 6.305144767442252274e-01 3.179377525059692289e-01
7.573753763137053676e-04 -8.622285501700389432e+00 5.622706843267051280e-01 6.523393412234190780e-01 1.766514533165285394e-01
7.568570783865817249e-04 -8.620470070236420312e+00 5.574371753281042174e-01 6.095493077438536300e-01 2.601277409785695549e-01
7.555851470130795769e-04 -8.619652027605765099e+00 5.697065569463377610e-01 6.081667537427160042e-01 2.616213568771196263e-01
7.553627068051749173e-04 -8.617446465575879344e+00 4.727802899508170564e-01 5.952524288153367982e-01 8.933147356286402774e-02
7.543986081200727270e-04 -8.616223619529440825e+00 5.843171554478632235e-01 6.858294370576785148e-01 3.226504893013915631e-01
7.547485753377281611e-04 -8.613259824840937995e+00 4.439128814746513552e-01 6.196467059217841689e-01 7.193104461887911416e-02
7.540389064720178424e-04 -8.611700539058944059e+00 4.386647538265719959e-01 6.932621770601690159e-01 2.407307318954634567e-01
7.545328463744949360e-04 -8.608545694608627841e+00 6.239354419638409865e-01 6.135849678940189511e-01 2.798710208810079592e-01
7.539609784615723155e-04 -8.606803891865922651e+00 6.124072732294825183e-01 6.367878596640536015e-01 2.049743801483019101e-01
7.535216958605320085e-04 -8.604886694734513952e+00 6.476127403739225796e-01 6.233017012943714574e-01 2.624805338666540422e-01
7.533169036957221721e-04 -8.602658511724245116e+00 6.253394075564517873e-01 6.057517338346424252e-01 2.361979230388893680e-01
7.515441361550928828e-04 -8.602514567617431496e+00 5.580610975840323285e-01 5.956383510123768321e-01 2.078589805844154315e-01
7.539067331210786435e-04 -8.596875841600105872e+00 5.571773147098607604e-01 6.033534210009181553e-01 2.386565660557863622e-01
7.561457086069675419e-04 -8.591410411970281658e+00 6.397623324253135513e-01 6.154735978726549872e-01 2.614031198096526953e-01
7.582612026281164170e-04 -8.586116585051653871e+00 4.724083845466868770e-01 6.299319745894131906e-01 2.363260713244888511e-01
7.581413806154399266e-04 -8.583774619618793622e+00 3.966246628276713926e-01 6.576725044062374792e-01 1.604688021675384491e-01
7.587532063381061381e-04 -8.580467937650110954e+00 5.297213407334849800e-01 6.769368623447012956e-01 3.320634379491270716e-01
7.586001919669418080e-04 -8.578169623522173382e+00 6.478593274215719289e-01 6.373669775885105748e-01 2.730815282377793141e-01
7.567090896982679596e-04 -8.578165619914926765e+00 6.075926304008187895e-01 6.651857197330749427e-01 3.488389721053516412e-01
7.558090457492130931e-04 -8.576855746544413961e+00 5.372788355144352268e-01 5.947710630371895180e-01 1.900933888382191350e-01
7.540197460988271212e-04 -8.576725949706144547e+00 5.193065751247976092e-01 6.922490790867893429e-01 3.144956353944746152e-01
7.523555287057923785e-04 -8.576435516071120091e+00 4.827838422678040198e-01 6.598447186628660921e-01 2.903145803311668605e-01
7.510010426096244349e-04 -8.575737465772894197e+00 6.067388621212334021e-01 6.337460235326796143e-01 1.951128560144423929e-01
7.519559812485642879e-04 -8.571966719168324644e+00 6.400964188786781861e-01 6.220313697493270455e-01 2.883360218718138412e-01
7.513157143085577366e-04 -8.570318550518056355e+00 6.032993291198041064e-01 6.192297974129293836e-01 2.976015260890928493e-01
7.505676380064627094e-04 -8.568814734892567841e+00 5.971738547790922391e-01 5.962846357694969734e-01 1.953461718448732953e-01
7.521869959617821875e-04 -8.564159547950511708e+00 6.297813178960391944e-01 6.128718864273631217e-01 2.667350995799316893e-01
7.539649483837331792e-04 -8.559298626458522463e+00 5.264681743228599720e-01 6.406010343214435521e-01 1.319475231956968586e-01
7.520929695553543997e-04 -8.559284559794990699e+00 5.469023529117401639e-01 5.983445818354512502e-01 2.112587720473866337e-01
7.503672054404214500e-04 -8.559081811865439704e+00 6.070757937816319005e-01 6.099523009185680023e-01 1.783781514955755099e-01
7.493560872073367967e-04 -8.557930218456499816e+00 5.223391470759038979e-01 5.937980380316494333e-01 1.015203020654864563e-01
7.500126582634477528e-04 -8.554554421758641780e+00 6.480722604088109406e-01 6.321795727648737984e-01 2.942818462947605074e-01
7.493746401886662101e-04 -8.552905460198072518e+00 6.103463047166914901e-01 6.023797261539994841e-01 2.311393670303841519e-01
7.502574614382162468e-04 -8.549228076290942724e+00 4.763754952469605453e-01 5.998314131253058568e-01 8.137164022233778216e-02
7.501798553885604542e-04 -8.546831520865209697e+00 6.198902863381362538e-01 6.631971374224048255e-01 3.408780798703534010e-01
7.496886265036817060e-04 -8.544986550167278594e+00 5.203610246744188039e-01 6.639220219405972401e-01 1.651110504138452173e-01
7.514733453858825525e-04 -8.540108765815551450e+00 5.731715641299524044e-01 5.983923495416350047e-01 1.412362120611462546e-01
7.503399902459726096e-04 -8.539118081691462692e+00 3.989741378752150736e-01 6.733417458287519475e-01 1.661426111972645892e-01
7.503301566218133992e-04 -8.536631187335203208e+00 5.559127597915182184e-01 5.970629741018380621e-01 1.247085417498977056e-01
7.494155748631729265e-04 -8.535350836576824918e+00 4.373841589139553232e-01 6.109009954851265523e-01 8.290777051956216281e-02
7.485016146693187480e-04 -8.534071144766969041e+00 5.954127551369188254e-01 5.974673247933839360e-01 2.068866550768691248e-01
7.468228573994042550e-04 -8.533816487509053417e+00 4.553944733308361026e-01 6.468167473550620050e-01 1.018386254754345965e-01
7.471236744015357376e-04 -8.530913772954290764e+00 5.206421221786871056e-01 6.077578739004055874e-01 2.250295734365406197e-01
7.453380159670355398e-04 -8.530806677640661917e+00 5.200206186971464417e-01 6.178738027816873535e-01 1.034792867473287581e-01
7.459081684579286923e-04 -8.527542011786518827e+00 4.833029155910043007e-01 6.563554560897139067e-01 2.860058084363058528e-01
7.469927948771986010e-04 -8.523588966156911084e+00 4.550474200508710099e-01 6.549027095650237218e-01 2.539478956373065199e-01
7.454986862760946921e-04 -8.523091133833025523e+00 4.054606200296889118e-01 6.379780130378961411e-01 9.593853060203053063e-02
7.469667778232927033e-04 -8.518623795819488365e+00 4.092596052362214021e-01 6.740709378851308387e-01 1.416478414508476336e-01
7.464027582450973117e-04 -8.516879160906814406e+00 4.730696815519795928e-01 6.084124341323395857e-01 1.748608601994541267e-01
7.456475153280641820e-04 -8.515391516850725040e+00 5.060589700756925602e-01 6.811691387288163479e-01 3.142648227252488047e-01
7.512281758504537168e-04 -8.505435070852364277e+00 5.875537176315559496e-01 6.106986752996226286e-01 1.566146689073855125e-01
7.529368111290064662e-04 -8.500663197715761399e+00 5.613050700318228392e-01 6.590532738231068555e-01 3.399042582086824194e-01
7.521807361550956203e-04 -8.499167870126726143e+00 4.863437643543649935e-01 6.362326388646089015e-01 1.033754472874920394e-01
7.551253076653517910e-04 -8.492760799936014848e+00 5.454165424937406081e-01 6.096861411124597785e-01 2.471795285934036135e-01
7.598661201575622774e-04 -8.484002245755787541e+00 5.679172570568784550e-01 6.033277393980136516e-01 2.359659037855996178e-01
7.591833743264856868e-04 -8.482401157712942563e+00 5.630927875250547610e-01 6.488807579554716209e-01 3.319967146624128729e-01
7.593969567186442671e-04 -8.479619865522861843e+00 5.703966304664298548e-01 6.521791138939683208e-01 1.879197387241852701e-01
7.587877249880829386e-04 -8.477922444775046529e+00 5.223983111751515640e-01 6.591339339125706909e-01 3.185285665207318040e-01
7.590443257526503914e-04 -8.475084329939631900e+00 5.469779653680185705e-01 6.091726307545576313e-01 1.189643750488853513e-01
7.572207132643792721e-04 -8.474989731793032277e+00 5.432262154720325364e-01 6.502182672026739496e-01 3.234296974788091195e-01
7.637464519526547058e-04 -8.463908640917313875e+00 4.022686289688444661e-01 6.440907664758043216e-01 1.410722465823014971e-01
7.619365978101680717e-04 -8.463781158579765318e+00 4.942861704943884993e-01 6.600256441254923612e-01 2.971522818501363128e-01
7.608042938192139835e-04 -8.462768350794640071e+00 5.366418060664656098e-01 6.254041331302365725e-01 1.236021309768324805e-01
7.620193759957343948e-04 -8.458672522651864867e+00 5.310850082456637367e-01 6.142988177744425071e-01 2.492392199961356303e-01
7.613486567961950295e-04 -8.457053096785550395e+00 5.181232278446198380e-01 6.387721306701876767e-01 2.912835154575856289e-01
7.643849377645876679e-04 -8.450572998310420303e+00 5.826607858726469136e-01 6.229851443303209280e-01 1.613988105147694530e-01
7.637897688276099354e-04 -8.448851926222918252e+00 5.750509726076774575e-01 6.579303215604406230e-01 3.415260361118955812e-01
7.627111327044260166e-04 -8.447765140327962996e+00 5.731633838626274402e-01 6.004688194448258853e-01 1.459092604711684782e-01
7.615375513036092741e-04 -8.446805022428609533e+00 5.194803744698682779e-01 6.021605060161319134e-01 1.993736736192812664e-01
7.611212090982997841e-04 -8.444851884570688583e+00 5.546109191124928284e-01 6.614364892509030369e-01 3.362837707930042552e-01
7.634196949185507531e-04 -8.439336566902651882e+00 6.141345282759986812e-01 6.059117262311686236e-01 2.204748354066708438e-01
7.620207841217640186e-04 -8.438670674766136415e+00 5.501510117339092343e-01 6.019388469435004163e-01 1.225661868530944359e-01
7.606852404496536628e-04 -8.437924846606302154e+00 4.463773248873768029e-01 6.913124099461251948e-01 1.929774856380422621e-01
7.588504522871374709e-04 -8.437839780408751267e+00 5.428121336973570354e-01 6.047797842639552890e-01 2.261962274915511883e-01
7.572787539633584440e-04 -8.437413085085299969e+00 6.103847178888783809e-01 6.630144741737697966e-01 3.392299480502827258e-01
7.561854508334106811e-04 -8.436357854398854883e+00 4.782271719952299049e-01 6.284384660408536272e-01 2.338760957546967001e-01
7.574400600697384208e-04 -8.432200100199267467e+00 4.188303385183539396e-01 6.233165527323948352e-01 1.108488025097428276e-01
7.559778679924345629e-04 -8.431632405222423188e+00 4.425276234034924983e-01 6.667181501986874093e-01 2.455987674820369615e-01
7.552583482000719368e-04 -8.430084632066936479e+00 4.715418788690288188e-01 6.346651281685184998e-01 9.649001321275547938e-02
7.534018778125924770e-04 -8.430045718125303011e+00 6.336376189307015849e-01 6.377888203145674062e-01 3.144330701232339598e-01
7.523160354029022334e-04 -8.428988010321459612e+00 5.072703915570662137e-01 6.175082688111180884e-01 2.368583707151976636e-01
7.536169399789321771e-04 -8.424760304081015505e+00 5.875367665859929645e-01 6.721877086457606065e-01 3.400515580750904654e-01
7.555206417987452017e-04 -8.419737402454869013e+00 6.168638618197810342e-01 6.470100282780484324e-01 2.363538925631216703e-01
7.544686732531865996e-04 -8.418630748361710658e+00 4.842768457205659516e-01 6.893599000629724305e-01 2.883238428396004416e-01
7.532057746551906437e-04 -8.417806042249086573e+00 4.027029928542521509e-01 6.630924767981849488e-01 1.699060726478372474e-01
7.514111208644232934e-04 -8.417691572608593020e+00 6.357235367555543748e-01 6.522774836863128867e-01 3.010672303998516153e-01
7.497219575892077577e-04 -8.417442091250016745e+00 6.115663144767672366e-01 6.707292440281792389e-01 3.128872322155166752e-01
7.482093368829986074e-04 -8.416961704867727434e+00 4.943119488419022711e-01 6.694473286278869173e-01 1.609152030682437229e-01
7.476834341379814952e-04 -8.415164833831074276e+00 6.135275726435055477e-01 6.406729739412184710e-01 2.207164120690415787e-01
7.472674371395134161e-04 -8.413221369858039367e+00 5.818263065908506615e-01 5.970694327057997075e-01 1.751859139282048172e-01
7.470166842151955465e-04 -8.411056985987649171e+00 5.596498384014582106e-01 5.943051360211242251e-01 1.479258805684657840e-01
7.556668294797055149e-04 -8.397043928535588009e+00 5.489703352790770152e-01 6.915198879845716462e-01 2.930984806692436551e-01
7.539395508423145983e-04 -8.396832312333744497e+00 5.279811350845430296e-01 6.869262745646180779e-01 3.166114135979897770e-01
7.555244678649259858e-04 -8.392232338322555663e+00 5.413711959540008500e-01 6.928374689689932309e-01 2.928540833776175356e-01
7.547518452238187892e-04 -8.390755492432585783e+00 6.014840483140952987e-01 6.607820138041848868e-01 2.449584979810646157e-01
7.546809819346465267e-04 -8.388349386361415583e+00 6.230377825065284147e-01 6.578288257964512997e-01 2.770844013414424101e-01
7.539521560652275890e-04 -8.386815593330837260e+00 4.477421665909993020e-01 6.187963120871434741e-01 1.642804206661758748e-01
7.581515420623034492e-04 -8.378761216605777662e+00 5.329707899716007447e-01 5.982312361110415644e-01 1.878250733517793369e-01
7.593158842734204278e-04 -8.374726630202923516e+00 4.556244166446827837e-01 6.462600280008735654e-01 1.053889185792061811e-01
7.576115626255474364e-04 -8.374473701898406119e+00 5.451189209083707743e-01 6.891223648598646667e-01 3.129418071664239465e-01
7.598255335901887408e-04 -8.369055659969479422e+00 5.969635358569478356e-01 6.428225354358924060e-01 3.289200579769323007e-01
7.584972803945219579e-04 -8.368305292553893437e+00 5.471666437275344297e-01 5.962470296031698869e-01 1.312914556483143480e-01
7.596703055722014899e-04 -8.364259975130504898e+00 6.315515706838281673e-01 6.539218749770394634e-01 3.048029289390268848e-01
7.586484150268809224e-04 -8.363106057064101151e+00 4.978625569369188320e-01 6.368229433481419344e-01 2.675019132492660878e-01
7.571711075685033177e-04 -8.362555244159381118e+00 6.039662344926518545e-01 6.532161475869210365e-01 2.325820866604914605e-01
7.556526829061711685e-04 -8.362062649359891964e+00 5.846464474881921669e-01 6.810528371306152629e-01 3.039857384577916433e-01
7.541437790108525491e-04 -8.361561467658587432e+00 5.517404024410224039e-01 6.567601621070734419e-01 3.290865341207965811e-01
7.558951380430501072e-04 -8.356741845564476634e+00 4.171096299109906536e-01 6.494473153015037914e-01 1.825749151307837770e-01
7.542262319453534253e-04 -8.356452140459047939e+00 5.954821262307757879e-01 6.544830643978223339e-01 3.379194477819554843e-01
7.524703889828738895e-04 -8.356282860171218019e+00 6.328870336950470632e-01 6.504569822260346523e-01 2.876310252216158214e-01
7.509782263650103054e-04 -8.355767847343479104e+00 4.929365380389137408e-01 6.010248993414364360e-01 1.591667826057819590e-01
7.503999372132999241e-04 -8.354038191810101210e+00 4.456537169846881419e-01 6.228281622167535225e-01 1.716847913220334310e-01
7.547965099632967037e-04 -8.345696316137445336e+00 4.695686690897522553e-01 6.486842001847372696e-01 2.565808357742643264e-01
7.530985365882906244e-04 -8.345448427909504474e+00 4.606946510363642555e-01 6.188071887021500128e-01 1.825461561939415722e-01
7.521117793121755244e-04 -8.344259550225167743e+00 6.086787555509571845e-01 6.629495477980281715e-01 2.659463847088655020e-01
7.520052842753638086e-04 -8.341901154944062924e+00 6.169361682081608844e-01 6.172905009622386974e-01 2.710780377853254652e-01
7.503678579839482589e-04 -8.341580942233527196e+00 5.667944332945867858e-01 6.139317757448946589e-01 1.437545302346259213e-01
7.487774642760427991e-04 -8.341202676905837166e+00 5.995483365851991264e-01 6.729490143260581370e-01 3.228429277162168098e-01
7.479173887141630324e-04 -8.339851976851425874e+00 6.367527606680984942e-01 6.428068438302448895e-01 2.959198949723492733e-01
7.463781839409634961e-04 -8.339412085100072147e+00 5.402224256343372000e-01 6.651153869377616212e-01 3.271571417927621184e-01
7.454843905835850399e-04 -8.338110310029870575e+00 6.119822840584064894e-01 6.169326293852844811e-01 2.727790415717807337e-01
7.445687577551689728e-04 -8.336839303699910886e+00 5.284989881515866905e-01 6.908508844098748547e-01 3.047856514683510154e-01
7.433590625899974980e-04 -8.335965317294332877e+00 6.098229791843585712e-01 6.692422590458917409e-01 3.048450104959223861e-01
7.417331397180367903e-04 -8.335654977329006954e+00 4.283586388397162548e-01 6.843771059207546248e-01 1.755139280590505280e-01
7.423673684753544656e-04 -8.332300279426236855e+00 6.039801327160213562e-01 6.126057959196077318e-01 1.894079321643519220e-01
7.421962530479821792e-04 -8.330030805657173687e+00 4.470852958476267958e-01 6.540637441142345132e-01 2.357529809017175904e-01
7.421962147667141583e-04 -8.327530857235537098e+00 4.227100225935777056e-01 6.844896977942487304e-01 1.837995807810501869e-01
7.413424360236009914e-04 -8.326181860395335477e+00 6.172470694760424648e-01 6.454073777299170755e-01 3.255143178260922476e-01
7.400583609577613287e-04 -8.325415456583549201e+00 4.567760197753601425e-01 6.629362788028669851e-01 1.318499436123798663e-01
7.386992909993227250e-04 -8.324753581092046772e+00 5.899182090638179776e-01 6.109038293211535020e-01 2.562379855182500554e-01
7.373990811360274945e-04 -8.324015266118074408e+00 5.772920037550670624e-01 6.165609582499000929e-01 2.723195123459020150e-01
7.360732347677374342e-04 -8.323314888291911018e+00 5.776219514787298559e-01 6.184372730815251851e-01 2.774638906409847006e-01
7.343630083634236985e-04 -8.323141037668964515e+00 5.820251320738352163e-01 6.691935199962096847e-01 3.369524724320260289e-01
7.348583250033582275e-04 -8.319966780295414921e+00 4.366665284844830075e-01 6.832013184138310269e-01 2.333178831865620195e-01
7.346255590468048690e-04 -8.317783579902439328e+00 6.279813035623510453e-01 6.276125867105151190e-01 2.891972966561639491e-01
7.329037968226139940e-04 -8.317630058366127344e+00 6.087871092061355460e-01 6.303296851368550557e-01 2.054485106382334114e-01
7.314155619793800403e-04 -8.317162723367381716e+00 4.946469234465742937e-01 6.477825646407420201e-01 2.795367536931031016e-01
7.298403484462509571e-04 -8.316818696365746888e+00 6.034863317705900787e-01 6.489087587527417877e-01 2.255450908759131512e-01
7.334169483220366473e-04 -8.309430141213525189e+00 4.575654641121389421e-01 6.480093622308550350e-01 2.402413521339127889e-01
7.317543094303255880e-04 -8.309199691065231264e+00 5.528298657601491417e-01 6.181804268496385868e-01 2.661207471535954605e-01
7.328593349047698080e-04 -8.305190725627969783e+00 5.133459705108027737e-01 6.556375139614731840e-01 1.515671055352216801e-01
7.333850552707701920e-04 -8.301973627725256932e+00 5.661987786349133023e-01 6.453093155749799470e-01 1.780381675122539031e-01
7.319347798842380836e-04 -8.301453094358121731e+00 5.214901613798151869e-01 6.181447516111954199e-01 2.449184034171426050e-01
7.302493726792282785e-04 -8.301258423612969395e+00 5.053642372558444507e-01 6.126455422898533509e-01 2.148412644995682519e-01
7.318745696228895264e-04 -8.296535359526604481e+00 5.779043305452914447e-01 6.331941026810202766e-01 3.080767213980837305e-01
7.309285700662339564e-04 -8.295328766223468264e+00 6.047333962176840716e-01 6.707746645628859250e-01 3.040232090100825069e-01
7.297942182710677505e-04 -8.294381904207281053e+00 6.073438883734204596e-01 6.616047286801324256e-01 3.307972183826278778e-01
7.281768451395687633e-04 -8.294100567986758321e+00 4.984169987684856640e-01 6.950654023987358210e-01 2.466271366200080417e-01
7.288567100314987139e-04 -8.290667350026390992e+00 4.715496379594250609e-01 6.212634980605374890e-01 2.017428319982598750e-01
7.272727387798639436e-04 -8.290342942145203509e+00 5.751759392958032402e-01 6.023259902635899055e-01 1.596402621648115583e-01
7.261525996489200194e-04 -8.289384320739756618e+00 4.907132301793423745e-01 6.294460516573339159e-01 2.433973912175851906e-01
7.255236263484274957e-04 -8.287750868429370144e+00 4.531569260041715119e-01 6.805346855535117090e-01 2.561292645931133594e-01
7.252386460984800668e-04 -8.285643738107641099e+00 4.561585288538994032e-01 6.902779642281592354e-01 2.497080248885076847e-01
7.242330309857083733e-04 -8.284531299230794232e+00 4.641399496755244658e-01 6.917437335928369180e-01 2.083210549299302217e-01
7.234569164919081152e-04 -8.283103510265352298e+00 5.232820916204327100e-01 6.019850813193313721e-01 1.115719887203748539e-01
7.223068514678916696e-04 -8.282194455192986027e+00 5.475485350079245528e-01 6.345967136182896207e-01 1.475136518761270832e-01
7.206167300674039787e-04 -8.282037090929284417e+00 4.821475206636118838e-01 6.000827651287151676e-01 1.135612607514194794e-01
7.209500173875298254e-04 -8.279074694960936398e+00 6.193002429122757002e-01 6.340321980965960558e-01 2.285368018798999978e-01
7.194131259808577089e-04 -8.278708729002300259e+00 5.617397528056694567e-01 6.846768795851557732e-01 3.125424405139627382e-01
7.209086472807236254e-04 -8.274132079374307835e+00 4.308266438990178693e-01 6.219515975862752732e-01 9.689310740626996821e-02
7.205145939518755368e-04 -8.272178835285259879e+00 5.960363728603843558e-01 6.704837697289224296e-01 2.739182025355596517e-01
7.195680543137154914e-04 -8.270993398412047171e+00 4.430063148724334710e-01 6.831995792463870787e-01 1.734274814508027784e-01
7.196636068607939821e-04 -8.268360615692216697e+00 5.053557079637392979e-01 6.361873524280997616e-01 2.694555694114725286e-01
7.188593939814874861e-04 -8.266978724978780946e+00 5.318610183650871459e-01 6.480026802712164358e-01 1.539403976012486408e-01
7.177643750915834115e-04 -8.266003159038046277e+00 4.179861622084326545e-01 6.724426993129913877e-01 1.998527725443582648e-01
7.161329416266206099e-04 -8.265778683442626118e+00 6.003879874824852303e-01 6.714642399843826492e-01 3.146684452389687525e-01
7.168493975931691971e-04 -8.262278732491889599e+00 5.645591750414636900e-01 6.850189820780255845e-01 3.022981289964539187e-01
7.153837131752610254e-04 -8.261825445304960880e+00 4.950674165949570105e-01 6.769214011704592915e-01 1.817359665910973920e-01
7.139501438627259651e-04 -8.261331372452309196e+00 5.093924496243231737e-01 6.882829495996291014e-01 2.987312915762261323e-01
7.127112814944274724e-04 -8.260568102215472663e+00 4.258969464517348147e-01 6.464591206434388004e-01 1.046026511311752838e-01
7.118404568622496795e-04 -8.259290696968898615e+00 4.740909379375353727e-01 6.453579207537818441e-01 2.535747115718645639e-01
7.109574036173218732e-04 -8.258031988346740349e+00 4.745092523586719735e-01 6.167610613542134912e-01 1.905085809923776352e-01
7.096867644254892249e-04 -8.257320810008405232e+00 5.172729809535593359e-01 6.209679758063292310e-01 2.467453979727178559e-01
7.084994396903194396e-04 -8.256495237540041998e+00 4.212593259127578316e-01 6.794112191941776846e-01 2.015023836218751419e-01
7.077259372241941722e-04 -8.255087581393848239e+00 6.169151388322120511e-01 6.152616632886166448e-01 2.466793248055940690e-01
7.091216057393024156e-04 -8.250617476743620671e+00 4.147999412040547229e-01 6.359318689871440444e-01 1.087316886799486459e-01
7.078613348112891036e-04 -8.249896286105759202e+00 4.948172181434381534e-01 6.584491892290265103e-01 2.887950291607559450e-01
7.066925699308944462e-04 -8.249048771942373293e+00 4.730968007544337217e-01 6.206362770414308727e-01 1.998550825311793400e-01
7.071943245091238560e-04 -8.245839019838065553e+00 6.195564628131154938e-01 6.365786841012437414e-01 2.346394608822824912e-01
7.093959329812209603e-04 -8.240230696548309197e+00 4.682060876668621141e-01 6.785391069444575152e-01 1.707073775737433241e-01
7.079031329898962917e-04 -8.239837239308680950e+00 4.314007512088745555e-01 6.344699046097852513e-01 1.720578557567092881e-01
7.066414400665114830e-04 -8.239121125489436537e+00 5.113186881949333129e-01 6.784687538010473196e-01 3.073414001797536432e-01
7.050750940069471862e-04 -8.238840192369391247e+00 4.823504113571478458e-01 6.010755923124089239e-01 1.156538021183912690e-01
7.036656049142154179e-04 -8.238341255537566354e+00 5.367202212647617099e-01 6.207205785813429966e-01 1.265740345170472403e-01
7.039708310059389178e-04 -8.235407583761645611e+00 6.282818173562383368e-01 6.491232486925931910e-01 2.896638647043437986e-01
7.024804039291021986e-04 -8.235026999775113765e+00 5.307249684716871529e-01 6.908502939563414547e-01 2.939730973401805669e-01
7.015243717914854300e-04 -8.233888864495108706e+00 4.345184021890367010e-01 6.197787217450442254e-01 1.018466427524777757e-01
7.010820325060482076e-04 -8.232019603523172080e+00 5.095722492554805028e-01 5.985579525000194190e-01 1.517600785084251003e-01
7.004043506624204989e-04 -8.230486693756205341e+00 5.815648454914119636e-01 6.265667598760105150e-01 1.723073283801780931e-01
6.988339936503441298e-04 -8.230231283004021847e+00 4.583298297514324382e-01 6.180491396903506907e-01 1.696027397133827441e-01
6.977717144964246153e-04 -8.229252513158787252e+00 6.300122054701347007e-01 6.449538129385115059e-01 2.938710708895918566e-01
6.980299283960776473e-04 -8.226382526629663516e+00 4.791434055725721786e-01 6.063635441673579374e-01 9.617642398489557876e-02
6.971608088470460356e-04 -8.225128405975409507e+00 6.118409322382439841e-01 6.531220163903588283e-01 3.244358610572837254e-01
6.961335609500198711e-04 -8.224102965990038427e+00 6.083161276801416495e-01 6.552051234612126240e-01 3.266248062419001563e-01
6.946945586676559056e-04 -8.223672240799109190e+00 5.779177962825461368e-01 6.746042635532824017e-01 2.602125546298871828e-01
6.965936750359935908e-04 -8.218442227705004655e+00 4.886366244156904459e-01 6.906066272843317533e-01 2.200661766405695996e-01
6.958973165020370440e-04 -8.216942390142301988e+00 5.284879917179259312e-01 5.970395406120043713e-01 1.345491213486776638e-01
6.950349675352512175e-04 -8.215682348531606394e+00 5.544655922468695319e-01 5.982004357055454857e-01 1.751344857985991377e-01
6.942368585901365812e-04 -8.214331308753653360e+00 4.573887248508818892e-01 6.122278154867807354e-01 9.408275805256734181e-02
6.930943363619290884e-04 -8.213478388399316543e+00 6.185549567465324916e-01 6.350637068855260470e-01 2.333470381507131153e-01
6.916862090146663105e-04 -8.213012108236441122e+00 4.835169065439313130e-01 6.036246753737465331e-01 1.446821613449256194e-01
6.906448588867950423e-04 -8.212018766589192609e+00 5.186735732134259980e-01 6.416207007265157802e-01 2.868517016328724911e-01
6.910609471553083539e-04 -8.208916484570444538e+00 5.381341641658233810e-01 6.737215869710918570e-01 3.213630074674410642e-01
6.917094444831274830e-04 -8.205478516301399239e+00 4.320242245523892022e-01 6.299355133294616271e-01 1.581364192400649127e-01
6.900895693636145906e-04 -8.205323105992565758e+00 5.869450928087415198e-01 6.075857898360924603e-01 2.311002200143758012e-01
6.903252727978458243e-04 -8.202481609466559576e+00 4.406953290587330985e-01 6.678112061290899515e-01 1.395389184744892652e-01
6.902818091228019081e-04 -8.200044572601584036e+00 5.240464202499264257e-01 6.066212189317833348e-01 2.044930047309647947e-01
6.891899262880346556e-04 -8.199127617813406488e+00 5.400721482155942388e-01 5.999955717999164717e-01 1.838691856529549584e-01
6.875038384215780484e-04 -8.199077093147296935e+00 5.973116848715555038e-01 6.088264510635229554e-01 1.973231258589360770e-01
6.872314234898039415e-04 -8.196973409358697893e+00 5.743504286411146298e-01 6.145712173941878520e-01 2.577298383364095558e-01
6.870025986050191024e-04 -8.194806431075846831e+00 6.270697217514142885e-01 6.475433175161549038e-01 2.882770905355934721e-01
6.862233053570793769e-04 -8.193441413061471224e+00 4.286404561319036022e-01 6.443608312961270901e-01 1.863644760264633327e-01
6.849800922799759422e-04 -8.192754730356188730e+00 5.093912249510410550e-01 6.238135946340812588e-01 2.440937713500432871e-01
6.838938050735535916e-04 -8.191841856002383793e+00 6.171779798864918121e-01 6.578965506863527768e-01 3.087212928209209228e-01
6.825174648120702330e-04 -8.191356389631151202e+00 4.505263193755381645e-01 6.847990290321364082e-01 1.837716864894223534e-01
6.820679852886492398e-04 -8.189515167781898697e+00 5.297586337300705939e-01 6.756809903002859441e-01 2.082404781261807392e-01
6.808494380541467482e-04 -8.188803313620113045e+00 6.115834637903709847e-01 6.163867308422803504e-01 2.181424888438241727e-01
6.794675653726226384e-04 -8.188335006458444809e+00 5.224353256148551727e-01 6.915638194517079729e-01 2.850255107765408136e-01
6.798356431932570630e-04 -8.185293438061766125e+00 6.195604355402581920e-01 6.359539436624297437e-01 2.388841997235340298e-01
6.791916951596665888e-04 -8.183741098294362359e+00 4.629995601903797997e-01 6.332054088021720206e-01 9.933272906345047559e-02
6.784682967072479601e-04 -8.182306753208274941e+00 5.298767830343954488e-01 5.989325894321092525e-01 1.676611094002635194e-01
6.770689879265796981e-04 -8.181871335707887383e+00 4.758742222437185587e-01 6.924697479619857932e-01 2.252515960759249314e-01
6.764311625574395302e-04 -8.180313818671226755e+00 6.166842100034670704e-01 6.486464368271444014e-01 2.555952512375262442e-01
6.773780009399698546e-04 -8.176415041705549669e+00 5.012256763995504016e-01 6.777753115484425050e-01 2.979917135920690519e-01
6.788921421829603427e-04 -8.171682238926960551e+00 6.229430140619174328e-01 6.266946649976771200e-01 2.716974833866657169e-01
6.777604849798951267e-04 -8.170850547295483324e+00 6.240513900282140813e-01 6.366147042212149110e-01 2.945279440259015447e-01
6.803025416638423936e-04 -8.164606892394388638e+00 4.721578089878917805e-01 6.136812198898935478e-01 9.416220775197339798e-02
6.793161788680257638e-04 -8.163557832947006432e+00 4.581487860970337445e-01 6.845583734500786388e-01 1.862213315283996751e-01
6.805875389555012889e-04 -8.159188052842413441e+00 4.201601764418154139e-01 6.778806672949267975e-01 1.831574553159740215e-01
6.807812985259873361e-04 -8.156403398799421112e+00 5.875352647042028087e-01 6.733296326403757082e-01 3.143930059338890803e-01
6.798539555904211480e-04 -8.155266501918131183e+00 4.184079519374174772e-01 6.497588212679378250e-01 1.159172330929511968e-01
6.789256356500275504e-04 -8.154132904667793724e+00 4.546781523936002101e-01 6.127238245070527611e-01 1.308641561828675082e-01
6.786207173305481557e-04 -8.152082124429513854e+00 4.343571428539646506e-01 6.823472411851470021e-01 1.794352385924152804e-01
6.769570492728497471e-04 -8.152036677659822317e+00 4.850734354662309955e-01 6.027410584890923184e-01 1.274933998547289060e-01
6.756601667702022678e-04 -8.151454268068505371e+00 5.783182524601188090e-01 6.096906136513257080e-01 1.673254846754094194e-01
6.741386089520758464e-04 -8.151208764797898354e+00 4.420445911938739592e-01 6.207137447286816823e-01 9.812547268582760829e-02
6.724951684534673799e-04 -8.151149578836712095e+00 5.501218156110496693e-01 6.044514865291670258e-01 2.077864449945960867e-01
6.712329364651513147e-04 -8.150528280867206377e+00 5.560266859862292854e-01 6.299248007971179897e-01 1.537173549637662062e-01
6.712434697040398470e-04 -8.148012588615424434e+00 5.520600106838885468e-01 6.037065174453927208e-01 2.044942011478078914e-01
6.699131896715079457e-04 -8.147496369495154767e+00 5.057290370475620023e-01 6.262949533204160701e-01 1.136312072180247490e-01
6.703274712784102526e-04 -8.144378149749748275e+00 5.437494233503754604e-01 6.756021946594849004e-01 2.234417920623783527e-01
6.691765410401478553e-04 -8.143596592562769132e+00 5.954643860139487987e-01 6.219084241580137284e-01 1.904074901014065624e-01
6.678614065437257210e-04 -8.143063829054344893e+00 5.575095112804908659e-01 6.811856117691683643e-01 2.604364930263110556e-01
6.688711334272473595e-04 -8.139053089926852280e+00 4.092955096069117449e-01 6.601659800136288059e-01 1.469537608308567611e-01
6.675130501601084926e-04 -8.138585564946133388e+00 4.988763504779235025e-01 6.013540444382338146e-01 1.430256420653802651e-01
6.668681514046241208e-04 -8.137052153511586283e+00 5.914726282568903981e-01 6.434682101009240318e-01 3.169281451987848164e-01
6.673699768178975242e-04 -8.133799925815011989e+00 4.448048074801701501e-01 6.181823400618239317e-01 1.019166431523328420e-01
6.670488271155056983e-04 -8.131781258523524514e+00 4.862129828589232261e-01 6.916493519572031179e-01 2.656252070273888433e-01
6.681827304031120367e-04 -8.127582821194355489e+00 4.297302922968839201e-01 6.261532763904542609e-01 1.113149789854684935e-01
6.678531200374333799e-04 -8.125576236655110307e+00 4.692597461283738447e-01 6.099664546785346086e-01 1.010548348577390287e-01
6.669482818743920982e-04 -8.124432001340917253e+00 5.489297419275932510e-01 6.020604789480266117e-01 1.451336594101666211e-01
6.662862766590124143e-04 -8.122925082814166586e+00 4.586695249588587098e-01 6.553355521451840193e-01 2.436499631132302279e-01
6.653300278328109271e-04 -8.121861305827282607e+00 6.043620013081842934e-01 6.134884458421321352e-01 2.204944478071144132e-01
6.660288999571290424e-04 -8.118311442903131336e+00 5.513844838506765100e-01 6.003417979048347730e-01 1.583155477010138590e-01
6.676894925926451238e-04 -8.113321271810198354e+00 5.320437551423563560e-01 6.891113666544491645e-01 2.713629047414262696e-01
6.667497559775508592e-04 -8.112229708756949265e+00 4.229484478123999303e-01 6.587928308139068267e-01 1.279554183881773666e-01
6.656694558131795447e-04 -8.111351271087373860e+00 5.674478754196840002e-01 6.745638906188978767e-01 3.204623688947159099e-01
6.656692685273804793e-04 -8.108851552436959764e+00 5.616574020328667372e-01 6.345644536088808074e-01 2.959697177796420942e-01
6.647915268324767037e-04 -8.107671007809575059e+00 5.094583997735067094e-01 6.484198255669799682e-01 1.430299368368725954e-01
6.650159547243464841e-04 -8.104833473396341859e+00 4.622576231315246309e-01 6.703970835741993595e-01 2.584079816283471609e-01
6.665857108197786093e-04 -8.099975776101114633e+00 5.448453965181313530e-01 6.865875459214791920e-01 2.874053208726576880e-01
6.659601994485267592e-04 -8.098414597664220338e+00 5.996923586312756793e-01 6.209386720140107618e-01 2.688260631485578367e-01
6.647781114752919799e-04 -8.097691187808875313e+00 6.024547437055932653e-01 6.134974968368559489e-01 2.201190888971162885e-01
6.634366574336073323e-04 -8.097211123935464272e+00 4.394780556580927255e-01 6.578286371938488752e-01 1.260408308764165985e-01
6.653789870525334557e-04 -8.091787722167442354e+00 5.482591414543012132e-01 6.575054423599637765e-01 3.168977627844316025e-01
6.639477629475958520e-04 -8.091441029708954957e+00 5.337473289048269010e-01 6.006978246049187176e-01 1.401825748408858652e-01
6.645498176260297707e-04 -8.088034660396049347e+00 5.677432307213429175e-01 6.091430025031835394e-01 1.593102873795432251e-01
6.633295971661006853e-04 -8.087372509209423299e+00 5.797890503426924580e-01 6.735375634731368688e-01 3.142636315633174360e-01
6.660711088082982680e-04 -8.080748071007764821e+00 5.255963035537127848e-01 6.362011042243237435e-01 1.387373117280545354e-01
6.658144494694045448e-04 -8.078633478508393750e+00 4.295065967360489623e-01 6.355429381704355007e-01 1.596265268792674830e-01
6.642977294756406996e-04 -8.078414069085877003e+00 5.682503171161210620e-01 6.777657433030478407e-01 2.688988021721749333e-01
6.632602735985298342e-04 -8.077477023150256841e+00 6.044490936324481423e-01 6.623058725156745208e-01 2.818602883593277486e-01
6.629705707295539254e-04 -8.075413904670277532e+00 5.577916774610109929e-01 6.830000505564336466e-01 2.910182502803234095e-01
6.626016115308734329e-04 -8.073470583835916869e+00 5.464421763998015269e-01 6.131391644414805331e-01 2.344925433339481724e-01
6.614397328069830575e-04 -8.072725633294297154e+00 5.008837433268148454e-01 6.183779711098993381e-01 1.086112869933353875e-01
6.600316726064663422e-04 -8.072356683164350954e+00 5.076364831751446482e-01 6.592732271693795276e-01 2.931593786956726011e-01
6.590202589949585793e-04 -8.071390229775357028e+00 5.978783473082686095e-01 6.162475870046821846e-01 2.493899031440229286e-01
6.580584317455787351e-04 -8.070350776403470761e+00 5.152752422968621682e-01 6.184495100708846671e-01 2.290001768196778253e-01
6.584446954050027874e-04 -8.067263973892270457e+00 4.820729790221804922e-01 6.118033849368312849e-01 1.022814435706617398e-01
6.584597090742738169e-04 -8.064741172435731187e+00 5.288939818136081383e-01 6.004975323379714292e-01 1.461575425991671617e-01
6.571198172061673819e-04 -8.064278133797063930e+00 5.248427488175292366e-01 6.348925855672787888e-01 1.372061204707879511e-01
6.571206335341531679e-04 -8.061776891516039711e+00 4.324994940653146269e-01 6.817110245157483872e-01 1.928063147855801629e-01
6.591915669795883311e-04 -8.056130320127726563e+00 4.139219681953101304e-01 6.490115878419627782e-01 1.349396156682549086e-01
6.577418658732436460e-04 -8.055831952580454924e+00 6.019319217147922618e-01 6.541236882183407708e-01 3.164803134493477943e-01
6.564207130706048486e-04 -8.055342591551445608e+00 5.589687646937684384e-01 6.101051897063077822e-01 2.273116841303025604e-01
6.551331503982564747e-04 -8.054806007804241830e+00 4.830639756464876755e-01 6.104251144238248550e-01 1.045134921479887735e-01
6.536587350938574160e-04 -8.054559102348108013e+00 5.804290221673800154e-01 6.339102633161052269e-01 2.971974964274286535e-01
6.522495132366683702e-04 -8.054217328097884376e+00 5.720618486790417512e-01 6.780098590578176321e-01 2.980545694506350762e-01
6.506781257050288717e-04 -8.054129416454223644e+00 5.666395680776847854e-01 6.660639270522288324e-01 2.278487293291523441e-01
6.493465541048072578e-04 -8.053677949972950501e+00 5.890298759743265444e-01 6.698825119816802509e-01 2.786120134477917953e-01
6.478482340273208732e-04 -8.053488043657436535e+00 4.419372256806183286e-01 6.548144790896363032e-01 1.235559990499619509e-01
6.474159928780386097e-04 -8.051655461403328218e+00 4.563659271129104633e-01 6.204315496442116551e-01 9.913066804162230794e-02
6.459397695087873079e-04 -8.051438242449723504e+00 4.642544744615133001e-01 6.203206434598624863e-01 1.749692912253686949e-01
6.448961371458194949e-04 -8.050555229682542446e+00 4.127877253089168308e-01 6.565840753369794891e-01 1.459660535969113937e-01
6.433171282744831786e-04 -8.050506702128144454e+00 5.415233034595330341e-01 6.824663231352787740e-01 2.494684082150164517e-01
6.422518810317447797e-04 -8.049663941029876923e+00 6.047691686072526052e-01 6.167899562880071462e-01 2.325472524219541204e-01
6.437880698377685534e-04 -8.044774917989609975e+00 5.669076595042227273e-01 6.091801629990480915e-01 1.619334831703808653e-01
6.433638105954885044e-04 -8.042934139739728039e+00 5.151404978474352081e-01 6.233118766496029695e-01 2.405979117155809810e-01
6.418976167308864094e-04 -8.042715690355734637e+00 4.894048082834426827e-01 6.520562786968150393e-01 1.380455995088880616e-01
6.409732754236613936e-04 -8.041656741786297857e+00 4.766066126130237834e-01 6.415568920418828203e-01 2.414822744765028895e-01
6.402287218745419776e-04 -8.040319015392654478e+00 4.698276329964330977e-01 6.098217702707426913e-01 1.319392950554349742e-01
6.387343013531113700e-04 -8.040155941753155844e+00 5.416030951473336241e-01 6.285960494983476865e-01 2.713376484226214247e-01
6.376332608060756007e-04 -8.039381214085029370e+00 4.844247451164054308e-01 6.912089695856090676e-01 2.513327630467298013e-01
6.374576370833809694e-04 -8.037156682640402394e+00 4.768936557007321664e-01 6.623627248114647426e-01 1.483308492760028185e-01
6.362022905885745703e-04 -8.036627926100344155e+00 5.729026543853460440e-01 6.562874867474300933e-01 2.138770913623696535e-01
6.363380865844598354e-04 -8.033914501050990253e+00 6.065671341983818188e-01 6.238591791651175722e-01 2.664242952242504292e-01
6.350344561444437553e-04 -8.033465246765684853e+00 4.497838262696690625e-01 6.171510852816497472e-01 1.193226136338868537e-01
6.344531728531449836e-04 -8.031881023049983526e+00 5.213716221048764199e-01 6.832518083550346288e-01 2.301193786393903040e-01
6.337955698296439053e-04 -8.030418048454073698e+00 5.506207168826046106e-01 6.077159598114237893e-01 2.119360248436641392e-01
6.323230862965176311e-04 -8.030244029814301854e+00 5.128314001877110062e-01 6.525865556136440926e-01 1.538835684677349325e-01
6.327908117403038173e-04 -8.027004609488873399e+00 5.969142125427713275e-01 6.561369470806603932e-01 2.476116171596217941e-01
6.319899287169402757e-04 -8.025771047385635626e+00 4.535187490757133233e-01 6.478066966361277768e-01 1.175144307358124834e-01
6.321749804638591855e-04 -8.022978282182458898e+00 4.925938963892686484e-01 6.842661711067071773e-01 2.794218931305734177e-01
6.308843492554030942e-04 -8.022521941775142551e+00 4.187178229053422074e-01 6.505719210096824190e-01 1.635486466446518516e-01
6.305483994291493505e-04 -8.020554589805005463e+00 5.470758766757043423e-01 6.762597398309074803e-01 3.126046757110100272e-01
6.296431467361646031e-04 -8.019491280681801726e+00 4.225083901931114827e-01 6.666622526720742403e-01 1.900813515755730709e-01
6.289898373172758900e-04 -8.018029406149413063e+00 5.062928693133140756e-01 6.429513866260990751e-01 1.360475109578821729e-01
6.291620775516927741e-04 -8.015255607360160184e+00 5.775027833672236044e-01 6.079303742484746254e-01 1.879588952086141129e-01
6.331119590782526918e-04 -8.006497228744876793e+00 5.193624921606767586e-01 6.128112078823296782e-01 1.209458374662578106e-01
6.315416072855354473e-04 -8.006480679773023468e+00 5.256949615546268051e-01 6.753972870178305277e-01 2.109692253841540244e-01
6.302870522763551111e-04 -8.005969151683295593e+00 5.886488933624329789e-01 6.699608689647139625e-01 2.972059819311846929e-01
6.309705276571978948e-04 -8.002385351738508845e+00 5.644657486852037165e-01 6.590113709477609660e-01 3.186401593547741329e-01
6.311292128385925836e-04 -7.999633889548735333e+00 5.824617890087907535e-01 6.606132927407669664e-01 2.377849664810637309e-01
6.310243344366679155e-04 -7.997300079157584562e+00 4.554211921726789014e-01 6.869616975063612685e-01 2.114856457087569142e-01
6.297332956249256314e-04 -7.996848116357162972e+00 5.028141865128546995e-01 6.055140360991319026e-01 1.213751547750971244e-01
6.294477439267072297e-04 -7.994801667822986957e+00 6.055415436617613834e-01 6.502929850026374359e-01 2.523789665458245901e-01
6.298097401842609432e-04 -7.991726731764092762e+00 4.212749811458057492e-01 6.696215574695277839e-01 1.633186047008935438e-01
6.301752135873369071e-04 -7.988646608307487185e+00 4.901819036096276561e-01 6.814566006826998645e-01 2.007719005044714955e-01
6.294552661614019563e-04 -7.987289717363524666e+00 5.523623286105049379e-01 6.132891435681742109e-01 2.316837020966044658e-01
6.286781490472250020e-04 -7.986025066816310414e+00 4.671879853985215769e-01 6.875384966814411802e-01 2.135504506093426069e-01
6.286750866575926489e-04 -7.983529937984644498e+00 5.415776773916137765e-01 6.746863692790060485e-01 2.258487037246966755e-01
6.286516608886475550e-04 -7.981067200802753447e+00 5.758869587286351566e-01 6.419154436631900884e-01 1.947940551774956230e-01
6.272936001198892338e-04 -7.980729813044241894e+00 5.404371748301777245e-01 6.487915831368731290e-01 3.006293932264547664e-01
6.267412321609282808e-04 -7.979110758262770275e+00 6.164249214441961389e-01 6.383684690374343829e-01 2.767258663225848347e-01
6.258655298704910970e-04 -7.978008966319195316e+00 5.963811515405798014e-01 6.426771335498647764e-01 2.227384443172257533e-01
6.259573704328548656e-04 -7.975362235399821920e+00 5.067619311340367805e-01 6.894977934218835536e-01 2.614151360567322779e-01
6.246466263529555814e-04 -7.974958413827547332e+00 5.901199263674006268e-01 6.137677833888667278e-01 2.041074570353788031e-01
6.235151447289709369e-04 -7.974271451143929212e+00 5.002163565883294138e-01 6.051922361284072238e-01 1.271714336801037792e-01
6.246853662808106271e-04 -7.969896396800694838e+00 5.814983963966159353e-01 6.402388758632782118e-01 1.994993165856911999e-01
6.264304027644874290e-04 -7.964606826629067271e+00 5.643438268203925245e-01 6.090846288574699452e-01 2.139164132688640974e-01
6.249592323404954937e-04 -7.964458086477307575e+00 5.461955185232491017e-01 6.255826225463118062e-01 2.631463778405735976e-01
6.235117033803761746e-04 -7.964276970429415847e+00 4.791058052744098794e-01 6.346137210471917145e-01 1.139596728994510533e-01
6.225978738419958494e-04 -7.963243662795646216e+00 4.749231809315681563e-01 6.722809419375991302e-01 2.661254675871657094e-01
6.214037235565719438e-04 -7.962663516684432174e+00 5.753263848434336802e-01 6.635238586712405295e-01 2.373200264190458153e-01
6.203213887119264289e-04 -7.961906793208447297e+00 5.850871089887512699e-01 6.118349079746686625e-01 2.157073258346192124e-01
6.190938239044817791e-04 -7.961387671281183742e+00 5.410127059165392716e-01 6.472621367840643014e-01 2.982980274169074741e-01
6.189627602886602900e-04 -7.959099396040755892e+00 6.093479875633516230e-01 6.533011972175746251e-01 2.826714846287097238e-01
6.180357447436044200e-04 -7.958098210655042415e+00 5.868852673852085200e-01 6.546673034291315973e-01 3.149270686555191157e-01
6.174278853927676024e-04 -7.956582228937825185e+00 5.825439316123538491e-01 6.605996581858135652e-01 3.162873564569833595e-01
6.194600021312996483e-04 -7.950796371606046797e+00 5.783713298022382654e-01 6.157837198140884150e-01 2.420650503905789341e-01
6.179765005452578100e-04 -7.950694074103994424e+00 4.786163846167898472e-01 6.527400852108320439e-01 2.559817866017301546e-01
6.166575348410182093e-04 -7.950330684902343847e+00 5.286994161621662025e-01 6.126831169257377363e-01 1.304113353078232007e-01
6.160250049137101433e-04 -7.948856950728984572e+00 5.346838618309311952e-01 6.068553697743845898e-01 1.914106379823857784e-01
6.146685679343890426e-04 -7.948561297218650346e+00 4.210475114257478668e-01 6.462392307248865375e-01 1.301842153841544225e-01
6.141153540653201785e-04 -7.946961722259279881e+00 4.522648117539764812e-01 6.792318310791833902e-01 2.362790315392008511e-01
6.130498030710077560e-04 -7.946198328380971176e+00 5.045617170362624027e-01 6.517006173214796583e-01 2.785127703130174659e-01
6.145412867892710660e-04 -7.941268391467174226e+00 5.074745884119449268e-01 6.126004543313549044e-01 1.943180929554097491e-01
6.145811039759360456e-04 -7.938703601846584412e+00 5.698782045384666040e-01 6.183201865518455076e-01 1.695877161250690934e-01
6.134999567156082002e-04 -7.937964312233281916e+00 5.258907571878668197e-01 6.057436410923796588e-01 1.374568986600240850e-01
6.127420675818180673e-04 -7.936700429109519561e+00 5.807819756292422753e-01 6.324610641195271832e-01 2.872855398154889328e-01
6.116433549518293612e-04 -7.935995146532123456e+00 5.149588400607509886e-01 6.046068469024730163e-01 1.558565439366592364e-01
6.136325144206042272e-04 -7.930248267578559052e+00 4.798519119837939551e-01 6.741976303187335873e-01 2.694361773705741259e-01
6.135762067882136227e-04 -7.927840032950587812e+00 4.745238001444900267e-01 6.467086627010950606e-01 1.267347565363816098e-01
6.122699401527001862e-04 -7.927471241884435749e+00 5.003591378409707469e-01 6.542492589836149675e-01 2.770141711549953811e-01
6.125771406920537104e-04 -7.924469627355408718e+00 5.468018618761586458e-01 6.822590229032492459e-01 2.755227221242338431e-01
6.112830889261767608e-04 -7.924084333294544535e+00 5.625175950247804924e-01 6.756362298355536034e-01 2.624898012438299788e-01
6.102635815000802873e-04 -7.923253541172552872e+00 5.845288454487889140e-01 6.270852369058593778e-01 1.921457448231349285e-01
6.093227489074646121e-04 -7.922296413137894788e+00 5.790313963846538403e-01 6.129264406353793770e-01 1.890084832888612176e-01
6.080409853433083696e-04 -7.921902216032701283e+00 6.129490667592868425e-01 6.388664544547966173e-01 2.632946859904763404e-01
6.067824982823256030e-04 -7.921474101418749747e+00 5.190488395371619657e-01 6.857339274772931148e-01 2.478366568411530246e-01
6.053153991815665323e-04 -7.921394862679490778e+00 4.387377182085130944e-01 6.792456915770697101e-01 1.880718039036770040e-01
6.047266481250214085e-04 -7.919867971183142785e+00 4.540309345251305473e-01 6.479471860947561002e-01 1.217373891540938780e-01
6.041569768533048505e-04 -7.918310446210700349e+00 5.557602619119105247e-01 6.561634575291009908e-01 3.106642660295175773e-01
6.028600233454528340e-04 -7.917959469806525874e+00 4.304468488554832328e-01 6.458138115748719432e-01 1.746557725925699245e-01
6.018759537368201847e-04 -7.917093138670436403e+00 4.403192168728882749e-01 6.467182515945016918e-01 1.191632956442447572e-01
6.006969250193719282e-04 -7.916553982983572268e+00 5.843935780445970174e-01 6.597803160794841748e-01 2.438630708969539151e-01
5.996306583048823706e-04 -7.915830609647436233e+00 4.942971770722943692e-01 6.082790798880969296e-01 1.531796476058961409e-01
5.985367846794652745e-04 -7.915156521268939649e+00 6.127446480745908364e-01 6.385865655143172503e-01 2.700446040565201988e-01
5.992784056066797170e-04 -7.911418231709761884e+00 4.342029516931443789e-01 6.310799278907670562e-01 1.301912460427566698e-01
5.980256258438109871e-04 -7.911010900216922437e+00 5.493806563243184282e-01 6.230438963575243294e-01 1.517779749813609191e-01
5.998158964943429159e-04 -7.905521736875750882e+00 4.701852781880203613e-01 6.134464972820801165e-01 1.209899135333264569e-01
5.986452681709516707e-04 -7.904975289865537214e+00 4.938194726746413243e-01 6.807144832636856657e-01 2.771321037077938976e-01
5.973899986046584190e-04 -7.904574341728067388e+00 5.097583529574551964e-01 6.197739337980200380e-01 2.186047616307021102e-01
5.983799274294001073e-04 -7.900418623467658996e+00 4.717644473787802606e-01 6.593555621642804843e-01 1.451593071157764037e-01
5.980639993568551051e-04 -7.898446735271001273e+00 5.915001191347788456e-01 6.524096820142140096e-01 2.386216481094239061e-01
5.968987839794200143e-04 -7.897896947885136854e+00 6.063467606003276611e-01 6.363601081261305303e-01 2.815625925854789990e-01
5.958058384951905222e-04 -7.897229666178596119e+00 5.122195134594289545e-01 6.795203716521527326e-01 2.160520272508330564e-01
5.949438760809839209e-04 -7.896177430648680939e+00 5.846730326244065079e-01 6.197492055696476321e-01 1.932846891825243107e-01
5.942017513523631779e-04 -7.894925595394607143e+00 5.630937790575498703e-01 6.548097948046820438e-01 3.105000096096991458e-01
5.932716076834091594e-04 -7.893992188618963013e+00 4.586455229852045568e-01 6.853994090947206352e-01 2.177956352178372357e-01
5.933156798959165514e-04 -7.891417904640043446e+00 4.285471587347372546e-01 6.544670784653237039e-01 1.329446208794851092e-01
5.936710566916997712e-04 -7.888319116472583659e+00 5.932757011992082496e-01 6.614011569967576110e-01 2.712765429348465984e-01
5.929358325708018523e-04 -7.887058320831896729e+00 5.298211829635535164e-01 6.055659702574389680e-01 1.680502335517771728e-01
5.916029762115091904e-04 -7.886808744223551493e+00 5.604359822567971383e-01 6.409917088172106814e-01 2.946891603930157366e-01
5.909402546008239070e-04 -7.885429585581057665e+00 5.671142640488187059e-01 6.492859426492675334e-01 3.064428539642828353e-01
5.900369910419224094e-04 -7.884459274215389613e+00 5.678255364624262835e-01 6.746066037594272702e-01 2.947049577668377496e-01
5.886041488068407147e-04 -7.884390621454995696e+00 5.437708091235801122e-01 6.272442282294484750e-01 2.613911493967899236e-01
5.891582169636967910e-04 -7.880949738618467926e+00 5.867377193205154384e-01 6.153706826094247351e-01 2.145557063235927209e-01
5.883929963282541389e-04 -7.879749420083737022e+00 4.844509782622912208e-01 6.100380987144454759e-01 1.315417020066301790e-01
5.877010915927466687e-04 -7.878426034816245149e+00 5.136776469589239280e-01 6.084308812860141913e-01 1.308929514563854091e-01
5.897466581605024854e-04 -7.872451454095108048e+00 5.356510751393385172e-01 6.083532286615731532e-01 1.909867977817924500e-01
5.885049475713746659e-04 -7.872059172077881861e+00 4.965888895359409916e-01 6.145818910968690041e-01 1.171994642726014446e-01
5.877590675923235379e-04 -7.870827390895098752e+00 4.679604201795143359e-01 6.524365907828026945e-01 1.338191314102873952e-01
5.873068409653108479e-04 -7.869097095208783976e+00 4.379928406029381938e-01 6.313424885089067295e-01 1.436800508550899469e-01
5.876926883295176349e-04 -7.865940333451085564e+00 4.975551005879409461e-01 6.165212251161402701e-01 1.930122173860564783e-01
5.866116110780162166e-04 -7.865281555624008547e+00 5.454501016469257557e-01 6.766979630729054174e-01 2.444104564143912972e-01
5.860191945046504649e-04 -7.863791961663055829e+00 4.223837772009536029e-01 6.567149646936134566e-01 1.478062085969110151e-01
5.845732409849064160e-04 -7.863762427405562860e+00 5.589230842045045389e-01 6.593617815551450212e-01 3.101441757770436736e-01
5.832278789295710156e-04 -7.863566522901935585e+00 4.482861204107518871e-01 6.665040680915381710e-01 2.271187544490641530e-01
5.845615513528634732e-04 -7.858782424470258654e+00 4.963861287423633750e-01 6.148147320808177163e-01 1.844740290349712875e-01
5.851971054259821545e-04 -7.855195782996014842e+00 6.056348594581492106e-01 6.481629362659206972e-01 2.854434025547056830e-01
5.840415604636091038e-04 -7.854672360357501049e+00 4.950174154755162537e-01 6.356987102165750914e-01 2.413133836985297820e-01
5.835062201091034901e-04 -7.853089394162760861e+00 5.710520228236074525e-01 6.378194645571069188e-01 2.905350881024745258e-01
5.823008466594734381e-04 -7.852657272997117133e+00 5.543710388858671401e-01 6.085270412668618567e-01 1.915761161866955109e-01
5.817161465038320949e-04 -7.851161897857841687e+00 5.237553646922898931e-01 6.063067779144167835e-01 1.600087847811007546e-01
5.804571741095743490e-04 -7.850828481558231431e+00 5.891706425927082380e-01 6.496065405573123730e-01 3.038185498659531358e-01
5.796299793744655489e-04 -7.849754572473580438e+00 6.043162548310732074e-01 6.501944637994780951e-01 2.705172388207918166e-01
5.796350516659491909e-04 -7.847245821598935578e+00 4.409451198790191873e-01 6.298825395502100077e-01 1.213975582196774178e-01
5.800659608620994641e-04 -7.844002683132510256e+00 4.319716697392222970e-01 6.585876435610938939e-01 1.919633434537605932e-01
5.786341655542333708e-04 -7.843974066373051279e+00 5.578134744930312028e-01 6.281040288350202561e-01 1.664253248042762423e-01
5.772133223346132425e-04 -7.843932598229862663e+00 4.651556247941437960e-01 6.253690393385109569e-01 1.105740222067502637e-01
5.757804422969233903e-04 -7.843918094369218608e+00 6.062223011178402565e-01 6.471964434525249166e-01 2.785996848653150559e-01
5.754647025770677363e-04 -7.841966613039073941e+00 5.182121653031939168e-01 6.209872790729333847e-01 2.256346913553929356e-01
5.748002474846141676e-04 -7.840621921068454903e+00 4.499583035228648109e-01 6.298356651498588921e-01 1.659729573587165885e-01
5.736078426369357712e-04 -7.840198543980539725e+00 5.606012797971887673e-01 6.468186352697141706e-01 1.917242814961844233e-01
5.724039619029962483e-04 -7.839799536609085351e+00 4.748740019814990942e-01 6.251943751933131121e-01 1.919926199229627095e-01
5.710517505537092897e-04 -7.839664668839210648e+00 4.540893367933515612e-01 6.309020149684317902e-01 1.118655445655252351e-01
5.708588475835870172e-04 -7.837502528864806806e+00 5.665720220361540882e-01 6.114162532529353600e-01 2.058984419764332829e-01
5.697732403794235952e-04 -7.836906048051085705e+00 5.236355557932749205e-01 6.846948261436359706e-01 2.641138881743360090e-01
5.684752087480352770e-04 -7.836686801774161104e+00 4.485356899561396826e-01 6.245333602397927786e-01 1.327686344264814577e-01
5.672528753312866979e-04 -7.836339313287851382e+00 4.313951754339515610e-01 6.435195553047553529e-01 1.638411682406661352e-01
5.663128604913112568e-04 -7.835497823289950148e+00 5.230111637556770221e-01 6.175320613432292438e-01 2.181182430115343740e-01
5.656459929487640467e-04 -7.834176077459999554e+00 5.770328757262495056e-01 6.361109700775520182e-01 1.958163099547670372e-01
5.663847743399183206e-04 -7.830370845274821967e+00 4.766095309127146296e-01 6.219749055600761745e-01 1.833015317935270394e-01
5.650675273929704843e-04 -7.830199264316536123e+00 5.441213298399756315e-01 6.286832328359478472e-01 2.618415676317857876e-01
5.644416742525735315e-04 -7.828807450426991110e+00 5.894074848166688252e-01 6.274249384797341289e-01 2.656670147601972731e-01
5.646886218665729236e-04 -7.825870038343039070e+00 5.811734480809125358e-01 6.323683731031231048e-01 2.792688373276164260e-01
5.638000476924950703e-04 -7.824944842559839131e+00 5.182675442338999794e-01 6.834487089785922231e-01 2.436995282008798114e-01
5.626792233854322877e-04 -7.824434803148921702e+00 4.338834030017528209e-01 6.355825077540775414e-01 1.353169207203027413e-01
5.615590617372381464e-04 -7.823927551543458314e+00 4.977078836639072801e-01 6.105967237825241645e-01 1.283448939837338321e-01
5.603262300884442708e-04 -7.823625337991002127e+00 5.440366625120306443e-01 6.389325427217117381e-01 2.814826947919008560e-01
5.597124694685315111e-04 -7.822221301338675659e+00 6.015925116582406806e-01 6.351279923999694210e-01 2.368590707503872850e-01
5.596658980839734968e-04 -7.819804510709047030e+00 4.346635381987161706e-01 6.566106288749793407e-01 1.379984973800590653e-01
5.590544259690460784e-04 -7.818397674322278945e+00 4.723841446507600628e-01 6.175526145745802165e-01 1.174271531991858408e-01
5.588356503741627674e-04 -7.816289082390579068e+00 5.888502683255992798e-01 6.514057102727112136e-01 2.380628088886564686e-01
5.576375833055926710e-04 -7.815935246745063125e+00 5.090516840265143506e-01 6.856145930266164257e-01 2.636609862231611423e-01
5.574891690338551519e-04 -7.813701430427415495e+00 5.798603898170056059e-01 6.664756340613151586e-01 2.692937415549550573e-01
5.578218007875010995e-04 -7.810604947881278015e+00 5.221311447634114922e-01 6.535957030527680400e-01 1.693875611561337924e-01
5.566756549469501544e-04 -7.810161742607379942e+00 4.804130376095697152e-01 6.200430293902945422e-01 1.801425273640615832e-01
5.553093791375487542e-04 -7.810119107508993075e+00 5.965359000406176282e-01 6.244885954239410841e-01 2.396161910597870148e-01
5.543322434490877571e-04 -7.809380281425218229e+00 5.704320613911979532e-01 6.645424291445224396e-01 2.429257070498761495e-01
5.544761081742045471e-04 -7.806620787120881033e+00 5.934371626150154455e-01 6.438711960205081297e-01 2.931323137001242696e-01
5.532941331397258798e-04 -7.806254759381447528e+00 4.340482104735802205e-01 6.724650799637055254e-01 1.811490390269387962e-01
5.523589911543536589e-04 -7.805446324643297018e+00 5.934324338264019838e-01 6.292989080157256332e-01 2.657669265365671385e-01
5.515678564345444712e-04 -7.804379634933695797e+00 4.650482155949709484e-01 6.670665634244760112e-01 1.603326111483972527e-01
5.511785819270263558e-04 -7.802585644058090075e+00 5.346237738347564550e-01 6.093132335800459654e-01 1.521632570423886444e-01
5.504630384064870341e-04 -7.801384693781625579e+00 4.585016802906293765e-01 6.810325318164154318e-01 1.991819843173605886e-01
5.493421488482378530e-04 -7.800923036497827923e+00 5.288388715083519598e-01 6.359793949916505706e-01 2.665018040598901017e-01
5.490742933573633392e-04 -7.798910748600256682e+00 5.795313451482165812e-01 6.331995610777528816e-01 1.981268244124168576e-01
5.478658876033403553e-04 -7.798613979485256031e+00 5.193039853204231004e-01 6.409672428959793944e-01 2.685906252515485315e-01
5.469384822191806703e-04 -7.797808173683872468e+00 5.534129607439942644e-01 6.713765354332305035e-01 3.022502164695158311e-01
5.456312877429833922e-04 -7.797701055375958035e+00 4.528379848859676038e-01 6.404597657643387176e-01 1.964760975596503978e-01
5.443966555996656437e-04 -7.797466378350174310e+00 5.270168357306580509e-01 6.144172976795849728e-01 2.067135253541828033e-01
5.442327514580561163e-04 -7.795267498532643557e+00 5.589510049411633430e-01 6.106505369667123428e-01 1.863184338994219313e-01
5.437424632458034241e-04 -7.793668784221537749e+00 5.373016637748728730e-01 6.088727224058725351e-01 1.817003912747196526e-01
5.429176507553405305e-04 -7.792686853465518482e+00 5.132557436245648308e-01 6.203635734765197141e-01 1.291690336502207548e-01
5.420895712480646323e-04 -7.791713257440094687e+00 4.661261118136682535e-01 6.667246975597177494e-01 1.605661112374531241e-01
5.411490815859440473e-04 -7.790949698243747612e+00 5.376534426112558052e-01 6.759428585300091274e-01 2.366677397853624021e-01
5.410085966372963663e-04 -7.788709336838496533e+00 4.357569804158326621e-01 6.393797702299898189e-01 1.260523440363857661e-01
5.398625773508662282e-04 -7.788329885047114765e+00 4.362363981432174631e-01 6.568275077346399371e-01 1.944983673835607996e-01
5.395916293474351325e-04 -7.786331894317060076e+00 5.369414192109475126e-01 6.811038128298868566e-01 2.754628232715561342e-01
5.383106400246054314e-04 -7.786208714483939808e+00 4.423221276944204750e-01 6.622353624704240271e-01 1.478781430615395132e-01
5.372937282621493638e-04 -7.785599580857161861e+00 5.855625278388588706e-01 6.288412565832262047e-01 2.049301098731081128e-01
5.369249439368488624e-04 -7.783786190295877816e+00 5.734634406036474008e-01 6.232008860082742796e-01 1.857010197494984582e-01
5.358092003940228198e-04 -7.783366377546479420e+00 4.406687235998864582e-01 6.758438205851303726e-01 1.922982948421995131e-01
5.350034269495938842e-04 -7.782371353442243844e+00 4.738701848364205160e-01 6.694498296195711129e-01 2.556410304612789508e-01
5.361225987773618820e-04 -7.777781641852453021e+00 5.166772759023515738e-01 6.645263090165789421e-01 1.867181305481550868e-01
5.355923931116836042e-04 -7.776271094669567674e+00 5.413439609185913826e-01 6.090517536825976741e-01 1.772137712908258833e-01
5.343612365037008621e-04 -7.776072422722049460e+00 4.530451268279750421e-01 6.309413615512827755e-01 1.165472534256739578e-01
5.339419581279312857e-04 -7.774357365422593702e+00 5.649271780944342680e-01 6.657655777858282331e-01 2.407939059152761629e-01
5.332531640559214341e-04 -7.773148214965169167e+00 4.777994610287316091e-01 6.282750504063846497e-01 1.170762701442678300e-01
5.335178644172243858e-04 -7.770151950331669610e+00 4.977925762116874875e-01 6.595266297121469279e-01 2.726724570989703667e-01
5.333750571470961864e-04 -7.767919657180399895e+00 5.414892148443519737e-01 6.761340261173197641e-01 2.444023964347252498e-01
5.329047310820219123e-04 -7.766301838575506267e+00 4.554076195093850754e-01 6.632047467486136272e-01 1.516559375690558209e-01
5.317716026493083878e-04 -7.765930427001211278e+00 4.741224959732304178e-01 6.815182351429855956e-01 2.062801883623944232e-01
5.311234709099298557e-04 -7.764649986364752898e+00 4.592720217214312228e-01 6.543672016669807023e-01 2.267288366107137743e-01
5.301338096296645411e-04 -7.764015060150894598e+00 5.850062037275000071e-01 6.199473551649784531e-01 2.240395344310572578e-01
5.296599998774724092e-04 -7.762409214805336966e+00 4.680704425362717802e-01 6.551703667608317350e-01 2.385369809549045816e-01
5.303946515770485053e-04 -7.758523150763857679e+00 4.810241033091015028e-01 6.449955790808914458e-01 2.391124436812500920e-01
5.290962580517349868e-04 -7.758474128235202549e+00 4.726297810179030945e-01 6.757350612804216006e-01 1.862311255229641971e-01
5.285131372964099045e-04 -7.757076843125933152e+00 5.722043917920438538e-01 6.189709964351907123e-01 1.882858615937766933e-01
5.272871846247831080e-04 -7.756899163354777471e+00 4.804605232180079732e-01 6.746832276651383298e-01 2.605522741535850617e-01
5.284045149540065245e-04 -7.752282388643232380e+00 4.452318300239238580e-01 6.528068176275063639e-01 1.346125054814742150e-01
5.290557098619396922e-04 -7.748550767869289757e+00 5.661444493361438290e-01 6.372912372640906487e-01 1.888966818871887776e-01
5.280718058543220402e-04 -7.747912235435116202e+00 5.989745722188815069e-01 6.489031410017717105e-01 2.751022300711113977e-01
5.272428172489237314e-04 -7.746983309611034763e+00 4.696770236950739696e-01 6.778791906540391210e-01 2.460880766607982384e-01
5.267168236225773558e-04 -7.745481438286210718e+00 5.654130911328671960e-01 6.333530212301970996e-01 1.840922276405991542e-01
5.263375555607749954e-04 -7.743701758310887584e+00 5.590954109838043307e-01 6.283646887099620937e-01 2.616798355298874945e-01
5.252307113728806433e-04 -7.743306889535277904e+00 5.018173187623922171e-01 6.120628339048549416e-01 1.356623534984275070e-01
5.241769869082945656e-04 -7.742815117263071478e+00 5.968282851196382577e-01 6.408108043371023577e-01 2.786329829526392188e-01
5.232952698498258715e-04 -7.741998631572929668e+00 5.414291941078180903e-01 6.113261726436757248e-01 1.921081418265426222e-01
5.231952965517653025e-04 -7.739689695499492927e+00 4.513640132041649711e-01 6.317820755872015637e-01 1.660222430833986906e-01
5.222943521183082225e-04 -7.738913183929277295e+00 5.661128811599684951e-01 6.229930476072000900e-01 2.477277087753720353e-01
5.216163007026315517e-04 -7.737712244359782332e+00 5.230698488445675309e-01 6.322556189910877311e-01 1.451526245868713372e-01
5.211922100642347446e-04 -7.736025606846562042e+00 5.011037172900701941e-01 6.777240498691092796e-01 2.101820937150595814e-01
5.199769699608009247e-04 -7.735859983773194060e+00 5.676210591669893502e-01 6.417050880588859307e-01 2.886570642089408834e-01
5.192761640944814315e-04 -7.734708656102547764e+00 5.183255570389039280e-01 6.159047132180441864e-01 1.366834317929949694e-01
5.186336461140667693e-04 -7.733446756091911567e+00 5.631001929419283680e-01 6.694154346812110079e-01 2.546143800056610007e-01
5.184217994316400561e-04 -7.731355310304286022e+00 5.446120169367579811e-01 6.381540116770337834e-01 1.689776200725890964e-01
5.175980199093204760e-04 -7.730445588174557514e+00 5.349738709403951686e-01 6.649191030114990353e-01 2.055629449092009897e-01
5.165274763025969962e-04 -7.730016021585335295e+00 5.329712626606618597e-01 6.259194972390481615e-01 2.428584142869382456e-01
5.161328436393161590e-04 -7.728280324570298454e+00 4.326077650705831279e-01 6.550532231180720144e-01 1.449158168432967964e-01
5.148829407416259099e-04 -7.728204930534518624e+00 5.666183744136975564e-01 6.547323651668306432e-01 3.008796638962349390e-01
5.136031887918244675e-04 -7.728193544767679057e+00 5.186073796734862462e-01 6.268326920709471617e-01 2.351803772354343902e-01
5.135398759578669280e-04 -7.725816824252710546e+00 5.689490158068182257e-01 6.301498124116066135e-01 2.664873157137916948e-01
5.131595617592197732e-04 -7.724057672454376799e+00 5.211067777910488585e-01 6.535418316656922411e-01 2.825730057552358065e-01
5.119899517196833342e-04 -7.723839506531546384e+00 5.233507209048803288e-01 6.113522508732032179e-01 1.486366122490086483e-01
5.114191519831190599e-04 -7.722454993571258086e+00 5.643683940301267299e-01 6.490663769146068907e-01 2.051252154656459104e-01
5.110638190637015969e-04 -7.720650032889827763e+00 4.608918739959545485e-01 6.256404922028373505e-01 1.602150266037797310e-01
5.107286128967960387e-04 -7.718806146927169820e+00 5.659893357934172586e-01 6.150463011937997715e-01 1.959735095921559811e-01
5.097895699996420711e-04 -7.718146473102480698e+00 5.376525908445415336e-01 6.536531123699715895e-01 2.915649517858354134e-01
5.087342926695490215e-04 -7.717718643910402854e+00 5.065179767355101337e-01 6.812497155539412041e-01 2.699872062906614745e-01
5.080473872863242903e-04 -7.716569780543300894e+00 5.850493023953381444e-01 6.480159070517171882e-01 2.925681795067856528e-01
5.085162971443257275e-04 -7.713147241407900090e+00 4.775353155660989612e-01 6.834072653972520506e-01 2.300935655115360079e-01
5.076696248802180797e-04 -7.712313614542335216e+00 5.152277217896921169e-01 6.412824422673997216e-01 2.619114192666219254e-01
5.067036561099990712e-04 -7.711718177843271960e+00 4.402137842140024793e-01 6.679197965198897524e-01 2.015826660082999933e-01
5.055321803136940406e-04 -7.711532809033291969e+00 4.864538928179425459e-01 6.173257863440498872e-01 1.674849522959503401e-01
5.045184757165461489e-04 -7.711040044871312560e+00 4.608319405050864681e-01 6.724883678953790245e-01 1.764117963717710680e-01
5.047155614387793462e-04 -7.708149479913167568e+00 4.706945935935974989e-01 6.613231995530910456e-01 2.445117014496167307e-01
5.036429348446682568e-04 -7.707776951447615765e+00 4.938664340599783764e-01 6.435166509698708737e-01 1.399300770986414144e-01
5.029740673561605788e-04 -7.706605893012254072e+00 4.346534702438903941e-01 6.666183766964636215e-01 1.723355793365540789e-01
5.030170621082304767e-04 -7.704020415614220241e+00 5.620966941499293545e-01 6.409460015767215468e-01 2.845130576511348819e-01
5.018473196379599072e-04 -7.703848576547943416e+00 4.371850868836562598e-01 6.693020225522344768e-01 1.789481755643421990e-01
5.008958383843707240e-04 -7.703246333778274391e+00 5.030021299528937284e-01 6.225281588056413851e-01 2.075526857166248296e-01
4.998497715528024601e-04 -7.702836909449389147e+00 4.301247843900312118e-01 6.543968272125320063e-01 1.573282558119067642e-01
4.986824037959182183e-04 -7.702675078048340396e+00 5.046899580605042068e-01 6.118356486793108395e-01 1.532013607818381029e-01
4.976240270670532475e-04 -7.702299679665270737e+00 5.133163871390176158e-01 6.390758836893558614e-01 2.561517662040641019e-01
4.964163149780314623e-04 -7.702229586445059617e+00 5.486494522595461998e-01 6.389355374631119355e-01 2.769719940634394195e-01
4.954972413015697793e-04 -7.701582719580827074e+00 4.665249831209155595e-01 6.619703327925773317e-01 2.397290344380382243e-01
4.945910288521201915e-04 -7.700913289096344094e+00 4.431813105333081704e-01 6.353518356333446304e-01 1.527620385538346892e-01
4.935625396385619331e-04 -7.700494928262043182e+00 4.799442536110870017e-01 6.345480972540377129e-01 1.249331461482691835e-01
4.923717711832731846e-04 -7.700410442198822203e+00 5.697740005912599326e-01 6.167694771265741505e-01 2.037923529761090369e-01
4.920383293019785697e-04 -7.698587887287781761e+00 5.943359282561639922e-01 6.432220547568822111e-01 2.456105967707628013e-01
4.908553182706986437e-04 -7.698495088932557628e+00 4.803834373400683866e-01 6.414883101106375607e-01 2.293481817717598070e-01
4.903747234551419486e-04 -7.696974665247080516e+00 5.918063524781996820e-01 6.526204723626809479e-01 2.819042881047204574e-01
4.899389690206633905e-04 -7.695363675502720824e+00 4.528865744639798407e-01 6.286057892099996547e-01 1.283873331511577454e-01
4.888084572976692140e-04 -7.695173795959451724e+00 5.946133827310682296e-01 6.329223038070183049e-01 2.543227376247808591e-01
4.876893895322258914e-04 -7.694965799488134195e+00 4.828447812673573036e-01 6.199398701594004413e-01 1.725611212957323115e-01
4.869222381206073091e-04 -7.694040070814862631e+00 5.076556574746482475e-01 6.631207559550498232e-01 2.788394286148130341e-01
4.859202854654877109e-04 -7.693599917059446902e+00 5.958638613394088290e-01 6.392075130650584081e-01 2.681964978569477687e-01
4.857498093145502728e-04 -7.691450810132320015e+00 4.761925906081815874e-01 6.812626750401782338e-01 2.418443052143361693e-01
4.846064517767855796e-04 -7.691307383924318231e+00 5.323232865829213845e-01 6.111466674543455380e-01 1.676471566700883098e-01
4.835214341807434358e-04 -7.691048860626020556e+00 5.249871119638968020e-01 6.753569584811065507e-01 2.268499728730290765e-01
4.824847368367944167e-04 -7.690695219051143283e+00 5.654330976531108943e-01 6.574312167688676212e-01 2.992102962975161651e-01
4.816483988796494103e-04 -7.689930120873178510e+00 5.832078949861777550e-01 6.569470940718453722e-01 2.915500064025771110e-01
4.806196691190286856e-04 -7.689568257192456180e+00 5.678576081932587005e-01 6.625073646884871437e-01 2.978870848121456527e-01
4.801943891986912099e-04 -7.687953506413006011e+00 4.607562882249537362e-01 6.639124816062278445e-01 2.329022653075472626e-01
4.796046003350947439e-04 -7.686682490698805381e+00 4.655194105838026952e-01 6.374398226643964716e-01 2.017421419955131023e-01
4.787520584339905426e-04 -7.685961665744324378e+00 5.831656471837054490e-01 6.588162916659722201e-01 2.881142261675401217e-01
4.775783582014818092e-04 -7.685916258427750947e+00 5.423495862082209351e-01 6.196218728536790898e-01 1.576761730518610183e-01
4.782052213530155541e-04 -7.682104532102196792e+00 5.163548245824920446e-01 6.123101267967202554e-01 1.486616889775394801e-01
4.771732178231619125e-04 -7.681764940771536487e+00 4.362967100046671876e-01 6.494542694105749359e-01 1.399083824527540543e-01
4.767195362016317752e-04 -7.680216162287424098e+00 5.306905805479162908e-01 6.754245851988484040e-01 2.859808511161203715e-01
4.763590177236252856e-04 -7.678472696979590673e+00 4.464635085965493744e-01 6.414364395485562254e-01 1.281739753682976657e-01
4.754954863301442741e-04 -7.677787116361346698e+00 4.953606098000543079e-01 6.804647071985591156e-01 2.611511422948761818e-01
4.746565140678538270e-04 -7.677053091657883854e+00 4.420469169929669428e-01 6.672704057214782214e-01 2.021303018208525648e-01
4.735111000444517542e-04 -7.676969150935875952e+00 5.671703581676725836e-01 6.173925309790128102e-01 1.966231726023934534e-01
4.729236089983599725e-04 -7.675710633556780849e+00 5.840661701669367378e-01 6.281459814062274605e-01 2.518320515450518382e-01
4.722575416679788778e-04 -7.674620029925229403e+00 5.784515745866594116e-01 6.442501811425868086e-01 2.873674621274021623e-01
4.714958459992995296e-04 -7.673734213978015362e+00 4.618092045918215649e-01 6.520051107072029062e-01 2.221198900013000022e-01
4.703727159126516321e-04 -7.673619112815083909e+00 5.417758689641261061e-01 6.463627421289227515e-01 2.833635825452158752e-01
4.693469950914042304e-04 -7.673302149345206047e+00 5.238355031529260408e-01 6.637450661929549245e-01 2.881006411970751246e-01
4.681769896593068140e-04 -7.673298098373781073e+00 5.104228709003525433e-01 6.134958588020391623e-01 1.431852984714547528e-01
4.671931697191112937e-04 -7.672901694031871500e+00 5.859854413604771439e-01 6.550172261080606795e-01 2.867822473787352000e-01
4.664429832842659847e-04 -7.672008715340716378e+00 4.698621029789900039e-01 6.679159676177539584e-01 1.700148621705013241e-01
4.659584149919664500e-04 -7.670548113901939580e+00 5.147962394432867850e-01 6.650177790105774589e-01 2.830665180842063533e-01
4.648379307754434901e-04 -7.670455696963163206e+00 4.350045262033264137e-01 6.452621256462036659e-01 1.532225321923049166e-01
4.640360503251210510e-04 -7.669682261956563885e+00 4.993010844764926293e-01 6.766142890192807791e-01 2.093273252671735141e-01
4.628960944065419044e-04 -7.669641895058656011e+00 5.214036853183861009e-01 6.120433210697542314e-01 1.560434328295638440e-01
4.626433483478108242e-04 -7.667688054527044272e+00 4.477806372821709902e-01 6.349207686543615337e-01 1.288708898073154807e-01
4.617708677826812898e-04 -7.667075694957000920e+00 5.512316866566968621e-01 6.142781304842430679e-01 1.977557068013804376e-01
4.610585069284618026e-04 -7.666119557810161744e+00 5.725524386077238681e-01 6.659134484367014162e-01 2.765347778642792687e-01
4.605042037551185523e-04 -7.664822521501646335e+00 4.526028691761560530e-01 6.293492747991626945e-01 1.339455146189082735e-01
4.594148589481173339e-04 -7.664690871849741072e+00 4.761735336177029265e-01 6.726859226509659395e-01 2.510708785531098886e-01
4.586448605959271715e-04 -7.663868319441333732e+00 4.388906301790512221e-01 6.524049677832984839e-01 1.832648029753699559e-01
4.577188811793496187e-04 -7.663389306718624283e+00 5.795157920993194711e-01 6.392408503101971728e-01 2.790283690483955636e-01
4.568818040759563357e-04 -7.662719782795491597e+00 5.610155189920726926e-01 6.235263068338894321e-01 2.419208087393446838e-01
4.565485559421098732e-04 -7.660949445752226694e+00 4.914728491585923509e-01 6.804311864693427525e-01 2.195916938627004433e-01
4.560585962517160405e-04 -7.659523204020043607e+00 4.345015354781779915e-01 6.496186173158020605e-01 1.635711355109513154e-01
4.550333317612550565e-04 -7.659273832944990978e+00 5.711272012441459545e-01 6.388339591060273603e-01 2.790547765046330619e-01
4.539641244742585431e-04 -7.659126331893732598e+00 5.732529509341526275e-01 6.465649459443597591e-01 2.158953695123299599e-01
4.528342765008133968e-04 -7.659118282821104629e+00 4.813546142471931688e-01 6.805385923783882074e-01 2.151441239581639020e-01
4.527005374616450127e-04 -7.656913664153943699e+00 5.422319855051893622e-01 6.591651312838655574e-01 2.936577263677803140e-01
4.516336301876134685e-04 -7.656773207356428301e+00 4.494016921862525882e-01 6.527250468685716900e-01 1.397371897000141416e-01
4.511757124399876496e-04 -7.655287635908005761e+00 5.360853357333776881e-01 6.680018542574306384e-01 2.182965603939431287e-01
4.503860442089819009e-04 -7.654539414811941000e+00 4.897858249308482126e-01 6.675517009294926751e-01 1.796711912957122959e-01
4.494360720206700788e-04 -7.654150882232254816e+00 4.588684739399198631e-01 6.779015950108224775e-01 2.035539661295527047e-01
4.487393259672499651e-04 -7.653202352456754731e+00 5.670226681238573763e-01 6.242200756548708096e-01 2.432021995606732101e-01
4.476799187221117680e-04 -7.653065995907384789e+00 4.925231197199727573e-01 6.451311541662827498e-01 2.457814952392682883e-01
4.467773832353322304e-04 -7.652584059354590629e+00 4.393254150798527879e-01 6.428741014081512661e-01 1.380272220729114596e-01
4.456676703860487166e-04 -7.652570965224518851e+00 4.475060035575786355e-01 6.512508223075519354e-01 1.383117079652947945e-01
4.454153704747595434e-04 -7.650637242230052593e+00 4.460715428306054608e-01 6.451963112284578861e-01 1.840876857176796388e-01
4.450779449035538330e-04 -7.648895081916277761e+00 5.615283775474324557e-01 6.348859305295235789e-01 2.700680157280358484e-01
4.443520630140666925e-04 -7.648027322888999890e+00 4.488353597215848367e-01 6.573851446983106639e-01 1.471795846520175255e-01
4.449120644904833730e-04 -7.644267851078267562e+00 5.076297706616262895e-01 6.215014717085105556e-01 2.041806044096694528e-01
4.442261537378612395e-04 -7.643310717810623878e+00 5.721908923513294720e-01 6.206955641249324307e-01 2.218595537271111084e-01
4.435903171477713152e-04 -7.642243078483469176e+00 4.669693776667629970e-01 6.741440218157912501e-01 2.377689900160235015e-01
4.425420847766924266e-04 -7.642108939065343165e+00 5.924271574956918585e-01 6.417741325492908322e-01 2.679959080823053341e-01
4.419632720601545934e-04 -7.640917722092342323e+00 5.313933355851201412e-01 6.731678695864198314e-01 2.299546238506011142e-01
4.426995873140612738e-04 -7.636753098295537612e+00 4.774258889025350117e-01 6.202928675905162725e-01 1.334901935967231223e-01
4.418833601441092616e-04 -7.636098549655295997e+00 5.094408500788053518e-01 6.567998736405102900e-01 2.731582442470456562e-01
4.411488249610885214e-04 -7.635262215747723680e+00 4.807919437522534256e-01 6.813169439656601156e-01 2.366689081565596098e-01
4.400877076292145865e-04 -7.635170463262375584e+00 5.489677743093447360e-01 6.430601104552317038e-01 1.837036424214837371e-01
4.390182384001557400e-04 -7.635103548288100228e+00 4.655087362969796416e-01 6.702299626675951583e-01 2.370895432516648416e-01
4.380609682345023843e-04 -7.634786408259053303e+00 5.658017334300459167e-01 6.455581524029335716e-01 2.866778917623488687e-01
4.379753238101292165e-04 -7.632481935374594961e+00 5.411610465767437983e-01 6.382406537772127297e-01 1.704684213487467903e-01
4.371853118092623659e-04 -7.631787346137601347e+00 5.187275002931398538e-01 6.589689452236677791e-01 2.807653988237263087e-01
4.366873045589935863e-04 -7.630427117071837628e+00 4.888539150984373971e-01 6.746171108864739141e-01 1.985557279794246122e-01
4.365879953615234548e-04 -7.628154557829428306e+00 5.867022180361154415e-01 6.295106565689805311e-01 2.338498587298676323e-01
4.356228507650034606e-04 -7.627867658009805929e+00 4.559395694102053032e-01 6.748765208984230934e-01 2.172663102033038363e-01
4.347483453046916790e-04 -7.627377158688451786e+00 5.902417442936980230e-01 6.341794131572973114e-01 2.505672504684302027e-01
4.340782899794126746e-04 -7.626419596341515117e+00 5.765460424683385154e-01 6.351633512028103112e-01 2.083656560671454105e-01
4.330662016520355818e-04 -7.626253898863679659e+00 4.729107422507615177e-01 6.514422746671593156e-01 1.439214309907513867e-01
4.320306362118437552e-04 -7.626148002944284521e+00 5.646479473004112348e-01 6.244718043309170907e-01 1.873065540671956519e-01
4.314586993367924297e-04 -7.624972714055687995e+00 4.600188901788151985e-01 6.759481135846991950e-01 2.225668413513942068e-01
4.306524641716794012e-04 -7.624343088629818688e+00 4.577174573180228245e-01 6.753076006736654646e-01 1.936960884209192602e-01
4.297879207075854728e-04 -7.623852626467007454e+00 5.512719981678636527e-01 6.527628826569629172e-01 2.020725597852818245e-01
4.291453137385257445e-04 -7.622848917594611251e+00 4.589186961758886518e-01 6.279063485886879903e-01 1.342063068068771181e-01
4.284305898978374894e-04 -7.622015764816271854e+00 5.427409893614308922e-01 6.615126254297785113e-01 2.110245491597082523e-01
4.274779168614810517e-04 -7.621741875252729947e+00 4.362787010233257767e-01 6.581233547739827605e-01 1.764369292058073080e-01
4.265255165472429943e-04 -7.621472312910981373e+00 5.861548292132567894e-01 6.392467043872266386e-01 2.706412921514346759e-01
4.258744064328174369e-04 -7.620500023609935170e+00 5.602103678917874641e-01 6.267668104327117629e-01 1.819437977064917444e-01
4.250175322153032140e-04 -7.620014085486063848e+00 5.075631529154774890e-01 6.711857325678464159e-01 2.023934205557484933e-01
4.241070072626017175e-04 -7.619658706821001104e+00 5.229563041324346573e-01 6.209627478071678697e-01 2.132117815449588172e-01
4.231718737537865723e-04 -7.619366088379710078e+00 5.527973372451833178e-01 6.351506259429885448e-01 2.663534253824295095e-01
4.222673510817896584e-04 -7.619005859023297411e+00 4.677474852238768244e-01 6.613600794020596529e-01 1.585217009300789459e-01
4.218827079410499632e-04 -7.617417173695963939e+00 5.609101388445129066e-01 6.519281751200515229e-01 2.911810474939282578e-01
4.209280264131287294e-04 -7.617182645402291286e+00 5.131441833655894236e-01 6.235866706247041868e-01 2.140175099500181144e-01
4.208418574988520133e-04 -7.614887378111847127e+00 5.726247149418585147e-01 6.227889296006363651e-01 2.281109744341346390e-01
4.213544259318968265e-04 -7.611170159498050758e+00 4.953026579567502696e-01 6.293412338400639072e-01 1.324079943963499817e-01
4.206360374604754251e-04 -7.610376565156956374e+00 5.310552161826296302e-01 6.138532877054017067e-01 1.689290839511266573e-01
4.198799394674068187e-04 -7.609675693829752952e+00 5.037358884488851718e-01 6.251914916019138957e-01 2.098292239230183653e-01
4.190280130191144327e-04 -7.609206731296080939e+00 5.136791932032448438e-01 6.219482809828914549e-01 1.407240639147276928e-01
4.183937598184019665e-04 -7.608221507583400545e+00 5.878777170444414724e-01 6.492564217317567943e-01 2.735688752489696118e-01
4.176072461795762511e-04 -7.607603117450454810e+00 5.415169537296026236e-01 6.252765294370209448e-01 1.624806627288172822e-01
4.169771741087634469e-04 -7.606613023878614044e+00 4.575229198415954879e-01 6.287408768156046435e-01 1.419432444562080398e-01
4.172989969951343739e-04 -7.603341521794575897e+00 4.526224930013951209e-01 6.526925615820938775e-01 2.050995812645324268e-01
4.164241317369566666e-04 -7.602940217510556487e+00 5.321612030426996487e-01 6.151237732861091212e-01 1.894267347416720149e-01
4.160114278230104558e-04 -7.601431775218585152e+00 4.837049931745698306e-01 6.347580944088186961e-01 1.312934299560687412e-01
4.153499743287828263e-04 -7.600523029352077131e+00 4.467553006979288477e-01 6.577850197568937407e-01 2.006000769585147281e-01
4.148515750119018521e-04 -7.599223700146176874e+00 5.878555907333731234e-01 6.337029495457572326e-01 2.421041975699418924e-01
4.145059506899306041e-04 -7.597557175049987066e+00 5.884609833707935556e-01 6.355082746901921098e-01 2.512781490317176347e-01
4.135821861862496980e-04 -7.597288253713551320e+00 4.713510272440319948e-01 6.260449601754496385e-01 1.295442219585781762e-01
4.127641179091058534e-04 -7.596768219111452503e+00 5.539126213943008636e-01 6.709654452454129059e-01 2.647191456222025563e-01
4.121440349577250046e-04 -7.595771618165080064e+00 5.838398028663551731e-01 6.469058485769094702e-01 2.406624718226634263e-01
4.112773207386747005e-04 -7.595376772550832989e+00 5.846920345690275189e-01 6.467080014453592263e-01 2.773416748633151796e-01
4.103881849652602594e-04 -7.595041001459780894e+00 5.622402746708856647e-01 6.612112046764392348e-01 2.913645594746152589e-01
4.095804981025636358e-04 -7.594511045293401708e+00 4.814781651862787837e-01 6.786469189077647401e-01 2.130839799113349309e-01
4.087750531435449053e-04 -7.593979493403443470e+00 5.355426934337285116e-01 6.664105338122614519e-01 2.170245851019986516e-01
4.078380558602265945e-04 -7.593774332132325000e+00 4.844923878296590325e-01 6.583929239428535363e-01 1.613479674576565048e-01
4.078116407923871992e-04 -7.591339102751271106e+00 4.951329729174340777e-01 6.678010271825848276e-01 2.649296099597401866e-01
4.068612453160957315e-04 -7.591172299114238520e+00 5.455730677376411375e-01 6.158109052112914483e-01 1.913206910436668906e-01
4.062950775265441973e-04 -7.590064818277245884e+00 5.280799841117012061e-01 6.275821505528200728e-01 1.529057767565816239e-01
4.058893198337435175e-04 -7.588563994641326360e+00 5.102096657287630288e-01 6.190139331278492474e-01 1.916896997130816960e-01
4.052884266754819059e-04 -7.587545527562457259e+00 5.454990074773067299e-01 6.570932488536341820e-01 2.062074863602015029e-01
4.045664196412434958e-04 -7.586828580979525505e+00 5.813025947228422918e-01 6.561611118046284385e-01 2.698842844627850068e-01
4.053751111060657818e-04 -7.582331667121290586e+00 4.706548876710964779e-01 6.780933404580433699e-01 2.113701390790506673e-01
4.045868233710754407e-04 -7.581778148678814944e+00 4.568528928754507779e-01 6.314543681238069528e-01 1.568419083887602483e-01
4.043368932502032281e-04 -7.579896081182682543e+00 4.660594483947945177e-01 6.279643434039448024e-01 1.319321452208561674e-01
4.033318654671757815e-04 -7.579884795252443297e+00 4.769812854872355623e-01 6.635121986178350584e-01 2.457217316101341087e-01
4.024650201610108983e-04 -7.579536319181155335e+00 4.848631775321718407e-01 6.478885371036429142e-01 2.384034525012870831e-01
4.020881626380509656e-04 -7.577973131211924951e+00 4.604714383767811725e-01 6.575754009181068449e-01 2.209255713379505437e-01
4.011663900143100738e-04 -7.577768226895639891e+00 5.088276569929570670e-01 6.771733662268594189e-01 2.661907890749903860e-01
4.003093865620648071e-04 -7.577406791288757049e+00 5.700824455405226754e-01 6.231299087398962655e-01 2.071436020938539069e-01
3.993807473348517326e-04 -7.577229289979872107e+00 5.863338295993500981e-01 6.360109873359449661e-01 2.376059795126733709e-01
3.991476419056294318e-04 -7.575313127546538183e+00 4.822220166621295490e-01 6.704400512716712779e-01 1.865675976614284137e-01
3.982441530238651898e-04 -7.575079238821188277e+00 5.769975528679005539e-01 6.553752900192481023e-01 2.829130894068152546e-01
3.974377185758866155e-04 -7.574606266840524071e+00 5.810286586632654737e-01 6.425830319459359119e-01 2.738611654646112004e-01
3.966948465425109566e-04 -7.573977169212982474e+00 5.503999977911441244e-01 6.212776296986401992e-01 2.227946021688766154e-01
3.957370039374820772e-04 -7.573894646680435550e+00 5.418091563955065304e-01 6.605194995589499518e-01 2.887709129974034283e-01
3.950486270998420551e-04 -7.573135641924906736e+00 4.480209798680057642e-01 6.661569438126514475e-01 1.716101935763766351e-01
3.941853541033847651e-04 -7.572823265269308379e+00 5.854929865441330650e-01 6.336240143515762258e-01 2.403729126940951089e-01
3.933384059229169368e-04 -7.572474180708275604e+00 4.862086461559884665e-01 6.192844506034682617e-01 1.505202648531075438e-01
3.926475916850343385e-04 -7.571732009519138273e+00 5.729826137654904228e-01 6.447135781143646938e-01 2.189779260012024442e-01
3.917725085242662912e-04 -7.571463169897494794e+00 5.112176564268285928e-01 6.221700383501513887e-01 2.036860881309187077e-01
3.915423453995116581e-04 -7.569550834309128007e+00 4.953698937992381812e-01 6.331196360862810790e-01 1.367406311883763437e-01
3.906407199521060025e-04 -7.569356243072586921e+00 5.826900302987931823e-01 6.462754448543255315e-01 2.753734882971864417e-01
3.899387996341638352e-04 -7.568654703036044040e+00 4.732901774271226492e-01 6.742443400047883895e-01 1.947693496338744334e-01
3.895048069693695172e-04 -7.567268299211487914e+00 5.798620439671628990e-01 6.470037685826593998e-01 2.784460783290410024e-01
3.889940754437238961e-04 -7.566080392550233569e+00 4.930916259564254167e-01 6.585588910829500708e-01 1.675278503763112659e-01
3.880253016631505809e-04 -7.566073957861711108e+00 5.479878799963965319e-01 6.679712081420892122e-01 2.858384366653984876e-01
3.872521280471270854e-04 -7.565568531269169839e+00 5.711171852581214958e-01 6.242550245351358162e-01 2.262392322351224616e-01
3.866196363816861098e-04 -7.564703147843505171e+00 5.479236695951563707e-01 6.336608514893808941e-01 1.759820048766437273e-01
3.860306565503392033e-04 -7.563727718404897438e+00 5.384062745010977924e-01 6.599182753847249172e-01 2.868926303642460596e-01
3.851671976970781706e-04 -7.563466986082602261e+00 5.520046255913647615e-01 6.240325769821496449e-01 2.324373601594322269e-01
3.856132193217742658e-04 -7.559809661208667819e+00 4.877961519091499887e-01 6.745638456810958417e-01 2.026405603867564853e-01
3.850061425301435779e-04 -7.558885217046645622e+00 5.278277135943184595e-01 6.410703293800393832e-01 2.618326055560418197e-01
3.843437829043952199e-04 -7.558107085776333278e+00 4.678971488365959441e-01 6.257881116143975131e-01 1.440621014623748586e-01
3.834779989661452255e-04 -7.557862255727554768e+00 4.445556990459507141e-01 6.570577002249331500e-01 1.552345214020126596e-01
3.830594577125822383e-04 -7.556454286629658235e+00 4.925648116511188723e-01 6.779709175201023008e-01 2.197135740346035371e-01
3.821908343583330461e-04 -7.556224455583001820e+00 4.839627190824789538e-01 6.403335795766045280e-01 1.382262131268475747e-01
3.820202565671202560e-04 -7.554170870967629625e+00 5.008263971784684410e-01 6.208657434948174902e-01 1.399135497097113712e-01
3.812488371109395329e-04 -7.553692228114748275e+00 5.605305012039478729e-01 6.244093021935915866e-01 2.327111002011273411e-01
3.809304729685461370e-04 -7.552027633003595142e+00 4.755370209136294823e-01 6.298179975628305227e-01 1.308680326691995521e-01
3.800328307739845278e-04 -7.551886860068814045e+00 5.724631684653267438e-01 6.253608804906474194e-01 2.144664320636734123e-01
3.791231238453595135e-04 -7.551783488478360340e+00 4.695948539601735305e-01 6.424106207014188552e-01 2.092734104773625869e-01
3.785900563717020033e-04 -7.550690531606344180e+00 5.864419642638060148e-01 6.407580674353582362e-01 2.514368538567323674e-01
3.777282120580431352e-04 -7.550469584546555701e+00 5.339372492440310758e-01 6.752179016226171893e-01 2.576489571145576529e-01
3.770829957736284766e-04 -7.549679194671233162e+00 5.750613688248262800e-01 6.390236278068256448e-01 2.686761587332551771e-01
3.764722510737232098e-04 -7.548800163634531657e+00 5.723120810600593744e-01 6.602836744026970850e-01 2.637327969547854090e-01
3.757959865276141597e-04 -7.548098098718003968e+00 5.446876527316107941e-01 6.723528975857288037e-01 2.701150578513284994e-01
3.750961045556929895e-04 -7.547462233879118187e+00 5.434825459902091760e-01 6.589447653872675392e-01 2.870079389494537558e-01
3.742353318934980876e-04 -7.547259676636588921e+00 5.643254747097748991e-01 6.464637470292978749e-01 2.810178172952164655e-01
3.735282851166432183e-04 -7.546650774228087499e+00 5.038964058361011800e-01 6.246357487601459368e-01 1.395660850140659492e-01
3.730430320398893905e-04 -7.545450725442223394e+00 5.121261904606438931e-01 6.601707131982055277e-01 1.842273813599778765e-01
3.721613872478638516e-04 -7.545316908949875057e+00 5.196200128605987789e-01 6.728272564619972584e-01 2.748512905603456291e-01
3.713446460673956143e-04 -7.545013909303314392e+00 5.552695193231005355e-01 6.455176849866726130e-01 1.987204439749483686e-01
3.709626685539902345e-04 -7.543543072130072247e+00 5.701221181239006786e-01 6.243650930654977005e-01 2.158687462121440526e-01
3.702518818759689407e-04 -7.542960969978907748e+00 4.851423414916972709e-01 6.217074595749475519e-01 1.644583744710178541e-01
3.694048636613341159e-04 -7.542751271770914201e+00 4.714866155464977338e-01 6.633039959871610547e-01 2.370507934679760842e-01
3.690803354914966544e-04 -7.541130174126981167e+00 4.936671161091835680e-01 6.419415948423815577e-01 1.450340008836953354e-01
3.687075229346067147e-04 -7.539640796853724680e+00 4.491753210521846063e-01 6.540457653016462647e-01 1.955254509220392956e-01
3.680708482009078034e-04 -7.538869063906926016e+00 5.289686926917228638e-01 6.734771549344944486e-01 2.748966934764632275e-01
3.672874633326334861e-04 -7.538499685543586182e+00 5.253384634630795524e-01 6.691181665445641302e-01 2.797067075277374082e-01
3.666978111277923499e-04 -7.537606399880259822e+00 5.161993525139014771e-01 6.192107938867635886e-01 1.506658252035157075e-01
3.660080122610753707e-04 -7.536989281245439543e+00 5.413314591126838771e-01 6.670435957222252688e-01 2.296361433286349119e-01
3.651006532379171389e-04 -7.536971427968173209e+00 4.932348294234593644e-01 6.287640915682941589e-01 1.358189345550828708e-01
3.646529331989264229e-04 -7.535698472558257421e+00 5.352757813864892356e-01 6.727723675567754968e-01 2.753542870367526874e-01
3.644223568632576284e-04 -7.533830989793442789e+00 5.540376061642374728e-01 6.196154139384942861e-01 1.947257998843885674e-01
3.635373369093397675e-04 -7.533762499113329625e+00 4.650455276795402160e-01 6.747055464571847239e-01 2.211814349698466575e-01
3.629995642119601641e-04 -7.532742872084781993e+00 5.251968073135778736e-01 6.186354591123116586e-01 1.953496880395142465e-01
3.628606564830867015e-04 -7.530625611699402810e+00 5.121364470327515184e-01 6.494693900770271977e-01 1.665001158509966939e-01
3.623944661813570129e-04 -7.529411201697646661e+00 4.992281054959439301e-01 6.191981875003871316e-01 1.468989115387507594e-01
3.621997220576592211e-04 -7.527448727754432412e+00 5.786572955802675722e-01 6.531425972409438119e-01 2.721532921182518439e-01
3.619854576326895536e-04 -7.525540467097435737e+00 5.310193930921636163e-01 6.620142820566838893e-01 2.054361293966359414e-01
3.615317649963514812e-04 -7.524294598116338051e+00 4.679694035557840359e-01 6.368769096971502730e-01 1.922203998023969129e-01
3.606362119133966148e-04 -7.524274778824030285e+00 5.531110073489786672e-01 6.197299442952853843e-01 2.001563054883651604e-01
3.600808172822160601e-04 -7.523316007124795313e+00 5.258411758239509570e-01 6.759310528706192756e-01 2.517961708399887311e-01
3.593332564436588802e-04 -7.522894257008767127e+00 5.048213539643628955e-01 6.189736996264243452e-01 1.489154351372061758e-01
3.591295648185374506e-04 -7.520961277666066813e+00 4.545727597428821931e-01 6.430149809215550682e-01 1.839608433710965829e-01
3.582387324249787204e-04 -7.520944891326984738e+00 5.536531112680234124e-01 6.241045308795840629e-01 1.835245017085095631e-01
3.575161720243415458e-04 -7.520463908288237853e+00 5.668935785284845430e-01 6.556725774517292438e-01 2.835589866440179074e-01
3.571933872401988983e-04 -7.518867169765311331e+00 4.872784792222309425e-01 6.655845419108213923e-01 2.531962394262240457e-01
3.578398633583185261e-04 -7.514558928557702799e+00 5.376004680122637991e-01 6.659389759572502676e-01 2.828462991689961736e-01
3.572777499811468217e-04 -7.513631015393370305e+00 4.461553945542429123e-01 6.449753071812842631e-01 1.487653257362037129e-01
3.564337811568657759e-04 -7.513496030335232057e+00 5.357284266468237410e-01 6.597547979301369159e-01 2.826069879858177369e-01
3.557389320406990430e-04 -7.512947380966267907e+00 4.970396342066878415e-01 6.329619287610362965e-01 2.178973509953004983e-01
3.553392376266751532e-04 -7.511571573701102622e+00 4.703861407559970509e-01 6.380573268381681817e-01 1.352897182588929104e-01
3.550939146553846993e-04 -7.509762203017183779e+00 4.827275183576743012e-01 6.402151446732007312e-01 2.185631264866556844e-01
3.545730671684931608e-04 -7.508730067786856921e+00 5.775867839985068253e-01 6.435631996938447896e-01 2.322342751563220842e-01
3.548472739738118306e-04 -7.505457023082409584e+00 5.524985096646941596e-01 6.437117088206849580e-01 1.953844830002137434e-01
3.544063755547518287e-04 -7.504200297547463094e+00 4.949092617563061736e-01 6.712111663432460684e-01 2.581016133666774737e-01
3.536903868504308497e-04 -7.503722588811447380e+00 4.702675529557620582e-01 6.273108297507797859e-01 1.442585430357372356e-01
3.528257644478227217e-04 -7.503670155884474724e+00 4.921668163249872663e-01 6.256712004912282632e-01 1.894739768667266233e-01
3.521839122859515337e-04 -7.502990988591848875e+00 5.238276641539237888e-01 6.450415015236254934e-01 2.623520574463573674e-01
3.513327702690412484e-04 -7.502910668048761167e+00 5.802835765290641490e-01 6.352781866843730807e-01 2.402364974178262391e-01
3.505727851116985849e-04 -7.502576160111055437e+00 5.517687593591333872e-01 6.224048406445908954e-01 1.856127693957313196e-01
3.498511846868900574e-04 -7.502136628373767380e+00 5.085387465145316810e-01 6.234077941157873948e-01 1.991208028907679728e-01
3.490586786112656690e-04 -7.501904464204683265e+00 5.293857961965943160e-01 6.681249439160032999e-01 2.786662223317554199e-01
3.486354131864241742e-04 -7.500617791024398961e+00 4.444142830627084706e-01 6.577712914244013831e-01 1.819789160905398995e-01
3.479025522275822698e-04 -7.500222087604514698e+00 4.454524123945780012e-01 6.463296256880654012e-01 1.537499058781306438e-01
3.473625403189696732e-04 -7.499275486510892819e+00 5.236836149467094526e-01 6.737838969187357474e-01 2.688949558397227269e-01
3.468705917654966216e-04 -7.498192729834729064e+00 4.481125449769062796e-01 6.515235978297544417e-01 1.849620328966055938e-01
3.461748801545122436e-04 -7.497700424489306847e+00 4.982776508224296963e-01 6.333197482456666139e-01 1.422231701419914840e-01
3.455182206109693875e-04 -7.497099127078911351e+00 4.860201138223756989e-01 6.609578623896086302e-01 2.487175550389077172e-01
3.446920142089045192e-04 -7.496993199942530772e+00 5.771691805852425805e-01 6.522600596541964224e-01 2.686334736585008764e-01
3.441270875576144862e-04 -7.496133476109385185e+00 5.808684930011720482e-01 6.418313680883449557e-01 2.420079768571594403e-01
3.434300892937697898e-04 -7.495660939500266906e+00 4.599486125555167781e-01 6.408486488215756616e-01 1.863899803189719151e-01
3.430586587515478659e-04 -7.494243056518279822e+00 4.494069684023572209e-01 6.577215499860992187e-01 1.951773508454427430e-01
3.422875577500822690e-04 -7.493993309918034917e+00 5.593369144495512479e-01 6.271456619057307336e-01 1.930785734465232661e-01
3.415881893100823500e-04 -7.493538619133376599e+00 4.959927700977609932e-01 6.726280373222537357e-01 2.062864608670287037e-01
3.411417281027217694e-04 -7.492346489960813649e+00 5.583641564448823535e-01 6.309766172154125385e-01 2.472951212652338970e-01
3.405262375188251498e-04 -7.491652327354381136e+00 5.675534588765155375e-01 6.433021930359565932e-01 2.717125852278525211e-01
3.397342298249242387e-04 -7.491480870874939413e+00 5.364153873112670334e-01 6.237296012081795515e-01 1.670409915839649595e-01
3.390165197799399903e-04 -7.491095668723461998e+00 5.771100572275345009e-01 6.492805303874433775e-01 2.700957757827961991e-01
3.385392906751105604e-04 -7.490004347319032973e+00 5.362274788304742801e-01 6.547409937454279349e-01 2.786251900073995480e-01
3.380255390505186759e-04 -7.489023053881258107e+00 5.705411873077258500e-01 6.572029246158389570e-01 2.734457255457893865e-01
3.372561890639318529e-04 -7.488801659350443174e+00 5.327281876549528894e-01 6.209067338311424766e-01 1.666871344721466974e-01
3.366264639816273960e-04 -7.488170605710048555e+00 4.460831160182763266e-01 6.618094930195517200e-01 1.836027555026087388e-01
3.359241019551864583e-04 -7.487759258422128639e+00 5.328691829956861969e-01 6.253657833982663172e-01 2.226957820055373294e-01
3.351000897341167980e-04 -7.487715243304545076e+00 4.449927707465480275e-01 6.578515745543130899e-01 1.672277312823984285e-01
3.345239625881106559e-04 -7.486935991793687961e+00 4.618559776490852031e-01 6.434972466476632791e-01 1.403458742333144327e-01
3.341312367843505800e-04 -7.485610665524749407e+00 4.940419022527245407e-01 6.697236983393455301e-01 2.566918547648750493e-01
3.333978649733180481e-04 -7.485307939333972982e+00 5.731592158700847817e-01 6.311893883359220858e-01 2.388939365038799389e-01
3.327283894915886837e-04 -7.484817995843977556e+00 4.698767287255879999e-01 6.329688747993786890e-01 1.366181258696058665e-01
3.326843340737184246e-04 -7.482450411159690340e+00 4.994551237486454798e-01 6.726323046876541145e-01 2.585873384956297039e-01
3.323374081339186287e-04 -7.480993763427001397e+00 4.826520898236523749e-01 6.238017540898745938e-01 1.488594278363250256e-01
3.316598839694435323e-04 -7.480534507892888207e+00 5.157906910576348647e-01 6.557858398008702405e-01 1.818527015617117382e-01
3.310536764547323337e-04 -7.479863979085244807e+00 4.532555271698343047e-01 6.386175494241922435e-01 1.492747859158790602e-01
3.302938635872463137e-04 -7.479661751907503486e+00 5.265974924590907102e-01 6.612801773338999878e-01 2.771051377411762329e-01
3.294838054433649340e-04 -7.479617301978201738e+00 4.878736614938177230e-01 6.567159149176148292e-01 1.654729318410446404e-01
3.286611455640973999e-04 -7.479617238523961653e+00 4.824830052457585450e-01 6.605730650257360947e-01 1.698711526403246241e-01
3.279605571381077000e-04 -7.479251157305373710e+00 5.032717707301472831e-01 6.497403608603362635e-01 1.633017700337324463e-01
3.272962171880950148e-04 -7.478778882019319063e+00 5.290943073840891353e-01 6.550663178884731375e-01 2.750262647762312107e-01
3.267168394691313143e-04 -7.478050644416503800e+00 5.364404089955556731e-01 6.199159407869796468e-01 1.751974969042857100e-01
3.260763876457117676e-04 -7.477512833980688889e+00 4.708511530538663781e-01 6.346302576812369312e-01 1.862158434765807946e-01
3.253735957354034485e-04 -7.477170458359786664e+00 4.947959867788131461e-01 6.233700826300021536e-01 1.441815174934637234e-01
3.246246002038340357e-04 -7.476975067411798292e+00 5.417541609469652686e-01 6.694377229939115770e-01 2.732764018013385532e-01
3.242352211458748076e-04 -7.475675262251693098e+00 5.453246673229997787e-01 6.313154796821615067e-01 2.443680175677569455e-01
3.234591325147583431e-04 -7.475571729036241564e+00 5.194780273538727178e-01 6.282608094290798029e-01 2.222181471062992519e-01
3.227086094811208467e-04 -7.475394727608788870e+00 5.366767399751887213e-01 6.663120522724813588e-01 2.264016714746464043e-01
3.220933058227925128e-04 -7.474803232625570004e+00 4.569485208475325133e-01 6.447422202415278303e-01 1.879616951321703977e-01
3.215251943289454818e-04 -7.474068600281277952e+00 5.147145211480561589e-01 6.527545366362829116e-01 1.761247174336227628e-01
3.208716206219565208e-04 -7.473603398453629865e+00 4.573116214195300788e-01 6.701442317760960554e-01 2.017659868625736597e-01
3.201590068267124085e-04 -7.473326737115717933e+00 5.544125938161941214e-01 6.610873394486990184e-01 2.810551056272543313e-01
3.193761873186256304e-04 -7.473274827248101992e+00 5.403518136322673637e-01 6.468975913775104614e-01 2.713690937103846457e-01
3.188980425857550942e-04 -7.472273069852645833e+00 4.742530557725844753e-01 6.453128127524252466e-01 1.443869895118027602e-01
3.184545982931109875e-04 -7.471164589509918130e+00 4.494876631207186390e-01 6.625095796890438926e-01 1.931558006052997989e-01
3.176598148153130701e-04 -7.471163460389101729e+00 5.294080625217849612e-01 6.226993378084649811e-01 1.634681140648240882e-01
3.170901455631298157e-04 -7.470458401517703351e+00 5.760987637781361803e-01 6.459598397708584683e-01 2.663401242180718498e-01
3.163357251914682903e-04 -7.470340434722262835e+00 4.992892726545566928e-01 6.652247722247855988e-01 2.603992161987140341e-01
3.157661941279150085e-04 -7.469642458099395199e+00 5.604179616705829980e-01 6.459858671814622255e-01 2.109097262452850896e-01
3.150168241779079895e-04 -7.469518458342900402e+00 5.748538004930381362e-01 6.443969247528551492e-01 2.662897237968833153e-01
3.149089627612384362e-04 -7.467360915883007877e+00 5.661717336147195079e-01 6.270196692359913948e-01 2.199727012975526697e-01
3.142103061443858722e-04 -7.467081979323909380e+00 5.762863650163524420e-01 6.389830330847405815e-01 2.308311699602771105e-01
3.136682616757040742e-04 -7.466308569881766388e+00 4.840849926125865843e-01 6.347111779677679921e-01 2.043642033697302407e-01
3.129225219715629064e-04 -7.466188879569393144e+00 5.611367071291075703e-01 6.623507819969953747e-01 2.573005937236666485e-01
3.124117965718951027e-04 -7.465322327464642527e+00 5.530214885561545168e-01 6.615791037528881979e-01 2.355410786184788940e-01
3.120107492082373223e-04 -7.464106866024350140e+00 5.537449843690255280e-01 6.226084707501325921e-01 2.035061066463483559e-01
3.117186497113337237e-04 -7.462543488600624997e+00 4.724108907664618662e-01 6.300559253754708378e-01 1.701020201885160010e-01
3.110920696099962160e-04 -7.462055593701886202e+00 5.085275873521076795e-01 6.703662213216284860e-01 2.109022843075310794e-01
3.104756234355788755e-04 -7.461539114993049004e+00 4.889145015027480112e-01 6.764086621194473903e-01 2.243437631890208561e-01
3.098062387975340282e-04 -7.461197439905173923e+00 4.500021060283819763e-01 6.431586460839084918e-01 1.586251911511361856e-01
3.094914013833721862e-04 -7.459714196375269779e+00 4.746441982578207264e-01 6.613382350089165307e-01 2.341966816490701486e-01
3.088789027324788362e-04 -7.459195206288336877e+00 4.964491217656468725e-01 6.228691342994761015e-01 1.479700712452818312e-01
3.086085527596605640e-04 -7.457570851575342274e+00 5.411449700827115628e-01 6.400315005635311971e-01 1.817920311904812070e-01
3.080001642241454100e-04 -7.457044189662147105e+00 4.884020019864950268e-01 6.371714346922544570e-01 2.148526988945273497e-01
3.072941046969965718e-04 -7.456839221073046531e+00 4.853314431338838220e-01 6.253460231072844877e-01 1.445700108433979891e-01
3.065405281214959735e-04 -7.456794530414655675e+00 5.304313869894409228e-01 6.331306819163037281e-01 1.659383296885847126e-01
3.062036733854463710e-04 -7.455394025992598372e+00 5.122731814923057181e-01 6.224911890248060464e-01 1.933135337640539964e-01
3.061059756076562233e-04 -7.453213138320098352e+00 4.485891326904907217e-01 6.612157575272841203e-01 1.771094897273467750e-01
3.055400106846446078e-04 -7.452563767923569671e+00 5.437103744028577434e-01 6.346234371455837797e-01 2.499100701013123593e-01
3.053350303722957189e-04 -7.450734871852412233e+00 5.479558100583097335e-01 6.388892579519780401e-01 1.880494136901086910e-01
3.048936559534932739e-04 -7.449681459027551966e+00 4.759336495346405682e-01 6.398019247487845007e-01 1.413043720474597698e-01
3.041918100382303824e-04 -7.449486049319338221e+00 4.605233176706093889e-01 6.352369832258329962e-01 1.478976614684555657e-01
3.035658458997263481e-04 -7.449045963674121751e+00 4.899835747717937173e-01 6.522169612251063064e-01 1.608129718516435602e-01
3.032236622047076611e-04 -7.447673813535468312e+00 5.327153090222516152e-01 6.453358971045983772e-01 2.642503796952770934e-01
3.024826646282480756e-04 -7.447620537016121034e+00 5.570667125291913768e-01 6.523239598717268661e-01 2.194975555159603131e-01
3.018373870217421319e-04 -7.447256087044555883e+00 5.542294368057718579e-01 6.351521387784204720e-01 2.530674263338138497e-01
3.013179024801855826e-04 -7.446478644001444991e+00 5.035208201385942273e-01 6.268159308595134815e-01 1.468928260015041898e-01
3.006275336728664576e-04 -7.446272436988491172e+00 5.161053786372969965e-01 6.242369640652464247e-01 1.549114562971718456e-01
3.001832880773341048e-04 -7.445251257477104367e+00 5.041678760997714281e-01 6.215012179115712021e-01 1.764445664919518930e-01
2.996820555022524334e-04 -7.444422408168165362e+00 5.029504404438337462e-01 6.647298573598147131e-01 1.925418004652592607e-01
2.990650796117989754e-04 -7.443983298559592399e+00 4.971384615830938825e-01 6.354960088910198701e-01 1.461746657134354865e-01
2.989724858357773666e-04 -7.441792957290451760e+00 4.683837075951058915e-01 6.719918124591961472e-01 2.190664361892110668e-01
2.984345142990717367e-04 -7.441093979648749190e+00 5.200487783268726849e-01 6.202240987378280224e-01 1.835255466182186268e-01
2.979542770017891418e-04 -7.440204463977380556e+00 5.054528502459566530e-01 6.238436317140353404e-01 1.905408949896379989e-01
2.972690774628731006e-04 -7.440006792461122842e+00 5.377345049428623458e-01 6.586436561984447824e-01 2.776374829367752595e-01
2.968084486357141041e-04 -7.439057529189019746e+00 5.157752509252125916e-01 6.235008869801195175e-01 1.989234454424910759e-01
2.961620210747401396e-04 -7.438737832762543079e+00 5.254110980568232891e-01 6.213112059622539762e-01 1.948016610108992408e-01
2.954236880373501371e-04 -7.438733949248700128e+00 4.754792647081435564e-01 6.488494888263742766e-01 2.206195119459278819e-01
2.949583447284369895e-04 -7.437810363771683697e+00 4.708303771161729823e-01 6.713460913774389471e-01 1.975129919907279152e-01
2.946189459196372324e-04 -7.436461693212882196e+00 4.920815621826917230e-01 6.755854167654236075e-01 2.391511280024668229e-01
2.941509975273741461e-04 -7.435551273306101550e+00 5.253718973465899555e-01 6.624425598490228939e-01 2.736442325554809263e-01
2.935014842167809235e-04 -7.435261809618831208e+00 4.869224241927185282e-01 6.537318030690314474e-01 2.396569404930558311e-01
2.928208629246784956e-04 -7.435083473124031173e+00 4.527025982523887881e-01 6.643442606609830658e-01 1.845228527860174883e-01
2.925543609190725059e-04 -7.433494007130812875e+00 5.230159492964588930e-01 6.384541805307397677e-01 1.656367372774818769e-01
2.918304225587802056e-04 -7.433471616921785596e+00 5.003884121756855263e-01 6.297480943097857331e-01 1.462097571168689547e-01
2.911185284861338022e-04 -7.433414007204015128e+00 4.835621654440994677e-01 6.400447480001850709e-01 1.445491076672069386e-01
2.905320431746542570e-04 -7.432930632094668866e+00 5.406086323731519316e-01 6.510783182491401977e-01 1.984011472291280775e-01
2.898170962063058818e-04 -7.432894484563854931e+00 5.301072624106552000e-01 6.671472284078969750e-01 2.247120210991075673e-01
2.892703043183630441e-04 -7.432282945787321182e+00 5.218464554245219045e-01 6.217530363149900152e-01 1.641010075034361471e-01
2.885764579637085372e-04 -7.432184436055694121e+00 5.117469201049505978e-01 6.329763473223488646e-01 2.256487691145855901e-01
2.878729048090566695e-04 -7.432125425843961963e+00 5.468722134939357771e-01 6.227413573492852628e-01 1.927994517438330890e-01
2.872416973159074732e-04 -7.431820493554861073e+00 5.345604317154185603e-01 6.207013289095821840e-01 1.841314743946742549e-01
2.869106182591340767e-04 -7.430473773214242073e+00 5.212410754240131006e-01 6.701065111361792503e-01 2.676549425802406401e-01
2.863220347992818785e-04 -7.430027332667128448e+00 4.568528669175418999e-01 6.488954064757131990e-01 1.915230714241906440e-01
2.858165042357834330e-04 -7.429294494501426982e+00 4.868661630269960905e-01 6.740470417935001679e-01 2.135770158093193427e-01
2.851635598974396166e-04 -7.429081595799635451e+00 4.825432191787786262e-01 6.749045015541156323e-01 2.284802387632875464e-01
2.844878060905374614e-04 -7.428954114024725719e+00 5.721591979158857644e-01 6.417760364084200697e-01 2.584648672173295303e-01
2.839692219657882701e-04 -7.428278646902379379e+00 5.202952534768174875e-01 6.738574482000728727e-01 2.534259710572097646e-01
2.832830695761172791e-04 -7.428197862248175909e+00 5.464237430196855483e-01 6.233970501196804959e-01 1.892514209421125304e-01
2.827565821582971560e-04 -7.427558112031153570e+00 4.794141076944952728e-01 6.600517225823826495e-01 1.705007513546045184e-01
2.821340559152480916e-04 -7.427262172261944073e+00 5.208410206763103290e-01 6.692538567921930692e-01 2.682930599589050114e-01
2.814711218989337529e-04 -7.427114650018154407e+00 5.715076237798626391e-01 6.409994440941425564e-01 2.575344241788957156e-01
2.807800924663510960e-04 -7.427072731967537145e+00 5.229151870372569233e-01 6.716470357536612479e-01 2.342805024633506372e-01
2.802145385217386336e-04 -7.426588987043674983e+00 5.412024772907385595e-01 6.394167607716836343e-01 2.568161930835015649e-01
2.797995514362583186e-04 -7.425571046759249505e+00 4.759091303613425250e-01 6.325313583461665834e-01 1.820955481478020166e-01
2.792641792288394400e-04 -7.424986293060185538e+00 4.759751661087534003e-01 6.720886092683894253e-01 2.023737562252495847e-01
2.792478875042852778e-04 -7.422544632800825326e+00 5.554161393483916243e-01 6.280845609728041845e-01 1.961336181759271158e-01
2.785677932442402228e-04 -7.422483053306013545e+00 4.933847224384155239e-01 6.312470140913271077e-01 2.021354179286327102e-01
2.780347492548828833e-04 -7.421898402632023384e+00 4.860104952757524632e-01 6.251213503436554575e-01 1.597241374953191351e-01
2.774776348065355574e-04 -7.421404171184120102e+00 4.909934140042795381e-01 6.240565828079163158e-01 1.647444735843417718e-01
2.767993964437709224e-04 -7.421351462567438162e+00 5.430035076909329739e-01 6.222937424614920499e-01 1.924470168603833464e-01
2.763188764998700318e-04 -7.420588957379282036e+00 5.014336895497649715e-01 6.259517866917350126e-01 1.490737672218263588e-01
2.757563801740111893e-04 -7.420126710434516326e+00 4.965497144400520813e-01 6.300010628011577518e-01 2.016614008728988827e-01
2.752062628174001746e-04 -7.419623642699960442e+00 5.056128723884203424e-01 6.668981589707096980e-01 2.612783567389223571e-01
2.748003289857284823e-04 -7.418599748300977126e+00 5.573946247243799501e-01 6.317994064730139137e-01 1.981178037509437606e-01
2.742982165035559908e-04 -7.417928609900595660e+00 5.210800202506025158e-01 6.336243757161772461e-01 1.612843811012658890e-01
2.736355198496975686e-04 -7.417847504496833722e+00 4.776800044851902682e-01 6.402801120721852701e-01 1.441338510546773255e-01
2.732846455869673429e-04 -7.416630596008329412e+00 5.396547224368463125e-01 6.652640147910445778e-01 2.738769579776563212e-01
2.726526938019617008e-04 -7.416445704434400099e+00 5.727854271325594215e-01 6.454676205656131316e-01 2.397375256265966703e-01
2.721342980312768428e-04 -7.415848818623684835e+00 5.670536731294584243e-01 6.395490045151358549e-01 2.566694294491000394e-01
2.717166198449654196e-04 -7.414884821431441786e+00 4.564095777563121903e-01 6.551476229411417052e-01 1.982113823180773615e-01
2.713904360749150985e-04 -7.413585998273886091e+00 4.838538148420521434e-01 6.347147378765740644e-01 1.996564421409375012e-01
2.708936997128218323e-04 -7.412918013884314483e+00 4.495973973997604567e-01 6.535017922290244918e-01 1.672547591478262541e-01
2.704103049341915663e-04 -7.412204052424508305e+00 4.800995404794520249e-01 6.681850657647288028e-01 2.375687184556873333e-01
2.697407931880504268e-04 -7.412183033181315217e+00 4.674677155331648515e-01 6.391082141129790228e-01 1.437839551376454694e-01
2.694125357614608729e-04 -7.410900710786272327e+00 5.663211367090333903e-01 6.324279007055503277e-01 2.172064878486355821e-01
2.687473840576573201e-04 -7.410872660175329862e+00 5.722934810188321508e-01 6.397833249342586015e-01 2.324590334937064739e-01
2.682401147549562902e-04 -7.410261975865973127e+00 5.477891839514155148e-01 6.657592126119119547e-01 2.523327215569207138e-01
2.675782435337128681e-04 -7.410232483072915599e+00 5.626336752932046270e-01 6.537044619788221489e-01 2.721721092551465659e-01
2.670243798517377208e-04 -7.409804541293030233e+00 5.072645931106773975e-01 6.239829498775986139e-01 1.888188286983516206e-01
2.663813874544486210e-04 -7.409715436518182763e+00 4.812208505851800489e-01 6.590192369130679628e-01 2.367505967165343672e-01
2.658060678712561914e-04 -7.409377531101789316e+00 5.363687268479354620e-01 6.636457356770730787e-01 2.743999035505613748e-01
2.651600124044963913e-04 -7.409311041676518883e+00 4.963256391355975183e-01 6.742388304473001526e-01 2.230183458506214134e-01
2.647680331986573886e-04 -7.408290409604219029e+00 5.387554536058027921e-01 6.223033060798225380e-01 1.956764028491555507e-01
2.643344619164950376e-04 -7.407429303327880632e+00 5.246138586547308691e-01 6.683865631494194659e-01 2.682437093731890876e-01
2.638573889871995387e-04 -7.406735741871804279e+00 5.244470490364452342e-01 6.601079553979691816e-01 2.706824012080800701e-01
2.634148885775453746e-04 -7.405914193527111777e+00 5.604388488112096445e-01 6.307370039077891954e-01 2.057801097997479234e-01
2.630629881927361866e-04 -7.404751003496693684e+00 4.889471431364773579e-01 6.475512760452050154e-01 2.316729892735807650e-01
2.625358657460927008e-04 -7.404256801718743120e+00 4.827965497717632282e-01 6.423973764815147369e-01 2.157716099451078839e-01
2.619008236376695379e-04 -7.404178609466613104e+00 4.955826748006365579e-01 6.382610340619010447e-01 2.212099325116247128e-01
2.612527601543431833e-04 -7.404156137423586692e+00 4.842321166852557868e-01 6.703377273176495121e-01 2.397678677377879652e-01
2.607494311157415828e-04 -7.403584593675332393e+00 5.631159434649481987e-01 6.449140171687139933e-01 2.654456415813358783e-01
2.601559316357481260e-04 -7.403363317525188059e+00 4.573360584629108105e-01 6.659322676662895457e-01 1.938481041261377325e-01
2.597510710582229591e-04 -7.402420752440524332e+00 4.765521305405379104e-01 6.527792359220647711e-01 2.248043333547646017e-01
2.591302909642495414e-04 -7.402313516704531082e+00 4.901675250134444051e-01 6.388114448601424078e-01 2.165417629932955557e-01
2.587423520710664844e-04 -7.401311718901402159e+00 4.877875552712678253e-01 6.612422726503641712e-01 1.782057208967320894e-01
2.585063624271758168e-04 -7.399724199314212214e+00 5.261233819376178733e-01 6.708732525996364826e-01 2.393667688737729227e-01
2.581670350820048569e-04 -7.398537707598531910e+00 4.743690334377614337e-01 6.410948536408115350e-01 2.015297937036064635e-01
2.575512952025903603e-04 -7.398425600895460974e+00 4.809479890382252210e-01 6.606722847557825462e-01 2.366635804889006545e-01
2.569218478188587534e-04 -7.398372561271698622e+00 4.591955200723802366e-01 6.454909977717145919e-01 1.505135989632736815e-01
2.577029091159542908e-04 -7.392837099466579076e+00 5.122120636833566998e-01 6.710492778013781301e-01 2.231805187601062224e-01
2.574045486033475685e-04 -7.391495539483328159e+00 4.766471937968287942e-01 6.439997291395270773e-01 1.487075898345256997e-01
2.568207491133584191e-04 -7.391266138551097598e+00 4.649044295389694881e-01 6.595820690270548514e-01 2.144526315020297558e-01
2.562731604839810348e-04 -7.390900597086004886e+00 4.663191047436528458e-01 6.637385865989778866e-01 2.178778354425991437e-01
2.556734833397493988e-04 -7.390743331141355732e+00 5.415982032714042882e-01 6.300636600735544102e-01 2.314238086072080980e-01
2.554135773318353493e-04 -7.389260402596766752e+00 5.306492020931741216e-01 6.480172050169860087e-01 1.863274200157755411e-01
2.548638011760708281e-04 -7.388915216396661378e+00 5.283412174818605811e-01 6.259416233547072661e-01 2.114097738547718597e-01
2.542661992780552199e-04 -7.388762758957224897e+00 4.724079901078254151e-01 6.334261045477740382e-01 1.733721206325566366e-01
2.536721296453479848e-04 -7.388601900816595958e+00 5.362211831936971596e-01 6.573993315414079497e-01 2.727808124688567704e-01
2.531756336505367323e-04 -7.388061053799299671e+00 5.181008432584385259e-01 6.498366520351391840e-01 2.579776841031884982e-01
2.525469184018401233e-04 -7.388047458924202893e+00 4.536490581653408460e-01 6.559622996277328921e-01 1.676554330753796118e-01
2.523080157560082847e-04 -7.386493879955279063e+00 5.383487481182880341e-01 6.445230074165817502e-01 1.889192065122455300e-01
2.516863922475919804e-04 -7.386460668529759133e+00 4.729715763877986312e-01 6.570923394108811877e-01 2.236636955337442112e-01
2.510933909840118525e-04 -7.386319560268574946e+00 5.474035523302587247e-01 6.439497187386906685e-01 2.629452368823222974e-01
2.504753628882021841e-04 -7.386283941886530258e+00 4.760404231906972816e-01 6.342654422089075705e-01 1.836786481607578236e-01
2.498661609792162406e-04 -7.386219087406022510e+00 4.516310076612247704e-01 6.525386596519231475e-01 1.750069487753592168e-01
2.493109982310472844e-04 -7.385943399824236977e+00 5.508464841236826448e-01 6.537473026122417874e-01 2.729908096092720782e-01
2.488230495062652026e-04 -7.385402506546879131e+00 4.859908911260392705e-01 6.625599161706646756e-01 1.811512712266620528e-01
2.484016097477843095e-04 -7.384597675326451949e+00 4.849102988121904989e-01 6.718407790498656107e-01 2.355659210500227196e-01
2.478445258005771172e-04 -7.384342868351922107e+00 4.841568821070595385e-01 6.712898974879302205e-01 2.058285001072980847e-01
2.472287443844663917e-04 -7.384330507134910349e+00 5.078689318617140014e-01 6.287961428191767288e-01 2.059392817143756160e-01
2.468667981665299306e-04 -7.383295593343987662e+00 5.503709211514354882e-01 6.448023994558175209e-01 2.643577157613026807e-01
2.464956195725856772e-04 -7.382300283002663832e+00 5.302249691148737121e-01 6.224297905204744241e-01 1.855441759614004371e-01
2.459993417006682494e-04 -7.381815645915664525e+00 4.541294772343892894e-01 6.608668151748841035e-01 1.844017667958816331e-01
2.454658357132876302e-04 -7.381486730344269276e+00 5.348933049307521559e-01 6.412310684866362465e-01 1.818549107028785972e-01
2.454044255759481904e-04 -7.379236939584889576e+00 5.588692289183899709e-01 6.503487730859774940e-01 2.246135805350461534e-01
2.448208396267152450e-04 -7.379117829621918645e+00 5.093242560762550886e-01 6.377980512126416590e-01 2.310100344504663339e-01
2.444296400582876214e-04 -7.378217009052669084e+00 5.684530184840704825e-01 6.395322736205190095e-01 2.478224013529440051e-01
2.439079840699736148e-04 -7.377853466130567028e+00 4.775542666735133612e-01 6.516088858263318073e-01 1.587488639034045912e-01
2.435400186308402679e-04 -7.376863229251924281e+00 5.516316825677585189e-01 6.367454465787731888e-01 1.963406044621118784e-01
2.429516807360243113e-04 -7.376781926970306991e+00 4.716779427802736402e-01 6.329106409624339902e-01 1.525949522871435649e-01
2.425697979090231295e-04 -7.375855010438488790e+00 5.512886410639793455e-01 6.481774552316361682e-01 2.098226086616210018e-01
2.419990931577213221e-04 -7.375710526963386471e+00 5.591222552464132356e-01 6.537682736623751101e-01 2.694554458810378139e-01
2.416789960749777882e-04 -7.374534122704442751e+00 4.974459090513709270e-01 6.738967991764457377e-01 2.332127147904702602e-01
2.412635994486276962e-04 -7.373754396429070823e+00 4.876063672068227661e-01 6.353363921110073420e-01 2.025973536925356200e-01
2.407169152092827663e-04 -7.373522888441334189e+00 5.509181025742621030e-01 6.520029734586744175e-01 2.708357824362003230e-01
2.401174837107349102e-04 -7.373516186801131411e+00 4.891078707528079828e-01 6.733296147128601250e-01 2.216874841592500478e-01
2.396997589536988883e-04 -7.372757370007688493e+00 5.462152102291459865e-01 6.650948317200738868e-01 2.567342584751753365e-01
2.393405150551505974e-04 -7.371757218706780357e+00 4.808976343699198353e-01 6.344300327813851004e-01 1.463442635541633008e-01
2.388198298219526669e-04 -7.371435088304634675e+00 4.813281153657177347e-01 6.502739764168623537e-01 2.249819294415045245e-01
2.382625280831869238e-04 -7.371271380909142579e+00 4.982521165146476250e-01 6.596746504228980790e-01 2.509359228090629612e-01
2.376996081085934714e-04 -7.371136780146841261e+00 5.351195416435317043e-01 6.532516292399161983e-01 2.005574028884220261e-01
2.371088715098699747e-04 -7.371125096716101055e+00 5.227331889477819793e-01 6.706101700148533462e-01 2.577890322769147424e-01
2.365371722471873136e-04 -7.371039133728985782e+00 4.628438728737819807e-01 6.597219401158880281e-01 1.713942039628434666e-01
2.364459257670084124e-04 -7.368924967733175180e+00 5.242554355693177515e-01 6.630856093339559942e-01 2.115141170668415893e-01
2.359903528534319068e-04 -7.368353579380517715e+00 5.306338053578966152e-01 6.404972200725723708e-01 1.779930230705897565e-01
2.355835023461098161e-04 -7.367579080503112721e+00 5.544062052644093130e-01 6.610675784889802342e-01 2.593254752239821381e-01
2.350424462474063269e-04 -7.367378385667618268e+00 5.649995522489178468e-01 6.534706400236511836e-01 2.529016482180745373e-01
2.346971401618948598e-04 -7.366348588127449304e+00 5.307133235823516815e-01 6.548654193421308278e-01 1.995094313939825004e-01
2.344192343740833528e-04 -7.365033393584714538e+00 5.582759346373835641e-01 6.304644063625082229e-01 2.115991905334131395e-01
2.338373819476916048e-04 -7.365018581003655029e+00 5.322511062747972144e-01 6.579159403226290115e-01 2.075144217499009236e-01
2.334322952895774551e-04 -7.364252426700604204e+00 5.663277288620449657e-01 6.358225841049567340e-01 2.327326616895513123e-01
2.329509215780928614e-04 -7.363816711456199648e+00 5.239869204786470336e-01 6.502216225478701928e-01 2.602614542718892365e-01
2.324280435335925206e-04 -7.363563818883571699e+00 5.131806432905327009e-01 6.274308038298599399e-01 2.034770856154471397e-01
2.318649236496957101e-04 -7.363489529371641140e+00 4.698419743838780915e-01 6.691469214186648307e-01 2.135118140588770086e-01
2.315851210319865700e-04 -7.362197006444593406e+00 5.350474666471153329e-01 6.683294496643982230e-01 2.542711478665706237e-01
2.311030884270570988e-04 -7.361780624611076185e+00 4.635959024124708949e-01 6.383032623836496500e-01 1.640075730496540207e-01
2.305268416680117296e-04 -7.361777200421201428e+00 5.532277354514394396e-01 6.579873139001560789e-01 2.691892280969596096e-01
2.299692859767749553e-04 -7.361698745056296289e+00 4.994206881229592554e-01 6.608579640212184358e-01 1.865065245052692777e-01
2.294298418276268555e-04 -7.361547223163609210e+00 4.654157570594234516e-01 6.446080468905568406e-01 1.914489879645304704e-01
2.289114971574308282e-04 -7.361309052272566156e+00 4.763663382479377262e-01 6.507190591275169300e-01 2.187923326706081861e-01
2.284446865410239924e-04 -7.360850396831358111e+00 5.284112146730064463e-01 6.601196443185947116e-01 2.687220946840277458e-01
2.279939103965858199e-04 -7.360325586020072031e+00 5.035442238164458129e-01 6.242362881894524262e-01 1.661038632497331968e-01
2.274601956564921684e-04 -7.360169246895217121e+00 4.550859743594972695e-01 6.507511031179085137e-01 1.796170308640461510e-01
2.271724738987150962e-04 -7.358934979938428711e+00 4.653855009367839357e-01 6.630453021845088557e-01 2.125302674938756298e-01
2.266350930849020515e-04 -7.358803301245030681e+00 4.576495057978627323e-01 6.575319652790589942e-01 1.952419797305936233e-01
2.260811720767037087e-04 -7.358750402563206450e+00 5.353857647522910490e-01 6.413926222538401944e-01 1.840256403995013113e-01
2.255767712991239989e-04 -7.358483955607814764e+00 4.748607696248986487e-01 6.514156784836266922e-01 1.590659157416871583e-01
2.250251596108857142e-04 -7.358432289385126168e+00 4.713040227894638168e-01 6.640049349235209730e-01 2.219752163176810511e-01
2.247967576811794963e-04 -7.356947811041829155e+00 4.594552958713801205e-01 6.636101595871004566e-01 1.960174052523168120e-01
2.243854501635674339e-04 -7.356279173127795445e+00 4.860756771031840562e-01 6.587302587566896683e-01 2.378757974591666213e-01
2.238362204380904595e-04 -7.356229880161340162e+00 4.616260949286909998e-01 6.414221598417125803e-01 1.554363650232864491e-01
2.233039253834971790e-04 -7.356110768171580716e+00 5.298905539729138470e-01 6.689713694081108608e-01 2.436491305369941907e-01
2.227913641101602780e-04 -7.355908759255406437e+00 5.003652704721596178e-01 6.724676613489157795e-01 2.427776253164440901e-01
2.222813738184009386e-04 -7.355700476862453208e+00 5.322578662950688821e-01 6.634000193751113938e-01 2.685711273194736348e-01
2.219061603763577961e-04 -7.354889914329302947e+00 5.593425610551148175e-01 6.324525087569548010e-01 2.126877831530939456e-01
2.215526349837342360e-04 -7.353984314851805593e+00 5.164423049703917856e-01 6.428428346807243399e-01 1.698691614037654285e-01
2.211457624655052679e-04 -7.353322463058958647e+00 4.717592587268478188e-01 6.499174572617787415e-01 2.107497209328463850e-01
2.206925702404507052e-04 -7.352873857654834922e+00 5.412474909698125058e-01 6.652841457038545236e-01 2.624205775861556678e-01
2.201732394367242123e-04 -7.352729817371109533e+00 4.591601377339864509e-01 6.629328444139922505e-01 1.875233201254513649e-01
2.196237847463612712e-04 -7.352728492650934200e+00 5.284921692755804035e-01 6.449367204220093353e-01 2.549306351132017423e-01
2.193623636739867769e-04 -7.351419514755931139e+00 4.597272102236857338e-01 6.534575797993301682e-01 1.950939962535712668e-01
2.189982049175736385e-04 -7.350580972771433075e+00 4.873727103026000984e-01 6.452196398995807547e-01 1.559501970988939334e-01
2.184971597455475246e-04 -7.350371490255986906e+00 5.113802128217119769e-01 6.637088126311880831e-01 2.026652896332425402e-01
2.181468936311757123e-04 -7.349475845963083565e+00 5.505015946317077802e-01 6.614759248234902689e-01 2.484437696633632064e-01
2.178476182046080187e-04 -7.348348686517025996e+00 5.467464924260131420e-01 6.587351545398464348e-01 2.294227297011670608e-01
2.174466281686899616e-04 -7.347691073144852147e+00 5.433282990654973998e-01 6.358322572414688567e-01 1.883275391525355003e-01
2.169256081385276009e-04 -7.347590030704682640e+00 5.385054367280011078e-01 6.476705078988383990e-01 1.961909832860191938e-01
2.165778963823173546e-04 -7.346694224567717590e+00 5.122708658965920980e-01 6.359902171521392145e-01 1.613345021876420593e-01
2.161829338428881205e-04 -7.346019540638421219e+00 5.125992542530770635e-01 6.311835363155517964e-01 1.598992311897776686e-01
2.157641531697917809e-04 -7.345458578158989837e+00 5.379191183119081954e-01 6.374362280151755211e-01 1.837699951937534493e-01
2.152479062800321207e-04 -7.345354089492438732e+00 5.334827066336559342e-01 6.456700519863727283e-01 2.577612344894840701e-01
2.147398586128041516e-04 -7.345217170236247206e+00 5.624168608670240266e-01 6.404975621356716609e-01 2.203591574983718993e-01
2.142935971845005296e-04 -7.344797481611569090e+00 5.065985120036488043e-01 6.450461862565697313e-01 1.661943289534599244e-01
2.139984802421133494e-04 -7.343675592506669680e+00 4.839152155013636269e-01 6.648970098021921293e-01 1.889381596531583551e-01
2.135101123561491314e-04 -7.343460309618127013e+00 5.440835246037722950e-01 6.486144507216559107e-01 2.645554510898989742e-01
2.131774217131791568e-04 -7.342519721055418280e+00 5.646244176998641562e-01 6.419118776254462144e-01 2.501199030164215076e-01
2.127141485884710052e-04 -7.342195266850339408e+00 4.702711583494666447e-01 6.559490569746309063e-01 1.665086223632332718e-01
2.122579928514239163e-04 -7.341842023626850455e+00 4.826742314805851919e-01 6.667687352833328029e-01 2.341710965727816229e-01
2.119330221420793808e-04 -7.340874214368445116e+00 5.048791815288602436e-01 6.272750129899519189e-01 1.914216717483137875e-01
2.115846115523583270e-04 -7.340019532724042506e+00 5.523961362793379237e-01 6.528311113536572341e-01 2.674186281272673549e-01
2.110945035574995129e-04 -7.339838588466283120e+00 5.291189843912752488e-01 6.249248257094882630e-01 1.803191096890904010e-01
2.107889255153399871e-04 -7.338787226049749535e+00 4.805084761806763805e-01 6.331332623829892814e-01 1.512054061641248670e-01
2.103399515380028305e-04 -7.338419467137476282e+00 4.673221880750946244e-01 6.654298075865059392e-01 1.900819495811228166e-01
2.098273785834060476e-04 -7.338359319891960553e+00 5.436342790363712929e-01 6.545023499582465210e-01 2.685370053791064637e-01
2.093134347614463060e-04 -7.338311689421118444e+00 4.781241669804514594e-01 6.593004853869015580e-01 2.278331176947276659e-01
2.088656985028644359e-04 -7.337953051311537855e+00 5.466844689613075126e-01 6.300405414807559445e-01 2.244956195257479248e-01
2.084610625905733308e-04 -7.337392232197187170e+00 5.083136684728984944e-01 6.386150110642853095e-01 2.287638702041688843e-01
2.080244706500064208e-04 -7.336988785693733917e+00 5.627630122354471132e-01 6.374851139317853077e-01 2.402679943279477925e-01
2.075447111130322459e-04 -7.336797714128119985e+00 4.710563623030686875e-01 6.380991512713440894e-01 1.806907788576519458e-01
2.070509522872505384e-04 -7.336679596539389614e+00 5.479673953189931890e-01 6.313514239697143315e-01 2.291468851959874709e-01
2.066349299267707335e-04 -7.336190893122676471e+00 5.561795316540478762e-01 6.486247424322535426e-01 2.633622923587076725e-01
2.061431640640680983e-04 -7.336073607237212357e+00 4.775991826594420120e-01 6.506145280505902795e-01 1.602033810167446393e-01
2.059107479870141903e-04 -7.334701693125515121e+00 5.427393599792634804e-01 6.493722332409550546e-01 2.045925031031285424e-01
2.054611787126317058e-04 -7.334387401114714322e+00 5.662596316512165107e-01 6.423948299478751123e-01 2.375414555341676115e-01
2.051546123679421697e-04 -7.333380604290582028e+00 5.484424242356429335e-01 6.599740714298446553e-01 2.653878361039442857e-01
2.047784584169879871e-04 -7.332715801708569181e+00 5.052175113038821497e-01 6.549802411079956865e-01 2.504987751130894336e-01
2.042806773240961045e-04 -7.332649588391761064e+00 5.522599361622134717e-01 6.310549797671454186e-01 2.036112653231445246e-01
2.037956055940930167e-04 -7.332526947619776081e+00 5.158174220772060448e-01 6.592628116465871768e-01 2.603487900604392058e-01
2.032930508363874880e-04 -7.332495967598927855e+00 5.053022947572934909e-01 6.684549259729661852e-01 2.518493471148084417e-01
2.027898605113460028e-04 -7.332474232842407957e+00 4.844197530341270985e-01 6.673484396415388931e-01 1.973367552136280900e-01
2.023177154945128748e-04 -7.332305195078498983e+00 5.535071104108250095e-01 6.566595284784979558e-01 2.374764328090964716e-01
2.018159081688218474e-04 -7.332288569656617128e+00 5.055315928034067596e-01 6.416176947124507812e-01 2.321545521244671173e-01
2.013633634740663049e-04 -7.332033451358804577e+00 5.312816379583481519e-01 6.251218601699498612e-01 1.850711026830500483e-01
2.009961270589349317e-04 -7.331358866321023626e+00 4.730062389426599179e-01 6.386356314247721988e-01 1.512388535331260497e-01
2.005394587618449854e-04 -7.331133476642550661e+00 5.148142307901302228e-01 6.336548414287657138e-01 2.214387671294191784e-01
2.001023583971492956e-04 -7.330815478218021930e+00 5.238563026855798110e-01 6.631617928936734963e-01 2.641494236033120613e-01
1.997482239688723373e-04 -7.330086812493825654e+00 5.164131107759204475e-01 6.518769454000774566e-01 1.837832810193771871e-01
1.992974531896054982e-04 -7.329846057471550047e+00 5.042472814241286683e-01 6.259518519350945054e-01 1.802424534192320904e-01
1.988298829609142393e-04 -7.329694906200107773e+00 5.184077347532499713e-01 6.705685793401056083e-01 2.428013057198651348e-01
1.983607266158994391e-04 -7.329557281099672750e+00 5.247321303444508755e-01 6.486057221642678172e-01 1.855807388215037490e-01
1.978990138346105646e-04 -7.329387636384875115e+00 5.205708354858968878e-01 6.533610878207740669e-01 1.897787134094968131e-01
1.974207968801788046e-04 -7.329307030377985477e+00 4.788066652014187352e-01 6.468224790673973157e-01 1.563984964521170085e-01
1.969586977853654390e-04 -7.329150454985692953e+00 5.497480435168611290e-01 6.325379831920697749e-01 2.317849097006903503e-01
1.966437340358947376e-04 -7.328250870995525190e+00 5.072450206492864488e-01 6.619137353484586539e-01 1.965733465483180120e-01
1.963835855234954725e-04 -7.327074690167604487e+00 4.808128546705440209e-01 6.636464739989528239e-01 1.860547036168465618e-01
1.958939720484070065e-04 -7.327070951908216223e+00 5.240164994381578678e-01 6.648101679991907931e-01 2.628709880273323307e-01
1.955168772678257010e-04 -7.326497801395968068e+00 5.635089468568437177e-01 6.460822692345238316e-01 2.535849228781240638e-01
1.950518532219685684e-04 -7.326379068657250748e+00 5.440660393071914402e-01 6.328938274929598595e-01 1.904775441674381731e-01
1.945739897600059641e-04 -7.326332005032877959e+00 4.843890249244874324e-01 6.359219029932023926e-01 1.952066904460970642e-01
1.941244954462537661e-04 -7.326144823483303981e+00 5.152213095451740887e-01 6.497280982388432546e-01 2.517156287621548083e-01
1.936404176031589447e-04 -7.326141584166261822e+00 5.213039592800327027e-01 6.699689754302597944e-01 2.462095867956368145e-01
1.933052420836582749e-04 -7.325374001082894715e+00 4.821391479069147001e-01 6.477886369656644661e-01 2.186858519166028081e-01
1.929464121706284032e-04 -7.324732012626963495e+00 5.211073367015449653e-01 6.501166162506869517e-01 2.557145032902479187e-01
1.924703597557546515e-04 -7.324702339253319039e+00 4.955645991009059448e-01 6.536133991008643562e-01 2.404763515405305141e-01
1.920321259825599086e-04 -7.324481824974252042e+00 5.304391006862509972e-01 6.443522943575427098e-01 1.851703583657583474e-01
1.916104177336945492e-04 -7.324180269467029269e+00 5.512897734368213953e-01 6.299206486539679073e-01 2.079750228511196286e-01
1.912059570424911377e-04 -7.323793349619029058e+00 4.732779723640222480e-01 6.611252965538430004e-01 2.208998181872637856e-01
1.907831674221736786e-04 -7.323506971766274631e+00 5.378697625078956435e-01 6.303232017154136724e-01 2.229410967058433612e-01
1.904571636589469320e-04 -7.322717199232307905e+00 5.376867175892933171e-01 6.368742638952645807e-01 2.414220544960267445e-01
1.901572363706000566e-04 -7.321793216064062193e+00 4.932780525513557612e-01 6.593149549737186144e-01 1.822369392447012459e-01
1.896831839671617149e-04 -7.321789278221652708e+00 5.636799578057369864e-01 6.492906330328502840e-01 2.483589181243684996e-01
1.892709127076386158e-04 -7.321465116539751961e+00 4.771299265806113743e-01 6.655540037110665441e-01 1.911254512015971851e-01
1.889474197349163577e-04 -7.320675731937568820e+00 4.692265697857118667e-01 6.538392489594961887e-01 1.649188376168759240e-01
1.885041818956138425e-04 -7.320524314066368277e+00 4.884182935790608027e-01 6.482333283549511771e-01 2.261736900445386056e-01
1.881040589624748225e-04 -7.320149191008928469e+00 4.975392665386948465e-01 6.432366281232020366e-01 2.270219584625492171e-01
1.876411426424817036e-04 -7.320113182842877819e+00 4.777416621566091814e-01 6.482029269868652133e-01 2.133679933033004461e-01
1.872983645442433110e-04 -7.319441628163612101e+00 5.160562556627786845e-01 6.568348248257876998e-01 2.582849433119536742e-01
1.870612277411893274e-04 -7.318208521491086138e+00 5.359846554493046256e-01 6.655007698038507558e-01 2.581957982499418769e-01
1.867406481977646057e-04 -7.317423759656849214e+00 4.865873209877695227e-01 6.469117801483224017e-01 1.597264912461910380e-01
1.863299838927354028e-04 -7.317125297036479736e+00 5.200164399489020095e-01 6.292722309604882325e-01 2.099524504379050860e-01
1.859007423794766238e-04 -7.316931617677031596e+00 5.333312954832798436e-01 6.259558227066783775e-01 1.895642026218104792e-01
1.854914055991044633e-04 -7.316635955858929563e+00 5.614365342301529394e-01 6.506253166866088344e-01 2.550138801068159156e-01
1.850635052791031038e-04 -7.316445467877992215e+00 5.395843386518317519e-01 6.377682463416126657e-01 2.434037351624040446e-01
1.846756516256880902e-04 -7.316043453922665307e+00 4.730728224225905776e-01 6.397746664972339126e-01 1.872287274517368538e-01
1.842206303017131610e-04 -7.316010388814828680e+00 5.599051094443511234e-01 6.499400642585214660e-01 2.581399358252613463e-01
1.839395397663956576e-04 -7.315037390445038312e+00 5.131668075080196845e-01 6.337506718463450373e-01 2.188919656347494413e-01
1.836237497808969289e-04 -7.314255679905261154e+00 5.474144563710247047e-01 6.377822656691712888e-01 2.445341147310015062e-01
1.833548213902850188e-04 -7.313221315557465019e+00 5.308402746264210270e-01 6.431416242862334487e-01 1.848616588991247867e-01
1.828989880153280222e-04 -7.313210483443842058e+00 5.599014406791731346e-01 6.356843790633927016e-01 2.284024327522786446e-01
1.825784748601230647e-04 -7.312464425998054018e+00 5.389864883960407971e-01 6.269628580446511279e-01 1.997446498659454228e-01
1.821562675049876389e-04 -7.312279574486412415e+00 5.259286661771572780e-01 6.599904596914532018e-01 2.097818759221401208e-01
1.817178025620411793e-04 -7.312189557451576505e+00 5.060672787684139529e-01 6.504634387315505473e-01 2.449745063428209468e-01
1.813212597351538974e-04 -7.311874132202749621e+00 5.038442459121706962e-01 6.269287671544041540e-01 1.819521822456461879e-01
1.808800910294758302e-04 -7.311810174602458190e+00 5.584173170131075947e-01 6.432924356945124433e-01 2.524897402827552817e-01
1.804622917930242534e-04 -7.311622659616658026e+00 4.616035698811213894e-01 6.444813285895556465e-01 1.704535205105668916e-01
1.801414033459616468e-04 -7.310902389198398410e+00 4.847955231530965969e-01 6.550339505492949188e-01 2.299817469221197841e-01
1.797011362990998205e-04 -7.310849388749830702e+00 5.042552239085357213e-01 6.264096495165629719e-01 1.769626341771035616e-01
1.792838605724639007e-04 -7.310674142810316134e+00 4.858389415594389082e-01 6.586330550335632861e-01 1.780372311989993350e-01
1.788733919265991052e-04 -7.310466257922943356e+00 5.355232707666206515e-01 6.480756571211404582e-01 2.588527963933240361e-01
1.784544616843767738e-04 -7.310311053773199674e+00 5.080729752594171922e-01 6.706589052071908474e-01 2.432055397890574289e-01
1.780848388629185930e-04 -7.309884446262090663e+00 5.065089585224584745e-01 6.707338355513865480e-01 2.423152934194504893e-01
1.776831355423230381e-04 -7.309642679269028775e+00 5.544878505801251745e-01 6.438062822149888120e-01 2.143678110452808261e-01
1.773674984345551290e-04 -7.308920663368834170e+00 5.313850314979680078e-01 6.530496427483892807e-01 2.006959822386887027e-01
1.770464688443624342e-04 -7.308232271869801622e+00 5.237628642943927826e-01 6.294140826737886218e-01 2.116928029244118104e-01
1.766556866910156906e-04 -7.307941940689939742e+00 4.964882029262149832e-01 6.521139836991945993e-01 2.384573131780640398e-01
1.762183423810250197e-04 -7.307920697968105728e+00 5.462468461357709026e-01 6.540177163113323200e-01 2.206853056474217534e-01
1.758131733413969330e-04 -7.307722589704720662e+00 4.870244372999746885e-01 6.518740336945133551e-01 2.286932276166977196e-01
1.753760734627617080e-04 -7.307711846470502870e+00 5.400096092885828813e-01 6.317269612368332510e-01 2.260017605085447023e-01
1.749480337055408466e-04 -7.307655526259980050e+00 5.334961124668128329e-01 6.282704848597028269e-01 1.832550413508354237e-01
1.746287149786982038e-04 -7.306982414443222495e+00 5.061877812062187676e-01 6.362190543171012402e-01 2.187643947109989551e-01
1.743641738906421060e-04 -7.305998440397679872e+00 5.512629446229400099e-01 6.405319384629758472e-01 2.062218018117955021e-01
1.739626349503457456e-04 -7.305803971341428671e+00 5.340367170873212554e-01 6.268873075332058731e-01 1.889138194320272857e-01
1.735935892685380613e-04 -7.305427632463223020e+00 4.690650008169203744e-01 6.388104733594761608e-01 1.599795878161065499e-01
1.732401578587740006e-04 -7.304965678270627372e+00 5.250130264142223169e-01 6.348422256498896799e-01 2.289591444603781278e-01
1.728110675660383857e-04 -7.304945603097470652e+00 5.287046707384748245e-01 6.352205627755141970e-01 2.319123640934254438e-01
1.724223740804510605e-04 -7.304697375973077555e+00 5.381726104732407201e-01 6.427749870724747128e-01 2.515760036645974251e-01
1.720058215027161987e-04 -7.304616183644274230e+00 4.860266990589195979e-01 6.703110497242584787e-01 2.231045025634663947e-01
1.715932586409428865e-04 -7.304517604858007829e+00 5.390165715315500261e-01 6.430351495532327100e-01 2.522420061473721886e-01
1.713362093305026261e-04 -7.303516743209123696e+00 4.899029698929092680e-01 6.668361473427589781e-01 2.376101894093915479e-01
1.709253227840284225e-04 -7.303417753578750116e+00 4.683514838859674789e-01 6.639198727034036907e-01 2.086195958841821629e-01
1.705091703784797472e-04 -7.303355425342769713e+00 4.827331706093140884e-01 6.573979682136160685e-01 1.749941965398098820e-01
1.701312775722448262e-04 -7.303074145776760950e+00 4.773266626011862801e-01 6.381901896774903049e-01 1.882277112053647172e-01
1.697678006822868596e-04 -7.302712880782316063e+00 5.427610228628170219e-01 6.310275369105089460e-01 1.928646343370422067e-01
1.693896331128112416e-04 -7.302442923166854172e+00 5.389022688861251353e-01 6.433335244660732810e-01 1.940668727884471423e-01
1.691171189807553295e-04 -7.301553019209211293e+00 4.762042641079300975e-01 6.360484758606059774e-01 1.774177228644605031e-01
1.687032616935760709e-04 -7.301503182182774054e+00 5.100251310493422174e-01 6.623231252111498879e-01 2.548990345657407008e-01
1.682970302838194296e-04 -7.301414050162350122e+00 4.704354201343091124e-01 6.631431677680027503e-01 1.867683394522460794e-01
1.681161383501374998e-04 -7.299989465562108037e+00 4.591558373478472066e-01 6.538881905811604334e-01 1.815671531813752571e-01
1.677560802313503969e-04 -7.299633484845602815e+00 5.041354450456168035e-01 6.275898553650020029e-01 1.837996395226531021e-01
1.673746091740223427e-04 -7.299410036854364847e+00 5.562418831914154316e-01 6.475088592281468269e-01 2.245831378250128241e-01
1.670674504996202655e-04 -7.298746879750647842e+00 5.490405067935285599e-01 6.587841215951890650e-01 2.425519476153729093e-01
1.666708192624376771e-04 -7.298623780812675932e+00 5.217835384065311333e-01 6.423478101630011317e-01 1.770566718700435638e-01
1.662896207067444867e-04 -7.298413534648176437e+00 4.655535576156801247e-01 6.535113775532062075e-01 1.674700120237586631e-01
1.658979468009584633e-04 -7.298271684835603068e+00 4.813113414506485221e-01 6.647342348576359417e-01 2.285972687788140889e-01
1.655125936421799932e-04 -7.298097219394239943e+00 4.885753027519570413e-01 6.658844451739336368e-01 2.363199297799030985e-01
1.652554929746678444e-04 -7.297151787260318656e+00 5.255928551292151640e-01 6.374016070544707979e-01 2.347971825984782046e-01
1.648575154113499628e-04 -7.297062947959947365e+00 5.213555272657437456e-01 6.633912830647553660e-01 2.156038074672004812e-01
1.645190364562273749e-04 -7.296618219182817278e+00 5.451448621107072290e-01 6.300570398247204995e-01 2.005162695290893249e-01
1.641734472536732399e-04 -7.296221031671854540e+00 4.834475695228241388e-01 6.337664534210839529e-01 1.562238197962490249e-01
1.637656013604172072e-04 -7.296208360370594725e+00 5.452366417839609181e-01 6.582911378722473561e-01 2.629476785337260258e-01
1.634285876443216799e-04 -7.295768383724329453e+00 5.078120932468085380e-01 6.633484991277494025e-01 2.031387618608557488e-01
1.630211622585927753e-04 -7.295764483644080478e+00 5.590817184350229674e-01 6.381388135720271748e-01 2.229969512082451144e-01
1.627587187744229452e-04 -7.294875654598594217e+00 5.472324231764644775e-01 6.324369392630349029e-01 2.257452603563291083e-01
1.623625096884719445e-04 -7.294812956425743344e+00 5.174021297584884271e-01 6.263736068651022393e-01 1.882352895235690771e-01
1.620348890642244225e-04 -7.294332829192267553e+00 4.937820985476129576e-01 6.421382586224574363e-01 2.189997519011874505e-01
1.617988147550110151e-04 -7.293290826604202692e+00 4.634174387014882712e-01 6.552123874249464741e-01 1.962757013235161274e-01
1.614186057740032304e-04 -7.293143479228906045e+00 4.889490229571693547e-01 6.307821059916653983e-01 1.755196507409870210e-01
1.611016281166279657e-04 -7.292609109450674865e+00 5.455684807407896741e-01 6.303767252043538383e-01 2.154477602781131873e-01
1.607243288652338746e-04 -7.292453851483251981e+00 4.859971856464407325e-01 6.457712589220064858e-01 2.171121490408665922e-01
1.603311660419885559e-04 -7.292403041894349514e+00 5.490078084711768058e-01 6.561042654296664889e-01 2.617997656970331155e-01
1.599534982911343520e-04 -7.292261368520326137e+00 5.606237005514472793e-01 6.452047692427883563e-01 2.329328317412766580e-01
1.596446969659745356e-04 -7.291693803845923583e+00 5.414936504798883998e-01 6.406421747310514503e-01 2.473007816458746844e-01
1.592548649669423943e-04 -7.291638662602388798e+00 5.344759264868985671e-01 6.555173129053366576e-01 2.630478313568923587e-01
1.588876155766844598e-04 -7.291447373798418674e+00 4.914496368621310562e-01 6.498763937849358907e-01 1.672965436166718445e-01
1.585272886315379091e-04 -7.291217759310566926e+00 5.534776808117846114e-01 6.344506826544709099e-01 2.118970724930850646e-01
1.581469816010849880e-04 -7.291119641932778173e+00 4.978736027807245668e-01 6.433499683375020206e-01 2.252652181564920864e-01
1.577590309177432921e-04 -7.291075757758334497e+00 4.712658758646670609e-01 6.547851944689172532e-01 1.692136055574027798e-01
1.574291729381837657e-04 -7.290668844339304400e+00 5.442577959990784198e-01 6.295897049898293574e-01 2.040595916551757594e-01
1.571581624911585920e-04 -7.289891803171698825e+00 4.814005597619739341e-01 6.675272219565043796e-01 2.241773411123565429e-01
1.567677424544671675e-04 -7.289879143221243751e+00 4.849868300586814840e-01 6.328558816909185536e-01 1.584510042573356037e-01
1.566749458292449060e-04 -7.287971255472718290e+00 5.211494997146279839e-01 6.438643667802164128e-01 2.441478616385033829e-01
1.562925286845784161e-04 -7.287915070668430140e+00 5.157940061636078211e-01 6.573891760774918103e-01 1.962628766126706947e-01
1.559552490162194219e-04 -7.287575405015838115e+00 4.926722445061900713e-01 6.686368700686045052e-01 2.115537888281538992e-01
1.555860072086765649e-04 -7.287445826095286350e+00 5.238279975166746372e-01 6.269954990059167788e-01 1.810131789975713279e-01
1.552317330336698748e-04 -7.287225453558971111e+00 5.196540020595618037e-01 6.515590125992121173e-01 1.886769329450526111e-01
1.549079620717108436e-04 -7.286813358362437043e+00 4.706662078909632507e-01 6.641486213980308806e-01 2.098415849453315885e-01
1.545604880559753108e-04 -7.286558977659737479e+00 5.215154186378688772e-01 6.266461076285529952e-01 1.899774530718256749e-01
1.544285411348778395e-04 -7.284913033413516814e+00 4.948512224028606687e-01 6.469356798568660638e-01 2.280377926702217006e-01
1.540604506438611476e-04 -7.284799443791293072e+00 5.285529407772138200e-01 6.419261147918852162e-01 1.834918921066939490e-01
1.537029829597497284e-04 -7.284622447799125489e+00 5.272637009472083136e-01 6.662301052571237836e-01 2.369780380478376802e-01
1.533353910833685108e-04 -7.284516884997109365e+00 5.091776921533477385e-01 6.636207680672142617e-01 2.525459593858475071e-01
1.529863537822164150e-04 -7.284295779382236269e+00 5.048844658139467478e-01 6.282113077059682249e-01 1.850034583745568395e-01
1.526597922349323092e-04 -7.283932640427608796e+00 5.127664855034488323e-01 6.267849233919060570e-01 1.780107326293050296e-01
1.522831743612213353e-04 -7.283902728978290497e+00 5.130527571732403924e-01 6.440752930231010698e-01 2.388183365702011840e-01
1.519204811534659424e-04 -7.283787272181754702e+00 5.531493210799987015e-01 6.550576836666898162e-01 2.561765620459206527e-01
1.515480166765565588e-04 -7.283741989337572775e+00 5.352243300014143390e-01 6.412760070775243015e-01 2.459783924526040833e-01
1.511843429379007412e-04 -7.283644599445475265e+00 4.851390322842019098e-01 6.654790388533943224e-01 2.309998464673886920e-01
1.508096105944560039e-04 -7.283626321555412453e+00 5.220227228892212468e-01 6.418561092223834530e-01 1.778148721212423344e-01
1.505536485662680671e-04 -7.282825016283167585e+00 5.566846101997451335e-01 6.506443493178650783e-01 2.544734038688287736e-01
1.504325621845076179e-04 -7.281129613862511007e+00 5.274244074517014935e-01 6.645737808743999997e-01 2.291849141379585508e-01
1.501352330843432742e-04 -7.280608063994761459e+00 5.291211933867006056e-01 6.483681577147356601e-01 2.542082740299480004e-01
1.497704611409444921e-04 -7.280540642837369347e+00 5.200339050571465283e-01 6.676727894220951809e-01 2.493878354416242393e-01
1.493974387121256618e-04 -7.280534377107071187e+00 5.087846730732630274e-01 6.531838534699373477e-01 1.833885117878759352e-01
1.490858466742018857e-04 -7.280122213621652350e+00 5.301902052337621463e-01 6.295307790833155615e-01 2.106668093059490821e-01
1.487329559866772967e-04 -7.279992049572427959e+00 4.898790638821816090e-01 6.350584338832720999e-01 1.567647702737464399e-01
1.483773982891473423e-04 -7.279885489330744974e+00 5.292150549095245848e-01 6.498638985420397418e-01 1.951030957168519708e-01
1.480132270641975299e-04 -7.279842864004965719e+00 5.586408084932285023e-01 6.431117302984581396e-01 2.274300781882721278e-01
1.477241761752408832e-04 -7.279297645360541580e+00 5.544316556535331397e-01 6.492046386268449654e-01 2.275929337454945800e-01
1.473631763077052161e-04 -7.279244378808058968e+00 4.897336658202739446e-01 6.418380540370612897e-01 2.125323363335542559e-01
1.470605429502051321e-04 -7.278800147037904900e+00 5.427389132387123727e-01 6.585350962342225722e-01 2.313699917826786967e-01
1.467057234066798405e-04 -7.278715807082670075e+00 4.811646326256498463e-01 6.353564471469245190e-01 1.807004341667391434e-01
1.464015059711728606e-04 -7.278291617668385172e+00 4.749549127278218652e-01 6.665451406517987065e-01 2.077015918334559341e-01
1.460520624357716172e-04 -7.278181355660684915e+00 5.456900451855992706e-01 6.385206245142072135e-01 2.000459706570635043e-01
1.457225871789135220e-04 -7.277939779395118158e+00 5.222126472516490647e-01 6.520084153704952534e-01 1.923077001974416445e-01
1.454710294041994159e-04 -7.277167549668692281e+00 4.699303927952703797e-01 6.409900915379697084e-01 1.616424657082078109e-01
1.451103428932678412e-04 -7.277150067342274653e+00 5.324438596998823936e-01 6.593397673699967765e-01 2.187475698080026398e-01
1.448710895208939556e-04 -7.276300196625870242e+00 4.614772675637056620e-01 6.527179931832250981e-01 1.816566569387510210e-01
1.445392997932419955e-04 -7.276093064368431840e+00 5.507875822011570888e-01 6.554373303332275968e-01 2.379303391963731584e-01
1.441849709735798328e-04 -7.276047509896015342e+00 4.865138284926975309e-01 6.690611561177896016e-01 2.185084088104982669e-01
1.439553055882058629e-04 -7.275141632291887817e+00 4.951766076116756454e-01 6.298979851648451866e-01 1.661357611380518129e-01
1.436225616474884337e-04 -7.274955747021278896e+00 4.628687461901201949e-01 6.481685387082415373e-01 1.710324503889254777e-01
1.433163613539335866e-04 -7.274590001981051657e+00 4.867905481155250236e-01 6.355230906793624124e-01 1.571361226256926535e-01
1.430151810140390159e-04 -7.274193720268464780e+00 4.748906313224197651e-01 6.661165760093611388e-01 2.101717223270331836e-01
1.427226575181000728e-04 -7.273741216670309484e+00 5.306373458386109965e-01 6.337356898389127080e-01 2.252514278553690019e-01
1.423715099369901723e-04 -7.273704597537168581e+00 4.789491697326292985e-01 6.649081687616447134e-01 1.954578117350301014e-01
1.420234629442693913e-04 -7.273652229877178854e+00 4.671122415271964368e-01 6.471166367801427510e-01 1.634179823150752608e-01
1.416926827016647432e-04 -7.273483999834978952e+00 4.902774155269071787e-01 6.593574069151572070e-01 1.843573344131543557e-01
1.413727103619741732e-04 -7.273244767020333512e+00 4.755978053605866007e-01 6.430649002173971507e-01 1.951455470921859003e-01
1.410591843408241189e-04 -7.272964956423992433e+00 5.214837147248931881e-01 6.394964164636973702e-01 1.760311672328502830e-01
1.407735827735976785e-04 -7.272491702056973928e+00 4.660500771133692099e-01 6.442947377043540813e-01 1.756848239701005454e-01
1.405253668634327401e-04 -7.271756486283203813e+00 5.209458307633593188e-01 6.339936382640797286e-01 2.206865811388368237e-01
1.401745791489369952e-04 -7.271755866151921488e+00 5.353724487288524791e-01 6.309061133268095700e-01 2.162911652222304915e-01
1.398291959742382537e-04 -7.271722856818136904e+00 4.816254110173231462e-01 6.346051466468773938e-01 1.758677084667469304e-01
1.395005996637367195e-04 -7.271575605914076590e+00 4.682427186102666727e-01 6.447478836890438991e-01 1.844758428183588816e-01
1.391553621062692231e-04 -7.271553483881715962e+00 5.011568805413905148e-01 6.682605652893279791e-01 2.405741495939041075e-01
1.388097231425899903e-04 -7.271540408752242612e+00 4.849491081771118983e-01 6.345229875740840964e-01 1.831506208018627013e-01
1.385118027090935196e-04 -7.271188965718305752e+00 5.460448984428779573e-01 6.350127006076244918e-01 2.309761075329967162e-01
1.382022067727707289e-04 -7.270926626659901970e+00 5.014883753913905728e-01 6.645758357087283574e-01 2.455371721762387438e-01
1.378988318135992422e-04 -7.270624192325105817e+00 5.210260651658431552e-01 6.293127915566986141e-01 1.756686424667347202e-01
1.375750983223684727e-04 -7.270474568203526999e+00 5.406581545151829538e-01 6.350534110840551083e-01 2.313329627866163862e-01
1.372716391098401990e-04 -7.270182775866269154e+00 5.217599801377327262e-01 6.671010454522867672e-01 2.481529496402992696e-01
1.369614832391969001e-04 -7.269944763770805451e+00 5.534257033134071246e-01 6.501707024670310142e-01 2.554304848983479648e-01
1.366846921730316541e-04 -7.269467749549028746e+00 5.433579685613965093e-01 6.323438965456227301e-01 1.988142406110713079e-01
1.366094328957867825e-04 -7.267518506204542206e+00 5.104346966144810427e-01 6.277289069462459459e-01 1.800983658626977568e-01
1.362873519019754326e-04 -7.267378967458030914e+00 5.204297048213128996e-01 6.282084368736515767e-01 1.787151640792359608e-01
1.359641455121997030e-04 -7.267253290792763387e+00 5.086572803622503303e-01 6.464080175360090719e-01 1.741764572151550949e-01
1.356276859059020435e-04 -7.267230977817929372e+00 4.719926402256605646e-01 6.400125463269877857e-01 1.628175358332229206e-01
1.353323768357380676e-04 -7.266910702638617714e+00 5.029695133076810265e-01 6.688160040052173461e-01 2.386383573313214934e-01
1.350106017466581410e-04 -7.266791199019322356e+00 4.688652397066083721e-01 6.481122841434238113e-01 1.639847620647420234e-01
1.347081000868222242e-04 -7.266534289947871983e+00 5.408480670453971184e-01 6.416421778049132829e-01 1.976552527913091883e-01
1.343746593367323584e-04 -7.266512642120837917e+00 4.967805291003744572e-01 6.366420812130693108e-01 2.064727842279881487e-01
1.340460154477063977e-04 -7.266461365964550723e+00 4.894644396512301543e-01 6.526629799984088320e-01 2.288833607572145490e-01
1.337507606344966844e-04 -7.266166433084210396e+00 4.958691488575968087e-01 6.447683755354204349e-01 2.238251496584681421e-01
1.334587899781572256e-04 -7.265851764947286462e+00 5.453703261613311870e-01 6.430259363717165666e-01 2.049809295519163799e-01
1.333355608225921386e-04 -7.264275541361282507e+00 4.874657733141600779e-01 6.350046567699560995e-01 1.883970219061288920e-01
1.330465027120161933e-04 -7.263945794269420553e+00 5.138954224995601061e-01 6.465492329951748607e-01 1.782955329852934090e-01
1.327551612301858578e-04 -7.263637967141349350e+00 5.439748103387075373e-01 6.410408499710377184e-01 2.013334210861031925e-01
1.326198797227887821e-04 -7.262157516821904579e+00 5.229867540989587837e-01 6.368926846925926366e-01 1.764686244856901176e-01
1.322945335739192374e-04 -7.262113753977078368e+00 5.370099638893316429e-01 6.304176483001857623e-01 2.114022065226241476e-01
1.320007931129900337e-04 -7.261836574830986102e+00 4.729901018489572895e-01 6.639666655504589121e-01 2.091266894698865786e-01
1.316719590374668526e-04 -7.261830835184578170e+00 5.421157163298454540e-01 6.442344411607507926e-01 2.504618672455187212e-01
1.313955223009918426e-04 -7.261432477218155768e+00 5.129548801535185332e-01 6.684150449411375705e-01 2.370813151150134024e-01
1.311384212666474511e-04 -7.260891089602072412e+00 4.797197381704102481e-01 6.358409194207151893e-01 1.635393068016005591e-01
1.308533869905426138e-04 -7.260566992661485308e+00 5.433111113313544571e-01 6.575983764074407878e-01 2.322288666532730528e-01
1.306016915646574742e-04 -7.259992336816422309e+00 4.675520035433692323e-01 6.535379506594579668e-01 1.719472125514992789e-01
1.302984310432751748e-04 -7.259817062883453076e+00 4.747951321561267313e-01 6.468864866231273103e-01 2.006530265213483377e-01
1.300168356845615865e-04 -7.259480558494698421e+00 5.464864167483820534e-01 6.538575427301881460e-01 2.267629185666446556e-01
1.297732831628043402e-04 -7.258855553542166383e+00 5.265789617393707989e-01 6.371751088414845388e-01 2.310008843474696816e-01
1.294689759957764000e-04 -7.258703220992547500e+00 5.499353334688705797e-01 6.350521398573465426e-01 2.252725524034207560e-01
1.291501915683218561e-04 -7.258668502989324089e+00 5.048427183880267455e-01 6.362374844371445626e-01 2.128372137342499637e-01
1.289294423174864148e-04 -7.257879209885079064e+00 5.308572904951636140e-01 6.476849729587622617e-01 2.520351925332328658e-01
1.286130602515461535e-04 -7.257836142018127212e+00 4.650025041534264214e-01 6.561020064882370217e-01 1.930460770977897034e-01
1.284492979483607699e-04 -7.256610247853661377e+00 4.733770616585509239e-01 6.454316067233228926e-01 1.946875216107288309e-01
1.281656277354041747e-04 -7.256321111681998559e+00 5.415321829763243278e-01 6.545429396607418404e-01 2.592972605243183959e-01
1.279016619370619741e-04 -7.255882803295796712e+00 4.828732087660105865e-01 6.351637286892773959e-01 1.779699922249727562e-01
1.276524251403978925e-04 -7.255333363966038007e+00 4.868017963876802856e-01 6.342850498958148009e-01 1.618422214144706328e-01
1.274462244672928425e-04 -7.254449999086070022e+00 4.686735557694625132e-01 6.432080529238609623e-01 1.688023909346623441e-01
1.271319050718293039e-04 -7.254419335754927367e+00 5.151428373281979889e-01 6.630845177308750671e-01 2.127455889070358208e-01
1.268402362378068758e-04 -7.254216193675998348e+00 5.387341141495520791e-01 6.436821341421719023e-01 1.985769753067398724e-01
1.265668265026251771e-04 -7.253874064402385358e+00 4.723708939486006009e-01 6.616728408564432895e-01 1.893779830308694734e-01
1.262666431278073708e-04 -7.253748619609065251e+00 5.319609109665486280e-01 6.628335946225217823e-01 2.544672305495460640e-01
1.260784730541668103e-04 -7.252739990723075181e+00 5.289985252800161186e-01 6.317566025331812218e-01 2.148508198189701957e-01
1.257771297599211092e-04 -7.252632976502860984e+00 4.803301711061466195e-01 6.364840457943901075e-01 1.629478141474228758e-01
1.254831883316934388e-04 -7.252472713748718824e+00 5.225773308736003653e-01 6.327378524782985014e-01 2.153277641929081387e-01
1.252186341405216077e-04 -7.252083223251703181e+00 5.122055252568061823e-01 6.294306252907607702e-01 1.734231434462416011e-01
1.249134960108854830e-04 -7.252023040006292831e+00 5.051034279086441536e-01 6.500921353156966509e-01 2.391152906993483096e-01
1.246573695468814814e-04 -7.251575575692712938e+00 5.247856159804865639e-01 6.492151918713455760e-01 1.920178740144612151e-01
1.243769177567108407e-04 -7.251327891321746932e+00 4.889675710257892494e-01 6.461070451098692713e-01 2.175001179390552986e-01
1.241331135925145303e-04 -7.250790019297768119e+00 5.148002403447298203e-01 6.303204454445907601e-01 1.731062800986322425e-01
1.238894130025915369e-04 -7.250255168767822056e+00 4.815792696621327695e-01 6.363135374132398159e-01 1.796084944154502094e-01
1.235816532837179693e-04 -7.250242408041096098e+00 4.817202475567015085e-01 6.385899069890200730e-01 1.598201836975171319e-01
1.232744124432114596e-04 -7.250231639960494689e+00 5.033026637990820618e-01 6.526846837861531858e-01 1.809413543075088504e-01
1.229759528853258956e-04 -7.250155674569592534e+00 4.939050529118130806e-01 6.323025560039687853e-01 1.645950039679580645e-01
1.227267980477915910e-04 -7.249683774963176397e+00 5.225565558647823350e-01 6.288339058487428801e-01 1.837721363561765908e-01
1.224643059607874386e-04 -7.249324898217602176e+00 5.073336024069914352e-01 6.342992401784723899e-01 2.083910085981242610e-01
1.222000890508322080e-04 -7.248984730363624784e+00 4.994975663212214978e-01 6.608815571937728395e-01 2.423465565536506439e-01
1.219284371677269749e-04 -7.248710213795916957e+00 5.030329829399846631e-01 6.318164833365268462e-01 1.660113251973222570e-01
1.216418234167801368e-04 -7.248563652861486517e+00 5.077554444910975517e-01 6.648020496720258299e-01 2.122237383966232016e-01
1.213514496343771323e-04 -7.248453627834654966e+00 5.470965684647427496e-01 6.373819935188080876e-01 2.337945189476450802e-01
1.210886517856876000e-04 -7.248121569112345952e+00 5.556494476187776588e-01 6.464350604992183946e-01 2.445058437756910119e-01
1.208195858636099276e-04 -7.247846098840223128e+00 5.494269209583927394e-01 6.363173809467206343e-01 2.117611565943155749e-01
1.205614275777183351e-04 -7.247485110360986305e+00 5.502779370646059265e-01 6.356212759268795587e-01 2.215466983512377752e-01
1.203822172353079489e-04 -7.246472681245846204e+00 5.551893006282281329e-01 6.404779340502202434e-01 2.309964339263120836e-01
1.200919730952897303e-04 -7.246386614155309047e+00 5.226791333740786749e-01 6.627737393684142164e-01 2.208745846034050331e-01
1.198223028404125700e-04 -7.246134670194462224e+00 5.128410904204621090e-01 6.342144628034018794e-01 1.698197057802514620e-01
1.195346778207548305e-04 -7.246037985588101193e+00 5.204809038159445844e-01 6.496869729966674445e-01 2.485779007643116600e-01
1.192470846642273351e-04 -7.245946823621612687e+00 5.204623311148719456e-01 6.665279028753781088e-01 2.415437494506751381e-01
1.189927152809175598e-04 -7.245582230720071237e+00 5.500303578555560957e-01 6.503054673834434141e-01 2.269241715788598568e-01
1.187002580494538333e-04 -7.245543030254431471e+00 5.374598990711678681e-01 6.443715749835497997e-01 1.987650667385475189e-01
1.184096597432251769e-04 -7.245494201039965887e+00 5.113128006864642305e-01 6.289464833699756063e-01 1.781479309963518165e-01
1.181499008664086347e-04 -7.245190341247106147e+00 5.270196532465009076e-01 6.299502942980397258e-01 1.855435880090346712e-01
1.178659587314707290e-04 -7.245096469991258559e+00 4.730552582455369581e-01 6.505863270448851710e-01 2.024160558584637282e-01
1.176355452550972250e-04 -7.244553260466008560e+00 5.079650711934583507e-01 6.637135394764637208e-01 2.473384030071083817e-01
1.173953533637220824e-04 -7.244097178745736443e+00 4.842503448427282753e-01 6.664588343360797751e-01 2.081551051144855669e-01
1.171032854936161543e-04 -7.244088178459461957e+00 5.318820562770968374e-01 6.634036392340153521e-01 2.488766403896015555e-01
1.168122107541213274e-04 -7.244076896773557372e+00 4.662478999826803472e-01 6.496642840379359685e-01 1.724052419806564318e-01
1.165691493578684546e-04 -7.243659852190539539e+00 4.651586609272344575e-01 6.549243081040757586e-01 1.831934508998331046e-01
1.162942759986646457e-04 -7.243520665070007247e+00 4.840533669759168323e-01 6.575354054757266420e-01 2.250599987342491726e-01
1.160236239950727862e-04 -7.243350680329669444e+00 5.243109367598703940e-01 6.642274244207844180e-01 2.295812442711667178e-01
1.157545384454469647e-04 -7.243172604601451070e+00 4.852391648827246717e-01 6.351205731499094398e-01 1.800338016046075240e-01
1.155435947896119736e-04 -7.242496603017421819e+00 5.538615801780855108e-01 6.496195294930314779e-01 2.469088526991328747e-01
1.152824819729192287e-04 -7.242259024419123392e+00 5.521057636883789366e-01 6.375484228976742163e-01 2.245917088519635285e-01
1.150122215414509856e-04 -7.242106108841055878e+00 5.453659777619673799e-01 6.335560883866963033e-01 2.105651582110264763e-01
1.148385182433129018e-04 -7.241117553453928046e+00 5.152197482892379998e-01 6.649362923508700396e-01 2.488773620074306581e-01
1.146109593492935163e-04 -7.240601074802639481e+00 4.846203947773993215e-01 6.374904964443386390e-01 1.612306785972267564e-01
1.143462777806821836e-04 -7.240413137001124433e+00 4.743239332735641467e-01 6.447840502073457492e-01 1.634670429786442558e-01
1.141044687559395181e-04 -7.240030084471979599e+00 5.428875630082872217e-01 6.556046216307196417e-01 2.562700237835642825e-01
1.138267601991843408e-04 -7.239966860647359503e+00 5.100381764628615366e-01 6.673664614801675388e-01 2.399185114414582320e-01
1.136231919863329792e-04 -7.239256865571523925e+00 4.855989706541259388e-01 6.402158491354249525e-01 1.608672563672715050e-01
1.134047555444152268e-04 -7.238681179398952281e+00 4.983780904118416677e-01 6.588661548766009401e-01 2.398860520018283038e-01
1.131433964424807831e-04 -7.238488496546255924e+00 4.857318609971920109e-01 6.615407031339286537e-01 2.276430188613411953e-01
1.128844514299356949e-04 -7.238279764000853156e+00 4.815260243215735425e-01 6.484854187427215866e-01 2.110651712176189743e-01
1.126159824437112820e-04 -7.238160860200592239e+00 4.661041415057241011e-01 6.515806126205453408e-01 1.762010648040630012e-01
1.123722108620294169e-04 -7.237827833262521438e+00 5.395316204035711660e-01 6.318892282928096904e-01 2.099569220863252705e-01
1.121647766621628513e-04 -7.237175495522236268e+00 5.301616853502698623e-01 6.344983775695949291e-01 1.852852555276118807e-01
1.119324170786983451e-04 -7.236749235606666275e+00 5.386741897594741202e-01 6.593441678596612121e-01 2.345611035754919249e-01
1.117779893958553483e-04 -7.235629839305937949e+00 5.230688889281385201e-01 6.495360062193316075e-01 1.922025017109163236e-01
1.115761258860262299e-04 -7.234937404521708970e+00 5.357937026799047819e-01 6.454957474718119315e-01 1.993143872446355158e-01
1.113529041416840617e-04 -7.234440031267247662e+00 5.280616541169885769e-01 6.333759832287502167e-01 2.175593331816591258e-01
1.110787947412653607e-04 -7.234404693818071941e+00 4.838787407836017129e-01 6.382594193273324334e-01 1.894656243544893259e-01
1.108157542460136972e-04 -7.234275555289563897e+00 5.087002701879009825e-01 6.497702004121730379e-01 1.811575851479900745e-01
1.105664732884695982e-04 -7.234027597521467179e+00 4.896447916343901197e-01 6.447059302970878925e-01 1.649540738584085175e-01
1.103089807690141137e-04 -7.233859161589578868e+00 4.966323034537214465e-01 6.342373202857793935e-01 1.940472107802407864e-01
1.100460132628556132e-04 -7.233745925113134412e+00 5.503135644134841131e-01 6.433745617448903831e-01 2.179571829042296904e-01
1.097783394426257459e-04 -7.233681269052341101e+00 5.431878629993620589e-01 6.523758594189542626e-01 2.212171272246514497e-01
1.095073716073028113e-04 -7.233652638225829712e+00 5.157898828316178630e-01 6.466689232327927916e-01 2.406550609778905225e-01
1.092488734059847785e-04 -7.233515983981929409e+00 5.464589457100818004e-01 6.353634817788076372e-01 2.105985328953773328e-01
1.090092307857552654e-04 -7.233211941079767726e+00 4.749080426931644450e-01 6.495014077152329035e-01 1.678566377928233100e-01
1.087455350001063263e-04 -7.233133894175469258e+00 5.526863478179053768e-01 6.417401024820871269e-01 2.228104890343542699e-01
1.085287830220887391e-04 -7.232629086721871658e+00 4.692030867634618962e-01 6.467092170191410805e-01 1.699377060912662940e-01
1.082901265855710810e-04 -7.232330523241717657e+00 5.201181447502896127e-01 6.430740304384174877e-01 1.814893042920317501e-01
1.080339210739728712e-04 -7.232199244002666561e+00 5.456631589215068523e-01 6.415706566289502977e-01 2.082634196361296264e-01
1.077772221178845998e-04 -7.232078167290434401e+00 4.961191237463245529e-01 6.375061365894987286e-01 1.633625250177002663e-01
1.075097714655332372e-04 -7.232062765040494945e+00 5.011375764913832409e-01 6.662985375587073822e-01 2.153381348304213572e-01
1.073040711536123545e-04 -7.231477915128453837e+00 5.454727473098074375e-01 6.475220286074386822e-01 2.509099401474815250e-01
1.070478086832990429e-04 -7.231368961034819520e+00 4.783752536963671309e-01 6.642646048648760404e-01 2.117967222535977190e-01
1.069046275791903620e-04 -7.230207399876510621e+00 5.372281076263263344e-01 6.599631834485631954e-01 2.520039580005931645e-01
1.066410923549982397e-04 -7.230175586624152828e+00 5.500667011567094145e-01 6.380344733214471376e-01 2.177875775457475405e-01
1.064007445495472441e-04 -7.229931931301921466e+00 5.273501784390292046e-01 6.314270235271206566e-01 1.860441085063612443e-01
1.061445929243949582e-04 -7.229842257044273524e+00 5.069230977211038880e-01 6.668238763936775726e-01 2.388353406974976501e-01
1.059057379579596698e-04 -7.229595071896866898e+00 4.705889290716084306e-01 6.446434831736908011e-01 1.796711953943972984e-01
1.058211360226132461e-04 -7.227894232988308687e+00 5.023128474614690919e-01 6.674264566236580709e-01 2.322851005266008961e-01
1.056399386005189178e-04 -7.227107999616663392e+00 5.468691018556239847e-01 6.436706098503495177e-01 2.130398697680035702e-01
1.053828012429204022e-04 -7.227045059101875779e+00 4.967171212284183790e-01 6.351162330998810779e-01 1.964288124276249159e-01
1.051615326708719479e-04 -7.226646931419184128e+00 5.076870879280031001e-01 6.641602500785289687e-01 2.127511318305377042e-01
1.049975908712042709e-04 -7.225707100020567708e+00 4.721878863212941035e-01 6.432754631500920972e-01 1.779307699571429091e-01
1.047393603896638458e-04 -7.225669523646645942e+00 4.891555229433693919e-01 6.642031354556393596e-01 2.284545101319596372e-01
1.044869655756222409e-04 -7.225582173539597974e+00 4.883096573075958458e-01 6.401691328188748864e-01 1.627359161624491457e-01
1.042499898451077460e-04 -7.225352742561238273e+00 5.189138680470493092e-01 6.391534626519504991e-01 1.778271643529260038e-01
1.040611345997139483e-04 -7.224665946706132047e+00 5.333347611153046453e-01 6.619622612400664075e-01 2.453795194505627719e-01
1.038712465068668755e-04 -7.223992388019638611e+00 5.409018705839599983e-01 6.416010610906016653e-01 2.024719607979075242e-01
1.036343506466926755e-04 -7.223775661014119720e+00 5.006398823419677679e-01 6.643255256263014275e-01 2.390860631300922856e-01
1.034030385733118615e-04 -7.223510157599466019e+00 5.086592733161575675e-01 6.308435276442005968e-01 1.902682562592342419e-01
1.031636603272236338e-04 -7.223327843407656879e+00 4.992955005398603818e-01 6.582212662829217686e-01 1.909999705798622327e-01
1.029461468220556255e-04 -7.222938500721117983e+00 4.925824820786997571e-01 6.437795543217804672e-01 2.144212584323625659e-01
1.027114221105039258e-04 -7.222721176867602288e+00 4.863080758936366710e-01 6.517337592091451137e-01 2.202143806195362430e-01
1.024855091536860149e-04 -7.222423091357288882e+00 5.421132799936374536e-01 6.407538250556433779e-01 2.037104645155655702e-01
1.023075356460873215e-04 -7.221661173356864971e+00 4.918975561300601984e-01 6.376243007001934915e-01 1.636624920132377370e-01
1.020584929614273118e-04 -7.221598396506271555e+00 4.878505564709903486e-01 6.381574822753677267e-01 1.936159221076621251e-01
1.018287605760748057e-04 -7.221351921222397330e+00 5.291217677145351184e-01 6.309298262864204698e-01 1.930345686367574976e-01
1.015864729221485445e-04 -7.221234120080750607e+00 5.417716120391267154e-01 6.344253501098855441e-01 2.182154340334941101e-01
1.013470044472662083e-04 -7.221094189884297521e+00 4.913365934105089483e-01 6.657721060431842641e-01 2.272574619440015098e-01
1.011051260693924083e-04 -7.220983678128687799e+00 4.881834929658879774e-01 6.638570104436910535e-01 2.268830503820159217e-01
1.008563704113026483e-04 -7.220947076233956707e+00 5.239624491949917973e-01 6.392823086591142845e-01 2.305508916750485804e-01
1.006540563817306667e-04 -7.220455052702164700e+00 4.989167326387251022e-01 6.502191509441752615e-01 2.312496437412770167e-01
1.004622091401932970e-04 -7.219862877504197307e+00 5.339190661282557926e-01 6.370828468858236171e-01 1.918064175750663625e-01
1.002406173979900484e-04 -7.219571036064444947e+00 4.819155472117453431e-01 6.441051961970859496e-01 1.645378049262459230e-01
1.000084076299606107e-04 -7.219390247077631884e+00 5.131729561951463570e-01 6.629778035779634315e-01 2.146801903000937484e-01
9.979796719150001952e-05 -7.218996691543789090e+00 5.255931773131238272e-01 6.353282302513162394e-01 2.206489614752883965e-01
9.960385909101246850e-05 -7.218443596097465331e+00 5.435023381118050390e-01 6.416616553102030274e-01 2.070310999639762561e-01
9.935708698619852199e-05 -7.218424205847474795e+00 5.401440032618423093e-01 6.473724223506266418e-01 2.494621878414377825e-01
9.914142212792651800e-05 -7.218097168698372812e+00 5.140641590162509100e-01 6.578032594609157790e-01 2.013898867707760165e-01
9.890977252630811251e-05 -7.217936459886804101e+00 5.454067405770182120e-01 6.357478338605454526e-01 2.148322233234226386e-01
9.868488904920333512e-05 -7.217712670918088769e+00 5.019729626037016113e-01 6.509689598519382558e-01 1.798479715884901409e-01
9.849320366463137726e-05 -7.217156958362185293e+00 4.908247632811109096e-01 6.642373389436820874e-01 2.288872373990654130e-01
9.828265387369080697e-05 -7.216796955350913478e+00 4.688631640791951494e-01 6.556515617765881210e-01 1.853008707112556719e-01
9.806773123129565591e-05 -7.216486130871144766e+00 5.048027291209827849e-01 6.534230100042287548e-01 2.394753248413487856e-01
9.783839058393405900e-05 -7.216327464056691454e+00 4.945458572918582929e-01 6.411321968025187612e-01 2.100939924946900461e-01
9.760349391078867239e-05 -7.216231214786540171e+00 5.374464648795996835e-01 6.568800107551825418e-01 2.267475753534219096e-01
9.736124700689836582e-05 -7.216216249028258645e+00 5.415226178491868714e-01 6.348540265321640508e-01 2.190106893956263179e-01
9.713016653116544451e-05 -7.216092503900022770e+00 5.400790371484575081e-01 6.368496790887325787e-01 2.277962385888054331e-01
9.691395805871183045e-05 -7.215820951294491969e+00 5.089099665554054353e-01 6.601075540946618192e-01 2.457170182922724377e-01
9.668774169659161328e-05 -7.215657877730136782e+00 4.696665660118080621e-01 6.569791419197019700e-01 1.941600547067840743e-01
9.644917733889154827e-05 -7.215628295920721413e+00 5.337089808285991888e-01 6.490876379203013302e-01 2.502771796498997059e-01
9.622806460428722571e-05 -7.215423458851629945e+00 4.703263352903793160e-01 6.577667002838625265e-01 1.960206962823259902e-01
9.599417116532502623e-05 -7.215357033234505835e+00 4.949755886561296725e-01 6.348717125656626603e-01 1.667935817127330911e-01
9.577103501782837400e-05 -7.215184215027726111e+00 5.513170904658734051e-01 6.436601007666733487e-01 2.259905626093600128e-01
9.555965640917771578e-05 -7.214893778930650647e+00 5.122151083694389540e-01 6.502694383604141759e-01 1.859614888473757333e-01
9.534565070413245221e-05 -7.214635788835195740e+00 5.033453012192123932e-01 6.644570402271735565e-01 2.120586068295350068e-01
9.511344494662332390e-05 -7.214574169336454901e+00 5.395004314464296735e-01 6.487465759075073946e-01 2.504757157433000758e-01
9.487676258139114531e-05 -7.214565692354922177e+00 4.750018704835271000e-01 6.544118883553713406e-01 1.772019937537615553e-01
9.464663592062075585e-05 -7.214494171114664844e+00 5.209127878153465563e-01 6.344419048965416197e-01 1.796046663669370047e-01
9.445997169595388165e-05 -7.213968341003748286e+00 5.046306682908631158e-01 6.327830859949545861e-01 1.941754635340385560e-01
9.422704332442060704e-05 -7.213937281326208151e+00 4.709163394883806308e-01 6.510279020721183585e-01 1.744505433746875722e-01
9.404206077124313199e-05 -7.213402368626043781e+00 4.743851764375272007e-01 6.591184079621553726e-01 2.065856198842032920e-01
9.381340647927227010e-05 -7.213336733813672907e+00 5.408522703537850251e-01 6.518369356970096229e-01 2.524831624366645211e-01
9.360895848811354690e-05 -7.213018416584432657e+00 4.701381767152277846e-01 6.483779290406878060e-01 1.742532450086785589e-01
9.338939607841959748e-05 -7.212866699392584735e+00 4.727357450363307567e-01 6.470293901209442922e-01 1.701269737254358649e-01
9.318853974356016540e-05 -7.212519755825184120e+00 4.797158114907675852e-01 6.600283011892295049e-01 2.160211481708464720e-01
9.296437317433672777e-05 -7.212428170220266388e+00 5.225029943744371463e-01 6.370727693752901155e-01 1.811836449644076419e-01
9.275492467188956719e-05 -7.212183709560262557e+00 4.955302474588794692e-01 6.390945983684118703e-01 2.055229786918042201e-01
9.253193346336697274e-05 -7.212090694258758816e+00 5.401340042677996722e-01 6.366654626927100713e-01 2.263408115572190515e-01
9.230366309587235995e-05 -7.212060678263974012e+00 5.227189012518813627e-01 6.632534484296890298e-01 2.289097498875483638e-01
9.208368373753728357e-05 -7.211946736379996281e+00 4.729781029561708205e-01 6.600883728741147038e-01 1.955658335294137573e-01
9.185813718959129836e-05 -7.211899105937370713e+00 5.313305524868378038e-01 6.471638882049107755e-01 1.988958341844958011e-01
9.163414474224788821e-05 -7.211840544413651521e+00 5.405998648352851044e-01 6.349440820353731141e-01 2.045895891459255933e-01
9.144780679398113103e-05 -7.211376113851762248e+00 4.981179837752118811e-01 6.337590021193945100e-01 1.694051993843801174e-01
9.122431063255713132e-05 -7.211323080319227863e+00 4.963251083153578103e-01 6.653458997165286881e-01 2.119497391493734562e-01
9.099954506040661356e-05 -7.211289998662974376e+00 4.820727190628475434e-01 6.625049143280643538e-01 2.179571195576898990e-01
9.079701062815444875e-05 -7.211018143363265409e+00 5.510185668346896382e-01 6.483507138154845917e-01 2.397183487727330697e-01
9.057962768930931700e-05 -7.210915178008388438e+00 4.755977779087191548e-01 6.446100364778051262e-01 1.678184775640525761e-01
9.050329130343482179e-05 -7.209258287792800424e+00 4.828039082277310601e-01 6.568435286103361248e-01 1.825267989152888071e-01
9.036724525939461843e-05 -7.208262635292204124e+00 4.925790604023164154e-01 6.661182476083300497e-01 2.180928101453954437e-01
9.020314861374856242e-05 -7.207580172345756431e+00 4.880111869445362127e-01 6.654436058581502111e-01 2.136602604026012486e-01
8.999014653364347926e-05 -7.207444324454089113e+00 5.251509524372340865e-01 6.407969238115120980e-01 2.329947109852396614e-01
8.976688592307881481e-05 -7.207428352169875652e+00 4.901542281985663552e-01 6.619708282055368764e-01 1.974172591728076132e-01
8.955215595938235702e-05 -7.207323302132572884e+00 5.470141211395603831e-01 6.488969028427711283e-01 2.469592818594696371e-01
8.933183932834017635e-05 -7.207286538064726855e+00 5.169926448183945755e-01 6.542902435358274316e-01 1.974778767340368557e-01
8.913762375990292490e-05 -7.206962996062000748e+00 4.742468893167314237e-01 6.604934157222861479e-01 1.975555234158114792e-01
8.892709460013510951e-05 -7.206827633591595728e+00 5.020860543607273963e-01 6.618242714771236379e-01 2.034301128776966616e-01
8.878782586523001927e-05 -7.205894961343823901e+00 4.747530433819280860e-01 6.466010731440328119e-01 1.916826748634906097e-01
8.856637448757761794e-05 -7.205892240712454822e+00 5.140233582691244862e-01 6.571705859291848695e-01 2.471779971696491662e-01
8.835730998824363252e-05 -7.205755571515352287e+00 5.385616190786407520e-01 6.408814807763663079e-01 2.367989390835615326e-01
8.814882758678365912e-05 -7.205617897282364126e+00 4.990275906883308576e-01 6.328989455864618696e-01 1.741811068964035647e-01
8.795821385160538337e-05 -7.205282646721776985e+00 4.999944532526632845e-01 6.600034349853094451e-01 2.380306880700329974e-01
8.774147702846851022e-05 -7.205249776083084257e+00 5.170026820021800251e-01 6.401260664598038552e-01 2.266208364953012366e-01
8.767990036928116464e-05 -7.203451818931339901e+00 5.330945709275867195e-01 6.400023492484465670e-01 2.337038148181352359e-01
8.747861561374465147e-05 -7.203250135322184278e+00 4.991302607155220228e-01 6.416074997232419364e-01 2.147227384059806621e-01
8.726435798456311861e-05 -7.203202396859698098e+00 5.301679152288671926e-01 6.323088807434757985e-01 1.958251520246532540e-01
8.705136754121522644e-05 -7.203146129904442141e+00 4.912911996112818147e-01 6.435438185277241319e-01 2.102794965605878363e-01
8.687600365521966773e-05 -7.202662649147086427e+00 4.969580848521167882e-01 6.373973355134379126e-01 2.008971569966442883e-01
8.674144303835005392e-05 -7.201712731196733941e+00 4.839203923451412814e-01 6.562954277766944733e-01 2.193866147413608969e-01
8.653008737324618417e-05 -7.201652321467877371e+00 4.916110563044933102e-01 6.378312072826698431e-01 1.664943662275676362e-01
8.640109687053430083e-05 -7.200644134840908706e+00 5.270071987639386446e-01 6.485269756231067939e-01 1.974715647538697605e-01
8.619743802781050371e-05 -7.200504049858285072e+00 5.359014106338697569e-01 6.484315349837783682e-01 2.073882213196806545e-01
8.599498513631505670e-05 -7.200355523646300604e+00 4.826940998201486588e-01 6.383711081704647183e-01 1.729853579699228427e-01
8.578173337841796882e-05 -7.200338419690600844e+00 5.296790095451853198e-01 6.321737400229404669e-01 1.984835690905996375e-01
8.559510138272897681e-05 -7.200016451158247399e+00 5.133774113816886864e-01 6.627885705057748877e-01 2.445608005457781120e-01
8.543448411144953188e-05 -7.199394691323938389e+00 5.361853004559475888e-01 6.580215270229329283e-01 2.490073225884590902e-01
8.526192846883287276e-05 -7.198916476067818593e+00 4.706460362263852337e-01 6.533100693035236439e-01 1.909292913499667788e-01
8.506263661370502274e-05 -7.198756619381608601e+00 4.830918527334395751e-01 6.382711609217420756e-01 1.760374769812883267e-01
8.487893037975011200e-05 -7.198418613162903767e+00 4.733020379764472652e-01 6.482116397374713124e-01 1.733402799002951300e-01
8.467660367882470264e-05 -7.198305168082277383e+00 4.905366477587744245e-01 6.363045173339538785e-01 1.693500106904024805e-01
8.453148562261972071e-05 -7.197520429951653753e+00 5.220548204112026580e-01 6.628827093044906693e-01 2.444918019606358017e-01
8.433702014403992166e-05 -7.197323589604305738e+00 5.112705407626495502e-01 6.451332363899584532e-01 2.316941794952710187e-01
8.412739675141452100e-05 -7.197312227913533533e+00 5.030020974245428267e-01 6.413648526990729515e-01 1.713961822949624236e-01
8.393489832675744995e-05 -7.197103027390597596e+00 4.864109595727781343e-01 6.634779564041627387e-01 2.040907520395499053e-01
8.375362096090306792e-05 -7.196765100706533858e+00 5.292654641873751897e-01 6.481865084378397590e-01 1.996880403709230811e-01
8.354684847102652697e-05 -7.196736971776147129e+00 4.833660849879960475e-01 6.411965859094066467e-01 1.671031486167990909e-01
8.334016550824183492e-05 -7.196713893898792236e+00 5.422497258204681536e-01 6.393388381817890487e-01 2.306794489342550158e-01
8.317179480928203630e-05 -7.196236220175205922e+00 4.754833605619481207e-01 6.595648702760007476e-01 1.939695620971034207e-01
8.298236533449689328e-05 -7.196016386458056857e+00 5.238083806692083177e-01 6.573488217091273400e-01 2.502704108820639206e-01
8.278518458717093454e-05 -7.195895390556474425e+00 5.490561123743972205e-01 6.439298918996447796e-01 2.342930548088957288e-01
8.260758143304102678e-05 -7.195543044612557892e+00 5.162405168638392050e-01 6.619251299160057167e-01 2.176289011866447132e-01
8.242522476082437047e-05 -7.195252990024496142e+00 5.315012623969569416e-01 6.579328425943414826e-01 2.505651119830406559e-01
8.224333114222296835e-05 -7.194962199810577275e+00 5.107325952161856364e-01 6.653133751602939849e-01 2.326766198601940838e-01
8.204200375986929938e-05 -7.194913148743514064e+00 4.768774285163673854e-01 6.486785399448430356e-01 1.984956394195644125e-01
8.187032889870255782e-05 -7.194507865122147905e+00 5.282461879045960984e-01 6.469344024635770296e-01 2.436606538757405682e-01
8.167955417216493251e-05 -7.194340790214856618e+00 4.739791779017739071e-01 6.542393705287300465e-01 2.003637477169116499e-01
8.147959114749483002e-05 -7.194291932311666748e+00 4.745921465778220605e-01 6.469142657797987139e-01 1.893667570320797522e-01
8.134418005329588038e-05 -7.193455216786885487e+00 5.244635420069881926e-01 6.592634903510650179e-01 2.187283038513027356e-01
8.114144380278590410e-05 -7.193450654240429287e+00 5.136943392294824884e-01 6.515457451086040797e-01 2.417764239576201124e-01
8.095121689861178751e-05 -7.193297793101402604e+00 4.944445785228199219e-01 6.411781208931529585e-01 1.681365188449911452e-01
8.075353702250055591e-05 -7.193242742551452018e+00 4.858213352043618261e-01 6.635193091221627260e-01 2.056642160559700727e-01
8.055550824433723139e-05 -7.193198015624556518e+00 4.800732710567744976e-01 6.409285667577389045e-01 1.711806249931745738e-01
8.041145017677035919e-05 -7.192487924652354536e+00 5.094903145253678600e-01 6.648300935164516146e-01 2.244592041046606645e-01
8.021396778021866090e-05 -7.192446844274995144e+00 5.334866594261412631e-01 6.567150286794785075e-01 2.237065677745123105e-01
8.003726074953525118e-05 -7.192152220220317638e+00 4.933330956861999295e-01 6.622485366551487118e-01 2.294674621322121688e-01
7.984299701232077816e-05 -7.192082336803012232e+00 5.005662448082531801e-01 6.528565694986347978e-01 2.330938099227388149e-01
7.964626557558041010e-05 -7.192049356003260563e+00 4.862132776356701824e-01 6.384390819505342263e-01 1.694498511069486291e-01
7.945006456885398663e-05 -7.192015800150796778e+00 5.430620214472394736e-01 6.383124985311038335e-01 2.114122920201153555e-01
7.925530237429823381e-05 -7.191970188380736317e+00 5.474026803711868894e-01 6.409067604845927191e-01 2.259857241084232415e-01
7.908039222887292452e-05 -7.191679547641293802e+00 4.736295205859720192e-01 6.459553463187011069e-01 1.805772990343058604e-01
7.888558938246920853e-05 -7.191645938735968357e+00 5.398579562391887521e-01 6.507925739262829801e-01 2.486805726634865876e-01
7.868877494067201951e-05 -7.191643991575851658e+00 4.714780664868762905e-01 6.500378768029994037e-01 1.852015547059069900e-01
7.850688272507819676e-05 -7.191458206859822511e+00 5.410938133963780761e-01 6.531705071040934119e-01 2.484837847064872152e-01
7.832210333587853669e-05 -7.191314652302022381e+00 5.476971163451416214e-01 6.476380879077338060e-01 2.289378355300697443e-01
7.812663990330467824e-05 -7.191313407232607702e+00 4.826355331249822522e-01 6.476799811457296663e-01 1.706971930810179394e-01
7.795121059639814858e-05 -7.191061380025938199e+00 4.860050217091580471e-01 6.450197942487616576e-01 2.051411203229838165e-01
7.777577092642292582e-05 -7.190814550831432506e+00 5.201606265437858090e-01 6.524928056347499838e-01 1.984358538203194466e-01
7.760462605076274222e-05 -7.190517466362623011e+00 5.023971533211780693e-01 6.341972548097988271e-01 1.734725585218309662e-01
7.741140623039271629e-05 -7.190510368775251848e+00 4.996012109922935429e-01 6.482453749542270716e-01 2.262892905303636182e-01
7.722776187535961901e-05 -7.190385503660092326e+00 5.206039085057924121e-01 6.634812102912962528e-01 2.352722563739730599e-01
7.705662279110989099e-05 -7.190103993299350016e+00 5.311926454053921276e-01 6.412026619155700713e-01 1.944324423449043659e-01
7.686477394435689992e-05 -7.190096810414708273e+00 5.446301772176221911e-01 6.473102353813565690e-01 2.206589729877929118e-01
7.669189736747153766e-05 -7.189848443618874541e+00 4.854587187505131629e-01 6.380826101948918749e-01 1.800905283424790448e-01
7.652389459453472068e-05 -7.189541466128078540e+00 4.976959892996054013e-01 6.597810602252942580e-01 1.971091181539411097e-01
7.633321615193635874e-05 -7.189536326073693751e+00 4.884661784718159483e-01 6.368293488131914204e-01 1.801554539801205890e-01
7.614816692244338674e-05 -7.189463498710880529e+00 5.311712837866993109e-01 6.350020055859101342e-01 2.158723206476406420e-01
7.596140003672598065e-05 -7.189419188820423301e+00 4.965349870003866184e-01 6.364555981719630662e-01 1.946978300497248238e-01
7.579496371208271010e-05 -7.189112657183307498e+00 4.903464150130107946e-01 6.643028116967902852e-01 2.108107101667019700e-01
7.561143051536335408e-05 -7.189037036781678935e+00 5.167607910929913340e-01 6.346211406118053011e-01 1.801039300592191528e-01
7.545312903449922874e-05 -7.188632849847036432e+00 5.188710731481891436e-01 6.606114551153786651e-01 2.170715622204425765e-01
7.530028170783556701e-05 -7.188160629892411002e+00 5.228143765870054693e-01 6.431574107958067943e-01 1.879274493953825287e-01
7.512468917457909351e-05 -7.187995250427573701e+00 4.980306758147440838e-01 6.629084918340508725e-01 2.327230630992118687e-01
7.496300498125157020e-05 -7.187649780907657160e+00 5.335425143810658133e-01 6.384764432968913495e-01 1.962575972129481927e-01
7.479841891060920185e-05 -7.187347758632848027e+00 5.178474475780694419e-01 6.522220452498888044e-01 1.961726786067156669e-01
7.461472524528698985e-05 -7.187306628753166393e+00 5.403296502673687884e-01 6.379944414860698743e-01 2.069711983742879291e-01
7.445485272450183838e-05 -7.186951567838086419e+00 4.953851294032173835e-01 6.489152605851520317e-01 2.227822219144613425e-01
7.429729400941342398e-05 -7.186569974563234098e+00 4.890275302908649313e-01 6.517519001665382783e-01 2.195962224302788757e-01
7.412385474276077680e-05 -7.186407098983265129e+00 5.247856300439719401e-01 6.390359760220376550e-01 1.870065563960812138e-01
7.395092732817833896e-05 -7.186242776818199118e+00 5.301060749145271034e-01 6.468513507601398871e-01 2.431950096372082759e-01
7.378233473915496627e-05 -7.186025169555646741e+00 4.810903952448966070e-01 6.590854250196653830e-01 1.910536457463710147e-01
7.367938632563601580e-05 -7.184921442832551186e+00 5.422285652071207052e-01 6.375526474275872157e-01 2.159336088377954155e-01
7.350137856330381898e-05 -7.184840343824967057e+00 5.326229380886753351e-01 6.367259758147727489e-01 1.957976459478603104e-01
7.332770933142135675e-05 -7.184705942022993064e+00 4.737524634471796392e-01 6.509800975925965627e-01 1.784724398046512173e-01
7.315516917413943251e-05 -7.184561715459964581e+00 4.775316523526803580e-01 6.469695422041431554e-01 1.722690926500391462e-01
7.297502737483015718e-05 -7.184527213964933878e+00 5.435058511510132417e-01 6.384923817712478966e-01 2.171784149187137025e-01
7.280865170825478354e-05 -7.184309715543355956e+00 5.224467132102801337e-01 6.527662507173888073e-01 2.017851947799736700e-01
7.264557766001848585e-05 -7.184051989518746240e+00 4.789165983381620251e-01 6.437542937740629023e-01 1.880257908851420690e-01
7.249486811066739079e-05 -7.183628731156362690e+00 4.744327065322803128e-01 6.576398387793078726e-01 1.956593149900265338e-01
7.231568523016262474e-05 -7.183603453720671439e+00 4.968959972030896344e-01 6.388906283721725865e-01 1.696187832109412874e-01
7.214772842856555268e-05 -7.183428705118506841e+00 4.903154514261222063e-01 6.482932155478784431e-01 2.158575287545029253e-01
7.198925078468775321e-05 -7.183127692617800264e+00 5.320531592501355211e-01 6.544757639432356999e-01 2.495031666246924074e-01
7.182781031203168203e-05 -7.182872774518870074e+00 5.044153526075466631e-01 6.593781874074945426e-01 2.388029510762841867e-01
7.167575799553441607e-05 -7.182491918665501629e+00 5.403041702637827459e-01 6.383404774339525023e-01 2.080297307702876630e-01
7.150659616335384766e-05 -7.182354806353446364e+00 4.895386402291134198e-01 6.575646944677415728e-01 2.244797317952901272e-01
7.134394027260355009e-05 -7.182132095121182225e+00 5.263150566264249708e-01 6.606770262839231078e-01 2.448923439807897673e-01
7.117773560463968728e-05 -7.181964438496810210e+00 4.958437108810557215e-01 6.467524838617202398e-01 2.192701958823707609e-01
7.100918884257216503e-05 -7.181835216846043757e+00 5.396196476927630492e-01 6.558562287761248166e-01 2.394308430212890582e-01
7.084018985276085143e-05 -7.181718012898115511e+00 5.196263736259435495e-01 6.600014582430955290e-01 2.169624737213591836e-01
7.067563410026155295e-05 -7.181543630232901876e+00 4.966911063717227570e-01 6.368949820994886934e-01 1.951092510103738242e-01
7.050875761603465582e-05 -7.181407582223783059e+00 5.009837616709581498e-01 6.392758147517688672e-01 1.713041326893167682e-01
7.035603592644533303e-05 -7.181075927423269611e+00 4.962264024725162592e-01 6.640706556958962947e-01 2.271766828489586720e-01
7.018557363014650921e-05 -7.181001719762304170e+00 5.391997728789038602e-01 6.372769529977669878e-01 2.075439571411572259e-01
7.003809472843112267e-05 -7.180605201404452131e+00 5.357700020501130478e-01 6.402684167440388929e-01 2.008252671301619108e-01
6.988830171963555558e-05 -7.180246227970118689e+00 5.168553650473538541e-01 6.430795603107457570e-01 2.299870701904751236e-01
6.972079258297221127e-05 -7.180145917157757296e+00 5.373978700456979452e-01 6.498400938833022167e-01 2.145849541411523898e-01
6.956198354913913984e-05 -7.179926301094127439e+00 4.823560642371279017e-01 6.591221470220582912e-01 1.920982395030163548e-01
6.941730051621800598e-05 -7.179508382408064548e+00 5.319715465194000403e-01 6.469003801013482047e-01 2.027186738896581408e-01
6.926159395911119681e-05 -7.179253952984993248e+00 4.930474691393814113e-01 6.572489599736451860e-01 2.278111386268321381e-01
6.909373461431784667e-05 -7.179180450451847051e+00 4.826745680867946531e-01 6.514551772569706634e-01 2.100376113615372020e-01
6.893303262320451099e-05 -7.179009014207172967e+00 5.084639885613077004e-01 6.608035025698771880e-01 2.406112964895248119e-01
6.876584946160961087e-05 -7.178937258230819296e+00 5.178363159939000093e-01 6.633538275826991182e-01 2.355852029665769509e-01
6.859937230478252836e-05 -7.178861121217278374e+00 5.150189268926114172e-01 6.613519465380057749e-01 2.168926274116225184e-01
6.843366183614514684e-05 -7.178779670152596104e+00 5.024067672410961194e-01 6.632341092886231415e-01 2.127043904875638991e-01
6.827986202712474546e-05 -7.178529628599376267e+00 5.225550953304736179e-01 6.434976956575437779e-01 2.338209990651652914e-01
6.813981490404065597e-05 -7.178082810008868719e+00 5.136831961124181944e-01 6.566355974183996080e-01 2.437113013492850089e-01
6.798233008425012196e-05 -7.177896686124600301e+00 4.801465018712257615e-01 6.479549111129915273e-01 1.730441800915462625e-01
6.783578152050872558e-05 -7.177554699056500453e+00 4.925614814519497231e-01 6.515525739244172332e-01 1.794657440856005648e-01
6.768000940414855074e-05 -7.177353651583056937e+00 5.220365174929385566e-01 6.383597383156500715e-01 1.853882720206944945e-01
6.752911025756221867e-05 -7.177085737844913105e+00 5.010962522919761852e-01 6.496039446398723660e-01 1.808066908767400616e-01
6.736968255053591879e-05 -7.176949402899778896e+00 5.120844947229677979e-01 6.540499613983781213e-01 1.956990466943251128e-01
6.721441381511099984e-05 -7.176756790005773823e+00 4.786458072094792460e-01 6.557785478750638442e-01 2.072439501539476425e-01
6.705866463745787048e-05 -7.176576677943103277e+00 5.229514731267023153e-01 6.373514409587367480e-01 1.862517723115919288e-01
6.690123123324789693e-05 -7.176427134781950379e+00 4.863593072054590571e-01 6.540408935915288380e-01 2.175725930420898124e-01
6.674010066013257437e-05 -7.176338524266191676e+00 5.339325453126496646e-01 6.350219026240243592e-01 2.047157700765917798e-01
6.659232226247236558e-05 -7.176055216274522586e+00 4.976783900082504819e-01 6.636180773048432346e-01 2.285869648465155557e-01
6.642868901848101855e-05 -7.176015479130045449e+00 5.095232899372021951e-01 6.331754631569687097e-01 1.830839009620930102e-01
6.626758282757643751e-05 -7.175943675006568157e+00 4.900474225573990816e-01 6.583496680446822014e-01 2.244201626075738865e-01
6.611164227218525619e-05 -7.175799643284881846e+00 5.142127245018558446e-01 6.409183254834298626e-01 1.803379051092396379e-01
6.594924723322396663e-05 -7.175759040937360389e+00 4.914585793530883429e-01 6.412216994155756078e-01 1.697449114906914303e-01
6.579011521834645217e-05 -7.175674903429977824e+00 5.203881311517688513e-01 6.625335613064697871e-01 2.323989424017943450e-01
6.563179954909874520e-05 -7.175584178110046452e+00 5.375433437321434083e-01 6.562970128957690275e-01 2.361403799586549446e-01
6.549007827853608988e-05 -7.175245851327320956e+00 5.007642301122214867e-01 6.342443618969662023e-01 1.809825598933338942e-01
6.533507938061198464e-05 -7.175115410412462147e+00 5.287045687237907909e-01 6.338916250748730663e-01 1.995021460070983965e-01
6.517446760242777621e-05 -7.175076714784131227e+00 5.142592692703132906e-01 6.609868430950009976e-01 2.426686469561276094e-01
6.503811469749437774e-05 -7.174671027827672631e+00 5.204207091193162604e-01 6.604062333151409225e-01 2.447121168028138782e-01
6.488043314376482182e-05 -7.174598419971048635e+00 5.352965198957332360e-01 6.511572826246466716e-01 2.149558066677060286e-01
6.472509626818751460e-05 -7.174495492853075085e+00 5.132465433839719093e-01 6.625708334031311653e-01 2.397837261141392284e-01
6.457436486469067495e-05 -7.174327002519966356e+00 5.214231817674770397e-01 6.568037138829294630e-01 2.107473184952280421e-01
6.441867231767729838e-05 -7.174240971925121002e+00 5.402195640432831958e-01 6.510459766689155048e-01 2.230066495895260958e-01
6.425965707842621114e-05 -7.174212488627919271e+00 5.136020505668377201e-01 6.624088850764631164e-01 2.401635805174332505e-01
6.411703883129540730e-05 -7.173934360826643264e+00 5.224169429534778475e-01 6.618438274355913364e-01 2.318868737504199418e-01
6.397285481284261093e-05 -7.173685655995193144e+00 5.027115800473992424e-01 6.576891460621104857e-01 2.361525894905071032e-01
6.382338379059415570e-05 -7.173524865537499018e+00 5.448183050020467544e-01 6.495574848828359338e-01 2.384866584187975425e-01
6.367038755493372067e-05 -7.173424924889226340e+00 5.076925797027517229e-01 6.447323642822286871e-01 2.257510662910502675e-01
6.352188717787989730e-05 -7.173259979354448035e+00 4.776988559938125101e-01 6.447494180041125622e-01 1.841990199912488801e-01
6.337716512587944116e-05 -7.173040880781470285e+00 4.749697514689111277e-01 6.520938395894415596e-01 1.949836108467517537e-01
6.322202981035780788e-05 -7.172991692467138414e+00 4.988498846570438849e-01 6.350329786623549744e-01 1.859833875078019949e-01
6.312621815058362142e-05 -7.172008320986895669e+00 5.443918883136448228e-01 6.422497800578912397e-01 2.203869450705701338e-01
6.297831350928081127e-05 -7.171854068711847496e+00 4.854404569087953925e-01 6.589359196596550339e-01 1.928927464710847861e-01
6.282281530319118663e-05 -7.171826197328665664e+00 4.805975873736093584e-01 6.459637909477813356e-01 1.954346874327951011e-01
6.266632009224673441e-05 -7.171820362127538928e+00 5.450688258497082828e-01 6.427369409989720506e-01 2.283769231846903836e-01
6.253343455650736129e-05 -7.171443139221041818e+00 4.766432453003375813e-01 6.577895082744307231e-01 1.956807820866638126e-01
6.241906470929307242e-05 -7.170773752931454581e+00 5.006734879847343223e-01 6.509656444969745825e-01 2.289241815265647961e-01
6.227942508119049369e-05 -7.170513390102787987e+00 5.397486057475180399e-01 6.545231071353071473e-01 2.370145071243282830e-01
6.212726303716217065e-05 -7.170459594920338908e+00 4.940266759529665097e-01 6.412177624882368088e-01 1.709074887731580894e-01
6.197766999211007019e-05 -7.170370347077408724e+00 4.799442223677162778e-01 6.437188434722539432e-01 1.743510036245025097e-01
6.184252153285457678e-05 -7.170053327272490229e+00 4.959126271527217189e-01 6.487672091858261991e-01 1.777426556429063664e-01
6.168825875304971746e-05 -7.170050888765044483e+00 5.162194622680899014e-01 6.578414959399161432e-01 2.441415275200567725e-01
6.155863197248441726e-05 -7.169654419776663623e+00 5.195611660199486170e-01 6.624385390783541494e-01 2.340435596176382860e-01
6.141999836882652353e-05 -7.169409017376239035e+00 5.154572245742240488e-01 6.537656016508616164e-01 1.987261923968893229e-01
6.127055693546038374e-05 -7.169345089279243410e+00 4.953557063855082432e-01 6.386017250954604263e-01 1.972770056925480797e-01
6.112340005038359827e-05 -7.169249733423608717e+00 4.985090715473604606e-01 6.352278239124921067e-01 1.846063136031010354e-01
6.100027742367171424e-05 -7.168766093739208145e+00 4.945159210638265246e-01 6.564767243483751180e-01 1.901134897297480641e-01
6.085046585063670703e-05 -7.168725030705767054e+00 5.178536263799985440e-01 6.622232918776692623e-01 2.390397546918669736e-01
6.070442034811076389e-05 -7.168627987548846114e+00 5.334086211426309898e-01 6.469329446338603073e-01 2.416769508183169435e-01
6.056304700779915879e-05 -7.168459584100505211e+00 5.171125339001245713e-01 6.355374555866222241e-01 2.082704318141559430e-01
6.041738814360714743e-05 -7.168367559148561163e+00 5.381599821034034337e-01 6.427213594247704886e-01 2.078539076899560967e-01
6.028035335567848358e-05 -7.168138270184366334e+00 5.078179103553123186e-01 6.639933739671947110e-01 2.273939451936928535e-01
6.013020074364675764e-05 -7.168132282291279189e+00 5.189343298217666822e-01 6.621936722840390255e-01 2.382550384721757730e-01
5.998243793805969334e-05 -7.168092687486771197e+00 5.207377835230604379e-01 6.337628617801346342e-01 2.007575811764203966e-01
5.984193875340240406e-05 -7.167937773735922669e+00 5.108514058203873498e-01 6.336078099636976990e-01 1.847962560628024220e-01
5.969867763895977329e-05 -7.167834635779164465e+00 5.045691748567995294e-01 6.360532964045683135e-01 1.759328757642900642e-01
5.955347026267862826e-05 -7.167769936955726173e+00 5.375751193522139149e-01 6.556399044573447688e-01 2.367805304180635728e-01
5.942502370478662917e-05 -7.167429093682457619e+00 5.214053731077339382e-01 6.587223040588597867e-01 2.451178059586331115e-01
5.927667983856523719e-05 -7.167428534533277329e+00 5.183631617387023383e-01 6.519006737185180089e-01 2.420445518136773166e-01
5.916713595304442012e-05 -7.166778254014571914e+00 5.350229119357412522e-01 6.484008051479136503e-01 2.432659633639506769e-01
5.905489732002038532e-05 -7.166177031486729909e+00 5.368902157222111837e-01 6.472359999480548076e-01 2.416922003463193025e-01
5.892575184784272106e-05 -7.165866297687082387e+00 4.769972460158536376e-01 6.518484002565434476e-01 1.979814568350070914e-01
5.879451953275164456e-05 -7.165595860495838743e+00 4.954678946371851023e-01 6.518596464579933247e-01 1.824010332178008509e-01
5.867231113405460628e-05 -7.165176591577020915e+00 5.209341700411875831e-01 6.345892356198354900e-01 1.889714595003754993e-01
5.852961911818936141e-05 -7.165111570012294706e+00 5.413523555091824813e-01 6.421951550933724384e-01 2.142831164693597967e-01
5.838632408887185489e-05 -7.165062819981076636e+00 5.307383115249921790e-01 6.584383885203642928e-01 2.418799604306121898e-01
5.824268257565076837e-05 -7.165026042295273179e+00 5.262159338660713503e-01 6.573706952097647660e-01 2.459314456187583764e-01
5.811555400444482627e-05 -7.164711166881668092e+00 5.329981926376932133e-01 6.378971842181967444e-01 2.211008476305154624e-01
5.797123938713247650e-05 -7.164697490905954425e+00 5.380639802199757016e-01 6.442027628988649113e-01 2.096718566876352996e-01
5.783151659155522068e-05 -7.164610609008343900e+00 5.060676562069542639e-01 6.349302257826227036e-01 1.792758528337110024e-01
5.772140226887548258e-05 -7.164016477888102585e+00 5.320326198682876484e-01 6.375608421067007203e-01 1.989377259159125499e-01
5.760129086333405521e-05 -7.163599527558738522e+00 5.113906603282237784e-01 6.448482967527319198e-01 2.277241625970016503e-01
5.749060315222330263e-05 -7.163022994822591194e+00 5.368985099297329810e-01 6.377392854395191879e-01 2.084995925189280508e-01
5.734986139225620557e-05 -7.162974079133126004e+00 5.082257063201685021e-01 6.351890432318357815e-01 1.796814360443578229e-01
5.721424990669928218e-05 -7.162841514228780682e+00 5.373438544989380672e-01 6.375957433970356192e-01 2.149449664951844086e-01
5.709112374348859981e-05 -7.162495852330300394e+00 5.380685005653422781e-01 6.390248981699220288e-01 2.224039876666458193e-01
5.694934595733376414e-05 -7.162482300510863986e+00 5.323898256885085667e-01 6.357943414744153809e-01 2.050329061751763327e-01
5.681306337711390680e-05 -7.162378217513861500e+00 5.031461569236469478e-01 6.443719443714802653e-01 1.773324449409768022e-01
5.667581836197323447e-05 -7.162296869983476810e+00 5.086283535298830039e-01 6.353014269610512965e-01 1.797833474036971135e-01
5.654149542453369953e-05 -7.162169704949632454e+00 4.865120730336510713e-01 6.399115949427498506e-01 1.763034307786185695e-01
5.640687420046194709e-05 -7.162053471767438673e+00 5.143607990886700509e-01 6.593491078229196667e-01 2.121213999752630808e-01
5.627086999635412778e-05 -7.161967511401007513e+00 5.259421409222639898e-01 6.386808901102669633e-01 1.914879539900154470e-01
5.613421267884122142e-05 -7.161899027513801030e+00 4.900610749461723481e-01 6.610419119430746004e-01 2.209620538090663333e-01
5.601519766334541324e-05 -7.161521465069387915e+00 5.284652275786071440e-01 6.435020520344980621e-01 1.969067652308412186e-01
5.588360090841993359e-05 -7.161373533496817601e+00 4.953365582657056621e-01 6.578224042935261195e-01 2.280170633798869750e-01
5.574670417073274186e-05 -7.161326215252316274e+00 4.790414097164593654e-01 6.487893846520655927e-01 1.773135231931232958e-01
5.560788259887586570e-05 -7.161319541262521682e+00 5.174485173517333614e-01 6.613721661182003775e-01 2.396734943115275684e-01
5.547040273068827820e-05 -7.161294911457154910e+00 5.112880196913527353e-01 6.385040167294857572e-01 2.127559771554789481e-01
5.534447992875173933e-05 -7.161067581934512205e+00 4.881906841746943559e-01 6.595690552924885486e-01 2.195059837575303596e-01
5.521624356415807418e-05 -7.160887328369743621e+00 5.126906189765613187e-01 6.408159337438912306e-01 2.199237172777648575e-01
5.507980221365856493e-05 -7.160861422869419179e+00 5.335221395529444743e-01 6.570068998555438355e-01 2.339856136952612187e-01
5.494809138644316833e-05 -7.160755559225550293e+00 5.129039596881743712e-01 6.570468533444647763e-01 2.412316067549974963e-01
5.483234616421481890e-05 -7.160364227540214621e+00 4.953115551510303138e-01 6.609196899805471759e-01 2.270555204922724002e-01
5.469975231360943202e-05 -7.160285324501141524e+00 5.410699239656592274e-01 6.467906875730750071e-01 2.382852699874839497e-01
5.457172303612620005e-05 -7.160128650344585566e+00 5.134411024664385925e-01 6.498451977574762894e-01 2.362513887543234437e-01
5.444188477277026961e-05 -7.160010707545693798e+00 5.390255151399729883e-01 6.527731306320107008e-01 2.416397448373798218e-01
5.431024462390672959e-05 -7.159931629579817880e+00 5.086371689773558913e-01 6.406207975205987504e-01 2.161094621915539693e-01
5.417976806957877439e-05 -7.159836949922133265e+00 5.382378928803788209e-01 6.384631567222009974e-01 2.172785752981969409e-01
5.404493050435603462e-05 -7.159828758848708397e+00 5.146589864268809045e-01 6.513679050223121214e-01 2.386431174417976142e-01
5.392472683657452984e-05 -7.159555379186394397e+00 4.959331574143432952e-01 6.393595517926112803e-01 1.988700156888459358e-01
5.380679506811911558e-05 -7.159244744257589055e+00 4.953113070685000729e-01 6.379079577571720172e-01 1.746304517905743758e-01
5.367538900702245982e-05 -7.159189914639990882e+00 5.412713518659832967e-01 6.496632046302311947e-01 2.260057861907887322e-01
5.354297649281066678e-05 -7.159159875470150425e+00 5.416768207666887713e-01 6.427190022380596668e-01 2.297368463235442415e-01
5.344637305540474008e-05 -7.158465727437040016e+00 5.201343567440589455e-01 6.342084101035939669e-01 1.927506190730640112e-01
5.331610522806298714e-05 -7.158406058423804730e+00 4.903784265274260812e-01 6.384610285890254255e-01 1.779414575378552299e-01
5.318894438984279600e-05 -7.158293943300606976e+00 5.382169194684839342e-01 6.389763840829603136e-01 2.199438908428769657e-01
5.306488004972657288e-05 -7.158129189060487896e+00 5.367768834605358697e-01 6.537050883377705235e-01 2.428550155201436023e-01
5.293729573257344455e-05 -7.158036392079110577e+00 4.970627062849879430e-01 6.363425935504841702e-01 1.800726517834239926e-01
5.282424199015710081e-05 -7.157674291884863038e+00 5.034531999922211565e-01 6.349749786852187938e-01 1.853848179729330747e-01
5.271084749055642644e-05 -7.157323236729586924e+00 5.430755889263721992e-01 6.485648801913892481e-01 2.318594380939823785e-01
5.260213740484177250e-05 -7.156887751840134371e+00 4.996721517780542410e-01 6.599552368126283541e-01 2.312368731003334177e-01
5.247156522072366565e-05 -7.156873097803337913e+00 5.153585819974184634e-01 6.615672222613880882e-01 2.230287910788928407e-01
5.234163608057851422e-05 -7.156852350513585037e+00 5.290525826909281415e-01 6.527308552736701408e-01 2.123780175107628510e-01
5.221097074864524231e-05 -7.156851865426211212e+00 5.211241762711366077e-01 6.492352477527850718e-01 1.972307117300388657e-01
5.209489411668321185e-05 -7.156577563473574877e+00 5.281710589256199961e-01 6.369676509847413959e-01 1.958627772934849187e-01
5.199715244570370836e-05 -7.155955549408796301e+00 5.409726132215393335e-01 6.414808626019624649e-01 2.251884000155182086e-01
5.187350010657370300e-05 -7.155836441306617779e+00 5.227320088081577332e-01 6.508959735865140761e-01 2.417023030721076049e-01
5.175702144574333992e-05 -7.155584402778513819e+00 5.184556225671431706e-01 6.386868289255188680e-01 1.853666960770585792e-01
5.163668797060322720e-05 -7.155412078807365184e+00 5.248979036389938013e-01 6.407240274408019243e-01 2.259557661677289719e-01
5.150783558030123959e-05 -7.155410562544464170e+00 5.431509535053079540e-01 6.445125718298541084e-01 2.267493490960154900e-01
5.138471825916848563e-05 -7.155303687708467919e+00 4.892214810683007675e-01 6.391457861207224811e-01 1.786761538998227761e-01
5.130770999746652860e-05 -7.154303472599026215e+00 4.785521632338589071e-01 6.472879854585369408e-01 1.797057755510106658e-01
5.119453799899927103e-05 -7.154011659183527883e+00 5.329989600751898760e-01 6.511052386135107728e-01 2.435356184925763778e-01
5.108791950071795113e-05 -7.153596445558521033e+00 5.106799449676492353e-01 6.402325932758125004e-01 2.159206483952707534e-01
5.096090401025640300e-05 -7.153585755119978629e+00 5.123528538684359868e-01 6.373715304378904101e-01 2.087014135656670433e-01
5.083443170814416258e-05 -7.153570591312012894e+00 4.879663912476485677e-01 6.401386102053356897e-01 1.853539800267168247e-01
5.071510030882371144e-05 -7.153420803112648940e+00 5.132086638747967999e-01 6.413846798499385216e-01 1.824682230391637405e-01
5.059034739929014991e-05 -7.153383710595271339e+00 5.418185005197861948e-01 6.424777227109282896e-01 2.222429558024869578e-01
5.046481108851457890e-05 -7.153368222563386780e+00 5.014846034811015763e-01 6.526585392048765977e-01 2.295494586308710616e-01
5.034624221877711511e-05 -7.153220522644000212e+00 5.375991790849653507e-01 6.525205509641985868e-01 2.269853251386171333e-01
5.022318261083019470e-05 -7.153167780736073844e+00 4.995783832204523933e-01 6.408033377192384750e-01 1.747986254013465801e-01
5.010710918808140743e-05 -7.152981607845591228e+00 4.821011021157163290e-01 6.476844793870726313e-01 1.766721989392256442e-01
4.998681312034814481e-05 -7.152885272781032810e+00 5.073215697814894565e-01 6.621692468729734049e-01 2.330584435815752919e-01
4.987848804479188907e-05 -7.152554697331452438e+00 4.906754888542918525e-01 6.413501015059387411e-01 1.962590247456216797e-01
4.976164318649352661e-05 -7.152400035708955883e+00 4.834433782993459161e-01 6.423697742260229271e-01 1.809888191946624481e-01
4.964189775781589016e-05 -7.152309315810317258e+00 5.101719649735234619e-01 6.616693561424424885e-01 2.353541964814842846e-01
4.952149878386270522e-05 -7.152237611679848506e+00 4.951304882037272925e-01 6.584330679124905661e-01 1.971156875788903917e-01
4.940016528489599395e-05 -7.152190735794894394e+00 5.099440830834066629e-01 6.346592148450209692e-01 1.911933003052843638e-01
4.927928111193598910e-05 -7.152140774538382928e+00 5.115376252069795404e-01 6.360362755271623536e-01 1.824332711314440858e-01
4.915896038784111152e-05 -7.152085368878589478e+00 4.800455282139885482e-01 6.492646914724872209e-01 1.972568139437671508e-01
4.904823844444402826e-05 -7.151840233931793911e+00 4.955641932331456001e-01 6.547081102149521215e-01 1.889511661823278510e-01
4.892638498567209750e-05 -7.151827684606992364e+00 4.896307588175149439e-01 6.410806052068611649e-01 1.933002956245080672e-01
4.881060268567494144e-05 -7.151696948422396893e+00 5.422888558276031112e-01 6.457329574983866616e-01 2.246512350575801953e-01
4.869288364264706443e-05 -7.151611612854587463e+00 5.094771506370452396e-01 6.482547158883599225e-01 1.867355649942440965e-01
4.859529278453001019e-05 -7.151117835901084518e+00 5.237558346468859094e-01 6.563796476000254287e-01 2.437115983913615835e-01
4.847666862500945244e-05 -7.151061882912129519e+00 5.325891483766270751e-01 6.404405260357549645e-01 2.260376576981633634e-01
4.836022892529137309e-05 -7.150966746322281686e+00 5.061977723322841349e-01 6.529602468161237461e-01 1.919018059448735214e-01
4.824422894721031209e-05 -7.150868292511508351e+00 5.303070167854442296e-01 6.558932693207085718e-01 2.239752177151460855e-01
4.812435889613134215e-05 -7.150856034950889395e+00 5.038341970636888156e-01 6.609297236888616034e-01 2.327359649256333374e-01
4.802431803787922821e-05 -7.150436997425750896e+00 5.274265577949628359e-01 6.361908305691846843e-01 1.982325309451848094e-01
4.791428659678938023e-05 -7.150230787079095762e+00 5.229601585019981735e-01 6.362561530857592240e-01 2.098465056972165232e-01
4.779632378421996342e-05 -7.150195777571378031e+00 5.291345216694938181e-01 6.409351510488165982e-01 1.975296744987710962e-01
4.767846707262731273e-05 -7.150164633913426826e+00 5.373588112804178474e-01 6.470780398532908206e-01 2.149237458395558409e-01
4.755975581718142095e-05 -7.150157568227480276e+00 4.939760643723450362e-01 6.615602183385989044e-01 2.077840152060428380e-01
4.744350215293363448e-05 -7.150104931081294524e+00 5.047950449169855691e-01 6.516676438105181157e-01 2.309505667054778111e-01
4.732651071741805711e-05 -7.150073887060120370e+00 5.228313180361157109e-01 6.524343761460849045e-01 2.053709830009659565e-01
4.721637900698447105e-05 -7.149903660574963737e+00 5.005247616574164393e-01 6.622240557755464385e-01 2.137344811924315191e-01
4.710510518520260638e-05 -7.149763120338711531e+00 4.924242289662268957e-01 6.392178367214942369e-01 1.761014881733937720e-01
4.699803087827404485e-05 -7.149538801205825855e+00 5.013583511990388208e-01 6.610884947467273731e-01 2.303680142348799587e-01
4.688157746186253499e-05 -7.149519712198118881e+00 5.364929856436713163e-01 6.454926075458843338e-01 2.361681393971868659e-01
4.676497239610871048e-05 -7.149510036213116315e+00 5.418814846245632033e-01 6.438647325708218849e-01 2.247294482796650950e-01
4.666127656174092847e-05 -7.149229880809393478e+00 5.405677165920453886e-01 6.505642996126205224e-01 2.336370888488744635e-01
4.654665511097007404e-05 -7.149189360523040548e+00 5.123003588063373970e-01 6.364476677247422609e-01 2.041842820804192216e-01
4.643686435977140056e-05 -7.149050871527277806e+00 5.059545655640876882e-01 6.484575470682972798e-01 2.277468741312551614e-01
4.632559451085186498e-05 -7.148949900264561563e+00 5.345588407321009150e-01 6.529240542471516084e-01 2.424764841540169302e-01
4.621244309385093464e-05 -7.148895412970945884e+00 5.328269376897512011e-01 6.395457756393347903e-01 2.227985625841773232e-01
4.610238467924884993e-05 -7.148779828766354427e+00 5.331447939137911041e-01 6.548059911655680354e-01 2.261735278624018575e-01
4.599356761655397716e-05 -7.148642953542673872e+00 5.183727006917648872e-01 6.507151799294202954e-01 1.979661988117463467e-01
4.587951452027812775e-05 -7.148625795137036221e+00 5.209955174158815705e-01 6.424071787148664114e-01 2.270681339961584111e-01
4.576777657864215549e-05 -7.148564230483288817e+00 4.782003469801907602e-01 6.505334645125351312e-01 1.834741036515765977e-01
4.565526891149231944e-05 -7.148525485702737825e+00 5.163342582634246059e-01 6.559530198561956960e-01 2.410668981465427518e-01
4.554364199436219989e-05 -7.148473474867662603e+00 5.148238592147257320e-01 6.369039696396842087e-01 1.843507569168604532e-01
4.543461887212109709e-05 -7.148370161139515844e+00 4.933956791469539249e-01 6.487966057411308496e-01 2.159819236386693042e-01
4.532381207496942330e-05 -7.148311958580292114e+00 4.823599705718836783e-01 6.574940914698026440e-01 2.075774157109119278e-01
4.521287639066677046e-05 -7.148262583662827296e+00 5.325612005926309012e-01 6.564142524442899695e-01 2.377946150165136663e-01
4.513478976223142059e-05 -7.147491165068503349e+00 5.067587665178246992e-01 6.616860308606161700e-01 2.325015272847956727e-01
4.503340811328317237e-05 -7.147239888987993339e+00 5.168801561032645431e-01 6.563542959971307988e-01 2.083896011099038159e-01
4.492226258562837253e-05 -7.147211008003611532e+00 5.015574147841433961e-01 6.500961431069538499e-01 2.259999426989926230e-01
4.481361010428600668e-05 -7.147132615576634151e+00 5.025711284673630708e-01 6.359695744262767736e-01 1.879699851703386937e-01
4.470510116586718031e-05 -7.147056890681191987e+00 5.011993634826198418e-01 6.617167621621943274e-01 2.285369764751573884e-01
4.460052025474979623e-05 -7.146898981968602627e+00 4.919157093663860114e-01 6.481548226318634143e-01 2.129935365000429903e-01
4.449106981468524706e-05 -7.146856015119365857e+00 4.911042287722663380e-01 6.393903775363233288e-01 1.781618510217141405e-01
4.438065445313606482e-05 -7.146840841857472704e+00 4.882298612522854575e-01 6.438347607990062560e-01 1.747486158577078730e-01
4.427458177892924107e-05 -7.146733768193925584e+00 4.812789157581903177e-01 6.484232551947938239e-01 1.969083851641997007e-01
4.416932898310070007e-05 -7.146613872027164582e+00 5.053466347784311141e-01 6.383635044954049098e-01 1.783711605040990966e-01
4.406304650996509730e-05 -7.146523022272683434e+00 4.803007746372331965e-01 6.571037651373698996e-01 1.998957990243076799e-01
4.395937606041813402e-05 -7.146378569744685549e+00 5.203434157523161296e-01 6.520479968745332977e-01 2.025062003881340222e-01
4.385844071772954214e-05 -7.146177314824871729e+00 4.950420180029612705e-01 6.464728863324890051e-01 2.135960229040925473e-01
4.376248819845713652e-05 -7.145867489223048707e+00 4.857462135921110646e-01 6.423306868716086582e-01 1.774480137197710361e-01
4.366284630706949158e-05 -7.145646964276733293e+00 5.021040733305710546e-01 6.610771345824146827e-01 2.301137217774576471e-01
4.355860977021737033e-05 -7.145537123560102621e+00 5.169806104201635222e-01 6.349837154544556439e-01 1.924987462342455935e-01
4.345318347222332732e-05 -7.145460389318824213e+00 5.402416617185538117e-01 6.437275024839889115e-01 2.286284551396945974e-01
4.335260871133053484e-05 -7.145277626529996873e+00 5.381677838209407705e-01 6.411794853089494151e-01 2.236223477895615264e-01
4.324998458914509675e-05 -7.145147628773818482e+00 4.916408224680084427e-01 6.501213397993654830e-01 1.807085663073236814e-01
4.314255564738797224e-05 -7.145134625841732756e+00 4.899108521641411529e-01 6.576915726509284799e-01 1.946178238668661298e-01
4.303503598810791045e-05 -7.145129931478137131e+00 5.268504362464681012e-01 6.584235668851937673e-01 2.310075142111210345e-01
4.294197108712926198e-05 -7.144794811147521685e+00 5.025343349124398173e-01 6.361881384689881402e-01 1.833743194362893736e-01
4.283869247936112387e-05 -7.144702781740842390e+00 5.074274378627996462e-01 6.604216455781278805e-01 2.343953380195471503e-01
4.273367557944351503e-05 -7.144657241165574213e+00 5.036033738978156205e-01 6.567497610581062295e-01 1.986733880823154386e-01
4.263658550348605695e-05 -7.144431806490435299e+00 5.192408563619530515e-01 6.374686994099341142e-01 1.883321866634031783e-01
4.253396220400925998e-05 -7.144341638337301958e+00 5.320370327454845283e-01 6.563198273752429701e-01 2.338590292197773313e-01
4.242856793438976449e-05 -7.144322598438366256e+00 4.876375421761581785e-01 6.522189323600656730e-01 1.830386856232057435e-01
4.232310507285065603e-05 -7.144311349686155665e+00 5.041015637882231282e-01 6.593623840294478011e-01 2.060545071364676961e-01
4.221804737723427141e-05 -7.144296713243441843e+00 4.989125515734696981e-01 6.368796961335250195e-01 1.853318425440281247e-01
4.211392237552008717e-05 -7.144266122055594970e+00 4.803404697969222426e-01 6.563083096522727145e-01 2.012776469646363198e-01
4.201397237682928269e-05 -7.144142267233413612e+00 5.120180400027909418e-01 6.584806710235698857e-01 2.099520419352376432e-01
4.191701054925488191e-05 -7.143952781594846257e+00 4.796730346569588188e-01 6.537223475973482634e-01 1.880220820466200204e-01
4.181371206517760166e-05 -7.143920180257110175e+00 4.846414248777645151e-01 6.586766603970121148e-01 2.097258229331199486e-01
4.171077792439869126e-05 -7.143884947007622443e+00 5.057796986576504894e-01 6.360886266682611589e-01 1.936169506131120155e-01
4.160785509952913815e-05 -7.143855531881279752e+00 4.891790644640773289e-01 6.441530905069114965e-01 2.004277506050967939e-01
4.151299074571093364e-05 -7.143638097561193945e+00 5.371539009084970173e-01 6.486780768254248875e-01 2.187703390248203483e-01
4.140947777334529664e-05 -7.143634719477590878e+00 5.100136269317527837e-01 6.370215277666736453e-01 1.822507870143744435e-01
4.130722202263448559e-05 -7.143607153775698215e+00 5.291143508320208522e-01 6.459467911164712417e-01 2.358502245971869360e-01
4.120577231282803886e-05 -7.143566154609279906e+00 5.348370656133170087e-01 6.386316078479772340e-01 2.130848721845906013e-01
4.111005873043165526e-05 -7.143391676305858695e+00 5.227748501720745899e-01 6.596509544195001684e-01 2.302297732858124557e-01
4.101399995502865998e-05 -7.143231035094219195e+00 5.400799891890935012e-01 6.464524217387127569e-01 2.219341713266249350e-01
4.091217113631717797e-05 -7.143216904256486366e+00 5.151772743749010175e-01 6.608250233106603977e-01 2.357073014147968160e-01
4.081383801120920312e-05 -7.143123314983895078e+00 4.834250354122535676e-01 6.463952133193926475e-01 1.776046974485113172e-01
4.071288824421011711e-05 -7.143099799033466368e+00 5.331816154828209475e-01 6.455762385406642601e-01 2.355211961170957102e-01
4.061924188699702335e-05 -7.142902613393436795e+00 5.289662252067360848e-01 6.394176485871834181e-01 1.985301550795727787e-01
4.052033381397472439e-05 -7.142840588232669319e+00 5.207799434114788184e-01 6.419540280575380953e-01 1.903615494056471458e-01
4.042303628887461767e-05 -7.142744678199241193e+00 5.241719737779716448e-01 6.359822380524964291e-01 2.052905204815596851e-01
4.032821030090631177e-05 -7.142593274302964090e+00 5.136327122047703586e-01 6.510085256477893267e-01 1.950070529812944486e-01
4.022823801117804253e-05 -7.142575318711493537e+00 5.157352398299086538e-01 6.612026539895938804e-01 2.331214422299171529e-01
4.013702039543177503e-05 -7.142345395526453089e+00 5.071339927149517424e-01 6.357033251100346893e-01 1.859857700080324028e-01
4.004145650560305222e-05 -7.142229175782079942e+00 5.236537324133105908e-01 6.541382985546074780e-01 2.421709427069389242e-01
3.995169001329628106e-05 -7.141973531302360456e+00 5.342565997662170885e-01 6.385559000902804039e-01 2.123043682625494477e-01
3.986059832557782529e-05 -7.141756180482508931e+00 5.218378072584912708e-01 6.443870397618589596e-01 1.934507775338650259e-01
3.976123546632661363e-05 -7.141752051428952974e+00 5.349382211886033467e-01 6.540712665466030806e-01 2.379653167404061354e-01
3.967458209080242527e-05 -7.141433772787424417e+00 5.095015263704166797e-01 6.449355564369319005e-01 2.238214653322402603e-01
3.958407886274758954e-05 -7.141217517334729870e+00 5.272211628999079469e-01 6.577046346124295617e-01 2.288352898503777655e-01
3.948900201977117167e-05 -7.141122302572245673e+00 5.330624873183708035e-01 6.479035328443009112e-01 2.110645612674408034e-01
3.939232626963863750e-05 -7.141073473226522417e+00 5.230216871971262727e-01 6.373464317511916555e-01 1.930213783969885744e-01
3.929998959314795004e-05 -7.140920251761533777e+00 5.061493760420744392e-01 6.603551376891141356e-01 2.329049002076619967e-01
3.920402171234024487e-05 -7.140865169594818873e+00 4.961741014132375893e-01 6.538736922446767297e-01 2.240591264740017241e-01
3.910794008127565206e-05 -7.140818988323779593e+00 5.122928634252812419e-01 6.545775488615823701e-01 2.008609126875695594e-01
3.901323593397500107e-05 -7.140743534356592370e+00 5.130981263532231607e-01 6.402338814804788836e-01 1.836235509051032944e-01
3.892236108218143900e-05 -7.140575585343761134e+00 5.202764466715021907e-01 6.564919861207825225e-01 2.412157388330469221e-01
3.882678036142585265e-05 -7.140534281790595017e+00 4.826658444534482895e-01 6.521841591059879262e-01 2.043050956713289013e-01
3.873336227329724065e-05 -7.140443202922760690e+00 5.197724227687526843e-01 6.583933174135848665e-01 2.399062243712449527e-01
3.864218060567903306e-05 -7.140300064184948781e+00 4.916700263437318030e-01 6.495673607290223250e-01 1.806120461194513638e-01
3.854986316486136368e-05 -7.140191955377923172e+00 5.138847427971831028e-01 6.377468931365901650e-01 1.847035429481742874e-01
3.845395041109771499e-05 -7.140183073646220180e+00 5.281672190098979369e-01 6.559912125647584524e-01 2.412515676149618316e-01
3.836789724022826863e-05 -7.139923405257416533e+00 5.237262795309891583e-01 6.383788949174722394e-01 2.159820869690816936e-01
3.827902771060455336e-05 -7.139742338978630087e+00 4.835070235981082654e-01 6.466086518119762427e-01 1.956341260688869710e-01
3.818811586745268446e-05 -7.139620141567618816e+00 4.888899297976412317e-01 6.568173750575578840e-01 2.168632556530601940e-01
3.809806833958131529e-05 -7.139480924732463762e+00 5.036949684027394181e-01 6.610714349448233440e-01 2.297763395405243436e-01
3.800380678868286007e-05 -7.139458172472936681e+00 4.817238509673145708e-01 6.455205240663762778e-01 1.851359621624788787e-01
3.791011823912247375e-05 -7.139426457365117606e+00 5.239829077861188900e-01 6.549935715329883168e-01 2.418794651482569225e-01
3.782075479410869866e-05 -7.139286485261593818e+00 5.248196159621328905e-01 6.463632253587916487e-01 1.989799642911702915e-01
3.772976498146844726e-05 -7.139195200831077948e+00 5.061911756410931718e-01 6.493693965640344734e-01 2.280386102878114996e-01
3.763719614496957556e-05 -7.139151685255143320e+00 5.242529884151625463e-01 6.512649822565881319e-01 2.402777534287833805e-01
3.756520110229261844e-05 -7.138566386576037814e+00 5.381899668066447706e-01 6.433535284401580290e-01 2.160225326254235911e-01
3.747734694438946439e-05 -7.138407836868640111e+00 4.815041611512304587e-01 6.528237825214189272e-01 1.861948157655305691e-01
3.739374332046823258e-05 -7.138141106302093419e+00 5.180862535045070993e-01 6.463100159917102294e-01 2.314495821661339825e-01
3.730790724502059877e-05 -7.137939211165237552e+00 5.071956235778761757e-01 6.579307867344400540e-01 2.345495335465453413e-01
3.722318280312318319e-05 -7.137712745024395566e+00 5.065934242634579920e-01 6.481203791588227014e-01 2.264198132580350076e-01
3.713806869068694366e-05 -7.137501952048115328e+00 5.038961696275994218e-01 6.373661379037584007e-01 1.963292984714271883e-01
3.704858194948856619e-05 -7.137414428789617737e+00 5.204463289941085868e-01 6.375452776358567775e-01 2.110426130860354743e-01
3.696991786868382060e-05 -7.137039954451831036e+00 4.814377296919673532e-01 6.554588522676143558e-01 1.929703579121706258e-01
3.688441581389542234e-05 -7.136855379660463683e+00 5.098828187063434436e-01 6.614937275021406382e-01 2.301874323734139360e-01
3.679369726678564912e-05 -7.136817945249117834e+00 5.264717816938458972e-01 6.426909212826140694e-01 2.280495643996920674e-01
3.670999084032462777e-05 -7.136595557837065229e+00 5.101821983486426459e-01 6.565688278272431289e-01 2.042237761334934065e-01
3.663073172767733097e-05 -7.136256953054564534e+00 4.842348659926680177e-01 6.577287399047199168e-01 2.071477280154292167e-01
3.654042718599107497e-05 -7.136225264035985560e+00 4.837720735423476914e-01 6.525448589573504821e-01 1.851366199209511787e-01
3.645140563377650061e-05 -7.136164484779293105e+00 5.246549132534319426e-01 6.579805781556384847e-01 2.381859388828736213e-01
3.636523347203333398e-05 -7.136031312005277627e+00 5.030005652238014324e-01 6.406437134391160804e-01 1.786787787604430799e-01
3.627655699149441359e-05 -7.135972786094002096e+00 5.288259997037662030e-01 6.384182699634071145e-01 2.009509063111389049e-01
3.618807105091513760e-05 -7.135914970286457937e+00 5.163326349875478893e-01 6.578816417800648075e-01 2.138976950198311910e-01
3.611067094399483243e-05 -7.135556090155326103e+00 5.299810465079326516e-01 6.414270259154724041e-01 2.253741540458091552e-01
3.602308186192736985e-05 -7.135484610000980332e+00 5.374388920758297328e-01 6.451818623513358997e-01 2.315211977788380893e-01
3.593897917358603147e-05 -7.135322028507969705e+00 4.819454424462718545e-01 6.468958061031305773e-01 1.907529556219970945e-01
3.585970182994032481e-05 -7.135030352526050557e+00 5.284945657887656356e-01 6.570344558829802617e-01 2.321705876632215726e-01
3.577060012866731270e-05 -7.135018175271255814e+00 4.919811943399456933e-01 6.598651617517004020e-01 2.182374567598005799e-01
3.568193827519975633e-05 -7.134999875738518682e+00 5.276733865489879882e-01 6.572427006671600624e-01 2.364469062804850363e-01
3.559677519463846365e-05 -7.134889456496638971e+00 4.939115137423032986e-01 6.467349075339263731e-01 1.788271303097921094e-01
3.551219238500017794e-05 -7.134768420849751713e+00 5.315639274594060604e-01 6.534931036815480043e-01 2.401699960959304270e-01
3.542792396148442837e-05 -7.134644184169347092e+00 4.807445014903161673e-01 6.480629264637307596e-01 1.843435391150975711e-01
3.534192657901339871e-05 -7.134574524890520131e+00 4.845580194013749398e-01 6.441417202698299649e-01 1.875657174773458780e-01
3.525417858590373341e-05 -7.134560442154466386e+00 4.885885097164538449e-01 6.535273269630186288e-01 2.138902830580880488e-01
3.516961236156598380e-05 -7.134462081255321664e+00 5.154217597319561417e-01 6.607914008045014942e-01 2.289445968795113806e-01
3.508824908827944204e-05 -7.134278215221834252e+00 5.093391215841406305e-01 6.422643690505550618e-01 2.170968532792383610e-01
3.500165006825084918e-05 -7.134249300646039238e+00 5.349838911667322838e-01 6.532863922150017322e-01 2.315823873784876863e-01
3.491865911996688512e-05 -7.134123174223564234e+00 4.877319300273538771e-01 6.477934800098159585e-01 2.046570780235818232e-01
3.483497932973233206e-05 -7.134022470725856380e+00 4.881467405189078290e-01 6.416606123954623486e-01 1.839753432819245527e-01
3.475255115930686936e-05 -7.133891521858951812e+00 5.120831580847629017e-01 6.597549645837440524e-01 2.163876914192655876e-01
3.467030270952258067e-05 -7.133761015006602868e+00 4.796719161521276753e-01 6.512763970097181776e-01 1.893425075008362268e-01
3.458723329500756568e-05 -7.133659871770579031e+00 4.933289172161390290e-01 6.591105753872188444e-01 2.018362992922711763e-01
3.450147460018287792e-05 -7.133642440673155782e+00 5.377611178303959294e-01 6.472213515601437095e-01 2.204462766063443879e-01
3.441690389378598174e-05 -7.133596669884411767e+00 4.820793721664839437e-01 6.535277473124573300e-01 2.024963332392805404e-01
3.433378408179231631e-05 -7.133514677760102174e+00 4.796997645783069308e-01 6.512078870460374924e-01 1.915990251934210076e-01
3.424945150770577243e-05 -7.133473955624896945e+00 4.838396481469203758e-01 6.465798789765698773e-01 1.799460803916241580e-01
3.416422130798955990e-05 -7.133465569955828478e+00 4.938146586985289188e-01 6.609723431047627162e-01 2.113135348898022570e-01
3.408212984530776765e-05 -7.133371310362083939e+00 5.078656307718677487e-01 6.362873332431376872e-01 1.922010409037147594e-01
3.399789984245335094e-05 -7.133345752462595613e+00 4.905383261530714689e-01 6.422263186308836413e-01 1.775907694527156522e-01
3.391868141411711745e-05 -7.133178569067803565e+00 5.104160406313729137e-01 6.565104439921146673e-01 2.047563196065913527e-01
3.383767190122376076e-05 -7.133069770705125379e+00 4.961894297464148895e-01 6.393856950058868227e-01 1.927772271252207181e-01
3.376142059920462526e-05 -7.132825757628577179e+00 4.838278960436722675e-01 6.549461821264472849e-01 2.066854943950695300e-01
3.367907056086050661e-05 -7.132767913011978322e+00 5.389665153814883203e-01 6.449526216358969499e-01 2.227266063938188323e-01
3.359574103416418595e-05 -7.132745201831865778e+00 5.250845783066553363e-01 6.427915929310182852e-01 1.966964443485490766e-01
3.351437700061543645e-05 -7.132669994867467445e+00 5.081891073884700072e-01 6.369806526540254810e-01 1.846199698626707908e-01
3.343223647314880962e-05 -7.132623907453129242e+00 5.155788452007318279e-01 6.360797021801034568e-01 1.985173413866811176e-01
3.335214744022750257e-05 -7.132522344531411207e+00 5.028227001892715542e-01 6.384117063935713654e-01 1.805839052477518358e-01
3.327143870771612439e-05 -7.132445173342002676e+00 5.165438671537477822e-01 6.603910980442180279e-01 2.281178667536487015e-01
3.318983512652531035e-05 -7.132400847676576561e+00 5.295541662027902774e-01 6.427414572900188583e-01 2.279137748526762763e-01
3.310866277414980727e-05 -7.132349542458680247e+00 4.932679778510392632e-01 6.604480707648712201e-01 2.081331753549606201e-01
3.303319465064801050e-05 -7.132131551437276507e+00 4.855507917323015898e-01 6.574012807576324890e-01 2.092003251366636729e-01
3.297311119624431462e-05 -7.131452088739816730e+00 4.954682191206103981e-01 6.402496160164079519e-01 1.950084784590015441e-01
3.289300177805835749e-05 -7.131384582599532784e+00 5.180649838073855262e-01 6.411409907049925305e-01 2.199367728535788491e-01
3.281122830875723642e-05 -7.131373722535098381e+00 4.928636230094557424e-01 6.566248342948786121e-01 1.949296996661880332e-01
3.273324939135966160e-05 -7.131253143561079533e+00 5.167057571750981460e-01 6.396569725472306400e-01 2.150024581424517800e-01
3.265488336595880086e-05 -7.131150094188553723e+00 5.016309279799994192e-01 6.498212565228148607e-01 1.861993931964330551e-01
3.258526986921788846e-05 -7.130784164073698861e+00 4.814755595383367059e-01 6.532719232582642199e-01 1.996915076923846399e-01
3.251195398961797536e-05 -7.130536669057875976e+00 5.236728280090271470e-01 6.372599491567636498e-01 1.975596631705807404e-01
3.243462176012068570e-05 -7.130418080707410233e+00 5.213644069217518995e-01 6.388524464250401325e-01 2.146155988449155450e-01
3.235445280855870368e-05 -7.130392849578916170e+00 5.161998119229173065e-01 6.362021641783177639e-01 1.935080529407814109e-01
3.228431955271472470e-05 -7.130062856242195046e+00 5.085767984944215003e-01 6.497625310409935739e-01 2.292524973088062856e-01
3.220380428694116835e-05 -7.130059914702453483e+00 5.057088553018942445e-01 6.459477492449674507e-01 2.211278331120311302e-01
3.212586080771464084e-05 -7.129983167404086331e+00 5.345625115210888012e-01 6.470914688154154604e-01 2.145048436613849474e-01
3.204767056889307658e-05 -7.129920006263865240e+00 5.213306785151242684e-01 6.557663871219860940e-01 2.396437998223840404e-01
3.197539041282395473e-05 -7.129677948501230489e+00 4.975210867238351597e-01 6.384414354443448403e-01 1.860422132814248397e-01
3.190051579134555045e-05 -7.129522327163583029e+00 5.304563108866140464e-01 6.555464706977226497e-01 2.317846060196454561e-01
3.182633111732221029e-05 -7.129350536109485326e+00 5.017453952317462162e-01 6.550075241274395665e-01 2.284889670769590375e-01
3.175004881250301616e-05 -7.129250243092172923e+00 4.957073363845698744e-01 6.486487206719153686e-01 2.157660259030079741e-01
3.167937863827483349e-05 -7.128978552768307608e+00 5.195997387190448569e-01 6.465410847629573521e-01 1.953297981360453961e-01
3.160037801666299107e-05 -7.128975422757420688e+00 5.009329575473848717e-01 6.394364444947766568e-01 1.799432395960860742e-01
3.152288852867716226e-05 -7.128930603902240648e+00 4.861269082666983543e-01 6.509984398836129449e-01 2.064213174990560951e-01
3.144477762621497948e-05 -7.128911589693786688e+00 5.228584731933852980e-01 6.454503376964709771e-01 2.309607092826617691e-01
3.136816788134459043e-05 -7.128850888861755664e+00 4.897367319061930457e-01 6.592170483919945756e-01 2.040336303749245017e-01
3.129093720174374942e-05 -7.128815996482040340e+00 5.242569156667719055e-01 6.577826271980510286e-01 2.358611561879433161e-01
3.121875901570485940e-05 -7.128625341191233034e+00 4.999120153294195346e-01 6.573463054795632976e-01 2.273732673884162891e-01
3.114603459724167339e-05 -7.128457568950332224e+00 4.956591865531916885e-01 6.391247801237107673e-01 1.841659873424008609e-01
3.106837783373082266e-05 -7.128453993839904967e+00 4.964054816783471380e-01 6.606442260325530169e-01 2.200759077617355230e-01
3.099644450787747277e-05 -7.128272001218273424e+00 4.994438407872179853e-01 6.588269432709948914e-01 2.264016457765165025e-01
3.092435620325977691e-05 -7.128100405772430648e+00 4.839578727154679738e-01 6.479688369053417940e-01 1.817496048774152051e-01
3.085871144652987084e-05 -7.127725414579197505e+00 4.874407244208164292e-01 6.588045669133569815e-01 2.071326758439069327e-01
3.078551965666674156e-05 -7.127600067420091001e+00 5.241077058684748824e-01 6.443621597522299904e-01 1.976827013640838904e-01
3.070948391616724936e-05 -7.127572976594177767e+00 4.847089764614836427e-01 6.483405397877981535e-01 1.990395448815818757e-01
3.063685762188457008e-05 -7.127440724250899251e+00 4.906756260315354168e-01 6.440855917915964124e-01 1.782812230405962373e-01
3.056402491959872716e-05 -7.127320844721204196e+00 5.241869775523400055e-01 6.574866062552300328e-01 2.262007430571831845e-01
3.048911893513721997e-05 -7.127274642095654755e+00 5.212783069448092554e-01 6.373788466719907397e-01 2.072822299775951560e-01
3.042424516782304674e-05 -7.126904676868731414e+00 5.252945902092449604e-01 6.568291122322883480e-01 2.252273949978016443e-01
3.035165792571210486e-05 -7.126793362941014287e+00 5.118517507942229594e-01 6.593470472570472918e-01 2.161781837773934511e-01
3.028250398014644670e-05 -7.126574386488679913e+00 5.004009820060026925e-01 6.380302841921660084e-01 1.855393289399897561e-01
3.020869224261335916e-05 -7.126514800260432381e+00 5.299174521246031722e-01 6.406160564026984749e-01 2.035953831860468077e-01
3.013618890261415665e-05 -7.126417767123936819e+00 4.863374360683819231e-01 6.442892271707599816e-01 1.813037624594644459e-01
3.006366782093094383e-05 -7.126327112285602894e+00 4.991501083923424731e-01 6.611359961098484117e-01 2.177595887260724838e-01
2.999410789134765158e-05 -7.126143547080680207e+00 5.228904989830802652e-01 6.371007938944144300e-01 2.000691228223424323e-01
2.991955314354736008e-05 -7.126132287878490956e+00 4.975595353255287678e-01 6.582665867156916040e-01 2.244216213246317537e-01
2.985738871335594255e-05 -7.125712168537159386e+00 5.005894705046499693e-01 6.387536305975971551e-01 1.946283029555386235e-01
2.978483433236874507e-05 -7.125645156882397302e+00 5.190842581247013809e-01 6.403604513964271661e-01 1.909148807399161651e-01
2.972322650634186047e-05 -7.125215728403953008e+00 5.101519868078695508e-01 6.571106720979470461e-01 2.343717713282774673e-01
2.965516929027769513e-05 -7.125008051898145567e+00 5.221768074907668922e-01 6.412907273637449279e-01 1.941838470074977452e-01
2.958701125241911144e-05 -7.124809049846116515e+00 5.056056067680386734e-01 6.498633979085947088e-01 2.263908234390145935e-01
2.951904348893859888e-05 -7.124608908760289516e+00 4.858719157515948850e-01 6.566206450819067619e-01 2.078793222996601908e-01
2.944602494002521284e-05 -7.124585581413541924e+00 5.089871703758314103e-01 6.437518633704579774e-01 2.187471597183073269e-01
2.937289864394463388e-05 -7.124572071451130029e+00 4.835575484654658918e-01 6.470097010041639951e-01 1.913365755199556428e-01
2.930076173662177132e-05 -7.124530992309373367e+00 5.251788611033336718e-01 6.413271929674919658e-01 2.221097134704844434e-01
2.923760455116749347e-05 -7.124188798000409939e+00 4.992888780052848197e-01 6.527514799788899369e-01 1.905172236206547909e-01
2.916515023137684440e-05 -7.124169994554633512e+00 4.857100215221715755e-01 6.540832582940433459e-01 1.901981864999863769e-01
2.909670422623895932e-05 -7.124019594898246766e+00 5.287541038327437937e-01 6.557082050140484730e-01 2.299102689795689547e-01
2.902539932342399520e-05 -7.123973220429093978e+00 5.143990677575690507e-01 6.584257213050561663e-01 2.160490445663357240e-01
2.895431001142297005e-05 -7.123925435124210281e+00 5.263393305694242796e-01 6.379897075207953128e-01 2.076648104221473501e-01
2.888459442915833797e-05 -7.123836117577518223e+00 5.348996105578165405e-01 6.431954887010935540e-01 2.250060570489174905e-01
2.881481421277645066e-05 -7.123754868550681962e+00 4.993696612604070495e-01 6.387171722638458338e-01 1.909335500693032928e-01
2.874457120926682480e-05 -7.123695583921942465e+00 4.906931414017269844e-01 6.554056853548936301e-01 2.159114981503246489e-01
2.867537972960711211e-05 -7.123605600371559099e+00 5.301674599747238092e-01 6.485525587340413844e-01 2.359349592845444155e-01
2.860759178232795714e-05 -7.123472376295834962e+00 5.041143412904093291e-01 6.390240203983960088e-01 2.002383860166788987e-01
2.853711197790814516e-05 -7.123439090987465860e+00 4.916443817683723294e-01 6.477931245100692070e-01 1.810512852910596271e-01
2.846983680339069429e-05 -7.123299336788612379e+00 5.013033981154572105e-01 6.565865711724415688e-01 2.276856825738312884e-01
2.839966320436018054e-05 -7.123267219735942568e+00 5.098465955108233416e-01 6.369156924895442717e-01 1.940704716001001306e-01
2.833043411455167057e-05 -7.123207868613539162e+00 5.061461383195857699e-01 6.540241574921930034e-01 1.971908988699995480e-01
2.827229603282622593e-05 -7.122762119425082972e+00 5.098861765906070875e-01 6.604392427167996571e-01 2.214362319822297254e-01
2.820507181137632899e-05 -7.122642692591410807e+00 5.274913789290663901e-01 6.467874312558998806e-01 2.333579501635165421e-01
2.814466436111922229e-05 -7.122286712333129266e+00 4.910523747416136731e-01 6.594488977974700683e-01 2.100368388689412835e-01
2.807602286616769636e-05 -7.122228572525315826e+00 5.352768637384933692e-01 6.442885219744458603e-01 2.268143261923623866e-01
2.801154036252538563e-05 -7.122027924764576134e+00 5.107661331313919639e-01 6.589887157975603538e-01 2.326865069729106561e-01
2.795197808274654954e-05 -7.121656536543223837e+00 5.173639019230796832e-01 6.494975871819129720e-01 1.983163275203603804e-01
2.788594076828854239e-05 -7.121521859127065923e+00 5.237308005306613445e-01 6.556707628203684024e-01 2.192674985640013785e-01
2.781840188808647654e-05 -7.121446765699026571e+00 5.206866173301971656e-01 6.580613772105311510e-01 2.345512246721450922e-01
2.774985133693714257e-05 -7.121414022880784955e+00 5.042706727728878402e-01 6.475991233964755178e-01 2.215383747770616751e-01
2.768269329032166680e-05 -7.121337078864423908e+00 5.108469762487289900e-01 6.604335695299490272e-01 2.250124779457603197e-01
2.761437477180809686e-05 -7.121308043625074191e+00 4.932266961814169015e-01 6.496696362201082042e-01 1.838079792166194271e-01
2.755602068765260868e-05 -7.120923457351246100e+00 5.216917028908611975e-01 6.400097130889609298e-01 2.164070713091910958e-01
2.748740298827458592e-05 -7.120916679260072435e+00 5.122682156383582264e-01 6.562322088784541263e-01 2.348528149975228907e-01
2.741944041080163818e-05 -7.120892239972514304e+00 5.321520122883686144e-01 6.534074954290494119e-01 2.328953764011227612e-01
2.735472325206140658e-05 -7.120755295271862906e+00 4.989850442845336631e-01 6.402732062434478566e-01 1.810446839330091262e-01
2.728686721263746818e-05 -7.120738973866449939e+00 5.101175749968971385e-01 6.384731552590090509e-01 2.035735155999221502e-01
2.721938031805062015e-05 -7.120715274552351204e+00 5.273184337276378697e-01 6.503314664376870224e-01 2.370247960830408618e-01
2.716119975735673296e-05 -7.120355030428873633e+00 5.141011544428167879e-01 6.390776856947036899e-01 2.090869092147009112e-01
2.709644409273765701e-05 -7.120242000845208530e+00 5.132577480879509935e-01 6.598052008543440206e-01 2.230191565474811954e-01
2.702930899567843468e-05 -7.120222710217630535e+00 4.882927234030746688e-01 6.581838375514827977e-01 2.047124958822091334e-01
2.696268751401391381e-05 -7.120190539517625261e+00 5.155954862940850258e-01 6.543965776184025307e-01 2.360459582660651146e-01
2.689848641225386455e-05 -7.120074488009121794e+00 5.286981011202784853e-01 6.458098932118836455e-01 2.058895751578458388e-01
2.683139048689057202e-05 -7.120072016911558777e+00 5.135261292845365588e-01 6.376059018278115165e-01 2.019160749408348277e-01
2.676624449872563524e-05 -7.120002945823389773e+00 5.145668729199863733e-01 6.380467374743598041e-01 1.898792383940752504e-01
2.670565009661273790e-05 -7.119769348706951995e+00 4.982848221212409223e-01 6.546982483308964040e-01 1.944376587842338855e-01
2.665049099698048383e-05 -7.119336931487556086e+00 5.261633848161598737e-01 6.497240728646179742e-01 2.361378070058857692e-01
2.658563334263071775e-05 -7.119273535851335488e+00 4.964254443549590556e-01 6.405952064572797422e-01 1.815758160566292023e-01
2.652233627556561189e-05 -7.119157249538446308e+00 5.210450888273454595e-01 6.392957812274594476e-01 1.945858016865061602e-01
2.645629643950713617e-05 -7.119150325213656316e+00 5.138420740499062278e-01 6.423224954078960991e-01 2.182318118426534170e-01
2.640126503083596175e-05 -7.118732578992456261e+00 5.326920099809872022e-01 6.453916919567208588e-01 2.298305662254886139e-01
2.633573579344177071e-05 -7.118717713531587776e+00 4.834957691264974988e-01 6.510722954334524637e-01 1.983079095240705692e-01
2.627008876629539466e-05 -7.118713523140979937e+00 4.904396724514628603e-01 6.426391399478408317e-01 1.824276790967254980e-01
2.620725490327753055e-05 -7.118608228690131767e+00 4.901791120449218719e-01 6.449254486456325042e-01 1.986768272796080870e-01
2.614600342258402411e-05 -7.118448159788963281e+00 5.088034413757770436e-01 6.374615448069187451e-01 1.900806098220677864e-01
2.608853327342107624e-05 -7.118148626223150366e+00 5.318347032643437888e-01 6.514822492020609923e-01 2.356332733233535981e-01
2.602435784573286021e-05 -7.118111566150338909e+00 5.183841005277598502e-01 6.373908532642953428e-01 2.015137891724050612e-01
2.596161944967299086e-05 -7.118025233442259569e+00 5.233161998383678570e-01 6.391654628922222026e-01 2.129343923371978531e-01
2.589706776736240332e-05 -7.118014757150410432e+00 5.343638224964709638e-01 6.425226285238636592e-01 2.188801666092159703e-01
2.584111505894711667e-05 -7.117677675412006799e+00 5.038223254720469724e-01 6.557434245063131772e-01 2.002155836802668454e-01
2.577909963853507831e-05 -7.117580433734939760e+00 5.090307587891584884e-01 6.457313929928251151e-01 1.874222021974711327e-01
2.571752361847281438e-05 -7.117471893427408602e+00 5.099813788416042160e-01 6.385484342589138329e-01 2.027994931695487058e-01
2.565494847543085388e-05 -7.117408029803131697e+00 5.265197867987476688e-01 6.455036242976257554e-01 2.301705126366276055e-01
2.559137083890250660e-05 -7.117389287774348539e+00 5.181957106140733238e-01 6.553232474158796617e-01 2.366186340796091747e-01
2.553019700745339535e-05 -7.117282557903779505e+00 4.849003660629926937e-01 6.489403258952816111e-01 1.976075738017451233e-01
2.546656325827871255e-05 -7.117278158874078997e+00 5.137247979805297238e-01 6.558489039356015793e-01 2.349200284837081043e-01
2.540740427530900226e-05 -7.117103867384869886e+00 5.215103597456729467e-01 6.530469366411735255e-01 2.370815144940924823e-01
2.534422213514048538e-05 -7.117093725435859497e+00 5.033946345944925183e-01 6.541111158616979004e-01 2.275679333506702429e-01
2.528537561575264588e-05 -7.116918316129885902e+00 4.938381925977708975e-01 6.421147108211454624e-01 1.953412803164758793e-01
2.522469057390513568e-05 -7.116821206310968151e+00 4.971698514970697147e-01 6.556804973321384011e-01 2.224273527315502319e-01
2.516286027310182298e-05 -7.116775397110004953e+00 5.208431277098342083e-01 6.427236180758546524e-01 2.226511505018189119e-01
2.510869974042150070e-05 -7.116430116542640683e+00 5.108861039203618226e-01 6.593400278990531049e-01 2.181842904086606083e-01
2.504860052792343795e-05 -7.116326547009929726e+00 5.336611016720176348e-01 6.474629305424524084e-01 2.171557481921319033e-01
2.498830620451158774e-05 -7.116236542212753591e+00 4.901184188635370753e-01 6.483397454277639582e-01 2.058921879434752744e-01
2.492654289517242581e-05 -7.116211290387900235e+00 5.281433596956558452e-01 6.533027024928073079e-01 2.366703508375475329e-01
2.486751071628532712e-05 -7.116082344851701436e+00 4.975763044217283992e-01 6.544399854123107430e-01 2.221994487793726991e-01
2.480617416597640957e-05 -7.116051925339951012e+00 5.313052939520868101e-01 6.475859034084194832e-01 2.329277758865390402e-01
2.474716717073135802e-05 -7.115933481115727766e+00 4.925257295056822970e-01 6.522551076375723289e-01 2.146671580459066087e-01
2.468893650385582602e-05 -7.115789277364942045e+00 5.251054270747967934e-01 6.413621158944758927e-01 2.202105579872790930e-01
2.462833261738228143e-05 -7.115746993214146165e+00 4.846707403800280534e-01 6.551481535694752001e-01 1.984357140255947893e-01
2.457995078662417532e-05 -7.115213403867046260e+00 4.844194550093290363e-01 6.474406294216411561e-01 1.885808582711401005e-01
2.452080662607509628e-05 -7.115122498645631843e+00 5.025291433087344384e-01 6.564634109419977825e-01 2.016186113378344302e-01
2.445967884849860099e-05 -7.115118505319314224e+00 5.286353722871797167e-01 6.408064404685162030e-01 2.178883598739185246e-01
2.440480745533544214e-05 -7.114864366081490310e+00 5.068152158470348168e-01 6.387833514500633747e-01 1.996886935334990787e-01
2.434578426511057158e-05 -7.114785802087967070e+00 5.257277329451232051e-01 6.497239598795896409e-01 2.352380059035990567e-01
2.431968791094845565e-05 -7.114608021008149485e+00 5.235022729535208086e-01 6.383043875553240376e-01 2.035939503117706884e-01
2.433545222158940574e-05 -7.113960019125936896e+00 4.913253345084803159e-01 6.464379852009297656e-01 2.033523983714429773e-01
2.433783259584872862e-05 -7.113862208827323563e+00 5.043471425172154632e-01 6.383442079812270409e-01 1.901913816762932918e-01
2.433937149466326702e-05 -7.113798980100703773e+00 4.889067932619725609e-01 6.444595884338688574e-01 1.926791973476940645e-01
2.433992830563719935e-05 -7.113776103396386219e+00 4.898315745160395362e-01 6.431752771597009088e-01 1.861712368703470066e-01
2.434333822804748520e-05 -7.113636017380855492e+00 4.879834968693237407e-01 6.522774476809136690e-01 2.076512769343185905e-01
2.434521509261970495e-05 -7.113558920632434557e+00 5.272311931044701971e-01 6.535631823155547693e-01 2.202532485809433338e-01
2.434553696742191393e-05 -7.113545699444074444e+00 5.025948535500561754e-01 6.591366143459188587e-01 2.251631251042471304e-01
2.435156270266583940e-05 -7.113298221244531483e+00 5.134613602322785075e-01 6.403830015335080228e-01 2.114796765482352681e-01
2.435504999871702277e-05 -7.113155025244492613e+00 5.272964444407874929e-01 6.425161496660294347e-01 2.229335341608737475e-01
2.436065638528350875e-05 -7.112924857727385586e+00 5.136664228495104734e-01 6.588914825009709597e-01 2.304291197272958225e-01
2.436473489548943925e-05 -7.112757449724771419e+00 5.128043601861352885e-01 6.462206483961261405e-01 2.245992620692418007e-01
2.436531725033803475e-05 -7.112733548463724631e+00 4.987027205887841763e-01 6.413587308779752361e-01 1.821205338057078071e-01
2.436595659946745625e-05 -7.112707308676458062e+00 5.279281280537662102e-01 6.404158456164820157e-01 2.052810806623199258e-01
2.436879677641373885e-05 -7.112590752143278294e+00 5.112881834515424773e-01 6.455022600482832607e-01 1.894647873081616862e-01
2.437721572277495066e-05 -7.112245331214945843e+00 5.160929581054981563e-01 6.574563508822621749e-01 2.336103637652384990e-01
2.437870838732463901e-05 -7.112184101135632375e+00 5.050926708497665008e-01 6.594725740720839280e-01 2.257265030760162716e-01
2.438090554068821086e-05 -7.112093979283219625e+00 5.068383013501424061e-01 6.390486987949406394e-01 2.000603016690658542e-01
2.438249523797403738e-05 -7.112028778855806976e+00 4.848037336875905545e-01 6.543397709409826124e-01 1.994950581298237102e-01
2.438378197322108655e-05 -7.111976007337419858e+00 4.911510914880096168e-01 6.427269913192826811e-01 1.884360900495415381e-01
2.438970568214666597e-05 -7.111733100412386932e+00 4.948513835891995560e-01 6.543591218404719578e-01 1.936742506755755322e-01
2.439395369927826007e-05 -7.111558943032797231e+00 4.946523460423520868e-01 6.533077265344078288e-01 1.915126712281822186e-01
2.439713055284871730e-05 -7.111428720324136421e+00 5.124089184199579483e-01 6.472474658378251089e-01 2.258463949213541655e-01
2.439825117479036724e-05 -7.111382788848564118e+00 4.945827673302388705e-01 6.415267807278528522e-01 1.841883393279541981e-01
2.440336967264371295e-05 -7.111173021312846565e+00 5.265819731277622262e-01 6.487757550548557406e-01 2.336512695245768212e-01
2.440611449266757085e-05 -7.111060550547230186e+00 5.046998998198297670e-01 6.429411532789555128e-01 2.108461709914106752e-01
2.440828577722783759e-05 -7.110971589726256425e+00 5.242082105478398368e-01 6.525733052373048348e-01 2.361010994664920204e-01
2.440939242317835016e-05 -7.110926251808044718e+00 5.085621724072286742e-01 6.387654701288706383e-01 2.000952518455358653e-01
2.441127545249859309e-05 -7.110849111145979506e+00 5.093678714649648720e-01 6.589071348240467252e-01 2.161948873980332197e-01
2.441176681639441634e-05 -7.110828982785559305e+00 5.158386319577900059e-01 6.403575065396456267e-01 1.910425963805543192e-01
2.441293280678789000e-05 -7.110781220468426866e+00 5.091328106108067297e-01 6.407417148350068592e-01 2.086358835128350742e-01
2.441683653501897420e-05 -7.110621329144258596e+00 5.010302662728695067e-01 6.544533789295231552e-01 1.967119259620336569e-01
2.441928569438222882e-05 -7.110521028004302302e+00 4.869739296854176391e-01 6.500861148265975054e-01 1.865395797482097828e-01
2.442162148455769041e-05 -7.110425379077520702e+00 5.073463893422077708e-01 6.523481204704323355e-01 2.283803505066128725e-01
2.442234658562022023e-05 -7.110395688571562900e+00 4.844015555435614573e-01 6.516762609586554955e-01 1.916621566824042444e-01
2.442781193454935721e-05 -7.110171928849281286e+00 5.249286122115655040e-01 6.425065927502867646e-01 2.005869157217586018e-01
2.442880533475793003e-05 -7.110131262906192795e+00 5.147816554038114889e-01 6.398000796124662104e-01 1.906567629318444146e-01
2.442980608201652742e-05 -7.110090297875477638e+00 5.327678938991782243e-01 6.433191045224803117e-01 2.149731341715511723e-01
2.442981539434149320e-05 -7.110089916688524525e+00 5.103067556769980140e-01 6.409086704914246369e-01 2.100180441695115030e-01
2.443251783313466814e-05 -7.109979302290181380e+00 5.074640190958361607e-01 6.386095395989556112e-01 1.972665507121294515e-01
2.443343991398291140e-05 -7.109941563099511086e+00 4.996736798698024895e-01 6.398517482256351752e-01 1.918102531327318117e-01
2.443347187418726477e-05 -7.109940255048596391e+00 5.280913242286762177e-01 6.424914005881454671e-01 2.219017329465336197e-01
2.444170831891340562e-05 -7.109603215071595983e+00 5.160522551393337265e-01 6.557410134576370231e-01 2.120644009093905769e-01
2.444574746877756463e-05 -7.109437972278396245e+00 5.101778557963785321e-01 6.493859377282199530e-01 1.937862976281121696e-01
2.445613173722943303e-05 -7.109013274136871452e+00 5.313715312010729441e-01 6.447536006967022892e-01 2.118209315628579725e-01
2.446034864751551717e-05 -7.108840861474986283e+00 5.159771957554291077e-01 6.380760844324602221e-01 1.996536453262686694e-01
2.446046378380992641e-05 -7.108836154427468301e+00 4.904614039685807891e-01 6.512974053047241307e-01 1.878416492374910263e-01
2.446048916196971192e-05 -7.108835116910482199e+00 5.210125333089565824e-01 6.572364072368006571e-01 2.277844988008862759e-01
2.446188571557381602e-05 -7.108778024277187413e+00 5.083474162330431367e-01 6.477607894788556253e-01 1.903872368576117191e-01
2.446229965086076905e-05 -7.108761102777772400e+00 5.198545098559193001e-01 6.458582771550367418e-01 1.976922494938919417e-01
2.446315747783611263e-05 -7.108726036085471378e+00 5.281544615589914837e-01 6.526722027283614613e-01 2.206728532339288229e-01
2.446406722810558120e-05 -7.108688848189569143e+00 5.284139863090696609e-01 6.488097842898605805e-01 2.120557354113850324e-01
2.447309022958384919e-05 -7.108320089477405013e+00 4.855790796262431930e-01 6.538887019814445534e-01 1.960554826105460058e-01
2.447537863611500030e-05 -7.108226586796490665e+00 5.054626753781864545e-01 6.394701270263500881e-01 1.990383071680234817e-01
2.447797355760223428e-05 -7.108120570706748076e+00 5.276463042954132598e-01 6.402430593595466179e-01 2.107427454836448555e-01
2.447930142209900191e-05 -7.108066324856763707e+00 4.904281628261355497e-01 6.564601370847911177e-01 2.112165890503935328e-01
2.448099869710239584e-05 -7.107996992152515681e+00 4.991017462447975839e-01 6.400794373485296784e-01 1.881561599481183233e-01
2.448427035316043976e-05 -7.107863360452891577e+00 5.210902439661432295e-01 6.417092195541626021e-01 1.965133912944252437e-01
2.448686214575228334e-05 -7.107757510640482224e+00 4.856588667968326223e-01 6.506057034650588600e-01 1.892201582026529494e-01
2.448796765697037491e-05 -7.107712364543081307e+00 4.955100971464641013e-01 6.587280023408946805e-01 2.152652440690294711e-01
2.448899395290138255e-05 -7.107670455208667804e+00 4.934567041873906823e-01 6.421026765113359014e-01 1.882193382331866505e-01
2.448914727191237977e-05 -7.107664194496965848e+00 5.027876754091896716e-01 6.392331825273896984e-01 1.896597091488937958e-01
2.449373833248712307e-05 -7.107476738795589277e+00 5.268112300773823975e-01 6.485813204660478837e-01 2.095975854522181825e-01
2.449394285247299022e-05 -7.107468388941873272e+00 5.303435887330592013e-01 6.437943960137014754e-01 2.099271884616379646e-01
2.449413966979017464e-05 -7.107460353627689464e+00 5.202013987813821627e-01 6.572018821360059437e-01 2.306991077918731647e-01
2.449534347242301086e-05 -7.107411208278284320e+00 5.339937993702440489e-01 6.476533875925762906e-01 2.250336582438966782e-01
2.450041135589991394e-05 -7.107204337968288321e+00 4.942159616698568181e-01 6.576576669566293054e-01 2.039354190750073681e-01
2.450846489799777018e-05 -7.106875681496807928e+00 4.887922783928544956e-01 6.564867431038390322e-01 2.060123510417012638e-01
2.450892067142745201e-05 -7.106857085097823656e+00 5.226735216663613848e-01 6.405019278811614480e-01 2.145208839758279418e-01
2.451284791582718318e-05 -7.106696860588535891e+00 5.126967771244184124e-01 6.538930926835712087e-01 2.321817958274279281e-01
2.451355497680059983e-05 -7.106668016499160245e+00 5.164684964645976928e-01 6.551410589715247479e-01 2.113990205001000655e-01
2.451632474780204480e-05 -7.106555033517354403e+00 5.064128540414477575e-01 6.410438821077434346e-01 1.856811950765452079e-01
2.452187330657563952e-05 -7.106328738138755874e+00 5.176602018541036632e-01 6.385277744625024177e-01 2.028335204461857166e-01
2.452279071397699464e-05 -7.106291327039309991e+00 5.263215367648063081e-01 6.427079643472882742e-01 2.216200636410042835e-01
2.452647127222588644e-05 -7.106141251050120289e+00 5.050264083047530939e-01 6.552027099630282070e-01 2.275271425251395585e-01
2.452975589373058895e-05 -7.106007338529758854e+00 5.022683388716946418e-01 6.458753051148918845e-01 1.853447978744845737e-01
2.453096122090823509e-05 -7.105958202387902212e+00 5.287597463504866147e-01 6.470124635115495071e-01 2.301759608787871669e-01
2.453506580762432861e-05 -7.105790893682706333e+00 5.078443629998621311e-01 6.423825794916842025e-01 2.113085941759180464e-01
2.453527685729442587e-05 -7.105782291759068059e+00 4.917005755479343931e-01 6.539919334843371512e-01 1.934888633036430383e-01
2.453820588039886115e-05 -7.105662918812845064e+00 4.894511114126554596e-01 6.561670187587672620e-01 2.004600986594258227e-01
2.453976073632619065e-05 -7.105599556125473448e+00 5.126734421687503263e-01 6.472164336695126474e-01 2.250802320037327553e-01
2.454010296173950544e-05 -7.105585610470878777e+00 5.147536775012822030e-01 6.584725710969624446e-01 2.265600460374491698e-01
2.454013393568376042e-05 -7.105584348295053587e+00 5.031685834312404904e-01 6.409541530230690176e-01 2.018337440186157017e-01
2.454214900819737895e-05 -7.105502238319969521e+00 5.141319246897435580e-01 6.416735991527160454e-01 2.141519687971814578e-01
2.454299842514130628e-05 -7.105467628382408307e+00 5.144192863627697898e-01 6.566585541516803959e-01 2.323427919449761181e-01
2.455977181745631067e-05 -7.104784432999148969e+00 5.249268965315281310e-01 6.525896064559832954e-01 2.158832868899830948e-01
2.456037990474404506e-05 -7.104759673821237520e+00 4.856703940828199784e-01 6.530573494683074021e-01 1.963200292762191379e-01
2.456156003277156855e-05 -7.104711624903412570e+00 5.041397364609218057e-01 6.408822061282694049e-01 2.024980214623149644e-01
2.456381778040005016e-05 -7.104619707131762496e+00 5.010119991552799412e-01 6.399368770591360445e-01 1.913225266382024836e-01
2.456444950319787147e-05 -7.104593989847891145e+00 5.249454381537979053e-01 6.399524823678335306e-01 2.099011364741569796e-01
2.456505041422973607e-05 -7.104569527517402783e+00 4.963395342611585104e-01 6.461795754025062566e-01 2.078980171997936166e-01
2.456933648898300014e-05 -7.104395064171699303e+00 5.107650042002929158e-01 6.531057919681266810e-01 2.014952534462850220e-01
2.457195111486483406e-05 -7.104288651580096037e+00 5.106630804810350366e-01 6.410888022180037948e-01 1.884671002556477792e-01
2.457939835179159563e-05 -7.103985618720789930e+00 5.232157706180595724e-01 6.557001643881139596e-01 2.249384238553084059e-01
2.458363787903408319e-05 -7.103813150639971319e+00 5.229343673167490270e-01 6.475808001997432894e-01 2.038984876731828044e-01
2.459019558970767193e-05 -7.103546435183809571e+00 5.017518169664824113e-01 6.542780230898131988e-01 1.978852416532513037e-01
2.459168154151763138e-05 -7.103486008380397010e+00 4.865259633355213387e-01 6.479382107229522125e-01 1.899592298381128641e-01
2.459199780974418809e-05 -7.103473147682266564e+00 5.181234067907357632e-01 6.448235851036341337e-01 2.235553238976098478e-01
2.459523411616817087e-05 -7.103341556360619258e+00 4.936254960463838382e-01 6.551848184420092647e-01 1.970450150894784702e-01
2.459815341463379750e-05 -7.103222869739687084e+00 5.209833165706789782e-01 6.455489726455239108e-01 2.261075911880688905e-01
2.460752404572480372e-05 -7.102841993723425951e+00 5.224461663719104365e-01 6.484561483150361738e-01 2.047686791753542956e-01
2.461041349265173607e-05 -7.102724579338559607e+00 5.070018746783206964e-01 6.413399895935263384e-01 2.067144552393078427e-01
2.461453699611714416e-05 -7.102557042208136551e+00 5.327624275925765263e-01 6.457455573337937960e-01 2.219702070042108288e-01
2.461585088463546974e-05 -7.102503665073597539e+00 5.014167368145714399e-01 6.463880592172006612e-01 1.859593818037088009e-01
2.461818003191017346e-05 -7.102409049734040636e+00 4.926067059705245277e-01 6.467742206664920390e-01 2.034517018418600109e-01
2.462071510323607810e-05 -7.102306079457346044e+00 5.093720406874544526e-01 6.494866672330684709e-01 2.255788016106393679e-01
2.462615065242994115e-05 -7.102085332446035792e+00 5.026019206284835228e-01 6.584807296945374144e-01 2.224608517956281617e-01
2.463484442558755427e-05 -7.101732364616858639e+00 5.022545819446598836e-01 6.576799698299332642e-01 2.080803309477129159e-01
2.463560034197239334e-05 -7.101701680242548775e+00 4.955542307218815945e-01 6.466383549351447657e-01 1.845218018489246381e-01
2.464099369571968722e-05 -7.101482779002548540e+00 5.019262173678634698e-01 6.487408106407238639e-01 2.181737503772570030e-01
2.464888573744591102e-05 -7.101162549296800464e+00 5.107089416684053029e-01 6.549501228210109494e-01 2.303386105968657227e-01
2.464907459176190940e-05 -7.101154887547117767e+00 4.955451963007149740e-01 6.446635078761676629e-01 2.023070842147018100e-01
2.465050233729430249e-05 -7.101096966338792171e+00 4.867651219970909326e-01 6.496143954316619951e-01 1.900303982897210142e-01
2.465382443185589584e-05 -7.100962207595114428e+00 4.944478605613368272e-01 6.427748833830541075e-01 1.926951182327694967e-01
2.465443085925123255e-05 -7.100937610196899286e+00 4.937137758641671481e-01 6.481472983815896871e-01 1.856968897053857259e-01
2.466005484848495021e-05 -7.100709523492664488e+00 5.265606422838861045e-01 6.521591485584772308e-01 2.186216122155673902e-01
2.466161358753797325e-05 -7.100646316423521398e+00 5.272838452444152946e-01 6.493981659489153069e-01 2.133121370624959656e-01
2.466768785452799835e-05 -7.100400042227734687e+00 5.042108926022893511e-01 6.398508036722770909e-01 1.952875169853204862e-01
2.467113157765443341e-05 -7.100260447354096449e+00 4.949776456121608992e-01 6.428511025762178033e-01 1.942478911408385411e-01
2.467274511787379769e-05 -7.100195047538435666e+00 5.316082849770225049e-01 6.464122889204938494e-01 2.175752668162245496e-01
2.467363994001030416e-05 -7.100158780560193783e+00 5.173722333369180637e-01 6.542577585877039636e-01 2.113414612165495643e-01
2.467745211377799964e-05 -7.100004288587813406e+00 5.218505066699770101e-01 6.540997910197196008e-01 2.168308192477292895e-01
2.468100300479882236e-05 -7.099860406814429759e+00 4.864341131197381651e-01 6.519176918293480005e-01 1.977993833275925872e-01
2.468257837908115532e-05 -7.099796579424330289e+00 5.180428937392259625e-01 6.544463419224443301e-01 2.329409660192110210e-01
2.468494096651183779e-05 -7.099700865178857789e+00 5.191672859775378068e-01 6.397868494766448810e-01 1.984747179745755818e-01
2.468611533409729083e-05 -7.099653292059151077e+00 5.179381197465166009e-01 6.392318060527517609e-01 2.035994408796690802e-01
2.468764362219170538e-05 -7.099591385162565160e+00 5.192606585394239360e-01 6.443165693572315833e-01 1.973295819824050223e-01
2.468819936183368023e-05 -7.099568874574050170e+00 4.898377592119151913e-01 6.547646091294109238e-01 1.977494521118990378e-01
2.469083319921861310e-05 -7.099462196202651398e+00 4.984490130549533160e-01 6.489128928912064609e-01 1.879135610519832855e-01
2.469797210642133106e-05 -7.099173106105885367e+00 4.982305903792222379e-01 6.564194540101131459e-01 2.197380026605085246e-01
2.470047871994056452e-05 -7.099071620594523679e+00 5.136596184837407542e-01 6.557464052961810008e-01 2.117701681220759413e-01
2.470333532724361029e-05 -7.098955977405374540e+00 5.284257061599807459e-01 6.524881602048031581e-01 2.283642672363371817e-01
2.470644949718965637e-05 -7.098829922618404176e+00 5.035806406756878628e-01 6.427692153691753063e-01 1.858501922556522190e-01
2.471251220418749746e-05 -7.098584563071397291e+00 5.150736159898957611e-01 6.550922504890036580e-01 2.317275868416599216e-01
2.471441057507763311e-05 -7.098507747814272406e+00 5.023360025654549643e-01 6.563256936605297298e-01 2.237026328908343076e-01
2.471591499627404369e-05 -7.098446877440490965e+00 4.877995687815904757e-01 6.476534267115420240e-01 1.911823279269661835e-01
2.471639545035625657e-05 -7.098427438572354475e+00 5.301643431340673507e-01 6.495714060355127772e-01 2.202930921035571588e-01
2.472030427730397264e-05 -7.098269303948587350e+00 4.909298513096952976e-01 6.489185546071043476e-01 1.872123303673429717e-01
2.472064224878950422e-05 -7.098255632224669043e+00 5.041311099006291485e-01 6.495925813919194436e-01 1.916925194600104243e-01
2.472702612695329817e-05 -7.097997424773886621e+00 5.267359932166554293e-01 6.419619501809634698e-01 2.076584100351828166e-01
2.472771587347031747e-05 -7.097969530724127729e+00 5.294592311778030247e-01 6.449743033135667547e-01 2.236484029956380404e-01
2.472817567194240398e-05 -7.097950936439091585e+00 5.017625275363755133e-01 6.442453375092767054e-01 2.085188046795296846e-01
2.472894590918636089e-05 -7.097919788761290150e+00 5.108953382091174777e-01 6.416008130566193124e-01 1.899371708465505404e-01
2.473023575718154033e-05 -7.097867630680542383e+00 5.145056224201456363e-01 6.576939778084284205e-01 2.264473196839459912e-01
2.473151244201808363e-05 -7.097816007562344431e+00 4.924622508941607357e-01 6.441668875788992832e-01 1.874022452108921599e-01
2.473336809180003341e-05 -7.097740978581669857e+00 4.939787363045636814e-01 6.573490219364263032e-01 2.080537705859466513e-01
2.473729340628724613e-05 -7.097582285959552983e+00 5.259313026623712028e-01 6.456282922780766098e-01 2.067260927078913013e-01
2.474101452673769827e-05 -7.097431871743186349e+00 5.149117722492323468e-01 6.417334619997754341e-01 2.129555447092863485e-01
2.475016107549639450e-05 -7.097062248320367139e+00 5.015112060759965296e-01 6.503635701423666760e-01 1.916112630057087152e-01
2.475274027703649831e-05 -7.096958044264765952e+00 5.225315404045388634e-01 6.419009401489482736e-01 2.162402172598066608e-01
2.476093136812403255e-05 -7.096627182468816741e+00 5.047617722098208803e-01 6.490125315451686916e-01 2.203721043945240099e-01
2.476200878507358455e-05 -7.096583670635864038e+00 5.110690294253792398e-01 6.395484645579777583e-01 1.937086012571818117e-01
2.476781219238082985e-05 -7.096349330708147107e+00 5.065443500354882556e-01 6.545234491334188665e-01 2.266440158785969494e-01
2.476878714280749861e-05 -7.096309967875823688e+00 5.132221650890590459e-01 6.456524219748616122e-01 2.211353782587763273e-01
2.477160566120991956e-05 -7.096196181196066988e+00 5.219839505407122271e-01 6.416871298160610193e-01 2.006992881533394002e-01
2.477393537299290226e-05 -7.096102137948740562e+00 4.897195722259958250e-01 6.548303850670141868e-01 2.001448405803789576e-01
2.477421319489572814e-05 -7.096090923729406086e+00 4.908767225699510739e-01 6.474112569658841965e-01 1.869033921431706990e-01
2.478729161962272171e-05 -7.095563158275975724e+00 5.141283572838997173e-01 6.444026496610784083e-01 1.934789721556867959e-01
2.478925139846357273e-05 -7.095484097545935676e+00 5.009886315433831339e-01 6.410923352679666065e-01 1.891765127491130682e-01
2.479127032538857293e-05 -7.095402657219938902e+00 5.007973130049037103e-01 6.573632782201418445e-01 2.204341814841954961e-01
2.479551811608586128e-05 -7.095231329701413792e+00 4.905559874254215580e-01 6.514510916272584495e-01 1.913802852116199826e-01
2.479749857220778022e-05 -7.095151461354809896e+00 5.180050971856914321e-01 6.483672014171194542e-01 2.279029549751077910e-01
2.480199880478806186e-05 -7.094969998524311094e+00 5.261977440702531039e-01 6.485366494922638614e-01 2.115363010038852631e-01
2.481657202278467360e-05 -7.094382588682692337e+00 4.993628353245926910e-01 6.556847335162983015e-01 2.199783463952912355e-01
2.482108583069237817e-05 -7.094200718380371917e+00 5.083913685529465321e-01 6.414023152269479056e-01 1.895680630172043302e-01
2.482606422319838329e-05 -7.094000167391350864e+00 5.295839512388654802e-01 6.500754053127643095e-01 2.267627567766762886e-01
2.482950010832450595e-05 -7.093861778665822904e+00 5.302721384646424951e-01 6.461563098995701804e-01 2.228854799859034674e-01
2.483040594630496709e-05 -7.093825297002748442e+00 5.272544752610581753e-01 6.431895933962157308e-01 2.095507128410679376e-01
2.483041148544062860e-05 -7.093825073924034719e+00 5.041949510791405853e-01 6.577511104252745655e-01 2.123753627710337488e-01
2.483227340820235736e-05 -7.093750091157129845e+00 4.969886315514150943e-01 6.573064417667352499e-01 2.080732703397284167e-01
2.483678328924018868e-05 -7.093568493947514320e+00 5.212117639819331405e-01 6.404350581300144452e-01 2.037142453493126226e-01
2.483717907895521652e-05 -7.093552558447457912e+00 5.106195002752541567e-01 6.555904211754063349e-01 2.285213328099428842e-01
2.484561665458303166e-05 -7.093212900600739168e+00 5.023099338288526949e-01 6.411364928861791324e-01 1.963535750258690316e-01
2.485188553018633523e-05 -7.092960619284335522e+00 5.280017793454778730e-01 6.437489846967946461e-01 2.188181130886523995e-01
2.485242035683439521e-05 -7.092939098949686993e+00 5.004330730672507110e-01 6.579934637136415354e-01 2.160520027660681741e-01
2.485439365336786742e-05 -7.092859701524051097e+00 5.285894920244816886e-01 6.436421498728847057e-01 2.168070403857078887e-01
2.485850687571341069e-05 -7.092694222450766972e+00 5.096436539678469435e-01 6.399657200479719199e-01 1.991318501300455013e-01
2.486803934026265533e-05 -7.092310827045634980e+00 5.147904673026648670e-01 6.489400802275616664e-01 1.994897870324626732e-01
2.486980757670087725e-05 -7.092239724794596079e+00 5.061367878940075116e-01 6.570631244342468591e-01 2.242957815291065637e-01
2.487428483712048277e-05 -7.092059713049905234e+00 4.950108338502257066e-01 6.557357635294821518e-01 2.137074321296903445e-01
2.487652264248974211e-05 -7.091969752485077549e+00 5.275094478388981933e-01 6.514289505763377619e-01 2.282846857886966230e-01
2.488452135887209762e-05 -7.091648267411292395e+00 5.236168288218047140e-01 6.419594728403104078e-01 2.141606546951624890e-01
2.488479335938421786e-05 -7.091637336960925353e+00 4.943466536557757363e-01 6.463440198977513651e-01 1.867553480465751203e-01
2.488778748961226401e-05 -7.091517024524614854e+00 4.926965317543560152e-01 6.557257564551357554e-01 2.087333623834499163e-01
2.489188640586799636e-05 -7.091352342197703607e+00 5.027905826764613728e-01 6.559659503842608652e-01 2.053097381878728200e-01
2.489709643790292666e-05 -7.091143057663002125e+00 4.945153760692728717e-01 6.539183945738921144e-01 2.130892451180929625e-01
2.490417214212936511e-05 -7.090858900071203230e+00 5.033237389171123510e-01 6.514114770585460734e-01 1.953034072958226841e-01
2.490442363285925491e-05 -7.090848801784912503e+00 5.087421983206229514e-01 6.411942270050569048e-01 1.910310310163239045e-01
2.490509305943156256e-05 -7.090821922320232673e+00 5.243161864686700646e-01 6.534273367268830235e-01 2.230878261815192609e-01
2.490534422644783853e-05 -7.090811837405105678e+00 5.249888293619326962e-01 6.521444040600360426e-01 2.300755828157757255e-01
2.490729843114914077e-05 -7.090733375207637579e+00 5.278784744066498114e-01 6.482443512687225962e-01 2.154000023459694546e-01
2.491044689599784541e-05 -7.090606975876140083e+00 4.910067430698278890e-01 6.470498645505525781e-01 1.892171266382699502e-01
2.491274539106826360e-05 -7.090514709806202909e+00 5.115029036849757516e-01 6.556686726813246713e-01 2.114307613217638326e-01
2.492789615693483368e-05 -7.089906741454971240e+00 5.288341093634153500e-01 6.462459489650282940e-01 2.229526355246410074e-01
2.492841365604255116e-05 -7.089885981831575812e+00 5.170398710982940793e-01 6.509177702198488680e-01 2.054259042603202856e-01
2.493788824620317827e-05 -7.089505982115806404e+00 5.240196576038594900e-01 6.529852539043461412e-01 2.293084290037486483e-01
2.493793073037676026e-05 -7.089504278517776648e+00 4.912196530571432684e-01 6.481319898578310479e-01 1.893994873847320293e-01
2.495078012996921688e-05 -7.088989155971813005e+00 5.223645636408602577e-01 6.484361257184753091e-01 2.279678672221730484e-01
2.495640352713036030e-05 -7.088763801753326987e+00 5.014767366988409636e-01 6.421219503269985918e-01 1.892681577648037128e-01
2.496552592560252927e-05 -7.088398335166849584e+00 4.890395956472164407e-01 6.512189281353856218e-01 1.977990600106477315e-01
2.496585686279136903e-05 -7.088385079487942164e+00 4.890770049414132070e-01 6.514383551911749892e-01 1.981217618685301718e-01
2.496754708863777256e-05 -7.088317380284071767e+00 4.994649233368919639e-01 6.487457344622493682e-01 2.132143791555906054e-01
2.497435778386614114e-05 -7.088044635570469154e+00 5.081601672168637451e-01 6.405935622131208040e-01 1.985974862337723246e-01
2.497574885892965042e-05 -7.087988936988129041e+00 4.922380585858002200e-01 6.464232076878888567e-01 1.895617143429566276e-01
2.498424607399773298e-05 -7.087648776219040769e+00 5.104981127872635360e-01 6.469160893329605200e-01 2.200185064031422444e-01
2.498708619468487327e-05 -7.087535106218209258e+00 5.093337356042274555e-01 6.498464428715388097e-01 2.234881697872276862e-01
2.499275002091456369e-05 -7.087308461767854340e+00 5.039341073541629967e-01 6.412044070783551319e-01 1.945762858203908541e-01
2.499487134861487223e-05 -7.087223587647283551e+00 4.974645095078487622e-01 6.534146929393118697e-01 2.157255318763391938e-01
2.500081004835672498e-05 -7.086986019137211379e+00 5.224661173992438679e-01 6.521242141882005461e-01 2.157952741205305114e-01
2.500543805543353602e-05 -7.086800921983734014e+00 5.045258207593522615e-01 6.514730436477169651e-01 2.213455556012306480e-01
2.501000676975142213e-05 -7.086618229843474559e+00 5.077962684644069524e-01 6.548384896618257844e-01 2.253743539397661810e-01
2.501677484019898680e-05 -7.086347651954151061e+00 5.055470608892369544e-01 6.558493497566356689e-01 2.233152321577751287e-01
2.501955544617081063e-05 -7.086236508472653739e+00 5.259787215082196710e-01 6.436458833978659921e-01 2.108197046006186626e-01
2.502434019001761802e-05 -7.086045286594317538e+00 5.063790682162268020e-01 6.568403959928191815e-01 2.223560971949151699e-01
2.502559810251354236e-05 -7.085995020298728519e+00 5.130488608503160908e-01 6.555484272122906741e-01 2.140823005289420877e-01
2.502768822767731450e-05 -7.085911504297353503e+00 5.251519350369417971e-01 6.465490109386521356e-01 2.097784373234219124e-01
2.504195344939209677e-05 -7.085341689071082527e+00 5.072776969077097409e-01 6.493836380703049693e-01 2.209612694506981334e-01
2.504464232923074831e-05 -7.085234319831890559e+00 5.008109702254062157e-01 6.422751298160718214e-01 1.947861249219488000e-01
2.504565459182546823e-05 -7.085193902319633530e+00 5.278996163093572225e-01 6.458103012007146981e-01 2.161088054700601446e-01
2.504923313440983514e-05 -7.085051031749289407e+00 5.190576126301738036e-01 6.503445296213991034e-01 2.283625188409041940e-01
2.505581107077914200e-05 -7.084788465913393729e+00 5.251779569716696905e-01 6.451660119706978946e-01 2.210009718464473749e-01
2.505737732013269608e-05 -7.084725957443893662e+00 4.917241466227816882e-01 6.472855575921252491e-01 1.920369350537836639e-01
2.506304885565570714e-05 -7.084499641110216572e+00 4.950983116125151073e-01 6.531409616942905894e-01 2.116804211154031112e-01
2.506318309102734200e-05 -7.084494285217045828e+00 5.266086704972445798e-01 6.452300825582814037e-01 2.124414868062823869e-01
2.506341874668659099e-05 -7.084484882797947414e+00 5.170308009396038518e-01 6.457984025032845743e-01 1.993183746755890773e-01
2.506495077159309076e-05 -7.084423758731009713e+00 5.037151779891416714e-01 6.432433812002353868e-01 1.895389688249826399e-01
2.507042184724022688e-05 -7.084205506611477077e+00 4.941476308180941523e-01 6.483375228739791662e-01 1.900218307161072595e-01
2.507549698854358717e-05 -7.084003091681666753e+00 4.945480340952823628e-01 6.515517845692202492e-01 2.096026489356498657e-01
2.507701233540938389e-05 -7.083942662128423606e+00 5.245512375423504459e-01 6.457010793160659068e-01 2.087305616558692567e-01
2.508262858911421608e-05 -7.083718726963626366e+00 5.259346151328285757e-01 6.511581661866781001e-01 2.233000899173858411e-01
2.508654075546997030e-05 -7.083562767978662578e+00 4.959919150525875509e-01 6.467876769946314663e-01 2.036210952082199988e-01
2.508704165043058391e-05 -7.083542801496835573e+00 5.194806075354830854e-01 6.545983613523541633e-01 2.218768894120526636e-01
2.508826469839619167e-05 -7.083494050505369621e+00 5.166671279612202738e-01 6.540339463210844695e-01 2.283434537732879910e-01
2.509014085227238302e-05 -7.083419271171250919e+00 5.120679091621492818e-01 6.559972800267392934e-01 2.158661059928192461e-01
2.509343019367595167e-05 -7.083288178810159152e+00 5.030120123966184131e-01 6.479984402116176767e-01 2.146930800381313953e-01
2.509566215184395118e-05 -7.083199236848262359e+00 5.068218320984104741e-01 6.465543066319956456e-01 2.155832600135372534e-01
2.509577518150468933e-05 -7.083194732906283875e+00 5.166220414921165460e-01 6.555935058548622019e-01 2.234309023494885915e-01
2.510746928004043747e-05 -7.082728862667312164e+00 5.237004883696504409e-01 6.498831676490063325e-01 2.275014756717040065e-01
2.511551623039107864e-05 -7.082408413759797128e+00 4.947569565619107657e-01 6.474564434393450529e-01 1.899481626563649383e-01
2.512181178861550810e-05 -7.082157781072684344e+00 5.175288415615805215e-01 6.427599934649599334e-01 2.129819235569994085e-01
2.512525685181544888e-05 -7.082020656129933478e+00 5.192924696572446264e-01 6.522757062848090204e-01 2.129550863537993111e-01
2.512739015305197091e-05 -7.081935753090395913e+00 4.934249585899568302e-01 6.464922829883227307e-01 1.960773418744789776e-01
2.512868365038783039e-05 -7.081884276831377001e+00 5.028951743193735835e-01 6.563057719386856670e-01 2.099152783476158357e-01
2.514068067919093268e-05 -7.081406967074595826e+00 4.931519687796958040e-01 6.466245319546791714e-01 1.937983043430520913e-01
2.514780793174444719e-05 -7.081123512439227774e+00 4.984378304704644158e-01 6.470416366211344528e-01 1.898626071733867660e-01
2.515378744048263918e-05 -7.080885766152169580e+00 5.239238388205492702e-01 6.435207072886077739e-01 2.099116715590842730e-01
2.515481919899399961e-05 -7.080844748975176017e+00 5.117025021836900667e-01 6.543718017821923416e-01 2.102035072497228652e-01
2.516601964358626317e-05 -7.080399587684747864e+00 5.217047251522020090e-01 6.527612241964436679e-01 2.194563077530347350e-01
2.516758548074920411e-05 -7.080337369325480523e+00 5.169549667920575464e-01 6.524182446757526010e-01 2.277509984623654893e-01
2.517551667276825476e-05 -7.080022283772729352e+00 5.256536846794745976e-01 6.503075781656194598e-01 2.218864850165237768e-01
2.517972808059236136e-05 -7.079855015880196056e+00 4.997320478355743445e-01 6.498387709132963375e-01 1.933606300791985977e-01
2.518132885034419442e-05 -7.079791444150373536e+00 5.018239697969616442e-01 6.480309984315281158e-01 1.919308768963647605e-01
2.518296956516038034e-05 -7.079726290266834532e+00 5.081168812085057329e-01 6.556989425897891133e-01 2.118065192205260683e-01
2.518310462652556528e-05 -7.079720927078721360e+00 5.084720813864647138e-01 6.507177338399660060e-01 1.994613336970508521e-01
2.518838663540484110e-05 -7.079511204921749901e+00 5.104038975487691365e-01 6.428958770111988796e-01 1.942143566508527375e-01
2.518953611973382808e-05 -7.079465570474504865e+00 5.003235619100505627e-01 6.562365421084824790e-01 2.136301110691044836e-01
2.519883392348245510e-05 -7.079096524845673422e+00 5.026849117516377641e-01 6.482609793373595997e-01 2.138932902498324740e-01
2.519955588585717876e-05 -7.079067874629766166e+00 5.157794531913110214e-01 6.552559604720087361e-01 2.218336995878983919e-01
2.519994273194414529e-05 -7.079052523441850653e+00 4.978945954578551381e-01 6.454034904769517800e-01 2.011971649035508569e-01
2.520087740402998769e-05 -7.079015433883253827e+00 4.970307620573394258e-01 6.470204798776271193e-01 2.043539661186948297e-01
2.520270688476434993e-05 -7.078942840603986042e+00 5.212799109727774827e-01 6.516815917172045225e-01 2.154415139000760426e-01
2.520326896074525920e-05 -7.078920538645872895e+00 5.090719028076650110e-01 6.465666801321648949e-01 1.945954078004026866e-01
2.521386307294940619e-05 -7.078500280216539764e+00 5.187507438212205502e-01 6.422836837213351524e-01 2.090581398646612354e-01
2.521711755045115332e-05 -7.078371213620327396e+00 5.173479622228003283e-01 6.444446834894896892e-01 2.166510257317243171e-01
2.521896991066564908e-05 -7.078297759857018256e+00 4.943687924979190962e-01 6.540389118324058115e-01 2.035763266608031086e-01
2.522066457783637508e-05 -7.078230564002465641e+00 4.953886424521262155e-01 6.462014420294445172e-01 1.982134575844135271e-01
2.522520102174254943e-05 -7.078050710059454076e+00 5.099408965822477269e-01 6.556950301575369400e-01 2.144313063282637377e-01
2.522553998804007136e-05 -7.078037272544334790e+00 4.970249577084397963e-01 6.501140655729248374e-01 2.097723491272699969e-01
2.524123153217446621e-05 -7.077415416056696884e+00 4.960801382300459861e-01 6.516964515271276293e-01 2.099588520713792927e-01
2.524404537736357006e-05 -7.077303944143922720e+00 5.109786310052649716e-01 6.461731572805680113e-01 1.959689688697988375e-01
2.524920367687806549e-05 -7.077099627740079946e+00 5.257557497710287908e-01 6.466117892967384595e-01 2.185092833400050782e-01
2.524994640011826532e-05 -7.077070212463222987e+00 4.941394677426121373e-01 6.498943981564515582e-01 1.941182631446386475e-01
2.525369834887246392e-05 -7.076921631156677606e+00 4.961750689149936333e-01 6.455399543855483424e-01 1.957498255698247591e-01
2.526323803261713773e-05 -7.076543948559852026e+00 5.002906283626535888e-01 6.499964960292384797e-01 1.945408091908443216e-01
2.526466506161744881e-05 -7.076487463769734809e+00 5.145244919259439609e-01 6.535313218941578572e-01 2.259187940381475190e-01
2.526624186138125942e-05 -7.076425054449958729e+00 5.091777177103999907e-01 6.448739551234616840e-01 1.941837277401259332e-01
2.527501054824518044e-05 -7.076078063169219945e+00 4.950999573383752517e-01 6.465614284693489422e-01 1.969528046395024878e-01
2.527613470413421303e-05 -7.076033587188168994e+00 4.977520560862963017e-01 6.551579195509249498e-01 2.090686207045461820e-01
2.527654716464033461e-05 -7.076017269141690491e+00 5.075092969752669214e-01 6.557814500523578838e-01 2.135519132299618650e-01
2.527867926464138866e-05 -7.075932921779291007e+00 5.249110806851271516e-01 6.468997160750987740e-01 2.201983898672167927e-01
2.527951364777413477e-05 -7.075899914937682667e+00 5.093650307252302056e-01 6.559532859459994425e-01 2.194688100156081401e-01
2.528166438387677544e-05 -7.075814840333501721e+00 5.019916436707112517e-01 6.457225379580859848e-01 2.070087623775906938e-01
2.528307995928296751e-05 -7.075758849724832267e+00 5.071150494757629135e-01 6.499223313392630264e-01 1.980347888907328380e-01
2.528309993077494005e-05 -7.075758059809830414e+00 5.114117074480299951e-01 6.556259357304454749e-01 2.211777222165308698e-01
2.528378900891468294e-05 -7.075730805685474856e+00 5.048549743377960253e-01 6.560394422541604431e-01 2.171528309751065700e-01
2.528994540115276043e-05 -7.075487343645729510e+00 5.081274253467346069e-01 6.424872665427611151e-01 2.026339714327470565e-01
2.529286037062720814e-05 -7.075372088296282058e+00 5.207708385712095378e-01 6.446622689287848651e-01 2.057235538094235594e-01
2.529377214445329534e-05 -7.075336040281976935e+00 5.194856106388748840e-01 6.523230393049911369e-01 2.158446447458125528e-01
2.529555844092945573e-05 -7.075265420787461679e+00 4.989423568866117042e-01 6.454723207409592822e-01 1.915938447300728764e-01
2.529739157362020013e-05 -7.075192954853334548e+00 4.956417581801029204e-01 6.541239352016797737e-01 2.062100740190548620e-01
2.529795100710393319e-05 -7.075170840822467611e+00 5.044372412526980654e-01 6.454116049745951544e-01 1.922526957241724177e-01
2.529815081366413278e-05 -7.075162942721510362e+00 5.075074503406352688e-01 6.478350106873100867e-01 2.167237389388638746e-01
2.530095610890793558e-05 -7.075052059529403081e+00 5.073169537909731908e-01 6.503805466274602542e-01 2.200600333513400564e-01
2.530425951067362498e-05 -7.074921503746570473e+00 5.044155921005015752e-01 6.550756925106320239e-01 2.190208916750803481e-01
2.530565711391976130e-05 -7.074866273335626232e+00 5.061567013877181775e-01 6.429487813237489968e-01 1.943035205760268724e-01
2.531012406197951067e-05 -7.074689769171603970e+00 5.094679882387738168e-01 6.536506621255068206e-01 2.077850076422158854e-01
2.531522229678374083e-05 -7.074488358803552757e+00 5.058342160235457241e-01 6.462629537182136286e-01 1.934509369217244090e-01
2.531848327939690264e-05 -7.074359552010504260e+00 5.161679160805922040e-01 6.537369977167009072e-01 2.159695895642294861e-01
2.531960967389538630e-05 -7.074315063980528784e+00 5.068454855082082933e-01 6.541174706565031638e-01 2.213867084792194295e-01
2.532193187879266147e-05 -7.074223352518841601e+00 4.977435370781644886e-01 6.474639572016333000e-01 2.048458088370289643e-01
2.532232605258835995e-05 -7.074207786142247656e+00 5.032359454485063610e-01 6.464531010013085943e-01 1.925103227718174548e-01
2.532367208534465407e-05 -7.074154631586855757e+00 5.196925146577214827e-01 6.482191523270018907e-01 2.075545964799877796e-01
2.532368092775757044e-05 -7.074154282411140748e+00 5.063740180276085079e-01 6.521862410274719135e-01 2.206325117731769980e-01
2.532710328206116678e-05 -7.074019147117099671e+00 5.138851204851774268e-01 6.465877111003348610e-01 1.994642395205813434e-01
2.532716810237848319e-05 -7.074016587794242028e+00 4.981886356900946944e-01 6.526822422801060730e-01 2.124019236233523900e-01
2.532739552898418181e-05 -7.074007608283237047e+00 4.964289884915877304e-01 6.511205859247887195e-01 1.964669566668091616e-01
2.533631492436839530e-05 -7.073655506339002308e+00 5.160009858043325126e-01 6.452520854734062894e-01 2.166781930556525293e-01
2.533637698458498694e-05 -7.073653056884896984e+00 5.007897657487283549e-01 6.439830382843649836e-01 1.953458205238293166e-01
2.533638961391433873e-05 -7.073652558418750402e+00 5.158017484170759337e-01 6.511269282595352204e-01 2.082240467339471213e-01
2.534048550197629665e-05 -7.073490911195571940e+00 5.034824278883959225e-01 6.441655752627842846e-01 1.928832652045904261e-01
2.535435124482079064e-05 -7.072943883368675522e+00 5.189287319346062022e-01 6.454492475152012743e-01 2.177601022509769446e-01
2.535466093767612178e-05 -7.072931668859183674e+00 5.040012888884817244e-01 6.525868799950973465e-01 2.017767662033556619e-01
2.535677880898090083e-05 -7.072848142486569678e+00 5.223528520899787253e-01 6.505668500399471865e-01 2.236134783959162764e-01
2.536035513309432314e-05 -7.072707112272857977e+00 4.965738222044047689e-01 6.529657387632730181e-01 2.011736012424116815e-01
2.536196636011348840e-05 -7.072643580992258094e+00 5.226868858728652700e-01 6.448098596719897824e-01 2.124872497221650391e-01
2.536984409094901680e-05 -7.072333017232409702e+00 5.104000377691516599e-01 6.543994539028421542e-01 2.224553790726497282e-01
2.537111791249311191e-05 -7.072282808426976430e+00 4.955665763580152650e-01 6.506280128161892051e-01 2.059901177366758596e-01
2.537808059013732295e-05 -7.072008412854501103e+00 5.093050801005313266e-01 6.450418588852017132e-01 2.115436233622056961e-01
2.538010993865117071e-05 -7.071928451433742602e+00 5.206252559390845969e-01 6.508552214983147621e-01 2.244000813768557145e-01
2.538791559927341715e-05 -7.071620948409895746e+00 4.970904235625065448e-01 6.512539117677671463e-01 2.090098218012542697e-01
2.539956501583765007e-05 -7.071162196897621932e+00 5.200553515002026561e-01 6.451189855799716044e-01 2.161389166570323872e-01
2.540249652082060167e-05 -7.071046787998943373e+00 5.104801474165991948e-01 6.497138026634649011e-01 2.206021204305554373e-01
2.540364743091871869e-05 -7.071001482057226895e+00 5.118265092875252664e-01 6.448906006754151488e-01 2.126943508543159833e-01
2.542420771035874540e-05 -7.070192465800126058e+00 5.102081862912350996e-01 6.433991397861866801e-01 2.061862399798740919e-01
2.542769728410560677e-05 -7.070055221236613896e+00 5.164613510120268369e-01 6.440365258738938170e-01 2.025206500729754555e-01
2.543124756309498414e-05 -7.069915608470138224e+00 5.143698420903632940e-01 6.428529653070977901e-01 2.043297465248044564e-01
2.543430412805553772e-05 -7.069795426348341572e+00 5.094089715189655809e-01 6.443260207027974307e-01 1.963572261519235529e-01
2.543443106920160221e-05 -7.069790435418429553e+00 5.199348230613236588e-01 6.503523511322376605e-01 2.235939039213956647e-01
2.543568205387786692e-05 -7.069741251935250048e+00 4.999259269272138262e-01 6.509726000510602795e-01 2.120643096961529750e-01
2.543880313451828761e-05 -7.069618554648674724e+00 5.087713482231221995e-01 6.504695488693694738e-01 2.014988802950558877e-01
2.543926221850057663e-05 -7.069600508208459644e+00 4.963784026790507564e-01 6.472645497560796102e-01 1.969709572970071432e-01
2.544297749402690860e-05 -7.069454473931904737e+00 5.193438830561483144e-01 6.440270401969415692e-01 2.081137461323003812e-01
2.544987394426599840e-05 -7.069183455504508551e+00 5.052039221122575086e-01 6.441336947954421355e-01 1.952108517294662282e-01
2.545134297578255457e-05 -7.069125734624503998e+00 5.141213081811386587e-01 6.499802506175642591e-01 2.054200112470142281e-01
2.545568235622859134e-05 -7.068955252046577264e+00 5.105070829342113203e-01 6.514262393995914335e-01 2.216102821174950332e-01
2.545714075722605541e-05 -7.068897961921665640e+00 5.077604589566643289e-01 6.489122019805264596e-01 2.170802501891657965e-01
2.545794878299674512e-05 -7.068866221792048599e+00 4.967374952945586841e-01 6.503975107081531037e-01 2.062629776620864830e-01
2.546546071608289633e-05 -7.068571193112135553e+00 5.210579414682914301e-01 6.451676355651919659e-01 2.134864276307517905e-01
2.547187424820905090e-05 -7.068319372628611319e+00 5.178962884416735690e-01 6.438436599889764134e-01 2.066406146369028363e-01
2.547505384117328939e-05 -7.068194552817581133e+00 5.017444759357133632e-01 6.510535073560425046e-01 2.137981000037322832e-01
2.549011544756766193e-05 -7.067603497905253995e+00 5.116596184244781576e-01 6.442690571743174832e-01 1.988092421399969278e-01
2.549876523129854640e-05 -7.067264216724781001e+00 5.071638579503212618e-01 6.452823380110703777e-01 2.086960721197462787e-01
2.552185477466415093e-05 -7.066359110321164927e+00 4.980881301295726482e-01 6.491545884495624197e-01 2.056098698520872348e-01
2.552226083650131414e-05 -7.066343200090093646e+00 5.214615414964983708e-01 6.467251103877766916e-01 2.161561927354190837e-01
2.552864260698437554e-05 -7.066093184122264503e+00 4.971251604139324543e-01 6.501669252199487881e-01 1.984303383290831335e-01
2.553896506994262231e-05 -7.065688917560025040e+00 5.141058040087193026e-01 6.456516307054600556e-01 2.140914051581134236e-01
2.554262724673030501e-05 -7.065545532178800769e+00 5.185371751530101214e-01 6.516978969964812851e-01 2.200908059386930682e-01
2.554973223482075647e-05 -7.065267408866100496e+00 5.188069651659272807e-01 6.453004135779963901e-01 2.132907399347591104e-01
2.555186084591320935e-05 -7.065184099874528556e+00 5.168949472927792943e-01 6.446228365102826263e-01 2.055543106394184527e-01
2.555239060832652882e-05 -7.065163367258424643e+00 5.206480262740248444e-01 6.487279785794809461e-01 2.195847544077345337e-01
2.557186279232406934e-05 -7.064401608068064498e+00 5.167251937375771931e-01 6.513190721193425903e-01 2.133522615459477745e-01
2.557869814404937486e-05 -7.064134344067793059e+00 4.992856353607116326e-01 6.492638983410351505e-01 2.067604057910165383e-01
2.558018587737712852e-05 -7.064076182778443069e+00 5.115876645684578339e-01 6.452192050604955709e-01 2.108555700662777255e-01
2.558159496346130816e-05 -7.064021099235164414e+00 5.094722484935652052e-01 6.540354475732332862e-01 2.148756777358247494e-01
2.558572705872452508e-05 -7.063859586179217054e+00 5.116277895059042624e-01 6.444993344403830982e-01 2.005264659620014378e-01
2.559085363872056312e-05 -7.063659237506312749e+00 5.136089331535396152e-01 6.482834848291914032e-01 2.039121998685946846e-01
2.559811674700903408e-05 -7.063375461205191996e+00 5.091464314172514660e-01 6.475958632661442671e-01 1.995115481720535489e-01
2.560387460172131236e-05 -7.063150553751988525e+00 5.101181696135518306e-01 6.524833457851200169e-01 2.090908442239620968e-01
2.561117489148523826e-05 -7.062865469977371191e+00 5.134106659596888722e-01 6.489091353740176205e-01 2.048378788118918048e-01
2.562379163711897450e-05 -7.062372964692656296e+00 5.088837280987399403e-01 6.472878370507979540e-01 2.132951775684946982e-01
2.563274281719239085e-05 -7.062023694877217039e+00 5.008531752796031578e-01 6.468862579942100677e-01 2.022801532549791392e-01
2.563817259157285665e-05 -7.061811887681757050e+00 5.017531357185094354e-01 6.466876429510318713e-01 2.032933013328054317e-01
2.564018077849355943e-05 -7.061733562743851778e+00 5.023117440750107798e-01 6.465038942567520319e-01 1.973045426825091875e-01
2.564512799152388978e-05 -7.061540633690120750e+00 5.129453518638612541e-01 6.457320968576123477e-01 2.119442956325750804e-01
2.565080826366333535e-05 -7.061319163040503000e+00 5.046669072405709500e-01 6.534690326825910445e-01 2.101110436277808802e-01
2.565901992492030485e-05 -7.060999081620741968e+00 5.015031435284873496e-01 6.488295257042335784e-01 2.078966243660963775e-01
2.566230659226892630e-05 -7.060870999687709926e+00 5.028735435759291716e-01 6.496638569983174127e-01 2.109350746450494585e-01
2.566354540560492073e-05 -7.060822727197802351e+00 5.138119446261337764e-01 6.525208438094162178e-01 2.178504380869198676e-01
2.566594877508471747e-05 -7.060729082422224856e+00 5.167031120547018741e-01 6.490323867950376080e-01 2.188852833632551342e-01
2.566608064452869793e-05 -7.060723944521170914e+00 5.101361275872997592e-01 6.533367424806402202e-01 2.156039317249247578e-01
2.566811677378539998e-05 -7.060644616145151709e+00 5.049404359460797354e-01 6.529532464393441593e-01 2.081634024497881486e-01
2.566817975686731853e-05 -7.060642162400483812e+00 5.188420022127637754e-01 6.478385265541577454e-01 2.121848044954188495e-01
2.566821504745259871e-05 -7.060640787524612882e+00 5.064315932261544972e-01 6.463139811977676175e-01 1.983069261731899569e-01
2.566861638945819424e-05 -7.060625151888584305e+00 5.138589176432923900e-01 6.454848883716491903e-01 2.110051337441439800e-01
2.566938385251221576e-05 -7.060595253448809672e+00 5.188416124039115784e-01 6.475958087460685908e-01 2.157422781345299245e-01
2.567870751517477396e-05 -7.060232098265567302e+00 5.155236918686975089e-01 6.485399499942565704e-01 2.179972778738283601e-01
2.567943667884190289e-05 -7.060203703015747401e+00 5.122015867699268865e-01 6.526734873514666857e-01 2.143035740604455897e-01
2.568129894113693425e-05 -7.060131186052225338e+00 5.099876815292551102e-01 6.454160707798366481e-01 2.083007690155931069e-01
2.568272525418151842e-05 -7.060075648618491684e+00 5.131974907016005893e-01 6.488754886190469806e-01 2.177058163432770976e-01
2.568596546187053406e-05 -7.059949493653349784e+00 5.128101184574572757e-01 6.526109670178555922e-01 2.158912891601465489e-01
2.569450564362094254e-05 -7.059617064555471444e+00 5.017201886587420168e-01 6.525281659421114933e-01 2.085033410731039760e-01
2.571043674154908373e-05 -7.058997237056445329e+00 5.004991100233689982e-01 6.511294511689946773e-01 2.075249607477195057e-01
2.572304441949418646e-05 -7.058506985262745559e+00 5.052666014570635911e-01 6.457495898129046452e-01 2.013388227765972871e-01
2.572342080212780365e-05 -7.058492353251315521e+00 5.133794909753863767e-01 6.509462706199203863e-01 2.185711462115889903e-01
2.572788883615412223e-05 -7.058318673161577905e+00 5.032433293123482754e-01 6.522016881776503405e-01 2.067363160784127241e-01
2.573047559628359717e-05 -7.058218135176733909e+00 5.140702821304443670e-01 6.502996073263856980e-01 2.100530727334268266e-01
2.573456541931824307e-05 -7.058059199209226975e+00 5.018753612295080435e-01 6.511563028738092118e-01 2.037631145048458547e-01
2.574694446298024631e-05 -7.057578286977674864e+00 5.036894454015913292e-01 6.476508045568076799e-01 2.066053614008808159e-01
2.575075352374725000e-05 -7.057430355675002431e+00 5.012206467506593599e-01 6.500985713351455919e-01 2.070421929672311701e-01
2.575646051011413760e-05 -7.057208756176862607e+00 5.040811277416612501e-01 6.480842307346335041e-01 2.079705018626483715e-01
2.576579834090317279e-05 -7.056846278634166580e+00 5.118898667071358766e-01 6.456497360670742092e-01 2.074917784244182106e-01
2.576995119131537604e-05 -7.056685114764078115e+00 5.151045090899091239e-01 6.472923890303666772e-01 2.079046241703335074e-01
2.580852549117915989e-05 -7.055189362677679377e+00 5.055819505259866453e-01 6.513776954018870580e-01 2.069694792630340230e-01
2.581166955488517571e-05 -7.055067547418859775e+00 5.122199977730242937e-01 6.482332566380277772e-01 2.060764194032890517e-01
2.582761432441732353e-05 -7.054450003222229704e+00 5.147378118117444945e-01 6.474191574622706336e-01 2.109191378430826935e-01
2.583782554970631749e-05 -7.054054720594352901e+00 5.051768389668795933e-01 6.481607425716422455e-01 2.073929043296678376e-01
2.584904734274919998e-05 -7.053620498417957130e+00 5.112823129707317893e-01 6.466513509432640916e-01 2.071402215902924393e-01
2.585081684840603543e-05 -7.053552045408060245e+00 5.126883069224970058e-01 6.495351378324925040e-01 2.145871968142976371e-01
2.585489939032045893e-05 -7.053394130878685608e+00 5.063802018671874627e-01 6.513308098374377408e-01 2.097292420316071715e-01
2.589702991816901598e-05 -7.051765958259088585e+00 5.107143602321470022e-01 6.477579989393522641e-01 2.091400103296923996e-01
